0.274379    -0.241794   0.00    0.00    0.00    0.98    0.00
0.578659    -0.966927   0.00    0.00    0.00    0.98    0.00
0.669044    -0.379352   0.00    0.00    0.00    0.98    0.00
0.884250    -0.283661   0.00    0.00    0.00    0.98    0.00
0.636028    0.316434    0.00    0.98    0.00    0.00    0.00
0.384374    0.628547    0.00    0.98    0.00    0.00    0.00
0.064643    0.489443    0.00    0.00    0.00    0.00    0.98
0.208021    0.547406    0.00    0.98    0.00    0.00    0.00
-0.201256   -0.297713   0.00    0.00    0.98    0.00    0.00
0.825639    -0.710593   0.00    0.00    0.00    0.98    0.00
0.395965    -0.625105   0.00    0.00    0.00    0.98    0.00
0.499496    -0.140336   0.00    0.00    0.00    0.98    0.00
0.566713    -0.853829   0.00    0.00    0.00    0.98    0.00
-0.513176   -0.401353   0.00    0.00    0.98    0.00    0.00
-0.311437   -0.323225   0.00    0.00    0.98    0.00    0.00
0.315820    0.657758    0.00    0.98    0.00    0.00    0.00
0.984547    0.681020    0.00    0.98    0.00    0.00    0.00
-0.011718   -0.272290   0.00    0.00    0.00    0.00    0.98
-0.979635   -0.427397   0.00    0.00    0.98    0.00    0.00
0.596928    0.863828    0.00    0.98    0.00    0.00    0.00
0.488858    0.312209    0.00    0.98    0.00    0.00    0.00
0.236339    -0.400425   0.00    0.00    0.00    0.98    0.00
0.225299    0.779213    0.00    0.98    0.00    0.00    0.00
-0.258425   0.919505    0.98    0.00    0.00    0.00    0.00
0.001013    -0.268252   0.00    0.00    0.00    0.00    0.98
-0.702123   0.590199    0.98    0.00    0.00    0.00    0.00
-0.051944   0.406033    0.00    0.00    0.00    0.00    0.98
0.017830    0.183434    0.00    0.00    0.00    0.00    0.98
-0.362407   -0.208127   0.00    0.00    0.98    0.00    0.00
-0.857594   -0.851006   0.00    0.00    0.98    0.00    0.00
-0.762219   0.089853    0.00    0.00    0.00    0.00    0.98
0.194588    0.613423    0.00    0.98    0.00    0.00    0.00
0.230432    0.659036    0.00    0.98    0.00    0.00    0.00
0.970018    0.666420    0.00    0.98    0.00    0.00    0.00
-0.621261   -0.856590   0.00    0.00    0.98    0.00    0.00
0.420801    -0.059841   0.00    0.00    0.00    0.00    0.98
-0.417481   -0.129943   0.00    0.00    0.98    0.00    0.00
-0.444545   0.079417    0.00    0.00    0.00    0.00    0.98
-0.344631   0.879879    0.98    0.00    0.00    0.00    0.00
0.043100    -0.424386   0.00    0.00    0.00    0.00    0.98
-0.324856   0.657545    0.98    0.00    0.00    0.00    0.00
-0.194087   -0.105144   0.00    0.00    0.98    0.00    0.00
-0.517587   -0.306184   0.00    0.00    0.98    0.00    0.00
-0.330232   0.188410    0.98    0.00    0.00    0.00    0.00
-0.300623   -0.064422   0.00    0.00    0.00    0.00    0.98
-0.569710   -0.640936   0.00    0.00    0.98    0.00    0.00
-0.630142   -0.668481   0.00    0.00    0.98    0.00    0.00
0.250386    0.839834    0.00    0.98    0.00    0.00    0.00
-0.074617   -0.390352   0.00    0.00    0.00    0.00    0.98
0.125865    0.125135    0.00    0.98    0.00    0.00    0.00
0.087652    -0.855862   0.00    0.00    0.00    0.00    0.98
-0.721055   0.648895    0.98    0.00    0.00    0.00    0.00
0.781109    0.921061    0.00    0.98    0.00    0.00    0.00
0.241316    -0.073018   0.00    0.00    0.00    0.00    0.98
-0.483300   0.110314    0.98    0.00    0.00    0.00    0.00
-0.050493   -0.855137   0.00    0.00    0.00    0.00    0.98
0.117667    0.012330    0.00    0.00    0.00    0.00    0.98
0.070781    0.376358    0.00    0.00    0.00    0.00    0.98
-0.156840   -0.053630   0.00    0.00    0.00    0.00    0.98
-0.123864   0.284931    0.98    0.00    0.00    0.00    0.00
0.837720    0.301285    0.00    0.98    0.00    0.00    0.00
0.075690    0.180132    0.00    0.00    0.00    0.00    0.98
-0.363862   -0.426116   0.00    0.00    0.98    0.00    0.00
-0.035412   0.188764    0.00    0.00    0.00    0.00    0.98
-0.934956   0.084382    0.00    0.00    0.00    0.00    0.98
0.838968    -0.379499   0.00    0.00    0.00    0.98    0.00
0.293180    -0.562604   0.00    0.00    0.00    0.98    0.00
-0.071306   -0.554706   0.00    0.00    0.00    0.00    0.98
-0.908766   -0.842817   0.00    0.00    0.98    0.00    0.00
0.396714    -0.037638   0.00    0.00    0.00    0.00    0.98
0.142568    0.842955    0.00    0.98    0.00    0.00    0.00
-0.675146   0.373036    0.98    0.00    0.00    0.00    0.00
-0.893131   0.584076    0.98    0.00    0.00    0.00    0.00
-0.784059   0.358190    0.98    0.00    0.00    0.00    0.00
0.631643    0.488020    0.00    0.98    0.00    0.00    0.00
-0.811094   0.539286    0.98    0.00    0.00    0.00    0.00
-0.495322   0.597866    0.98    0.00    0.00    0.00    0.00
0.598072    0.330037    0.00    0.98    0.00    0.00    0.00
0.278596    -0.989217   0.00    0.00    0.00    0.98    0.00
0.004825    -0.760712   0.00    0.00    0.00    0.00    0.98
0.508435    0.949268    0.00    0.98    0.00    0.00    0.00
-0.911364   -0.953748   0.00    0.00    0.98    0.00    0.00
-0.242433   -0.335927   0.00    0.00    0.98    0.00    0.00
0.065361    -0.025709   0.00    0.00    0.00    0.00    0.98
-0.340702   -0.638561   0.00    0.00    0.98    0.00    0.00
0.649991    -0.249894   0.00    0.00    0.00    0.98    0.00
-0.291922   0.664230    0.98    0.00    0.00    0.00    0.00
0.638422    0.163457    0.00    0.98    0.00    0.00    0.00
0.557269    0.021651    0.00    0.00    0.00    0.00    0.98
-0.984738   -0.435972   0.00    0.00    0.98    0.00    0.00
-0.183271   -0.877163   0.00    0.00    0.98    0.00    0.00
0.366297    -0.404451   0.00    0.00    0.00    0.98    0.00
-0.247455   -0.274844   0.00    0.00    0.98    0.00    0.00
-0.725745   -0.380205   0.00    0.00    0.98    0.00    0.00
0.805991    0.891612    0.00    0.98    0.00    0.00    0.00
0.601724    0.731317    0.00    0.98    0.00    0.00    0.00
-0.042352   -0.128119   0.00    0.00    0.00    0.00    0.98
0.200560    -0.343772   0.00    0.00    0.00    0.98    0.00
0.291547    -0.312776   0.00    0.00    0.00    0.98    0.00
-0.770914   0.950270    0.98    0.00    0.00    0.00    0.00
0.460102    -0.164926   0.00    0.00    0.00    0.98    0.00
0.930280    -0.030146   0.00    0.00    0.00    0.00    0.98
0.874958    0.824502    0.00    0.98    0.00    0.00    0.00
0.531574    0.383294    0.00    0.98    0.00    0.00    0.00
-0.865738   0.723233    0.98    0.00    0.00    0.00    0.00
0.701248    0.777015    0.00    0.98    0.00    0.00    0.00
-0.959825   0.480010    0.98    0.00    0.00    0.00    0.00
0.418534    0.372682    0.00    0.98    0.00    0.00    0.00
-0.954786   0.624128    0.98    0.00    0.00    0.00    0.00
-0.475521   0.126881    0.98    0.00    0.00    0.00    0.00
0.001160    0.759979    0.00    0.00    0.00    0.00    0.98
0.996575    0.177063    0.00    0.98    0.00    0.00    0.00
-0.702584   0.555270    0.98    0.00    0.00    0.00    0.00
-0.741597   0.767172    0.98    0.00    0.00    0.00    0.00
-0.035198   0.998099    0.00    0.00    0.00    0.00    0.98
-0.289802   -0.665045   0.00    0.00    0.98    0.00    0.00
0.488507    -0.418981   0.00    0.00    0.00    0.98    0.00
0.794488    -0.549177   0.00    0.00    0.00    0.98    0.00
0.730590    0.789453    0.00    0.98    0.00    0.00    0.00
-0.316456   -0.324740   0.00    0.00    0.98    0.00    0.00
0.912499    -0.250702   0.00    0.00    0.00    0.98    0.00
0.517579    -0.525890   0.00    0.00    0.00    0.98    0.00
0.072812    -0.762917   0.00    0.00    0.00    0.00    0.98
0.662009    -0.310473   0.00    0.00    0.00    0.98    0.00
0.685313    0.483879    0.00    0.98    0.00    0.00    0.00
-0.833980   0.915329    0.98    0.00    0.00    0.00    0.00
0.201508    -0.729464   0.00    0.00    0.00    0.98    0.00
-0.100668   0.418405    0.98    0.00    0.00    0.00    0.00
0.993217    0.863583    0.00    0.98    0.00    0.00    0.00
0.018097    0.198093    0.00    0.00    0.00    0.00    0.98
0.263634    0.994268    0.00    0.98    0.00    0.00    0.00
0.649693    -0.127065   0.00    0.00    0.00    0.98    0.00
0.787883    -0.258572   0.00    0.00    0.00    0.98    0.00
-0.979870   -0.291554   0.00    0.00    0.98    0.00    0.00
0.375844    0.725907    0.00    0.98    0.00    0.00    0.00
0.199704    -0.285617   0.00    0.00    0.00    0.98    0.00
0.645464    -0.562281   0.00    0.00    0.00    0.98    0.00
-0.440907   -0.431448   0.00    0.00    0.98    0.00    0.00
-0.454952   0.601339    0.98    0.00    0.00    0.00    0.00
0.529702    0.220907    0.00    0.98    0.00    0.00    0.00
-0.812252   -0.856058   0.00    0.00    0.98    0.00    0.00
0.997395    0.242096    0.00    0.98    0.00    0.00    0.00
0.415998    0.855572    0.00    0.98    0.00    0.00    0.00
0.260981    0.751612    0.00    0.98    0.00    0.00    0.00
-0.627629   0.233131    0.98    0.00    0.00    0.00    0.00
0.173593    0.575817    0.00    0.98    0.00    0.00    0.00
0.025841    -0.448281   0.00    0.00    0.00    0.00    0.98
0.893729    -0.233659   0.00    0.00    0.00    0.98    0.00
-0.794285   0.308977    0.98    0.00    0.00    0.00    0.00
-0.390042   -0.296036   0.00    0.00    0.98    0.00    0.00
0.294319    -0.516737   0.00    0.00    0.00    0.98    0.00
0.404561    0.478004    0.00    0.98    0.00    0.00    0.00
-0.097178   -0.794978   0.00    0.00    0.00    0.00    0.98
-0.520777   -0.847110   0.00    0.00    0.98    0.00    0.00
0.867280    0.866756    0.00    0.98    0.00    0.00    0.00
-0.382221   0.434010    0.98    0.00    0.00    0.00    0.00
-0.902266   0.242948    0.98    0.00    0.00    0.00    0.00
0.577142    -0.311058   0.00    0.00    0.00    0.98    0.00
0.051367    -0.775293   0.00    0.00    0.00    0.00    0.98
0.129759    0.828484    0.00    0.98    0.00    0.00    0.00
-0.239596   0.187670    0.98    0.00    0.00    0.00    0.00
0.873511    0.164654    0.00    0.98    0.00    0.00    0.00
-0.881113   -0.714429   0.00    0.00    0.98    0.00    0.00
-0.115174   0.999265    0.98    0.00    0.00    0.00    0.00
-0.072352   -0.515954   0.00    0.00    0.00    0.00    0.98
0.688843    -0.542925   0.00    0.00    0.00    0.98    0.00
-0.361716   0.491630    0.98    0.00    0.00    0.00    0.00
0.778550    0.772608    0.00    0.98    0.00    0.00    0.00
-0.373257   0.569015    0.98    0.00    0.00    0.00    0.00
0.586209    0.131400    0.00    0.98    0.00    0.00    0.00
-0.258709   0.370261    0.98    0.00    0.00    0.00    0.00
0.077625    -0.545719   0.00    0.00    0.00    0.00    0.98
-0.676557   -0.293007   0.00    0.00    0.98    0.00    0.00
0.824734    -0.556829   0.00    0.00    0.00    0.98    0.00
0.274794    0.823474    0.00    0.98    0.00    0.00    0.00
0.115322    -0.425725   0.00    0.00    0.00    0.98    0.00
0.226050    0.984436    0.00    0.98    0.00    0.00    0.00
0.346007    -0.110200   0.00    0.00    0.00    0.98    0.00
0.638121    -0.759735   0.00    0.00    0.00    0.98    0.00
-0.074805   0.973426    0.00    0.00    0.00    0.00    0.98
0.431359    -0.930330   0.00    0.00    0.00    0.98    0.00
-0.729893   0.023708    0.00    0.00    0.00    0.00    0.98
0.803201    -0.375647   0.00    0.00    0.00    0.98    0.00
-0.514338   0.389295    0.98    0.00    0.00    0.00    0.00
-0.476926   0.642198    0.98    0.00    0.00    0.00    0.00
-0.422369   0.927045    0.98    0.00    0.00    0.00    0.00
-0.408568   -0.625862   0.00    0.00    0.98    0.00    0.00
0.009378    0.449016    0.00    0.00    0.00    0.00    0.98
0.391691    -0.898664   0.00    0.00    0.00    0.98    0.00
0.815009    0.819318    0.00    0.98    0.00    0.00    0.00
0.344625    -0.664871   0.00    0.00    0.00    0.98    0.00
0.803757    -0.327765   0.00    0.00    0.00    0.98    0.00
0.965091    0.855196    0.00    0.98    0.00    0.00    0.00
0.170214    -0.357225   0.00    0.00    0.00    0.98    0.00
0.223841    0.461228    0.00    0.98    0.00    0.00    0.00
-0.186936   -0.722584   0.00    0.00    0.98    0.00    0.00
0.525250    -0.918820   0.00    0.00    0.00    0.98    0.00
0.748516    0.801499    0.00    0.98    0.00    0.00    0.00
0.516972    0.557529    0.00    0.98    0.00    0.00    0.00
-0.222006   -0.010624   0.00    0.00    0.00    0.00    0.98
-0.503237   -0.763581   0.00    0.00    0.98    0.00    0.00
-0.151684   0.274466    0.98    0.00    0.00    0.00    0.00
0.488463    0.088834    0.00    0.00    0.00    0.00    0.98
0.117756    0.498757    0.00    0.98    0.00    0.00    0.00
-0.794875   0.342149    0.98    0.00    0.00    0.00    0.00
0.305333    -0.062669   0.00    0.00    0.00    0.00    0.98
-0.195879   0.844726    0.98    0.00    0.00    0.00    0.00
-0.847167   0.995688    0.98    0.00    0.00    0.00    0.00
-0.173206   0.671885    0.98    0.00    0.00    0.00    0.00
0.452647    0.919465    0.00    0.98    0.00    0.00    0.00
0.290835    0.258023    0.00    0.98    0.00    0.00    0.00
0.504754    -0.820470   0.00    0.00    0.00    0.98    0.00
-0.919289   0.130915    0.98    0.00    0.00    0.00    0.00
0.094488    0.989450    0.00    0.00    0.00    0.00    0.98
0.574754    0.271608    0.00    0.98    0.00    0.00    0.00
-0.223140   -0.723849   0.00    0.00    0.98    0.00    0.00
-0.463043   -0.740635   0.00    0.00    0.98    0.00    0.00
0.764051    0.166982    0.00    0.98    0.00    0.00    0.00
-0.134467   0.029386    0.00    0.00    0.00    0.00    0.98
-0.484406   -0.526483   0.00    0.00    0.98    0.00    0.00
0.637158    0.722072    0.00    0.98    0.00    0.00    0.00
-0.675579   -0.836501   0.00    0.00    0.98    0.00    0.00
0.934554    0.631173    0.00    0.98    0.00    0.00    0.00
-0.017072   0.352735    0.00    0.00    0.00    0.00    0.98
0.451726    0.588052    0.00    0.98    0.00    0.00    0.00
-0.772332   0.015731    0.00    0.00    0.00    0.00    0.98
-0.450601   -0.796276   0.00    0.00    0.98    0.00    0.00
0.945571    -0.428178   0.00    0.00    0.00    0.98    0.00
0.842000    0.070116    0.00    0.00    0.00    0.00    0.98
-0.862080   0.006871    0.00    0.00    0.00    0.00    0.98
-0.076437   -0.996348   0.00    0.00    0.00    0.00    0.98
0.462577    0.410475    0.00    0.98    0.00    0.00    0.00
-0.296526   -0.354002   0.00    0.00    0.98    0.00    0.00
0.423105    0.060354    0.00    0.00    0.00    0.00    0.98
-0.083615   0.313586    0.00    0.00    0.00    0.00    0.98
0.786970    0.715093    0.00    0.98    0.00    0.00    0.00
-0.177517   -0.377019   0.00    0.00    0.98    0.00    0.00
0.218515    -0.219124   0.00    0.00    0.00    0.98    0.00
-0.806588   0.851323    0.98    0.00    0.00    0.00    0.00
-0.404362   0.366173    0.98    0.00    0.00    0.00    0.00
0.841019    -0.121723   0.00    0.00    0.00    0.98    0.00
-0.764124   0.539075    0.98    0.00    0.00    0.00    0.00
-0.774407   -0.362735   0.00    0.00    0.98    0.00    0.00
0.680748    0.674889    0.00    0.98    0.00    0.00    0.00
-0.945390   0.786826    0.98    0.00    0.00    0.00    0.00
0.358161    0.628239    0.00    0.98    0.00    0.00    0.00
-0.811672   -0.889535   0.00    0.00    0.98    0.00    0.00
0.874958    -0.454822   0.00    0.00    0.00    0.98    0.00
-0.944858   -0.512616   0.00    0.00    0.98    0.00    0.00
0.631766    0.738619    0.00    0.98    0.00    0.00    0.00
0.744670    -0.275555   0.00    0.00    0.00    0.98    0.00
0.704916    0.024726    0.00    0.00    0.00    0.00    0.98
0.604109    -0.891456   0.00    0.00    0.00    0.98    0.00
-0.623332   -0.085989   0.00    0.00    0.00    0.00    0.98
0.232273    -0.376087   0.00    0.00    0.00    0.98    0.00
0.515374    -0.599071   0.00    0.00    0.00    0.98    0.00
-0.819205   -0.735328   0.00    0.00    0.98    0.00    0.00
-0.679444   0.737667    0.98    0.00    0.00    0.00    0.00
-0.820658   -0.863174   0.00    0.00    0.98    0.00    0.00
-0.654543   0.714489    0.98    0.00    0.00    0.00    0.00
0.401973    0.251213    0.00    0.98    0.00    0.00    0.00
-0.709685   0.062324    0.00    0.00    0.00    0.00    0.98
0.187134    0.708684    0.00    0.98    0.00    0.00    0.00
0.681610    -0.981181   0.00    0.00    0.00    0.98    0.00
-0.038939   -0.709012   0.00    0.00    0.00    0.00    0.98
-0.517470   0.367634    0.98    0.00    0.00    0.00    0.00
-0.206348   -0.799032   0.00    0.00    0.98    0.00    0.00
0.923105    0.342667    0.00    0.98    0.00    0.00    0.00
-0.583901   0.436035    0.98    0.00    0.00    0.00    0.00
0.430805    -0.414144   0.00    0.00    0.00    0.98    0.00
-0.991094   -0.764371   0.00    0.00    0.98    0.00    0.00
0.523599    0.367611    0.00    0.98    0.00    0.00    0.00
-0.791468   -0.233388   0.00    0.00    0.98    0.00    0.00
0.980714    -0.660937   0.00    0.00    0.00    0.98    0.00
0.158873    -0.037187   0.00    0.00    0.00    0.00    0.98
0.434844    -0.899333   0.00    0.00    0.00    0.98    0.00
-0.230660   0.883976    0.98    0.00    0.00    0.00    0.00
0.278523    0.175435    0.00    0.98    0.00    0.00    0.00
0.427878    -0.990441   0.00    0.00    0.00    0.98    0.00
0.103689    0.285363    0.00    0.98    0.00    0.00    0.00
0.387222    0.562574    0.00    0.98    0.00    0.00    0.00
-0.020562   0.329072    0.00    0.00    0.00    0.00    0.98
-0.405388   0.848586    0.98    0.00    0.00    0.00    0.00
0.651572    0.009241    0.00    0.00    0.00    0.00    0.98
-0.724960   -0.916446   0.00    0.00    0.98    0.00    0.00
-0.034247   0.324584    0.00    0.00    0.00    0.00    0.98
0.461502    0.085534    0.00    0.00    0.00    0.00    0.98
0.800928    -0.892944   0.00    0.00    0.00    0.98    0.00
-0.137061   0.890809    0.98    0.00    0.00    0.00    0.00
-0.634190   -0.287096   0.00    0.00    0.98    0.00    0.00
-0.320773   -0.931944   0.00    0.00    0.98    0.00    0.00
0.596693    -0.034183   0.00    0.00    0.00    0.00    0.98
0.787370    0.516800    0.00    0.98    0.00    0.00    0.00
-0.127963   -0.463358   0.00    0.00    0.98    0.00    0.00
0.622708    -0.507674   0.00    0.00    0.00    0.98    0.00
0.850811    -0.744010   0.00    0.00    0.00    0.98    0.00
0.985946    -0.328743   0.00    0.00    0.00    0.98    0.00
-0.011374   0.691382    0.00    0.00    0.00    0.00    0.98
-0.888321   0.783606    0.98    0.00    0.00    0.00    0.00
-0.599999   0.497994    0.98    0.00    0.00    0.00    0.00
-0.367504   -0.674402   0.00    0.00    0.98    0.00    0.00
-0.693705   0.267461    0.98    0.00    0.00    0.00    0.00
-0.065989   0.521657    0.00    0.00    0.00    0.00    0.98
-0.542478   -0.371388   0.00    0.00    0.98    0.00    0.00
-0.743285   -0.715177   0.00    0.00    0.98    0.00    0.00
-0.456501   0.901682    0.98    0.00    0.00    0.00    0.00
0.869789    0.416978    0.00    0.98    0.00    0.00    0.00
-0.872364   0.932362    0.98    0.00    0.00    0.00    0.00
0.110738    0.405253    0.00    0.98    0.00    0.00    0.00
0.894239    -0.763476   0.00    0.00    0.00    0.98    0.00
-0.574745   -0.505347   0.00    0.00    0.98    0.00    0.00
-0.397695   0.002455    0.00    0.00    0.00    0.00    0.98
0.018857    -0.336201   0.00    0.00    0.00    0.00    0.98
0.184338    0.323947    0.00    0.98    0.00    0.00    0.00
-0.423587   -0.063750   0.00    0.00    0.00    0.00    0.98
0.258076    0.636701    0.00    0.98    0.00    0.00    0.00
0.534684    0.356481    0.00    0.98    0.00    0.00    0.00
-0.977425   -0.530791   0.00    0.00    0.98    0.00    0.00
-0.383166   -0.467220   0.00    0.00    0.98    0.00    0.00
-0.482469   -0.125588   0.00    0.00    0.98    0.00    0.00
-0.155588   -0.140001   0.00    0.00    0.98    0.00    0.00
0.842178    -0.552665   0.00    0.00    0.00    0.98    0.00
-0.603018   0.962137    0.98    0.00    0.00    0.00    0.00
-0.020992   0.465096    0.00    0.00    0.00    0.00    0.98
0.985897    -0.198085   0.00    0.00    0.00    0.98    0.00
-0.907895   -0.345244   0.00    0.00    0.98    0.00    0.00
-0.787246   0.196641    0.98    0.00    0.00    0.00    0.00
-0.585291   -0.586948   0.00    0.00    0.98    0.00    0.00
0.352234    0.289089    0.00    0.98    0.00    0.00    0.00
-0.270438   0.066691    0.00    0.00    0.00    0.00    0.98
-0.805420   0.783530    0.98    0.00    0.00    0.00    0.00
-0.247018   0.417453    0.98    0.00    0.00    0.00    0.00
-0.620253   -0.666550   0.00    0.00    0.98    0.00    0.00
-0.046147   -0.340709   0.00    0.00    0.00    0.00    0.98
-0.333863   -0.272062   0.00    0.00    0.98    0.00    0.00
-0.627811   -0.970792   0.00    0.00    0.98    0.00    0.00
-0.185775   0.567569    0.98    0.00    0.00    0.00    0.00
-0.264474   0.985376    0.98    0.00    0.00    0.00    0.00
-0.290218   -0.194764   0.00    0.00    0.98    0.00    0.00
-0.968545   -0.879582   0.00    0.00    0.98    0.00    0.00
0.695352    0.539825    0.00    0.98    0.00    0.00    0.00
-0.030533   -0.746439   0.00    0.00    0.00    0.00    0.98
-0.906510   -0.001011   0.00    0.00    0.00    0.00    0.98
0.330752    0.343783    0.00    0.98    0.00    0.00    0.00
0.261477    0.643090    0.00    0.98    0.00    0.00    0.00
0.360145    0.964490    0.00    0.98    0.00    0.00    0.00
-0.982701   -0.144139   0.00    0.00    0.98    0.00    0.00
0.692360    -0.400536   0.00    0.00    0.00    0.98    0.00
-0.606003   -0.247351   0.00    0.00    0.98    0.00    0.00
-0.359481   0.317450    0.98    0.00    0.00    0.00    0.00
-0.875827   -0.111858   0.00    0.00    0.98    0.00    0.00
0.115353    -0.302532   0.00    0.00    0.00    0.98    0.00
0.518850    -0.729530   0.00    0.00    0.00    0.98    0.00
0.631786    0.255034    0.00    0.98    0.00    0.00    0.00
0.442967    0.324920    0.00    0.98    0.00    0.00    0.00
0.910378    -0.278826   0.00    0.00    0.00    0.98    0.00
0.513101    -0.195552   0.00    0.00    0.00    0.98    0.00
-0.184175   -0.171164   0.00    0.00    0.98    0.00    0.00
0.673994    -0.646021   0.00    0.00    0.00    0.98    0.00
-0.856491   -0.816413   0.00    0.00    0.98    0.00    0.00
0.062162    -0.690400   0.00    0.00    0.00    0.00    0.98
0.373864    -0.448238   0.00    0.00    0.00    0.98    0.00
-0.594999   -0.011032   0.00    0.00    0.00    0.00    0.98
0.454396    0.105501    0.00    0.98    0.00    0.00    0.00
0.052518    -0.467659   0.00    0.00    0.00    0.00    0.98
0.678435    -0.323842   0.00    0.00    0.00    0.98    0.00
0.156008    0.095322    0.00    0.00    0.00    0.00    0.98
0.402902    0.197213    0.00    0.98    0.00    0.00    0.00
0.857956    0.823266    0.00    0.98    0.00    0.00    0.00
0.441083    0.097894    0.00    0.00    0.00    0.00    0.98
-0.210078   0.318353    0.98    0.00    0.00    0.00    0.00
-0.230300   0.309923    0.98    0.00    0.00    0.00    0.00
-0.948489   -0.286273   0.00    0.00    0.98    0.00    0.00
-0.630884   0.337211    0.98    0.00    0.00    0.00    0.00
0.855181    0.088304    0.00    0.00    0.00    0.00    0.98
-0.510702   0.039713    0.00    0.00    0.00    0.00    0.98
0.621910    0.244739    0.00    0.98    0.00    0.00    0.00
-0.894674   -0.218644   0.00    0.00    0.98    0.00    0.00
0.971363    0.881842    0.00    0.98    0.00    0.00    0.00
-0.033389   0.603695    0.00    0.00    0.00    0.00    0.98
0.576136    -0.448446   0.00    0.00    0.00    0.98    0.00
-0.866520   0.950714    0.98    0.00    0.00    0.00    0.00
0.154760    0.901336    0.00    0.98    0.00    0.00    0.00
0.043535    -0.836816   0.00    0.00    0.00    0.00    0.98
-0.437984   0.731138    0.98    0.00    0.00    0.00    0.00
-0.998658   0.364035    0.98    0.00    0.00    0.00    0.00
-0.338234   0.218768    0.98    0.00    0.00    0.00    0.00
-0.636706   -0.231605   0.00    0.00    0.98    0.00    0.00
-0.888709   0.106309    0.98    0.00    0.00    0.00    0.00
0.037526    -0.142788   0.00    0.00    0.00    0.00    0.98
0.588404    0.854191    0.00    0.98    0.00    0.00    0.00
-0.909678   -0.174818   0.00    0.00    0.98    0.00    0.00
0.783689    0.723106    0.00    0.98    0.00    0.00    0.00
-0.545119   0.227168    0.98    0.00    0.00    0.00    0.00
0.741666    0.227384    0.00    0.98    0.00    0.00    0.00
0.775345    -0.358901   0.00    0.00    0.00    0.98    0.00
-0.753770   -0.381334   0.00    0.00    0.98    0.00    0.00
0.344986    0.439662    0.00    0.98    0.00    0.00    0.00
0.442978    0.513728    0.00    0.98    0.00    0.00    0.00
-0.249190   -0.730260   0.00    0.00    0.98    0.00    0.00
0.469354    -0.801217   0.00    0.00    0.00    0.98    0.00
0.671233    0.023022    0.00    0.00    0.00    0.00    0.98
0.873780    -0.436173   0.00    0.00    0.00    0.98    0.00
0.630783    -0.943172   0.00    0.00    0.00    0.98    0.00
-0.165249   -0.198145   0.00    0.00    0.98    0.00    0.00
-0.753071   -0.023420   0.00    0.00    0.00    0.00    0.98
0.553409    -0.252107   0.00    0.00    0.00    0.98    0.00
0.085126    -0.279899   0.00    0.00    0.00    0.00    0.98
-0.608967   0.018339    0.00    0.00    0.00    0.00    0.98
0.280424    0.637531    0.00    0.98    0.00    0.00    0.00
0.925986    -0.662012   0.00    0.00    0.00    0.98    0.00
0.710380    -0.288138   0.00    0.00    0.00    0.98    0.00
0.417598    -0.326890   0.00    0.00    0.00    0.98    0.00
-0.321313   -0.933622   0.00    0.00    0.98    0.00    0.00
-0.511835   0.121269    0.98    0.00    0.00    0.00    0.00
0.935647    -0.170100   0.00    0.00    0.00    0.98    0.00
0.745776    -0.956698   0.00    0.00    0.00    0.98    0.00
-0.857061   0.407790    0.98    0.00    0.00    0.00    0.00
0.387065    -0.113089   0.00    0.00    0.00    0.98    0.00
0.119225    0.090760    0.00    0.00    0.00    0.00    0.98
0.688509    -0.715186   0.00    0.00    0.00    0.98    0.00
0.267230    0.859730    0.00    0.98    0.00    0.00    0.00
0.630875    0.533685    0.00    0.98    0.00    0.00    0.00
0.312318    -0.245139   0.00    0.00    0.00    0.98    0.00
0.112973    -0.894409   0.00    0.00    0.00    0.98    0.00
0.515946    0.752893    0.00    0.98    0.00    0.00    0.00
0.022576    -0.462998   0.00    0.00    0.00    0.00    0.98
0.884389    0.761796    0.00    0.98    0.00    0.00    0.00
-0.053516   0.137264    0.00    0.00    0.00    0.00    0.98
0.718264    -0.544851   0.00    0.00    0.00    0.98    0.00
-0.023606   0.380985    0.00    0.00    0.00    0.00    0.98
-0.116450   -0.425598   0.00    0.00    0.98    0.00    0.00
0.894514    -0.431360   0.00    0.00    0.00    0.98    0.00
0.206763    0.538229    0.00    0.98    0.00    0.00    0.00
-0.851307   -0.428225   0.00    0.00    0.98    0.00    0.00
0.473830    -0.189467   0.00    0.00    0.00    0.98    0.00
0.651610    0.794069    0.00    0.98    0.00    0.00    0.00
0.178903    -0.310573   0.00    0.00    0.00    0.98    0.00
0.646368    0.748724    0.00    0.98    0.00    0.00    0.00
-0.890462   -0.027306   0.00    0.00    0.00    0.00    0.98
-0.561788   -0.239368   0.00    0.00    0.98    0.00    0.00
0.073369    -0.815730   0.00    0.00    0.00    0.00    0.98
0.567735    0.517203    0.00    0.98    0.00    0.00    0.00
0.263896    -0.121657   0.00    0.00    0.00    0.98    0.00
0.254361    0.145705    0.00    0.98    0.00    0.00    0.00
-0.466646   -0.240800   0.00    0.00    0.98    0.00    0.00
0.495312    0.165048    0.00    0.98    0.00    0.00    0.00
0.336857    -0.871846   0.00    0.00    0.00    0.98    0.00
-0.939031   0.997489    0.98    0.00    0.00    0.00    0.00
0.885610    0.036451    0.00    0.00    0.00    0.00    0.98
0.873516    -0.770463   0.00    0.00    0.00    0.98    0.00
0.687703    0.623716    0.00    0.98    0.00    0.00    0.00
0.296590    -0.915532   0.00    0.00    0.00    0.98    0.00
-0.825446   -0.435778   0.00    0.00    0.98    0.00    0.00
0.435011    0.904927    0.00    0.98    0.00    0.00    0.00
-0.882878   -0.869320   0.00    0.00    0.98    0.00    0.00
0.811719    0.139080    0.00    0.98    0.00    0.00    0.00
0.130549    0.666776    0.00    0.98    0.00    0.00    0.00
-0.478797   0.606653    0.98    0.00    0.00    0.00    0.00
0.297643    -0.364299   0.00    0.00    0.00    0.98    0.00
-0.601382   -0.222427   0.00    0.00    0.98    0.00    0.00
-0.469324   -0.085267   0.00    0.00    0.00    0.00    0.98
-0.194851   0.355296    0.98    0.00    0.00    0.00    0.00
-0.010868   0.440123    0.00    0.00    0.00    0.00    0.98
-0.499767   -0.476204   0.00    0.00    0.98    0.00    0.00
0.721792    0.254567    0.00    0.98    0.00    0.00    0.00
-0.586826   0.902164    0.98    0.00    0.00    0.00    0.00
-0.220117   0.771569    0.98    0.00    0.00    0.00    0.00
-0.740801   -0.298178   0.00    0.00    0.98    0.00    0.00
0.192841    -0.226222   0.00    0.00    0.00    0.98    0.00
0.081384    -0.058180   0.00    0.00    0.00    0.00    0.98
0.461055    0.238519    0.00    0.98    0.00    0.00    0.00
0.361576    -0.662362   0.00    0.00    0.00    0.98    0.00
-0.095138   -0.234720   0.00    0.00    0.00    0.00    0.98
0.986372    -0.244262   0.00    0.00    0.00    0.98    0.00
0.012478    0.316177    0.00    0.00    0.00    0.00    0.98
-0.221946   -0.653067   0.00    0.00    0.98    0.00    0.00
-0.871967   0.711393    0.98    0.00    0.00    0.00    0.00
0.256494    0.511813    0.00    0.98    0.00    0.00    0.00
-0.212213   -0.113391   0.00    0.00    0.98    0.00    0.00
0.397600    -0.780889   0.00    0.00    0.00    0.98    0.00
-0.680723   0.008025    0.00    0.00    0.00    0.00    0.98
-0.050230   0.217372    0.00    0.00    0.00    0.00    0.98
-0.747624   0.875004    0.98    0.00    0.00    0.00    0.00
-0.763130   -0.088174   0.00    0.00    0.00    0.00    0.98
0.454212    0.809029    0.00    0.98    0.00    0.00    0.00
-0.812712   0.250279    0.98    0.00    0.00    0.00    0.00
-0.353943   -0.533320   0.00    0.00    0.98    0.00    0.00
0.034446    0.859027    0.00    0.00    0.00    0.00    0.98
-0.829741   0.752260    0.98    0.00    0.00    0.00    0.00
0.680043    0.260408    0.00    0.98    0.00    0.00    0.00
0.493311    -0.460227   0.00    0.00    0.00    0.98    0.00
0.444170    -0.370214   0.00    0.00    0.00    0.98    0.00
-0.096916   0.685189    0.00    0.00    0.00    0.00    0.98
0.916636    0.292327    0.00    0.98    0.00    0.00    0.00
0.695402    0.089836    0.00    0.00    0.00    0.00    0.98
0.278123    0.793699    0.00    0.98    0.00    0.00    0.00
-0.236483   0.086062    0.00    0.00    0.00    0.00    0.98
-0.448655   0.325802    0.98    0.00    0.00    0.00    0.00
0.783140    -0.775665   0.00    0.00    0.00    0.98    0.00
0.666816    -0.188241   0.00    0.00    0.00    0.98    0.00
0.420203    -0.175461   0.00    0.00    0.00    0.98    0.00
-0.492259   -0.329102   0.00    0.00    0.98    0.00    0.00
-0.295263   -0.881740   0.00    0.00    0.98    0.00    0.00
-0.126518   0.065626    0.00    0.00    0.00    0.00    0.98
0.515693    -0.767678   0.00    0.00    0.00    0.98    0.00
0.935993    -0.556370   0.00    0.00    0.00    0.98    0.00
0.926623    0.125945    0.00    0.98    0.00    0.00    0.00
-0.723228   -0.303562   0.00    0.00    0.98    0.00    0.00
0.606860    0.499141    0.00    0.98    0.00    0.00    0.00
-0.315295   0.694253    0.98    0.00    0.00    0.00    0.00
0.788495    0.202170    0.00    0.98    0.00    0.00    0.00
-0.161542   -0.445894   0.00    0.00    0.98    0.00    0.00
-0.543588   -0.816459   0.00    0.00    0.98    0.00    0.00
-0.089451   -0.260036   0.00    0.00    0.00    0.00    0.98
-0.168247   0.274510    0.98    0.00    0.00    0.00    0.00
-0.509901   -0.430128   0.00    0.00    0.98    0.00    0.00
-0.287728   -0.300624   0.00    0.00    0.98    0.00    0.00
-0.114523   -0.736039   0.00    0.00    0.98    0.00    0.00
-0.537568   -0.598392   0.00    0.00    0.98    0.00    0.00
0.816299    -0.473281   0.00    0.00    0.00    0.98    0.00
0.429838    -0.414864   0.00    0.00    0.00    0.98    0.00
-0.361217   -0.648875   0.00    0.00    0.98    0.00    0.00
-0.652931   0.382134    0.98    0.00    0.00    0.00    0.00
-0.163830   0.643422    0.98    0.00    0.00    0.00    0.00
-0.211066   0.593259    0.98    0.00    0.00    0.00    0.00
-0.383555   0.316096    0.98    0.00    0.00    0.00    0.00
-0.830322   -0.830788   0.00    0.00    0.98    0.00    0.00
0.734949    -0.497514   0.00    0.00    0.00    0.98    0.00
0.345550    0.678471    0.00    0.98    0.00    0.00    0.00
0.182714    0.469354    0.00    0.98    0.00    0.00    0.00
-0.815986   -0.975114   0.00    0.00    0.98    0.00    0.00
0.359966    0.354385    0.00    0.98    0.00    0.00    0.00
0.567890    -0.336581   0.00    0.00    0.00    0.98    0.00
-0.386429   -0.128317   0.00    0.00    0.98    0.00    0.00
-0.856323   -0.795781   0.00    0.00    0.98    0.00    0.00
-0.249779   0.279978    0.98    0.00    0.00    0.00    0.00
0.571609    -0.790240   0.00    0.00    0.00    0.98    0.00
0.406742    -0.009760   0.00    0.00    0.00    0.00    0.98
0.627869    0.993207    0.00    0.98    0.00    0.00    0.00
-0.111716   -0.308400   0.00    0.00    0.98    0.00    0.00
0.485148    0.258135    0.00    0.98    0.00    0.00    0.00
0.869399    0.855673    0.00    0.98    0.00    0.00    0.00
-0.470367   -0.861056   0.00    0.00    0.98    0.00    0.00
-0.238800   0.623537    0.98    0.00    0.00    0.00    0.00
-0.039729   0.263060    0.00    0.00    0.00    0.00    0.98
-0.997878   0.073493    0.00    0.00    0.00    0.00    0.98
-0.952766   -0.471130   0.00    0.00    0.98    0.00    0.00
0.676504    0.889355    0.00    0.98    0.00    0.00    0.00
0.693865    0.269922    0.00    0.98    0.00    0.00    0.00
-0.160821   0.510123    0.98    0.00    0.00    0.00    0.00
-0.724021   -0.963625   0.00    0.00    0.98    0.00    0.00
0.235679    0.414732    0.00    0.98    0.00    0.00    0.00
0.865617    0.978416    0.00    0.98    0.00    0.00    0.00
0.591071    0.348970    0.00    0.98    0.00    0.00    0.00
-0.076499   -0.467888   0.00    0.00    0.00    0.00    0.98
0.381295    -0.084976   0.00    0.00    0.00    0.00    0.98
0.007109    -0.704032   0.00    0.00    0.00    0.00    0.98
-0.277530   -0.291830   0.00    0.00    0.98    0.00    0.00
0.331042    0.425583    0.00    0.98    0.00    0.00    0.00
-0.144150   -0.695253   0.00    0.00    0.98    0.00    0.00
0.385221    -0.702674   0.00    0.00    0.00    0.98    0.00
0.415559    -0.058123   0.00    0.00    0.00    0.00    0.98
0.940253    -0.007346   0.00    0.00    0.00    0.00    0.98
0.792677    0.501163    0.00    0.98    0.00    0.00    0.00
0.694722    -0.147223   0.00    0.00    0.00    0.98    0.00
-0.519432   -0.113329   0.00    0.00    0.98    0.00    0.00
0.354758    -0.083839   0.00    0.00    0.00    0.00    0.98
-0.815311   -0.910081   0.00    0.00    0.98    0.00    0.00
0.904804    -0.820271   0.00    0.00    0.00    0.98    0.00
-0.585691   -0.363167   0.00    0.00    0.98    0.00    0.00
-0.871451   0.798297    0.98    0.00    0.00    0.00    0.00
0.405364    -0.323218   0.00    0.00    0.00    0.98    0.00
0.504801    0.084598    0.00    0.00    0.00    0.00    0.98
0.057937    -0.532365   0.00    0.00    0.00    0.00    0.98
0.243504    0.336037    0.00    0.98    0.00    0.00    0.00
-0.465839   -0.144375   0.00    0.00    0.98    0.00    0.00
0.051348    0.180330    0.00    0.00    0.00    0.00    0.98
0.367720    -0.425108   0.00    0.00    0.00    0.98    0.00
-0.246765   0.620483    0.98    0.00    0.00    0.00    0.00
-0.668260   0.902626    0.98    0.00    0.00    0.00    0.00
-0.459476   -0.450994   0.00    0.00    0.98    0.00    0.00
-0.145766   0.313653    0.98    0.00    0.00    0.00    0.00
0.430404    -0.454423   0.00    0.00    0.00    0.98    0.00
0.065129    0.792346    0.00    0.00    0.00    0.00    0.98
-0.823731   0.397049    0.98    0.00    0.00    0.00    0.00
0.529148    0.278522    0.00    0.98    0.00    0.00    0.00
-0.548512   0.772700    0.98    0.00    0.00    0.00    0.00
0.743849    -0.835567   0.00    0.00    0.00    0.98    0.00
0.186686    -0.022472   0.00    0.00    0.00    0.00    0.98
0.544462    -0.813087   0.00    0.00    0.00    0.98    0.00
-0.175998   -0.363092   0.00    0.00    0.98    0.00    0.00
0.733041    -0.021815   0.00    0.00    0.00    0.00    0.98
0.990770    -0.742074   0.00    0.00    0.00    0.98    0.00
0.285542    -0.720638   0.00    0.00    0.00    0.98    0.00
0.196818    0.641286    0.00    0.98    0.00    0.00    0.00
0.076131    0.386263    0.00    0.00    0.00    0.00    0.98
-0.634362   -0.320672   0.00    0.00    0.98    0.00    0.00
-0.241284   -0.060810   0.00    0.00    0.00    0.00    0.98
0.891869    0.863948    0.00    0.98    0.00    0.00    0.00
0.130690    -0.222630   0.00    0.00    0.00    0.98    0.00
0.516794    0.207771    0.00    0.98    0.00    0.00    0.00
0.433611    0.211911    0.00    0.98    0.00    0.00    0.00
-0.673568   -0.855617   0.00    0.00    0.98    0.00    0.00
-0.920430   0.268667    0.98    0.00    0.00    0.00    0.00
-0.345813   -0.353071   0.00    0.00    0.98    0.00    0.00
0.685816    0.521648    0.00    0.98    0.00    0.00    0.00
0.185634    -0.099368   0.00    0.00    0.00    0.00    0.98
0.315342    -0.895698   0.00    0.00    0.00    0.98    0.00
0.835751    0.858742    0.00    0.98    0.00    0.00    0.00
0.760076    -0.887909   0.00    0.00    0.00    0.98    0.00
-0.717424   -0.979619   0.00    0.00    0.98    0.00    0.00
0.420632    0.695193    0.00    0.98    0.00    0.00    0.00
-0.798495   -0.999926   0.00    0.00    0.98    0.00    0.00
0.151730    -0.329429   0.00    0.00    0.00    0.98    0.00
-0.537739   -0.708697   0.00    0.00    0.98    0.00    0.00
-0.262177   0.043068    0.00    0.00    0.00    0.00    0.98
0.083573    0.852224    0.00    0.00    0.00    0.00    0.98
-0.114772   -0.851364   0.00    0.00    0.98    0.00    0.00
-0.063918   0.177236    0.00    0.00    0.00    0.00    0.98
0.332852    -0.159267   0.00    0.00    0.00    0.98    0.00
-0.213989   -0.091258   0.00    0.00    0.00    0.00    0.98
0.095317    0.607835    0.00    0.00    0.00    0.00    0.98
-0.587281   0.547165    0.98    0.00    0.00    0.00    0.00
-0.087404   0.608227    0.00    0.00    0.00    0.00    0.98
-0.610190   -0.151827   0.00    0.00    0.98    0.00    0.00
-0.353898   -0.638000   0.00    0.00    0.98    0.00    0.00
-0.982612   -0.141083   0.00    0.00    0.98    0.00    0.00
0.019306    0.758148    0.00    0.00    0.00    0.00    0.98
-0.738294   0.328734    0.98    0.00    0.00    0.00    0.00
-0.481085   -0.874208   0.00    0.00    0.98    0.00    0.00
0.119079    -0.755998   0.00    0.00    0.00    0.98    0.00
0.746127    -0.116571   0.00    0.00    0.00    0.98    0.00
-0.103968   0.172799    0.98    0.00    0.00    0.00    0.00
-0.539648   0.790883    0.98    0.00    0.00    0.00    0.00
-0.068339   0.212155    0.00    0.00    0.00    0.00    0.98
-0.233829   0.455211    0.98    0.00    0.00    0.00    0.00
0.440158    0.087968    0.00    0.00    0.00    0.00    0.98
0.670725    0.250320    0.00    0.98    0.00    0.00    0.00
-0.097262   -0.131170   0.00    0.00    0.00    0.00    0.98
-0.312140   0.032222    0.00    0.00    0.00    0.00    0.98
-0.232136   0.168076    0.98    0.00    0.00    0.00    0.00
-0.563370   -0.816751   0.00    0.00    0.98    0.00    0.00
-0.331646   -0.718965   0.00    0.00    0.98    0.00    0.00
-0.546456   0.233699    0.98    0.00    0.00    0.00    0.00
0.869026    0.842726    0.00    0.98    0.00    0.00    0.00
0.244993    0.303340    0.00    0.98    0.00    0.00    0.00
-0.165055   -0.477158   0.00    0.00    0.98    0.00    0.00
0.983154    0.935847    0.00    0.98    0.00    0.00    0.00
0.672119    -0.419330   0.00    0.00    0.00    0.98    0.00
-0.614943   -0.945635   0.00    0.00    0.98    0.00    0.00
-0.017782   0.886277    0.00    0.00    0.00    0.00    0.98
0.079191    -0.591701   0.00    0.00    0.00    0.00    0.98
0.098367    0.874144    0.00    0.00    0.00    0.00    0.98
0.323152    0.547366    0.00    0.98    0.00    0.00    0.00
-0.304346   0.406600    0.98    0.00    0.00    0.00    0.00
0.676509    0.296653    0.00    0.98    0.00    0.00    0.00
-0.720001   0.462570    0.98    0.00    0.00    0.00    0.00
0.906812    0.803537    0.00    0.98    0.00    0.00    0.00
-0.598463   0.371360    0.98    0.00    0.00    0.00    0.00
0.608362    -0.446285   0.00    0.00    0.00    0.98    0.00
0.833676    0.433350    0.00    0.98    0.00    0.00    0.00
0.070147    -0.828949   0.00    0.00    0.00    0.00    0.98
0.426085    0.648169    0.00    0.98    0.00    0.00    0.00
0.547489    0.958266    0.00    0.98    0.00    0.00    0.00
0.281120    0.852156    0.00    0.98    0.00    0.00    0.00
-0.866807   0.604160    0.98    0.00    0.00    0.00    0.00
0.732006    0.679206    0.00    0.98    0.00    0.00    0.00
0.602168    0.523485    0.00    0.98    0.00    0.00    0.00
0.664339    0.123765    0.00    0.98    0.00    0.00    0.00
0.602420    0.009841    0.00    0.00    0.00    0.00    0.98
0.595574    -0.220420   0.00    0.00    0.00    0.98    0.00
0.093453    0.542533    0.00    0.00    0.00    0.00    0.98
-0.739373   -0.298240   0.00    0.00    0.98    0.00    0.00
-0.348014   -0.022075   0.00    0.00    0.00    0.00    0.98
0.988134    0.550557    0.00    0.98    0.00    0.00    0.00
-0.482589   0.962421    0.98    0.00    0.00    0.00    0.00
0.604954    -0.744361   0.00    0.00    0.00    0.98    0.00
-0.624991   -0.294934   0.00    0.00    0.98    0.00    0.00
-0.429527   0.983285    0.98    0.00    0.00    0.00    0.00
-0.209549   0.508862    0.98    0.00    0.00    0.00    0.00
0.325944    0.837269    0.00    0.98    0.00    0.00    0.00
-0.781691   -0.737012   0.00    0.00    0.98    0.00    0.00
-0.312950   0.137903    0.98    0.00    0.00    0.00    0.00
-0.482084   -0.584493   0.00    0.00    0.98    0.00    0.00
-0.952344   0.209053    0.98    0.00    0.00    0.00    0.00
0.930809    0.042270    0.00    0.00    0.00    0.00    0.98
-0.654681   -0.779696   0.00    0.00    0.98    0.00    0.00
0.665495    0.288022    0.00    0.98    0.00    0.00    0.00
-0.387002   0.886952    0.98    0.00    0.00    0.00    0.00
0.888134    0.690314    0.00    0.98    0.00    0.00    0.00
0.890424    0.297900    0.00    0.98    0.00    0.00    0.00
0.607947    -0.821036   0.00    0.00    0.00    0.98    0.00
-0.208749   -0.466518   0.00    0.00    0.98    0.00    0.00
-0.362552   -0.320218   0.00    0.00    0.98    0.00    0.00
-0.617757   0.106306    0.98    0.00    0.00    0.00    0.00
0.918524    0.584465    0.00    0.98    0.00    0.00    0.00
0.777569    0.539216    0.00    0.98    0.00    0.00    0.00
0.528363    0.529992    0.00    0.98    0.00    0.00    0.00
-0.208500   -0.777205   0.00    0.00    0.98    0.00    0.00
-0.587521   0.839999    0.98    0.00    0.00    0.00    0.00
0.747331    0.599305    0.00    0.98    0.00    0.00    0.00
-0.596825   -0.708685   0.00    0.00    0.98    0.00    0.00
-0.111625   0.856158    0.98    0.00    0.00    0.00    0.00
0.172228    0.177570    0.00    0.98    0.00    0.00    0.00
0.680679    -0.792067   0.00    0.00    0.00    0.98    0.00
-0.022557   0.559116    0.00    0.00    0.00    0.00    0.98
0.508238    -0.557807   0.00    0.00    0.00    0.98    0.00
-0.234369   0.529035    0.98    0.00    0.00    0.00    0.00
0.501092    0.233867    0.00    0.98    0.00    0.00    0.00
0.235625    -0.190266   0.00    0.00    0.00    0.98    0.00
0.482372    0.700129    0.00    0.98    0.00    0.00    0.00
-0.030522   -0.981970   0.00    0.00    0.00    0.00    0.98
-0.359367   0.880986    0.98    0.00    0.00    0.00    0.00
0.510756    0.240762    0.00    0.98    0.00    0.00    0.00
0.432903    -0.084316   0.00    0.00    0.00    0.00    0.98
-0.519064   -0.549331   0.00    0.00    0.98    0.00    0.00
-0.885015   -0.142218   0.00    0.00    0.98    0.00    0.00
0.420253    0.272310    0.00    0.98    0.00    0.00    0.00
-0.651822   0.002878    0.00    0.00    0.00    0.00    0.98
0.016920    -0.661887   0.00    0.00    0.00    0.00    0.98
-0.560615   -0.724669   0.00    0.00    0.98    0.00    0.00
-0.736632   -0.471597   0.00    0.00    0.98    0.00    0.00
-0.074265   -0.644350   0.00    0.00    0.00    0.00    0.98
-0.029390   -0.877955   0.00    0.00    0.00    0.00    0.98
-0.737395   -0.286202   0.00    0.00    0.98    0.00    0.00
0.381933    0.889101    0.00    0.98    0.00    0.00    0.00
-0.062340   -0.006929   0.00    0.00    0.00    0.00    0.98
0.484554    0.784857    0.00    0.98    0.00    0.00    0.00
-0.111537   -0.301729   0.00    0.00    0.98    0.00    0.00
0.932181    -0.147766   0.00    0.00    0.00    0.98    0.00
0.897772    -0.496715   0.00    0.00    0.00    0.98    0.00
-0.582360   -0.426913   0.00    0.00    0.98    0.00    0.00
0.148433    0.285321    0.00    0.98    0.00    0.00    0.00
0.631111    -0.305853   0.00    0.00    0.00    0.98    0.00
0.235016    0.253041    0.00    0.98    0.00    0.00    0.00
0.555596    0.891477    0.00    0.98    0.00    0.00    0.00
0.840012    0.245610    0.00    0.98    0.00    0.00    0.00
-0.081898   0.788767    0.00    0.00    0.00    0.00    0.98
0.593212    0.834644    0.00    0.98    0.00    0.00    0.00
0.263942    0.603529    0.00    0.98    0.00    0.00    0.00
0.071589    -0.982341   0.00    0.00    0.00    0.00    0.98
0.444707    0.507049    0.00    0.98    0.00    0.00    0.00
-0.063443   0.720764    0.00    0.00    0.00    0.00    0.98
0.044443    0.656418    0.00    0.00    0.00    0.00    0.98
-0.438359   -0.051370   0.00    0.00    0.00    0.00    0.98
0.440696    0.893923    0.00    0.98    0.00    0.00    0.00
0.668088    -0.556551   0.00    0.00    0.00    0.98    0.00
0.835914    0.662265    0.00    0.98    0.00    0.00    0.00
-0.649122   -0.850786   0.00    0.00    0.98    0.00    0.00
0.812737    -0.295259   0.00    0.00    0.00    0.98    0.00
0.737864    -0.542413   0.00    0.00    0.00    0.98    0.00
0.482656    -0.047243   0.00    0.00    0.00    0.00    0.98
0.301086    0.216235    0.00    0.98    0.00    0.00    0.00
-0.988660   -0.423581   0.00    0.00    0.98    0.00    0.00
-0.966095   -0.489709   0.00    0.00    0.98    0.00    0.00
-0.698725   -0.808733   0.00    0.00    0.98    0.00    0.00
0.492784    -0.902812   0.00    0.00    0.00    0.98    0.00
-0.358852   -0.124044   0.00    0.00    0.98    0.00    0.00
-0.747998   0.198046    0.98    0.00    0.00    0.00    0.00
-0.833821   0.718174    0.98    0.00    0.00    0.00    0.00
0.607033    0.527264    0.00    0.98    0.00    0.00    0.00
-0.482280   -0.392064   0.00    0.00    0.98    0.00    0.00
-0.831984   0.643159    0.98    0.00    0.00    0.00    0.00
0.175658    0.441074    0.00    0.98    0.00    0.00    0.00
-0.577426   0.439392    0.98    0.00    0.00    0.00    0.00
0.262541    -0.945082   0.00    0.00    0.00    0.98    0.00
0.089988    -0.533816   0.00    0.00    0.00    0.00    0.98
-0.585199   0.603523    0.98    0.00    0.00    0.00    0.00
0.916340    0.145300    0.00    0.98    0.00    0.00    0.00
0.656902    -0.318346   0.00    0.00    0.00    0.98    0.00
-0.581668   -0.148821   0.00    0.00    0.98    0.00    0.00
0.158393    0.563422    0.00    0.98    0.00    0.00    0.00
-0.804133   0.319619    0.98    0.00    0.00    0.00    0.00
-0.174622   0.581330    0.98    0.00    0.00    0.00    0.00
-0.306908   0.008916    0.00    0.00    0.00    0.00    0.98
0.976161    0.253931    0.00    0.98    0.00    0.00    0.00
0.302971    0.595327    0.00    0.98    0.00    0.00    0.00
-0.645627   -0.595403   0.00    0.00    0.98    0.00    0.00
-0.668635   0.848657    0.98    0.00    0.00    0.00    0.00
-0.986123   0.695228    0.98    0.00    0.00    0.00    0.00
-0.718573   -0.740059   0.00    0.00    0.98    0.00    0.00
-0.696423   -0.291966   0.00    0.00    0.98    0.00    0.00
-0.147857   -0.528194   0.00    0.00    0.98    0.00    0.00
0.197466    0.383353    0.00    0.98    0.00    0.00    0.00
-0.646332   -0.036050   0.00    0.00    0.00    0.00    0.98
-0.475425   0.091107    0.00    0.00    0.00    0.00    0.98
0.162815    0.645933    0.00    0.98    0.00    0.00    0.00
0.189150    -0.603210   0.00    0.00    0.00    0.98    0.00
-0.166925   -0.847222   0.00    0.00    0.98    0.00    0.00
0.604441    0.384017    0.00    0.98    0.00    0.00    0.00
0.404538    -0.904155   0.00    0.00    0.00    0.98    0.00
0.057642    0.318901    0.00    0.00    0.00    0.00    0.98
-0.400535   -0.407193   0.00    0.00    0.98    0.00    0.00
-0.984057   -0.419842   0.00    0.00    0.98    0.00    0.00
0.193147    0.525865    0.00    0.98    0.00    0.00    0.00
0.464869    -0.353273   0.00    0.00    0.00    0.98    0.00
-0.729928   -0.260811   0.00    0.00    0.98    0.00    0.00
0.520354    0.371409    0.00    0.98    0.00    0.00    0.00
-0.817354   -0.143857   0.00    0.00    0.98    0.00    0.00
-0.936308   -0.148525   0.00    0.00    0.98    0.00    0.00
-0.343845   -0.927753   0.00    0.00    0.98    0.00    0.00
0.432846    0.781120    0.00    0.98    0.00    0.00    0.00
0.618145    0.230565    0.00    0.98    0.00    0.00    0.00
-0.417397   -0.266654   0.00    0.00    0.98    0.00    0.00
-0.737230   0.254628    0.98    0.00    0.00    0.00    0.00
0.385387    0.168104    0.00    0.98    0.00    0.00    0.00
-0.297917   0.146751    0.98    0.00    0.00    0.00    0.00
0.418503    -0.325473   0.00    0.00    0.00    0.98    0.00
-0.503370   0.477599    0.98    0.00    0.00    0.00    0.00
-0.135084   0.938852    0.98    0.00    0.00    0.00    0.00
-0.975226   -0.710798   0.00    0.00    0.98    0.00    0.00
-0.754910   0.964888    0.98    0.00    0.00    0.00    0.00
0.738217    -0.505891   0.00    0.00    0.00    0.98    0.00
0.610356    -0.296638   0.00    0.00    0.00    0.98    0.00
0.129977    0.360321    0.00    0.98    0.00    0.00    0.00
-0.734130   -0.005736   0.00    0.00    0.00    0.00    0.98
-0.610113   0.266340    0.98    0.00    0.00    0.00    0.00
-0.601343   0.116457    0.98    0.00    0.00    0.00    0.00
-0.332660   -0.886266   0.00    0.00    0.98    0.00    0.00
0.539701    0.426983    0.00    0.98    0.00    0.00    0.00
0.202516    -0.667026   0.00    0.00    0.00    0.98    0.00
0.451489    0.231495    0.00    0.98    0.00    0.00    0.00
-0.941571   -0.902645   0.00    0.00    0.98    0.00    0.00
0.568070    0.224046    0.00    0.98    0.00    0.00    0.00
-0.724223   0.101822    0.98    0.00    0.00    0.00    0.00
-0.844497   0.948585    0.98    0.00    0.00    0.00    0.00
0.002868    -0.438915   0.00    0.00    0.00    0.00    0.98
0.664135    -0.129050   0.00    0.00    0.00    0.98    0.00
0.950349    -0.232985   0.00    0.00    0.00    0.98    0.00
0.471619    -0.493303   0.00    0.00    0.00    0.98    0.00
-0.666315   -0.417645   0.00    0.00    0.98    0.00    0.00
0.959133    0.473009    0.00    0.98    0.00    0.00    0.00
-0.691794   0.380974    0.98    0.00    0.00    0.00    0.00
-0.920227   -0.838037   0.00    0.00    0.98    0.00    0.00
-0.570834   -0.752117   0.00    0.00    0.98    0.00    0.00
0.113059    0.758269    0.00    0.98    0.00    0.00    0.00
0.717887    0.749830    0.00    0.98    0.00    0.00    0.00
0.628667    -0.445398   0.00    0.00    0.00    0.98    0.00
0.310683    -0.614160   0.00    0.00    0.00    0.98    0.00
0.516841    -0.660483   0.00    0.00    0.00    0.98    0.00
-0.137703   -0.000956   0.00    0.00    0.00    0.00    0.98
-0.694911   -0.947712   0.00    0.00    0.98    0.00    0.00
0.491265    0.001302    0.00    0.00    0.00    0.00    0.98
0.625790    0.479059    0.00    0.98    0.00    0.00    0.00
-0.463589   0.307141    0.98    0.00    0.00    0.00    0.00
0.585940    -0.582199   0.00    0.00    0.00    0.98    0.00
0.376178    0.056157    0.00    0.00    0.00    0.00    0.98
-0.575345   -0.150582   0.00    0.00    0.98    0.00    0.00
-0.346267   0.374535    0.98    0.00    0.00    0.00    0.00
-0.462883   -0.312899   0.00    0.00    0.98    0.00    0.00
-0.946316   -0.936330   0.00    0.00    0.98    0.00    0.00
0.694665    0.034660    0.00    0.00    0.00    0.00    0.98
0.164062    -0.452586   0.00    0.00    0.00    0.98    0.00
-0.493912   0.561374    0.98    0.00    0.00    0.00    0.00
0.148559    0.486285    0.00    0.98    0.00    0.00    0.00
-0.597592   -0.672659   0.00    0.00    0.98    0.00    0.00
0.713761    0.415662    0.00    0.98    0.00    0.00    0.00
0.979034    -0.012147   0.00    0.00    0.00    0.00    0.98
-0.739450   0.249405    0.98    0.00    0.00    0.00    0.00
-0.460016   0.001300    0.00    0.00    0.00    0.00    0.98
-0.345639   0.757589    0.98    0.00    0.00    0.00    0.00
0.868125    0.608915    0.00    0.98    0.00    0.00    0.00
-0.149006   -0.978977   0.00    0.00    0.98    0.00    0.00
-0.237326   0.764357    0.98    0.00    0.00    0.00    0.00
0.955083    0.157934    0.00    0.98    0.00    0.00    0.00
0.378849    -0.172821   0.00    0.00    0.00    0.98    0.00
-0.897134   -0.454757   0.00    0.00    0.98    0.00    0.00
0.191108    0.647234    0.00    0.98    0.00    0.00    0.00
0.223366    0.476745    0.00    0.98    0.00    0.00    0.00
-0.762989   0.387670    0.98    0.00    0.00    0.00    0.00
-0.018501   -0.755131   0.00    0.00    0.00    0.00    0.98
0.600467    -0.632378   0.00    0.00    0.00    0.98    0.00
-0.358802   0.106533    0.98    0.00    0.00    0.00    0.00
0.241058    0.679269    0.00    0.98    0.00    0.00    0.00
0.129033    0.002697    0.00    0.00    0.00    0.00    0.98
-0.954017   -0.308908   0.00    0.00    0.98    0.00    0.00
-0.985846   -0.744765   0.00    0.00    0.98    0.00    0.00
0.685158    0.842605    0.00    0.98    0.00    0.00    0.00
-0.043603   -0.511605   0.00    0.00    0.00    0.00    0.98
-0.042129   -0.565317   0.00    0.00    0.00    0.00    0.98
-0.972786   0.253329    0.98    0.00    0.00    0.00    0.00
0.505403    0.551059    0.00    0.98    0.00    0.00    0.00
-0.387064   -0.686750   0.00    0.00    0.98    0.00    0.00
0.743679    0.613917    0.00    0.98    0.00    0.00    0.00
0.337746    -0.454719   0.00    0.00    0.00    0.98    0.00
0.071625    -0.048076   0.00    0.00    0.00    0.00    0.98
-0.530619   -0.435486   0.00    0.00    0.98    0.00    0.00
-0.143784   0.614930    0.98    0.00    0.00    0.00    0.00
-0.116912   -0.298579   0.00    0.00    0.98    0.00    0.00
-0.665218   -0.507687   0.00    0.00    0.98    0.00    0.00
-0.421166   0.737548    0.98    0.00    0.00    0.00    0.00
0.720937    0.036947    0.00    0.00    0.00    0.00    0.98
0.547767    -0.052551   0.00    0.00    0.00    0.00    0.98
-0.053493   0.455199    0.00    0.00    0.00    0.00    0.98
-0.317168   0.684341    0.98    0.00    0.00    0.00    0.00
0.689294    0.009158    0.00    0.00    0.00    0.00    0.98
0.654708    0.253808    0.00    0.98    0.00    0.00    0.00
0.671923    -0.508014   0.00    0.00    0.00    0.98    0.00
-0.475493   0.247002    0.98    0.00    0.00    0.00    0.00
-0.752904   -0.249328   0.00    0.00    0.98    0.00    0.00
0.878601    -0.189331   0.00    0.00    0.00    0.98    0.00
-0.158318   -0.193022   0.00    0.00    0.98    0.00    0.00
-0.262195   0.892946    0.98    0.00    0.00    0.00    0.00
-0.004592   0.604652    0.00    0.00    0.00    0.00    0.98
-0.851163   -0.759710   0.00    0.00    0.98    0.00    0.00
-0.968052   0.018707    0.00    0.00    0.00    0.00    0.98
-0.822346   -0.826878   0.00    0.00    0.98    0.00    0.00
0.942230    0.704286    0.00    0.98    0.00    0.00    0.00
0.369760    0.821906    0.00    0.98    0.00    0.00    0.00
0.988373    -0.022696   0.00    0.00    0.00    0.00    0.98
0.888401    -0.359549   0.00    0.00    0.00    0.98    0.00
0.245916    0.751087    0.00    0.98    0.00    0.00    0.00
0.212616    0.239840    0.00    0.98    0.00    0.00    0.00
-0.859876   -0.555805   0.00    0.00    0.98    0.00    0.00
0.108982    -0.407302   0.00    0.00    0.00    0.98    0.00
-0.659593   -0.337849   0.00    0.00    0.98    0.00    0.00
-0.938744   0.643726    0.98    0.00    0.00    0.00    0.00
0.657376    -0.968330   0.00    0.00    0.00    0.98    0.00
-0.698121   -0.025737   0.00    0.00    0.00    0.00    0.98
0.419924    0.668856    0.00    0.98    0.00    0.00    0.00
-0.062237   -0.987818   0.00    0.00    0.00    0.00    0.98
-0.056243   -0.025999   0.00    0.00    0.00    0.00    0.98
0.591233    -0.834410   0.00    0.00    0.00    0.98    0.00
0.578518    0.002405    0.00    0.00    0.00    0.00    0.98
-0.700024   -0.836686   0.00    0.00    0.98    0.00    0.00
-0.643499   0.339858    0.98    0.00    0.00    0.00    0.00
0.367190    -0.704370   0.00    0.00    0.00    0.98    0.00
-0.184201   -0.079688   0.00    0.00    0.00    0.00    0.98
0.037780    -0.856472   0.00    0.00    0.00    0.00    0.98
-0.889330   -0.734772   0.00    0.00    0.98    0.00    0.00
-0.357782   0.437979    0.98    0.00    0.00    0.00    0.00
0.706865    0.590967    0.00    0.98    0.00    0.00    0.00
-0.809047   -0.531073   0.00    0.00    0.98    0.00    0.00
0.825772    -0.823072   0.00    0.00    0.00    0.98    0.00
0.042291    0.976267    0.00    0.00    0.00    0.00    0.98
-0.679436   0.321088    0.98    0.00    0.00    0.00    0.00
0.538885    0.032510    0.00    0.00    0.00    0.00    0.98
-0.300152   -0.672224   0.00    0.00    0.98    0.00    0.00
0.611821    0.471513    0.00    0.98    0.00    0.00    0.00
0.131181    0.930931    0.00    0.98    0.00    0.00    0.00
0.227439    -0.209644   0.00    0.00    0.00    0.98    0.00
0.055763    -0.344091   0.00    0.00    0.00    0.00    0.98
0.848327    -0.104412   0.00    0.00    0.00    0.98    0.00
0.072765    -0.128487   0.00    0.00    0.00    0.00    0.98
0.430608    0.987796    0.00    0.98    0.00    0.00    0.00
-0.596373   0.164475    0.98    0.00    0.00    0.00    0.00
0.804173    -0.163961   0.00    0.00    0.00    0.98    0.00
-0.914308   -0.351993   0.00    0.00    0.98    0.00    0.00
0.840504    -0.313450   0.00    0.00    0.00    0.98    0.00
-0.191571   0.452081    0.98    0.00    0.00    0.00    0.00
-0.625794   -0.948335   0.00    0.00    0.98    0.00    0.00
-0.177296   -0.749327   0.00    0.00    0.98    0.00    0.00
0.731277    0.177565    0.00    0.98    0.00    0.00    0.00
0.843323    -0.096410   0.00    0.00    0.00    0.00    0.98
0.992093    0.566604    0.00    0.98    0.00    0.00    0.00
-0.537744   0.903550    0.98    0.00    0.00    0.00    0.00
0.253865    0.338230    0.00    0.98    0.00    0.00    0.00
-0.781072   -0.221016   0.00    0.00    0.98    0.00    0.00
0.389311    0.080854    0.00    0.00    0.00    0.00    0.98
-0.140661   -0.444118   0.00    0.00    0.98    0.00    0.00
-0.234611   -0.561959   0.00    0.00    0.98    0.00    0.00
-0.634960   0.430213    0.98    0.00    0.00    0.00    0.00
-0.531929   0.052171    0.00    0.00    0.00    0.00    0.98
-0.466540   -0.009724   0.00    0.00    0.00    0.00    0.98
-0.665188   0.654587    0.98    0.00    0.00    0.00    0.00
0.334800    0.954252    0.00    0.98    0.00    0.00    0.00
-0.755892   0.901533    0.98    0.00    0.00    0.00    0.00
-0.430701   -0.807246   0.00    0.00    0.98    0.00    0.00
-0.786898   -0.735395   0.00    0.00    0.98    0.00    0.00
-0.493114   -0.778851   0.00    0.00    0.98    0.00    0.00
0.613968    0.958781    0.00    0.98    0.00    0.00    0.00
0.212718    -0.660216   0.00    0.00    0.00    0.98    0.00
0.738208    -0.387510   0.00    0.00    0.00    0.98    0.00
-0.315036   -0.581231   0.00    0.00    0.98    0.00    0.00
0.715153    -0.454030   0.00    0.00    0.00    0.98    0.00
0.677383    -0.558086   0.00    0.00    0.00    0.98    0.00
-0.049026   0.911765    0.00    0.00    0.00    0.00    0.98
-0.323287   -0.687634   0.00    0.00    0.98    0.00    0.00
-0.151984   0.345158    0.98    0.00    0.00    0.00    0.00
-0.393365   0.694507    0.98    0.00    0.00    0.00    0.00
-0.752153   0.582671    0.98    0.00    0.00    0.00    0.00
0.205507    -0.142964   0.00    0.00    0.00    0.98    0.00
-0.649762   0.056840    0.00    0.00    0.00    0.00    0.98
0.405947    0.882214    0.00    0.98    0.00    0.00    0.00
0.611206    0.352128    0.00    0.98    0.00    0.00    0.00
-0.407569   0.075077    0.00    0.00    0.00    0.00    0.98
0.799569    -0.976412   0.00    0.00    0.00    0.98    0.00
-0.757948   -0.718381   0.00    0.00    0.98    0.00    0.00
-0.818922   -0.898032   0.00    0.00    0.98    0.00    0.00
-0.559911   0.885976    0.98    0.00    0.00    0.00    0.00
-0.116322   -0.676916   0.00    0.00    0.98    0.00    0.00
0.433914    -0.429951   0.00    0.00    0.00    0.98    0.00
0.858052    -0.719247   0.00    0.00    0.00    0.98    0.00
0.723805    0.238678    0.00    0.98    0.00    0.00    0.00
-0.356015   0.468239    0.98    0.00    0.00    0.00    0.00
0.548723    -0.630871   0.00    0.00    0.00    0.98    0.00
-0.334492   0.924669    0.98    0.00    0.00    0.00    0.00
-0.139147   -0.809525   0.00    0.00    0.98    0.00    0.00
0.151401    0.907929    0.00    0.98    0.00    0.00    0.00
-0.060536   -0.135978   0.00    0.00    0.00    0.00    0.98
0.647611    0.468010    0.00    0.98    0.00    0.00    0.00
0.693344    0.633429    0.00    0.98    0.00    0.00    0.00
0.011206    -0.909289   0.00    0.00    0.00    0.00    0.98
-0.212964   -0.911771   0.00    0.00    0.98    0.00    0.00
-0.724874   0.765374    0.98    0.00    0.00    0.00    0.00
-0.062124   -0.028716   0.00    0.00    0.00    0.00    0.98
0.542897    -0.211497   0.00    0.00    0.00    0.98    0.00
-0.696398   -0.327513   0.00    0.00    0.98    0.00    0.00
0.461240    0.412472    0.00    0.98    0.00    0.00    0.00
0.952079    0.833376    0.00    0.98    0.00    0.00    0.00
0.826453    0.749491    0.00    0.98    0.00    0.00    0.00
0.204186    -0.179805   0.00    0.00    0.00    0.98    0.00
0.262091    -0.077742   0.00    0.00    0.00    0.00    0.98
0.639659    0.000454    0.00    0.00    0.00    0.00    0.98
0.836038    0.999684    0.00    0.98    0.00    0.00    0.00
0.027813    -0.619044   0.00    0.00    0.00    0.00    0.98
0.765799    0.949839    0.00    0.98    0.00    0.00    0.00
0.156977    0.773830    0.00    0.98    0.00    0.00    0.00
0.160326    0.834838    0.00    0.98    0.00    0.00    0.00
0.287185    0.976590    0.00    0.98    0.00    0.00    0.00
-0.729385   -0.648623   0.00    0.00    0.98    0.00    0.00
-0.444256   -0.260577   0.00    0.00    0.98    0.00    0.00
0.922098    -0.606422   0.00    0.00    0.00    0.98    0.00
0.584842    -0.369472   0.00    0.00    0.00    0.98    0.00
-0.551054   -0.848251   0.00    0.00    0.98    0.00    0.00
-0.827012   -0.254653   0.00    0.00    0.98    0.00    0.00
0.251550    -0.362477   0.00    0.00    0.00    0.98    0.00
0.590121    0.947768    0.00    0.98    0.00    0.00    0.00
-0.054353   0.344952    0.00    0.00    0.00    0.00    0.98
0.333189    -0.111147   0.00    0.00    0.00    0.98    0.00
-0.191986   -0.248007   0.00    0.00    0.98    0.00    0.00
0.188748    0.860503    0.00    0.98    0.00    0.00    0.00
0.302561    -0.719057   0.00    0.00    0.00    0.98    0.00
0.175315    0.003316    0.00    0.00    0.00    0.00    0.98
-0.213375   0.438225    0.98    0.00    0.00    0.00    0.00
-0.671864   0.842293    0.98    0.00    0.00    0.00    0.00
0.613587    -0.770663   0.00    0.00    0.00    0.98    0.00
0.731585    -0.158163   0.00    0.00    0.00    0.98    0.00
0.527976    -0.208590   0.00    0.00    0.00    0.98    0.00
-0.460836   0.627048    0.98    0.00    0.00    0.00    0.00
0.226584    0.020694    0.00    0.00    0.00    0.00    0.98
0.274337    -0.017013   0.00    0.00    0.00    0.00    0.98
-0.011575   0.996950    0.00    0.00    0.00    0.00    0.98
0.950620    0.489593    0.00    0.98    0.00    0.00    0.00
0.413281    -0.871608   0.00    0.00    0.00    0.98    0.00
0.248176    -0.166245   0.00    0.00    0.00    0.98    0.00
-0.529389   0.073947    0.00    0.00    0.00    0.00    0.98
0.565615    -0.928579   0.00    0.00    0.00    0.98    0.00
0.214420    0.933718    0.00    0.98    0.00    0.00    0.00
0.459441    0.993384    0.00    0.98    0.00    0.00    0.00
-0.974980   0.364585    0.98    0.00    0.00    0.00    0.00
-0.473530   0.445275    0.98    0.00    0.00    0.00    0.00
0.825932    -0.181507   0.00    0.00    0.00    0.98    0.00
-0.939360   0.892539    0.98    0.00    0.00    0.00    0.00
-0.772534   0.205676    0.98    0.00    0.00    0.00    0.00
0.257330    0.173051    0.00    0.98    0.00    0.00    0.00
-0.615314   0.993469    0.98    0.00    0.00    0.00    0.00
0.071991    0.711384    0.00    0.00    0.00    0.00    0.98
-0.610502   -0.833394   0.00    0.00    0.98    0.00    0.00
0.264779    -0.940669   0.00    0.00    0.00    0.98    0.00
0.734448    -0.301373   0.00    0.00    0.00    0.98    0.00
0.387320    0.121673    0.00    0.98    0.00    0.00    0.00
-0.167721   0.081780    0.00    0.00    0.00    0.00    0.98
0.652279    -0.224197   0.00    0.00    0.00    0.98    0.00
-0.528204   0.687882    0.98    0.00    0.00    0.00    0.00
-0.838186   0.367180    0.98    0.00    0.00    0.00    0.00
-0.672385   0.758753    0.98    0.00    0.00    0.00    0.00
-0.061575   -0.994288   0.00    0.00    0.00    0.00    0.98
-0.026119   -0.910104   0.00    0.00    0.00    0.00    0.98
0.564830    0.085550    0.00    0.00    0.00    0.00    0.98
-0.994421   0.098096    0.00    0.00    0.00    0.00    0.98
0.729765    0.431319    0.00    0.98    0.00    0.00    0.00
-0.095457   -0.095567   0.00    0.00    0.00    0.00    0.98
-0.287268   -0.473862   0.00    0.00    0.98    0.00    0.00
0.229059    -0.613134   0.00    0.00    0.00    0.98    0.00
-0.650649   -0.134018   0.00    0.00    0.98    0.00    0.00
-0.055341   0.893187    0.00    0.00    0.00    0.00    0.98
0.610484    -0.482207   0.00    0.00    0.00    0.98    0.00
-0.090049   -0.239493   0.00    0.00    0.00    0.00    0.98
-0.839980   -0.359519   0.00    0.00    0.98    0.00    0.00
0.729202    -0.965413   0.00    0.00    0.00    0.98    0.00
-0.977030   0.656385    0.98    0.00    0.00    0.00    0.00
-0.364843   -0.657621   0.00    0.00    0.98    0.00    0.00
-0.586096   -0.158219   0.00    0.00    0.98    0.00    0.00
-0.282030   -0.707298   0.00    0.00    0.98    0.00    0.00
0.905354    -0.344547   0.00    0.00    0.00    0.98    0.00
-0.535147   -0.427587   0.00    0.00    0.98    0.00    0.00
0.303992    -0.301020   0.00    0.00    0.00    0.98    0.00
-0.020625   0.939186    0.00    0.00    0.00    0.00    0.98
0.823514    0.432232    0.00    0.98    0.00    0.00    0.00
-0.498926   0.717180    0.98    0.00    0.00    0.00    0.00
0.156883    0.551759    0.00    0.98    0.00    0.00    0.00
0.603357    -0.685828   0.00    0.00    0.00    0.98    0.00
0.015455    0.220849    0.00    0.00    0.00    0.00    0.98
-0.138248   -0.140356   0.00    0.00    0.98    0.00    0.00
-0.679215   0.643260    0.98    0.00    0.00    0.00    0.00
0.646308    -0.612711   0.00    0.00    0.00    0.98    0.00
0.879325    0.240025    0.00    0.98    0.00    0.00    0.00
-0.238892   -0.147597   0.00    0.00    0.98    0.00    0.00
-0.768180   0.857286    0.98    0.00    0.00    0.00    0.00
0.169030    0.020963    0.00    0.00    0.00    0.00    0.98
0.184278    -0.627832   0.00    0.00    0.00    0.98    0.00
-0.193620   -0.772560   0.00    0.00    0.98    0.00    0.00
0.035081    0.575359    0.00    0.00    0.00    0.00    0.98
0.632255    -0.449188   0.00    0.00    0.00    0.98    0.00
0.212611    -0.274483   0.00    0.00    0.00    0.98    0.00
-0.797093   0.745804    0.98    0.00    0.00    0.00    0.00
-0.192550   -0.254739   0.00    0.00    0.98    0.00    0.00
-0.032185   0.357773    0.00    0.00    0.00    0.00    0.98
0.253720    0.891674    0.00    0.98    0.00    0.00    0.00
0.588471    -0.658418   0.00    0.00    0.00    0.98    0.00
-0.763134   -0.397848   0.00    0.00    0.98    0.00    0.00
0.621560    -0.745018   0.00    0.00    0.00    0.98    0.00
0.946551    -0.839711   0.00    0.00    0.00    0.98    0.00
-0.531078   -0.377347   0.00    0.00    0.98    0.00    0.00
0.707198    0.189847    0.00    0.98    0.00    0.00    0.00
-0.290831   -0.274893   0.00    0.00    0.98    0.00    0.00
-0.146267   -0.239502   0.00    0.00    0.98    0.00    0.00
0.950597    -0.306122   0.00    0.00    0.00    0.98    0.00
0.232280    0.703714    0.00    0.98    0.00    0.00    0.00
0.489592    -0.128341   0.00    0.00    0.00    0.98    0.00
-0.605138   -0.584231   0.00    0.00    0.98    0.00    0.00
-0.220723   0.074726    0.00    0.00    0.00    0.00    0.98
-0.551234   0.113556    0.98    0.00    0.00    0.00    0.00
0.097577    0.200580    0.00    0.00    0.00    0.00    0.98
-0.626988   -0.755269   0.00    0.00    0.98    0.00    0.00
-0.668540   0.130395    0.98    0.00    0.00    0.00    0.00
-0.065509   -0.719717   0.00    0.00    0.00    0.00    0.98
0.725820    -0.735628   0.00    0.00    0.00    0.98    0.00
0.023517    0.728300    0.00    0.00    0.00    0.00    0.98
0.319226    0.188719    0.00    0.98    0.00    0.00    0.00
-0.249071   -0.596574   0.00    0.00    0.98    0.00    0.00
0.829262    -0.921692   0.00    0.00    0.00    0.98    0.00
0.414791    0.191187    0.00    0.98    0.00    0.00    0.00
-0.083619   0.099379    0.00    0.00    0.00    0.00    0.98
0.765250    0.894111    0.00    0.98    0.00    0.00    0.00
0.030320    0.001030    0.00    0.00    0.00    0.00    0.98
0.991183    -0.664416   0.00    0.00    0.00    0.98    0.00
-0.816333   -0.011837   0.00    0.00    0.00    0.00    0.98
0.295164    0.046878    0.00    0.00    0.00    0.00    0.98
0.822000    0.197265    0.00    0.98    0.00    0.00    0.00
-0.082623   -0.234979   0.00    0.00    0.00    0.00    0.98
0.616298    -0.365856   0.00    0.00    0.00    0.98    0.00
-0.525357   -0.642403   0.00    0.00    0.98    0.00    0.00
-0.056543   -0.848024   0.00    0.00    0.00    0.00    0.98
0.930303    -0.491958   0.00    0.00    0.00    0.98    0.00
0.271443    0.702549    0.00    0.98    0.00    0.00    0.00
-0.876597   -0.604647   0.00    0.00    0.98    0.00    0.00
0.379129    0.711294    0.00    0.98    0.00    0.00    0.00
0.110940    -0.175005   0.00    0.00    0.00    0.98    0.00
0.302683    -0.969061   0.00    0.00    0.00    0.98    0.00
0.055800    0.491893    0.00    0.00    0.00    0.00    0.98
0.029256    -0.884625   0.00    0.00    0.00    0.00    0.98
0.702843    0.276551    0.00    0.98    0.00    0.00    0.00
-0.455639   0.633341    0.98    0.00    0.00    0.00    0.00
-0.247218   -0.888231   0.00    0.00    0.98    0.00    0.00
-0.860828   -0.285033   0.00    0.00    0.98    0.00    0.00
0.730962    0.053461    0.00    0.00    0.00    0.00    0.98
0.262102    0.971655    0.00    0.98    0.00    0.00    0.00
-0.966057   0.704887    0.98    0.00    0.00    0.00    0.00
0.260312    -0.155863   0.00    0.00    0.00    0.98    0.00
0.003464    0.818070    0.00    0.00    0.00    0.00    0.98
-0.550165   -0.592921   0.00    0.00    0.98    0.00    0.00
0.636576    0.127473    0.00    0.98    0.00    0.00    0.00
0.186295    0.601468    0.00    0.98    0.00    0.00    0.00
-0.195980   -0.819290   0.00    0.00    0.98    0.00    0.00
0.660275    -0.280035   0.00    0.00    0.00    0.98    0.00
0.839644    -0.663210   0.00    0.00    0.00    0.98    0.00
-0.560328   0.489100    0.98    0.00    0.00    0.00    0.00
0.615546    -0.620632   0.00    0.00    0.00    0.98    0.00
0.015580    0.008861    0.00    0.00    0.00    0.00    0.98
0.341094    0.132499    0.00    0.98    0.00    0.00    0.00
0.736316    -0.895209   0.00    0.00    0.00    0.98    0.00
-0.957251   0.613798    0.98    0.00    0.00    0.00    0.00
0.037690    0.773657    0.00    0.00    0.00    0.00    0.98
0.204215    -0.393790   0.00    0.00    0.00    0.98    0.00
0.864763    0.885953    0.00    0.98    0.00    0.00    0.00
-0.270255   0.183176    0.98    0.00    0.00    0.00    0.00
-0.974889   -0.549366   0.00    0.00    0.98    0.00    0.00
-0.629257   0.059463    0.00    0.00    0.00    0.00    0.98
-0.028592   -0.261954   0.00    0.00    0.00    0.00    0.98
0.366037    -0.361036   0.00    0.00    0.00    0.98    0.00
-0.456089   -0.835124   0.00    0.00    0.98    0.00    0.00
-0.746134   -0.379870   0.00    0.00    0.98    0.00    0.00
-0.176639   0.001833    0.00    0.00    0.00    0.00    0.98
0.820409    -0.028668   0.00    0.00    0.00    0.00    0.98
-0.732218   0.742931    0.98    0.00    0.00    0.00    0.00
-0.393330   0.920910    0.98    0.00    0.00    0.00    0.00
-0.385494   -0.659477   0.00    0.00    0.98    0.00    0.00
-0.529108   -0.807652   0.00    0.00    0.98    0.00    0.00
-0.822161   -0.162529   0.00    0.00    0.98    0.00    0.00
-0.005747   -0.902131   0.00    0.00    0.00    0.00    0.98
0.541144    -0.299381   0.00    0.00    0.00    0.98    0.00
0.422375    -0.272898   0.00    0.00    0.00    0.98    0.00
0.332492    -0.187186   0.00    0.00    0.00    0.98    0.00
-0.830582   -0.052296   0.00    0.00    0.00    0.00    0.98
0.355104    0.037080    0.00    0.00    0.00    0.00    0.98
-0.725659   -0.381024   0.00    0.00    0.98    0.00    0.00
0.157718    0.029141    0.00    0.00    0.00    0.00    0.98
-0.877061   0.988823    0.98    0.00    0.00    0.00    0.00
0.243529    0.386259    0.00    0.98    0.00    0.00    0.00
-0.521411   0.056940    0.00    0.00    0.00    0.00    0.98
-0.360857   -0.188488   0.00    0.00    0.98    0.00    0.00
0.376603    -0.736038   0.00    0.00    0.00    0.98    0.00
0.622689    0.941292    0.00    0.98    0.00    0.00    0.00
-0.471747   -0.653475   0.00    0.00    0.98    0.00    0.00
-0.828633   -0.384584   0.00    0.00    0.98    0.00    0.00
-0.314501   0.234487    0.98    0.00    0.00    0.00    0.00
0.869655    -0.371260   0.00    0.00    0.00    0.98    0.00
0.115916    -0.444463   0.00    0.00    0.00    0.98    0.00
-0.704480   0.971530    0.98    0.00    0.00    0.00    0.00
0.309318    -0.260269   0.00    0.00    0.00    0.98    0.00
0.625683    -0.082548   0.00    0.00    0.00    0.00    0.98
0.443592    -0.283403   0.00    0.00    0.00    0.98    0.00
0.515340    0.899425    0.00    0.98    0.00    0.00    0.00
-0.906197   -0.578411   0.00    0.00    0.98    0.00    0.00
0.458892    0.307547    0.00    0.98    0.00    0.00    0.00
0.770045    -0.338812   0.00    0.00    0.00    0.98    0.00
-0.321177   -0.540739   0.00    0.00    0.98    0.00    0.00
-0.140867   -0.333151   0.00    0.00    0.98    0.00    0.00
0.844766    0.059804    0.00    0.00    0.00    0.00    0.98
0.742045    0.902546    0.00    0.98    0.00    0.00    0.00
0.636700    0.156851    0.00    0.98    0.00    0.00    0.00
-0.671872   -0.886886   0.00    0.00    0.98    0.00    0.00
0.398636    -0.697111   0.00    0.00    0.00    0.98    0.00
-0.760596   -0.662842   0.00    0.00    0.98    0.00    0.00
0.485849    -0.332743   0.00    0.00    0.00    0.98    0.00
0.993794    0.754870    0.00    0.98    0.00    0.00    0.00
0.286425    -0.983698   0.00    0.00    0.00    0.98    0.00
-0.768551   0.334536    0.98    0.00    0.00    0.00    0.00
-0.183504   -0.290496   0.00    0.00    0.98    0.00    0.00
-0.742197   0.577127    0.98    0.00    0.00    0.00    0.00
0.436913    0.237362    0.00    0.98    0.00    0.00    0.00
0.340289    0.541980    0.00    0.98    0.00    0.00    0.00
-0.887937   0.927852    0.98    0.00    0.00    0.00    0.00
0.082319    -0.005105   0.00    0.00    0.00    0.00    0.98
0.416174    0.533163    0.00    0.98    0.00    0.00    0.00
0.199761    -0.611729   0.00    0.00    0.00    0.98    0.00
-0.620829   -0.104818   0.00    0.00    0.98    0.00    0.00
0.062862    0.557429    0.00    0.00    0.00    0.00    0.98
-0.851587   -0.988742   0.00    0.00    0.98    0.00    0.00
-0.838070   0.869589    0.98    0.00    0.00    0.00    0.00
-0.917045   -0.975256   0.00    0.00    0.98    0.00    0.00
0.373865    -0.718328   0.00    0.00    0.00    0.98    0.00
-0.398441   -0.564315   0.00    0.00    0.98    0.00    0.00
-0.234191   -0.973137   0.00    0.00    0.98    0.00    0.00
-0.725126   -0.535586   0.00    0.00    0.98    0.00    0.00
-0.447414   -0.009043   0.00    0.00    0.00    0.00    0.98
0.398794    0.140146    0.00    0.98    0.00    0.00    0.00
0.908664    -0.046351   0.00    0.00    0.00    0.00    0.98
0.730891    -0.284460   0.00    0.00    0.00    0.98    0.00
0.162910    0.022506    0.00    0.00    0.00    0.00    0.98
-0.657207   0.809027    0.98    0.00    0.00    0.00    0.00
0.943237    -0.815809   0.00    0.00    0.00    0.98    0.00
-0.694452   -0.083950   0.00    0.00    0.00    0.00    0.98
-0.165814   0.246652    0.98    0.00    0.00    0.00    0.00
-0.843935   -0.246657   0.00    0.00    0.98    0.00    0.00
-0.581331   0.371080    0.98    0.00    0.00    0.00    0.00
0.052873    0.663065    0.00    0.00    0.00    0.00    0.98
0.548837    -0.144580   0.00    0.00    0.00    0.98    0.00
-0.933133   0.209709    0.98    0.00    0.00    0.00    0.00
0.397940    0.948508    0.00    0.98    0.00    0.00    0.00
-0.699532   -0.994334   0.00    0.00    0.98    0.00    0.00
0.247202    0.485375    0.00    0.98    0.00    0.00    0.00
0.270286    0.069516    0.00    0.00    0.00    0.00    0.98
0.844147    -0.739107   0.00    0.00    0.00    0.98    0.00
-0.214164   0.812693    0.98    0.00    0.00    0.00    0.00
0.660946    0.312023    0.00    0.98    0.00    0.00    0.00
0.734247    -0.126669   0.00    0.00    0.00    0.98    0.00
0.330673    0.326850    0.00    0.98    0.00    0.00    0.00
-0.296783   -0.797714   0.00    0.00    0.98    0.00    0.00
-0.505725   0.315737    0.98    0.00    0.00    0.00    0.00
-0.583993   -0.672143   0.00    0.00    0.98    0.00    0.00
0.653250    0.855158    0.00    0.98    0.00    0.00    0.00
-0.718887   -0.924457   0.00    0.00    0.98    0.00    0.00
0.375490    0.653894    0.00    0.98    0.00    0.00    0.00
-0.778928   0.969451    0.98    0.00    0.00    0.00    0.00
-0.557668   -0.283850   0.00    0.00    0.98    0.00    0.00
0.014387    -0.863812   0.00    0.00    0.00    0.00    0.98
-0.853229   -0.288165   0.00    0.00    0.98    0.00    0.00
-0.547265   0.078812    0.00    0.00    0.00    0.00    0.98
-0.049232   -0.464217   0.00    0.00    0.00    0.00    0.98
0.945406    -0.611706   0.00    0.00    0.00    0.98    0.00
0.347950    0.695478    0.00    0.98    0.00    0.00    0.00
-0.272500   0.836029    0.98    0.00    0.00    0.00    0.00
0.216430    0.067240    0.00    0.00    0.00    0.00    0.98
-0.083493   -0.086234   0.00    0.00    0.00    0.00    0.98
0.119272    -0.378035   0.00    0.00    0.00    0.98    0.00
0.964325    0.444712    0.00    0.98    0.00    0.00    0.00
-0.885562   -0.641447   0.00    0.00    0.98    0.00    0.00
-0.359650   0.087919    0.00    0.00    0.00    0.00    0.98
0.317555    -0.889546   0.00    0.00    0.00    0.98    0.00
-0.351983   -0.741770   0.00    0.00    0.98    0.00    0.00
-0.131301   0.330133    0.98    0.00    0.00    0.00    0.00
-0.838565   -0.462257   0.00    0.00    0.98    0.00    0.00
0.962063    -0.597100   0.00    0.00    0.00    0.98    0.00
0.253287    -0.148412   0.00    0.00    0.00    0.98    0.00
0.676401    0.865925    0.00    0.98    0.00    0.00    0.00
-0.891164   0.863518    0.98    0.00    0.00    0.00    0.00
0.261595    0.847257    0.00    0.98    0.00    0.00    0.00
-0.772563   -0.071124   0.00    0.00    0.00    0.00    0.98
-0.454408   0.731187    0.98    0.00    0.00    0.00    0.00
0.084168    0.906710    0.00    0.00    0.00    0.00    0.98
-0.289222   -0.149932   0.00    0.00    0.98    0.00    0.00
-0.967179   -0.247236   0.00    0.00    0.98    0.00    0.00
0.030091    -0.114774   0.00    0.00    0.00    0.00    0.98
-0.895835   -0.489451   0.00    0.00    0.98    0.00    0.00
0.389303    -0.091974   0.00    0.00    0.00    0.00    0.98
-0.949146   -0.825610   0.00    0.00    0.98    0.00    0.00
0.445652    0.393869    0.00    0.98    0.00    0.00    0.00
0.663392    -0.208580   0.00    0.00    0.00    0.98    0.00
0.976698    0.153045    0.00    0.98    0.00    0.00    0.00
0.058641    -0.531262   0.00    0.00    0.00    0.00    0.98
0.428715    0.522399    0.00    0.98    0.00    0.00    0.00
0.770208    -0.667305   0.00    0.00    0.00    0.98    0.00
-0.595431   0.230549    0.98    0.00    0.00    0.00    0.00
-0.351284   -0.610119   0.00    0.00    0.98    0.00    0.00
-0.505709   -0.283233   0.00    0.00    0.98    0.00    0.00
0.140444    0.955839    0.00    0.98    0.00    0.00    0.00
-0.802150   -0.239579   0.00    0.00    0.98    0.00    0.00
-0.028433   -0.047132   0.00    0.00    0.00    0.00    0.98
-0.758855   0.997355    0.98    0.00    0.00    0.00    0.00
0.426603    -0.282353   0.00    0.00    0.00    0.98    0.00
0.528495    0.172124    0.00    0.98    0.00    0.00    0.00
-0.059287   -0.692517   0.00    0.00    0.00    0.00    0.98
0.624065    0.971558    0.00    0.98    0.00    0.00    0.00
-0.944645   -0.016534   0.00    0.00    0.00    0.00    0.98
-0.012645   0.211877    0.00    0.00    0.00    0.00    0.98
-0.562678   0.406049    0.98    0.00    0.00    0.00    0.00
0.188047    -0.102291   0.00    0.00    0.00    0.98    0.00
-0.937998   -0.484194   0.00    0.00    0.98    0.00    0.00
-0.372179   -0.855755   0.00    0.00    0.98    0.00    0.00
0.177826    -0.336497   0.00    0.00    0.00    0.98    0.00
0.853994    0.408220    0.00    0.98    0.00    0.00    0.00
-0.394129   -0.957652   0.00    0.00    0.98    0.00    0.00
-0.680869   0.126409    0.98    0.00    0.00    0.00    0.00
-0.108776   -0.097699   0.00    0.00    0.00    0.00    0.98
-0.746066   -0.433540   0.00    0.00    0.98    0.00    0.00
-0.512175   -0.103619   0.00    0.00    0.98    0.00    0.00
-0.663263   -0.883314   0.00    0.00    0.98    0.00    0.00
0.941638    -0.500773   0.00    0.00    0.00    0.98    0.00
0.138014    -0.766582   0.00    0.00    0.00    0.98    0.00
0.488207    0.008412    0.00    0.00    0.00    0.00    0.98
-0.747253   -0.344623   0.00    0.00    0.98    0.00    0.00
0.017450    0.947280    0.00    0.00    0.00    0.00    0.98
0.185660    -0.755520   0.00    0.00    0.00    0.98    0.00
0.576667    0.274417    0.00    0.98    0.00    0.00    0.00
0.920106    -0.827719   0.00    0.00    0.00    0.98    0.00
-0.564238   0.239389    0.98    0.00    0.00    0.00    0.00
0.349892    -0.144641   0.00    0.00    0.00    0.98    0.00
-0.497689   -0.940370   0.00    0.00    0.98    0.00    0.00
-0.048611   -0.121665   0.00    0.00    0.00    0.00    0.98
0.250976    -0.907327   0.00    0.00    0.00    0.98    0.00
0.256092    0.106040    0.00    0.98    0.00    0.00    0.00
-0.528489   0.774503    0.98    0.00    0.00    0.00    0.00
-0.043116   -0.602760   0.00    0.00    0.00    0.00    0.98
0.543075    -0.228372   0.00    0.00    0.00    0.98    0.00
-0.077505   -0.665915   0.00    0.00    0.00    0.00    0.98
0.643935    0.245824    0.00    0.98    0.00    0.00    0.00
0.592901    -0.763685   0.00    0.00    0.00    0.98    0.00
0.577624    0.601216    0.00    0.98    0.00    0.00    0.00
-0.432292   0.745706    0.98    0.00    0.00    0.00    0.00
0.791381    0.136967    0.00    0.98    0.00    0.00    0.00
-0.450443   -0.809701   0.00    0.00    0.98    0.00    0.00
-0.633404   0.305297    0.98    0.00    0.00    0.00    0.00
0.123102    -0.212073   0.00    0.00    0.00    0.98    0.00
-0.825845   0.272077    0.98    0.00    0.00    0.00    0.00
-0.233806   -0.636875   0.00    0.00    0.98    0.00    0.00
-0.163630   -0.052411   0.00    0.00    0.00    0.00    0.98
-0.954070   0.368753    0.98    0.00    0.00    0.00    0.00
-0.069953   0.758217    0.00    0.00    0.00    0.00    0.98
0.768726    0.396854    0.00    0.98    0.00    0.00    0.00
-0.183303   0.820409    0.98    0.00    0.00    0.00    0.00
0.789496    0.680892    0.00    0.98    0.00    0.00    0.00
0.798221    0.571121    0.00    0.98    0.00    0.00    0.00
-0.324709   0.059995    0.00    0.00    0.00    0.00    0.98
-0.080260   -0.422433   0.00    0.00    0.00    0.00    0.98
-0.186635   0.711699    0.98    0.00    0.00    0.00    0.00
0.523882    0.102231    0.00    0.98    0.00    0.00    0.00
-0.342745   -0.833852   0.00    0.00    0.98    0.00    0.00
-0.236685   0.205489    0.98    0.00    0.00    0.00    0.00
-0.346775   0.527755    0.98    0.00    0.00    0.00    0.00
-0.498304   0.677796    0.98    0.00    0.00    0.00    0.00
0.212950    -0.233099   0.00    0.00    0.00    0.98    0.00
0.379060    0.229924    0.00    0.98    0.00    0.00    0.00
-0.041832   0.842169    0.00    0.00    0.00    0.00    0.98
0.949681    0.074053    0.00    0.00    0.00    0.00    0.98
0.097062    -0.429756   0.00    0.00    0.00    0.00    0.98
-0.038510   0.558429    0.00    0.00    0.00    0.00    0.98
0.884592    0.006346    0.00    0.00    0.00    0.00    0.98
0.402275    0.609285    0.00    0.98    0.00    0.00    0.00
0.645040    -0.934128   0.00    0.00    0.00    0.98    0.00
-0.594327   0.522665    0.98    0.00    0.00    0.00    0.00
-0.570834   0.992011    0.98    0.00    0.00    0.00    0.00
0.314891    0.519054    0.00    0.98    0.00    0.00    0.00
-0.348409   -0.537789   0.00    0.00    0.98    0.00    0.00
0.837775    0.110069    0.00    0.98    0.00    0.00    0.00
0.776118    0.572307    0.00    0.98    0.00    0.00    0.00
-0.481603   0.988393    0.98    0.00    0.00    0.00    0.00
0.991717    -0.224446   0.00    0.00    0.00    0.98    0.00
-0.983269   0.862829    0.98    0.00    0.00    0.00    0.00
-0.219235   -0.384762   0.00    0.00    0.98    0.00    0.00
0.885352    0.420760    0.00    0.98    0.00    0.00    0.00
0.059424    0.346980    0.00    0.00    0.00    0.00    0.98
0.825883    -0.446698   0.00    0.00    0.00    0.98    0.00
0.091836    0.839841    0.00    0.00    0.00    0.00    0.98
-0.816679   -0.900040   0.00    0.00    0.98    0.00    0.00
0.318566    0.513940    0.00    0.98    0.00    0.00    0.00
0.654554    -0.265025   0.00    0.00    0.00    0.98    0.00
0.762505    -0.310453   0.00    0.00    0.00    0.98    0.00
-0.087717   -0.189530   0.00    0.00    0.00    0.00    0.98
-0.262595   0.306536    0.98    0.00    0.00    0.00    0.00
0.453298    0.703144    0.00    0.98    0.00    0.00    0.00
-0.871557   -0.274186   0.00    0.00    0.98    0.00    0.00
0.126119    0.522338    0.00    0.98    0.00    0.00    0.00
-0.823962   -0.529068   0.00    0.00    0.98    0.00    0.00
0.617814    0.784358    0.00    0.98    0.00    0.00    0.00
-0.330363   -0.249067   0.00    0.00    0.98    0.00    0.00
-0.841961   -0.623686   0.00    0.00    0.98    0.00    0.00
-0.779581   0.167801    0.98    0.00    0.00    0.00    0.00
-0.262104   0.721498    0.98    0.00    0.00    0.00    0.00
0.805171    0.018679    0.00    0.00    0.00    0.00    0.98
-0.778495   0.471766    0.98    0.00    0.00    0.00    0.00
0.893884    -0.544099   0.00    0.00    0.00    0.98    0.00
-0.299446   0.355990    0.98    0.00    0.00    0.00    0.00
-0.782767   0.394184    0.98    0.00    0.00    0.00    0.00
0.589485    -0.166257   0.00    0.00    0.00    0.98    0.00
0.870119    -0.653111   0.00    0.00    0.00    0.98    0.00
-0.037183   0.203309    0.00    0.00    0.00    0.00    0.98
-0.922086   -0.631583   0.00    0.00    0.98    0.00    0.00
0.473454    0.671463    0.00    0.98    0.00    0.00    0.00
-0.672268   0.933738    0.98    0.00    0.00    0.00    0.00
0.084260    -0.440513   0.00    0.00    0.00    0.00    0.98
-0.262182   -0.895262   0.00    0.00    0.98    0.00    0.00
0.144008    -0.948674   0.00    0.00    0.00    0.98    0.00
0.302697    0.165013    0.00    0.98    0.00    0.00    0.00
0.176004    -0.615608   0.00    0.00    0.00    0.98    0.00
0.227369    -0.326858   0.00    0.00    0.00    0.98    0.00
-0.289882   0.277543    0.98    0.00    0.00    0.00    0.00
0.370543    0.120595    0.00    0.98    0.00    0.00    0.00
0.950009    0.073539    0.00    0.00    0.00    0.00    0.98
-0.235351   -0.065158   0.00    0.00    0.00    0.00    0.98
0.523150    0.014191    0.00    0.00    0.00    0.00    0.98
0.812335    0.937662    0.00    0.98    0.00    0.00    0.00
0.754044    0.470700    0.00    0.98    0.00    0.00    0.00
0.682239    0.653204    0.00    0.98    0.00    0.00    0.00
-0.581811   0.431865    0.98    0.00    0.00    0.00    0.00
0.089290    -0.105568   0.00    0.00    0.00    0.00    0.98
-0.493659   0.253699    0.98    0.00    0.00    0.00    0.00
-0.295790   0.984691    0.98    0.00    0.00    0.00    0.00
-0.243766   0.220038    0.98    0.00    0.00    0.00    0.00
-0.378478   -0.873511   0.00    0.00    0.98    0.00    0.00
0.289881    0.506492    0.00    0.98    0.00    0.00    0.00
-0.393887   0.453337    0.98    0.00    0.00    0.00    0.00
-0.482800   0.895148    0.98    0.00    0.00    0.00    0.00
0.280644    -0.804553   0.00    0.00    0.00    0.98    0.00
-0.104508   -0.984947   0.00    0.00    0.98    0.00    0.00
-0.656597   -0.799269   0.00    0.00    0.98    0.00    0.00
0.060223    0.683694    0.00    0.00    0.00    0.00    0.98
-0.678046   0.262441    0.98    0.00    0.00    0.00    0.00
-0.026800   0.723259    0.00    0.00    0.00    0.00    0.98
0.938603    0.773970    0.00    0.98    0.00    0.00    0.00
0.787010    0.873293    0.00    0.98    0.00    0.00    0.00
0.975778    -0.008908   0.00    0.00    0.00    0.00    0.98
-0.120641   0.280887    0.98    0.00    0.00    0.00    0.00
0.948506    0.030221    0.00    0.00    0.00    0.00    0.98
0.699138    -0.217969   0.00    0.00    0.00    0.98    0.00
-0.741913   -0.112976   0.00    0.00    0.98    0.00    0.00
-0.347516   0.304161    0.98    0.00    0.00    0.00    0.00
-0.626940   0.495296    0.98    0.00    0.00    0.00    0.00
-0.636531   -0.205406   0.00    0.00    0.98    0.00    0.00
-0.583286   -0.142367   0.00    0.00    0.98    0.00    0.00
0.788858    0.978861    0.00    0.98    0.00    0.00    0.00
-0.247202   -0.191933   0.00    0.00    0.98    0.00    0.00
0.148222    0.299801    0.00    0.98    0.00    0.00    0.00
-0.382815   -0.154717   0.00    0.00    0.98    0.00    0.00
0.607246    -0.787129   0.00    0.00    0.00    0.98    0.00
0.317898    0.348903    0.00    0.98    0.00    0.00    0.00
-0.575359   -0.505982   0.00    0.00    0.98    0.00    0.00
-0.241792   0.170862    0.98    0.00    0.00    0.00    0.00
-0.651699   0.097916    0.00    0.00    0.00    0.00    0.98
0.359589    0.824523    0.00    0.98    0.00    0.00    0.00
0.250844    -0.399186   0.00    0.00    0.00    0.98    0.00
0.665204    -0.578615   0.00    0.00    0.00    0.98    0.00
-0.239842   -0.053938   0.00    0.00    0.00    0.00    0.98
-0.112181   -0.280110   0.00    0.00    0.98    0.00    0.00
-0.323057   0.242930    0.98    0.00    0.00    0.00    0.00
0.616925    0.949493    0.00    0.98    0.00    0.00    0.00
0.667631    -0.380168   0.00    0.00    0.00    0.98    0.00
-0.587772   -0.333169   0.00    0.00    0.98    0.00    0.00
-0.335467   -0.911962   0.00    0.00    0.98    0.00    0.00
0.573995    0.249360    0.00    0.98    0.00    0.00    0.00
0.993078    -0.115662   0.00    0.00    0.00    0.98    0.00
0.701832    -0.865251   0.00    0.00    0.00    0.98    0.00
0.530864    0.204665    0.00    0.98    0.00    0.00    0.00
0.460683    0.464556    0.00    0.98    0.00    0.00    0.00
-0.139704   0.182731    0.98    0.00    0.00    0.00    0.00
-0.607704   0.422636    0.98    0.00    0.00    0.00    0.00
0.861464    -0.470095   0.00    0.00    0.00    0.98    0.00
0.124572    -0.900074   0.00    0.00    0.00    0.98    0.00
-0.857866   0.037325    0.00    0.00    0.00    0.00    0.98
0.072784    -0.989804   0.00    0.00    0.00    0.00    0.98
0.540469    0.842635    0.00    0.98    0.00    0.00    0.00
-0.965725   0.823422    0.98    0.00    0.00    0.00    0.00
0.867124    -0.645840   0.00    0.00    0.00    0.98    0.00
-0.269412   -0.081252   0.00    0.00    0.00    0.00    0.98
0.103994    -0.211581   0.00    0.00    0.00    0.98    0.00
-0.373167   0.264909    0.98    0.00    0.00    0.00    0.00
0.286035    -0.855486   0.00    0.00    0.00    0.98    0.00
-0.232877   0.088851    0.00    0.00    0.00    0.00    0.98
-0.327100   0.490570    0.98    0.00    0.00    0.00    0.00
-0.435582   -0.105846   0.00    0.00    0.98    0.00    0.00
0.865159    0.158754    0.00    0.98    0.00    0.00    0.00
-0.935924   -0.602378   0.00    0.00    0.98    0.00    0.00
0.194565    -0.205965   0.00    0.00    0.00    0.98    0.00
0.114207    -0.243629   0.00    0.00    0.00    0.98    0.00
0.612915    0.752535    0.00    0.98    0.00    0.00    0.00
0.040137    -0.399514   0.00    0.00    0.00    0.00    0.98
-0.026911   -0.751694   0.00    0.00    0.00    0.00    0.98
-0.450952   0.743968    0.98    0.00    0.00    0.00    0.00
-0.605806   -0.624072   0.00    0.00    0.98    0.00    0.00
0.961692    -0.240472   0.00    0.00    0.00    0.98    0.00
-0.234844   -0.345350   0.00    0.00    0.98    0.00    0.00
0.306506    0.398477    0.00    0.98    0.00    0.00    0.00
-0.065949   0.282434    0.00    0.00    0.00    0.00    0.98
0.001695    -0.404147   0.00    0.00    0.00    0.00    0.98
-0.271558   -0.485767   0.00    0.00    0.98    0.00    0.00
-0.478346   -0.124309   0.00    0.00    0.98    0.00    0.00
-0.880997   -0.448461   0.00    0.00    0.98    0.00    0.00
-0.479900   -0.637878   0.00    0.00    0.98    0.00    0.00
-0.385303   -0.326159   0.00    0.00    0.98    0.00    0.00
-0.340294   -0.022730   0.00    0.00    0.00    0.00    0.98
-0.622949   0.949907    0.98    0.00    0.00    0.00    0.00
0.395527    0.992037    0.00    0.98    0.00    0.00    0.00
-0.489082   -0.331240   0.00    0.00    0.98    0.00    0.00
-0.097265   0.359491    0.00    0.00    0.00    0.00    0.98
0.694109    -0.558820   0.00    0.00    0.00    0.98    0.00
0.035888    -0.399472   0.00    0.00    0.00    0.00    0.98
-0.147529   -0.805069   0.00    0.00    0.98    0.00    0.00
-0.070039   -0.931367   0.00    0.00    0.00    0.00    0.98
-0.377392   -0.227617   0.00    0.00    0.98    0.00    0.00
0.859372    0.082316    0.00    0.00    0.00    0.00    0.98
0.172373    -0.983433   0.00    0.00    0.00    0.98    0.00
-0.552715   -0.052354   0.00    0.00    0.00    0.00    0.98
0.118506    -0.412828   0.00    0.00    0.00    0.98    0.00
0.589815    -0.486804   0.00    0.00    0.00    0.98    0.00
0.639102    0.722195    0.00    0.98    0.00    0.00    0.00
0.586902    -0.083414   0.00    0.00    0.00    0.00    0.98
-0.555467   -0.480873   0.00    0.00    0.98    0.00    0.00
-0.050034   0.958447    0.00    0.00    0.00    0.00    0.98
0.927888    -0.209476   0.00    0.00    0.00    0.98    0.00
-0.833842   0.717027    0.98    0.00    0.00    0.00    0.00
-0.663276   0.115552    0.98    0.00    0.00    0.00    0.00
-0.008068   -0.019896   0.00    0.00    0.00    0.00    0.98
0.507509    -0.715120   0.00    0.00    0.00    0.98    0.00
-0.546636   -0.498203   0.00    0.00    0.98    0.00    0.00
0.620987    0.818223    0.00    0.98    0.00    0.00    0.00
-0.508691   -0.253421   0.00    0.00    0.98    0.00    0.00
-0.007477   0.041651    0.00    0.00    0.00    0.00    0.98
0.928920    -0.581120   0.00    0.00    0.00    0.98    0.00
-0.709552   -0.934045   0.00    0.00    0.98    0.00    0.00
0.086897    0.527642    0.00    0.00    0.00    0.00    0.98
-0.490708   -0.729878   0.00    0.00    0.98    0.00    0.00
-0.629856   -0.360614   0.00    0.00    0.98    0.00    0.00
0.298887    -0.123606   0.00    0.00    0.00    0.98    0.00
-0.596848   0.501216    0.98    0.00    0.00    0.00    0.00
-0.825696   -0.226565   0.00    0.00    0.98    0.00    0.00
-0.531074   0.074648    0.00    0.00    0.00    0.00    0.98
0.891978    -0.974925   0.00    0.00    0.00    0.98    0.00
-0.634167   -0.235524   0.00    0.00    0.98    0.00    0.00
0.300863    -0.596343   0.00    0.00    0.00    0.98    0.00
-0.164573   -0.843136   0.00    0.00    0.98    0.00    0.00
0.777533    -0.255776   0.00    0.00    0.00    0.98    0.00
-0.625092   -0.312485   0.00    0.00    0.98    0.00    0.00
-0.997870   0.794744    0.98    0.00    0.00    0.00    0.00
0.393655    -0.363800   0.00    0.00    0.00    0.98    0.00
-0.267546   -0.461502   0.00    0.00    0.98    0.00    0.00
0.377838    -0.125882   0.00    0.00    0.00    0.98    0.00
-0.552737   0.422791    0.98    0.00    0.00    0.00    0.00
-0.756999   -0.599325   0.00    0.00    0.98    0.00    0.00
0.783422    -0.246192   0.00    0.00    0.00    0.98    0.00
0.241488    0.793019    0.00    0.98    0.00    0.00    0.00
-0.374698   0.030397    0.00    0.00    0.00    0.00    0.98
-0.945047   0.934645    0.98    0.00    0.00    0.00    0.00
-0.516898   0.881833    0.98    0.00    0.00    0.00    0.00
-0.355459   -0.088513   0.00    0.00    0.00    0.00    0.98
-0.697495   0.518000    0.98    0.00    0.00    0.00    0.00
0.521667    -0.118597   0.00    0.00    0.00    0.98    0.00
-0.376225   0.863351    0.98    0.00    0.00    0.00    0.00
0.555806    -0.701705   0.00    0.00    0.00    0.98    0.00
-0.504229   -0.407289   0.00    0.00    0.98    0.00    0.00
-0.290635   -0.698190   0.00    0.00    0.98    0.00    0.00
-0.098287   -0.224867   0.00    0.00    0.00    0.00    0.98
-0.771301   0.391527    0.98    0.00    0.00    0.00    0.00
-0.233238   0.434012    0.98    0.00    0.00    0.00    0.00
0.407859    -0.914963   0.00    0.00    0.00    0.98    0.00
0.921122    -0.828875   0.00    0.00    0.00    0.98    0.00
-0.379931   0.864616    0.98    0.00    0.00    0.00    0.00
0.353874    -0.008085   0.00    0.00    0.00    0.00    0.98
0.983622    -0.433364   0.00    0.00    0.00    0.98    0.00
-0.819500   -0.936563   0.00    0.00    0.98    0.00    0.00
0.756171    0.122215    0.00    0.98    0.00    0.00    0.00
0.222304    -0.493219   0.00    0.00    0.00    0.98    0.00
-0.461933   -0.117976   0.00    0.00    0.98    0.00    0.00
-0.317164   -0.086147   0.00    0.00    0.00    0.00    0.98
-0.543408   0.241725    0.98    0.00    0.00    0.00    0.00
0.225059    -0.372268   0.00    0.00    0.00    0.98    0.00
0.729267    -0.460654   0.00    0.00    0.00    0.98    0.00
-0.275080   0.870771    0.98    0.00    0.00    0.00    0.00
-0.841056   -0.982302   0.00    0.00    0.98    0.00    0.00
-0.502869   -0.969686   0.00    0.00    0.98    0.00    0.00
-0.793993   -0.546595   0.00    0.00    0.98    0.00    0.00
-0.323083   -0.276522   0.00    0.00    0.98    0.00    0.00
0.198350    -0.661095   0.00    0.00    0.00    0.98    0.00
-0.484583   0.283471    0.98    0.00    0.00    0.00    0.00
-0.780997   -0.446993   0.00    0.00    0.98    0.00    0.00
0.324663    -0.463807   0.00    0.00    0.00    0.98    0.00
-0.674841   -0.998746   0.00    0.00    0.98    0.00    0.00
-0.979454   0.457532    0.98    0.00    0.00    0.00    0.00
0.311590    0.774993    0.00    0.98    0.00    0.00    0.00
-0.530703   0.933018    0.98    0.00    0.00    0.00    0.00
0.807200    -0.681298   0.00    0.00    0.00    0.98    0.00
-0.297168   -0.747701   0.00    0.00    0.98    0.00    0.00
0.496698    -0.542352   0.00    0.00    0.00    0.98    0.00
-0.272863   -0.799390   0.00    0.00    0.98    0.00    0.00
0.669712    0.075304    0.00    0.00    0.00    0.00    0.98
0.585537    0.157171    0.00    0.98    0.00    0.00    0.00
0.052860    0.206201    0.00    0.00    0.00    0.00    0.98
0.327353    -0.484669   0.00    0.00    0.00    0.98    0.00
0.585380    -0.890747   0.00    0.00    0.00    0.98    0.00
-0.746755   -0.239983   0.00    0.00    0.98    0.00    0.00
-0.111712   -0.162485   0.00    0.00    0.98    0.00    0.00
-0.783619   0.308086    0.98    0.00    0.00    0.00    0.00
-0.199380   0.860222    0.98    0.00    0.00    0.00    0.00
-0.327443   -0.381975   0.00    0.00    0.98    0.00    0.00
-0.356499   0.382296    0.98    0.00    0.00    0.00    0.00
0.105549    0.974880    0.00    0.98    0.00    0.00    0.00
-0.033804   -0.814207   0.00    0.00    0.00    0.00    0.98
-0.435083   0.543319    0.98    0.00    0.00    0.00    0.00
-0.165847   -0.776929   0.00    0.00    0.98    0.00    0.00
0.614046    -0.594402   0.00    0.00    0.00    0.98    0.00
0.863056    -0.559729   0.00    0.00    0.00    0.98    0.00
-0.918503   -0.258670   0.00    0.00    0.98    0.00    0.00
0.983279    -0.218995   0.00    0.00    0.00    0.98    0.00
-0.181660   -0.738108   0.00    0.00    0.98    0.00    0.00
-0.958259   -0.619012   0.00    0.00    0.98    0.00    0.00
-0.056935   -0.791870   0.00    0.00    0.00    0.00    0.98
0.551204    -0.633456   0.00    0.00    0.00    0.98    0.00
0.599324    -0.335413   0.00    0.00    0.00    0.98    0.00
-0.697385   -0.993263   0.00    0.00    0.98    0.00    0.00
0.137384    -0.425285   0.00    0.00    0.00    0.98    0.00
0.429828    -0.619341   0.00    0.00    0.00    0.98    0.00
-0.144055   -0.737888   0.00    0.00    0.98    0.00    0.00
-0.542944   0.522104    0.98    0.00    0.00    0.00    0.00
0.481481    -0.170867   0.00    0.00    0.00    0.98    0.00
-0.935123   0.354644    0.98    0.00    0.00    0.00    0.00
-0.804040   0.749407    0.98    0.00    0.00    0.00    0.00
0.549555    0.449689    0.00    0.98    0.00    0.00    0.00
-0.949136   -0.137667   0.00    0.00    0.98    0.00    0.00
-0.477892   -0.484721   0.00    0.00    0.98    0.00    0.00
-0.453970   -0.048724   0.00    0.00    0.00    0.00    0.98
0.634265    0.529815    0.00    0.98    0.00    0.00    0.00
0.023981    0.696534    0.00    0.00    0.00    0.00    0.98
0.502942    0.497504    0.00    0.98    0.00    0.00    0.00
0.672171    -0.185156   0.00    0.00    0.00    0.98    0.00
-0.179411   0.713241    0.98    0.00    0.00    0.00    0.00
0.597422    0.476587    0.00    0.98    0.00    0.00    0.00
-0.954469   0.459268    0.98    0.00    0.00    0.00    0.00
-0.222264   -0.145872   0.00    0.00    0.98    0.00    0.00
-0.621830   0.446132    0.98    0.00    0.00    0.00    0.00
0.620982    0.909172    0.00    0.98    0.00    0.00    0.00
0.686283    0.126508    0.00    0.98    0.00    0.00    0.00
-0.575675   0.237288    0.98    0.00    0.00    0.00    0.00
-0.037045   -0.687851   0.00    0.00    0.00    0.00    0.98
0.543430    -0.641855   0.00    0.00    0.00    0.98    0.00
0.946912    -0.610197   0.00    0.00    0.00    0.98    0.00
-0.046107   -0.323577   0.00    0.00    0.00    0.00    0.98
0.757132    0.412538    0.00    0.98    0.00    0.00    0.00
-0.200489   -0.371031   0.00    0.00    0.98    0.00    0.00
-0.051597   0.564854    0.00    0.00    0.00    0.00    0.98
0.200796    0.548490    0.00    0.98    0.00    0.00    0.00
-0.231304   0.272009    0.98    0.00    0.00    0.00    0.00
-0.567263   0.402124    0.98    0.00    0.00    0.00    0.00
-0.039471   0.638566    0.00    0.00    0.00    0.00    0.98
-0.465270   -0.454795   0.00    0.00    0.98    0.00    0.00
0.858504    0.872505    0.00    0.98    0.00    0.00    0.00
-0.284125   -0.036177   0.00    0.00    0.00    0.00    0.98
0.313842    0.777922    0.00    0.98    0.00    0.00    0.00
-0.700372   0.472697    0.98    0.00    0.00    0.00    0.00
0.550816    -0.008744   0.00    0.00    0.00    0.00    0.98
0.495807    -0.119573   0.00    0.00    0.00    0.98    0.00
-0.225858   0.118595    0.98    0.00    0.00    0.00    0.00
-0.469010   -0.088399   0.00    0.00    0.00    0.00    0.98
0.236967    0.700044    0.00    0.98    0.00    0.00    0.00
-0.264357   -0.811088   0.00    0.00    0.98    0.00    0.00
-0.971825   -0.308290   0.00    0.00    0.98    0.00    0.00
0.318905    0.937885    0.00    0.98    0.00    0.00    0.00
0.549711    0.760723    0.00    0.98    0.00    0.00    0.00
-0.407075   -0.987169   0.00    0.00    0.98    0.00    0.00
-0.222369   -0.790087   0.00    0.00    0.98    0.00    0.00
-0.477362   -0.906233   0.00    0.00    0.98    0.00    0.00
0.483721    -0.714175   0.00    0.00    0.00    0.98    0.00
-0.444583   -0.207636   0.00    0.00    0.98    0.00    0.00
0.833566    -0.766321   0.00    0.00    0.00    0.98    0.00
-0.223518   -0.876035   0.00    0.00    0.98    0.00    0.00
-0.468828   -0.392242   0.00    0.00    0.98    0.00    0.00
0.053245    -0.534925   0.00    0.00    0.00    0.00    0.98
0.814031    -0.310429   0.00    0.00    0.00    0.98    0.00
-0.334527   0.180146    0.98    0.00    0.00    0.00    0.00
0.749306    0.686538    0.00    0.98    0.00    0.00    0.00
0.663786    -0.906768   0.00    0.00    0.00    0.98    0.00
0.880310    0.487645    0.00    0.98    0.00    0.00    0.00
-0.927283   0.530414    0.98    0.00    0.00    0.00    0.00
-0.489636   0.722375    0.98    0.00    0.00    0.00    0.00
0.977594    0.223591    0.00    0.98    0.00    0.00    0.00
-0.712884   -0.853974   0.00    0.00    0.98    0.00    0.00
0.568389    -0.391199   0.00    0.00    0.00    0.98    0.00
-0.927251   0.243159    0.98    0.00    0.00    0.00    0.00
-0.387265   -0.422493   0.00    0.00    0.98    0.00    0.00
0.753346    -0.912953   0.00    0.00    0.00    0.98    0.00
0.980594    0.059295    0.00    0.00    0.00    0.00    0.98
-0.918950   -0.359091   0.00    0.00    0.98    0.00    0.00
-0.693427   0.011657    0.00    0.00    0.00    0.00    0.98
0.193580    -0.309902   0.00    0.00    0.00    0.98    0.00
-0.600367   0.266797    0.98    0.00    0.00    0.00    0.00
0.163044    -0.805998   0.00    0.00    0.00    0.98    0.00
-0.481353   0.243281    0.98    0.00    0.00    0.00    0.00
-0.247647   -0.019155   0.00    0.00    0.00    0.00    0.98
0.562055    -0.334003   0.00    0.00    0.00    0.98    0.00
-0.391340   -0.803311   0.00    0.00    0.98    0.00    0.00
-0.617266   0.457856    0.98    0.00    0.00    0.00    0.00
-0.638174   -0.044136   0.00    0.00    0.00    0.00    0.98
-0.191128   -0.916919   0.00    0.00    0.98    0.00    0.00
-0.847052   -0.396488   0.00    0.00    0.98    0.00    0.00
0.616565    -0.142013   0.00    0.00    0.00    0.98    0.00
-0.572896   -0.276654   0.00    0.00    0.98    0.00    0.00
0.825208    0.623538    0.00    0.98    0.00    0.00    0.00
0.775298    0.703908    0.00    0.98    0.00    0.00    0.00
0.144935    -0.342671   0.00    0.00    0.00    0.98    0.00
0.333951    0.179629    0.00    0.98    0.00    0.00    0.00
-0.212271   0.131289    0.98    0.00    0.00    0.00    0.00
-0.946870   0.332630    0.98    0.00    0.00    0.00    0.00
0.210407    0.415227    0.00    0.98    0.00    0.00    0.00
0.070590    -0.228301   0.00    0.00    0.00    0.00    0.98
-0.919111   -0.744535   0.00    0.00    0.98    0.00    0.00
-0.378091   -0.132198   0.00    0.00    0.98    0.00    0.00
-0.744912   0.535596    0.98    0.00    0.00    0.00    0.00
-0.984228   -0.205275   0.00    0.00    0.98    0.00    0.00
0.306617    0.016145    0.00    0.00    0.00    0.00    0.98
-0.006926   -0.017465   0.00    0.00    0.00    0.00    0.98
-0.052870   -0.490167   0.00    0.00    0.00    0.00    0.98
-0.402805   -0.924093   0.00    0.00    0.98    0.00    0.00
-0.915064   -0.805098   0.00    0.00    0.98    0.00    0.00
-0.890972   0.219671    0.98    0.00    0.00    0.00    0.00
-0.587857   -0.250769   0.00    0.00    0.98    0.00    0.00
-0.657812   0.710609    0.98    0.00    0.00    0.00    0.00
-0.942243   -0.792385   0.00    0.00    0.98    0.00    0.00
0.498401    -0.081343   0.00    0.00    0.00    0.00    0.98
0.847122    0.062111    0.00    0.00    0.00    0.00    0.98
-0.903305   0.348457    0.98    0.00    0.00    0.00    0.00
-0.448967   0.511768    0.98    0.00    0.00    0.00    0.00
0.149806    -0.729950   0.00    0.00    0.00    0.98    0.00
-0.776033   -0.136656   0.00    0.00    0.98    0.00    0.00
-0.501716   -0.132284   0.00    0.00    0.98    0.00    0.00
-0.082790   0.790421    0.00    0.00    0.00    0.00    0.98
0.804037    0.024319    0.00    0.00    0.00    0.00    0.98
0.223858    -0.798299   0.00    0.00    0.00    0.98    0.00
0.431206    -0.292195   0.00    0.00    0.00    0.98    0.00
0.203512    -0.227277   0.00    0.00    0.00    0.98    0.00
0.669635    -0.009143   0.00    0.00    0.00    0.00    0.98
-0.740345   0.104034    0.98    0.00    0.00    0.00    0.00
0.371630    0.129858    0.00    0.98    0.00    0.00    0.00
0.419730    -0.461602   0.00    0.00    0.00    0.98    0.00
0.485161    0.812287    0.00    0.98    0.00    0.00    0.00
0.144898    -0.760256   0.00    0.00    0.00    0.98    0.00
-0.710584   0.783560    0.98    0.00    0.00    0.00    0.00
-0.296114   -0.253596   0.00    0.00    0.98    0.00    0.00
0.812865    -0.802091   0.00    0.00    0.00    0.98    0.00
0.363033    -0.318898   0.00    0.00    0.00    0.98    0.00
-0.086597   -0.212837   0.00    0.00    0.00    0.00    0.98
0.956724    -0.862969   0.00    0.00    0.00    0.98    0.00
-0.620017   0.346020    0.98    0.00    0.00    0.00    0.00
-0.953513   -0.363467   0.00    0.00    0.98    0.00    0.00
0.511702    0.621128    0.00    0.98    0.00    0.00    0.00
-0.474505   -0.611948   0.00    0.00    0.98    0.00    0.00
0.838672    0.611810    0.00    0.98    0.00    0.00    0.00
0.217914    -0.761387   0.00    0.00    0.00    0.98    0.00
-0.186902   0.280290    0.98    0.00    0.00    0.00    0.00
0.717372    -0.724827   0.00    0.00    0.00    0.98    0.00
-0.210314   0.305595    0.98    0.00    0.00    0.00    0.00
-0.167370   0.968135    0.98    0.00    0.00    0.00    0.00
-0.307713   0.163193    0.98    0.00    0.00    0.00    0.00
-0.811778   0.784512    0.98    0.00    0.00    0.00    0.00
-0.292230   0.186381    0.98    0.00    0.00    0.00    0.00
0.778967    0.024492    0.00    0.00    0.00    0.00    0.98
0.794429    -0.204291   0.00    0.00    0.00    0.98    0.00
0.601285    0.178692    0.00    0.98    0.00    0.00    0.00
0.458275    0.568799    0.00    0.98    0.00    0.00    0.00
-0.863210   0.700316    0.98    0.00    0.00    0.00    0.00
0.706599    0.363420    0.00    0.98    0.00    0.00    0.00
0.819292    0.497569    0.00    0.98    0.00    0.00    0.00
0.872126    0.201456    0.00    0.98    0.00    0.00    0.00
0.070385    -0.584917   0.00    0.00    0.00    0.00    0.98
-0.463059   -0.778169   0.00    0.00    0.98    0.00    0.00
-0.568329   -0.942459   0.00    0.00    0.98    0.00    0.00
0.200646    -0.501848   0.00    0.00    0.00    0.98    0.00
-0.940284   -0.471828   0.00    0.00    0.98    0.00    0.00
0.922401    -0.008085   0.00    0.00    0.00    0.00    0.98
0.380662    0.421193    0.00    0.98    0.00    0.00    0.00
0.747062    0.025936    0.00    0.00    0.00    0.00    0.98
-0.930388   0.395435    0.98    0.00    0.00    0.00    0.00
0.752646    0.930598    0.00    0.98    0.00    0.00    0.00
0.620975    -0.953659   0.00    0.00    0.00    0.98    0.00
0.555759    -0.077825   0.00    0.00    0.00    0.00    0.98
-0.769963   -0.901903   0.00    0.00    0.98    0.00    0.00
0.517662    0.911328    0.00    0.98    0.00    0.00    0.00
0.719089    0.295292    0.00    0.98    0.00    0.00    0.00
-0.604156   -0.860287   0.00    0.00    0.98    0.00    0.00
-0.878581   -0.894451   0.00    0.00    0.98    0.00    0.00
-0.211490   0.504985    0.98    0.00    0.00    0.00    0.00
0.024939    -0.020077   0.00    0.00    0.00    0.00    0.98
0.381567    -0.518616   0.00    0.00    0.00    0.98    0.00
0.136408    0.261314    0.00    0.98    0.00    0.00    0.00
0.239452    -0.318849   0.00    0.00    0.00    0.98    0.00
0.625785    0.067277    0.00    0.00    0.00    0.00    0.98
-0.518005   0.147173    0.98    0.00    0.00    0.00    0.00
0.827603    -0.067593   0.00    0.00    0.00    0.00    0.98
-0.307478   0.621281    0.98    0.00    0.00    0.00    0.00
0.482878    0.334725    0.00    0.98    0.00    0.00    0.00
0.068473    -0.113829   0.00    0.00    0.00    0.00    0.98
-0.173540   -0.143299   0.00    0.00    0.98    0.00    0.00
-0.489214   0.850198    0.98    0.00    0.00    0.00    0.00
-0.799113   0.647332    0.98    0.00    0.00    0.00    0.00
0.471562    -0.675260   0.00    0.00    0.00    0.98    0.00
-0.353967   0.452587    0.98    0.00    0.00    0.00    0.00
0.656049    0.380143    0.00    0.98    0.00    0.00    0.00
0.739182    0.074501    0.00    0.00    0.00    0.00    0.98
0.875192    0.747983    0.00    0.98    0.00    0.00    0.00
-0.359947   0.087301    0.00    0.00    0.00    0.00    0.98
-0.934122   -0.821821   0.00    0.00    0.98    0.00    0.00
-0.053388   -0.351412   0.00    0.00    0.00    0.00    0.98
-0.929158   0.191886    0.98    0.00    0.00    0.00    0.00
-0.562396   -0.549482   0.00    0.00    0.98    0.00    0.00
-0.672963   0.729229    0.98    0.00    0.00    0.00    0.00
0.127621    0.757584    0.00    0.98    0.00    0.00    0.00
-0.022220   -0.764894   0.00    0.00    0.00    0.00    0.98
-0.229574   0.967553    0.98    0.00    0.00    0.00    0.00
0.508428    0.807606    0.00    0.98    0.00    0.00    0.00
0.544588    -0.705712   0.00    0.00    0.00    0.98    0.00
-0.349379   -0.015032   0.00    0.00    0.00    0.00    0.98
0.392581    0.929749    0.00    0.98    0.00    0.00    0.00
-0.392612   0.912157    0.98    0.00    0.00    0.00    0.00
0.850631    0.807421    0.00    0.98    0.00    0.00    0.00
0.720890    -0.915587   0.00    0.00    0.00    0.98    0.00
0.844459    -0.821332   0.00    0.00    0.00    0.98    0.00
-0.757665   -0.891190   0.00    0.00    0.98    0.00    0.00
-0.188354   0.388660    0.98    0.00    0.00    0.00    0.00
0.910406    -0.519596   0.00    0.00    0.00    0.98    0.00
0.728901    0.852444    0.00    0.98    0.00    0.00    0.00
-0.203520   -0.396988   0.00    0.00    0.98    0.00    0.00
0.376116    0.367561    0.00    0.98    0.00    0.00    0.00
0.268652    0.537268    0.00    0.98    0.00    0.00    0.00
-0.517003   -0.376094   0.00    0.00    0.98    0.00    0.00
-0.368575   -0.135286   0.00    0.00    0.98    0.00    0.00
-0.423068   0.750714    0.98    0.00    0.00    0.00    0.00
0.308340    -0.633919   0.00    0.00    0.00    0.98    0.00
-0.629578   0.323561    0.98    0.00    0.00    0.00    0.00
-0.333576   -0.564050   0.00    0.00    0.98    0.00    0.00
-0.846239   -0.429157   0.00    0.00    0.98    0.00    0.00
-0.482951   0.382572    0.98    0.00    0.00    0.00    0.00
0.861177    0.632032    0.00    0.98    0.00    0.00    0.00
0.714372    -0.196169   0.00    0.00    0.00    0.98    0.00
-0.719844   -0.313482   0.00    0.00    0.98    0.00    0.00
-0.732306   0.458902    0.98    0.00    0.00    0.00    0.00
0.060383    0.066756    0.00    0.00    0.00    0.00    0.98
0.223898    0.761902    0.00    0.98    0.00    0.00    0.00
0.008203    0.043050    0.00    0.00    0.00    0.00    0.98
-0.839549   -0.653432   0.00    0.00    0.98    0.00    0.00
0.599723    -0.223101   0.00    0.00    0.00    0.98    0.00
0.404292    0.345491    0.00    0.98    0.00    0.00    0.00
0.393633    0.533530    0.00    0.98    0.00    0.00    0.00
0.123534    -0.261017   0.00    0.00    0.00    0.98    0.00
-0.949667   -0.440989   0.00    0.00    0.98    0.00    0.00
-0.784349   -0.986010   0.00    0.00    0.98    0.00    0.00
-0.317378   0.389256    0.98    0.00    0.00    0.00    0.00
0.300343    0.616319    0.00    0.98    0.00    0.00    0.00
-0.854546   -0.661667   0.00    0.00    0.98    0.00    0.00
0.614302    0.318041    0.00    0.98    0.00    0.00    0.00
0.264365    -0.490379   0.00    0.00    0.00    0.98    0.00
0.752525    0.008695    0.00    0.00    0.00    0.00    0.98
0.221461    -0.785129   0.00    0.00    0.00    0.98    0.00
-0.665893   -0.352611   0.00    0.00    0.98    0.00    0.00
-0.470172   -0.543018   0.00    0.00    0.98    0.00    0.00
-0.994241   -0.179855   0.00    0.00    0.98    0.00    0.00
0.973375    -0.154542   0.00    0.00    0.00    0.98    0.00
-0.316352   -0.309064   0.00    0.00    0.98    0.00    0.00
-0.057843   0.791883    0.00    0.00    0.00    0.00    0.98
0.138890    0.976047    0.00    0.98    0.00    0.00    0.00
-0.764028   -0.348188   0.00    0.00    0.98    0.00    0.00
-0.256940   -0.728866   0.00    0.00    0.98    0.00    0.00
0.317255    0.610225    0.00    0.98    0.00    0.00    0.00
0.330381    0.131433    0.00    0.98    0.00    0.00    0.00
0.373351    0.859385    0.00    0.98    0.00    0.00    0.00
-0.456040   0.289575    0.98    0.00    0.00    0.00    0.00
0.972516    0.792061    0.00    0.98    0.00    0.00    0.00
-0.524961   0.621439    0.98    0.00    0.00    0.00    0.00
0.883721    -0.896377   0.00    0.00    0.00    0.98    0.00
-0.506639   -0.980139   0.00    0.00    0.98    0.00    0.00
0.359928    0.768688    0.00    0.98    0.00    0.00    0.00
0.741907    0.989345    0.00    0.98    0.00    0.00    0.00
-0.027655   0.214634    0.00    0.00    0.00    0.00    0.98
0.124118    -0.693888   0.00    0.00    0.00    0.98    0.00
-0.549477   -0.653186   0.00    0.00    0.98    0.00    0.00
0.639273    0.080576    0.00    0.00    0.00    0.00    0.98
0.859882    -0.798700   0.00    0.00    0.00    0.98    0.00
-0.100215   0.298682    0.98    0.00    0.00    0.00    0.00
0.699572    -0.955588   0.00    0.00    0.00    0.98    0.00
0.978001    0.798954    0.00    0.98    0.00    0.00    0.00
0.372505    -0.475934   0.00    0.00    0.00    0.98    0.00
-0.769146   -0.853467   0.00    0.00    0.98    0.00    0.00
-0.512750   0.832298    0.98    0.00    0.00    0.00    0.00
0.949143    0.219480    0.00    0.98    0.00    0.00    0.00
0.236242    0.167103    0.00    0.98    0.00    0.00    0.00
-0.720416   -0.588935   0.00    0.00    0.98    0.00    0.00
0.802389    0.542841    0.00    0.98    0.00    0.00    0.00
-0.783388   0.527634    0.98    0.00    0.00    0.00    0.00
-0.702248   0.816990    0.98    0.00    0.00    0.00    0.00
-0.211581   -0.389385   0.00    0.00    0.98    0.00    0.00
-0.812795   -0.915881   0.00    0.00    0.98    0.00    0.00
-0.210537   -0.433458   0.00    0.00    0.98    0.00    0.00
-0.559293   0.603575    0.98    0.00    0.00    0.00    0.00
-0.426748   0.253292    0.98    0.00    0.00    0.00    0.00
-0.001185   0.774189    0.00    0.00    0.00    0.00    0.98
-0.925601   0.169895    0.98    0.00    0.00    0.00    0.00
0.875234    0.969697    0.00    0.98    0.00    0.00    0.00
-0.723652   -0.262344   0.00    0.00    0.98    0.00    0.00
-0.112476   0.227657    0.98    0.00    0.00    0.00    0.00
-0.605047   0.535104    0.98    0.00    0.00    0.00    0.00
0.867006    0.317121    0.00    0.98    0.00    0.00    0.00
-0.818404   -0.005090   0.00    0.00    0.00    0.00    0.98
0.008590    0.732784    0.00    0.00    0.00    0.00    0.98
0.456070    0.359001    0.00    0.98    0.00    0.00    0.00
-0.604631   -0.223380   0.00    0.00    0.98    0.00    0.00
-0.031032   -0.683190   0.00    0.00    0.00    0.00    0.98
0.121986    0.913810    0.00    0.98    0.00    0.00    0.00
0.737602    0.121720    0.00    0.98    0.00    0.00    0.00
0.204218    0.714454    0.00    0.98    0.00    0.00    0.00
-0.796857   -0.016418   0.00    0.00    0.00    0.00    0.98
-0.724143   0.262000    0.98    0.00    0.00    0.00    0.00
-0.131137   0.463558    0.98    0.00    0.00    0.00    0.00
-0.279068   -0.997213   0.00    0.00    0.98    0.00    0.00
-0.647867   0.054701    0.00    0.00    0.00    0.00    0.98
0.459590    -0.678861   0.00    0.00    0.00    0.98    0.00
-0.622360   0.070419    0.00    0.00    0.00    0.00    0.98
-0.584754   0.612362    0.98    0.00    0.00    0.00    0.00
-0.161354   0.949123    0.98    0.00    0.00    0.00    0.00
-0.829774   -0.619998   0.00    0.00    0.98    0.00    0.00
0.933580    0.341604    0.00    0.98    0.00    0.00    0.00
0.747441    -0.357596   0.00    0.00    0.00    0.98    0.00
-0.431180   -0.893466   0.00    0.00    0.98    0.00    0.00
0.564255    0.376988    0.00    0.98    0.00    0.00    0.00
0.166681    0.562117    0.00    0.98    0.00    0.00    0.00
-0.619944   0.966020    0.98    0.00    0.00    0.00    0.00
0.930229    0.885429    0.00    0.98    0.00    0.00    0.00
-0.455345   -0.387663   0.00    0.00    0.98    0.00    0.00
-0.837886   -0.794140   0.00    0.00    0.98    0.00    0.00
-0.981403   0.449538    0.98    0.00    0.00    0.00    0.00
-0.025475   -0.970532   0.00    0.00    0.00    0.00    0.98
-0.008393   -0.264633   0.00    0.00    0.00    0.00    0.98
-0.623972   0.429172    0.98    0.00    0.00    0.00    0.00
0.762791    0.568083    0.00    0.98    0.00    0.00    0.00
0.329828    -0.440517   0.00    0.00    0.00    0.98    0.00
-0.789932   -0.898926   0.00    0.00    0.98    0.00    0.00
-0.860547   0.365752    0.98    0.00    0.00    0.00    0.00
-0.991371   -0.001431   0.00    0.00    0.00    0.00    0.98
0.561240    -0.978112   0.00    0.00    0.00    0.98    0.00
0.767521    0.696270    0.00    0.98    0.00    0.00    0.00
0.461960    -0.416359   0.00    0.00    0.00    0.98    0.00
0.985347    0.605853    0.00    0.98    0.00    0.00    0.00
0.631435    0.774658    0.00    0.98    0.00    0.00    0.00
0.698149    -0.861645   0.00    0.00    0.00    0.98    0.00
-0.097130   0.003915    0.00    0.00    0.00    0.00    0.98
-0.288966   0.175859    0.98    0.00    0.00    0.00    0.00
-0.076633   0.623513    0.00    0.00    0.00    0.00    0.98
0.474204    0.066728    0.00    0.00    0.00    0.00    0.98
0.701362    0.875849    0.00    0.98    0.00    0.00    0.00
0.151613    0.426666    0.00    0.98    0.00    0.00    0.00
-0.218926   0.829733    0.98    0.00    0.00    0.00    0.00
-0.454589   -0.736049   0.00    0.00    0.98    0.00    0.00
0.122077    -0.034036   0.00    0.00    0.00    0.00    0.98
-0.708554   -0.814532   0.00    0.00    0.98    0.00    0.00
-0.300911   -0.897401   0.00    0.00    0.98    0.00    0.00
0.358443    0.327787    0.00    0.98    0.00    0.00    0.00
0.876848    0.919751    0.00    0.98    0.00    0.00    0.00
0.984551    0.825157    0.00    0.98    0.00    0.00    0.00
-0.780303   0.292767    0.98    0.00    0.00    0.00    0.00
-0.226366   0.352990    0.98    0.00    0.00    0.00    0.00
-0.155098   -0.664390   0.00    0.00    0.98    0.00    0.00
0.143687    0.174997    0.00    0.98    0.00    0.00    0.00
0.589599    -0.244990   0.00    0.00    0.00    0.98    0.00
-0.968690   -0.334114   0.00    0.00    0.98    0.00    0.00
-0.912667   -0.636843   0.00    0.00    0.98    0.00    0.00
0.023682    -0.200887   0.00    0.00    0.00    0.00    0.98
0.120178    -0.591745   0.00    0.00    0.00    0.98    0.00
0.164097    -0.206262   0.00    0.00    0.00    0.98    0.00
0.748178    0.106872    0.00    0.98    0.00    0.00    0.00
-0.095499   0.033733    0.00    0.00    0.00    0.00    0.98
-0.247809   0.750516    0.98    0.00    0.00    0.00    0.00
0.969976    -0.692941   0.00    0.00    0.00    0.98    0.00
0.055510    -0.212572   0.00    0.00    0.00    0.00    0.98
0.546772    0.773955    0.00    0.98    0.00    0.00    0.00
0.679223    -0.780650   0.00    0.00    0.00    0.98    0.00
-0.740740   0.691872    0.98    0.00    0.00    0.00    0.00
0.114236    -0.050932   0.00    0.00    0.00    0.00    0.98
-0.962296   0.656643    0.98    0.00    0.00    0.00    0.00
0.241402    -0.391727   0.00    0.00    0.00    0.98    0.00
-0.652033   -0.765781   0.00    0.00    0.98    0.00    0.00
-0.261614   -0.291475   0.00    0.00    0.98    0.00    0.00
0.759692    0.602101    0.00    0.98    0.00    0.00    0.00
-0.652153   0.595005    0.98    0.00    0.00    0.00    0.00
0.811428    0.996164    0.00    0.98    0.00    0.00    0.00
0.225501    -0.677847   0.00    0.00    0.00    0.98    0.00
-0.012804   0.976888    0.00    0.00    0.00    0.00    0.98
0.670968    0.126169    0.00    0.98    0.00    0.00    0.00
-0.291038   0.157820    0.98    0.00    0.00    0.00    0.00
-0.723379   -0.120648   0.00    0.00    0.98    0.00    0.00
0.427374    -0.182677   0.00    0.00    0.00    0.98    0.00
-0.188031   -0.693006   0.00    0.00    0.98    0.00    0.00
-0.839235   -0.574844   0.00    0.00    0.98    0.00    0.00
-0.081468   0.607593    0.00    0.00    0.00    0.00    0.98
-0.815949   -0.523723   0.00    0.00    0.98    0.00    0.00
-0.132207   -0.368132   0.00    0.00    0.98    0.00    0.00
-0.102566   -0.495373   0.00    0.00    0.98    0.00    0.00
-0.029426   0.687873    0.00    0.00    0.00    0.00    0.98
0.086238    -0.576807   0.00    0.00    0.00    0.00    0.98
0.963684    0.731877    0.00    0.98    0.00    0.00    0.00
-0.964880   0.837417    0.98    0.00    0.00    0.00    0.00
0.379698    0.580083    0.00    0.98    0.00    0.00    0.00
-0.415587   -0.541568   0.00    0.00    0.98    0.00    0.00
0.686069    -0.921855   0.00    0.00    0.00    0.98    0.00
0.760974    0.417470    0.00    0.98    0.00    0.00    0.00
-0.659853   -0.976309   0.00    0.00    0.98    0.00    0.00
0.486171    -0.703346   0.00    0.00    0.00    0.98    0.00
-0.162205   -0.256871   0.00    0.00    0.98    0.00    0.00
-0.051573   -0.983638   0.00    0.00    0.00    0.00    0.98
-0.042382   -0.422147   0.00    0.00    0.00    0.00    0.98
0.412422    0.210861    0.00    0.98    0.00    0.00    0.00
-0.109375   -0.377799   0.00    0.00    0.98    0.00    0.00
-0.069993   0.284533    0.00    0.00    0.00    0.00    0.98
0.229805    -0.500810   0.00    0.00    0.00    0.98    0.00
0.337038    0.074677    0.00    0.00    0.00    0.00    0.98
-0.960071   -0.049622   0.00    0.00    0.00    0.00    0.98
0.664464    0.617213    0.00    0.98    0.00    0.00    0.00
0.545551    0.785884    0.00    0.98    0.00    0.00    0.00
-0.072053   0.234732    0.00    0.00    0.00    0.00    0.98
0.446667    0.842221    0.00    0.98    0.00    0.00    0.00
-0.160657   0.730954    0.98    0.00    0.00    0.00    0.00
-0.136154   -0.687167   0.00    0.00    0.98    0.00    0.00
0.537658    0.397181    0.00    0.98    0.00    0.00    0.00
0.507568    -0.045205   0.00    0.00    0.00    0.00    0.98
0.426130    -0.550061   0.00    0.00    0.00    0.98    0.00
0.124651    0.018512    0.00    0.00    0.00    0.00    0.98
-0.787284   -0.794189   0.00    0.00    0.98    0.00    0.00
0.361818    0.709397    0.00    0.98    0.00    0.00    0.00
0.374507    0.389061    0.00    0.98    0.00    0.00    0.00
-0.470588   0.050339    0.00    0.00    0.00    0.00    0.98
-0.107172   0.923263    0.98    0.00    0.00    0.00    0.00
0.807256    0.153735    0.00    0.98    0.00    0.00    0.00
-0.942388   0.015570    0.00    0.00    0.00    0.00    0.98
-0.870290   0.400969    0.98    0.00    0.00    0.00    0.00
0.097263    -0.535918   0.00    0.00    0.00    0.00    0.98
-0.171757   -0.955235   0.00    0.00    0.98    0.00    0.00
0.130524    0.501534    0.00    0.98    0.00    0.00    0.00
-0.661272   0.433982    0.98    0.00    0.00    0.00    0.00
0.102730    -0.098572   0.00    0.00    0.00    0.00    0.98
-0.744917   0.979632    0.98    0.00    0.00    0.00    0.00
0.783422    -0.692015   0.00    0.00    0.00    0.98    0.00
0.391557    0.034798    0.00    0.00    0.00    0.00    0.98
-0.279081   0.562467    0.98    0.00    0.00    0.00    0.00
-0.908622   -0.006063   0.00    0.00    0.00    0.00    0.98
-0.467310   0.542440    0.98    0.00    0.00    0.00    0.00
0.945678    0.766879    0.00    0.98    0.00    0.00    0.00
-0.408911   0.001876    0.00    0.00    0.00    0.00    0.98
-0.125003   -0.454499   0.00    0.00    0.98    0.00    0.00
-0.791191   0.738736    0.98    0.00    0.00    0.00    0.00
0.037449    0.804617    0.00    0.00    0.00    0.00    0.98
-0.147039   -0.932620   0.00    0.00    0.98    0.00    0.00
-0.699678   0.199478    0.98    0.00    0.00    0.00    0.00
0.918011    0.847284    0.00    0.98    0.00    0.00    0.00
0.888080    0.383012    0.00    0.98    0.00    0.00    0.00
0.043976    0.278682    0.00    0.00    0.00    0.00    0.98
-0.266433   0.144270    0.98    0.00    0.00    0.00    0.00
0.155125    0.769800    0.00    0.98    0.00    0.00    0.00
0.749267    -0.188223   0.00    0.00    0.00    0.98    0.00
0.574364    0.669461    0.00    0.98    0.00    0.00    0.00
-0.433909   0.386401    0.98    0.00    0.00    0.00    0.00
0.396101    0.589436    0.00    0.98    0.00    0.00    0.00
0.627784    0.439415    0.00    0.98    0.00    0.00    0.00
-0.744473   0.506989    0.98    0.00    0.00    0.00    0.00
-0.944990   0.952705    0.98    0.00    0.00    0.00    0.00
0.825693    0.923029    0.00    0.98    0.00    0.00    0.00
-0.389505   0.789424    0.98    0.00    0.00    0.00    0.00
0.905913    0.307552    0.00    0.98    0.00    0.00    0.00
-0.814918   0.278748    0.98    0.00    0.00    0.00    0.00
-0.496070   0.839361    0.98    0.00    0.00    0.00    0.00
-0.733638   0.873931    0.98    0.00    0.00    0.00    0.00
0.281731    0.898526    0.00    0.98    0.00    0.00    0.00
0.244045    -0.611356   0.00    0.00    0.00    0.98    0.00
0.993098    -0.680530   0.00    0.00    0.00    0.98    0.00
-0.426304   0.625004    0.98    0.00    0.00    0.00    0.00
-0.843999   -0.076536   0.00    0.00    0.00    0.00    0.98
-0.301507   -0.646093   0.00    0.00    0.98    0.00    0.00
0.469935    0.934085    0.00    0.98    0.00    0.00    0.00
0.945217    -0.971428   0.00    0.00    0.00    0.98    0.00
-0.336677   0.189830    0.98    0.00    0.00    0.00    0.00
0.635068    0.073424    0.00    0.00    0.00    0.00    0.98
-0.755965   0.616379    0.98    0.00    0.00    0.00    0.00
-0.465892   0.940137    0.98    0.00    0.00    0.00    0.00
0.835266    -0.406383   0.00    0.00    0.00    0.98    0.00
-0.415074   0.815849    0.98    0.00    0.00    0.00    0.00
0.358945    -0.142947   0.00    0.00    0.00    0.98    0.00
-0.931484   0.503522    0.98    0.00    0.00    0.00    0.00
0.325201    0.796206    0.00    0.98    0.00    0.00    0.00
-0.715146   0.168881    0.98    0.00    0.00    0.00    0.00
-0.217967   0.386279    0.98    0.00    0.00    0.00    0.00
0.100956    -0.014709   0.00    0.00    0.00    0.00    0.98
0.713913    -0.420401   0.00    0.00    0.00    0.98    0.00
0.302616    -0.085045   0.00    0.00    0.00    0.00    0.98
-0.997420   -0.001450   0.00    0.00    0.00    0.00    0.98
-0.077745   -0.785886   0.00    0.00    0.00    0.00    0.98
-0.219289   0.259770    0.98    0.00    0.00    0.00    0.00
-0.803850   -0.460359   0.00    0.00    0.98    0.00    0.00
-0.294592   0.188321    0.98    0.00    0.00    0.00    0.00
-0.009883   -0.431330   0.00    0.00    0.00    0.00    0.98
0.636802    -0.549253   0.00    0.00    0.00    0.98    0.00
-0.060944   -0.360099   0.00    0.00    0.00    0.00    0.98
0.118477    -0.769373   0.00    0.00    0.00    0.98    0.00
-0.671385   0.593132    0.98    0.00    0.00    0.00    0.00
0.571180    0.366166    0.00    0.98    0.00    0.00    0.00
-0.534414   -0.797144   0.00    0.00    0.98    0.00    0.00
-0.804655   -0.417034   0.00    0.00    0.98    0.00    0.00
-0.194432   -0.822808   0.00    0.00    0.98    0.00    0.00
-0.333464   0.911730    0.98    0.00    0.00    0.00    0.00
-0.331719   0.016912    0.00    0.00    0.00    0.00    0.98
0.079963    0.687962    0.00    0.00    0.00    0.00    0.98
0.558270    0.062129    0.00    0.00    0.00    0.00    0.98
-0.836597   -0.006980   0.00    0.00    0.00    0.00    0.98
0.570903    0.543829    0.00    0.98    0.00    0.00    0.00
-0.479427   -0.876866   0.00    0.00    0.98    0.00    0.00
0.090242    -0.323730   0.00    0.00    0.00    0.00    0.98
0.801089    0.181239    0.00    0.98    0.00    0.00    0.00
-0.138605   0.510026    0.98    0.00    0.00    0.00    0.00
0.031027    -0.763462   0.00    0.00    0.00    0.00    0.98
-0.020498   -0.139337   0.00    0.00    0.00    0.00    0.98
-0.821406   0.862970    0.98    0.00    0.00    0.00    0.00
-0.096258   0.163281    0.00    0.00    0.00    0.00    0.98
0.297305    0.387430    0.00    0.98    0.00    0.00    0.00
-0.733247   0.230070    0.98    0.00    0.00    0.00    0.00
0.384908    0.595484    0.00    0.98    0.00    0.00    0.00
0.937974    -0.146803   0.00    0.00    0.00    0.98    0.00
-0.462107   0.126640    0.98    0.00    0.00    0.00    0.00
-0.582570   0.781945    0.98    0.00    0.00    0.00    0.00
-0.742550   -0.929471   0.00    0.00    0.98    0.00    0.00
-0.829633   0.720284    0.98    0.00    0.00    0.00    0.00
0.632230    0.607461    0.00    0.98    0.00    0.00    0.00
0.338052    -0.385627   0.00    0.00    0.00    0.98    0.00
0.173506    -0.307155   0.00    0.00    0.00    0.98    0.00
0.000626    -0.865466   0.00    0.00    0.00    0.00    0.98
0.083666    -0.492096   0.00    0.00    0.00    0.00    0.98
-0.489199   -0.159172   0.00    0.00    0.98    0.00    0.00
-0.779465   0.289812    0.98    0.00    0.00    0.00    0.00
0.016429    -0.215462   0.00    0.00    0.00    0.00    0.98
-0.758212   -0.256056   0.00    0.00    0.98    0.00    0.00
-0.082956   -0.602741   0.00    0.00    0.00    0.00    0.98
-0.957832   0.330884    0.98    0.00    0.00    0.00    0.00
0.507108    -0.649759   0.00    0.00    0.00    0.98    0.00
-0.090261   0.056174    0.00    0.00    0.00    0.00    0.98
0.883107    0.374722    0.00    0.98    0.00    0.00    0.00
0.643080    -0.531608   0.00    0.00    0.00    0.98    0.00
-0.465556   -0.790446   0.00    0.00    0.98    0.00    0.00
0.537282    0.425516    0.00    0.98    0.00    0.00    0.00
0.863443    -0.027831   0.00    0.00    0.00    0.00    0.98
-0.983725   -0.021206   0.00    0.00    0.00    0.00    0.98
0.941317    0.278904    0.00    0.98    0.00    0.00    0.00
0.708216    0.810884    0.00    0.98    0.00    0.00    0.00
-0.159543   -0.366604   0.00    0.00    0.98    0.00    0.00
0.899048    -0.326683   0.00    0.00    0.00    0.98    0.00
-0.043915   -0.855509   0.00    0.00    0.00    0.00    0.98
-0.424958   -0.331645   0.00    0.00    0.98    0.00    0.00
0.434074    0.520798    0.00    0.98    0.00    0.00    0.00
-0.276876   -0.388081   0.00    0.00    0.98    0.00    0.00
0.073073    -0.380221   0.00    0.00    0.00    0.00    0.98
-0.366283   -0.208702   0.00    0.00    0.98    0.00    0.00
0.610108    0.607347    0.00    0.98    0.00    0.00    0.00
0.286217    0.931610    0.00    0.98    0.00    0.00    0.00
-0.868660   0.057577    0.00    0.00    0.00    0.00    0.98
0.926260    0.415655    0.00    0.98    0.00    0.00    0.00
0.773216    0.535193    0.00    0.98    0.00    0.00    0.00
-0.018005   0.518899    0.00    0.00    0.00    0.00    0.98
-0.564127   0.070133    0.00    0.00    0.00    0.00    0.98
-0.904581   0.431961    0.98    0.00    0.00    0.00    0.00
-0.815917   0.148455    0.98    0.00    0.00    0.00    0.00
0.196789    0.289797    0.00    0.98    0.00    0.00    0.00
-0.014808   -0.424972   0.00    0.00    0.00    0.00    0.98
0.952416    -0.596696   0.00    0.00    0.00    0.98    0.00
0.121008    -0.673200   0.00    0.00    0.00    0.98    0.00
-0.222746   -0.337313   0.00    0.00    0.98    0.00    0.00
-0.733341   0.584616    0.98    0.00    0.00    0.00    0.00
-0.337605   0.915238    0.98    0.00    0.00    0.00    0.00
-0.148461   0.423596    0.98    0.00    0.00    0.00    0.00
0.265649    0.291927    0.00    0.98    0.00    0.00    0.00
-0.480915   0.625278    0.98    0.00    0.00    0.00    0.00
0.682066    -0.224757   0.00    0.00    0.00    0.98    0.00
0.141686    -0.476957   0.00    0.00    0.00    0.98    0.00
0.059208    0.809273    0.00    0.00    0.00    0.00    0.98
-0.466864   0.244095    0.98    0.00    0.00    0.00    0.00
-0.108102   -0.738203   0.00    0.00    0.98    0.00    0.00
0.034426    0.989626    0.00    0.00    0.00    0.00    0.98
0.294284    -0.507166   0.00    0.00    0.00    0.98    0.00
0.890840    -0.975023   0.00    0.00    0.00    0.98    0.00
0.320569    -0.341347   0.00    0.00    0.00    0.98    0.00
-0.228402   -0.790985   0.00    0.00    0.98    0.00    0.00
-0.235566   0.652327    0.98    0.00    0.00    0.00    0.00
0.440435    0.914261    0.00    0.98    0.00    0.00    0.00
-0.181724   -0.917805   0.00    0.00    0.98    0.00    0.00
-0.365263   -0.829649   0.00    0.00    0.98    0.00    0.00
0.763546    -0.806444   0.00    0.00    0.00    0.98    0.00
-0.662608   0.230310    0.98    0.00    0.00    0.00    0.00
-0.160885   0.864460    0.98    0.00    0.00    0.00    0.00
-0.366027   0.425726    0.98    0.00    0.00    0.00    0.00
0.525961    0.977545    0.00    0.98    0.00    0.00    0.00
-0.476335   0.162525    0.98    0.00    0.00    0.00    0.00
0.188947    -0.609467   0.00    0.00    0.00    0.98    0.00
-0.827515   0.912198    0.98    0.00    0.00    0.00    0.00
0.511189    0.626437    0.00    0.98    0.00    0.00    0.00
-0.611155   -0.637003   0.00    0.00    0.98    0.00    0.00
-0.024747   -0.441758   0.00    0.00    0.00    0.00    0.98
-0.701303   -0.246090   0.00    0.00    0.98    0.00    0.00
0.251321    -0.412342   0.00    0.00    0.00    0.98    0.00
0.256862    -0.069697   0.00    0.00    0.00    0.00    0.98
-0.533459   0.551136    0.98    0.00    0.00    0.00    0.00
0.541939    0.446279    0.00    0.98    0.00    0.00    0.00
0.287139    -0.257999   0.00    0.00    0.00    0.98    0.00
0.613077    0.795812    0.00    0.98    0.00    0.00    0.00
-0.370395   -0.712652   0.00    0.00    0.98    0.00    0.00
-0.189743   0.582521    0.98    0.00    0.00    0.00    0.00
-0.804305   -0.082118   0.00    0.00    0.00    0.00    0.98
0.642484    0.714016    0.00    0.98    0.00    0.00    0.00
-0.192256   -0.290929   0.00    0.00    0.98    0.00    0.00
0.630018    -0.817880   0.00    0.00    0.00    0.98    0.00
0.051043    -0.983080   0.00    0.00    0.00    0.00    0.98
-0.963426   0.129124    0.98    0.00    0.00    0.00    0.00
0.620755    0.097876    0.00    0.00    0.00    0.00    0.98
0.167684    0.019537    0.00    0.00    0.00    0.00    0.98
0.939769    0.598572    0.00    0.98    0.00    0.00    0.00
0.200439    -0.206451   0.00    0.00    0.00    0.98    0.00
-0.354042   -0.321945   0.00    0.00    0.98    0.00    0.00
0.203853    0.843516    0.00    0.98    0.00    0.00    0.00
0.246567    0.429339    0.00    0.98    0.00    0.00    0.00
0.046059    -0.897155   0.00    0.00    0.00    0.00    0.98
-0.697302   -0.742522   0.00    0.00    0.98    0.00    0.00
0.224445    -0.507204   0.00    0.00    0.00    0.98    0.00
0.956272    0.865079    0.00    0.98    0.00    0.00    0.00
-0.859625   -0.812019   0.00    0.00    0.98    0.00    0.00
0.370715    -0.897829   0.00    0.00    0.00    0.98    0.00
0.533502    0.770923    0.00    0.98    0.00    0.00    0.00
-0.795422   -0.904495   0.00    0.00    0.98    0.00    0.00
0.227394    -0.823476   0.00    0.00    0.00    0.98    0.00
0.962102    0.726809    0.00    0.98    0.00    0.00    0.00
0.184131    -0.300150   0.00    0.00    0.00    0.98    0.00
-0.392573   -0.448145   0.00    0.00    0.98    0.00    0.00
-0.837525   -0.564348   0.00    0.00    0.98    0.00    0.00
0.434518    0.922369    0.00    0.98    0.00    0.00    0.00
0.942382    -0.109265   0.00    0.00    0.00    0.98    0.00
0.470698    -0.445504   0.00    0.00    0.00    0.98    0.00
0.797287    -0.355570   0.00    0.00    0.00    0.98    0.00
-0.151044   -0.909277   0.00    0.00    0.98    0.00    0.00
0.552892    0.114196    0.00    0.98    0.00    0.00    0.00
0.282466    -0.255367   0.00    0.00    0.00    0.98    0.00
0.162065    0.415497    0.00    0.98    0.00    0.00    0.00
-0.307261   0.109046    0.98    0.00    0.00    0.00    0.00
-0.670998   0.032036    0.00    0.00    0.00    0.00    0.98
-0.868714   -0.178548   0.00    0.00    0.98    0.00    0.00
0.257698    0.185872    0.00    0.98    0.00    0.00    0.00
0.776924    -0.168623   0.00    0.00    0.00    0.98    0.00
0.194365    -0.967602   0.00    0.00    0.00    0.98    0.00
-0.534903   0.809720    0.98    0.00    0.00    0.00    0.00
-0.858651   0.204228    0.98    0.00    0.00    0.00    0.00
0.693266    0.589862    0.00    0.98    0.00    0.00    0.00
0.750372    0.788179    0.00    0.98    0.00    0.00    0.00
-0.584193   -0.408272   0.00    0.00    0.98    0.00    0.00
0.615602    -0.770229   0.00    0.00    0.00    0.98    0.00
-0.483957   0.230805    0.98    0.00    0.00    0.00    0.00
-0.077111   -0.821157   0.00    0.00    0.00    0.00    0.98
-0.398092   -0.051252   0.00    0.00    0.00    0.00    0.98
-0.428930   -0.212887   0.00    0.00    0.98    0.00    0.00
-0.978735   0.354227    0.98    0.00    0.00    0.00    0.00
0.370803    -0.315876   0.00    0.00    0.00    0.98    0.00
-0.456366   0.493293    0.98    0.00    0.00    0.00    0.00
0.065394    0.349864    0.00    0.00    0.00    0.00    0.98
-0.051549   0.541697    0.00    0.00    0.00    0.00    0.98
0.347571    0.730682    0.00    0.98    0.00    0.00    0.00
-0.955697   -0.794296   0.00    0.00    0.98    0.00    0.00
-0.454902   0.176787    0.98    0.00    0.00    0.00    0.00
0.576450    0.895198    0.00    0.98    0.00    0.00    0.00
-0.823269   0.798964    0.98    0.00    0.00    0.00    0.00
-0.910971   0.876026    0.98    0.00    0.00    0.00    0.00
0.460411    -0.907799   0.00    0.00    0.00    0.98    0.00
-0.534341   0.279057    0.98    0.00    0.00    0.00    0.00
0.970693    -0.214405   0.00    0.00    0.00    0.98    0.00
-0.291733   0.355471    0.98    0.00    0.00    0.00    0.00
-0.150253   -0.547152   0.00    0.00    0.98    0.00    0.00
0.869139    0.863937    0.00    0.98    0.00    0.00    0.00
0.487724    0.991891    0.00    0.98    0.00    0.00    0.00
-0.866294   -0.817751   0.00    0.00    0.98    0.00    0.00
0.834022    -0.635244   0.00    0.00    0.00    0.98    0.00
0.481204    -0.466444   0.00    0.00    0.00    0.98    0.00
-0.898919   -0.618866   0.00    0.00    0.98    0.00    0.00
0.213297    0.779816    0.00    0.98    0.00    0.00    0.00
0.127849    0.213562    0.00    0.98    0.00    0.00    0.00
-0.108916   -0.329725   0.00    0.00    0.98    0.00    0.00
0.638364    0.019777    0.00    0.00    0.00    0.00    0.98
0.516425    -0.245908   0.00    0.00    0.00    0.98    0.00
-0.742363   -0.620210   0.00    0.00    0.98    0.00    0.00
0.510500    -0.375851   0.00    0.00    0.00    0.98    0.00
0.021991    0.028494    0.00    0.00    0.00    0.00    0.98
0.684363    0.442186    0.00    0.98    0.00    0.00    0.00
0.594139    -0.766757   0.00    0.00    0.00    0.98    0.00
-0.436177   -0.287069   0.00    0.00    0.98    0.00    0.00
-0.038226   0.407882    0.00    0.00    0.00    0.00    0.98
-0.588464   0.956117    0.98    0.00    0.00    0.00    0.00
-0.907731   -0.917881   0.00    0.00    0.98    0.00    0.00
-0.121326   -0.430070   0.00    0.00    0.98    0.00    0.00
-0.384234   -0.640942   0.00    0.00    0.98    0.00    0.00
0.065548    0.667438    0.00    0.00    0.00    0.00    0.98
-0.885541   -0.676280   0.00    0.00    0.98    0.00    0.00
0.056441    0.116065    0.00    0.00    0.00    0.00    0.98
-0.095883   -0.634719   0.00    0.00    0.00    0.00    0.98
-0.441159   -0.015040   0.00    0.00    0.00    0.00    0.98
0.578538    -0.096870   0.00    0.00    0.00    0.00    0.98
0.442097    0.708734    0.00    0.98    0.00    0.00    0.00
-0.463460   0.003523    0.00    0.00    0.00    0.00    0.98
-0.633805   -0.663597   0.00    0.00    0.98    0.00    0.00
0.302634    0.386848    0.00    0.98    0.00    0.00    0.00
-0.630829   -0.176353   0.00    0.00    0.98    0.00    0.00
0.455835    0.475733    0.00    0.98    0.00    0.00    0.00
-0.885996   0.235175    0.98    0.00    0.00    0.00    0.00
-0.765121   0.124996    0.98    0.00    0.00    0.00    0.00
-0.155802   -0.077597   0.00    0.00    0.00    0.00    0.98
-0.999599   -0.747878   0.00    0.00    0.98    0.00    0.00
-0.815422   0.450265    0.98    0.00    0.00    0.00    0.00
-0.545007   0.413640    0.98    0.00    0.00    0.00    0.00
0.339118    0.310201    0.00    0.98    0.00    0.00    0.00
0.394389    0.794689    0.00    0.98    0.00    0.00    0.00
0.143289    0.375380    0.00    0.98    0.00    0.00    0.00
-0.390108   0.004559    0.00    0.00    0.00    0.00    0.98
-0.695888   -0.349892   0.00    0.00    0.98    0.00    0.00
0.716803    0.254166    0.00    0.98    0.00    0.00    0.00
-0.089373   -0.607093   0.00    0.00    0.00    0.00    0.98
0.889986    -0.609967   0.00    0.00    0.00    0.98    0.00
-0.818274   -0.368476   0.00    0.00    0.98    0.00    0.00
-0.742827   -0.877533   0.00    0.00    0.98    0.00    0.00
-0.866315   0.792387    0.98    0.00    0.00    0.00    0.00
0.712050    -0.736291   0.00    0.00    0.00    0.98    0.00
0.805882    0.398521    0.00    0.98    0.00    0.00    0.00
-0.112558   -0.221767   0.00    0.00    0.98    0.00    0.00
-0.099000   -0.231068   0.00    0.00    0.00    0.00    0.98
0.165917    0.069310    0.00    0.00    0.00    0.00    0.98
-0.353121   -0.175133   0.00    0.00    0.98    0.00    0.00
-0.893983   -0.675951   0.00    0.00    0.98    0.00    0.00
-0.885567   -0.058622   0.00    0.00    0.00    0.00    0.98
0.232503    0.555889    0.00    0.98    0.00    0.00    0.00
0.994107    -0.591709   0.00    0.00    0.00    0.98    0.00
0.159060    -0.017570   0.00    0.00    0.00    0.00    0.98
0.482618    -0.987489   0.00    0.00    0.00    0.98    0.00
0.102102    0.053805    0.00    0.00    0.00    0.00    0.98
0.559175    0.284037    0.00    0.98    0.00    0.00    0.00
-0.522081   -0.098664   0.00    0.00    0.00    0.00    0.98
0.507692    0.162616    0.00    0.98    0.00    0.00    0.00
0.024427    0.736665    0.00    0.00    0.00    0.00    0.98
0.123696    0.568975    0.00    0.98    0.00    0.00    0.00
0.410174    0.215954    0.00    0.98    0.00    0.00    0.00
-0.711739   0.396690    0.98    0.00    0.00    0.00    0.00
-0.445240   0.749431    0.98    0.00    0.00    0.00    0.00
0.323022    -0.282196   0.00    0.00    0.00    0.98    0.00
0.490590    0.062332    0.00    0.00    0.00    0.00    0.98
-0.280448   0.184246    0.98    0.00    0.00    0.00    0.00
0.490663    0.022265    0.00    0.00    0.00    0.00    0.98
-0.855204   0.107692    0.98    0.00    0.00    0.00    0.00
-0.411789   -0.283729   0.00    0.00    0.98    0.00    0.00
-0.037325   -0.561743   0.00    0.00    0.00    0.00    0.98
-0.413084   -0.138874   0.00    0.00    0.98    0.00    0.00
-0.031560   0.908635    0.00    0.00    0.00    0.00    0.98
-0.176639   -0.715322   0.00    0.00    0.98    0.00    0.00
-0.448766   0.008415    0.00    0.00    0.00    0.00    0.98
-0.119521   -0.990870   0.00    0.00    0.98    0.00    0.00
0.981800    0.478769    0.00    0.98    0.00    0.00    0.00
0.004769    0.621035    0.00    0.00    0.00    0.00    0.98
0.908699    -0.902675   0.00    0.00    0.00    0.98    0.00
-0.441394   -0.971503   0.00    0.00    0.98    0.00    0.00
-0.602769   0.609143    0.98    0.00    0.00    0.00    0.00
0.630342    -0.840425   0.00    0.00    0.00    0.98    0.00
-0.153738   -0.834553   0.00    0.00    0.98    0.00    0.00
-0.652565   -0.293789   0.00    0.00    0.98    0.00    0.00
0.099759    0.136282    0.00    0.00    0.00    0.00    0.98
0.146548    -0.714566   0.00    0.00    0.00    0.98    0.00
0.110678    0.294277    0.00    0.98    0.00    0.00    0.00
0.201256    0.107147    0.00    0.98    0.00    0.00    0.00
-0.063998   -0.122625   0.00    0.00    0.00    0.00    0.98
-0.959114   0.133940    0.98    0.00    0.00    0.00    0.00
-0.000011   -0.589451   0.00    0.00    0.00    0.00    0.98
0.386751    -0.150655   0.00    0.00    0.00    0.98    0.00
-0.004061   -0.800055   0.00    0.00    0.00    0.00    0.98
0.242171    0.889909    0.00    0.98    0.00    0.00    0.00
-0.250128   -0.891007   0.00    0.00    0.98    0.00    0.00
0.288218    -0.724164   0.00    0.00    0.00    0.98    0.00
0.882476    0.656944    0.00    0.98    0.00    0.00    0.00
-0.247461   -0.830640   0.00    0.00    0.98    0.00    0.00
0.474424    0.466155    0.00    0.98    0.00    0.00    0.00
0.928573    -0.007074   0.00    0.00    0.00    0.00    0.98
-0.546694   0.034164    0.00    0.00    0.00    0.00    0.98
0.521256    -0.605392   0.00    0.00    0.00    0.98    0.00
0.992073    -0.288237   0.00    0.00    0.00    0.98    0.00
-0.556307   0.217675    0.98    0.00    0.00    0.00    0.00
0.651653    -0.113247   0.00    0.00    0.00    0.98    0.00
-0.865129   -0.739970   0.00    0.00    0.98    0.00    0.00
0.175116    0.129556    0.00    0.98    0.00    0.00    0.00
0.930754    -0.006516   0.00    0.00    0.00    0.00    0.98
0.059348    0.812336    0.00    0.00    0.00    0.00    0.98
-0.265255   -0.398257   0.00    0.00    0.98    0.00    0.00
-0.033222   -0.935706   0.00    0.00    0.00    0.00    0.98
0.771013    0.599205    0.00    0.98    0.00    0.00    0.00
0.152508    0.408708    0.00    0.98    0.00    0.00    0.00
-0.277809   0.997259    0.98    0.00    0.00    0.00    0.00
0.516455    0.803870    0.00    0.98    0.00    0.00    0.00
-0.708609   -0.257271   0.00    0.00    0.98    0.00    0.00
-0.575517   -0.224955   0.00    0.00    0.98    0.00    0.00
-0.974275   0.754788    0.98    0.00    0.00    0.00    0.00
-0.584378   0.601130    0.98    0.00    0.00    0.00    0.00
-0.992589   -0.040736   0.00    0.00    0.00    0.00    0.98
0.946625    -0.017619   0.00    0.00    0.00    0.00    0.98
-0.205826   -0.330702   0.00    0.00    0.98    0.00    0.00
0.172253    0.948816    0.00    0.98    0.00    0.00    0.00
0.081218    0.203932    0.00    0.00    0.00    0.00    0.98
-0.689895   0.929028    0.98    0.00    0.00    0.00    0.00
0.410796    0.569358    0.00    0.98    0.00    0.00    0.00
0.867418    -0.714264   0.00    0.00    0.00    0.98    0.00
0.471258    -0.977860   0.00    0.00    0.00    0.98    0.00
-0.942066   -0.299153   0.00    0.00    0.98    0.00    0.00
0.708485    -0.027160   0.00    0.00    0.00    0.00    0.98
-0.730485   -0.800855   0.00    0.00    0.98    0.00    0.00
0.147130    0.462623    0.00    0.98    0.00    0.00    0.00
0.508231    -0.538335   0.00    0.00    0.00    0.98    0.00
-0.868359   -0.160253   0.00    0.00    0.98    0.00    0.00
0.679465    0.118697    0.00    0.98    0.00    0.00    0.00
-0.720076   -0.143604   0.00    0.00    0.98    0.00    0.00
0.625492    -0.828588   0.00    0.00    0.00    0.98    0.00
0.390739    -0.746544   0.00    0.00    0.00    0.98    0.00
-0.939389   0.836627    0.98    0.00    0.00    0.00    0.00
0.837243    0.593516    0.00    0.98    0.00    0.00    0.00
0.004021    -0.651390   0.00    0.00    0.00    0.00    0.98
0.787186    -0.530611   0.00    0.00    0.00    0.98    0.00
0.468133    0.088975    0.00    0.00    0.00    0.00    0.98
-0.717752   0.341744    0.98    0.00    0.00    0.00    0.00
-0.415806   0.365710    0.98    0.00    0.00    0.00    0.00
0.810742    -0.658118   0.00    0.00    0.00    0.98    0.00
0.738979    0.397880    0.00    0.98    0.00    0.00    0.00
-0.296428   0.672076    0.98    0.00    0.00    0.00    0.00
0.382405    0.122192    0.00    0.98    0.00    0.00    0.00
0.354770    -0.638496   0.00    0.00    0.00    0.98    0.00
0.358418    -0.623881   0.00    0.00    0.00    0.98    0.00
-0.676612   0.697010    0.98    0.00    0.00    0.00    0.00
-0.384958   0.904856    0.98    0.00    0.00    0.00    0.00
0.826602    0.056417    0.00    0.00    0.00    0.00    0.98
-0.839194   -0.096413   0.00    0.00    0.00    0.00    0.98
0.147228    0.448611    0.00    0.98    0.00    0.00    0.00
-0.782347   0.759175    0.98    0.00    0.00    0.00    0.00
-0.963409   0.194296    0.98    0.00    0.00    0.00    0.00
-0.121785   0.698356    0.98    0.00    0.00    0.00    0.00
-0.011584   -0.087270   0.00    0.00    0.00    0.00    0.98
0.767036    -0.959012   0.00    0.00    0.00    0.98    0.00
-0.798637   0.904475    0.98    0.00    0.00    0.00    0.00
-0.966858   0.492158    0.98    0.00    0.00    0.00    0.00
0.585195    -0.647458   0.00    0.00    0.00    0.98    0.00
0.402391    -0.615160   0.00    0.00    0.00    0.98    0.00
-0.691495   0.043229    0.00    0.00    0.00    0.00    0.98
-0.504476   0.743420    0.98    0.00    0.00    0.00    0.00
0.270753    -0.526458   0.00    0.00    0.00    0.98    0.00
0.554646    -0.815838   0.00    0.00    0.00    0.98    0.00
0.755643    0.928233    0.00    0.98    0.00    0.00    0.00
-0.825122   0.651290    0.98    0.00    0.00    0.00    0.00
0.437191    -0.590238   0.00    0.00    0.00    0.98    0.00
0.207552    -0.346074   0.00    0.00    0.00    0.98    0.00
-0.836763   -0.156718   0.00    0.00    0.98    0.00    0.00
0.246442    -0.254762   0.00    0.00    0.00    0.98    0.00
-0.025519   -0.396886   0.00    0.00    0.00    0.00    0.98
0.443595    0.832418    0.00    0.98    0.00    0.00    0.00
-0.793903   0.901278    0.98    0.00    0.00    0.00    0.00
-0.341080   -0.557665   0.00    0.00    0.98    0.00    0.00
0.274008    0.580681    0.00    0.98    0.00    0.00    0.00
0.855727    -0.639700   0.00    0.00    0.00    0.98    0.00
-0.620404   0.290423    0.98    0.00    0.00    0.00    0.00
0.383341    0.367197    0.00    0.98    0.00    0.00    0.00
0.932581    0.028464    0.00    0.00    0.00    0.00    0.98
0.872128    -0.527983   0.00    0.00    0.00    0.98    0.00
0.288114    -0.295731   0.00    0.00    0.00    0.98    0.00
-0.681229   -0.513517   0.00    0.00    0.98    0.00    0.00
-0.199555   0.946351    0.98    0.00    0.00    0.00    0.00
-0.571906   -0.215402   0.00    0.00    0.98    0.00    0.00
0.860124    0.794376    0.00    0.98    0.00    0.00    0.00
0.754601    0.047340    0.00    0.00    0.00    0.00    0.98
-0.069887   0.358495    0.00    0.00    0.00    0.00    0.98
0.457453    0.144898    0.00    0.98    0.00    0.00    0.00
0.279314    -0.215044   0.00    0.00    0.00    0.98    0.00
-0.530828   -0.500761   0.00    0.00    0.98    0.00    0.00
-0.771650   -0.095125   0.00    0.00    0.00    0.00    0.98
-0.455524   0.348293    0.98    0.00    0.00    0.00    0.00
0.515670    -0.919425   0.00    0.00    0.00    0.98    0.00
-0.267359   -0.728926   0.00    0.00    0.98    0.00    0.00
-0.964593   -0.870605   0.00    0.00    0.98    0.00    0.00
0.357562    0.181763    0.00    0.98    0.00    0.00    0.00
-0.269163   -0.983604   0.00    0.00    0.98    0.00    0.00
-0.961185   0.745338    0.98    0.00    0.00    0.00    0.00
0.267014    0.976468    0.00    0.98    0.00    0.00    0.00
-0.636369   0.507231    0.98    0.00    0.00    0.00    0.00
0.570083    0.992028    0.00    0.98    0.00    0.00    0.00
-0.710998   0.270729    0.98    0.00    0.00    0.00    0.00
0.183000    -0.487558   0.00    0.00    0.00    0.98    0.00
0.642178    -0.857179   0.00    0.00    0.00    0.98    0.00
-0.927535   -0.185027   0.00    0.00    0.98    0.00    0.00
0.253256    -0.474122   0.00    0.00    0.00    0.98    0.00
0.142759    0.926642    0.00    0.98    0.00    0.00    0.00
0.468821    0.192933    0.00    0.98    0.00    0.00    0.00
0.093265    -0.207021   0.00    0.00    0.00    0.00    0.98
-0.444363   0.336648    0.98    0.00    0.00    0.00    0.00
0.808582    -0.681532   0.00    0.00    0.00    0.98    0.00
-0.324766   0.372126    0.98    0.00    0.00    0.00    0.00
-0.823764   -0.646370   0.00    0.00    0.98    0.00    0.00
0.093430    0.043508    0.00    0.00    0.00    0.00    0.98
-0.912259   0.886322    0.98    0.00    0.00    0.00    0.00
-0.662254   -0.496969   0.00    0.00    0.98    0.00    0.00
0.858386    0.392474    0.00    0.98    0.00    0.00    0.00
-0.526498   0.606733    0.98    0.00    0.00    0.00    0.00
0.690777    0.761133    0.00    0.98    0.00    0.00    0.00
-0.589336   0.431311    0.98    0.00    0.00    0.00    0.00
-0.095903   0.741831    0.00    0.00    0.00    0.00    0.98
0.940660    0.478738    0.00    0.98    0.00    0.00    0.00
-0.380259   0.033392    0.00    0.00    0.00    0.00    0.98
0.813330    0.884716    0.00    0.98    0.00    0.00    0.00
-0.404986   -0.251337   0.00    0.00    0.98    0.00    0.00
0.783725    -0.423728   0.00    0.00    0.00    0.98    0.00
0.588684    -0.698839   0.00    0.00    0.00    0.98    0.00
-0.351456   0.039922    0.00    0.00    0.00    0.00    0.98
0.650570    -0.182738   0.00    0.00    0.00    0.98    0.00
-0.285498   0.396709    0.98    0.00    0.00    0.00    0.00
-0.263379   0.022891    0.00    0.00    0.00    0.00    0.98
0.713241    -0.635048   0.00    0.00    0.00    0.98    0.00
-0.163452   0.407116    0.98    0.00    0.00    0.00    0.00
0.588083    0.947344    0.00    0.98    0.00    0.00    0.00
-0.371095   0.906694    0.98    0.00    0.00    0.00    0.00
0.041659    0.891792    0.00    0.00    0.00    0.00    0.98
0.288740    0.757851    0.00    0.98    0.00    0.00    0.00
0.521764    0.186232    0.00    0.98    0.00    0.00    0.00
0.932135    -0.664052   0.00    0.00    0.00    0.98    0.00
-0.842445   0.261438    0.98    0.00    0.00    0.00    0.00
-0.131979   0.097996    0.00    0.00    0.00    0.00    0.98
-0.884020   0.311321    0.98    0.00    0.00    0.00    0.00
-0.244238   0.100770    0.98    0.00    0.00    0.00    0.00
0.518700    -0.839175   0.00    0.00    0.00    0.98    0.00
-0.937899   -0.651902   0.00    0.00    0.98    0.00    0.00
-0.243852   0.322160    0.98    0.00    0.00    0.00    0.00
-0.924691   0.793725    0.98    0.00    0.00    0.00    0.00
-0.527140   0.836179    0.98    0.00    0.00    0.00    0.00
0.900154    -0.436122   0.00    0.00    0.00    0.98    0.00
-0.228884   0.018010    0.00    0.00    0.00    0.00    0.98
0.566282    0.924963    0.00    0.98    0.00    0.00    0.00
-0.868573   0.779692    0.98    0.00    0.00    0.00    0.00
-0.904798   -0.592037   0.00    0.00    0.98    0.00    0.00
-0.228875   -0.284628   0.00    0.00    0.98    0.00    0.00
0.021230    -0.816425   0.00    0.00    0.00    0.00    0.98
0.299222    -0.808156   0.00    0.00    0.00    0.98    0.00
-0.399558   0.265247    0.98    0.00    0.00    0.00    0.00
-0.098868   0.145490    0.00    0.00    0.00    0.00    0.98
0.456830    -0.565321   0.00    0.00    0.00    0.98    0.00
-0.997536   -0.678888   0.00    0.00    0.98    0.00    0.00
0.993481    0.801323    0.00    0.98    0.00    0.00    0.00
-0.897163   -0.641961   0.00    0.00    0.98    0.00    0.00
0.077484    -0.671984   0.00    0.00    0.00    0.00    0.98
0.868788    -0.768214   0.00    0.00    0.00    0.98    0.00
0.260510    0.573419    0.00    0.98    0.00    0.00    0.00
0.917975    -0.454798   0.00    0.00    0.00    0.98    0.00
-0.870407   -0.987938   0.00    0.00    0.98    0.00    0.00
0.011480    0.048138    0.00    0.00    0.00    0.00    0.98
-0.779244   0.824816    0.98    0.00    0.00    0.00    0.00
0.416403    0.790258    0.00    0.98    0.00    0.00    0.00
0.261845    -0.474271   0.00    0.00    0.00    0.98    0.00
0.503735    0.243188    0.00    0.98    0.00    0.00    0.00
0.069384    0.746507    0.00    0.00    0.00    0.00    0.98
-0.131573   0.718126    0.98    0.00    0.00    0.00    0.00
0.809831    0.687782    0.00    0.98    0.00    0.00    0.00
-0.367426   -0.231598   0.00    0.00    0.98    0.00    0.00
-0.047736   0.794090    0.00    0.00    0.00    0.00    0.98
-0.552663   0.075475    0.00    0.00    0.00    0.00    0.98
-0.239633   -0.306662   0.00    0.00    0.98    0.00    0.00
-0.278271   -0.002042   0.00    0.00    0.00    0.00    0.98
-0.886413   -0.940211   0.00    0.00    0.98    0.00    0.00
-0.701807   0.954810    0.98    0.00    0.00    0.00    0.00
-0.655923   -0.487444   0.00    0.00    0.98    0.00    0.00
0.406352    0.230537    0.00    0.98    0.00    0.00    0.00
0.846541    -0.625566   0.00    0.00    0.00    0.98    0.00
0.191405    -0.114661   0.00    0.00    0.00    0.98    0.00
-0.949054   -0.526585   0.00    0.00    0.98    0.00    0.00
0.296130    0.124615    0.00    0.98    0.00    0.00    0.00
0.304690    0.669849    0.00    0.98    0.00    0.00    0.00
0.431848    -0.585192   0.00    0.00    0.00    0.98    0.00
-0.289221   0.523232    0.98    0.00    0.00    0.00    0.00
0.290174    0.687625    0.00    0.98    0.00    0.00    0.00
-0.751614   -0.948531   0.00    0.00    0.98    0.00    0.00
0.255207    -0.095040   0.00    0.00    0.00    0.00    0.98
-0.992328   0.068130    0.00    0.00    0.00    0.00    0.98
0.032516    -0.828856   0.00    0.00    0.00    0.00    0.98
0.434719    -0.185929   0.00    0.00    0.00    0.98    0.00
0.043857    0.215253    0.00    0.00    0.00    0.00    0.98
-0.681241   0.657269    0.98    0.00    0.00    0.00    0.00
0.546521    0.077154    0.00    0.00    0.00    0.00    0.98
0.079838    -0.774972   0.00    0.00    0.00    0.00    0.98
-0.558654   0.157046    0.98    0.00    0.00    0.00    0.00
-0.529573   -0.929007   0.00    0.00    0.98    0.00    0.00
0.316562    0.423856    0.00    0.98    0.00    0.00    0.00
-0.853213   0.280251    0.98    0.00    0.00    0.00    0.00
0.899021    0.704886    0.00    0.98    0.00    0.00    0.00
0.685635    0.386737    0.00    0.98    0.00    0.00    0.00
-0.101724   -0.413497   0.00    0.00    0.98    0.00    0.00
0.338940    0.278139    0.00    0.98    0.00    0.00    0.00
-0.995387   -0.177929   0.00    0.00    0.98    0.00    0.00
-0.837861   0.673671    0.98    0.00    0.00    0.00    0.00
0.278319    -0.824076   0.00    0.00    0.00    0.98    0.00
0.250476    -0.308198   0.00    0.00    0.00    0.98    0.00
0.719826    0.290042    0.00    0.98    0.00    0.00    0.00
0.732160    -0.072515   0.00    0.00    0.00    0.00    0.98
0.045970    -0.523364   0.00    0.00    0.00    0.00    0.98
0.664125    0.433768    0.00    0.98    0.00    0.00    0.00
0.982631    0.327330    0.00    0.98    0.00    0.00    0.00
0.417040    0.497510    0.00    0.98    0.00    0.00    0.00
-0.254275   -0.745946   0.00    0.00    0.98    0.00    0.00
-0.097177   -0.121359   0.00    0.00    0.00    0.00    0.98
0.400625    0.932036    0.00    0.98    0.00    0.00    0.00
0.690546    -0.192395   0.00    0.00    0.00    0.98    0.00
-0.567874   0.161393    0.98    0.00    0.00    0.00    0.00
0.368966    -0.300864   0.00    0.00    0.00    0.98    0.00
0.165375    -0.516074   0.00    0.00    0.00    0.98    0.00
-0.172099   0.798535    0.98    0.00    0.00    0.00    0.00
0.712191    -0.721488   0.00    0.00    0.00    0.98    0.00
0.162887    -0.772282   0.00    0.00    0.00    0.98    0.00
-0.019149   -0.266288   0.00    0.00    0.00    0.00    0.98
0.438408    0.759451    0.00    0.98    0.00    0.00    0.00
0.296966    0.182023    0.00    0.98    0.00    0.00    0.00
-0.011434   0.935278    0.00    0.00    0.00    0.00    0.98
0.809483    -0.148331   0.00    0.00    0.00    0.98    0.00
-0.530437   -0.973335   0.00    0.00    0.98    0.00    0.00
0.626230    -0.810649   0.00    0.00    0.00    0.98    0.00
-0.202378   0.036377    0.00    0.00    0.00    0.00    0.98
0.779297    0.838471    0.00    0.98    0.00    0.00    0.00
-0.958423   -0.452753   0.00    0.00    0.98    0.00    0.00
0.441132    -0.578292   0.00    0.00    0.00    0.98    0.00
0.626512    -0.655372   0.00    0.00    0.00    0.98    0.00
0.053998    0.300998    0.00    0.00    0.00    0.00    0.98
0.339628    0.957220    0.00    0.98    0.00    0.00    0.00
0.291136    -0.805381   0.00    0.00    0.00    0.98    0.00
-0.422429   -0.748953   0.00    0.00    0.98    0.00    0.00
0.267142    0.890370    0.00    0.98    0.00    0.00    0.00
-0.075080   0.848145    0.00    0.00    0.00    0.00    0.98
-0.383672   0.376101    0.98    0.00    0.00    0.00    0.00
0.097335    -0.484587   0.00    0.00    0.00    0.00    0.98
-0.456293   0.747173    0.98    0.00    0.00    0.00    0.00
-0.354948   0.277037    0.98    0.00    0.00    0.00    0.00
-0.268862   -0.371622   0.00    0.00    0.98    0.00    0.00
0.573215    0.530024    0.00    0.98    0.00    0.00    0.00
-0.145845   -0.041408   0.00    0.00    0.00    0.00    0.98
0.813698    0.775457    0.00    0.98    0.00    0.00    0.00
-0.344457   0.185136    0.98    0.00    0.00    0.00    0.00
-0.268855   0.440123    0.98    0.00    0.00    0.00    0.00
0.278482    0.499143    0.00    0.98    0.00    0.00    0.00
-0.406190   -0.645460   0.00    0.00    0.98    0.00    0.00
0.030082    0.782745    0.00    0.00    0.00    0.00    0.98
0.295383    0.899486    0.00    0.98    0.00    0.00    0.00
-0.237481   0.693436    0.98    0.00    0.00    0.00    0.00
0.764458    -0.845057   0.00    0.00    0.00    0.98    0.00
-0.467846   -0.244199   0.00    0.00    0.98    0.00    0.00
-0.243387   -0.733791   0.00    0.00    0.98    0.00    0.00
0.208644    -0.582281   0.00    0.00    0.00    0.98    0.00
0.418689    0.234544    0.00    0.98    0.00    0.00    0.00
-0.680684   0.602085    0.98    0.00    0.00    0.00    0.00
-0.875911   0.029984    0.00    0.00    0.00    0.00    0.98
0.154664    -0.410207   0.00    0.00    0.00    0.98    0.00
0.535964    -0.859308   0.00    0.00    0.00    0.98    0.00
-0.639450   -0.098858   0.00    0.00    0.00    0.00    0.98
-0.881053   0.734675    0.98    0.00    0.00    0.00    0.00
-0.056994   -0.247957   0.00    0.00    0.00    0.00    0.98
0.917941    0.800462    0.00    0.98    0.00    0.00    0.00
-0.243774   -0.154291   0.00    0.00    0.98    0.00    0.00
0.206907    0.924723    0.00    0.98    0.00    0.00    0.00
-0.360884   0.977689    0.98    0.00    0.00    0.00    0.00
-0.399515   -0.084453   0.00    0.00    0.00    0.00    0.98
0.203226    -0.828882   0.00    0.00    0.00    0.98    0.00
-0.620272   0.928697    0.98    0.00    0.00    0.00    0.00
-0.538142   -0.442144   0.00    0.00    0.98    0.00    0.00
0.605280    -0.731686   0.00    0.00    0.00    0.98    0.00
-0.694798   0.489784    0.98    0.00    0.00    0.00    0.00
0.684765    0.416373    0.00    0.98    0.00    0.00    0.00
-0.393304   0.231592    0.98    0.00    0.00    0.00    0.00
-0.053482   -0.943304   0.00    0.00    0.00    0.00    0.98
-0.806252   0.535594    0.98    0.00    0.00    0.00    0.00
0.022313    -0.348399   0.00    0.00    0.00    0.00    0.98
0.331157    -0.635998   0.00    0.00    0.00    0.98    0.00
0.148680    -0.863407   0.00    0.00    0.00    0.98    0.00
0.392360    0.116214    0.00    0.98    0.00    0.00    0.00
-0.906097   -0.714235   0.00    0.00    0.98    0.00    0.00
0.139179    0.324296    0.00    0.98    0.00    0.00    0.00
0.046071    -0.596930   0.00    0.00    0.00    0.00    0.98
-0.118548   -0.638465   0.00    0.00    0.98    0.00    0.00
-0.336204   0.844196    0.98    0.00    0.00    0.00    0.00
0.991090    -0.098836   0.00    0.00    0.00    0.00    0.98
0.509821    -0.937418   0.00    0.00    0.00    0.98    0.00
0.973748    0.435726    0.00    0.98    0.00    0.00    0.00
-0.829498   -0.966605   0.00    0.00    0.98    0.00    0.00
-0.181143   -0.895066   0.00    0.00    0.98    0.00    0.00
0.730336    0.725646    0.00    0.98    0.00    0.00    0.00
0.438504    -0.900907   0.00    0.00    0.00    0.98    0.00
0.602842    -0.998163   0.00    0.00    0.00    0.98    0.00
0.711578    0.954755    0.00    0.98    0.00    0.00    0.00
-0.943311   -0.527906   0.00    0.00    0.98    0.00    0.00
0.175479    -0.991482   0.00    0.00    0.00    0.98    0.00
-0.436418   -0.246472   0.00    0.00    0.98    0.00    0.00
-0.077827   0.638477    0.00    0.00    0.00    0.00    0.98
0.225408    -0.508495   0.00    0.00    0.00    0.98    0.00
-0.310997   -0.501549   0.00    0.00    0.98    0.00    0.00
0.042911    0.535826    0.00    0.00    0.00    0.00    0.98
0.921536    0.581490    0.00    0.98    0.00    0.00    0.00
0.528649    0.005083    0.00    0.00    0.00    0.00    0.98
0.556991    -0.861932   0.00    0.00    0.00    0.98    0.00
-0.256318   -0.090654   0.00    0.00    0.00    0.00    0.98
0.948130    0.050702    0.00    0.00    0.00    0.00    0.98
-0.142491   -0.153880   0.00    0.00    0.98    0.00    0.00
0.936359    -0.330731   0.00    0.00    0.00    0.98    0.00
-0.419711   0.308475    0.98    0.00    0.00    0.00    0.00
0.209241    -0.127189   0.00    0.00    0.00    0.98    0.00
-0.203343   -0.400729   0.00    0.00    0.98    0.00    0.00
0.808344    0.775847    0.00    0.98    0.00    0.00    0.00
-0.481183   0.713444    0.98    0.00    0.00    0.00    0.00
-0.190351   -0.575805   0.00    0.00    0.98    0.00    0.00
0.377955    0.966423    0.00    0.98    0.00    0.00    0.00
0.283978    -0.932225   0.00    0.00    0.00    0.98    0.00
-0.869484   0.018845    0.00    0.00    0.00    0.00    0.98
-0.605221   0.150874    0.98    0.00    0.00    0.00    0.00
0.458649    -0.410611   0.00    0.00    0.00    0.98    0.00
-0.934761   -0.153317   0.00    0.00    0.98    0.00    0.00
-0.421639   -0.017334   0.00    0.00    0.00    0.00    0.98
0.588080    0.966929    0.00    0.98    0.00    0.00    0.00
0.549321    0.156263    0.00    0.98    0.00    0.00    0.00
0.799079    -0.747212   0.00    0.00    0.00    0.98    0.00
-0.319959   0.010303    0.00    0.00    0.00    0.00    0.98
0.674881    -0.305727   0.00    0.00    0.00    0.98    0.00
0.530835    0.196830    0.00    0.98    0.00    0.00    0.00
-0.590884   0.199048    0.98    0.00    0.00    0.00    0.00
-0.060573   -0.854749   0.00    0.00    0.00    0.00    0.98
-0.690253   -0.461747   0.00    0.00    0.98    0.00    0.00
-0.684035   0.780989    0.98    0.00    0.00    0.00    0.00
0.561426    0.826490    0.00    0.98    0.00    0.00    0.00
-0.745846   -0.862256   0.00    0.00    0.98    0.00    0.00
-0.314895   -0.065209   0.00    0.00    0.00    0.00    0.98
0.137280    0.829468    0.00    0.98    0.00    0.00    0.00
-0.851471   0.581284    0.98    0.00    0.00    0.00    0.00
-0.383546   -0.488347   0.00    0.00    0.98    0.00    0.00
0.042373    0.021514    0.00    0.00    0.00    0.00    0.98
-0.340094   0.287579    0.98    0.00    0.00    0.00    0.00
-0.664961   0.298266    0.98    0.00    0.00    0.00    0.00
0.206501    0.691947    0.00    0.98    0.00    0.00    0.00
0.883027    -0.316520   0.00    0.00    0.00    0.98    0.00
0.582866    -0.332047   0.00    0.00    0.00    0.98    0.00
0.116820    -0.400166   0.00    0.00    0.00    0.98    0.00
-0.570232   -0.066616   0.00    0.00    0.00    0.00    0.98
0.637925    -0.973621   0.00    0.00    0.00    0.98    0.00
-0.875407   0.367573    0.98    0.00    0.00    0.00    0.00
-0.775808   -0.922811   0.00    0.00    0.98    0.00    0.00
-0.802729   -0.231567   0.00    0.00    0.98    0.00    0.00
-0.108784   -0.515790   0.00    0.00    0.98    0.00    0.00
0.422249    -0.193468   0.00    0.00    0.00    0.98    0.00
0.902400    0.715276    0.00    0.98    0.00    0.00    0.00
-0.065692   -0.370243   0.00    0.00    0.00    0.00    0.98
0.818998    -0.151916   0.00    0.00    0.00    0.98    0.00
0.791094    0.744143    0.00    0.98    0.00    0.00    0.00
-0.065996   0.422393    0.00    0.00    0.00    0.00    0.98
0.920505    -0.272704   0.00    0.00    0.00    0.98    0.00
-0.826875   0.181973    0.98    0.00    0.00    0.00    0.00
0.706466    0.904012    0.00    0.98    0.00    0.00    0.00
0.214645    -0.621751   0.00    0.00    0.00    0.98    0.00
0.823343    0.331632    0.00    0.98    0.00    0.00    0.00
-0.319736   -0.225611   0.00    0.00    0.98    0.00    0.00
-0.983606   0.363713    0.98    0.00    0.00    0.00    0.00
0.700482    -0.722442   0.00    0.00    0.00    0.98    0.00
-0.789224   0.569801    0.98    0.00    0.00    0.00    0.00
0.903892    0.713811    0.00    0.98    0.00    0.00    0.00
0.035619    0.765130    0.00    0.00    0.00    0.00    0.98
-0.624384   -0.684353   0.00    0.00    0.98    0.00    0.00
0.227415    0.513183    0.00    0.98    0.00    0.00    0.00
0.796131    0.508948    0.00    0.98    0.00    0.00    0.00
-0.344967   -0.281875   0.00    0.00    0.98    0.00    0.00
0.482645    -0.382749   0.00    0.00    0.00    0.98    0.00
-0.251934   0.338076    0.98    0.00    0.00    0.00    0.00
-0.741191   0.212248    0.98    0.00    0.00    0.00    0.00
-0.270126   -0.913887   0.00    0.00    0.98    0.00    0.00
0.905131    0.867826    0.00    0.98    0.00    0.00    0.00
-0.296093   0.282066    0.98    0.00    0.00    0.00    0.00
0.015110    0.972674    0.00    0.00    0.00    0.00    0.98
0.698401    -0.720081   0.00    0.00    0.00    0.98    0.00
-0.208692   -0.079504   0.00    0.00    0.00    0.00    0.98
-0.562670   -0.529717   0.00    0.00    0.98    0.00    0.00
0.762646    -0.204635   0.00    0.00    0.00    0.98    0.00
-0.736826   -0.017570   0.00    0.00    0.00    0.00    0.98
-0.093759   -0.966199   0.00    0.00    0.00    0.00    0.98
-0.517792   -0.862254   0.00    0.00    0.98    0.00    0.00
0.517064    -0.379693   0.00    0.00    0.00    0.98    0.00
-0.336918   -0.246756   0.00    0.00    0.98    0.00    0.00
-0.665935   -0.321795   0.00    0.00    0.98    0.00    0.00
-0.511358   -0.128173   0.00    0.00    0.98    0.00    0.00
0.931504    0.999192    0.00    0.98    0.00    0.00    0.00
-0.370558   -0.614634   0.00    0.00    0.98    0.00    0.00
-0.634391   0.074957    0.00    0.00    0.00    0.00    0.98
-0.503611   -0.317620   0.00    0.00    0.98    0.00    0.00
-0.022688   -0.386671   0.00    0.00    0.00    0.00    0.98
-0.319345   0.464637    0.98    0.00    0.00    0.00    0.00
-0.187793   0.287199    0.98    0.00    0.00    0.00    0.00
-0.185393   0.226597    0.98    0.00    0.00    0.00    0.00
0.689862    0.094573    0.00    0.00    0.00    0.00    0.98
0.715792    0.948580    0.00    0.98    0.00    0.00    0.00
-0.261233   0.328631    0.98    0.00    0.00    0.00    0.00
0.186797    -0.484902   0.00    0.00    0.00    0.98    0.00
-0.203235   0.850072    0.98    0.00    0.00    0.00    0.00
-0.489955   -0.959833   0.00    0.00    0.98    0.00    0.00
-0.941840   0.453724    0.98    0.00    0.00    0.00    0.00
-0.133048   -0.130876   0.00    0.00    0.98    0.00    0.00
-0.420802   -0.886460   0.00    0.00    0.98    0.00    0.00
-0.550989   -0.016233   0.00    0.00    0.00    0.00    0.98
-0.665143   0.257919    0.98    0.00    0.00    0.00    0.00
-0.747891   -0.429217   0.00    0.00    0.98    0.00    0.00
-0.579092   0.132222    0.98    0.00    0.00    0.00    0.00
-0.686737   0.338423    0.98    0.00    0.00    0.00    0.00
0.385812    0.643062    0.00    0.98    0.00    0.00    0.00
-0.274649   -0.706758   0.00    0.00    0.98    0.00    0.00
-0.655968   -0.042917   0.00    0.00    0.00    0.00    0.98
-0.582750   -0.505317   0.00    0.00    0.98    0.00    0.00
0.587900    -0.515188   0.00    0.00    0.00    0.98    0.00
-0.173780   -0.413919   0.00    0.00    0.98    0.00    0.00
-0.086740   -0.664432   0.00    0.00    0.00    0.00    0.98
0.853750    -0.913711   0.00    0.00    0.00    0.98    0.00
0.136877    -0.331959   0.00    0.00    0.00    0.98    0.00
0.069748    0.796071    0.00    0.00    0.00    0.00    0.98
0.767286    0.424392    0.00    0.98    0.00    0.00    0.00
-0.796670   -0.823156   0.00    0.00    0.98    0.00    0.00
0.828322    0.283696    0.00    0.98    0.00    0.00    0.00
-0.141856   -0.804035   0.00    0.00    0.98    0.00    0.00
-0.764861   0.749673    0.98    0.00    0.00    0.00    0.00
-0.148968   -0.224405   0.00    0.00    0.98    0.00    0.00
-0.871992   0.469379    0.98    0.00    0.00    0.00    0.00
0.587022    0.609459    0.00    0.98    0.00    0.00    0.00
0.680096    -0.515607   0.00    0.00    0.00    0.98    0.00
0.177812    -0.783384   0.00    0.00    0.00    0.98    0.00
0.373076    0.018156    0.00    0.00    0.00    0.00    0.98
-0.276005   0.115020    0.98    0.00    0.00    0.00    0.00
-0.667046   0.773994    0.98    0.00    0.00    0.00    0.00
-0.857033   0.403830    0.98    0.00    0.00    0.00    0.00
-0.786577   0.425847    0.98    0.00    0.00    0.00    0.00
0.794485    0.168013    0.00    0.98    0.00    0.00    0.00
-0.274350   0.375899    0.98    0.00    0.00    0.00    0.00
-0.991848   0.033594    0.00    0.00    0.00    0.00    0.98
-0.750938   -0.514824   0.00    0.00    0.98    0.00    0.00
-0.401852   0.975673    0.98    0.00    0.00    0.00    0.00
-0.363645   0.315833    0.98    0.00    0.00    0.00    0.00
-0.254651   0.919352    0.98    0.00    0.00    0.00    0.00
-0.188444   -0.350413   0.00    0.00    0.98    0.00    0.00
0.567230    0.249687    0.00    0.98    0.00    0.00    0.00
-0.429880   0.514766    0.98    0.00    0.00    0.00    0.00
-0.978539   -0.318864   0.00    0.00    0.98    0.00    0.00
0.653058    0.311812    0.00    0.98    0.00    0.00    0.00
-0.704441   -0.087136   0.00    0.00    0.00    0.00    0.98
-0.348911   0.105621    0.98    0.00    0.00    0.00    0.00
0.441307    -0.028444   0.00    0.00    0.00    0.00    0.98
0.159692    0.604687    0.00    0.98    0.00    0.00    0.00
0.058333    -0.065319   0.00    0.00    0.00    0.00    0.98
-0.250469   0.331462    0.98    0.00    0.00    0.00    0.00
0.808821    -0.432455   0.00    0.00    0.00    0.98    0.00
-0.155227   0.869859    0.98    0.00    0.00    0.00    0.00
0.427795    -0.626755   0.00    0.00    0.00    0.98    0.00
0.519231    -0.711915   0.00    0.00    0.00    0.98    0.00
-0.023771   -0.716316   0.00    0.00    0.00    0.00    0.98
-0.681566   -0.885585   0.00    0.00    0.98    0.00    0.00
0.556692    0.615014    0.00    0.98    0.00    0.00    0.00
-0.816144   -0.195377   0.00    0.00    0.98    0.00    0.00
-0.161328   0.498661    0.98    0.00    0.00    0.00    0.00
0.121754    0.533011    0.00    0.98    0.00    0.00    0.00
-0.198577   -0.424662   0.00    0.00    0.98    0.00    0.00
-0.103796   0.326376    0.98    0.00    0.00    0.00    0.00
0.339211    0.707817    0.00    0.98    0.00    0.00    0.00
0.271055    -0.606093   0.00    0.00    0.00    0.98    0.00
0.980087    -0.059395   0.00    0.00    0.00    0.00    0.98
0.517814    -0.979251   0.00    0.00    0.00    0.98    0.00
0.406607    0.397579    0.00    0.98    0.00    0.00    0.00
0.448038    0.297822    0.00    0.98    0.00    0.00    0.00
-0.933376   0.640313    0.98    0.00    0.00    0.00    0.00
0.654508    0.287374    0.00    0.98    0.00    0.00    0.00
0.107277    0.955378    0.00    0.98    0.00    0.00    0.00
-0.795028   0.559943    0.98    0.00    0.00    0.00    0.00
0.498753    -0.012848   0.00    0.00    0.00    0.00    0.98
0.430945    -0.366501   0.00    0.00    0.00    0.98    0.00
-0.461203   0.001664    0.00    0.00    0.00    0.00    0.98
-0.674756   -0.568992   0.00    0.00    0.98    0.00    0.00
-0.579095   -0.838458   0.00    0.00    0.98    0.00    0.00
0.885939    0.669780    0.00    0.98    0.00    0.00    0.00
0.267819    0.343939    0.00    0.98    0.00    0.00    0.00
0.733329    0.572960    0.00    0.98    0.00    0.00    0.00
-0.169258   -0.782081   0.00    0.00    0.98    0.00    0.00
0.929759    0.980492    0.00    0.98    0.00    0.00    0.00
0.445936    0.221181    0.00    0.98    0.00    0.00    0.00
0.165639    -0.506070   0.00    0.00    0.00    0.98    0.00
0.578299    -0.718298   0.00    0.00    0.00    0.98    0.00
-0.320547   -0.157372   0.00    0.00    0.98    0.00    0.00
-0.268422   -0.696588   0.00    0.00    0.98    0.00    0.00
-0.751724   0.912016    0.98    0.00    0.00    0.00    0.00
0.524397    0.312195    0.00    0.98    0.00    0.00    0.00
0.170375    0.234591    0.00    0.98    0.00    0.00    0.00
0.122767    0.909013    0.00    0.98    0.00    0.00    0.00
0.256080    0.094123    0.00    0.00    0.00    0.00    0.98
-0.961844   0.606921    0.98    0.00    0.00    0.00    0.00
0.107657    -0.292949   0.00    0.00    0.00    0.98    0.00
-0.254367   -0.489218   0.00    0.00    0.98    0.00    0.00
0.438694    0.916617    0.00    0.98    0.00    0.00    0.00
0.185612    -0.183704   0.00    0.00    0.00    0.98    0.00
-0.001262   0.879884    0.00    0.00    0.00    0.00    0.98
0.290084    0.426241    0.00    0.98    0.00    0.00    0.00
-0.468542   0.741326    0.98    0.00    0.00    0.00    0.00
0.448932    -0.292182   0.00    0.00    0.00    0.98    0.00
0.343416    0.635624    0.00    0.98    0.00    0.00    0.00
-0.566969   0.551286    0.98    0.00    0.00    0.00    0.00
-0.519204   -0.100472   0.00    0.00    0.98    0.00    0.00
-0.066832   0.383477    0.00    0.00    0.00    0.00    0.98
-0.955119   0.747224    0.98    0.00    0.00    0.00    0.00
-0.391475   -0.886071   0.00    0.00    0.98    0.00    0.00
-0.934893   0.794552    0.98    0.00    0.00    0.00    0.00
0.731847    -0.230867   0.00    0.00    0.00    0.98    0.00
0.107616    0.823234    0.00    0.98    0.00    0.00    0.00
-0.383741   0.792873    0.98    0.00    0.00    0.00    0.00
-0.854338   -0.277749   0.00    0.00    0.98    0.00    0.00
-0.437267   -0.494671   0.00    0.00    0.98    0.00    0.00
0.322631    -0.691865   0.00    0.00    0.00    0.98    0.00
-0.351785   -0.202610   0.00    0.00    0.98    0.00    0.00
-0.959785   0.897995    0.98    0.00    0.00    0.00    0.00
-0.891066   -0.004626   0.00    0.00    0.00    0.00    0.98
0.814701    0.026643    0.00    0.00    0.00    0.00    0.98
0.933835    0.007717    0.00    0.00    0.00    0.00    0.98
0.227327    0.819666    0.00    0.98    0.00    0.00    0.00
0.737080    0.956605    0.00    0.98    0.00    0.00    0.00
0.952196    0.562653    0.00    0.98    0.00    0.00    0.00
-0.023998   0.698388    0.00    0.00    0.00    0.00    0.98
-0.855088   -0.162172   0.00    0.00    0.98    0.00    0.00
0.945071    0.727240    0.00    0.98    0.00    0.00    0.00
0.298528    0.421192    0.00    0.98    0.00    0.00    0.00
0.079763    -0.636459   0.00    0.00    0.00    0.00    0.98
-0.689047   0.015850    0.00    0.00    0.00    0.00    0.98
0.628417    -0.585355   0.00    0.00    0.00    0.98    0.00
0.298481    -0.047307   0.00    0.00    0.00    0.00    0.98
0.691019    -0.959210   0.00    0.00    0.00    0.98    0.00
0.283809    -0.911571   0.00    0.00    0.00    0.98    0.00
0.979051    -0.492126   0.00    0.00    0.00    0.98    0.00
-0.601292   0.991182    0.98    0.00    0.00    0.00    0.00
0.875277    0.390202    0.00    0.98    0.00    0.00    0.00
0.913780    0.234438    0.00    0.98    0.00    0.00    0.00
-0.405250   0.252279    0.98    0.00    0.00    0.00    0.00
0.747169    -0.712614   0.00    0.00    0.00    0.98    0.00
0.463702    -0.279183   0.00    0.00    0.00    0.98    0.00
0.639500    0.488842    0.00    0.98    0.00    0.00    0.00
0.004820    -0.448221   0.00    0.00    0.00    0.00    0.98
-0.530437   -0.974161   0.00    0.00    0.98    0.00    0.00
0.447460    0.037468    0.00    0.00    0.00    0.00    0.98
-0.828115   0.946061    0.98    0.00    0.00    0.00    0.00
-0.137449   -0.129939   0.00    0.00    0.98    0.00    0.00
0.320113    -0.906025   0.00    0.00    0.00    0.98    0.00
0.672625    0.515435    0.00    0.98    0.00    0.00    0.00
-0.836062   -0.776795   0.00    0.00    0.98    0.00    0.00
-0.142662   -0.874735   0.00    0.00    0.98    0.00    0.00
-0.639518   0.878669    0.98    0.00    0.00    0.00    0.00
0.384051    0.233729    0.00    0.98    0.00    0.00    0.00
0.374505    0.610533    0.00    0.98    0.00    0.00    0.00
0.674697    0.570402    0.00    0.98    0.00    0.00    0.00
0.816565    0.321084    0.00    0.98    0.00    0.00    0.00
-0.843939   -0.394627   0.00    0.00    0.98    0.00    0.00
-0.329522   0.793160    0.98    0.00    0.00    0.00    0.00
0.892390    0.136145    0.00    0.98    0.00    0.00    0.00
-0.662279   0.761197    0.98    0.00    0.00    0.00    0.00
-0.069552   -0.729497   0.00    0.00    0.00    0.00    0.98
-0.068023   -0.936129   0.00    0.00    0.00    0.00    0.98
0.327433    -0.151944   0.00    0.00    0.00    0.98    0.00
-0.192177   0.730128    0.98    0.00    0.00    0.00    0.00
0.554972    0.052346    0.00    0.00    0.00    0.00    0.98
0.751795    0.242087    0.00    0.98    0.00    0.00    0.00
-0.215058   0.688827    0.98    0.00    0.00    0.00    0.00
-0.649698   -0.608200   0.00    0.00    0.98    0.00    0.00
0.765180    -0.710485   0.00    0.00    0.00    0.98    0.00
0.921018    -0.570019   0.00    0.00    0.00    0.98    0.00
-0.649744   -0.229395   0.00    0.00    0.98    0.00    0.00
-0.088788   -0.558445   0.00    0.00    0.00    0.00    0.98
-0.536841   -0.684150   0.00    0.00    0.98    0.00    0.00
-0.695941   0.832895    0.98    0.00    0.00    0.00    0.00
0.192861    0.828677    0.00    0.98    0.00    0.00    0.00
0.108890    -0.831424   0.00    0.00    0.00    0.98    0.00
-0.407414   0.762229    0.98    0.00    0.00    0.00    0.00
0.291577    0.509117    0.00    0.98    0.00    0.00    0.00
0.741695    0.678982    0.00    0.98    0.00    0.00    0.00
-0.546151   -0.827821   0.00    0.00    0.98    0.00    0.00
0.318983    0.587159    0.00    0.98    0.00    0.00    0.00
-0.764170   0.955009    0.98    0.00    0.00    0.00    0.00
-0.930580   0.334862    0.98    0.00    0.00    0.00    0.00
0.046401    -0.733191   0.00    0.00    0.00    0.00    0.98
-0.236769   0.417476    0.98    0.00    0.00    0.00    0.00
0.658224    -0.514792   0.00    0.00    0.00    0.98    0.00
0.410804    -0.856908   0.00    0.00    0.00    0.98    0.00
-0.284806   -0.597525   0.00    0.00    0.98    0.00    0.00
0.354113    -0.826387   0.00    0.00    0.00    0.98    0.00
0.108489    0.210281    0.00    0.98    0.00    0.00    0.00
0.102400    0.596713    0.00    0.98    0.00    0.00    0.00
-0.154262   0.777799    0.98    0.00    0.00    0.00    0.00
-0.262503   0.848678    0.98    0.00    0.00    0.00    0.00
0.978148    0.945057    0.00    0.98    0.00    0.00    0.00
-0.685046   0.687505    0.98    0.00    0.00    0.00    0.00
-0.064888   -0.939286   0.00    0.00    0.00    0.00    0.98
0.654818    0.403156    0.00    0.98    0.00    0.00    0.00
-0.815046   0.947237    0.98    0.00    0.00    0.00    0.00
-0.946677   -0.530652   0.00    0.00    0.98    0.00    0.00
0.220693    -0.781069   0.00    0.00    0.00    0.98    0.00
0.269733    -0.704730   0.00    0.00    0.00    0.98    0.00
-0.015031   -0.141369   0.00    0.00    0.00    0.00    0.98
0.703311    -0.230841   0.00    0.00    0.00    0.98    0.00
0.938198    0.232721    0.00    0.98    0.00    0.00    0.00
0.077887    0.329042    0.00    0.00    0.00    0.00    0.98
-0.929270   -0.102397   0.00    0.00    0.98    0.00    0.00
-0.484123   -0.460368   0.00    0.00    0.98    0.00    0.00
-0.487504   0.161398    0.98    0.00    0.00    0.00    0.00
-0.562010   0.667501    0.98    0.00    0.00    0.00    0.00
-0.992738   -0.573818   0.00    0.00    0.98    0.00    0.00
-0.128114   -0.085844   0.00    0.00    0.00    0.00    0.98
0.968038    -0.463506   0.00    0.00    0.00    0.98    0.00
0.553030    -0.769601   0.00    0.00    0.00    0.98    0.00
-0.422869   0.540393    0.98    0.00    0.00    0.00    0.00
0.121311    -0.138365   0.00    0.00    0.00    0.98    0.00
-0.540706   -0.908939   0.00    0.00    0.98    0.00    0.00
0.200305    -0.920539   0.00    0.00    0.00    0.98    0.00
0.640468    -0.790430   0.00    0.00    0.00    0.98    0.00
0.789216    -0.306610   0.00    0.00    0.00    0.98    0.00
-0.895043   0.241922    0.98    0.00    0.00    0.00    0.00
0.173557    0.811951    0.00    0.98    0.00    0.00    0.00
0.803785    -0.532934   0.00    0.00    0.00    0.98    0.00
-0.782586   -0.550343   0.00    0.00    0.98    0.00    0.00
-0.691222   0.845256    0.98    0.00    0.00    0.00    0.00
0.348608    -0.870072   0.00    0.00    0.00    0.98    0.00
0.529384    0.785112    0.00    0.98    0.00    0.00    0.00
0.203488    -0.632712   0.00    0.00    0.00    0.98    0.00
-0.715606   0.627115    0.98    0.00    0.00    0.00    0.00
0.764672    0.562900    0.00    0.98    0.00    0.00    0.00
0.746699    -0.805608   0.00    0.00    0.00    0.98    0.00
-0.879240   -0.052031   0.00    0.00    0.00    0.00    0.98
0.010925    0.505865    0.00    0.00    0.00    0.00    0.98
-0.553615   -0.550028   0.00    0.00    0.98    0.00    0.00
-0.890154   -0.928713   0.00    0.00    0.98    0.00    0.00
-0.266371   0.042343    0.00    0.00    0.00    0.00    0.98
0.652083    -0.519957   0.00    0.00    0.00    0.98    0.00
0.370909    0.192222    0.00    0.98    0.00    0.00    0.00
0.778147    0.912158    0.00    0.98    0.00    0.00    0.00
0.707443    0.217787    0.00    0.98    0.00    0.00    0.00
-0.231158   -0.230476   0.00    0.00    0.98    0.00    0.00
-0.278272   -0.424662   0.00    0.00    0.98    0.00    0.00
0.987701    0.071698    0.00    0.00    0.00    0.00    0.98
0.056589    0.693926    0.00    0.00    0.00    0.00    0.98
0.637212    -0.455869   0.00    0.00    0.00    0.98    0.00
0.376128    -0.698418   0.00    0.00    0.00    0.98    0.00
-0.109246   -0.471540   0.00    0.00    0.98    0.00    0.00
0.236536    -0.008706   0.00    0.00    0.00    0.00    0.98
0.999869    -0.741101   0.00    0.00    0.00    0.98    0.00
-0.639625   0.461404    0.98    0.00    0.00    0.00    0.00
-0.767553   -0.932044   0.00    0.00    0.98    0.00    0.00
-0.788929   0.580717    0.98    0.00    0.00    0.00    0.00
0.310466    -0.838942   0.00    0.00    0.00    0.98    0.00
-0.873656   0.274019    0.98    0.00    0.00    0.00    0.00
-0.460806   -0.983496   0.00    0.00    0.98    0.00    0.00
-0.751216   -0.765574   0.00    0.00    0.98    0.00    0.00
0.191060    -0.246247   0.00    0.00    0.00    0.98    0.00
0.149223    -0.444141   0.00    0.00    0.00    0.98    0.00
0.074936    -0.085338   0.00    0.00    0.00    0.00    0.98
-0.748234   -0.699676   0.00    0.00    0.98    0.00    0.00
-0.515182   -0.870083   0.00    0.00    0.98    0.00    0.00
-0.417704   -0.501549   0.00    0.00    0.98    0.00    0.00
-0.008511   0.774827    0.00    0.00    0.00    0.00    0.98
0.062186    0.580914    0.00    0.00    0.00    0.00    0.98
0.440448    0.429650    0.00    0.98    0.00    0.00    0.00
0.563106    -0.155447   0.00    0.00    0.00    0.98    0.00
0.965410    0.452311    0.00    0.98    0.00    0.00    0.00
-0.862497   0.726858    0.98    0.00    0.00    0.00    0.00
-0.687051   -0.525114   0.00    0.00    0.98    0.00    0.00
0.320232    -0.057560   0.00    0.00    0.00    0.00    0.98
0.665925    -0.535497   0.00    0.00    0.00    0.98    0.00
0.608599    -0.197654   0.00    0.00    0.00    0.98    0.00
-0.557367   -0.397990   0.00    0.00    0.98    0.00    0.00
-0.919668   0.188318    0.98    0.00    0.00    0.00    0.00
0.156788    0.251591    0.00    0.98    0.00    0.00    0.00
0.765175    0.194451    0.00    0.98    0.00    0.00    0.00
0.845186    -0.275163   0.00    0.00    0.00    0.98    0.00
0.518000    0.870526    0.00    0.98    0.00    0.00    0.00
0.821704    0.818966    0.00    0.98    0.00    0.00    0.00
0.274078    0.801941    0.00    0.98    0.00    0.00    0.00
-0.097295   0.431353    0.00    0.00    0.00    0.00    0.98
0.351809    0.913873    0.00    0.98    0.00    0.00    0.00
0.773800    0.920541    0.00    0.98    0.00    0.00    0.00
0.700338    0.393237    0.00    0.98    0.00    0.00    0.00
-0.615004   -0.043034   0.00    0.00    0.00    0.00    0.98
-0.598584   0.268485    0.98    0.00    0.00    0.00    0.00
-0.765086   -0.820316   0.00    0.00    0.98    0.00    0.00
0.902771    0.602076    0.00    0.98    0.00    0.00    0.00
0.520253    0.133545    0.00    0.98    0.00    0.00    0.00
0.481532    -0.350873   0.00    0.00    0.00    0.98    0.00
-0.087707   0.276175    0.00    0.00    0.00    0.00    0.98
0.800169    0.963552    0.00    0.98    0.00    0.00    0.00
-0.347986   0.563392    0.98    0.00    0.00    0.00    0.00
-0.457296   0.025892    0.00    0.00    0.00    0.00    0.98
-0.927146   0.511645    0.98    0.00    0.00    0.00    0.00
-0.094105   0.213229    0.00    0.00    0.00    0.00    0.98
-0.078871   0.379533    0.00    0.00    0.00    0.00    0.98
-0.515344   0.123002    0.98    0.00    0.00    0.00    0.00
-0.837804   -0.456653   0.00    0.00    0.98    0.00    0.00
-0.835001   0.013458    0.00    0.00    0.00    0.00    0.98
0.863689    -0.812137   0.00    0.00    0.00    0.98    0.00
-0.678011   -0.797030   0.00    0.00    0.98    0.00    0.00
-0.186697   0.891562    0.98    0.00    0.00    0.00    0.00
0.689592    -0.470224   0.00    0.00    0.00    0.98    0.00
-0.020317   -0.630090   0.00    0.00    0.00    0.00    0.98
0.156321    0.281634    0.00    0.98    0.00    0.00    0.00
0.372148    -0.291503   0.00    0.00    0.00    0.98    0.00
0.474853    0.390075    0.00    0.98    0.00    0.00    0.00
0.229478    -0.750300   0.00    0.00    0.00    0.98    0.00
0.408568    0.417636    0.00    0.98    0.00    0.00    0.00
-0.438618   -0.748083   0.00    0.00    0.98    0.00    0.00
-0.637453   0.774350    0.98    0.00    0.00    0.00    0.00
0.081377    0.486809    0.00    0.00    0.00    0.00    0.98
0.406318    -0.894671   0.00    0.00    0.00    0.98    0.00
-0.676024   -0.406969   0.00    0.00    0.98    0.00    0.00
-0.791512   -0.906665   0.00    0.00    0.98    0.00    0.00
0.776882    -0.836650   0.00    0.00    0.00    0.98    0.00
0.830994    0.909974    0.00    0.98    0.00    0.00    0.00
0.899659    -0.898360   0.00    0.00    0.00    0.98    0.00
0.967638    0.113222    0.00    0.98    0.00    0.00    0.00
-0.292258   0.478586    0.98    0.00    0.00    0.00    0.00
0.401499    -0.928987   0.00    0.00    0.00    0.98    0.00
0.652629    -0.320891   0.00    0.00    0.00    0.98    0.00
-0.531414   0.844806    0.98    0.00    0.00    0.00    0.00
0.052488    0.098109    0.00    0.00    0.00    0.00    0.98
0.886422    0.037848    0.00    0.00    0.00    0.00    0.98
0.497312    -0.788652   0.00    0.00    0.00    0.98    0.00
-0.361310   0.639378    0.98    0.00    0.00    0.00    0.00
0.253639    -0.290451   0.00    0.00    0.00    0.98    0.00
-0.648967   -0.008485   0.00    0.00    0.00    0.00    0.98
-0.663779   -0.175529   0.00    0.00    0.98    0.00    0.00
-0.566003   -0.712878   0.00    0.00    0.98    0.00    0.00
0.598833    0.060635    0.00    0.00    0.00    0.00    0.98
-0.388489   -0.154720   0.00    0.00    0.98    0.00    0.00
-0.582363   0.675050    0.98    0.00    0.00    0.00    0.00
-0.183599   0.997884    0.98    0.00    0.00    0.00    0.00
0.588025    -0.902167   0.00    0.00    0.00    0.98    0.00
0.287576    0.004047    0.00    0.00    0.00    0.00    0.98
-0.012472   -0.638771   0.00    0.00    0.00    0.00    0.98
0.456046    0.522837    0.00    0.98    0.00    0.00    0.00
0.760757    -0.426646   0.00    0.00    0.00    0.98    0.00
-0.627690   -0.244455   0.00    0.00    0.98    0.00    0.00
-0.908544   -0.386886   0.00    0.00    0.98    0.00    0.00
0.799361    -0.635257   0.00    0.00    0.00    0.98    0.00
0.566335    0.853281    0.00    0.98    0.00    0.00    0.00
0.159771    -0.410194   0.00    0.00    0.00    0.98    0.00
0.073715    0.859184    0.00    0.00    0.00    0.00    0.98
0.857363    -0.884662   0.00    0.00    0.00    0.98    0.00
0.686289    -0.274009   0.00    0.00    0.00    0.98    0.00
0.051116    -0.659682   0.00    0.00    0.00    0.00    0.98
0.895431    -0.766873   0.00    0.00    0.00    0.98    0.00
-0.725892   0.407733    0.98    0.00    0.00    0.00    0.00
0.974640    0.051575    0.00    0.00    0.00    0.00    0.98
0.170173    -0.568599   0.00    0.00    0.00    0.98    0.00
0.751903    0.216836    0.00    0.98    0.00    0.00    0.00
0.797788    -0.663886   0.00    0.00    0.00    0.98    0.00
-0.833423   0.967112    0.98    0.00    0.00    0.00    0.00
-0.974406   -0.487753   0.00    0.00    0.98    0.00    0.00
0.925343    0.621195    0.00    0.98    0.00    0.00    0.00
-0.573216   -0.847317   0.00    0.00    0.98    0.00    0.00
0.992847    0.620719    0.00    0.98    0.00    0.00    0.00
-0.650457   -0.064022   0.00    0.00    0.00    0.00    0.98
0.413099    -0.623502   0.00    0.00    0.00    0.98    0.00
-0.195233   -0.437938   0.00    0.00    0.98    0.00    0.00
-0.399395   0.298122    0.98    0.00    0.00    0.00    0.00
0.732029    -0.819953   0.00    0.00    0.00    0.98    0.00
-0.226441   -0.392253   0.00    0.00    0.98    0.00    0.00
0.150656    0.225234    0.00    0.98    0.00    0.00    0.00
0.164537    -0.734439   0.00    0.00    0.00    0.98    0.00
-0.699203   -0.933515   0.00    0.00    0.98    0.00    0.00
0.633325    0.280077    0.00    0.98    0.00    0.00    0.00
-0.849341   0.436958    0.98    0.00    0.00    0.00    0.00
0.040474    -0.706810   0.00    0.00    0.00    0.00    0.98
-0.335798   -0.574250   0.00    0.00    0.98    0.00    0.00
-0.814332   0.966524    0.98    0.00    0.00    0.00    0.00
-0.168692   -0.855038   0.00    0.00    0.98    0.00    0.00
0.968786    0.978171    0.00    0.98    0.00    0.00    0.00
-0.274813   0.879965    0.98    0.00    0.00    0.00    0.00
-0.543441   -0.303607   0.00    0.00    0.98    0.00    0.00
0.817742    0.880222    0.00    0.98    0.00    0.00    0.00
0.797468    -0.399471   0.00    0.00    0.00    0.98    0.00
-0.688179   -0.992862   0.00    0.00    0.98    0.00    0.00
-0.300138   0.046106    0.00    0.00    0.00    0.00    0.98
0.518511    0.398993    0.00    0.98    0.00    0.00    0.00
0.534737    0.710323    0.00    0.98    0.00    0.00    0.00
0.919101    -0.498190   0.00    0.00    0.00    0.98    0.00
0.338112    0.292427    0.00    0.98    0.00    0.00    0.00
0.811150    -0.325706   0.00    0.00    0.00    0.98    0.00
0.768411    -0.136610   0.00    0.00    0.00    0.98    0.00
-0.223027   -0.963612   0.00    0.00    0.98    0.00    0.00
-0.863863   0.440751    0.98    0.00    0.00    0.00    0.00
-0.907897   -0.189075   0.00    0.00    0.98    0.00    0.00
0.239835    0.892793    0.00    0.98    0.00    0.00    0.00
-0.069364   0.925136    0.00    0.00    0.00    0.00    0.98
-0.385528   -0.023596   0.00    0.00    0.00    0.00    0.98
0.811498    0.104925    0.00    0.98    0.00    0.00    0.00
-0.455755   -0.780637   0.00    0.00    0.98    0.00    0.00
-0.068463   -0.379931   0.00    0.00    0.00    0.00    0.98
-0.018278   0.088784    0.00    0.00    0.00    0.00    0.98
0.139651    0.479074    0.00    0.98    0.00    0.00    0.00
0.494732    0.445168    0.00    0.98    0.00    0.00    0.00
0.652916    -0.260542   0.00    0.00    0.00    0.98    0.00
-0.346500   0.564455    0.98    0.00    0.00    0.00    0.00
0.870833    -0.980349   0.00    0.00    0.00    0.98    0.00
0.979674    -0.321956   0.00    0.00    0.00    0.98    0.00
0.713356    -0.649730   0.00    0.00    0.00    0.98    0.00
0.777663    0.181218    0.00    0.98    0.00    0.00    0.00
-0.822543   -0.238819   0.00    0.00    0.98    0.00    0.00
0.221999    0.575427    0.00    0.98    0.00    0.00    0.00
-0.378557   -0.332478   0.00    0.00    0.98    0.00    0.00
-0.847378   -0.645273   0.00    0.00    0.98    0.00    0.00
-0.032153   0.318636    0.00    0.00    0.00    0.00    0.98
0.735653    -0.998643   0.00    0.00    0.00    0.98    0.00
0.569179    0.539701    0.00    0.98    0.00    0.00    0.00
0.905980    0.913663    0.00    0.98    0.00    0.00    0.00
0.710922    -0.709447   0.00    0.00    0.00    0.98    0.00
-0.353674   -0.840385   0.00    0.00    0.98    0.00    0.00
-0.241026   0.125150    0.98    0.00    0.00    0.00    0.00
-0.163755   0.721056    0.98    0.00    0.00    0.00    0.00
0.483556    -0.091101   0.00    0.00    0.00    0.00    0.98
0.918152    -0.775123   0.00    0.00    0.00    0.98    0.00
0.238012    0.026467    0.00    0.00    0.00    0.00    0.98
0.900168    0.436903    0.00    0.98    0.00    0.00    0.00
0.054798    0.837005    0.00    0.00    0.00    0.00    0.98
-0.314021   0.877522    0.98    0.00    0.00    0.00    0.00
0.230991    -0.604546   0.00    0.00    0.00    0.98    0.00
-0.276070   -0.375252   0.00    0.00    0.98    0.00    0.00
-0.808888   0.224864    0.98    0.00    0.00    0.00    0.00
0.636076    0.511459    0.00    0.98    0.00    0.00    0.00
-0.680563   0.857757    0.98    0.00    0.00    0.00    0.00
-0.384289   -0.283449   0.00    0.00    0.98    0.00    0.00
0.735018    -0.247536   0.00    0.00    0.00    0.98    0.00
0.338028    0.552511    0.00    0.98    0.00    0.00    0.00
0.874744    -0.549987   0.00    0.00    0.00    0.98    0.00
-0.163311   0.867909    0.98    0.00    0.00    0.00    0.00
0.070641    -0.342941   0.00    0.00    0.00    0.00    0.98
-0.156651   0.414960    0.98    0.00    0.00    0.00    0.00
0.444585    -0.250785   0.00    0.00    0.00    0.98    0.00
0.198814    -0.895839   0.00    0.00    0.00    0.98    0.00
0.353604    0.492744    0.00    0.98    0.00    0.00    0.00
-0.801763   -0.802788   0.00    0.00    0.98    0.00    0.00
0.585544    -0.890728   0.00    0.00    0.00    0.98    0.00
-0.990789   -0.075674   0.00    0.00    0.00    0.00    0.98
-0.302799   -0.167391   0.00    0.00    0.98    0.00    0.00
0.700039    0.916354    0.00    0.98    0.00    0.00    0.00
0.098327    -0.358160   0.00    0.00    0.00    0.00    0.98
0.861108    0.618715    0.00    0.98    0.00    0.00    0.00
-0.258789   0.968672    0.98    0.00    0.00    0.00    0.00
-0.107708   -0.932250   0.00    0.00    0.98    0.00    0.00
-0.234685   -0.767731   0.00    0.00    0.98    0.00    0.00
0.036934    -0.328046   0.00    0.00    0.00    0.00    0.98
0.724051    -0.410078   0.00    0.00    0.00    0.98    0.00
0.641315    0.720064    0.00    0.98    0.00    0.00    0.00
-0.979336   0.657620    0.98    0.00    0.00    0.00    0.00
0.557895    0.286676    0.00    0.98    0.00    0.00    0.00
-0.398086   -0.748218   0.00    0.00    0.98    0.00    0.00
-0.556071   -0.605422   0.00    0.00    0.98    0.00    0.00
-0.020331   0.169417    0.00    0.00    0.00    0.00    0.98
-0.475788   -0.492709   0.00    0.00    0.98    0.00    0.00
-0.408049   0.238808    0.98    0.00    0.00    0.00    0.00
-0.027771   -0.846455   0.00    0.00    0.00    0.00    0.98
-0.774299   -0.271354   0.00    0.00    0.98    0.00    0.00
0.055337    -0.595946   0.00    0.00    0.00    0.00    0.98
0.437015    -0.839506   0.00    0.00    0.00    0.98    0.00
-0.851773   0.201888    0.98    0.00    0.00    0.00    0.00
0.391247    -0.141661   0.00    0.00    0.00    0.98    0.00
-0.806249   -0.258145   0.00    0.00    0.98    0.00    0.00
-0.190878   0.792368    0.98    0.00    0.00    0.00    0.00
-0.004375   -0.979716   0.00    0.00    0.00    0.00    0.98
-0.782940   0.695420    0.98    0.00    0.00    0.00    0.00
-0.252976   0.269117    0.98    0.00    0.00    0.00    0.00
-0.761526   -0.986243   0.00    0.00    0.98    0.00    0.00
-0.739783   -0.386415   0.00    0.00    0.98    0.00    0.00
0.366456    -0.937656   0.00    0.00    0.00    0.98    0.00
0.735278    0.869506    0.00    0.98    0.00    0.00    0.00
0.708324    0.692536    0.00    0.98    0.00    0.00    0.00
-0.960277   0.033308    0.00    0.00    0.00    0.00    0.98
-0.423493   0.288340    0.98    0.00    0.00    0.00    0.00
-0.692138   -0.130655   0.00    0.00    0.98    0.00    0.00
0.718687    0.321454    0.00    0.98    0.00    0.00    0.00
-0.268576   0.417853    0.98    0.00    0.00    0.00    0.00
-0.285129   0.459243    0.98    0.00    0.00    0.00    0.00
-0.648886   0.526984    0.98    0.00    0.00    0.00    0.00
-0.635185   0.366791    0.98    0.00    0.00    0.00    0.00
0.690055    0.528206    0.00    0.98    0.00    0.00    0.00
-0.280183   -0.837071   0.00    0.00    0.98    0.00    0.00
0.694451    -0.877384   0.00    0.00    0.00    0.98    0.00
-0.982005   -0.561967   0.00    0.00    0.98    0.00    0.00
-0.928022   -0.074616   0.00    0.00    0.00    0.00    0.98
0.154966    0.820937    0.00    0.98    0.00    0.00    0.00
-0.357912   -0.684623   0.00    0.00    0.98    0.00    0.00
-0.470226   -0.413865   0.00    0.00    0.98    0.00    0.00
0.978971    0.733126    0.00    0.98    0.00    0.00    0.00
-0.064329   -0.624383   0.00    0.00    0.00    0.00    0.98
-0.394267   0.063306    0.00    0.00    0.00    0.00    0.98
-0.256606   -0.624906   0.00    0.00    0.98    0.00    0.00
-0.527906   0.099537    0.00    0.00    0.00    0.00    0.98
0.552743    0.491422    0.00    0.98    0.00    0.00    0.00
0.721222    -0.491275   0.00    0.00    0.00    0.98    0.00
0.910752    -0.820641   0.00    0.00    0.00    0.98    0.00
-0.484387   0.879348    0.98    0.00    0.00    0.00    0.00
-0.884964   -0.756658   0.00    0.00    0.98    0.00    0.00
-0.677480   -0.332381   0.00    0.00    0.98    0.00    0.00
-0.009977   0.654811    0.00    0.00    0.00    0.00    0.98
0.922248    0.340071    0.00    0.98    0.00    0.00    0.00
-0.951187   -0.425721   0.00    0.00    0.98    0.00    0.00
0.624282    -0.050186   0.00    0.00    0.00    0.00    0.98
0.881243    -0.534501   0.00    0.00    0.00    0.98    0.00
-0.241736   -0.231659   0.00    0.00    0.98    0.00    0.00
-0.671008   -0.966411   0.00    0.00    0.98    0.00    0.00
-0.553664   0.502669    0.98    0.00    0.00    0.00    0.00
-0.294522   -0.690866   0.00    0.00    0.98    0.00    0.00
0.711464    -0.194357   0.00    0.00    0.00    0.98    0.00
-0.411640   0.643413    0.98    0.00    0.00    0.00    0.00
0.912947    -0.229609   0.00    0.00    0.00    0.98    0.00
-0.195209   -0.998403   0.00    0.00    0.98    0.00    0.00
0.368505    0.117177    0.00    0.98    0.00    0.00    0.00
-0.560333   0.908770    0.98    0.00    0.00    0.00    0.00
-0.890480   -0.231675   0.00    0.00    0.98    0.00    0.00
0.133093    0.574948    0.00    0.98    0.00    0.00    0.00
-0.711929   0.529484    0.98    0.00    0.00    0.00    0.00
0.757055    -0.380654   0.00    0.00    0.00    0.98    0.00
0.912476    -0.463582   0.00    0.00    0.00    0.98    0.00
-0.775511   -0.448296   0.00    0.00    0.98    0.00    0.00
0.760398    -0.538952   0.00    0.00    0.00    0.98    0.00
0.062635    0.977890    0.00    0.00    0.00    0.00    0.98
-0.722471   -0.821857   0.00    0.00    0.98    0.00    0.00
-0.095267   0.940931    0.00    0.00    0.00    0.00    0.98
0.639519    0.954944    0.00    0.98    0.00    0.00    0.00
0.447618    -0.036851   0.00    0.00    0.00    0.00    0.98
0.365836    -0.004408   0.00    0.00    0.00    0.00    0.98
0.860278    -0.138289   0.00    0.00    0.00    0.98    0.00
0.098672    0.480939    0.00    0.00    0.00    0.00    0.98
0.382891    0.656156    0.00    0.98    0.00    0.00    0.00
-0.342312   0.833905    0.98    0.00    0.00    0.00    0.00
0.481667    -0.576115   0.00    0.00    0.00    0.98    0.00
-0.325345   -0.328162   0.00    0.00    0.98    0.00    0.00
0.987339    0.615864    0.00    0.98    0.00    0.00    0.00
0.400509    -0.127195   0.00    0.00    0.00    0.98    0.00
-0.546931   0.889139    0.98    0.00    0.00    0.00    0.00
0.788552    -0.722825   0.00    0.00    0.00    0.98    0.00
-0.782762   0.352098    0.98    0.00    0.00    0.00    0.00
0.979671    0.074660    0.00    0.00    0.00    0.00    0.98
0.365157    -0.858556   0.00    0.00    0.00    0.98    0.00
0.563301    -0.129795   0.00    0.00    0.00    0.98    0.00
0.716719    -0.615269   0.00    0.00    0.00    0.98    0.00
-0.813851   0.538157    0.98    0.00    0.00    0.00    0.00
-0.047046   -0.657560   0.00    0.00    0.00    0.00    0.98
0.129544    -0.261992   0.00    0.00    0.00    0.98    0.00
-0.559227   0.170597    0.98    0.00    0.00    0.00    0.00
-0.399415   0.972761    0.98    0.00    0.00    0.00    0.00
-0.661986   0.746243    0.98    0.00    0.00    0.00    0.00
-0.736409   0.937710    0.98    0.00    0.00    0.00    0.00
0.463458    -0.357900   0.00    0.00    0.00    0.98    0.00
-0.525682   -0.385020   0.00    0.00    0.98    0.00    0.00
-0.836459   0.996863    0.98    0.00    0.00    0.00    0.00
-0.562546   0.074554    0.00    0.00    0.00    0.00    0.98
0.598864    -0.710368   0.00    0.00    0.00    0.98    0.00
-0.908668   0.271891    0.98    0.00    0.00    0.00    0.00
0.583201    0.665609    0.00    0.98    0.00    0.00    0.00
-0.976888   -0.565620   0.00    0.00    0.98    0.00    0.00
-0.472112   0.368559    0.98    0.00    0.00    0.00    0.00
-0.422646   -0.487455   0.00    0.00    0.98    0.00    0.00
0.855451    0.983969    0.00    0.98    0.00    0.00    0.00
0.349541    -0.606671   0.00    0.00    0.00    0.98    0.00
-0.063163   -0.722071   0.00    0.00    0.00    0.00    0.98
-0.197446   0.006192    0.00    0.00    0.00    0.00    0.98
-0.712708   0.828115    0.98    0.00    0.00    0.00    0.00
-0.271604   0.075273    0.00    0.00    0.00    0.00    0.98
-0.463204   0.988126    0.98    0.00    0.00    0.00    0.00
-0.041627   0.616176    0.00    0.00    0.00    0.00    0.98
-0.311506   -0.452975   0.00    0.00    0.98    0.00    0.00
-0.063988   -0.540896   0.00    0.00    0.00    0.00    0.98
0.001798    -0.933462   0.00    0.00    0.00    0.00    0.98
0.693781    -0.096131   0.00    0.00    0.00    0.00    0.98
0.600723    -0.838559   0.00    0.00    0.00    0.98    0.00
0.067882    0.687811    0.00    0.00    0.00    0.00    0.98
-0.697614   0.864872    0.98    0.00    0.00    0.00    0.00
-0.524078   -0.409748   0.00    0.00    0.98    0.00    0.00
-0.882159   0.244927    0.98    0.00    0.00    0.00    0.00
-0.223770   0.281615    0.98    0.00    0.00    0.00    0.00
0.395078    -0.418009   0.00    0.00    0.00    0.98    0.00
0.391859    0.435401    0.00    0.98    0.00    0.00    0.00
-0.130175   -0.626549   0.00    0.00    0.98    0.00    0.00
-0.919788   -0.100013   0.00    0.00    0.98    0.00    0.00
-0.878246   0.001246    0.00    0.00    0.00    0.00    0.98
-0.748628   -0.706050   0.00    0.00    0.98    0.00    0.00
-0.900252   -0.743424   0.00    0.00    0.98    0.00    0.00
0.210310    0.248442    0.00    0.98    0.00    0.00    0.00
-0.032467   -0.329618   0.00    0.00    0.00    0.00    0.98
0.250934    0.440185    0.00    0.98    0.00    0.00    0.00
-0.389189   -0.686435   0.00    0.00    0.98    0.00    0.00
-0.766685   -0.173635   0.00    0.00    0.98    0.00    0.00
0.775811    -0.021044   0.00    0.00    0.00    0.00    0.98
-0.684659   0.301290    0.98    0.00    0.00    0.00    0.00
-0.133882   0.037982    0.00    0.00    0.00    0.00    0.98
0.898456    -0.963031   0.00    0.00    0.00    0.98    0.00
-0.132447   -0.879176   0.00    0.00    0.98    0.00    0.00
-0.274029   0.545925    0.98    0.00    0.00    0.00    0.00
0.313829    -0.378445   0.00    0.00    0.00    0.98    0.00
-0.363190   0.502508    0.98    0.00    0.00    0.00    0.00
0.767898    -0.911900   0.00    0.00    0.00    0.98    0.00
-0.084874   0.682664    0.00    0.00    0.00    0.00    0.98
-0.196354   -0.692308   0.00    0.00    0.98    0.00    0.00
-0.768873   0.962870    0.98    0.00    0.00    0.00    0.00
0.922465    0.681311    0.00    0.98    0.00    0.00    0.00
-0.676168   0.419508    0.98    0.00    0.00    0.00    0.00
0.521206    -0.641731   0.00    0.00    0.00    0.98    0.00
-0.990490   -0.695966   0.00    0.00    0.98    0.00    0.00
-0.464428   -0.997141   0.00    0.00    0.98    0.00    0.00
0.426045    -0.172978   0.00    0.00    0.00    0.98    0.00
-0.937721   0.034775    0.00    0.00    0.00    0.00    0.98
0.080479    0.797270    0.00    0.00    0.00    0.00    0.98
-0.278160   0.207569    0.98    0.00    0.00    0.00    0.00
0.635623    -0.200134   0.00    0.00    0.00    0.98    0.00
-0.312661   0.484022    0.98    0.00    0.00    0.00    0.00
0.921363    -0.667325   0.00    0.00    0.00    0.98    0.00
-0.757253   -0.754710   0.00    0.00    0.98    0.00    0.00
0.210174    0.042134    0.00    0.00    0.00    0.00    0.98
-0.610272   -0.800334   0.00    0.00    0.98    0.00    0.00
-0.600470   -0.041578   0.00    0.00    0.00    0.00    0.98
0.562372    -0.368919   0.00    0.00    0.00    0.98    0.00
0.941049    0.286656    0.00    0.98    0.00    0.00    0.00
0.975791    0.021982    0.00    0.00    0.00    0.00    0.98
0.597459    -0.395820   0.00    0.00    0.00    0.98    0.00
-0.779908   -0.185317   0.00    0.00    0.98    0.00    0.00
0.902129    0.078383    0.00    0.00    0.00    0.00    0.98
-0.128831   0.127361    0.98    0.00    0.00    0.00    0.00
-0.303357   -0.596924   0.00    0.00    0.98    0.00    0.00
0.554845    -0.617063   0.00    0.00    0.00    0.98    0.00
-0.584537   0.105229    0.98    0.00    0.00    0.00    0.00
-0.995265   -0.022308   0.00    0.00    0.00    0.00    0.98
0.180131    0.686217    0.00    0.98    0.00    0.00    0.00
-0.162476   -0.981655   0.00    0.00    0.98    0.00    0.00
-0.690133   0.411784    0.98    0.00    0.00    0.00    0.00
0.238042    0.039405    0.00    0.00    0.00    0.00    0.98
0.741745    -0.587011   0.00    0.00    0.00    0.98    0.00
-0.938891   0.454790    0.98    0.00    0.00    0.00    0.00
-0.526913   -0.147433   0.00    0.00    0.98    0.00    0.00
-0.147074   0.412780    0.98    0.00    0.00    0.00    0.00
0.492727    0.201486    0.00    0.98    0.00    0.00    0.00
0.915833    -0.848255   0.00    0.00    0.00    0.98    0.00
0.889519    0.442248    0.00    0.98    0.00    0.00    0.00
-0.853509   0.214419    0.98    0.00    0.00    0.00    0.00
-0.603831   -0.180161   0.00    0.00    0.98    0.00    0.00
-0.031590   0.466362    0.00    0.00    0.00    0.00    0.98
0.521023    0.199583    0.00    0.98    0.00    0.00    0.00
-0.264010   0.586633    0.98    0.00    0.00    0.00    0.00
-0.816020   0.244784    0.98    0.00    0.00    0.00    0.00
-0.078967   -0.558056   0.00    0.00    0.00    0.00    0.98
-0.626339   0.435831    0.98    0.00    0.00    0.00    0.00
0.446898    0.676355    0.00    0.98    0.00    0.00    0.00
0.859866    0.313963    0.00    0.98    0.00    0.00    0.00
-0.664640   0.856001    0.98    0.00    0.00    0.00    0.00
-0.449272   -0.486917   0.00    0.00    0.98    0.00    0.00
0.547575    -0.697669   0.00    0.00    0.00    0.98    0.00
-0.088783   0.828666    0.00    0.00    0.00    0.00    0.98
0.825550    -0.648685   0.00    0.00    0.00    0.98    0.00
0.216423    0.113462    0.00    0.98    0.00    0.00    0.00
0.014496    -0.266473   0.00    0.00    0.00    0.00    0.98
0.124606    -0.730427   0.00    0.00    0.00    0.98    0.00
0.200298    0.887824    0.00    0.98    0.00    0.00    0.00
0.335509    0.505300    0.00    0.98    0.00    0.00    0.00
-0.372691   0.404986    0.98    0.00    0.00    0.00    0.00
0.382759    -0.672727   0.00    0.00    0.00    0.98    0.00
-0.068320   0.586776    0.00    0.00    0.00    0.00    0.98
0.339853    -0.651946   0.00    0.00    0.00    0.98    0.00
-0.184037   0.383881    0.98    0.00    0.00    0.00    0.00
-0.296848   0.193298    0.98    0.00    0.00    0.00    0.00
0.172095    0.666439    0.00    0.98    0.00    0.00    0.00
0.042517    -0.230469   0.00    0.00    0.00    0.00    0.98
-0.819735   0.101792    0.98    0.00    0.00    0.00    0.00
0.948988    0.707768    0.00    0.98    0.00    0.00    0.00
-0.518857   -0.961677   0.00    0.00    0.98    0.00    0.00
0.535422    0.314441    0.00    0.98    0.00    0.00    0.00
-0.996347   0.768453    0.98    0.00    0.00    0.00    0.00
0.823169    0.769797    0.00    0.98    0.00    0.00    0.00
-0.664188   -0.083349   0.00    0.00    0.00    0.00    0.98
-0.772950   -0.802118   0.00    0.00    0.98    0.00    0.00
0.972080    0.561319    0.00    0.98    0.00    0.00    0.00
0.253594    -0.386449   0.00    0.00    0.00    0.98    0.00
-0.659386   0.600122    0.98    0.00    0.00    0.00    0.00
-0.578732   0.125554    0.98    0.00    0.00    0.00    0.00
-0.907073   -0.563478   0.00    0.00    0.98    0.00    0.00
-0.529961   -0.835289   0.00    0.00    0.98    0.00    0.00
-0.737623   0.328801    0.98    0.00    0.00    0.00    0.00
0.621697    -0.439985   0.00    0.00    0.00    0.98    0.00
0.300511    0.122017    0.00    0.98    0.00    0.00    0.00
0.579603    0.105585    0.00    0.98    0.00    0.00    0.00
0.765253    0.269360    0.00    0.98    0.00    0.00    0.00
0.904858    0.471233    0.00    0.98    0.00    0.00    0.00
0.110535    0.245925    0.00    0.98    0.00    0.00    0.00
-0.495485   0.763227    0.98    0.00    0.00    0.00    0.00
-0.709904   0.519179    0.98    0.00    0.00    0.00    0.00
-0.270693   0.043574    0.00    0.00    0.00    0.00    0.98
0.871125    0.884101    0.00    0.98    0.00    0.00    0.00
0.817851    -0.209390   0.00    0.00    0.00    0.98    0.00
0.454254    -0.185757   0.00    0.00    0.00    0.98    0.00
0.049978    0.181303    0.00    0.00    0.00    0.00    0.98
0.429810    0.151950    0.00    0.98    0.00    0.00    0.00
-0.669562   0.943302    0.98    0.00    0.00    0.00    0.00
-0.864396   -0.080356   0.00    0.00    0.00    0.00    0.98
-0.193979   -0.387925   0.00    0.00    0.98    0.00    0.00
0.687789    0.784713    0.00    0.98    0.00    0.00    0.00
-0.024917   -0.003135   0.00    0.00    0.00    0.00    0.98
-0.846588   0.480468    0.98    0.00    0.00    0.00    0.00
0.201660    -0.781222   0.00    0.00    0.00    0.98    0.00
0.275211    0.617783    0.00    0.98    0.00    0.00    0.00
0.997367    0.692596    0.00    0.98    0.00    0.00    0.00
-0.257561   -0.657853   0.00    0.00    0.98    0.00    0.00
0.363750    0.590274    0.00    0.98    0.00    0.00    0.00
-0.556505   -0.663207   0.00    0.00    0.98    0.00    0.00
0.143380    0.755430    0.00    0.98    0.00    0.00    0.00
0.900317    0.144565    0.00    0.98    0.00    0.00    0.00
-0.313923   0.055464    0.00    0.00    0.00    0.00    0.98
-0.088992   -0.953332   0.00    0.00    0.00    0.00    0.98
0.175998    0.868295    0.00    0.98    0.00    0.00    0.00
0.865576    0.680440    0.00    0.98    0.00    0.00    0.00
-0.417444   0.885276    0.98    0.00    0.00    0.00    0.00
-0.962446   0.594373    0.98    0.00    0.00    0.00    0.00
0.774285    0.720940    0.00    0.98    0.00    0.00    0.00
0.681020    -0.214226   0.00    0.00    0.00    0.98    0.00
0.977893    0.398220    0.00    0.98    0.00    0.00    0.00
0.166239    0.190340    0.00    0.98    0.00    0.00    0.00
0.275458    0.666939    0.00    0.98    0.00    0.00    0.00
-0.510597   -0.906706   0.00    0.00    0.98    0.00    0.00
0.563624    0.555496    0.00    0.98    0.00    0.00    0.00
-0.906206   0.874150    0.98    0.00    0.00    0.00    0.00
0.540389    0.436625    0.00    0.98    0.00    0.00    0.00
-0.057016   0.295631    0.00    0.00    0.00    0.00    0.98
-0.348321   -0.894323   0.00    0.00    0.98    0.00    0.00
0.364980    0.368797    0.00    0.98    0.00    0.00    0.00
-0.379037   -0.099174   0.00    0.00    0.00    0.00    0.98
0.395126    -0.394098   0.00    0.00    0.00    0.98    0.00
0.957870    -0.941490   0.00    0.00    0.00    0.98    0.00
-0.340046   -0.585687   0.00    0.00    0.98    0.00    0.00
0.956774    -0.541899   0.00    0.00    0.00    0.98    0.00
-0.823236   0.859352    0.98    0.00    0.00    0.00    0.00
-0.074808   -0.758639   0.00    0.00    0.00    0.00    0.98
-0.277229   -0.423739   0.00    0.00    0.98    0.00    0.00
0.816582    -0.025597   0.00    0.00    0.00    0.00    0.98
-0.933506   -0.072307   0.00    0.00    0.00    0.00    0.98
0.875774    0.977416    0.00    0.98    0.00    0.00    0.00
0.517464    -0.733781   0.00    0.00    0.00    0.98    0.00
-0.168964   -0.709609   0.00    0.00    0.98    0.00    0.00
-0.605155   -0.762403   0.00    0.00    0.98    0.00    0.00
0.720562    -0.438046   0.00    0.00    0.00    0.98    0.00
0.370353    -0.427642   0.00    0.00    0.00    0.98    0.00
0.018709    -0.370582   0.00    0.00    0.00    0.00    0.98
0.533315    0.039411    0.00    0.00    0.00    0.00    0.98
0.503891    0.721219    0.00    0.98    0.00    0.00    0.00
0.831355    -0.457391   0.00    0.00    0.00    0.98    0.00
0.205455    -0.610682   0.00    0.00    0.00    0.98    0.00
-0.934497   -0.644822   0.00    0.00    0.98    0.00    0.00
-0.143916   -0.037932   0.00    0.00    0.00    0.00    0.98
0.543469    0.634572    0.00    0.98    0.00    0.00    0.00
-0.083439   -0.929793   0.00    0.00    0.00    0.00    0.98
0.363194    0.605224    0.00    0.98    0.00    0.00    0.00
0.071932    0.108920    0.00    0.00    0.00    0.00    0.98
0.221774    0.984103    0.00    0.98    0.00    0.00    0.00
0.511647    0.431174    0.00    0.98    0.00    0.00    0.00
-0.243949   0.766604    0.98    0.00    0.00    0.00    0.00
0.190299    -0.470364   0.00    0.00    0.00    0.98    0.00
0.316325    -0.441059   0.00    0.00    0.00    0.98    0.00
-0.699901   0.668149    0.98    0.00    0.00    0.00    0.00
-0.090984   -0.397660   0.00    0.00    0.00    0.00    0.98
0.002985    -0.201242   0.00    0.00    0.00    0.00    0.98
0.282225    -0.897875   0.00    0.00    0.00    0.98    0.00
-0.807561   -0.209826   0.00    0.00    0.98    0.00    0.00
0.866324    -0.683927   0.00    0.00    0.00    0.98    0.00
0.120850    0.935128    0.00    0.98    0.00    0.00    0.00
0.429705    -0.353796   0.00    0.00    0.00    0.98    0.00
0.920790    0.536951    0.00    0.98    0.00    0.00    0.00
-0.776165   -0.583657   0.00    0.00    0.98    0.00    0.00
-0.887588   0.840593    0.98    0.00    0.00    0.00    0.00
0.428114    0.844639    0.00    0.98    0.00    0.00    0.00
0.816992    0.517223    0.00    0.98    0.00    0.00    0.00
-0.164383   0.224847    0.98    0.00    0.00    0.00    0.00
-0.795470   -0.293884   0.00    0.00    0.98    0.00    0.00
0.190487    -0.743994   0.00    0.00    0.00    0.98    0.00
-0.520250   0.920997    0.98    0.00    0.00    0.00    0.00
-0.894003   0.296518    0.98    0.00    0.00    0.00    0.00
0.848798    0.019988    0.00    0.00    0.00    0.00    0.98
-0.190328   0.666093    0.98    0.00    0.00    0.00    0.00
0.558892    0.181932    0.00    0.98    0.00    0.00    0.00
-0.133560   0.860231    0.98    0.00    0.00    0.00    0.00
-0.401194   -0.048992   0.00    0.00    0.00    0.00    0.98
-0.005949   0.067071    0.00    0.00    0.00    0.00    0.98
0.033303    0.401311    0.00    0.00    0.00    0.00    0.98
0.378034    -0.806634   0.00    0.00    0.00    0.98    0.00
0.344185    -0.370930   0.00    0.00    0.00    0.98    0.00
-0.753964   -0.457466   0.00    0.00    0.98    0.00    0.00
0.938747    -0.269413   0.00    0.00    0.00    0.98    0.00
-0.110094   -0.569957   0.00    0.00    0.98    0.00    0.00
-0.317555   0.021099    0.00    0.00    0.00    0.00    0.98
-0.312827   -0.602488   0.00    0.00    0.98    0.00    0.00
-0.302586   -0.835236   0.00    0.00    0.98    0.00    0.00
0.784727    0.230953    0.00    0.98    0.00    0.00    0.00
-0.627586   -0.316500   0.00    0.00    0.98    0.00    0.00
0.714049    -0.835697   0.00    0.00    0.00    0.98    0.00
0.544664    0.815507    0.00    0.98    0.00    0.00    0.00
0.171585    -0.831613   0.00    0.00    0.00    0.98    0.00
-0.819017   -0.257568   0.00    0.00    0.98    0.00    0.00
-0.867597   -0.029559   0.00    0.00    0.00    0.00    0.98
0.369098    -0.074936   0.00    0.00    0.00    0.00    0.98
-0.624496   -0.657913   0.00    0.00    0.98    0.00    0.00
-0.395116   0.609316    0.98    0.00    0.00    0.00    0.00
0.139730    0.532898    0.00    0.98    0.00    0.00    0.00
-0.340847   0.256807    0.98    0.00    0.00    0.00    0.00
-0.895066   0.637607    0.98    0.00    0.00    0.00    0.00
0.321683    0.019950    0.00    0.00    0.00    0.00    0.98
-0.386811   -0.241130   0.00    0.00    0.98    0.00    0.00
-0.927884   -0.155491   0.00    0.00    0.98    0.00    0.00
0.132414    0.878179    0.00    0.98    0.00    0.00    0.00
0.077810    0.097332    0.00    0.00    0.00    0.00    0.98
-0.374435   -0.383601   0.00    0.00    0.98    0.00    0.00
-0.002695   0.112332    0.00    0.00    0.00    0.00    0.98
-0.677263   0.533178    0.98    0.00    0.00    0.00    0.00
-0.157954   0.207193    0.98    0.00    0.00    0.00    0.00
0.971083    0.526198    0.00    0.98    0.00    0.00    0.00
-0.764070   0.493134    0.98    0.00    0.00    0.00    0.00
0.220228    -0.003367   0.00    0.00    0.00    0.00    0.98
-0.119254   -0.783169   0.00    0.00    0.98    0.00    0.00
0.879066    -0.809487   0.00    0.00    0.00    0.98    0.00
0.064408    0.586404    0.00    0.00    0.00    0.00    0.98
-0.323796   0.969598    0.98    0.00    0.00    0.00    0.00
-0.688315   -0.718697   0.00    0.00    0.98    0.00    0.00
0.547228    -0.272552   0.00    0.00    0.00    0.98    0.00
-0.710054   0.034416    0.00    0.00    0.00    0.00    0.98
-0.920263   -0.192929   0.00    0.00    0.98    0.00    0.00
0.758036    0.226834    0.00    0.98    0.00    0.00    0.00
0.505753    -0.469051   0.00    0.00    0.00    0.98    0.00
0.199554    0.251716    0.00    0.98    0.00    0.00    0.00
-0.130922   -0.857133   0.00    0.00    0.98    0.00    0.00
-0.564820   -0.540343   0.00    0.00    0.98    0.00    0.00
0.444735    -0.427925   0.00    0.00    0.00    0.98    0.00
0.234936    0.386842    0.00    0.98    0.00    0.00    0.00
-0.281112   -0.857685   0.00    0.00    0.98    0.00    0.00
-0.134522   -0.517891   0.00    0.00    0.98    0.00    0.00
0.071722    0.584226    0.00    0.00    0.00    0.00    0.98
0.101533    0.330076    0.00    0.98    0.00    0.00    0.00
0.087637    -0.132762   0.00    0.00    0.00    0.00    0.98
0.433568    0.229507    0.00    0.98    0.00    0.00    0.00
-0.612077   0.434854    0.98    0.00    0.00    0.00    0.00
0.127355    -0.406894   0.00    0.00    0.00    0.98    0.00
0.987104    -0.283230   0.00    0.00    0.00    0.98    0.00
-0.301459   0.279330    0.98    0.00    0.00    0.00    0.00
0.811805    0.162380    0.00    0.98    0.00    0.00    0.00
-0.414637   0.614090    0.98    0.00    0.00    0.00    0.00
-0.068289   -0.980764   0.00    0.00    0.00    0.00    0.98
-0.283338   -0.315614   0.00    0.00    0.98    0.00    0.00
-0.463956   -0.065446   0.00    0.00    0.00    0.00    0.98
0.577119    -0.591833   0.00    0.00    0.00    0.98    0.00
-0.234884   -0.972308   0.00    0.00    0.98    0.00    0.00
0.972183    -0.931678   0.00    0.00    0.00    0.98    0.00
-0.614349   0.614284    0.98    0.00    0.00    0.00    0.00
0.124354    0.077348    0.00    0.00    0.00    0.00    0.98
0.709952    -0.078955   0.00    0.00    0.00    0.00    0.98
-0.227155   -0.552321   0.00    0.00    0.98    0.00    0.00
-0.526701   0.652601    0.98    0.00    0.00    0.00    0.00
-0.976538   -0.404317   0.00    0.00    0.98    0.00    0.00
-0.862617   0.646735    0.98    0.00    0.00    0.00    0.00
0.780677    0.254616    0.00    0.98    0.00    0.00    0.00
0.294252    0.637206    0.00    0.98    0.00    0.00    0.00
-0.898019   0.876106    0.98    0.00    0.00    0.00    0.00
-0.766267   -0.498704   0.00    0.00    0.98    0.00    0.00
-0.828246   0.513671    0.98    0.00    0.00    0.00    0.00
-0.902993   -0.265609   0.00    0.00    0.98    0.00    0.00
-0.048599   -0.897073   0.00    0.00    0.00    0.00    0.98
-0.070963   -0.524071   0.00    0.00    0.00    0.00    0.98
0.150291    -0.559844   0.00    0.00    0.00    0.98    0.00
-0.627331   -0.500438   0.00    0.00    0.98    0.00    0.00
-0.394424   -0.013470   0.00    0.00    0.00    0.00    0.98
0.756813    0.126686    0.00    0.98    0.00    0.00    0.00
0.660682    0.447722    0.00    0.98    0.00    0.00    0.00
-0.166845   -0.642365   0.00    0.00    0.98    0.00    0.00
-0.592960   -0.963312   0.00    0.00    0.98    0.00    0.00
0.661802    -0.169763   0.00    0.00    0.00    0.98    0.00
0.162204    0.864100    0.00    0.98    0.00    0.00    0.00
-0.544844   -0.513941   0.00    0.00    0.98    0.00    0.00
-0.550741   -0.853976   0.00    0.00    0.98    0.00    0.00
-0.546848   -0.966310   0.00    0.00    0.98    0.00    0.00
-0.116057   0.843881    0.98    0.00    0.00    0.00    0.00
-0.950716   -0.167872   0.00    0.00    0.98    0.00    0.00
0.120001    0.184574    0.00    0.98    0.00    0.00    0.00
-0.142241   0.036815    0.00    0.00    0.00    0.00    0.98
-0.844314   0.516170    0.98    0.00    0.00    0.00    0.00
-0.964495   0.682332    0.98    0.00    0.00    0.00    0.00
-0.393593   0.339844    0.98    0.00    0.00    0.00    0.00
0.623244    -0.412055   0.00    0.00    0.00    0.98    0.00
-0.254557   0.546914    0.98    0.00    0.00    0.00    0.00
-0.244300   0.228045    0.98    0.00    0.00    0.00    0.00
0.328782    -0.917009   0.00    0.00    0.00    0.98    0.00
0.743699    -0.321138   0.00    0.00    0.00    0.98    0.00
-0.446723   0.481803    0.98    0.00    0.00    0.00    0.00
0.333558    0.189703    0.00    0.98    0.00    0.00    0.00
0.395251    -0.470484   0.00    0.00    0.00    0.98    0.00
0.299267    -0.061096   0.00    0.00    0.00    0.00    0.98
0.259621    -0.760408   0.00    0.00    0.00    0.98    0.00
0.253770    0.260491    0.00    0.98    0.00    0.00    0.00
-0.838786   0.513432    0.98    0.00    0.00    0.00    0.00
0.079822    0.389616    0.00    0.00    0.00    0.00    0.98
-0.236002   0.164503    0.98    0.00    0.00    0.00    0.00
0.221274    0.113527    0.00    0.98    0.00    0.00    0.00
-0.850876   0.834404    0.98    0.00    0.00    0.00    0.00
0.986047    0.544985    0.00    0.98    0.00    0.00    0.00
-0.733101   -0.739552   0.00    0.00    0.98    0.00    0.00
-0.962761   -0.980340   0.00    0.00    0.98    0.00    0.00
0.405124    0.088778    0.00    0.00    0.00    0.00    0.98
0.626322    0.979554    0.00    0.98    0.00    0.00    0.00
-0.826185   0.041421    0.00    0.00    0.00    0.00    0.98
0.510594    0.912902    0.00    0.98    0.00    0.00    0.00
0.144472    -0.127104   0.00    0.00    0.00    0.98    0.00
0.751956    -0.263839   0.00    0.00    0.00    0.98    0.00
-0.768323   -0.884785   0.00    0.00    0.98    0.00    0.00
0.534074    -0.413162   0.00    0.00    0.00    0.98    0.00
-0.004240   -0.011854   0.00    0.00    0.00    0.00    0.98
-0.890728   0.375728    0.98    0.00    0.00    0.00    0.00
0.603898    0.147105    0.00    0.98    0.00    0.00    0.00
0.635857    -0.358834   0.00    0.00    0.00    0.98    0.00
0.875752    -0.205826   0.00    0.00    0.00    0.98    0.00
0.185535    -0.928721   0.00    0.00    0.00    0.98    0.00
0.569172    0.744382    0.00    0.98    0.00    0.00    0.00
-0.463882   0.730870    0.98    0.00    0.00    0.00    0.00
0.108660    0.189126    0.00    0.98    0.00    0.00    0.00
0.960601    0.545246    0.00    0.98    0.00    0.00    0.00
-0.990326   -0.019069   0.00    0.00    0.00    0.00    0.98
-0.039914   -0.428474   0.00    0.00    0.00    0.00    0.98
-0.950387   -0.698460   0.00    0.00    0.98    0.00    0.00
0.878661    0.696776    0.00    0.98    0.00    0.00    0.00
0.151856    -0.148719   0.00    0.00    0.00    0.98    0.00
-0.004633   -0.415235   0.00    0.00    0.00    0.00    0.98
0.859336    -0.237339   0.00    0.00    0.00    0.98    0.00
0.883644    -0.009332   0.00    0.00    0.00    0.00    0.98
0.222758    -0.720818   0.00    0.00    0.00    0.98    0.00
0.677874    0.250856    0.00    0.98    0.00    0.00    0.00
0.918662    -0.042018   0.00    0.00    0.00    0.00    0.98
0.715551    0.511267    0.00    0.98    0.00    0.00    0.00
-0.782982   -0.280143   0.00    0.00    0.98    0.00    0.00
0.229349    -0.160479   0.00    0.00    0.00    0.98    0.00
0.002788    -0.746760   0.00    0.00    0.00    0.00    0.98
-0.583279   0.273640    0.98    0.00    0.00    0.00    0.00
0.289488    -0.753081   0.00    0.00    0.00    0.98    0.00
-0.236716   0.498646    0.98    0.00    0.00    0.00    0.00
-0.636498   0.279516    0.98    0.00    0.00    0.00    0.00
-0.221093   0.510212    0.98    0.00    0.00    0.00    0.00
-0.043310   0.455789    0.00    0.00    0.00    0.00    0.98
-0.984124   0.683516    0.98    0.00    0.00    0.00    0.00
0.304582    -0.380556   0.00    0.00    0.00    0.98    0.00
-0.433535   -0.521063   0.00    0.00    0.98    0.00    0.00
-0.484473   0.693886    0.98    0.00    0.00    0.00    0.00
-0.598475   0.404425    0.98    0.00    0.00    0.00    0.00
0.192955    0.612219    0.00    0.98    0.00    0.00    0.00
-0.830168   0.246351    0.98    0.00    0.00    0.00    0.00
0.083391    -0.069992   0.00    0.00    0.00    0.00    0.98
-0.228935   -0.596546   0.00    0.00    0.98    0.00    0.00
-0.558828   0.075369    0.00    0.00    0.00    0.00    0.98
-0.725630   0.730182    0.98    0.00    0.00    0.00    0.00
-0.197682   0.421891    0.98    0.00    0.00    0.00    0.00
-0.486929   0.825586    0.98    0.00    0.00    0.00    0.00
-0.931801   -0.513495   0.00    0.00    0.98    0.00    0.00
0.589867    0.901476    0.00    0.98    0.00    0.00    0.00
0.866625    -0.100609   0.00    0.00    0.00    0.98    0.00
0.821314    0.089965    0.00    0.00    0.00    0.00    0.98
0.015721    0.878026    0.00    0.00    0.00    0.00    0.98
0.089450    -0.784496   0.00    0.00    0.00    0.00    0.98
0.785029    0.133790    0.00    0.98    0.00    0.00    0.00
-0.435375   -0.015335   0.00    0.00    0.00    0.00    0.98
0.726640    0.389710    0.00    0.98    0.00    0.00    0.00
-0.105086   -0.791855   0.00    0.00    0.98    0.00    0.00
-0.166771   0.950945    0.98    0.00    0.00    0.00    0.00
0.027516    0.487982    0.00    0.00    0.00    0.00    0.98
-0.797919   0.492139    0.98    0.00    0.00    0.00    0.00
0.235474    -0.629693   0.00    0.00    0.00    0.98    0.00
0.900605    0.577210    0.00    0.98    0.00    0.00    0.00
-0.923412   -0.689628   0.00    0.00    0.98    0.00    0.00
-0.753370   -0.984522   0.00    0.00    0.98    0.00    0.00
-0.699941   0.422944    0.98    0.00    0.00    0.00    0.00
-0.215116   0.460724    0.98    0.00    0.00    0.00    0.00
0.078584    -0.440563   0.00    0.00    0.00    0.00    0.98
0.723751    -0.810222   0.00    0.00    0.00    0.98    0.00
0.646335    -0.948574   0.00    0.00    0.00    0.98    0.00
0.645967    -0.338475   0.00    0.00    0.00    0.98    0.00
-0.925631   0.819035    0.98    0.00    0.00    0.00    0.00
-0.228344   0.201424    0.98    0.00    0.00    0.00    0.00
-0.604367   0.576424    0.98    0.00    0.00    0.00    0.00
0.195916    -0.062860   0.00    0.00    0.00    0.00    0.98
0.186849    0.153633    0.00    0.98    0.00    0.00    0.00
0.173273    0.882281    0.00    0.98    0.00    0.00    0.00
0.680961    0.980679    0.00    0.98    0.00    0.00    0.00
-0.566448   0.635184    0.98    0.00    0.00    0.00    0.00
-0.408068   0.156112    0.98    0.00    0.00    0.00    0.00
-0.894714   0.239888    0.98    0.00    0.00    0.00    0.00
0.680983    0.458744    0.00    0.98    0.00    0.00    0.00
0.197733    0.861577    0.00    0.98    0.00    0.00    0.00
0.093937    -0.844886   0.00    0.00    0.00    0.00    0.98
0.571351    0.477928    0.00    0.98    0.00    0.00    0.00
-0.024735   -0.490129   0.00    0.00    0.00    0.00    0.98
0.651590    -0.896626   0.00    0.00    0.00    0.98    0.00
-0.738612   -0.558714   0.00    0.00    0.98    0.00    0.00
0.044469    0.865606    0.00    0.00    0.00    0.00    0.98
0.076896    -0.068619   0.00    0.00    0.00    0.00    0.98
0.310937    -0.202290   0.00    0.00    0.00    0.98    0.00
-0.954382   0.187820    0.98    0.00    0.00    0.00    0.00
-0.943627   0.341568    0.98    0.00    0.00    0.00    0.00
-0.461861   -0.853367   0.00    0.00    0.98    0.00    0.00
-0.640706   0.428262    0.98    0.00    0.00    0.00    0.00
0.069360    0.732009    0.00    0.00    0.00    0.00    0.98
0.252239    0.437356    0.00    0.98    0.00    0.00    0.00
-0.069966   0.083342    0.00    0.00    0.00    0.00    0.98
-0.980023   -0.768477   0.00    0.00    0.98    0.00    0.00
0.842878    0.798046    0.00    0.98    0.00    0.00    0.00
0.290416    0.232712    0.00    0.98    0.00    0.00    0.00
-0.662123   -0.046819   0.00    0.00    0.00    0.00    0.98
-0.563780   0.624774    0.98    0.00    0.00    0.00    0.00
-0.907660   0.945801    0.98    0.00    0.00    0.00    0.00
-0.930229   0.739019    0.98    0.00    0.00    0.00    0.00
-0.845481   0.744414    0.98    0.00    0.00    0.00    0.00
-0.557309   0.680469    0.98    0.00    0.00    0.00    0.00
0.517050    0.053512    0.00    0.00    0.00    0.00    0.98
0.731663    -0.133093   0.00    0.00    0.00    0.98    0.00
0.379808    0.676004    0.00    0.98    0.00    0.00    0.00
-0.661372   -0.398975   0.00    0.00    0.98    0.00    0.00
-0.696793   -0.078206   0.00    0.00    0.00    0.00    0.98
0.539901    0.246837    0.00    0.98    0.00    0.00    0.00
0.687239    -0.753733   0.00    0.00    0.00    0.98    0.00
0.557729    0.236701    0.00    0.98    0.00    0.00    0.00
-0.755276   -0.087250   0.00    0.00    0.00    0.00    0.98
-0.506835   -0.431826   0.00    0.00    0.98    0.00    0.00
0.778736    -0.693052   0.00    0.00    0.00    0.98    0.00
0.371560    0.185622    0.00    0.98    0.00    0.00    0.00
-0.298633   0.385794    0.98    0.00    0.00    0.00    0.00
-0.694754   -0.492981   0.00    0.00    0.98    0.00    0.00
0.765054    -0.566995   0.00    0.00    0.00    0.98    0.00
0.847738    -0.546649   0.00    0.00    0.00    0.98    0.00
0.491112    -0.614410   0.00    0.00    0.00    0.98    0.00
-0.813603   0.516718    0.98    0.00    0.00    0.00    0.00
0.467795    -0.466124   0.00    0.00    0.00    0.98    0.00
-0.226442   0.232121    0.98    0.00    0.00    0.00    0.00
0.677306    0.030131    0.00    0.00    0.00    0.00    0.98
-0.646760   0.064157    0.00    0.00    0.00    0.00    0.98
0.183073    -0.425774   0.00    0.00    0.00    0.98    0.00
-0.604564   0.615197    0.98    0.00    0.00    0.00    0.00
0.634097    0.256720    0.00    0.98    0.00    0.00    0.00
0.820456    -0.347195   0.00    0.00    0.00    0.98    0.00
-0.991956   0.569822    0.98    0.00    0.00    0.00    0.00
0.254664    0.950529    0.00    0.98    0.00    0.00    0.00
0.677042    0.165359    0.00    0.98    0.00    0.00    0.00
0.497026    0.459588    0.00    0.98    0.00    0.00    0.00
-0.945269   0.490831    0.98    0.00    0.00    0.00    0.00
0.505010    -0.707794   0.00    0.00    0.00    0.98    0.00
0.780136    -0.698234   0.00    0.00    0.00    0.98    0.00
-0.899540   -0.474485   0.00    0.00    0.98    0.00    0.00
0.387633    -0.806123   0.00    0.00    0.00    0.98    0.00
0.683110    0.485585    0.00    0.98    0.00    0.00    0.00
0.537635    0.126922    0.00    0.98    0.00    0.00    0.00
0.602786    0.488166    0.00    0.98    0.00    0.00    0.00
-0.486985   0.875908    0.98    0.00    0.00    0.00    0.00
-0.891653   -0.360981   0.00    0.00    0.98    0.00    0.00
0.036533    0.699981    0.00    0.00    0.00    0.00    0.98
-0.624708   -0.285284   0.00    0.00    0.98    0.00    0.00
-0.426352   -0.688593   0.00    0.00    0.98    0.00    0.00
-0.364652   -0.197796   0.00    0.00    0.98    0.00    0.00
0.889454    -0.205236   0.00    0.00    0.00    0.98    0.00
0.858584    -0.550211   0.00    0.00    0.00    0.98    0.00
0.132765    0.593948    0.00    0.98    0.00    0.00    0.00
0.386351    -0.649235   0.00    0.00    0.00    0.98    0.00
-0.968942   -0.947822   0.00    0.00    0.98    0.00    0.00
0.793428    -0.642701   0.00    0.00    0.00    0.98    0.00
-0.893798   0.810859    0.98    0.00    0.00    0.00    0.00
0.798544    -0.970845   0.00    0.00    0.00    0.98    0.00
0.710406    -0.498424   0.00    0.00    0.00    0.98    0.00
0.913749    -0.328503   0.00    0.00    0.00    0.98    0.00
-0.615854   0.441015    0.98    0.00    0.00    0.00    0.00
0.542900    0.756310    0.00    0.98    0.00    0.00    0.00
0.334475    0.336531    0.00    0.98    0.00    0.00    0.00
0.853695    0.329922    0.00    0.98    0.00    0.00    0.00
-0.725730   0.935993    0.98    0.00    0.00    0.00    0.00
-0.739353   -0.111800   0.00    0.00    0.98    0.00    0.00
-0.708607   -0.072293   0.00    0.00    0.00    0.00    0.98
-0.542657   -0.855220   0.00    0.00    0.98    0.00    0.00
-0.481100   -0.398340   0.00    0.00    0.98    0.00    0.00
-0.052638   -0.185450   0.00    0.00    0.00    0.00    0.98
-0.441782   0.217377    0.98    0.00    0.00    0.00    0.00
0.550896    -0.541368   0.00    0.00    0.00    0.98    0.00
-0.158769   0.294030    0.98    0.00    0.00    0.00    0.00
-0.030925   0.978126    0.00    0.00    0.00    0.00    0.98
-0.641795   0.399987    0.98    0.00    0.00    0.00    0.00
0.466899    0.200051    0.00    0.98    0.00    0.00    0.00
-0.413637   0.548133    0.98    0.00    0.00    0.00    0.00
-0.667633   0.824944    0.98    0.00    0.00    0.00    0.00
0.264349    0.640112    0.00    0.98    0.00    0.00    0.00
0.758541    -0.111748   0.00    0.00    0.00    0.98    0.00
-0.620014   0.535255    0.98    0.00    0.00    0.00    0.00
0.382812    -0.542361   0.00    0.00    0.00    0.98    0.00
0.208334    -0.428917   0.00    0.00    0.00    0.98    0.00
0.829881    0.005108    0.00    0.00    0.00    0.00    0.98
-0.984426   0.025706    0.00    0.00    0.00    0.00    0.98
0.084487    0.027853    0.00    0.00    0.00    0.00    0.98
0.817533    0.128215    0.00    0.98    0.00    0.00    0.00
0.899746    0.570792    0.00    0.98    0.00    0.00    0.00
-0.517029   0.436418    0.98    0.00    0.00    0.00    0.00
-0.617959   0.532253    0.98    0.00    0.00    0.00    0.00
-0.035677   0.772568    0.00    0.00    0.00    0.00    0.98
-0.388771   -0.535318   0.00    0.00    0.98    0.00    0.00
-0.455628   0.536437    0.98    0.00    0.00    0.00    0.00
0.747014    -0.564314   0.00    0.00    0.00    0.98    0.00
-0.590320   -0.170735   0.00    0.00    0.98    0.00    0.00
-0.586916   0.448062    0.98    0.00    0.00    0.00    0.00
0.549334    0.034571    0.00    0.00    0.00    0.00    0.98
-0.950511   -0.457578   0.00    0.00    0.98    0.00    0.00
0.057897    0.925987    0.00    0.00    0.00    0.00    0.98
-0.557322   0.454533    0.98    0.00    0.00    0.00    0.00
-0.604403   -0.873358   0.00    0.00    0.98    0.00    0.00
0.787710    0.574159    0.00    0.98    0.00    0.00    0.00
0.216342    -0.405239   0.00    0.00    0.00    0.98    0.00
-0.281446   0.932093    0.98    0.00    0.00    0.00    0.00
0.184616    0.050374    0.00    0.00    0.00    0.00    0.98
0.420200    0.389045    0.00    0.98    0.00    0.00    0.00
0.315300    -0.710509   0.00    0.00    0.00    0.98    0.00
0.352371    0.633584    0.00    0.98    0.00    0.00    0.00
0.503913    -0.077267   0.00    0.00    0.00    0.00    0.98
0.432380    0.954783    0.00    0.98    0.00    0.00    0.00
0.698886    -0.848404   0.00    0.00    0.00    0.98    0.00
0.505959    -0.613543   0.00    0.00    0.00    0.98    0.00
0.812521    -0.348524   0.00    0.00    0.00    0.98    0.00
0.875553    -0.668102   0.00    0.00    0.00    0.98    0.00
0.457350    -0.819123   0.00    0.00    0.00    0.98    0.00
0.508069    -0.819394   0.00    0.00    0.00    0.98    0.00
0.280958    -0.804840   0.00    0.00    0.00    0.98    0.00
-0.066198   -0.310299   0.00    0.00    0.00    0.00    0.98
0.387227    -0.965007   0.00    0.00    0.00    0.98    0.00
0.199167    0.158505    0.00    0.98    0.00    0.00    0.00
-0.075686   0.217678    0.00    0.00    0.00    0.00    0.98
0.375000    0.903749    0.00    0.98    0.00    0.00    0.00
-0.378279   0.957005    0.98    0.00    0.00    0.00    0.00
-0.835185   -0.507208   0.00    0.00    0.98    0.00    0.00
-0.929956   -0.024780   0.00    0.00    0.00    0.00    0.98
0.017379    -0.326335   0.00    0.00    0.00    0.00    0.98
-0.907991   -0.510737   0.00    0.00    0.98    0.00    0.00
-0.599772   0.141832    0.98    0.00    0.00    0.00    0.00
-0.722516   0.773466    0.98    0.00    0.00    0.00    0.00
0.272572    -0.359977   0.00    0.00    0.00    0.98    0.00
-0.135208   -0.004582   0.00    0.00    0.00    0.00    0.98
-0.072751   0.028799    0.00    0.00    0.00    0.00    0.98
-0.978078   0.914424    0.98    0.00    0.00    0.00    0.00
0.804646    -0.472955   0.00    0.00    0.00    0.98    0.00
0.765896    -0.090942   0.00    0.00    0.00    0.00    0.98
0.089510    -0.889752   0.00    0.00    0.00    0.00    0.98
0.585242    0.766680    0.00    0.98    0.00    0.00    0.00
-0.491216   0.926619    0.98    0.00    0.00    0.00    0.00
-0.907770   -0.343713   0.00    0.00    0.98    0.00    0.00
-0.062456   -0.503502   0.00    0.00    0.00    0.00    0.98
-0.495109   0.405236    0.98    0.00    0.00    0.00    0.00
-0.360874   -0.465864   0.00    0.00    0.98    0.00    0.00
-0.055750   -0.851832   0.00    0.00    0.00    0.00    0.98
0.028744    0.773257    0.00    0.00    0.00    0.00    0.98
-0.231475   -0.324404   0.00    0.00    0.98    0.00    0.00
-0.780081   -0.543821   0.00    0.00    0.98    0.00    0.00
0.620241    0.238328    0.00    0.98    0.00    0.00    0.00
-0.302599   0.373051    0.98    0.00    0.00    0.00    0.00
-0.314224   0.866081    0.98    0.00    0.00    0.00    0.00
0.057728    0.048244    0.00    0.00    0.00    0.00    0.98
-0.162989   -0.466602   0.00    0.00    0.98    0.00    0.00
-0.087065   0.369098    0.00    0.00    0.00    0.00    0.98
0.176198    0.369479    0.00    0.98    0.00    0.00    0.00
-0.943163   0.484046    0.98    0.00    0.00    0.00    0.00
0.801038    0.122544    0.00    0.98    0.00    0.00    0.00
0.084963    0.560099    0.00    0.00    0.00    0.00    0.98
0.974314    0.134193    0.00    0.98    0.00    0.00    0.00
-0.554218   -0.900057   0.00    0.00    0.98    0.00    0.00
0.744356    -0.834527   0.00    0.00    0.00    0.98    0.00
-0.621015   0.085768    0.00    0.00    0.00    0.00    0.98
0.262778    -0.801643   0.00    0.00    0.00    0.98    0.00
0.482481    0.229124    0.00    0.98    0.00    0.00    0.00
-0.301664   -0.866588   0.00    0.00    0.98    0.00    0.00
0.862675    -0.845146   0.00    0.00    0.00    0.98    0.00
-0.070602   0.711277    0.00    0.00    0.00    0.00    0.98
0.957923    0.782053    0.00    0.98    0.00    0.00    0.00
0.273036    0.192236    0.00    0.98    0.00    0.00    0.00
0.993340    -0.495618   0.00    0.00    0.00    0.98    0.00
-0.777853   0.640044    0.98    0.00    0.00    0.00    0.00
-0.014339   -0.449535   0.00    0.00    0.00    0.00    0.98
-0.052547   -0.049402   0.00    0.00    0.00    0.00    0.98
0.995737    -0.259836   0.00    0.00    0.00    0.98    0.00
0.181169    -0.047391   0.00    0.00    0.00    0.00    0.98
-0.244716   0.969864    0.98    0.00    0.00    0.00    0.00
-0.689844   0.047303    0.00    0.00    0.00    0.00    0.98
0.430881    -0.154302   0.00    0.00    0.00    0.98    0.00
-0.944378   0.928654    0.98    0.00    0.00    0.00    0.00
0.721758    -0.475130   0.00    0.00    0.00    0.98    0.00
-0.894176   -0.072017   0.00    0.00    0.00    0.00    0.98
0.792903    0.110588    0.00    0.98    0.00    0.00    0.00
0.092190    0.710917    0.00    0.00    0.00    0.00    0.98
0.282054    -0.827648   0.00    0.00    0.00    0.98    0.00
0.791993    0.754558    0.00    0.98    0.00    0.00    0.00
-0.870508   0.910175    0.98    0.00    0.00    0.00    0.00
-0.078076   -0.693210   0.00    0.00    0.00    0.00    0.98
-0.906675   -0.607865   0.00    0.00    0.98    0.00    0.00
0.176182    -0.264318   0.00    0.00    0.00    0.98    0.00
-0.941556   0.962421    0.98    0.00    0.00    0.00    0.00
0.751690    0.680478    0.00    0.98    0.00    0.00    0.00
0.987979    -0.506254   0.00    0.00    0.00    0.98    0.00
0.044384    -0.215704   0.00    0.00    0.00    0.00    0.98
-0.147861   0.519145    0.98    0.00    0.00    0.00    0.00
-0.519701   -0.992375   0.00    0.00    0.98    0.00    0.00
0.523680    -0.232638   0.00    0.00    0.00    0.98    0.00
-0.539521   -0.175120   0.00    0.00    0.98    0.00    0.00
-0.640795   -0.260084   0.00    0.00    0.98    0.00    0.00
0.897367    -0.844074   0.00    0.00    0.00    0.98    0.00
0.116845    0.158526    0.00    0.98    0.00    0.00    0.00
-0.130826   -0.830736   0.00    0.00    0.98    0.00    0.00
0.849692    0.362445    0.00    0.98    0.00    0.00    0.00
-0.267485   0.903945    0.98    0.00    0.00    0.00    0.00
0.220046    0.043433    0.00    0.00    0.00    0.00    0.98
-0.882386   -0.134214   0.00    0.00    0.98    0.00    0.00
0.587022    -0.879072   0.00    0.00    0.00    0.98    0.00
0.944831    0.219832    0.00    0.98    0.00    0.00    0.00
0.442826    0.024820    0.00    0.00    0.00    0.00    0.98
-0.216636   0.549398    0.98    0.00    0.00    0.00    0.00
-0.143849   -0.620525   0.00    0.00    0.98    0.00    0.00
0.216351    -0.565642   0.00    0.00    0.00    0.98    0.00
0.755043    0.706134    0.00    0.98    0.00    0.00    0.00
-0.152952   0.918916    0.98    0.00    0.00    0.00    0.00
0.270172    -0.643118   0.00    0.00    0.00    0.98    0.00
-0.358095   0.864262    0.98    0.00    0.00    0.00    0.00
0.446652    0.966407    0.00    0.98    0.00    0.00    0.00
0.060196    0.306043    0.00    0.00    0.00    0.00    0.98
0.476713    0.296050    0.00    0.98    0.00    0.00    0.00
-0.821116   0.665523    0.98    0.00    0.00    0.00    0.00
0.516931    0.013182    0.00    0.00    0.00    0.00    0.98
-0.725863   0.982747    0.98    0.00    0.00    0.00    0.00
0.812940    -0.564169   0.00    0.00    0.00    0.98    0.00
-0.789317   -0.120917   0.00    0.00    0.98    0.00    0.00
-0.503636   -0.283474   0.00    0.00    0.98    0.00    0.00
0.639410    -0.051548   0.00    0.00    0.00    0.00    0.98
0.468522    0.226978    0.00    0.98    0.00    0.00    0.00
0.974192    -0.367766   0.00    0.00    0.00    0.98    0.00
-0.821970   -0.591619   0.00    0.00    0.98    0.00    0.00
-0.442050   0.471052    0.98    0.00    0.00    0.00    0.00
-0.063627   0.114243    0.00    0.00    0.00    0.00    0.98
-0.763859   -0.712811   0.00    0.00    0.98    0.00    0.00
0.601351    0.886069    0.00    0.98    0.00    0.00    0.00
0.121890    0.282762    0.00    0.98    0.00    0.00    0.00
0.443163    0.844602    0.00    0.98    0.00    0.00    0.00
-0.282512   0.443903    0.98    0.00    0.00    0.00    0.00
-0.323338   0.722274    0.98    0.00    0.00    0.00    0.00
0.798356    -0.884319   0.00    0.00    0.00    0.98    0.00
-0.167499   -0.741917   0.00    0.00    0.98    0.00    0.00
0.280552    -0.473094   0.00    0.00    0.00    0.98    0.00
0.753188    0.204979    0.00    0.98    0.00    0.00    0.00
-0.747205   0.027115    0.00    0.00    0.00    0.00    0.98
0.693237    0.095423    0.00    0.00    0.00    0.00    0.98
0.669415    -0.192213   0.00    0.00    0.00    0.98    0.00
0.514712    0.010556    0.00    0.00    0.00    0.00    0.98
0.169788    -0.607886   0.00    0.00    0.00    0.98    0.00
0.642142    0.212002    0.00    0.98    0.00    0.00    0.00
-0.872315   -0.041095   0.00    0.00    0.00    0.00    0.98
-0.846898   -0.371780   0.00    0.00    0.98    0.00    0.00
0.350099    -0.634080   0.00    0.00    0.00    0.98    0.00
0.532882    0.731226    0.00    0.98    0.00    0.00    0.00
0.331841    -0.327713   0.00    0.00    0.00    0.98    0.00
0.909331    0.477133    0.00    0.98    0.00    0.00    0.00
0.595981    0.967828    0.00    0.98    0.00    0.00    0.00
-0.047607   0.025979    0.00    0.00    0.00    0.00    0.98
-0.035607   -0.335434   0.00    0.00    0.00    0.00    0.98
0.209936    0.312376    0.00    0.98    0.00    0.00    0.00
-0.894989   0.732592    0.98    0.00    0.00    0.00    0.00
-0.427554   0.101989    0.98    0.00    0.00    0.00    0.00
-0.579190   -0.393262   0.00    0.00    0.98    0.00    0.00
0.450688    -0.374158   0.00    0.00    0.00    0.98    0.00
0.802907    0.096856    0.00    0.00    0.00    0.00    0.98
0.221262    -0.535786   0.00    0.00    0.00    0.98    0.00
0.097243    0.198055    0.00    0.00    0.00    0.00    0.98
-0.212863   -0.237345   0.00    0.00    0.98    0.00    0.00
-0.156411   0.934791    0.98    0.00    0.00    0.00    0.00
0.818652    -0.680331   0.00    0.00    0.00    0.98    0.00
0.100205    0.701921    0.00    0.98    0.00    0.00    0.00
0.779689    -0.045037   0.00    0.00    0.00    0.00    0.98
0.992155    0.131278    0.00    0.98    0.00    0.00    0.00
-0.145085   -0.250957   0.00    0.00    0.98    0.00    0.00
0.349889    0.231075    0.00    0.98    0.00    0.00    0.00
0.276440    -0.650860   0.00    0.00    0.00    0.98    0.00
-0.756536   -0.962035   0.00    0.00    0.98    0.00    0.00
0.791314    -0.036079   0.00    0.00    0.00    0.00    0.98
0.557526    -0.123503   0.00    0.00    0.00    0.98    0.00
-0.153699   0.248714    0.98    0.00    0.00    0.00    0.00
-0.509269   -0.155007   0.00    0.00    0.98    0.00    0.00
-0.026418   0.865150    0.00    0.00    0.00    0.00    0.98
0.354187    0.122961    0.00    0.98    0.00    0.00    0.00
-0.720452   -0.372390   0.00    0.00    0.98    0.00    0.00
0.344206    0.331819    0.00    0.98    0.00    0.00    0.00
0.960011    0.700633    0.00    0.98    0.00    0.00    0.00
-0.710851   -0.023309   0.00    0.00    0.00    0.00    0.98
0.559060    0.842241    0.00    0.98    0.00    0.00    0.00
-0.796759   0.757123    0.98    0.00    0.00    0.00    0.00
0.685434    -0.061992   0.00    0.00    0.00    0.00    0.98
-0.968189   0.731254    0.98    0.00    0.00    0.00    0.00
-0.710290   -0.237655   0.00    0.00    0.98    0.00    0.00
-0.199606   0.983176    0.98    0.00    0.00    0.00    0.00
-0.052012   0.854979    0.00    0.00    0.00    0.00    0.98
-0.203518   0.228836    0.98    0.00    0.00    0.00    0.00
-0.991877   0.770231    0.98    0.00    0.00    0.00    0.00
-0.499379   -0.286838   0.00    0.00    0.98    0.00    0.00
0.153645    0.899399    0.00    0.98    0.00    0.00    0.00
-0.419885   0.797623    0.98    0.00    0.00    0.00    0.00
-0.370824   0.314898    0.98    0.00    0.00    0.00    0.00
-0.111303   0.670579    0.98    0.00    0.00    0.00    0.00
-0.668629   -0.605782   0.00    0.00    0.98    0.00    0.00
0.880669    -0.005596   0.00    0.00    0.00    0.00    0.98
-0.933932   0.138592    0.98    0.00    0.00    0.00    0.00
-0.568752   0.989064    0.98    0.00    0.00    0.00    0.00
-0.243044   0.622950    0.98    0.00    0.00    0.00    0.00
0.873876    0.839739    0.00    0.98    0.00    0.00    0.00
-0.712986   -0.002595   0.00    0.00    0.00    0.00    0.98
-0.187506   0.456707    0.98    0.00    0.00    0.00    0.00
0.356760    -0.711440   0.00    0.00    0.00    0.98    0.00
-0.040185   -0.981529   0.00    0.00    0.00    0.00    0.98
-0.455568   -0.906738   0.00    0.00    0.98    0.00    0.00
-0.104919   0.689687    0.98    0.00    0.00    0.00    0.00
0.911471    0.807292    0.00    0.98    0.00    0.00    0.00
-0.904501   -0.862197   0.00    0.00    0.98    0.00    0.00
0.598338    -0.642585   0.00    0.00    0.00    0.98    0.00
-0.853082   0.919894    0.98    0.00    0.00    0.00    0.00
-0.944984   0.647670    0.98    0.00    0.00    0.00    0.00
-0.064907   -0.310789   0.00    0.00    0.00    0.00    0.98
0.906204    -0.068451   0.00    0.00    0.00    0.00    0.98
0.707733    -0.079337   0.00    0.00    0.00    0.00    0.98
0.973340    -0.421413   0.00    0.00    0.00    0.98    0.00
0.081887    0.905750    0.00    0.00    0.00    0.00    0.98
-0.409382   -0.949739   0.00    0.00    0.98    0.00    0.00
-0.963057   -0.079516   0.00    0.00    0.00    0.00    0.98
0.159674    -0.701579   0.00    0.00    0.00    0.98    0.00
0.089294    0.810185    0.00    0.00    0.00    0.00    0.98
-0.863442   -0.664617   0.00    0.00    0.98    0.00    0.00
-0.403370   -0.537361   0.00    0.00    0.98    0.00    0.00
-0.518389   -0.354879   0.00    0.00    0.98    0.00    0.00
0.341862    0.118357    0.00    0.98    0.00    0.00    0.00
-0.687484   0.829621    0.98    0.00    0.00    0.00    0.00
-0.789236   0.277653    0.98    0.00    0.00    0.00    0.00
0.865143    0.400871    0.00    0.98    0.00    0.00    0.00
-0.687245   0.686034    0.98    0.00    0.00    0.00    0.00
-0.348364   -0.159440   0.00    0.00    0.98    0.00    0.00
-0.629819   0.187898    0.98    0.00    0.00    0.00    0.00
0.897846    0.635135    0.00    0.98    0.00    0.00    0.00
0.487108    0.924036    0.00    0.98    0.00    0.00    0.00
-0.751722   -0.091216   0.00    0.00    0.00    0.00    0.98
0.355803    0.051653    0.00    0.00    0.00    0.00    0.98
0.668966    0.680827    0.00    0.98    0.00    0.00    0.00
0.753854    -0.647420   0.00    0.00    0.00    0.98    0.00
-0.461989   -0.211547   0.00    0.00    0.98    0.00    0.00
0.639928    0.947620    0.00    0.98    0.00    0.00    0.00
-0.273909   -0.569867   0.00    0.00    0.98    0.00    0.00
-0.549697   -0.914218   0.00    0.00    0.98    0.00    0.00
-0.825859   -0.763014   0.00    0.00    0.98    0.00    0.00
-0.520162   0.529958    0.98    0.00    0.00    0.00    0.00
0.046278    0.698141    0.00    0.00    0.00    0.00    0.98
-0.838375   -0.163823   0.00    0.00    0.98    0.00    0.00
0.267153    -0.377312   0.00    0.00    0.00    0.98    0.00
0.862964    -0.082902   0.00    0.00    0.00    0.00    0.98
0.146989    0.806404    0.00    0.98    0.00    0.00    0.00
0.255309    -0.457446   0.00    0.00    0.00    0.98    0.00
0.375946    -0.556405   0.00    0.00    0.00    0.98    0.00
-0.190415   0.960474    0.98    0.00    0.00    0.00    0.00
-0.931055   0.778405    0.98    0.00    0.00    0.00    0.00
-0.090861   -0.403420   0.00    0.00    0.00    0.00    0.98
0.159962    0.008293    0.00    0.00    0.00    0.00    0.98
0.186778    -0.419258   0.00    0.00    0.00    0.98    0.00
-0.357322   0.407083    0.98    0.00    0.00    0.00    0.00
-0.726245   -0.524374   0.00    0.00    0.98    0.00    0.00
0.912007    0.126566    0.00    0.98    0.00    0.00    0.00
-0.129112   0.264948    0.98    0.00    0.00    0.00    0.00
-0.006030   -0.115848   0.00    0.00    0.00    0.00    0.98
0.380497    0.028951    0.00    0.00    0.00    0.00    0.98
-0.971183   0.566642    0.98    0.00    0.00    0.00    0.00
0.884529    0.512371    0.00    0.98    0.00    0.00    0.00
0.320621    -0.550311   0.00    0.00    0.00    0.98    0.00
-0.517161   -0.638164   0.00    0.00    0.98    0.00    0.00
-0.706975   0.362959    0.98    0.00    0.00    0.00    0.00
0.907975    -0.815670   0.00    0.00    0.00    0.98    0.00
-0.757831   0.302127    0.98    0.00    0.00    0.00    0.00
-0.246784   -0.036359   0.00    0.00    0.00    0.00    0.98
0.878522    0.384492    0.00    0.98    0.00    0.00    0.00
0.775048    0.401056    0.00    0.98    0.00    0.00    0.00
0.415795    0.973703    0.00    0.98    0.00    0.00    0.00
-0.627045   0.459591    0.98    0.00    0.00    0.00    0.00
0.843263    0.857834    0.00    0.98    0.00    0.00    0.00
-0.493408   0.078489    0.00    0.00    0.00    0.00    0.98
0.146818    0.812974    0.00    0.98    0.00    0.00    0.00
0.343996    0.651557    0.00    0.98    0.00    0.00    0.00
-0.046087   -0.696595   0.00    0.00    0.00    0.00    0.98
-0.708985   0.240673    0.98    0.00    0.00    0.00    0.00
-0.868068   -0.462608   0.00    0.00    0.98    0.00    0.00
0.866980    0.476256    0.00    0.98    0.00    0.00    0.00
-0.912303   -0.264179   0.00    0.00    0.98    0.00    0.00
0.460852    -0.796886   0.00    0.00    0.00    0.98    0.00
0.558135    -0.544180   0.00    0.00    0.00    0.98    0.00
-0.271570   -0.053451   0.00    0.00    0.00    0.00    0.98
0.163107    -0.797262   0.00    0.00    0.00    0.98    0.00
-0.505333   -0.160819   0.00    0.00    0.98    0.00    0.00
0.601494    -0.778323   0.00    0.00    0.00    0.98    0.00
-0.950258   -0.734827   0.00    0.00    0.98    0.00    0.00
0.328509    -0.985644   0.00    0.00    0.00    0.98    0.00
-0.610022   0.895438    0.98    0.00    0.00    0.00    0.00
0.444908    -0.133894   0.00    0.00    0.00    0.98    0.00
0.153458    -0.141641   0.00    0.00    0.00    0.98    0.00
-0.772826   0.650704    0.98    0.00    0.00    0.00    0.00
-0.251529   0.899152    0.98    0.00    0.00    0.00    0.00
0.802593    -0.573429   0.00    0.00    0.00    0.98    0.00
-0.965490   -0.899377   0.00    0.00    0.98    0.00    0.00
0.096419    -0.599502   0.00    0.00    0.00    0.00    0.98
0.667990    0.827863    0.00    0.98    0.00    0.00    0.00
-0.018495   0.000229    0.00    0.00    0.00    0.00    0.98
0.560441    0.640432    0.00    0.98    0.00    0.00    0.00
0.060382    -0.928751   0.00    0.00    0.00    0.00    0.98
-0.335819   0.613194    0.98    0.00    0.00    0.00    0.00
-0.177202   -0.627893   0.00    0.00    0.98    0.00    0.00
0.346870    -0.501052   0.00    0.00    0.00    0.98    0.00
-0.203970   0.573977    0.98    0.00    0.00    0.00    0.00
-0.372738   0.642413    0.98    0.00    0.00    0.00    0.00
0.781366    -0.395561   0.00    0.00    0.00    0.98    0.00
-0.875668   0.221111    0.98    0.00    0.00    0.00    0.00
0.601816    0.199222    0.00    0.98    0.00    0.00    0.00
-0.626349   -0.066810   0.00    0.00    0.00    0.00    0.98
0.296918    -0.719609   0.00    0.00    0.00    0.98    0.00
0.095483    -0.085423   0.00    0.00    0.00    0.00    0.98
-0.068987   0.948867    0.00    0.00    0.00    0.00    0.98
-0.813289   -0.547684   0.00    0.00    0.98    0.00    0.00
0.958715    0.565609    0.00    0.98    0.00    0.00    0.00
0.663124    -0.528530   0.00    0.00    0.00    0.98    0.00
0.810493    -0.636276   0.00    0.00    0.00    0.98    0.00
0.354259    0.547720    0.00    0.98    0.00    0.00    0.00
0.989859    -0.743252   0.00    0.00    0.00    0.98    0.00
0.507925    0.573480    0.00    0.98    0.00    0.00    0.00
0.866008    0.610210    0.00    0.98    0.00    0.00    0.00
-0.501298   0.114892    0.98    0.00    0.00    0.00    0.00
0.838184    0.002912    0.00    0.00    0.00    0.00    0.98
0.781089    0.359388    0.00    0.98    0.00    0.00    0.00
-0.035156   0.921193    0.00    0.00    0.00    0.00    0.98
0.329998    0.650306    0.00    0.98    0.00    0.00    0.00
-0.152329   0.221683    0.98    0.00    0.00    0.00    0.00
0.149266    -0.912646   0.00    0.00    0.00    0.98    0.00
0.035059    0.128660    0.00    0.00    0.00    0.00    0.98
0.862187    0.374919    0.00    0.98    0.00    0.00    0.00
-0.438237   -0.772593   0.00    0.00    0.98    0.00    0.00
-0.435223   0.496814    0.98    0.00    0.00    0.00    0.00
-0.098611   -0.260507   0.00    0.00    0.00    0.00    0.98
-0.955762   0.232849    0.98    0.00    0.00    0.00    0.00
-0.981410   0.506842    0.98    0.00    0.00    0.00    0.00
0.928407    0.755764    0.00    0.98    0.00    0.00    0.00
-0.959437   -0.403140   0.00    0.00    0.98    0.00    0.00
-0.054095   0.411395    0.00    0.00    0.00    0.00    0.98
0.729253    0.613411    0.00    0.98    0.00    0.00    0.00
-0.458042   -0.272008   0.00    0.00    0.98    0.00    0.00
0.029767    0.634850    0.00    0.00    0.00    0.00    0.98
0.634384    -0.502479   0.00    0.00    0.00    0.98    0.00
-0.459656   -0.466970   0.00    0.00    0.98    0.00    0.00
0.558043    -0.537690   0.00    0.00    0.00    0.98    0.00
0.805695    -0.663841   0.00    0.00    0.00    0.98    0.00
0.494143    -0.527905   0.00    0.00    0.00    0.98    0.00
-0.655186   -0.814701   0.00    0.00    0.98    0.00    0.00
-0.629995   -0.487184   0.00    0.00    0.98    0.00    0.00
-0.580246   -0.197406   0.00    0.00    0.98    0.00    0.00
-0.304321   0.909400    0.98    0.00    0.00    0.00    0.00
0.610755    0.844624    0.00    0.98    0.00    0.00    0.00
0.469554    -0.966671   0.00    0.00    0.00    0.98    0.00
0.527690    -0.949963   0.00    0.00    0.00    0.98    0.00
0.519893    -0.049141   0.00    0.00    0.00    0.00    0.98
-0.544921   -0.788375   0.00    0.00    0.98    0.00    0.00
-0.397363   0.224196    0.98    0.00    0.00    0.00    0.00
-0.772039   -0.532865   0.00    0.00    0.98    0.00    0.00
0.132386    -0.530794   0.00    0.00    0.00    0.98    0.00
0.727015    -0.857197   0.00    0.00    0.00    0.98    0.00
-0.373084   0.968053    0.98    0.00    0.00    0.00    0.00
-0.225972   -0.574600   0.00    0.00    0.98    0.00    0.00
-0.130525   0.501391    0.98    0.00    0.00    0.00    0.00
0.686704    -0.632009   0.00    0.00    0.00    0.98    0.00
0.005821    -0.033486   0.00    0.00    0.00    0.00    0.98
0.817676    -0.838550   0.00    0.00    0.00    0.98    0.00
0.836577    -0.922414   0.00    0.00    0.00    0.98    0.00
0.288558    -0.092797   0.00    0.00    0.00    0.00    0.98
0.307953    0.792906    0.00    0.98    0.00    0.00    0.00
-0.161658   0.396563    0.98    0.00    0.00    0.00    0.00
0.821425    -0.839600   0.00    0.00    0.00    0.98    0.00
0.693681    -0.994540   0.00    0.00    0.00    0.98    0.00
-0.412213   -0.484458   0.00    0.00    0.98    0.00    0.00
-0.284346   -0.301463   0.00    0.00    0.98    0.00    0.00
0.302270    0.250432    0.00    0.98    0.00    0.00    0.00
0.275038    0.420300    0.00    0.98    0.00    0.00    0.00
-0.040798   0.160592    0.00    0.00    0.00    0.00    0.98
0.755152    0.030423    0.00    0.00    0.00    0.00    0.98
-0.617876   -0.991280   0.00    0.00    0.98    0.00    0.00
0.901611    0.106568    0.00    0.98    0.00    0.00    0.00
-0.714128   -0.367267   0.00    0.00    0.98    0.00    0.00
-0.493941   -0.898072   0.00    0.00    0.98    0.00    0.00
0.883445    -0.550939   0.00    0.00    0.00    0.98    0.00
-0.917882   -0.645484   0.00    0.00    0.98    0.00    0.00
0.195041    0.278759    0.00    0.98    0.00    0.00    0.00
0.259830    -0.119625   0.00    0.00    0.00    0.98    0.00
0.024884    -0.531777   0.00    0.00    0.00    0.00    0.98
-0.424014   -0.717020   0.00    0.00    0.98    0.00    0.00
0.512929    0.477388    0.00    0.98    0.00    0.00    0.00
-0.743202   -0.370512   0.00    0.00    0.98    0.00    0.00
0.433486    -0.531055   0.00    0.00    0.00    0.98    0.00
0.915014    0.190442    0.00    0.98    0.00    0.00    0.00
-0.913758   -0.854495   0.00    0.00    0.98    0.00    0.00
-0.532291   0.393186    0.98    0.00    0.00    0.00    0.00
0.811432    0.968371    0.00    0.98    0.00    0.00    0.00
0.374906    -0.695521   0.00    0.00    0.00    0.98    0.00
-0.025016   0.701660    0.00    0.00    0.00    0.00    0.98
-0.332113   0.629214    0.98    0.00    0.00    0.00    0.00
0.731814    0.327994    0.00    0.98    0.00    0.00    0.00
-0.695545   -0.113544   0.00    0.00    0.98    0.00    0.00
-0.297646   0.758576    0.98    0.00    0.00    0.00    0.00
0.424486    -0.994309   0.00    0.00    0.00    0.98    0.00
-0.257917   0.990066    0.98    0.00    0.00    0.00    0.00
-0.293811   0.164040    0.98    0.00    0.00    0.00    0.00
0.378640    -0.796099   0.00    0.00    0.00    0.98    0.00
-0.128788   -0.305607   0.00    0.00    0.98    0.00    0.00
0.945579    0.025900    0.00    0.00    0.00    0.00    0.98
-0.843475   -0.031647   0.00    0.00    0.00    0.00    0.98
0.388569    0.732643    0.00    0.98    0.00    0.00    0.00
0.850756    0.030005    0.00    0.00    0.00    0.00    0.98
0.427394    0.187500    0.00    0.98    0.00    0.00    0.00
-0.917697   -0.210822   0.00    0.00    0.98    0.00    0.00
0.146130    0.779163    0.00    0.98    0.00    0.00    0.00
0.792438    -0.364485   0.00    0.00    0.00    0.98    0.00
0.828114    -0.086135   0.00    0.00    0.00    0.00    0.98
-0.283309   -0.559165   0.00    0.00    0.98    0.00    0.00
-0.741040   -0.630643   0.00    0.00    0.98    0.00    0.00
-0.020234   -0.051838   0.00    0.00    0.00    0.00    0.98
-0.712473   0.900885    0.98    0.00    0.00    0.00    0.00
0.810270    -0.092606   0.00    0.00    0.00    0.00    0.98
-0.197199   -0.783051   0.00    0.00    0.98    0.00    0.00
0.986943    0.720304    0.00    0.98    0.00    0.00    0.00
-0.237824   -0.389881   0.00    0.00    0.98    0.00    0.00
0.036446    0.970240    0.00    0.00    0.00    0.00    0.98
-0.083725   0.667672    0.00    0.00    0.00    0.00    0.98
-0.392500   -0.593609   0.00    0.00    0.98    0.00    0.00
-0.655448   0.058378    0.00    0.00    0.00    0.00    0.98
-0.621134   -0.025784   0.00    0.00    0.00    0.00    0.98
-0.117388   0.009235    0.00    0.00    0.00    0.00    0.98
0.385505    -0.872239   0.00    0.00    0.00    0.98    0.00
-0.767242   0.432745    0.98    0.00    0.00    0.00    0.00
0.729405    -0.920225   0.00    0.00    0.00    0.98    0.00
-0.960506   -0.371530   0.00    0.00    0.98    0.00    0.00
-0.472828   -0.882163   0.00    0.00    0.98    0.00    0.00
-0.885169   -0.682387   0.00    0.00    0.98    0.00    0.00
0.042177    -0.101984   0.00    0.00    0.00    0.00    0.98
-0.406296   -0.348725   0.00    0.00    0.98    0.00    0.00
0.237910    0.602944    0.00    0.98    0.00    0.00    0.00
0.158598    -0.893836   0.00    0.00    0.00    0.98    0.00
-0.401812   -0.060797   0.00    0.00    0.00    0.00    0.98
-0.015682   -0.008354   0.00    0.00    0.00    0.00    0.98
-0.700887   -0.040914   0.00    0.00    0.00    0.00    0.98
0.342331    0.727240    0.00    0.98    0.00    0.00    0.00
0.294375    0.691354    0.00    0.98    0.00    0.00    0.00
0.458213    -0.567278   0.00    0.00    0.00    0.98    0.00
-0.748880   -0.170032   0.00    0.00    0.98    0.00    0.00
0.842710    0.439866    0.00    0.98    0.00    0.00    0.00
0.256941    -0.342102   0.00    0.00    0.00    0.98    0.00
0.325563    0.372300    0.00    0.98    0.00    0.00    0.00
-0.418335   0.686880    0.98    0.00    0.00    0.00    0.00
-0.359484   0.755524    0.98    0.00    0.00    0.00    0.00
0.868436    0.841769    0.00    0.98    0.00    0.00    0.00
0.001776    0.920287    0.00    0.00    0.00    0.00    0.98
-0.627492   -0.784889   0.00    0.00    0.98    0.00    0.00
0.520738    0.598230    0.00    0.98    0.00    0.00    0.00
-0.260901   0.393165    0.98    0.00    0.00    0.00    0.00
-0.944167   -0.015026   0.00    0.00    0.00    0.00    0.98
-0.838944   -0.180653   0.00    0.00    0.98    0.00    0.00
0.630251    -0.692164   0.00    0.00    0.00    0.98    0.00
-0.664966   0.942907    0.98    0.00    0.00    0.00    0.00
-0.585350   -0.239804   0.00    0.00    0.98    0.00    0.00
0.282344    -0.108268   0.00    0.00    0.00    0.98    0.00
0.555333    0.218423    0.00    0.98    0.00    0.00    0.00
0.008782    -0.151410   0.00    0.00    0.00    0.00    0.98
0.452883    0.407218    0.00    0.98    0.00    0.00    0.00
-0.482623   -0.439367   0.00    0.00    0.98    0.00    0.00
0.928915    -0.809963   0.00    0.00    0.00    0.98    0.00
-0.900798   -0.838915   0.00    0.00    0.98    0.00    0.00
-0.638006   -0.664444   0.00    0.00    0.98    0.00    0.00
0.957742    -0.704939   0.00    0.00    0.00    0.98    0.00
-0.441246   -0.976727   0.00    0.00    0.98    0.00    0.00
0.795013    0.209123    0.00    0.98    0.00    0.00    0.00
-0.863508   -0.441902   0.00    0.00    0.98    0.00    0.00
0.269053    0.111139    0.00    0.98    0.00    0.00    0.00
-0.751357   0.577012    0.98    0.00    0.00    0.00    0.00
-0.690133   -0.558545   0.00    0.00    0.98    0.00    0.00
-0.077740   -0.324273   0.00    0.00    0.00    0.00    0.98
-0.379798   0.367925    0.98    0.00    0.00    0.00    0.00
0.502014    0.200153    0.00    0.98    0.00    0.00    0.00
-0.563385   -0.340088   0.00    0.00    0.98    0.00    0.00
0.752831    -0.684188   0.00    0.00    0.00    0.98    0.00
-0.663459   -0.629384   0.00    0.00    0.98    0.00    0.00
-0.400297   -0.932725   0.00    0.00    0.98    0.00    0.00
-0.627866   -0.340985   0.00    0.00    0.98    0.00    0.00
0.835214    -0.002051   0.00    0.00    0.00    0.00    0.98
-0.842885   0.244522    0.98    0.00    0.00    0.00    0.00
-0.655451   0.522961    0.98    0.00    0.00    0.00    0.00
0.519016    0.943262    0.00    0.98    0.00    0.00    0.00
0.330954    -0.289174   0.00    0.00    0.00    0.98    0.00
-0.016613   0.017068    0.00    0.00    0.00    0.00    0.98
0.908031    0.192387    0.00    0.98    0.00    0.00    0.00
0.004333    0.835129    0.00    0.00    0.00    0.00    0.98
0.007061    0.033243    0.00    0.00    0.00    0.00    0.98
-0.904632   -0.741378   0.00    0.00    0.98    0.00    0.00
-0.832637   -0.543203   0.00    0.00    0.98    0.00    0.00
0.923981    0.919715    0.00    0.98    0.00    0.00    0.00
0.005890    -0.201880   0.00    0.00    0.00    0.00    0.98
0.810647    0.314592    0.00    0.98    0.00    0.00    0.00
-0.721999   -0.666730   0.00    0.00    0.98    0.00    0.00
-0.260048   0.093099    0.00    0.00    0.00    0.00    0.98
0.807277    -0.274577   0.00    0.00    0.00    0.98    0.00
0.088385    0.894650    0.00    0.00    0.00    0.00    0.98
-0.854377   0.165736    0.98    0.00    0.00    0.00    0.00
0.299175    -0.141416   0.00    0.00    0.00    0.98    0.00
0.137144    0.348826    0.00    0.98    0.00    0.00    0.00
-0.173099   -0.855345   0.00    0.00    0.98    0.00    0.00
-0.547401   0.230846    0.98    0.00    0.00    0.00    0.00
-0.178850   -0.379937   0.00    0.00    0.98    0.00    0.00
0.899305    0.297335    0.00    0.98    0.00    0.00    0.00
-0.729585   0.188039    0.98    0.00    0.00    0.00    0.00
-0.321183   -0.925090   0.00    0.00    0.98    0.00    0.00
0.564390    -0.861291   0.00    0.00    0.00    0.98    0.00
0.059479    0.939199    0.00    0.00    0.00    0.00    0.98
0.039488    0.806831    0.00    0.00    0.00    0.00    0.98
-0.956651   -0.898769   0.00    0.00    0.98    0.00    0.00
-0.331725   0.958013    0.98    0.00    0.00    0.00    0.00
-0.544432   0.373320    0.98    0.00    0.00    0.00    0.00
0.961058    -0.339525   0.00    0.00    0.00    0.98    0.00
0.971464    0.677209    0.00    0.98    0.00    0.00    0.00
0.856419    0.516401    0.00    0.98    0.00    0.00    0.00
-0.878603   -0.139746   0.00    0.00    0.98    0.00    0.00
-0.589090   -0.754530   0.00    0.00    0.98    0.00    0.00
-0.965697   -0.708464   0.00    0.00    0.98    0.00    0.00
0.707291    0.478091    0.00    0.98    0.00    0.00    0.00
0.578449    -0.223414   0.00    0.00    0.00    0.98    0.00
-0.221179   0.985693    0.98    0.00    0.00    0.00    0.00
0.043314    -0.616352   0.00    0.00    0.00    0.00    0.98
-0.809315   -0.738874   0.00    0.00    0.98    0.00    0.00
0.646654    -0.568960   0.00    0.00    0.00    0.98    0.00
0.919512    -0.721323   0.00    0.00    0.00    0.98    0.00
-0.284459   -0.407107   0.00    0.00    0.98    0.00    0.00
0.832331    0.297047    0.00    0.98    0.00    0.00    0.00
-0.580924   -0.585017   0.00    0.00    0.98    0.00    0.00
-0.497244   0.377183    0.98    0.00    0.00    0.00    0.00
-0.619994   0.680386    0.98    0.00    0.00    0.00    0.00
0.689429    0.432299    0.00    0.98    0.00    0.00    0.00
-0.765706   -0.855880   0.00    0.00    0.98    0.00    0.00
-0.906101   0.665287    0.98    0.00    0.00    0.00    0.00
0.986222    -0.338834   0.00    0.00    0.00    0.98    0.00
0.903122    0.616690    0.00    0.98    0.00    0.00    0.00
0.038928    0.098691    0.00    0.00    0.00    0.00    0.98
-0.582090   0.305054    0.98    0.00    0.00    0.00    0.00
-0.712587   0.603075    0.98    0.00    0.00    0.00    0.00
0.621515    -0.909348   0.00    0.00    0.00    0.98    0.00
-0.444581   0.837686    0.98    0.00    0.00    0.00    0.00
-0.454475   0.613678    0.98    0.00    0.00    0.00    0.00
0.377477    -0.319725   0.00    0.00    0.00    0.98    0.00
-0.932790   0.442862    0.98    0.00    0.00    0.00    0.00
0.667462    -0.335569   0.00    0.00    0.00    0.98    0.00
-0.026505   -0.464388   0.00    0.00    0.00    0.00    0.98
-0.448050   -0.727188   0.00    0.00    0.98    0.00    0.00
-0.452666   -0.942621   0.00    0.00    0.98    0.00    0.00
-0.688999   -0.203707   0.00    0.00    0.98    0.00    0.00
-0.055780   0.623345    0.00    0.00    0.00    0.00    0.98
-0.728592   -0.627225   0.00    0.00    0.98    0.00    0.00
0.572305    0.503089    0.00    0.98    0.00    0.00    0.00
-0.409676   0.259570    0.98    0.00    0.00    0.00    0.00
-0.280727   -0.086824   0.00    0.00    0.00    0.00    0.98
-0.622249   0.746849    0.98    0.00    0.00    0.00    0.00
0.390543    0.996552    0.00    0.98    0.00    0.00    0.00
0.047411    -0.412884   0.00    0.00    0.00    0.00    0.98
-0.235132   0.861094    0.98    0.00    0.00    0.00    0.00
0.874920    -0.424167   0.00    0.00    0.00    0.98    0.00
-0.697482   -0.950988   0.00    0.00    0.98    0.00    0.00
0.743468    0.715127    0.00    0.98    0.00    0.00    0.00
-0.492932   0.990386    0.98    0.00    0.00    0.00    0.00
-0.384990   0.254638    0.98    0.00    0.00    0.00    0.00
0.366058    -0.379770   0.00    0.00    0.00    0.98    0.00
0.958490    0.583382    0.00    0.98    0.00    0.00    0.00
-0.947507   0.694778    0.98    0.00    0.00    0.00    0.00
-0.624367   -0.612040   0.00    0.00    0.98    0.00    0.00
-0.808632   0.268082    0.98    0.00    0.00    0.00    0.00
-0.234045   -0.047394   0.00    0.00    0.00    0.00    0.98
-0.982340   0.967378    0.98    0.00    0.00    0.00    0.00
0.787358    -0.783059   0.00    0.00    0.00    0.98    0.00
-0.213974   0.032243    0.00    0.00    0.00    0.00    0.98
0.510342    0.361318    0.00    0.98    0.00    0.00    0.00
-0.219982   -0.738447   0.00    0.00    0.98    0.00    0.00
-0.258770   -0.387279   0.00    0.00    0.98    0.00    0.00
-0.218909   0.433308    0.98    0.00    0.00    0.00    0.00
-0.815470   -0.546602   0.00    0.00    0.98    0.00    0.00
-0.947140   0.428577    0.98    0.00    0.00    0.00    0.00
0.350006    0.789671    0.00    0.98    0.00    0.00    0.00
-0.173513   -0.084096   0.00    0.00    0.00    0.00    0.98
-0.378108   -0.428326   0.00    0.00    0.98    0.00    0.00
0.417306    0.887318    0.00    0.98    0.00    0.00    0.00
0.098483    -0.505665   0.00    0.00    0.00    0.00    0.98
0.988630    0.505599    0.00    0.98    0.00    0.00    0.00
-0.987031   -0.469875   0.00    0.00    0.98    0.00    0.00
0.722612    -0.703287   0.00    0.00    0.00    0.98    0.00
-0.438938   0.873532    0.98    0.00    0.00    0.00    0.00
0.630361    0.249424    0.00    0.98    0.00    0.00    0.00
-0.240306   0.878062    0.98    0.00    0.00    0.00    0.00
0.093999    0.637972    0.00    0.00    0.00    0.00    0.98
0.317589    -0.336741   0.00    0.00    0.00    0.98    0.00
-0.119230   -0.807608   0.00    0.00    0.98    0.00    0.00
0.366307    0.458315    0.00    0.98    0.00    0.00    0.00
-0.790541   0.938197    0.98    0.00    0.00    0.00    0.00
-0.628636   -0.385539   0.00    0.00    0.98    0.00    0.00
-0.227006   0.881994    0.98    0.00    0.00    0.00    0.00
0.988852    0.064648    0.00    0.00    0.00    0.00    0.98
0.928087    0.489490    0.00    0.98    0.00    0.00    0.00
0.534946    -0.469939   0.00    0.00    0.00    0.98    0.00
-0.018072   0.481559    0.00    0.00    0.00    0.00    0.98
0.402407    -0.106169   0.00    0.00    0.00    0.98    0.00
0.290700    0.816267    0.00    0.98    0.00    0.00    0.00
-0.290864   -0.586082   0.00    0.00    0.98    0.00    0.00
0.667169    0.642812    0.00    0.98    0.00    0.00    0.00
-0.875043   0.405608    0.98    0.00    0.00    0.00    0.00
-0.855302   0.261137    0.98    0.00    0.00    0.00    0.00
-0.833990   0.362348    0.98    0.00    0.00    0.00    0.00
-0.068554   0.373170    0.00    0.00    0.00    0.00    0.98
0.897007    0.780366    0.00    0.98    0.00    0.00    0.00
-0.885346   -0.974029   0.00    0.00    0.98    0.00    0.00
-0.366839   -0.790571   0.00    0.00    0.98    0.00    0.00
0.477790    -0.924359   0.00    0.00    0.00    0.98    0.00
0.425954    -0.296403   0.00    0.00    0.00    0.98    0.00
-0.790830   0.764928    0.98    0.00    0.00    0.00    0.00
0.377700    -0.772458   0.00    0.00    0.00    0.98    0.00
-0.925230   0.033749    0.00    0.00    0.00    0.00    0.98
-0.130493   0.578843    0.98    0.00    0.00    0.00    0.00
-0.725289   -0.280472   0.00    0.00    0.98    0.00    0.00
0.481716    -0.122833   0.00    0.00    0.00    0.98    0.00
-0.495262   -0.031490   0.00    0.00    0.00    0.00    0.98
-0.585988   0.556396    0.98    0.00    0.00    0.00    0.00
0.224092    -0.092026   0.00    0.00    0.00    0.00    0.98
-0.757410   0.340223    0.98    0.00    0.00    0.00    0.00
-0.357334   -0.601169   0.00    0.00    0.98    0.00    0.00
-0.516528   -0.149939   0.00    0.00    0.98    0.00    0.00
0.421900    -0.627889   0.00    0.00    0.00    0.98    0.00
-0.323673   -0.708934   0.00    0.00    0.98    0.00    0.00
0.307573    0.383907    0.00    0.98    0.00    0.00    0.00
-0.693327   -0.656027   0.00    0.00    0.98    0.00    0.00
-0.906812   -0.652635   0.00    0.00    0.98    0.00    0.00
0.452043    -0.850362   0.00    0.00    0.00    0.98    0.00
0.889179    -0.403154   0.00    0.00    0.00    0.98    0.00
0.108303    -0.709675   0.00    0.00    0.00    0.98    0.00
0.068822    0.956858    0.00    0.00    0.00    0.00    0.98
0.299807    0.507096    0.00    0.98    0.00    0.00    0.00
-0.085265   -0.498987   0.00    0.00    0.00    0.00    0.98
-0.804559   0.973878    0.98    0.00    0.00    0.00    0.00
-0.766620   -0.343140   0.00    0.00    0.98    0.00    0.00
-0.526153   0.261283    0.98    0.00    0.00    0.00    0.00
0.267883    0.322819    0.00    0.98    0.00    0.00    0.00
0.557074    0.204724    0.00    0.98    0.00    0.00    0.00
0.869676    0.997570    0.00    0.98    0.00    0.00    0.00
-0.287823   -0.001594   0.00    0.00    0.00    0.00    0.98
0.455599    0.701613    0.00    0.98    0.00    0.00    0.00
-0.888691   -0.941236   0.00    0.00    0.98    0.00    0.00
0.788685    -0.581174   0.00    0.00    0.00    0.98    0.00
-0.000247   0.019319    0.00    0.00    0.00    0.00    0.98
0.866751    -0.891095   0.00    0.00    0.00    0.98    0.00
-0.268570   0.577363    0.98    0.00    0.00    0.00    0.00
0.544533    0.972013    0.00    0.98    0.00    0.00    0.00
0.219659    0.177724    0.00    0.98    0.00    0.00    0.00
-0.337771   0.745017    0.98    0.00    0.00    0.00    0.00
-0.963361   0.050127    0.00    0.00    0.00    0.00    0.98
0.937884    0.282390    0.00    0.98    0.00    0.00    0.00
0.681540    -0.176041   0.00    0.00    0.00    0.98    0.00
0.632379    -0.335563   0.00    0.00    0.00    0.98    0.00
0.379468    -0.742406   0.00    0.00    0.00    0.98    0.00
0.704916    0.242813    0.00    0.98    0.00    0.00    0.00
0.121275    -0.938426   0.00    0.00    0.00    0.98    0.00
-0.924598   -0.463108   0.00    0.00    0.98    0.00    0.00
-0.615857   0.550955    0.98    0.00    0.00    0.00    0.00
-0.740630   0.376997    0.98    0.00    0.00    0.00    0.00
-0.377644   -0.598903   0.00    0.00    0.98    0.00    0.00
0.841115    0.449506    0.00    0.98    0.00    0.00    0.00
-0.017769   -0.351880   0.00    0.00    0.00    0.00    0.98
0.955533    -0.668518   0.00    0.00    0.00    0.98    0.00
0.011793    0.921254    0.00    0.00    0.00    0.00    0.98
-0.550249   -0.394100   0.00    0.00    0.98    0.00    0.00
0.462393    0.366845    0.00    0.98    0.00    0.00    0.00
-0.471267   0.707968    0.98    0.00    0.00    0.00    0.00
0.797787    0.130081    0.00    0.98    0.00    0.00    0.00
0.745364    -0.048328   0.00    0.00    0.00    0.00    0.98
-0.667946   -0.239218   0.00    0.00    0.98    0.00    0.00
-0.142910   -0.547999   0.00    0.00    0.98    0.00    0.00
-0.294464   0.096860    0.00    0.00    0.00    0.00    0.98
-0.844570   0.428613    0.98    0.00    0.00    0.00    0.00
0.976381    -0.977664   0.00    0.00    0.00    0.98    0.00
0.662481    0.226497    0.00    0.98    0.00    0.00    0.00
0.032226    0.803378    0.00    0.00    0.00    0.00    0.98
0.755532    0.608600    0.00    0.98    0.00    0.00    0.00
0.836641    0.228294    0.00    0.98    0.00    0.00    0.00
-0.064695   -0.318598   0.00    0.00    0.00    0.00    0.98
0.926110    0.701418    0.00    0.98    0.00    0.00    0.00
0.727921    0.062667    0.00    0.00    0.00    0.00    0.98
-0.830415   -0.129191   0.00    0.00    0.98    0.00    0.00
-0.323135   -0.293425   0.00    0.00    0.98    0.00    0.00
0.876382    -0.046125   0.00    0.00    0.00    0.00    0.98
-0.560377   0.617789    0.98    0.00    0.00    0.00    0.00
-0.403237   -0.557475   0.00    0.00    0.98    0.00    0.00
0.916010    -0.593625   0.00    0.00    0.00    0.98    0.00
-0.070097   -0.865767   0.00    0.00    0.00    0.00    0.98
0.898595    0.380846    0.00    0.98    0.00    0.00    0.00
-0.567900   0.675923    0.98    0.00    0.00    0.00    0.00
-0.085576   -0.952881   0.00    0.00    0.00    0.00    0.98
-0.285584   -0.139143   0.00    0.00    0.98    0.00    0.00
0.710450    0.511022    0.00    0.98    0.00    0.00    0.00
-0.661298   0.951775    0.98    0.00    0.00    0.00    0.00
0.225837    -0.875919   0.00    0.00    0.00    0.98    0.00
-0.670348   0.744204    0.98    0.00    0.00    0.00    0.00
0.787606    -0.274045   0.00    0.00    0.00    0.98    0.00
0.925295    -0.118259   0.00    0.00    0.00    0.98    0.00
0.929032    0.720570    0.00    0.98    0.00    0.00    0.00
-0.062522   0.502323    0.00    0.00    0.00    0.00    0.98
-0.505748   0.279727    0.98    0.00    0.00    0.00    0.00
0.326956    0.732685    0.00    0.98    0.00    0.00    0.00
-0.261639   0.796719    0.98    0.00    0.00    0.00    0.00
0.154461    -0.505056   0.00    0.00    0.00    0.98    0.00
0.746256    -0.033189   0.00    0.00    0.00    0.00    0.98
0.746629    0.947973    0.00    0.98    0.00    0.00    0.00
0.754219    0.080813    0.00    0.00    0.00    0.00    0.98
-0.048270   0.324215    0.00    0.00    0.00    0.00    0.98
-0.687236   -0.454622   0.00    0.00    0.98    0.00    0.00
-0.654028   -0.795031   0.00    0.00    0.98    0.00    0.00
0.568565    0.388639    0.00    0.98    0.00    0.00    0.00
0.132279    0.278089    0.00    0.98    0.00    0.00    0.00
0.709119    0.650753    0.00    0.98    0.00    0.00    0.00
-0.210125   0.149398    0.98    0.00    0.00    0.00    0.00
0.282712    -0.297525   0.00    0.00    0.00    0.98    0.00
0.154425    -0.543388   0.00    0.00    0.00    0.98    0.00
-0.162087   -0.535017   0.00    0.00    0.98    0.00    0.00
0.063295    -0.066127   0.00    0.00    0.00    0.00    0.98
-0.850590   -0.569213   0.00    0.00    0.98    0.00    0.00
-0.170559   -0.391441   0.00    0.00    0.98    0.00    0.00
0.306691    -0.390462   0.00    0.00    0.00    0.98    0.00
0.849303    -0.682115   0.00    0.00    0.00    0.98    0.00
-0.464386   0.564775    0.98    0.00    0.00    0.00    0.00
-0.785227   -0.173077   0.00    0.00    0.98    0.00    0.00
-0.140403   -0.039161   0.00    0.00    0.00    0.00    0.98
0.174355    -0.773313   0.00    0.00    0.00    0.98    0.00
0.230501    0.846517    0.00    0.98    0.00    0.00    0.00
0.282318    -0.061844   0.00    0.00    0.00    0.00    0.98
0.681609    0.725335    0.00    0.98    0.00    0.00    0.00
-0.618134   0.988462    0.98    0.00    0.00    0.00    0.00
-0.952179   -0.404396   0.00    0.00    0.98    0.00    0.00
0.281037    0.231222    0.00    0.98    0.00    0.00    0.00
0.707871    0.301195    0.00    0.98    0.00    0.00    0.00
-0.106652   0.717004    0.98    0.00    0.00    0.00    0.00
0.827890    -0.117366   0.00    0.00    0.00    0.98    0.00
-0.566191   0.099322    0.00    0.00    0.00    0.00    0.98
-0.772406   -0.443377   0.00    0.00    0.98    0.00    0.00
0.949139    0.488749    0.00    0.98    0.00    0.00    0.00
-0.027469   -0.999558   0.00    0.00    0.00    0.00    0.98
0.310038    0.758315    0.00    0.98    0.00    0.00    0.00
-0.065622   -0.450786   0.00    0.00    0.00    0.00    0.98
0.357295    0.345789    0.00    0.98    0.00    0.00    0.00
-0.311501   -0.502969   0.00    0.00    0.98    0.00    0.00
0.536436    0.225042    0.00    0.98    0.00    0.00    0.00
-0.379844   -0.357906   0.00    0.00    0.98    0.00    0.00
-0.785022   -0.243879   0.00    0.00    0.98    0.00    0.00
-0.658870   -0.540262   0.00    0.00    0.98    0.00    0.00
-0.002671   0.823260    0.00    0.00    0.00    0.00    0.98
-0.080172   -0.044046   0.00    0.00    0.00    0.00    0.98
0.163311    0.510356    0.00    0.98    0.00    0.00    0.00
-0.093967   -0.406106   0.00    0.00    0.00    0.00    0.98
0.324440    -0.838327   0.00    0.00    0.00    0.98    0.00
0.103150    -0.181694   0.00    0.00    0.00    0.98    0.00
0.538552    -0.795364   0.00    0.00    0.00    0.98    0.00
0.647125    -0.836686   0.00    0.00    0.00    0.98    0.00
-0.958370   0.544100    0.98    0.00    0.00    0.00    0.00
0.711766    -0.775468   0.00    0.00    0.00    0.98    0.00
0.984105    0.665915    0.00    0.98    0.00    0.00    0.00
0.702012    -0.380277   0.00    0.00    0.00    0.98    0.00
-0.159964   -0.494466   0.00    0.00    0.98    0.00    0.00
-0.401525   0.852125    0.98    0.00    0.00    0.00    0.00
-0.216707   0.285447    0.98    0.00    0.00    0.00    0.00
0.562293    -0.078216   0.00    0.00    0.00    0.00    0.98
0.384713    -0.473324   0.00    0.00    0.00    0.98    0.00
-0.114322   0.564155    0.98    0.00    0.00    0.00    0.00
-0.116566   -0.673171   0.00    0.00    0.98    0.00    0.00
-0.207107   -0.822331   0.00    0.00    0.98    0.00    0.00
-0.787772   -0.299129   0.00    0.00    0.98    0.00    0.00
-0.507768   -0.259855   0.00    0.00    0.98    0.00    0.00
0.779257    0.861763    0.00    0.98    0.00    0.00    0.00
0.085421    0.006723    0.00    0.00    0.00    0.00    0.98
0.115010    0.700420    0.00    0.98    0.00    0.00    0.00
-0.656729   0.355075    0.98    0.00    0.00    0.00    0.00
0.891051    0.980252    0.00    0.98    0.00    0.00    0.00
-0.760858   0.370100    0.98    0.00    0.00    0.00    0.00
-0.135315   0.936623    0.98    0.00    0.00    0.00    0.00
0.714897    0.746914    0.00    0.98    0.00    0.00    0.00
-0.652698   -0.395310   0.00    0.00    0.98    0.00    0.00
0.995217    0.690796    0.00    0.98    0.00    0.00    0.00
0.409359    -0.028917   0.00    0.00    0.00    0.00    0.98
0.199237    -0.076080   0.00    0.00    0.00    0.00    0.98
0.450887    0.379833    0.00    0.98    0.00    0.00    0.00
-0.050685   -0.682144   0.00    0.00    0.00    0.00    0.98
0.033281    -0.282169   0.00    0.00    0.00    0.00    0.98
0.087848    -0.416213   0.00    0.00    0.00    0.00    0.98
0.416088    0.054552    0.00    0.00    0.00    0.00    0.98
-0.417176   -0.395754   0.00    0.00    0.98    0.00    0.00
0.437853    -0.282759   0.00    0.00    0.00    0.98    0.00
-0.225240   -0.523716   0.00    0.00    0.98    0.00    0.00
-0.446171   -0.521144   0.00    0.00    0.98    0.00    0.00
0.998506    -0.637454   0.00    0.00    0.00    0.98    0.00
-0.917991   0.714949    0.98    0.00    0.00    0.00    0.00
0.555830    0.158780    0.00    0.98    0.00    0.00    0.00
0.088039    0.777830    0.00    0.00    0.00    0.00    0.98
0.696514    -0.064195   0.00    0.00    0.00    0.00    0.98
0.981050    -0.795937   0.00    0.00    0.00    0.98    0.00
-0.385489   -0.372750   0.00    0.00    0.98    0.00    0.00
0.177984    -0.714200   0.00    0.00    0.00    0.98    0.00
-0.388271   0.049365    0.00    0.00    0.00    0.00    0.98
0.081834    0.489028    0.00    0.00    0.00    0.00    0.98
0.185269    -0.756988   0.00    0.00    0.00    0.98    0.00
0.292939    0.477789    0.00    0.98    0.00    0.00    0.00
-0.888642   -0.838533   0.00    0.00    0.98    0.00    0.00
0.079030    -0.180287   0.00    0.00    0.00    0.00    0.98
-0.103084   -0.603344   0.00    0.00    0.98    0.00    0.00
-0.601603   -0.943179   0.00    0.00    0.98    0.00    0.00
-0.922345   0.286253    0.98    0.00    0.00    0.00    0.00
-0.291161   -0.006257   0.00    0.00    0.00    0.00    0.98
0.204591    -0.986241   0.00    0.00    0.00    0.98    0.00
0.739638    -0.443112   0.00    0.00    0.00    0.98    0.00
0.554209    0.036989    0.00    0.00    0.00    0.00    0.98
0.930143    -0.373717   0.00    0.00    0.00    0.98    0.00
-0.163592   0.861943    0.98    0.00    0.00    0.00    0.00
-0.118879   -0.802014   0.00    0.00    0.98    0.00    0.00
-0.458307   0.727692    0.98    0.00    0.00    0.00    0.00
0.907072    -0.461868   0.00    0.00    0.00    0.98    0.00
-0.760346   0.281996    0.98    0.00    0.00    0.00    0.00
-0.767864   -0.410562   0.00    0.00    0.98    0.00    0.00
-0.552183   -0.495925   0.00    0.00    0.98    0.00    0.00
0.922597    -0.740879   0.00    0.00    0.00    0.98    0.00
0.712815    -0.790360   0.00    0.00    0.00    0.98    0.00
0.569312    -0.767793   0.00    0.00    0.00    0.98    0.00
-0.937926   0.427154    0.98    0.00    0.00    0.00    0.00
-0.371905   -0.373032   0.00    0.00    0.98    0.00    0.00
0.111271    -0.120743   0.00    0.00    0.00    0.98    0.00
0.206050    -0.795305   0.00    0.00    0.00    0.98    0.00
0.979621    -0.791132   0.00    0.00    0.00    0.98    0.00
0.236067    -0.836443   0.00    0.00    0.00    0.98    0.00
0.623186    0.031829    0.00    0.00    0.00    0.00    0.98
-0.803453   0.807215    0.98    0.00    0.00    0.00    0.00
-0.985061   -0.107469   0.00    0.00    0.98    0.00    0.00
0.195925    -0.122989   0.00    0.00    0.00    0.98    0.00
-0.874563   -0.548785   0.00    0.00    0.98    0.00    0.00
0.798277    -0.075516   0.00    0.00    0.00    0.00    0.98
0.326281    -0.663861   0.00    0.00    0.00    0.98    0.00
-0.619478   0.715685    0.98    0.00    0.00    0.00    0.00
-0.772272   -0.040879   0.00    0.00    0.00    0.00    0.98
-0.084307   -0.380039   0.00    0.00    0.00    0.00    0.98
-0.075776   0.586079    0.00    0.00    0.00    0.00    0.98
0.616337    -0.936025   0.00    0.00    0.00    0.98    0.00
0.900759    -0.910001   0.00    0.00    0.00    0.98    0.00
-0.384111   -0.743167   0.00    0.00    0.98    0.00    0.00
0.191876    0.049101    0.00    0.00    0.00    0.00    0.98
-0.352621   -0.988356   0.00    0.00    0.98    0.00    0.00
0.851058    -0.701824   0.00    0.00    0.00    0.98    0.00
0.127691    -0.006021   0.00    0.00    0.00    0.00    0.98
-0.044104   0.135165    0.00    0.00    0.00    0.00    0.98
-0.008991   0.551720    0.00    0.00    0.00    0.00    0.98
-0.149290   0.922148    0.98    0.00    0.00    0.00    0.00
-0.244459   -0.469789   0.00    0.00    0.98    0.00    0.00
0.699975    0.062313    0.00    0.00    0.00    0.00    0.98
-0.411521   0.765209    0.98    0.00    0.00    0.00    0.00
0.312340    -0.410735   0.00    0.00    0.00    0.98    0.00
-0.010350   -0.304171   0.00    0.00    0.00    0.00    0.98
-0.383098   0.728917    0.98    0.00    0.00    0.00    0.00
-0.430356   -0.020373   0.00    0.00    0.00    0.00    0.98
0.354130    -0.622822   0.00    0.00    0.00    0.98    0.00
0.803712    -0.569972   0.00    0.00    0.00    0.98    0.00
-0.909939   0.518964    0.98    0.00    0.00    0.00    0.00
0.998779    0.082199    0.00    0.00    0.00    0.00    0.98
-0.148246   0.909938    0.98    0.00    0.00    0.00    0.00
-0.342393   -0.883878   0.00    0.00    0.98    0.00    0.00
-0.628766   0.812018    0.98    0.00    0.00    0.00    0.00
-0.849637   0.135982    0.98    0.00    0.00    0.00    0.00
-0.903138   -0.592264   0.00    0.00    0.98    0.00    0.00
-0.657097   -0.527608   0.00    0.00    0.98    0.00    0.00
-0.989342   0.146000    0.98    0.00    0.00    0.00    0.00
-0.410745   0.613980    0.98    0.00    0.00    0.00    0.00
-0.158408   0.756852    0.98    0.00    0.00    0.00    0.00
0.554196    0.074722    0.00    0.00    0.00    0.00    0.98
0.038931    0.915825    0.00    0.00    0.00    0.00    0.98
-0.784158   0.025156    0.00    0.00    0.00    0.00    0.98
-0.633757   0.717240    0.98    0.00    0.00    0.00    0.00
-0.828618   0.307701    0.98    0.00    0.00    0.00    0.00
0.263527    -0.054088   0.00    0.00    0.00    0.00    0.98
0.599724    -0.604203   0.00    0.00    0.00    0.98    0.00
-0.363619   0.024289    0.00    0.00    0.00    0.00    0.98
0.196918    -0.043428   0.00    0.00    0.00    0.00    0.98
-0.456983   -0.698623   0.00    0.00    0.98    0.00    0.00
0.116261    -0.504588   0.00    0.00    0.00    0.98    0.00
-0.406444   0.391649    0.98    0.00    0.00    0.00    0.00
0.532689    0.020014    0.00    0.00    0.00    0.00    0.98
0.499490    -0.517504   0.00    0.00    0.00    0.98    0.00
0.093743    0.436463    0.00    0.00    0.00    0.00    0.98
-0.437283   -0.748514   0.00    0.00    0.98    0.00    0.00
0.906268    -0.281909   0.00    0.00    0.00    0.98    0.00
-0.345702   0.265069    0.98    0.00    0.00    0.00    0.00
0.164830    -0.061188   0.00    0.00    0.00    0.00    0.98
-0.188957   -0.166499   0.00    0.00    0.98    0.00    0.00
-0.427024   0.299491    0.98    0.00    0.00    0.00    0.00
-0.075232   -0.688016   0.00    0.00    0.00    0.00    0.98
-0.667572   0.915611    0.98    0.00    0.00    0.00    0.00
-0.767796   -0.278962   0.00    0.00    0.98    0.00    0.00
0.520770    -0.093523   0.00    0.00    0.00    0.00    0.98
-0.701630   -0.420405   0.00    0.00    0.98    0.00    0.00
-0.016172   -0.117044   0.00    0.00    0.00    0.00    0.98
0.068220    -0.495638   0.00    0.00    0.00    0.00    0.98
-0.673329   -0.649201   0.00    0.00    0.98    0.00    0.00
-0.665243   0.970645    0.98    0.00    0.00    0.00    0.00
-0.446450   -0.765208   0.00    0.00    0.98    0.00    0.00
-0.792830   -0.415803   0.00    0.00    0.98    0.00    0.00
-0.849508   0.638059    0.98    0.00    0.00    0.00    0.00
0.401163    -0.278805   0.00    0.00    0.00    0.98    0.00
0.026152    0.906685    0.00    0.00    0.00    0.00    0.98
-0.655205   -0.888610   0.00    0.00    0.98    0.00    0.00
-0.588141   0.843240    0.98    0.00    0.00    0.00    0.00
0.339023    -0.242789   0.00    0.00    0.00    0.98    0.00
-0.504987   -0.452378   0.00    0.00    0.98    0.00    0.00
0.111459    -0.507756   0.00    0.00    0.00    0.98    0.00
-0.745366   0.990584    0.98    0.00    0.00    0.00    0.00
-0.384356   0.227029    0.98    0.00    0.00    0.00    0.00
-0.604954   -0.654957   0.00    0.00    0.98    0.00    0.00
-0.923628   0.390672    0.98    0.00    0.00    0.00    0.00
-0.743341   0.894679    0.98    0.00    0.00    0.00    0.00
-0.222657   0.650540    0.98    0.00    0.00    0.00    0.00
-0.558929   -0.487586   0.00    0.00    0.98    0.00    0.00
-0.337458   0.761636    0.98    0.00    0.00    0.00    0.00
-0.420386   -0.996172   0.00    0.00    0.98    0.00    0.00
-0.043034   0.787063    0.00    0.00    0.00    0.00    0.98
-0.612405   0.360174    0.98    0.00    0.00    0.00    0.00
-0.056537   -0.836023   0.00    0.00    0.00    0.00    0.98
-0.600373   0.439072    0.98    0.00    0.00    0.00    0.00
-0.831714   0.897197    0.98    0.00    0.00    0.00    0.00
0.173744    -0.161596   0.00    0.00    0.00    0.98    0.00
-0.703349   0.704482    0.98    0.00    0.00    0.00    0.00
-0.716660   0.566369    0.98    0.00    0.00    0.00    0.00
0.895869    -0.603171   0.00    0.00    0.00    0.98    0.00
-0.420154   0.597706    0.98    0.00    0.00    0.00    0.00
0.596192    -0.612837   0.00    0.00    0.00    0.98    0.00
0.244249    -0.668693   0.00    0.00    0.00    0.98    0.00
0.305249    -0.254206   0.00    0.00    0.00    0.98    0.00
0.913977    -0.285708   0.00    0.00    0.00    0.98    0.00
-0.421045   0.233705    0.98    0.00    0.00    0.00    0.00
-0.039411   0.840701    0.00    0.00    0.00    0.00    0.98
-0.863874   0.254512    0.98    0.00    0.00    0.00    0.00
-0.606134   0.632815    0.98    0.00    0.00    0.00    0.00
0.948611    -0.893846   0.00    0.00    0.00    0.98    0.00
-0.406229   0.459019    0.98    0.00    0.00    0.00    0.00
0.519692    -0.423660   0.00    0.00    0.00    0.98    0.00
0.304865    -0.655622   0.00    0.00    0.00    0.98    0.00
0.876228    -0.198715   0.00    0.00    0.00    0.98    0.00
-0.803495   0.274286    0.98    0.00    0.00    0.00    0.00
-0.622088   0.101368    0.98    0.00    0.00    0.00    0.00
-0.905364   0.442421    0.98    0.00    0.00    0.00    0.00
0.412076    0.038818    0.00    0.00    0.00    0.00    0.98
0.394408    -0.318431   0.00    0.00    0.00    0.98    0.00
0.165203    -0.408213   0.00    0.00    0.00    0.98    0.00
-0.088246   -0.196666   0.00    0.00    0.00    0.00    0.98
-0.119260   0.553624    0.98    0.00    0.00    0.00    0.00
-0.863541   0.284352    0.98    0.00    0.00    0.00    0.00
-0.977867   0.355598    0.98    0.00    0.00    0.00    0.00
-0.562478   0.380455    0.98    0.00    0.00    0.00    0.00
-0.685100   -0.050629   0.00    0.00    0.00    0.00    0.98
0.476442    -0.263784   0.00    0.00    0.00    0.98    0.00
0.970684    0.011857    0.00    0.00    0.00    0.00    0.98
0.290609    -0.111038   0.00    0.00    0.00    0.98    0.00
-0.034026   0.890658    0.00    0.00    0.00    0.00    0.98
-0.745623   0.502766    0.98    0.00    0.00    0.00    0.00
-0.876409   0.724444    0.98    0.00    0.00    0.00    0.00
0.877267    -0.670211   0.00    0.00    0.00    0.98    0.00
0.410447    -0.968751   0.00    0.00    0.00    0.98    0.00
-0.754530   0.043257    0.00    0.00    0.00    0.00    0.98
-0.724925   0.371317    0.98    0.00    0.00    0.00    0.00
0.226938    -0.019978   0.00    0.00    0.00    0.00    0.98
-0.430290   0.697388    0.98    0.00    0.00    0.00    0.00
0.246699    -0.721821   0.00    0.00    0.00    0.98    0.00
0.050310    0.089129    0.00    0.00    0.00    0.00    0.98
0.996946    -0.471056   0.00    0.00    0.00    0.98    0.00
-0.252929   0.371645    0.98    0.00    0.00    0.00    0.00
-0.345235   0.163383    0.98    0.00    0.00    0.00    0.00
0.045968    -0.903807   0.00    0.00    0.00    0.00    0.98
0.399760    -0.049153   0.00    0.00    0.00    0.00    0.98
0.499957    -0.349207   0.00    0.00    0.00    0.98    0.00
0.935059    -0.119911   0.00    0.00    0.00    0.98    0.00
-0.061215   0.844470    0.00    0.00    0.00    0.00    0.98
0.120934    -0.790156   0.00    0.00    0.00    0.98    0.00
-0.978433   0.230971    0.98    0.00    0.00    0.00    0.00
0.609704    -0.962068   0.00    0.00    0.00    0.98    0.00
0.016843    -0.355109   0.00    0.00    0.00    0.00    0.98
0.274142    -0.379518   0.00    0.00    0.00    0.98    0.00
0.367947    -0.688736   0.00    0.00    0.00    0.98    0.00
-0.382097   0.065222    0.00    0.00    0.00    0.00    0.98
0.669288    -0.090350   0.00    0.00    0.00    0.00    0.98
0.430617    -0.556449   0.00    0.00    0.00    0.98    0.00
0.673196    -0.761522   0.00    0.00    0.00    0.98    0.00
-0.171139   0.624413    0.98    0.00    0.00    0.00    0.00
0.169242    -0.309610   0.00    0.00    0.00    0.98    0.00
-0.546423   0.756303    0.98    0.00    0.00    0.00    0.00
-0.221266   0.858963    0.98    0.00    0.00    0.00    0.00
0.927914    -0.108295   0.00    0.00    0.00    0.98    0.00
-0.467830   0.376707    0.98    0.00    0.00    0.00    0.00
0.348705    -0.962601   0.00    0.00    0.00    0.98    0.00
0.990248    -0.312308   0.00    0.00    0.00    0.98    0.00
-0.875034   0.946905    0.98    0.00    0.00    0.00    0.00
-0.796067   0.454163    0.98    0.00    0.00    0.00    0.00
-0.636900   0.426122    0.98    0.00    0.00    0.00    0.00
-0.461553   0.822763    0.98    0.00    0.00    0.00    0.00
0.968285    -0.531105   0.00    0.00    0.00    0.98    0.00
0.748475    -0.407146   0.00    0.00    0.00    0.98    0.00
0.206391    -0.133304   0.00    0.00    0.00    0.98    0.00
0.293939    -0.964404   0.00    0.00    0.00    0.98    0.00
-0.750599   0.739560    0.98    0.00    0.00    0.00    0.00
0.186930    -0.458114   0.00    0.00    0.00    0.98    0.00
-0.847406   0.942889    0.98    0.00    0.00    0.00    0.00
-0.990706   0.155232    0.98    0.00    0.00    0.00    0.00
-0.805847   0.253589    0.98    0.00    0.00    0.00    0.00
-0.167861   0.144011    0.98    0.00    0.00    0.00    0.00
-0.262177   0.963888    0.98    0.00    0.00    0.00    0.00
0.761702    -0.599212   0.00    0.00    0.00    0.98    0.00
-0.827094   0.817650    0.98    0.00    0.00    0.00    0.00
-0.751334   0.359956    0.98    0.00    0.00    0.00    0.00
-0.765328   0.284685    0.98    0.00    0.00    0.00    0.00
0.619844    -0.946443   0.00    0.00    0.00    0.98    0.00
-0.143112   0.398940    0.98    0.00    0.00    0.00    0.00
0.561489    -0.439477   0.00    0.00    0.00    0.98    0.00
0.267379    -0.745794   0.00    0.00    0.00    0.98    0.00
0.190883    -0.161411   0.00    0.00    0.00    0.98    0.00
-0.135018   0.333043    0.98    0.00    0.00    0.00    0.00
-0.337921   0.905785    0.98    0.00    0.00    0.00    0.00
-0.370625   0.277810    0.98    0.00    0.00    0.00    0.00
-0.876908   0.636911    0.98    0.00    0.00    0.00    0.00
-0.871916   0.205626    0.98    0.00    0.00    0.00    0.00
0.762905    -0.561435   0.00    0.00    0.00    0.98    0.00
-0.677548   0.945387    0.98    0.00    0.00    0.00    0.00
0.839714    -0.651111   0.00    0.00    0.00    0.98    0.00
-0.680658   0.505830    0.98    0.00    0.00    0.00    0.00
-0.338798   0.410334    0.98    0.00    0.00    0.00    0.00
-0.780671   0.268112    0.98    0.00    0.00    0.00    0.00
-0.260644   0.362267    0.98    0.00    0.00    0.00    0.00
-0.791537   0.559655    0.98    0.00    0.00    0.00    0.00
-0.609119   0.571767    0.98    0.00    0.00    0.00    0.00
0.771799    -0.883363   0.00    0.00    0.00    0.98    0.00
-0.624231   0.243535    0.98    0.00    0.00    0.00    0.00
-0.383024   0.824748    0.98    0.00    0.00    0.00    0.00
0.260172    -0.211368   0.00    0.00    0.00    0.98    0.00
0.911957    -0.532831   0.00    0.00    0.00    0.98    0.00
0.470570    -0.890770   0.00    0.00    0.00    0.98    0.00
0.125907    -0.790316   0.00    0.00    0.00    0.98    0.00
0.676924    -0.804887   0.00    0.00    0.00    0.98    0.00
0.305487    -0.739705   0.00    0.00    0.00    0.98    0.00
0.813305    -0.517075   0.00    0.00    0.00    0.98    0.00
