0.403921    0.035668    0.00    0.00    0.00    0.00    0.98
0.630785    -0.131139   0.00    0.00    0.00    0.98    0.00
0.530612    0.836179    0.00    0.98    0.00    0.00    0.00
-0.961738   -0.468127   0.00    0.00    0.98    0.00    0.00
0.941752    0.104154    0.00    0.98    0.00    0.00    0.00
0.193461    0.839207    0.00    0.98    0.00    0.00    0.00
-0.047168   -0.460622   0.00    0.00    0.00    0.00    0.98
-0.314761   0.845837    0.98    0.00    0.00    0.00    0.00
-0.765737   -0.352734   0.00    0.00    0.98    0.00    0.00
-0.413980   0.250627    0.98    0.00    0.00    0.00    0.00
0.031799    0.041051    0.00    0.00    0.00    0.00    0.98
-0.129842   0.292586    0.98    0.00    0.00    0.00    0.00
-0.260478   -0.111841   0.00    0.00    0.98    0.00    0.00
0.217288    0.365273    0.00    0.98    0.00    0.00    0.00
-0.081586   -0.499480   0.00    0.00    0.00    0.00    0.98
0.208849    -0.449759   0.00    0.00    0.00    0.98    0.00
-0.745686   -0.122198   0.00    0.00    0.98    0.00    0.00
0.960160    0.442268    0.00    0.98    0.00    0.00    0.00
-0.146704   -0.172671   0.00    0.00    0.98    0.00    0.00
-0.423191   0.270230    0.98    0.00    0.00    0.00    0.00
0.439274    -0.237391   0.00    0.00    0.00    0.98    0.00
-0.322381   0.787402    0.98    0.00    0.00    0.00    0.00
0.455212    -0.649843   0.00    0.00    0.00    0.98    0.00
0.467067    -0.318192   0.00    0.00    0.00    0.98    0.00
0.958975    -0.399259   0.00    0.00    0.00    0.98    0.00
0.628432    0.417513    0.00    0.98    0.00    0.00    0.00
0.528214    -0.533074   0.00    0.00    0.00    0.98    0.00
-0.356284   0.458393    0.98    0.00    0.00    0.00    0.00
0.354564    0.857216    0.00    0.98    0.00    0.00    0.00
-0.378146   -0.457069   0.00    0.00    0.98    0.00    0.00
-0.017135   -0.750641   0.00    0.00    0.00    0.00    0.98
0.579203    -0.909195   0.00    0.00    0.00    0.98    0.00
-0.979368   -0.135708   0.00    0.00    0.98    0.00    0.00
0.016871    -0.765302   0.00    0.00    0.00    0.00    0.98
0.438000    -0.319140   0.00    0.00    0.00    0.98    0.00
-0.314735   0.819218    0.98    0.00    0.00    0.00    0.00
-0.027513   -0.234250   0.00    0.00    0.00    0.00    0.98
0.688331    0.100750    0.00    0.98    0.00    0.00    0.00
0.752643    -0.153484   0.00    0.00    0.00    0.98    0.00
0.469489    0.358031    0.00    0.98    0.00    0.00    0.00
-0.626863   -0.758336   0.00    0.00    0.98    0.00    0.00
0.701071    -0.262373   0.00    0.00    0.00    0.98    0.00
-0.667428   0.589566    0.98    0.00    0.00    0.00    0.00
-0.751294   -0.494815   0.00    0.00    0.98    0.00    0.00
-0.456032   0.889757    0.98    0.00    0.00    0.00    0.00
0.571595    0.343536    0.00    0.98    0.00    0.00    0.00
-0.272014   -0.250730   0.00    0.00    0.98    0.00    0.00
-0.146621   -0.030502   0.00    0.00    0.00    0.00    0.98
-0.921745   -0.000251   0.00    0.00    0.00    0.00    0.98
0.893349    -0.449854   0.00    0.00    0.00    0.98    0.00
0.901671    -0.904340   0.00    0.00    0.00    0.98    0.00
-0.683222   -0.396402   0.00    0.00    0.98    0.00    0.00
-0.167229   0.830886    0.98    0.00    0.00    0.00    0.00
0.561596    0.689083    0.00    0.98    0.00    0.00    0.00
0.373761    0.741839    0.00    0.98    0.00    0.00    0.00
-0.992132   -0.934839   0.00    0.00    0.98    0.00    0.00
-0.759262   -0.233821   0.00    0.00    0.98    0.00    0.00
0.051458    -0.050331   0.00    0.00    0.00    0.00    0.98
-0.570322   -0.493192   0.00    0.00    0.98    0.00    0.00
-0.216880   0.126341    0.98    0.00    0.00    0.00    0.00
0.828900    -0.364820   0.00    0.00    0.00    0.98    0.00
0.713009    0.581485    0.00    0.98    0.00    0.00    0.00
-0.597489   -0.630836   0.00    0.00    0.98    0.00    0.00
-0.704043   0.529363    0.98    0.00    0.00    0.00    0.00
-0.586605   -0.265040   0.00    0.00    0.98    0.00    0.00
-0.654517   -0.647789   0.00    0.00    0.98    0.00    0.00
0.358139    -0.372057   0.00    0.00    0.00    0.98    0.00
0.277119    0.312347    0.00    0.98    0.00    0.00    0.00
0.579577    -0.720989   0.00    0.00    0.00    0.98    0.00
-0.119906   0.505543    0.98    0.00    0.00    0.00    0.00
-0.276620   0.007150    0.00    0.00    0.00    0.00    0.98
0.916631    -0.275050   0.00    0.00    0.00    0.98    0.00
0.519258    -0.877732   0.00    0.00    0.00    0.98    0.00
0.793309    0.322185    0.00    0.98    0.00    0.00    0.00
-0.869570   0.308362    0.98    0.00    0.00    0.00    0.00
0.969942    0.994402    0.00    0.98    0.00    0.00    0.00
-0.779583   0.931423    0.98    0.00    0.00    0.00    0.00
0.583845    -0.073770   0.00    0.00    0.00    0.00    0.98
-0.537703   -0.950187   0.00    0.00    0.98    0.00    0.00
0.248533    -0.513981   0.00    0.00    0.00    0.98    0.00
-0.610943   -0.642865   0.00    0.00    0.98    0.00    0.00
-0.103474   0.039966    0.00    0.00    0.00    0.00    0.98
-0.887235   -0.056173   0.00    0.00    0.00    0.00    0.98
0.475811    -0.282183   0.00    0.00    0.00    0.98    0.00
-0.763606   0.248829    0.98    0.00    0.00    0.00    0.00
0.805868    -0.588799   0.00    0.00    0.00    0.98    0.00
0.151407    0.148364    0.00    0.98    0.00    0.00    0.00
0.481934    -0.289952   0.00    0.00    0.00    0.98    0.00
0.023217    -0.543207   0.00    0.00    0.00    0.00    0.98
0.501632    0.610005    0.00    0.98    0.00    0.00    0.00
-0.656794   0.714351    0.98    0.00    0.00    0.00    0.00
-0.740948   0.009643    0.00    0.00    0.00    0.00    0.98
0.902545    -0.211697   0.00    0.00    0.00    0.98    0.00
-0.436751   0.083085    0.00    0.00    0.00    0.00    0.98
0.098021    0.440184    0.00    0.00    0.00    0.00    0.98
-0.640793   0.334620    0.98    0.00    0.00    0.00    0.00
-0.137921   -0.643146   0.00    0.00    0.98    0.00    0.00
0.160241    0.803622    0.00    0.98    0.00    0.00    0.00
0.258115    0.120042    0.00    0.98    0.00    0.00    0.00
-0.952847   0.570452    0.98    0.00    0.00    0.00    0.00
0.140767    0.320775    0.00    0.98    0.00    0.00    0.00
0.123359    0.022981    0.00    0.00    0.00    0.00    0.98
-0.340497   0.886913    0.98    0.00    0.00    0.00    0.00
0.726881    0.430745    0.00    0.98    0.00    0.00    0.00
-0.149098   -0.922313   0.00    0.00    0.98    0.00    0.00
0.812547    0.508542    0.00    0.98    0.00    0.00    0.00
-0.577464   -0.142861   0.00    0.00    0.98    0.00    0.00
-0.942755   0.393084    0.98    0.00    0.00    0.00    0.00
0.669437    -0.807778   0.00    0.00    0.00    0.98    0.00
-0.293193   -0.526230   0.00    0.00    0.98    0.00    0.00
0.476883    0.595730    0.00    0.98    0.00    0.00    0.00
-0.920334   0.994277    0.98    0.00    0.00    0.00    0.00
-0.381185   0.015622    0.00    0.00    0.00    0.00    0.98
-0.206282   -0.167215   0.00    0.00    0.98    0.00    0.00
0.578137    0.770580    0.00    0.98    0.00    0.00    0.00
-0.305675   0.597064    0.98    0.00    0.00    0.00    0.00
-0.691959   0.719492    0.98    0.00    0.00    0.00    0.00
-0.167834   -0.156992   0.00    0.00    0.98    0.00    0.00
0.696253    0.821044    0.00    0.98    0.00    0.00    0.00
0.183146    0.985373    0.00    0.98    0.00    0.00    0.00
-0.174419   -0.146871   0.00    0.00    0.98    0.00    0.00
0.405448    0.418173    0.00    0.98    0.00    0.00    0.00
-0.098255   0.204296    0.00    0.00    0.00    0.00    0.98
-0.845059   -0.997272   0.00    0.00    0.98    0.00    0.00
0.430739    0.507516    0.00    0.98    0.00    0.00    0.00
-0.825871   0.460392    0.98    0.00    0.00    0.00    0.00
0.360135    0.329016    0.00    0.98    0.00    0.00    0.00
-0.094115   -0.180184   0.00    0.00    0.00    0.00    0.98
0.862776    0.614091    0.00    0.98    0.00    0.00    0.00
-0.494574   -0.796050   0.00    0.00    0.98    0.00    0.00
0.487989    0.809099    0.00    0.98    0.00    0.00    0.00
0.701024    -0.624775   0.00    0.00    0.00    0.98    0.00
-0.218899   0.059543    0.00    0.00    0.00    0.00    0.98
0.756200    0.578156    0.00    0.98    0.00    0.00    0.00
-0.730287   0.080947    0.00    0.00    0.00    0.00    0.98
0.012897    -0.240347   0.00    0.00    0.00    0.00    0.98
-0.445295   -0.785247   0.00    0.00    0.98    0.00    0.00
-0.043204   0.046087    0.00    0.00    0.00    0.00    0.98
-0.423442   0.880043    0.98    0.00    0.00    0.00    0.00
0.996864    0.210776    0.00    0.98    0.00    0.00    0.00
0.752310    0.201369    0.00    0.98    0.00    0.00    0.00
0.478039    0.979401    0.00    0.98    0.00    0.00    0.00
-0.907188   -0.886764   0.00    0.00    0.98    0.00    0.00
0.846069    0.332149    0.00    0.98    0.00    0.00    0.00
-0.273089   0.885609    0.98    0.00    0.00    0.00    0.00
-0.506139   0.387894    0.98    0.00    0.00    0.00    0.00
-0.618373   -0.777841   0.00    0.00    0.98    0.00    0.00
0.273387    0.942558    0.00    0.98    0.00    0.00    0.00
0.355551    0.639600    0.00    0.98    0.00    0.00    0.00
0.525628    -0.436913   0.00    0.00    0.00    0.98    0.00
-0.392173   -0.806691   0.00    0.00    0.98    0.00    0.00
-0.519613   0.588963    0.98    0.00    0.00    0.00    0.00
0.083697    -0.389530   0.00    0.00    0.00    0.00    0.98
-0.496263   -0.702910   0.00    0.00    0.98    0.00    0.00
0.076036    0.533874    0.00    0.00    0.00    0.00    0.98
-0.073598   0.105399    0.00    0.00    0.00    0.00    0.98
-0.435925   -0.592965   0.00    0.00    0.98    0.00    0.00
0.922932    0.661739    0.00    0.98    0.00    0.00    0.00
0.385377    -0.178514   0.00    0.00    0.00    0.98    0.00
-0.053915   0.855303    0.00    0.00    0.00    0.00    0.98
-0.327321   0.836951    0.98    0.00    0.00    0.00    0.00
-0.142831   -0.989744   0.00    0.00    0.98    0.00    0.00
0.839812    0.153206    0.00    0.98    0.00    0.00    0.00
-0.756872   0.348309    0.98    0.00    0.00    0.00    0.00
-0.608540   -0.650556   0.00    0.00    0.98    0.00    0.00
0.594584    0.674699    0.00    0.98    0.00    0.00    0.00
-0.330118   0.720060    0.98    0.00    0.00    0.00    0.00
-0.136281   -0.960390   0.00    0.00    0.98    0.00    0.00
0.616246    -0.847941   0.00    0.00    0.00    0.98    0.00
-0.527131   -0.454656   0.00    0.00    0.98    0.00    0.00
-0.575011   0.975802    0.98    0.00    0.00    0.00    0.00
-0.440025   -0.593371   0.00    0.00    0.98    0.00    0.00
-0.074469   -0.335791   0.00    0.00    0.00    0.00    0.98
-0.798201   -0.755699   0.00    0.00    0.98    0.00    0.00
-0.012799   0.898016    0.00    0.00    0.00    0.00    0.98
-0.239162   -0.906738   0.00    0.00    0.98    0.00    0.00
0.461390    -0.095640   0.00    0.00    0.00    0.00    0.98
0.064414    0.724479    0.00    0.00    0.00    0.00    0.98
-0.011699   0.076430    0.00    0.00    0.00    0.00    0.98
0.847934    0.575169    0.00    0.98    0.00    0.00    0.00
0.283775    -0.532053   0.00    0.00    0.00    0.98    0.00
0.502135    -0.838392   0.00    0.00    0.00    0.98    0.00
-0.057659   0.462434    0.00    0.00    0.00    0.00    0.98
0.418666    -0.243890   0.00    0.00    0.00    0.98    0.00
0.200965    0.017425    0.00    0.00    0.00    0.00    0.98
-0.196873   -0.044892   0.00    0.00    0.00    0.00    0.98
-0.113988   0.375132    0.98    0.00    0.00    0.00    0.00
-0.717561   -0.478195   0.00    0.00    0.98    0.00    0.00
-0.644126   0.316509    0.98    0.00    0.00    0.00    0.00
-0.554678   -0.066778   0.00    0.00    0.00    0.00    0.98
0.642829    -0.611054   0.00    0.00    0.00    0.98    0.00
-0.421944   0.652868    0.98    0.00    0.00    0.00    0.00
-0.800996   0.476200    0.98    0.00    0.00    0.00    0.00
-0.359887   -0.523790   0.00    0.00    0.98    0.00    0.00
-0.769051   0.040256    0.00    0.00    0.00    0.00    0.98
-0.021209   -0.743216   0.00    0.00    0.00    0.00    0.98
-0.505014   0.147499    0.98    0.00    0.00    0.00    0.00
-0.561324   0.342805    0.98    0.00    0.00    0.00    0.00
0.106874    0.765566    0.00    0.98    0.00    0.00    0.00
-0.708753   -0.844412   0.00    0.00    0.98    0.00    0.00
-0.053899   -0.530858   0.00    0.00    0.00    0.00    0.98
-0.535539   0.104310    0.98    0.00    0.00    0.00    0.00
0.629848    0.684830    0.00    0.98    0.00    0.00    0.00
0.984559    -0.044637   0.00    0.00    0.00    0.00    0.98
0.825117    -0.966478   0.00    0.00    0.00    0.98    0.00
-0.273872   -0.950220   0.00    0.00    0.98    0.00    0.00
0.592146    -0.513349   0.00    0.00    0.00    0.98    0.00
0.032046    -0.094010   0.00    0.00    0.00    0.00    0.98
-0.902490   0.023485    0.00    0.00    0.00    0.00    0.98
0.450395    -0.642997   0.00    0.00    0.00    0.98    0.00
-0.343154   -0.244985   0.00    0.00    0.98    0.00    0.00
0.283515    -0.523452   0.00    0.00    0.00    0.98    0.00
-0.775847   -0.272402   0.00    0.00    0.98    0.00    0.00
-0.197092   -0.701208   0.00    0.00    0.98    0.00    0.00
-0.369156   -0.599057   0.00    0.00    0.98    0.00    0.00
-0.117788   0.949113    0.98    0.00    0.00    0.00    0.00
-0.907556   0.148848    0.98    0.00    0.00    0.00    0.00
0.910120    0.403959    0.00    0.98    0.00    0.00    0.00
0.506067    -0.115458   0.00    0.00    0.00    0.98    0.00
0.574012    0.732673    0.00    0.98    0.00    0.00    0.00
0.222073    -0.655281   0.00    0.00    0.00    0.98    0.00
-0.864910   0.424671    0.98    0.00    0.00    0.00    0.00
0.443608    -0.910849   0.00    0.00    0.00    0.98    0.00
0.119870    0.777375    0.00    0.98    0.00    0.00    0.00
-0.849156   -0.559985   0.00    0.00    0.98    0.00    0.00
-0.287505   -0.879348   0.00    0.00    0.98    0.00    0.00
0.773002    -0.126897   0.00    0.00    0.00    0.98    0.00
-0.538375   -0.979367   0.00    0.00    0.98    0.00    0.00
-0.287913   0.727658    0.98    0.00    0.00    0.00    0.00
-0.785352   0.183623    0.98    0.00    0.00    0.00    0.00
0.327784    -0.544420   0.00    0.00    0.00    0.98    0.00
-0.966641   0.264909    0.98    0.00    0.00    0.00    0.00
0.010610    -0.385424   0.00    0.00    0.00    0.00    0.98
-0.447447   0.765067    0.98    0.00    0.00    0.00    0.00
0.499240    0.992286    0.00    0.98    0.00    0.00    0.00
0.003677    -0.927773   0.00    0.00    0.00    0.00    0.98
0.095029    0.571185    0.00    0.00    0.00    0.00    0.98
0.226519    0.672530    0.00    0.98    0.00    0.00    0.00
-0.858391   0.634899    0.98    0.00    0.00    0.00    0.00
-0.867190   0.383226    0.98    0.00    0.00    0.00    0.00
0.175275    0.044430    0.00    0.00    0.00    0.00    0.98
0.504450    -0.700798   0.00    0.00    0.00    0.98    0.00
0.527916    -0.653416   0.00    0.00    0.00    0.98    0.00
0.336128    -0.415400   0.00    0.00    0.00    0.98    0.00
-0.452708   -0.217762   0.00    0.00    0.98    0.00    0.00
-0.663675   0.529167    0.98    0.00    0.00    0.00    0.00
0.016665    -0.658687   0.00    0.00    0.00    0.00    0.98
-0.570919   0.169415    0.98    0.00    0.00    0.00    0.00
-0.726181   0.273919    0.98    0.00    0.00    0.00    0.00
-0.807978   -0.703581   0.00    0.00    0.98    0.00    0.00
-0.911215   -0.499681   0.00    0.00    0.98    0.00    0.00
0.573924    0.102942    0.00    0.98    0.00    0.00    0.00
0.553345    -0.865355   0.00    0.00    0.00    0.98    0.00
0.821232    0.782851    0.00    0.98    0.00    0.00    0.00
-0.266002   0.052160    0.00    0.00    0.00    0.00    0.98
0.783505    -0.838781   0.00    0.00    0.00    0.98    0.00
0.301365    0.006065    0.00    0.00    0.00    0.00    0.98
0.562812    0.080667    0.00    0.00    0.00    0.00    0.98
-0.274948   -0.614278   0.00    0.00    0.98    0.00    0.00
0.292056    0.515873    0.00    0.98    0.00    0.00    0.00
-0.465529   -0.780237   0.00    0.00    0.98    0.00    0.00
-0.952864   -0.462119   0.00    0.00    0.98    0.00    0.00
-0.460509   -0.525119   0.00    0.00    0.98    0.00    0.00
0.723654    0.038707    0.00    0.00    0.00    0.00    0.98
0.837629    -0.674650   0.00    0.00    0.00    0.98    0.00
-0.193289   0.916247    0.98    0.00    0.00    0.00    0.00
0.827522    0.194287    0.00    0.98    0.00    0.00    0.00
-0.268064   -0.052917   0.00    0.00    0.00    0.00    0.98
0.624483    0.496425    0.00    0.98    0.00    0.00    0.00
-0.318578   0.595709    0.98    0.00    0.00    0.00    0.00
-0.294725   -0.004504   0.00    0.00    0.00    0.00    0.98
0.000360    -0.282596   0.00    0.00    0.00    0.00    0.98
-0.085746   0.986393    0.00    0.00    0.00    0.00    0.98
0.624838    -0.615073   0.00    0.00    0.00    0.98    0.00
-0.970547   0.368136    0.98    0.00    0.00    0.00    0.00
-0.660278   -0.139566   0.00    0.00    0.98    0.00    0.00
-0.773445   -0.334943   0.00    0.00    0.98    0.00    0.00
-0.248032   0.953529    0.98    0.00    0.00    0.00    0.00
0.433967    -0.634326   0.00    0.00    0.00    0.98    0.00
-0.411494   -0.692592   0.00    0.00    0.98    0.00    0.00
0.073853    0.963071    0.00    0.00    0.00    0.00    0.98
0.715725    0.791462    0.00    0.98    0.00    0.00    0.00
-0.533179   0.400312    0.98    0.00    0.00    0.00    0.00
-0.359249   0.460398    0.98    0.00    0.00    0.00    0.00
0.744193    0.924796    0.00    0.98    0.00    0.00    0.00
0.440716    -0.954790   0.00    0.00    0.00    0.98    0.00
-0.844848   -0.419901   0.00    0.00    0.98    0.00    0.00
0.792182    0.592179    0.00    0.98    0.00    0.00    0.00
-0.460716   -0.613778   0.00    0.00    0.98    0.00    0.00
0.847282    -0.930330   0.00    0.00    0.00    0.98    0.00
0.206121    0.006656    0.00    0.00    0.00    0.00    0.98
-0.167787   -0.890962   0.00    0.00    0.98    0.00    0.00
0.690691    -0.404209   0.00    0.00    0.00    0.98    0.00
-0.702190   0.866423    0.98    0.00    0.00    0.00    0.00
0.016087    -0.038233   0.00    0.00    0.00    0.00    0.98
0.143553    -0.763392   0.00    0.00    0.00    0.98    0.00
0.461420    -0.834069   0.00    0.00    0.00    0.98    0.00
-0.545500   0.744992    0.98    0.00    0.00    0.00    0.00
0.943815    0.719175    0.00    0.98    0.00    0.00    0.00
-0.329998   -0.201656   0.00    0.00    0.98    0.00    0.00
0.734925    -0.075180   0.00    0.00    0.00    0.00    0.98
-0.406444   -0.961740   0.00    0.00    0.98    0.00    0.00
0.931855    -0.083081   0.00    0.00    0.00    0.00    0.98
-0.113866   -0.908294   0.00    0.00    0.98    0.00    0.00
-0.396987   0.242710    0.98    0.00    0.00    0.00    0.00
0.797733    0.592463    0.00    0.98    0.00    0.00    0.00
0.802598    0.478731    0.00    0.98    0.00    0.00    0.00
0.651383    -0.017290   0.00    0.00    0.00    0.00    0.98
0.811842    -0.489827   0.00    0.00    0.00    0.98    0.00
0.618779    0.581797    0.00    0.98    0.00    0.00    0.00
-0.708208   0.714659    0.98    0.00    0.00    0.00    0.00
-0.134967   0.770590    0.98    0.00    0.00    0.00    0.00
0.520047    -0.924991   0.00    0.00    0.00    0.98    0.00
-0.122309   -0.878057   0.00    0.00    0.98    0.00    0.00
-0.820811   -0.054108   0.00    0.00    0.00    0.00    0.98
-0.610232   0.036533    0.00    0.00    0.00    0.00    0.98
-0.116887   -0.994316   0.00    0.00    0.98    0.00    0.00
-0.556015   0.765333    0.98    0.00    0.00    0.00    0.00
-0.061791   0.013001    0.00    0.00    0.00    0.00    0.98
-0.440357   -0.612777   0.00    0.00    0.98    0.00    0.00
-0.817837   -0.919462   0.00    0.00    0.98    0.00    0.00
-0.490734   -0.660356   0.00    0.00    0.98    0.00    0.00
-0.502162   0.113963    0.98    0.00    0.00    0.00    0.00
0.428694    -0.590243   0.00    0.00    0.00    0.98    0.00
-0.566624   -0.246063   0.00    0.00    0.98    0.00    0.00
-0.308478   -0.308361   0.00    0.00    0.98    0.00    0.00
0.025376    -0.881886   0.00    0.00    0.00    0.00    0.98
0.722165    0.036319    0.00    0.00    0.00    0.00    0.98
0.815279    -0.238444   0.00    0.00    0.00    0.98    0.00
-0.541880   0.303365    0.98    0.00    0.00    0.00    0.00
0.446610    -0.083334   0.00    0.00    0.00    0.00    0.98
-0.257136   -0.916904   0.00    0.00    0.98    0.00    0.00
0.339525    0.885243    0.00    0.98    0.00    0.00    0.00
-0.945801   -0.181927   0.00    0.00    0.98    0.00    0.00
0.939703    -0.979588   0.00    0.00    0.00    0.98    0.00
-0.183194   -0.473574   0.00    0.00    0.98    0.00    0.00
-0.027953   0.733909    0.00    0.00    0.00    0.00    0.98
-0.942394   0.986962    0.98    0.00    0.00    0.00    0.00
-0.406230   -0.205825   0.00    0.00    0.98    0.00    0.00
0.076463    -0.335494   0.00    0.00    0.00    0.00    0.98
-0.941387   -0.006333   0.00    0.00    0.00    0.00    0.98
0.357049    -0.015945   0.00    0.00    0.00    0.00    0.98
-0.303415   -0.678772   0.00    0.00    0.98    0.00    0.00
0.613179    -0.944986   0.00    0.00    0.00    0.98    0.00
0.653016    0.568233    0.00    0.98    0.00    0.00    0.00
0.421063    0.747792    0.00    0.98    0.00    0.00    0.00
0.151248    0.437151    0.00    0.98    0.00    0.00    0.00
-0.086951   -0.507866   0.00    0.00    0.00    0.00    0.98
0.417272    0.304259    0.00    0.98    0.00    0.00    0.00
0.220651    -0.884057   0.00    0.00    0.00    0.98    0.00
0.735512    0.642297    0.00    0.98    0.00    0.00    0.00
-0.222329   0.125882    0.98    0.00    0.00    0.00    0.00
-0.438100   -0.204404   0.00    0.00    0.98    0.00    0.00
0.021804    -0.716906   0.00    0.00    0.00    0.00    0.98
0.167162    -0.062130   0.00    0.00    0.00    0.00    0.98
-0.261803   -0.312693   0.00    0.00    0.98    0.00    0.00
-0.061104   -0.318661   0.00    0.00    0.00    0.00    0.98
0.469015    -0.420384   0.00    0.00    0.00    0.98    0.00
0.070836    -0.759887   0.00    0.00    0.00    0.00    0.98
-0.315044   -0.338519   0.00    0.00    0.98    0.00    0.00
-0.205350   0.308348    0.98    0.00    0.00    0.00    0.00
0.347556    0.823305    0.00    0.98    0.00    0.00    0.00
-0.523755   0.949266    0.98    0.00    0.00    0.00    0.00
-0.903100   0.450485    0.98    0.00    0.00    0.00    0.00
0.707238    0.204004    0.00    0.98    0.00    0.00    0.00
0.778985    0.373743    0.00    0.98    0.00    0.00    0.00
-0.745440   -0.345553   0.00    0.00    0.98    0.00    0.00
-0.428619   0.627186    0.98    0.00    0.00    0.00    0.00
-0.173504   -0.889668   0.00    0.00    0.98    0.00    0.00
-0.845002   0.507998    0.98    0.00    0.00    0.00    0.00
-0.428810   -0.480307   0.00    0.00    0.98    0.00    0.00
-0.298008   -0.387035   0.00    0.00    0.98    0.00    0.00
0.294709    -0.420042   0.00    0.00    0.00    0.98    0.00
-0.460775   0.806371    0.98    0.00    0.00    0.00    0.00
0.646925    0.728617    0.00    0.98    0.00    0.00    0.00
-0.323562   -0.029026   0.00    0.00    0.00    0.00    0.98
0.137270    0.509776    0.00    0.98    0.00    0.00    0.00
-0.176248   0.847876    0.98    0.00    0.00    0.00    0.00
-0.958420   0.021287    0.00    0.00    0.00    0.00    0.98
0.760702    -0.379849   0.00    0.00    0.00    0.98    0.00
0.760653    0.693598    0.00    0.98    0.00    0.00    0.00
0.228075    0.846802    0.00    0.98    0.00    0.00    0.00
0.353716    0.064404    0.00    0.00    0.00    0.00    0.98
0.030065    0.554217    0.00    0.00    0.00    0.00    0.98
0.173455    -0.429245   0.00    0.00    0.00    0.98    0.00
0.614517    0.447131    0.00    0.98    0.00    0.00    0.00
0.606235    -0.852959   0.00    0.00    0.00    0.98    0.00
0.797791    0.381860    0.00    0.98    0.00    0.00    0.00
0.357648    0.271498    0.00    0.98    0.00    0.00    0.00
-0.783371   0.062876    0.00    0.00    0.00    0.00    0.98
0.826848    -0.344428   0.00    0.00    0.00    0.98    0.00
-0.654641   -0.147294   0.00    0.00    0.98    0.00    0.00
0.924954    0.976032    0.00    0.98    0.00    0.00    0.00
-0.381446   0.902825    0.98    0.00    0.00    0.00    0.00
-0.885786   -0.633396   0.00    0.00    0.98    0.00    0.00
0.212665    -0.461989   0.00    0.00    0.00    0.98    0.00
0.278856    -0.604618   0.00    0.00    0.00    0.98    0.00
-0.498735   -0.473968   0.00    0.00    0.98    0.00    0.00
0.748293    0.720461    0.00    0.98    0.00    0.00    0.00
-0.046277   0.062763    0.00    0.00    0.00    0.00    0.98
0.785549    0.504256    0.00    0.98    0.00    0.00    0.00
-0.545551   0.462180    0.98    0.00    0.00    0.00    0.00
0.931051    0.211275    0.00    0.98    0.00    0.00    0.00
-0.541762   0.266825    0.98    0.00    0.00    0.00    0.00
-0.309647   -0.756545   0.00    0.00    0.98    0.00    0.00
0.191115    -0.828216   0.00    0.00    0.00    0.98    0.00
-0.626243   -0.007876   0.00    0.00    0.00    0.00    0.98
-0.309808   0.409007    0.98    0.00    0.00    0.00    0.00
-0.212389   0.209284    0.98    0.00    0.00    0.00    0.00
-0.956035   -0.771621   0.00    0.00    0.98    0.00    0.00
0.928520    0.592061    0.00    0.98    0.00    0.00    0.00
-0.278682   0.541832    0.98    0.00    0.00    0.00    0.00
0.451939    -0.564446   0.00    0.00    0.00    0.98    0.00
-0.847961   -0.442268   0.00    0.00    0.98    0.00    0.00
0.249040    -0.232057   0.00    0.00    0.00    0.98    0.00
0.138670    -0.417527   0.00    0.00    0.00    0.98    0.00
0.575367    -0.565478   0.00    0.00    0.00    0.98    0.00
0.917055    -0.304779   0.00    0.00    0.00    0.98    0.00
0.056242    -0.027953   0.00    0.00    0.00    0.00    0.98
0.769302    0.612772    0.00    0.98    0.00    0.00    0.00
-0.554303   -0.138943   0.00    0.00    0.98    0.00    0.00
0.497699    -0.865525   0.00    0.00    0.00    0.98    0.00
-0.272606   0.259902    0.98    0.00    0.00    0.00    0.00
-0.072643   -0.437152   0.00    0.00    0.00    0.00    0.98
-0.627276   -0.806607   0.00    0.00    0.98    0.00    0.00
-0.347682   0.836316    0.98    0.00    0.00    0.00    0.00
-0.323634   0.498372    0.98    0.00    0.00    0.00    0.00
0.844567    -0.792762   0.00    0.00    0.00    0.98    0.00
-0.045904   0.303423    0.00    0.00    0.00    0.00    0.98
-0.374166   -0.335872   0.00    0.00    0.98    0.00    0.00
0.505238    0.090696    0.00    0.00    0.00    0.00    0.98
-0.581904   0.766355    0.98    0.00    0.00    0.00    0.00
-0.815697   0.116308    0.98    0.00    0.00    0.00    0.00
-0.748552   0.903474    0.98    0.00    0.00    0.00    0.00
0.277905    0.575004    0.00    0.98    0.00    0.00    0.00
0.024813    -0.163913   0.00    0.00    0.00    0.00    0.98
-0.009860   -0.464999   0.00    0.00    0.00    0.00    0.98
0.168292    -0.707851   0.00    0.00    0.00    0.98    0.00
-0.167638   0.010207    0.00    0.00    0.00    0.00    0.98
0.428174    -0.205691   0.00    0.00    0.00    0.98    0.00
-0.730057   -0.479519   0.00    0.00    0.98    0.00    0.00
0.064034    0.144213    0.00    0.00    0.00    0.00    0.98
0.321179    -0.235498   0.00    0.00    0.00    0.98    0.00
-0.627959   0.096437    0.00    0.00    0.00    0.00    0.98
-0.289060   0.640293    0.98    0.00    0.00    0.00    0.00
-0.931352   -0.493611   0.00    0.00    0.98    0.00    0.00
-0.172896   -0.247665   0.00    0.00    0.98    0.00    0.00
0.495361    0.122455    0.00    0.98    0.00    0.00    0.00
-0.055471   -0.875172   0.00    0.00    0.00    0.00    0.98
-0.442164   0.301332    0.98    0.00    0.00    0.00    0.00
0.199561    -0.671061   0.00    0.00    0.00    0.98    0.00
0.822950    -0.139700   0.00    0.00    0.00    0.98    0.00
0.159316    0.221559    0.00    0.98    0.00    0.00    0.00
-0.685469   -0.168210   0.00    0.00    0.98    0.00    0.00
0.691235    0.081365    0.00    0.00    0.00    0.00    0.98
0.900993    -0.679485   0.00    0.00    0.00    0.98    0.00
0.108414    -0.167794   0.00    0.00    0.00    0.98    0.00
0.057212    0.405643    0.00    0.00    0.00    0.00    0.98
0.528434    -0.369444   0.00    0.00    0.00    0.98    0.00
-0.912655   0.112105    0.98    0.00    0.00    0.00    0.00
0.855798    0.965946    0.00    0.98    0.00    0.00    0.00
0.401613    0.455716    0.00    0.98    0.00    0.00    0.00
0.575309    -0.730660   0.00    0.00    0.00    0.98    0.00
-0.383225   0.140323    0.98    0.00    0.00    0.00    0.00
0.683378    0.189386    0.00    0.98    0.00    0.00    0.00
-0.256031   0.099236    0.00    0.00    0.00    0.00    0.98
0.218201    -0.986609   0.00    0.00    0.00    0.98    0.00
0.203231    0.746634    0.00    0.98    0.00    0.00    0.00
0.958749    0.613616    0.00    0.98    0.00    0.00    0.00
-0.735579   -0.135119   0.00    0.00    0.98    0.00    0.00
0.329787    -0.525756   0.00    0.00    0.00    0.98    0.00
-0.071328   -0.317335   0.00    0.00    0.00    0.00    0.98
-0.995246   0.436430    0.98    0.00    0.00    0.00    0.00
0.327904    -0.409295   0.00    0.00    0.00    0.98    0.00
-0.949682   -0.832882   0.00    0.00    0.98    0.00    0.00
0.222603    0.813773    0.00    0.98    0.00    0.00    0.00
0.132154    -0.676715   0.00    0.00    0.00    0.98    0.00
0.057247    -0.953588   0.00    0.00    0.00    0.00    0.98
0.563292    0.925037    0.00    0.98    0.00    0.00    0.00
-0.748967   0.934143    0.98    0.00    0.00    0.00    0.00
0.198133    -0.347553   0.00    0.00    0.00    0.98    0.00
-0.897648   -0.521842   0.00    0.00    0.98    0.00    0.00
-0.490383   0.830355    0.98    0.00    0.00    0.00    0.00
-0.134760   0.510430    0.98    0.00    0.00    0.00    0.00
-0.752421   0.484314    0.98    0.00    0.00    0.00    0.00
0.213732    0.044944    0.00    0.00    0.00    0.00    0.98
-0.089344   0.547675    0.00    0.00    0.00    0.00    0.98
-0.935218   0.466896    0.98    0.00    0.00    0.00    0.00
-0.269655   0.237734    0.98    0.00    0.00    0.00    0.00
-0.128824   0.053070    0.00    0.00    0.00    0.00    0.98
0.751368    0.072298    0.00    0.00    0.00    0.00    0.98
0.840825    -0.489129   0.00    0.00    0.00    0.98    0.00
0.810551    -0.626511   0.00    0.00    0.00    0.98    0.00
-0.888536   0.868078    0.98    0.00    0.00    0.00    0.00
-0.955904   -0.629864   0.00    0.00    0.98    0.00    0.00
0.805744    -0.040934   0.00    0.00    0.00    0.00    0.98
0.816227    -0.090426   0.00    0.00    0.00    0.00    0.98
-0.852324   -0.510060   0.00    0.00    0.98    0.00    0.00
0.184075    0.176237    0.00    0.98    0.00    0.00    0.00
-0.556768   -0.240313   0.00    0.00    0.98    0.00    0.00
-0.345616   -0.044315   0.00    0.00    0.00    0.00    0.98
-0.632400   -0.591955   0.00    0.00    0.98    0.00    0.00
0.764414    0.341744    0.00    0.98    0.00    0.00    0.00
-0.791872   -0.732355   0.00    0.00    0.98    0.00    0.00
-0.185264   -0.268702   0.00    0.00    0.98    0.00    0.00
0.558742    -0.134972   0.00    0.00    0.00    0.98    0.00
-0.104600   0.724319    0.98    0.00    0.00    0.00    0.00
0.896126    -0.762245   0.00    0.00    0.00    0.98    0.00
0.234838    0.397976    0.00    0.98    0.00    0.00    0.00
0.712576    0.020379    0.00    0.00    0.00    0.00    0.98
-0.749693   -0.022407   0.00    0.00    0.00    0.00    0.98
-0.011382   0.673858    0.00    0.00    0.00    0.00    0.98
0.558159    -0.891295   0.00    0.00    0.00    0.98    0.00
0.215173    -0.583747   0.00    0.00    0.00    0.98    0.00
0.001095    -0.545264   0.00    0.00    0.00    0.00    0.98
-0.588569   -0.830550   0.00    0.00    0.98    0.00    0.00
0.485637    0.378686    0.00    0.98    0.00    0.00    0.00
0.924075    0.953858    0.00    0.98    0.00    0.00    0.00
-0.418214   0.698841    0.98    0.00    0.00    0.00    0.00
0.444073    0.721527    0.00    0.98    0.00    0.00    0.00
-0.304166   -0.672483   0.00    0.00    0.98    0.00    0.00
0.550205    0.424564    0.00    0.98    0.00    0.00    0.00
-0.012859   0.645084    0.00    0.00    0.00    0.00    0.98
0.203463    -0.473882   0.00    0.00    0.00    0.98    0.00
0.165001    0.852813    0.00    0.98    0.00    0.00    0.00
-0.274555   0.829679    0.98    0.00    0.00    0.00    0.00
-0.239686   0.234127    0.98    0.00    0.00    0.00    0.00
0.008554    0.830118    0.00    0.00    0.00    0.00    0.98
0.367007    -0.002970   0.00    0.00    0.00    0.00    0.98
-0.409596   0.049710    0.00    0.00    0.00    0.00    0.98
-0.851471   0.437989    0.98    0.00    0.00    0.00    0.00
-0.447846   -0.686220   0.00    0.00    0.98    0.00    0.00
0.181940    -0.316865   0.00    0.00    0.00    0.98    0.00
0.673313    -0.484257   0.00    0.00    0.00    0.98    0.00
-0.357939   0.780545    0.98    0.00    0.00    0.00    0.00
-0.829859   -0.218604   0.00    0.00    0.98    0.00    0.00
-0.639454   0.376674    0.98    0.00    0.00    0.00    0.00
0.258354    0.517537    0.00    0.98    0.00    0.00    0.00
-0.173020   -0.377073   0.00    0.00    0.98    0.00    0.00
-0.690640   0.023282    0.00    0.00    0.00    0.00    0.98
-0.994418   0.123725    0.98    0.00    0.00    0.00    0.00
-0.862742   -0.837993   0.00    0.00    0.98    0.00    0.00
0.009020    -0.992352   0.00    0.00    0.00    0.00    0.98
0.773192    0.034518    0.00    0.00    0.00    0.00    0.98
0.150533    0.180027    0.00    0.98    0.00    0.00    0.00
0.159493    -0.051135   0.00    0.00    0.00    0.00    0.98
0.970656    -0.757875   0.00    0.00    0.00    0.98    0.00
-0.964805   -0.268397   0.00    0.00    0.98    0.00    0.00
0.276675    0.901456    0.00    0.98    0.00    0.00    0.00
-0.323389   0.071017    0.00    0.00    0.00    0.00    0.98
-0.286838   -0.258300   0.00    0.00    0.98    0.00    0.00
-0.174405   -0.634695   0.00    0.00    0.98    0.00    0.00
-0.127353   -0.665413   0.00    0.00    0.98    0.00    0.00
0.191483    -0.416349   0.00    0.00    0.00    0.98    0.00
0.239936    -0.655200   0.00    0.00    0.00    0.98    0.00
0.187586    -0.064225   0.00    0.00    0.00    0.00    0.98
-0.224275   -0.054383   0.00    0.00    0.00    0.00    0.98
-0.989127   0.494557    0.98    0.00    0.00    0.00    0.00
0.614945    0.593371    0.00    0.98    0.00    0.00    0.00
0.038963    -0.935114   0.00    0.00    0.00    0.00    0.98
-0.900081   -0.692632   0.00    0.00    0.98    0.00    0.00
0.848236    0.659147    0.00    0.98    0.00    0.00    0.00
-0.192230   0.667240    0.98    0.00    0.00    0.00    0.00
-0.338022   -0.739498   0.00    0.00    0.98    0.00    0.00
0.105006    0.986333    0.00    0.98    0.00    0.00    0.00
-0.991363   0.389825    0.98    0.00    0.00    0.00    0.00
-0.591691   -0.068264   0.00    0.00    0.00    0.00    0.98
-0.005182   -0.127821   0.00    0.00    0.00    0.00    0.98
0.961389    -0.031817   0.00    0.00    0.00    0.00    0.98
0.372416    -0.194729   0.00    0.00    0.00    0.98    0.00
-0.284548   0.926847    0.98    0.00    0.00    0.00    0.00
0.882874    -0.304041   0.00    0.00    0.00    0.98    0.00
-0.471912   0.182342    0.98    0.00    0.00    0.00    0.00
0.258016    -0.441676   0.00    0.00    0.00    0.98    0.00
-0.694218   -0.095594   0.00    0.00    0.00    0.00    0.98
0.842574    0.067296    0.00    0.00    0.00    0.00    0.98
0.876994    0.894463    0.00    0.98    0.00    0.00    0.00
-0.496833   -0.635040   0.00    0.00    0.98    0.00    0.00
0.031582    -0.184738   0.00    0.00    0.00    0.00    0.98
0.242488    0.301744    0.00    0.98    0.00    0.00    0.00
-0.048961   -0.105563   0.00    0.00    0.00    0.00    0.98
-0.590636   -0.186732   0.00    0.00    0.98    0.00    0.00
0.289288    -0.051556   0.00    0.00    0.00    0.00    0.98
-0.403356   -0.799675   0.00    0.00    0.98    0.00    0.00
0.908949    -0.896162   0.00    0.00    0.00    0.98    0.00
-0.988468   -0.164008   0.00    0.00    0.98    0.00    0.00
0.329861    -0.751781   0.00    0.00    0.00    0.98    0.00
-0.962356   -0.951442   0.00    0.00    0.98    0.00    0.00
-0.227324   0.720765    0.98    0.00    0.00    0.00    0.00
0.049239    0.846122    0.00    0.00    0.00    0.00    0.98
0.607369    0.041520    0.00    0.00    0.00    0.00    0.98
0.024532    -0.120756   0.00    0.00    0.00    0.00    0.98
-0.797728   0.949030    0.98    0.00    0.00    0.00    0.00
-0.242813   0.426705    0.98    0.00    0.00    0.00    0.00
0.990281    -0.565423   0.00    0.00    0.00    0.98    0.00
-0.855725   0.692630    0.98    0.00    0.00    0.00    0.00
-0.332608   -0.166191   0.00    0.00    0.98    0.00    0.00
-0.987374   -0.199970   0.00    0.00    0.98    0.00    0.00
0.131895    0.417590    0.00    0.98    0.00    0.00    0.00
0.357996    -0.519352   0.00    0.00    0.00    0.98    0.00
-0.362291   0.567973    0.98    0.00    0.00    0.00    0.00
-0.451566   0.589464    0.98    0.00    0.00    0.00    0.00
0.758599    0.285519    0.00    0.98    0.00    0.00    0.00
-0.109996   -0.152776   0.00    0.00    0.98    0.00    0.00
0.285094    0.547319    0.00    0.98    0.00    0.00    0.00
0.412986    -0.890029   0.00    0.00    0.00    0.98    0.00
0.693222    -0.710006   0.00    0.00    0.00    0.98    0.00
0.133896    0.376646    0.00    0.98    0.00    0.00    0.00
-0.053512   -0.278136   0.00    0.00    0.00    0.00    0.98
-0.242591   -0.984593   0.00    0.00    0.98    0.00    0.00
-0.749982   0.974238    0.98    0.00    0.00    0.00    0.00
0.434318    0.692140    0.00    0.98    0.00    0.00    0.00
-0.802716   0.802140    0.98    0.00    0.00    0.00    0.00
0.722700    -0.009388   0.00    0.00    0.00    0.00    0.98
-0.755591   0.427012    0.98    0.00    0.00    0.00    0.00
-0.077254   -0.179427   0.00    0.00    0.00    0.00    0.98
0.142864    0.829591    0.00    0.98    0.00    0.00    0.00
0.987942    0.553903    0.00    0.98    0.00    0.00    0.00
-0.270335   -0.724411   0.00    0.00    0.98    0.00    0.00
0.653298    -0.961741   0.00    0.00    0.00    0.98    0.00
0.715347    -0.624413   0.00    0.00    0.00    0.98    0.00
-0.532205   0.996090    0.98    0.00    0.00    0.00    0.00
-0.150278   0.346798    0.98    0.00    0.00    0.00    0.00
0.705633    -0.891781   0.00    0.00    0.00    0.98    0.00
-0.590944   -0.983078   0.00    0.00    0.98    0.00    0.00
0.731209    -0.777323   0.00    0.00    0.00    0.98    0.00
-0.447881   0.093475    0.00    0.00    0.00    0.00    0.98
0.891722    0.915663    0.00    0.98    0.00    0.00    0.00
-0.944181   -0.318590   0.00    0.00    0.98    0.00    0.00
0.499898    -0.136818   0.00    0.00    0.00    0.98    0.00
-0.885399   -0.003917   0.00    0.00    0.00    0.00    0.98
0.674529    0.275720    0.00    0.98    0.00    0.00    0.00
0.101082    -0.730418   0.00    0.00    0.00    0.98    0.00
-0.977666   -0.184165   0.00    0.00    0.98    0.00    0.00
-0.659718   -0.390216   0.00    0.00    0.98    0.00    0.00
-0.106296   0.696350    0.98    0.00    0.00    0.00    0.00
-0.274805   0.616436    0.98    0.00    0.00    0.00    0.00
-0.707248   0.953131    0.98    0.00    0.00    0.00    0.00
0.105779    0.056949    0.00    0.00    0.00    0.00    0.98
-0.508993   -0.630890   0.00    0.00    0.98    0.00    0.00
-0.452492   -0.448850   0.00    0.00    0.98    0.00    0.00
0.063040    0.334151    0.00    0.00    0.00    0.00    0.98
0.980686    0.192296    0.00    0.98    0.00    0.00    0.00
0.243272    -0.117412   0.00    0.00    0.00    0.98    0.00
-0.666952   0.527527    0.98    0.00    0.00    0.00    0.00
-0.649627   -0.568430   0.00    0.00    0.98    0.00    0.00
0.659728    0.075239    0.00    0.00    0.00    0.00    0.98
-0.057842   -0.687519   0.00    0.00    0.00    0.00    0.98
-0.682888   -0.107220   0.00    0.00    0.98    0.00    0.00
-0.390152   -0.051705   0.00    0.00    0.00    0.00    0.98
-0.919425   0.911128    0.98    0.00    0.00    0.00    0.00
-0.042956   0.829642    0.00    0.00    0.00    0.00    0.98
-0.148940   0.335606    0.98    0.00    0.00    0.00    0.00
-0.186914   -0.613646   0.00    0.00    0.98    0.00    0.00
-0.640400   0.255796    0.98    0.00    0.00    0.00    0.00
0.857633    -0.707012   0.00    0.00    0.00    0.98    0.00
0.145098    0.844251    0.00    0.98    0.00    0.00    0.00
0.709915    -0.422230   0.00    0.00    0.00    0.98    0.00
0.760686    -0.074607   0.00    0.00    0.00    0.00    0.98
-0.326405   -0.114683   0.00    0.00    0.98    0.00    0.00
0.244490    0.121642    0.00    0.98    0.00    0.00    0.00
0.032083    -0.658684   0.00    0.00    0.00    0.00    0.98
-0.758966   -0.749876   0.00    0.00    0.98    0.00    0.00
-0.126410   0.226565    0.98    0.00    0.00    0.00    0.00
-0.176276   0.978597    0.98    0.00    0.00    0.00    0.00
0.361188    0.894543    0.00    0.98    0.00    0.00    0.00
-0.022295   -0.904222   0.00    0.00    0.00    0.00    0.98
0.989205    -0.119531   0.00    0.00    0.00    0.98    0.00
-0.672701   -0.472236   0.00    0.00    0.98    0.00    0.00
0.275525    0.330905    0.00    0.98    0.00    0.00    0.00
-0.406131   -0.586853   0.00    0.00    0.98    0.00    0.00
0.049528    -0.307389   0.00    0.00    0.00    0.00    0.98
-0.606694   0.241121    0.98    0.00    0.00    0.00    0.00
0.296885    0.146879    0.00    0.98    0.00    0.00    0.00
-0.233325   0.861903    0.98    0.00    0.00    0.00    0.00
-0.083846   0.195171    0.00    0.00    0.00    0.00    0.98
-0.910222   -0.239835   0.00    0.00    0.98    0.00    0.00
-0.175219   -0.255556   0.00    0.00    0.98    0.00    0.00
-0.286684   -0.421704   0.00    0.00    0.98    0.00    0.00
0.615073    -0.632652   0.00    0.00    0.00    0.98    0.00
-0.233980   -0.319898   0.00    0.00    0.98    0.00    0.00
0.392309    -0.954152   0.00    0.00    0.00    0.98    0.00
0.756556    0.921658    0.00    0.98    0.00    0.00    0.00
0.895269    -0.518082   0.00    0.00    0.00    0.98    0.00
-0.890942   -0.431079   0.00    0.00    0.98    0.00    0.00
-0.386689   0.980619    0.98    0.00    0.00    0.00    0.00
-0.530194   0.787530    0.98    0.00    0.00    0.00    0.00
0.547896    -0.908453   0.00    0.00    0.00    0.98    0.00
0.149771    -0.520037   0.00    0.00    0.00    0.98    0.00
0.647451    0.115065    0.00    0.98    0.00    0.00    0.00
-0.221081   0.512485    0.98    0.00    0.00    0.00    0.00
0.019813    0.430359    0.00    0.00    0.00    0.00    0.98
0.269786    0.664997    0.00    0.98    0.00    0.00    0.00
0.553153    0.404907    0.00    0.98    0.00    0.00    0.00
0.129778    -0.387059   0.00    0.00    0.00    0.98    0.00
-0.795102   -0.584939   0.00    0.00    0.98    0.00    0.00
0.119205    0.237178    0.00    0.98    0.00    0.00    0.00
0.729984    0.658873    0.00    0.98    0.00    0.00    0.00
-0.082174   0.462593    0.00    0.00    0.00    0.00    0.98
0.748668    -0.867345   0.00    0.00    0.00    0.98    0.00
-0.293099   0.680636    0.98    0.00    0.00    0.00    0.00
0.295885    0.692770    0.00    0.98    0.00    0.00    0.00
-0.851982   -0.004572   0.00    0.00    0.00    0.00    0.98
-0.789480   0.459454    0.98    0.00    0.00    0.00    0.00
-0.426778   -0.479403   0.00    0.00    0.98    0.00    0.00
-0.469027   -0.843903   0.00    0.00    0.98    0.00    0.00
0.525930    -0.584695   0.00    0.00    0.00    0.98    0.00
-0.712919   -0.000067   0.00    0.00    0.00    0.00    0.98
0.412963    0.673621    0.00    0.98    0.00    0.00    0.00
0.908122    0.554945    0.00    0.98    0.00    0.00    0.00
-0.618860   -0.651465   0.00    0.00    0.98    0.00    0.00
0.087773    0.672717    0.00    0.00    0.00    0.00    0.98
-0.088212   -0.734698   0.00    0.00    0.00    0.00    0.98
-0.197207   -0.245518   0.00    0.00    0.98    0.00    0.00
-0.810573   -0.655664   0.00    0.00    0.98    0.00    0.00
0.509537    -0.628650   0.00    0.00    0.00    0.98    0.00
-0.133790   0.267739    0.98    0.00    0.00    0.00    0.00
-0.107946   0.636899    0.98    0.00    0.00    0.00    0.00
0.959266    -0.459012   0.00    0.00    0.00    0.98    0.00
0.094784    0.710144    0.00    0.00    0.00    0.00    0.98
0.521197    -0.014001   0.00    0.00    0.00    0.00    0.98
0.465294    -0.500292   0.00    0.00    0.00    0.98    0.00
0.943583    -0.912635   0.00    0.00    0.00    0.98    0.00
-0.536035   -0.065467   0.00    0.00    0.00    0.00    0.98
-0.669696   0.055502    0.00    0.00    0.00    0.00    0.98
0.100560    0.466144    0.00    0.98    0.00    0.00    0.00
0.464216    0.250712    0.00    0.98    0.00    0.00    0.00
-0.385273   0.677341    0.98    0.00    0.00    0.00    0.00
0.133357    -0.536177   0.00    0.00    0.00    0.98    0.00
-0.918497   0.668309    0.98    0.00    0.00    0.00    0.00
0.471062    -0.632756   0.00    0.00    0.00    0.98    0.00
0.573213    0.377341    0.00    0.98    0.00    0.00    0.00
0.218252    -0.381881   0.00    0.00    0.00    0.98    0.00
0.022502    -0.066052   0.00    0.00    0.00    0.00    0.98
0.267994    0.811955    0.00    0.98    0.00    0.00    0.00
0.853253    -0.661471   0.00    0.00    0.00    0.98    0.00
-0.215270   -0.951672   0.00    0.00    0.98    0.00    0.00
0.363595    -0.315669   0.00    0.00    0.00    0.98    0.00
0.643433    0.615644    0.00    0.98    0.00    0.00    0.00
0.601720    0.824250    0.00    0.98    0.00    0.00    0.00
-0.741227   0.237111    0.98    0.00    0.00    0.00    0.00
0.091857    -0.012819   0.00    0.00    0.00    0.00    0.98
-0.967068   -0.947271   0.00    0.00    0.98    0.00    0.00
0.941565    0.097017    0.00    0.00    0.00    0.00    0.98
0.524437    -0.110199   0.00    0.00    0.00    0.98    0.00
-0.469043   0.850844    0.98    0.00    0.00    0.00    0.00
-0.664496   -0.806461   0.00    0.00    0.98    0.00    0.00
0.313381    0.593308    0.00    0.98    0.00    0.00    0.00
0.616430    0.377349    0.00    0.98    0.00    0.00    0.00
0.396733    -0.973868   0.00    0.00    0.00    0.98    0.00
0.482678    -0.531573   0.00    0.00    0.00    0.98    0.00
0.190392    -0.470640   0.00    0.00    0.00    0.98    0.00
0.309062    0.520628    0.00    0.98    0.00    0.00    0.00
0.377264    0.297853    0.00    0.98    0.00    0.00    0.00
-0.659025   0.348121    0.98    0.00    0.00    0.00    0.00
0.877624    0.655764    0.00    0.98    0.00    0.00    0.00
-0.984938   0.640148    0.98    0.00    0.00    0.00    0.00
0.284128    0.176044    0.00    0.98    0.00    0.00    0.00
0.140427    -0.999124   0.00    0.00    0.00    0.98    0.00
0.007437    -0.030410   0.00    0.00    0.00    0.00    0.98
0.733626    -0.207979   0.00    0.00    0.00    0.98    0.00
0.006146    -0.729129   0.00    0.00    0.00    0.00    0.98
-0.712991   0.015063    0.00    0.00    0.00    0.00    0.98
0.033472    0.901434    0.00    0.00    0.00    0.00    0.98
0.610485    0.046989    0.00    0.00    0.00    0.00    0.98
0.603850    0.648292    0.00    0.98    0.00    0.00    0.00
0.875268    0.769139    0.00    0.98    0.00    0.00    0.00
0.642029    0.751763    0.00    0.98    0.00    0.00    0.00
-0.296238   0.270348    0.98    0.00    0.00    0.00    0.00
-0.792704   -0.555654   0.00    0.00    0.98    0.00    0.00
-0.747855   0.221249    0.98    0.00    0.00    0.00    0.00
0.241759    0.639009    0.00    0.98    0.00    0.00    0.00
-0.030296   0.946779    0.00    0.00    0.00    0.00    0.98
-0.910464   -0.487323   0.00    0.00    0.98    0.00    0.00
-0.161081   0.341265    0.98    0.00    0.00    0.00    0.00
0.224351    0.752991    0.00    0.98    0.00    0.00    0.00
0.491006    0.280675    0.00    0.98    0.00    0.00    0.00
-0.840314   -0.130513   0.00    0.00    0.98    0.00    0.00
0.781748    0.614064    0.00    0.98    0.00    0.00    0.00
0.691936    0.940027    0.00    0.98    0.00    0.00    0.00
-0.796490   0.155233    0.98    0.00    0.00    0.00    0.00
-0.271660   0.477181    0.98    0.00    0.00    0.00    0.00
-0.418515   0.638294    0.98    0.00    0.00    0.00    0.00
-0.212422   0.424476    0.98    0.00    0.00    0.00    0.00
-0.378462   -0.227106   0.00    0.00    0.98    0.00    0.00
0.064883    0.520128    0.00    0.00    0.00    0.00    0.98
0.482257    -0.767985   0.00    0.00    0.00    0.98    0.00
-0.445795   -0.098460   0.00    0.00    0.00    0.00    0.98
-0.188599   0.607956    0.98    0.00    0.00    0.00    0.00
0.828102    0.528572    0.00    0.98    0.00    0.00    0.00
-0.335153   -0.292861   0.00    0.00    0.98    0.00    0.00
-0.825074   -0.921816   0.00    0.00    0.98    0.00    0.00
0.346753    -0.686961   0.00    0.00    0.00    0.98    0.00
-0.023627   -0.770631   0.00    0.00    0.00    0.00    0.98
-0.457455   0.353217    0.98    0.00    0.00    0.00    0.00
0.171672    0.670607    0.00    0.98    0.00    0.00    0.00
-0.824719   -0.762508   0.00    0.00    0.98    0.00    0.00
0.539917    -0.560110   0.00    0.00    0.00    0.98    0.00
0.091479    0.395026    0.00    0.00    0.00    0.00    0.98
0.670301    0.717265    0.00    0.98    0.00    0.00    0.00
-0.566363   -0.269143   0.00    0.00    0.98    0.00    0.00
0.804958    0.238421    0.00    0.98    0.00    0.00    0.00
0.129479    -0.351193   0.00    0.00    0.00    0.98    0.00
0.554091    0.661376    0.00    0.98    0.00    0.00    0.00
0.143679    0.448873    0.00    0.98    0.00    0.00    0.00
-0.280473   -0.590436   0.00    0.00    0.98    0.00    0.00
-0.736261   0.640369    0.98    0.00    0.00    0.00    0.00
-0.782465   -0.318062   0.00    0.00    0.98    0.00    0.00
0.792513    -0.424301   0.00    0.00    0.00    0.98    0.00
0.801547    0.226836    0.00    0.98    0.00    0.00    0.00
-0.332722   -0.355727   0.00    0.00    0.98    0.00    0.00
0.419346    -0.066431   0.00    0.00    0.00    0.00    0.98
-0.121150   0.802665    0.98    0.00    0.00    0.00    0.00
-0.489251   0.677409    0.98    0.00    0.00    0.00    0.00
0.262184    -0.318816   0.00    0.00    0.00    0.98    0.00
0.016949    -0.540145   0.00    0.00    0.00    0.00    0.98
-0.854783   -0.129282   0.00    0.00    0.98    0.00    0.00
-0.841315   0.311223    0.98    0.00    0.00    0.00    0.00
-0.754107   0.518746    0.98    0.00    0.00    0.00    0.00
0.452328    -0.536132   0.00    0.00    0.00    0.98    0.00
0.432378    0.128612    0.00    0.98    0.00    0.00    0.00
0.565232    -0.320197   0.00    0.00    0.00    0.98    0.00
0.159555    -0.498912   0.00    0.00    0.00    0.98    0.00
-0.005221   -0.601500   0.00    0.00    0.00    0.00    0.98
-0.239189   -0.558610   0.00    0.00    0.98    0.00    0.00
-0.873847   0.604606    0.98    0.00    0.00    0.00    0.00
0.341688    -0.132649   0.00    0.00    0.00    0.98    0.00
0.439820    0.332063    0.00    0.98    0.00    0.00    0.00
-0.997159   0.783242    0.98    0.00    0.00    0.00    0.00
-0.673088   0.079779    0.00    0.00    0.00    0.00    0.98
-0.900680   -0.634421   0.00    0.00    0.98    0.00    0.00
0.619060    -0.342048   0.00    0.00    0.00    0.98    0.00
0.059712    0.834042    0.00    0.00    0.00    0.00    0.98
-0.915383   -0.351452   0.00    0.00    0.98    0.00    0.00
-0.452700   -0.335421   0.00    0.00    0.98    0.00    0.00
-0.038345   0.127850    0.00    0.00    0.00    0.00    0.98
-0.363245   -0.974649   0.00    0.00    0.98    0.00    0.00
0.647744    -0.679761   0.00    0.00    0.00    0.98    0.00
-0.082484   -0.634251   0.00    0.00    0.00    0.00    0.98
-0.057925   -0.874905   0.00    0.00    0.00    0.00    0.98
-0.977157   -0.844022   0.00    0.00    0.98    0.00    0.00
0.931426    0.617577    0.00    0.98    0.00    0.00    0.00
0.439618    0.009450    0.00    0.00    0.00    0.00    0.98
-0.000589   -0.842901   0.00    0.00    0.00    0.00    0.98
0.020349    0.541108    0.00    0.00    0.00    0.00    0.98
0.741181    0.680340    0.00    0.98    0.00    0.00    0.00
-0.179482   0.420022    0.98    0.00    0.00    0.00    0.00
0.204187    -0.313839   0.00    0.00    0.00    0.98    0.00
-0.312569   0.865299    0.98    0.00    0.00    0.00    0.00
0.591542    -0.934974   0.00    0.00    0.00    0.98    0.00
0.060599    0.609865    0.00    0.00    0.00    0.00    0.98
0.163693    -0.490363   0.00    0.00    0.00    0.98    0.00
-0.363395   -0.742527   0.00    0.00    0.98    0.00    0.00
0.741233    0.428486    0.00    0.98    0.00    0.00    0.00
-0.022944   0.203029    0.00    0.00    0.00    0.00    0.98
0.978167    -0.214989   0.00    0.00    0.00    0.98    0.00
0.120564    0.686437    0.00    0.98    0.00    0.00    0.00
-0.639749   -0.711190   0.00    0.00    0.98    0.00    0.00
0.409250    0.506740    0.00    0.98    0.00    0.00    0.00
-0.587095   -0.910948   0.00    0.00    0.98    0.00    0.00
0.036554    -0.640758   0.00    0.00    0.00    0.00    0.98
0.230303    -0.381539   0.00    0.00    0.00    0.98    0.00
0.435795    -0.492504   0.00    0.00    0.00    0.98    0.00
-0.234275   0.066927    0.00    0.00    0.00    0.00    0.98
-0.978619   -0.779342   0.00    0.00    0.98    0.00    0.00
-0.164306   0.130335    0.98    0.00    0.00    0.00    0.00
0.780112    -0.412265   0.00    0.00    0.00    0.98    0.00
0.308207    -0.999011   0.00    0.00    0.00    0.98    0.00
-0.368783   -0.926320   0.00    0.00    0.98    0.00    0.00
-0.971509   0.237192    0.98    0.00    0.00    0.00    0.00
-0.641310   -0.986777   0.00    0.00    0.98    0.00    0.00
0.149575    -0.160982   0.00    0.00    0.00    0.98    0.00
-0.896672   -0.945853   0.00    0.00    0.98    0.00    0.00
-0.436914   -0.762106   0.00    0.00    0.98    0.00    0.00
-0.991153   -0.005059   0.00    0.00    0.00    0.00    0.98
0.427721    0.368316    0.00    0.98    0.00    0.00    0.00
0.277935    -0.462779   0.00    0.00    0.00    0.98    0.00
0.883385    -0.811005   0.00    0.00    0.00    0.98    0.00
-0.599819   0.724454    0.98    0.00    0.00    0.00    0.00
0.658565    0.312191    0.00    0.98    0.00    0.00    0.00
-0.063171   -0.160114   0.00    0.00    0.00    0.00    0.98
-0.880876   0.904348    0.98    0.00    0.00    0.00    0.00
-0.615089   0.528605    0.98    0.00    0.00    0.00    0.00
-0.476797   -0.563186   0.00    0.00    0.98    0.00    0.00
-0.927784   -0.841998   0.00    0.00    0.98    0.00    0.00
0.728502    -0.919708   0.00    0.00    0.00    0.98    0.00
0.043638    0.053505    0.00    0.00    0.00    0.00    0.98
0.533931    0.669177    0.00    0.98    0.00    0.00    0.00
0.328992    0.353294    0.00    0.98    0.00    0.00    0.00
-0.176498   -0.144719   0.00    0.00    0.98    0.00    0.00
0.411991    -0.594773   0.00    0.00    0.00    0.98    0.00
-0.360092   -0.897656   0.00    0.00    0.98    0.00    0.00
0.651079    -0.235628   0.00    0.00    0.00    0.98    0.00
-0.099946   -0.004254   0.00    0.00    0.00    0.00    0.98
-0.115067   -0.807125   0.00    0.00    0.98    0.00    0.00
0.081829    0.950711    0.00    0.00    0.00    0.00    0.98
0.798781    -0.640673   0.00    0.00    0.00    0.98    0.00
-0.175011   0.237031    0.98    0.00    0.00    0.00    0.00
0.579762    0.322388    0.00    0.98    0.00    0.00    0.00
0.735536    0.448643    0.00    0.98    0.00    0.00    0.00
-0.565316   0.903124    0.98    0.00    0.00    0.00    0.00
0.224875    0.382645    0.00    0.98    0.00    0.00    0.00
0.098303    0.359979    0.00    0.00    0.00    0.00    0.98
0.927561    -0.039951   0.00    0.00    0.00    0.00    0.98
-0.168192   0.465864    0.98    0.00    0.00    0.00    0.00
0.572915    0.531589    0.00    0.98    0.00    0.00    0.00
-0.097140   0.001335    0.00    0.00    0.00    0.00    0.98
-0.035281   -0.652310   0.00    0.00    0.00    0.00    0.98
0.782813    0.441610    0.00    0.98    0.00    0.00    0.00
-0.783590   0.098191    0.00    0.00    0.00    0.00    0.98
-0.079749   0.428133    0.00    0.00    0.00    0.00    0.98
-0.992786   0.190980    0.98    0.00    0.00    0.00    0.00
-0.188576   0.721455    0.98    0.00    0.00    0.00    0.00
-0.052543   -0.273978   0.00    0.00    0.00    0.00    0.98
0.171246    0.467152    0.00    0.98    0.00    0.00    0.00
0.638107    0.599439    0.00    0.98    0.00    0.00    0.00
-0.146852   0.245386    0.98    0.00    0.00    0.00    0.00
-0.411439   0.478276    0.98    0.00    0.00    0.00    0.00
0.403827    -0.498042   0.00    0.00    0.00    0.98    0.00
-0.777109   -0.376570   0.00    0.00    0.98    0.00    0.00
0.615716    -0.761595   0.00    0.00    0.00    0.98    0.00
-0.608273   0.850110    0.98    0.00    0.00    0.00    0.00
-0.358821   -0.405591   0.00    0.00    0.98    0.00    0.00
-0.852636   0.824944    0.98    0.00    0.00    0.00    0.00
0.683061    -0.620888   0.00    0.00    0.00    0.98    0.00
-0.949831   0.775899    0.98    0.00    0.00    0.00    0.00
0.152641    0.407055    0.00    0.98    0.00    0.00    0.00
-0.672109   0.241123    0.98    0.00    0.00    0.00    0.00
-0.918065   0.485543    0.98    0.00    0.00    0.00    0.00
0.779713    0.641219    0.00    0.98    0.00    0.00    0.00
0.768507    0.754287    0.00    0.98    0.00    0.00    0.00
0.950297    -0.670985   0.00    0.00    0.00    0.98    0.00
0.078493    0.041460    0.00    0.00    0.00    0.00    0.98
-0.432656   0.737108    0.98    0.00    0.00    0.00    0.00
0.564001    0.609215    0.00    0.98    0.00    0.00    0.00
-0.873664   -0.733655   0.00    0.00    0.98    0.00    0.00
-0.683829   0.522927    0.98    0.00    0.00    0.00    0.00
0.822932    -0.939182   0.00    0.00    0.00    0.98    0.00
0.236890    -0.433449   0.00    0.00    0.00    0.98    0.00
0.758887    -0.996648   0.00    0.00    0.00    0.98    0.00
-0.337088   -0.989966   0.00    0.00    0.98    0.00    0.00
0.701102    -0.541609   0.00    0.00    0.00    0.98    0.00
0.362494    -0.094693   0.00    0.00    0.00    0.00    0.98
-0.874466   -0.126357   0.00    0.00    0.98    0.00    0.00
0.836779    -0.612120   0.00    0.00    0.00    0.98    0.00
-0.803914   -0.774398   0.00    0.00    0.98    0.00    0.00
-0.636298   0.876548    0.98    0.00    0.00    0.00    0.00
0.421890    -0.980379   0.00    0.00    0.00    0.98    0.00
-0.966278   -0.643144   0.00    0.00    0.98    0.00    0.00
0.959599    -0.750118   0.00    0.00    0.00    0.98    0.00
-0.936128   0.629795    0.98    0.00    0.00    0.00    0.00
-0.376535   0.844802    0.98    0.00    0.00    0.00    0.00
0.023900    -0.555053   0.00    0.00    0.00    0.00    0.98
0.844815    -0.152228   0.00    0.00    0.00    0.98    0.00
-0.619598   0.513459    0.98    0.00    0.00    0.00    0.00
-0.275671   -0.910178   0.00    0.00    0.98    0.00    0.00
0.513287    0.184877    0.00    0.98    0.00    0.00    0.00
0.526728    -0.765218   0.00    0.00    0.00    0.98    0.00
-0.920222   -0.021376   0.00    0.00    0.00    0.00    0.98
0.286520    0.067255    0.00    0.00    0.00    0.00    0.98
-0.095854   0.740686    0.00    0.00    0.00    0.00    0.98
0.536391    0.068614    0.00    0.00    0.00    0.00    0.98
0.688466    0.497266    0.00    0.98    0.00    0.00    0.00
-0.149178   -0.314858   0.00    0.00    0.98    0.00    0.00
-0.878810   0.172970    0.98    0.00    0.00    0.00    0.00
0.762806    -0.172307   0.00    0.00    0.00    0.98    0.00
-0.827018   0.096324    0.00    0.00    0.00    0.00    0.98
-0.796113   0.188047    0.98    0.00    0.00    0.00    0.00
0.998355    -0.186951   0.00    0.00    0.00    0.98    0.00
-0.455430   0.342549    0.98    0.00    0.00    0.00    0.00
0.835906    -0.905640   0.00    0.00    0.00    0.98    0.00
-0.971537   0.923250    0.98    0.00    0.00    0.00    0.00
-0.972945   -0.628851   0.00    0.00    0.98    0.00    0.00
0.136153    0.201661    0.00    0.98    0.00    0.00    0.00
0.734431    0.368260    0.00    0.98    0.00    0.00    0.00
0.692575    0.813785    0.00    0.98    0.00    0.00    0.00
-0.239167   -0.349638   0.00    0.00    0.98    0.00    0.00
0.072586    -0.488150   0.00    0.00    0.00    0.00    0.98
-0.448186   0.133307    0.98    0.00    0.00    0.00    0.00
0.919649    -0.840594   0.00    0.00    0.00    0.98    0.00
-0.051266   0.441019    0.00    0.00    0.00    0.00    0.98
0.181444    0.485334    0.00    0.98    0.00    0.00    0.00
-0.263094   -0.396609   0.00    0.00    0.98    0.00    0.00
-0.560771   0.942958    0.98    0.00    0.00    0.00    0.00
0.263381    0.162005    0.00    0.98    0.00    0.00    0.00
0.343077    0.580497    0.00    0.98    0.00    0.00    0.00
-0.428615   -0.392447   0.00    0.00    0.98    0.00    0.00
0.078764    0.667205    0.00    0.00    0.00    0.00    0.98
0.104623    0.733371    0.00    0.98    0.00    0.00    0.00
0.329310    0.451390    0.00    0.98    0.00    0.00    0.00
0.983197    -0.739287   0.00    0.00    0.00    0.98    0.00
-0.183323   -0.794229   0.00    0.00    0.98    0.00    0.00
0.676164    0.145175    0.00    0.98    0.00    0.00    0.00
-0.195418   0.228558    0.98    0.00    0.00    0.00    0.00
0.886930    -0.022334   0.00    0.00    0.00    0.00    0.98
0.912733    -0.118676   0.00    0.00    0.00    0.98    0.00
0.078739    -0.159814   0.00    0.00    0.00    0.00    0.98
-0.653215   -0.037625   0.00    0.00    0.00    0.00    0.98
0.929952    0.472362    0.00    0.98    0.00    0.00    0.00
-0.431531   0.571571    0.98    0.00    0.00    0.00    0.00
-0.555887   0.730650    0.98    0.00    0.00    0.00    0.00
0.547098    0.269456    0.00    0.98    0.00    0.00    0.00
0.874593    0.618499    0.00    0.98    0.00    0.00    0.00
0.730689    0.747026    0.00    0.98    0.00    0.00    0.00
-0.636542   -0.571028   0.00    0.00    0.98    0.00    0.00
-0.486574   0.908063    0.98    0.00    0.00    0.00    0.00
-0.227834   -0.261356   0.00    0.00    0.98    0.00    0.00
0.967903    0.786456    0.00    0.98    0.00    0.00    0.00
-0.674150   -0.131952   0.00    0.00    0.98    0.00    0.00
-0.143574   0.240805    0.98    0.00    0.00    0.00    0.00
0.008518    0.479166    0.00    0.00    0.00    0.00    0.98
0.652389    0.234978    0.00    0.98    0.00    0.00    0.00
0.412617    -0.866155   0.00    0.00    0.00    0.98    0.00
0.258460    0.314441    0.00    0.98    0.00    0.00    0.00
0.237795    0.238340    0.00    0.98    0.00    0.00    0.00
-0.715683   0.953007    0.98    0.00    0.00    0.00    0.00
-0.931937   0.255612    0.98    0.00    0.00    0.00    0.00
0.272003    0.902572    0.00    0.98    0.00    0.00    0.00
-0.037203   -0.367464   0.00    0.00    0.00    0.00    0.98
-0.533721   0.317282    0.98    0.00    0.00    0.00    0.00
0.384789    -0.704143   0.00    0.00    0.00    0.98    0.00
-0.372305   -0.671302   0.00    0.00    0.98    0.00    0.00
-0.950084   0.561680    0.98    0.00    0.00    0.00    0.00
-0.580686   0.143552    0.98    0.00    0.00    0.00    0.00
0.262339    0.727934    0.00    0.98    0.00    0.00    0.00
0.521179    -0.263595   0.00    0.00    0.00    0.98    0.00
0.333157    0.487627    0.00    0.98    0.00    0.00    0.00
-0.780347   -0.404130   0.00    0.00    0.98    0.00    0.00
0.623000    0.540621    0.00    0.98    0.00    0.00    0.00
-0.770921   -0.263360   0.00    0.00    0.98    0.00    0.00
0.044581    -0.318854   0.00    0.00    0.00    0.00    0.98
-0.116073   -0.969944   0.00    0.00    0.98    0.00    0.00
0.278839    -0.253418   0.00    0.00    0.00    0.98    0.00
-0.696104   -0.710628   0.00    0.00    0.98    0.00    0.00
-0.998324   0.721686    0.98    0.00    0.00    0.00    0.00
-0.432323   -0.828891   0.00    0.00    0.98    0.00    0.00
0.183602    -0.581220   0.00    0.00    0.00    0.98    0.00
-0.485830   -0.424782   0.00    0.00    0.98    0.00    0.00
-0.577521   0.618912    0.98    0.00    0.00    0.00    0.00
-0.866454   -0.347634   0.00    0.00    0.98    0.00    0.00
0.557085    -0.777466   0.00    0.00    0.00    0.98    0.00
0.269808    -0.174546   0.00    0.00    0.00    0.98    0.00
-0.297026   -0.649854   0.00    0.00    0.98    0.00    0.00
-0.730059   0.877924    0.98    0.00    0.00    0.00    0.00
0.805971    0.886432    0.00    0.98    0.00    0.00    0.00
0.017117    0.749814    0.00    0.00    0.00    0.00    0.98
0.451549    -0.140574   0.00    0.00    0.00    0.98    0.00
-0.889538   0.451275    0.98    0.00    0.00    0.00    0.00
-0.944066   0.468792    0.98    0.00    0.00    0.00    0.00
0.619209    0.257071    0.00    0.98    0.00    0.00    0.00
0.390839    -0.177791   0.00    0.00    0.00    0.98    0.00
0.215981    -0.870476   0.00    0.00    0.00    0.98    0.00
-0.201324   0.929947    0.98    0.00    0.00    0.00    0.00
-0.112361   0.189695    0.98    0.00    0.00    0.00    0.00
0.356067    -0.394429   0.00    0.00    0.00    0.98    0.00
0.846693    -0.854602   0.00    0.00    0.00    0.98    0.00
0.471874    0.462083    0.00    0.98    0.00    0.00    0.00
0.733816    -0.097111   0.00    0.00    0.00    0.00    0.98
-0.325989   0.344056    0.98    0.00    0.00    0.00    0.00
0.761600    -0.518348   0.00    0.00    0.00    0.98    0.00
0.306900    0.107593    0.00    0.98    0.00    0.00    0.00
0.512826    -0.242900   0.00    0.00    0.00    0.98    0.00
-0.421984   -0.176798   0.00    0.00    0.98    0.00    0.00
0.404345    0.617914    0.00    0.98    0.00    0.00    0.00
0.516598    0.472443    0.00    0.98    0.00    0.00    0.00
-0.559584   0.914044    0.98    0.00    0.00    0.00    0.00
-0.216224   -0.771747   0.00    0.00    0.98    0.00    0.00
-0.441474   0.406940    0.98    0.00    0.00    0.00    0.00
-0.480861   -0.153296   0.00    0.00    0.98    0.00    0.00
-0.248980   0.146423    0.98    0.00    0.00    0.00    0.00
-0.456961   -0.667122   0.00    0.00    0.98    0.00    0.00
-0.590387   0.087863    0.00    0.00    0.00    0.00    0.98
0.630265    0.874661    0.00    0.98    0.00    0.00    0.00
0.431470    0.849274    0.00    0.98    0.00    0.00    0.00
0.603605    0.327136    0.00    0.98    0.00    0.00    0.00
0.107088    -0.264998   0.00    0.00    0.00    0.98    0.00
-0.568811   -0.193647   0.00    0.00    0.98    0.00    0.00
0.986618    0.753964    0.00    0.98    0.00    0.00    0.00
0.754638    0.342459    0.00    0.98    0.00    0.00    0.00
0.226677    -0.318277   0.00    0.00    0.00    0.98    0.00
-0.453381   -0.971549   0.00    0.00    0.98    0.00    0.00
-0.357832   -0.934673   0.00    0.00    0.98    0.00    0.00
0.321106    -0.908171   0.00    0.00    0.00    0.98    0.00
0.897804    0.065834    0.00    0.00    0.00    0.00    0.98
0.978007    0.705647    0.00    0.98    0.00    0.00    0.00
-0.641079   0.596560    0.98    0.00    0.00    0.00    0.00
-0.041473   0.971439    0.00    0.00    0.00    0.00    0.98
-0.200393   0.171282    0.98    0.00    0.00    0.00    0.00
-0.035611   -0.873236   0.00    0.00    0.00    0.00    0.98
0.679795    0.492341    0.00    0.98    0.00    0.00    0.00
-0.329311   -0.429400   0.00    0.00    0.98    0.00    0.00
0.381373    -0.096308   0.00    0.00    0.00    0.00    0.98
0.943561    -0.584962   0.00    0.00    0.00    0.98    0.00
0.767261    -0.263929   0.00    0.00    0.00    0.98    0.00
0.317984    0.252407    0.00    0.98    0.00    0.00    0.00
0.486739    0.892821    0.00    0.98    0.00    0.00    0.00
-0.904971   0.712481    0.98    0.00    0.00    0.00    0.00
0.380103    -0.650798   0.00    0.00    0.00    0.98    0.00
-0.272397   0.296475    0.98    0.00    0.00    0.00    0.00
-0.671970   -0.072105   0.00    0.00    0.00    0.00    0.98
-0.008774   0.745300    0.00    0.00    0.00    0.00    0.98
0.516767    0.658941    0.00    0.98    0.00    0.00    0.00
0.864957    -0.242567   0.00    0.00    0.00    0.98    0.00
-0.035760   0.590109    0.00    0.00    0.00    0.00    0.98
-0.467510   0.542988    0.98    0.00    0.00    0.00    0.00
-0.297917   0.474161    0.98    0.00    0.00    0.00    0.00
-0.927127   -0.990453   0.00    0.00    0.98    0.00    0.00
-0.525171   -0.377223   0.00    0.00    0.98    0.00    0.00
-0.088145   0.029155    0.00    0.00    0.00    0.00    0.98
0.168681    -0.076826   0.00    0.00    0.00    0.00    0.98
-0.022516   0.926349    0.00    0.00    0.00    0.00    0.98
-0.770322   0.393119    0.98    0.00    0.00    0.00    0.00
0.447766    0.038270    0.00    0.00    0.00    0.00    0.98
-0.436292   -0.694181   0.00    0.00    0.98    0.00    0.00
0.901289    0.302997    0.00    0.98    0.00    0.00    0.00
-0.975607   0.991117    0.98    0.00    0.00    0.00    0.00
0.133175    0.436325    0.00    0.98    0.00    0.00    0.00
0.641142    -0.064009   0.00    0.00    0.00    0.00    0.98
0.746081    -0.043473   0.00    0.00    0.00    0.00    0.98
-0.130746   -0.339530   0.00    0.00    0.98    0.00    0.00
0.754638    0.103174    0.00    0.98    0.00    0.00    0.00
-0.645528   0.390909    0.98    0.00    0.00    0.00    0.00
0.616857    -0.276865   0.00    0.00    0.00    0.98    0.00
-0.605666   0.852413    0.98    0.00    0.00    0.00    0.00
-0.728804   0.957752    0.98    0.00    0.00    0.00    0.00
0.762779    -0.099255   0.00    0.00    0.00    0.00    0.98
0.148474    -0.022452   0.00    0.00    0.00    0.00    0.98
-0.746551   0.042086    0.00    0.00    0.00    0.00    0.98
-0.706638   0.293395    0.98    0.00    0.00    0.00    0.00
-0.159721   0.799191    0.98    0.00    0.00    0.00    0.00
-0.844794   -0.752306   0.00    0.00    0.98    0.00    0.00
0.209280    -0.848835   0.00    0.00    0.00    0.98    0.00
0.922405    0.792483    0.00    0.98    0.00    0.00    0.00
-0.528453   0.513093    0.98    0.00    0.00    0.00    0.00
-0.384543   -0.245621   0.00    0.00    0.98    0.00    0.00
0.091140    0.216951    0.00    0.00    0.00    0.00    0.98
0.836081    0.066988    0.00    0.00    0.00    0.00    0.98
-0.011676   0.423197    0.00    0.00    0.00    0.00    0.98
-0.631897   -0.621999   0.00    0.00    0.98    0.00    0.00
0.248662    0.453437    0.00    0.98    0.00    0.00    0.00
-0.337510   -0.885358   0.00    0.00    0.98    0.00    0.00
0.131473    0.416384    0.00    0.98    0.00    0.00    0.00
0.675944    0.435922    0.00    0.98    0.00    0.00    0.00
0.263265    0.009504    0.00    0.00    0.00    0.00    0.98
0.526292    -0.972643   0.00    0.00    0.00    0.98    0.00
-0.478853   0.377668    0.98    0.00    0.00    0.00    0.00
0.264133    0.191881    0.00    0.98    0.00    0.00    0.00
-0.917224   -0.438837   0.00    0.00    0.98    0.00    0.00
-0.543618   0.343156    0.98    0.00    0.00    0.00    0.00
-0.558492   0.544826    0.98    0.00    0.00    0.00    0.00
-0.162219   0.919246    0.98    0.00    0.00    0.00    0.00
-0.122301   -0.333377   0.00    0.00    0.98    0.00    0.00
-0.239137   0.250002    0.98    0.00    0.00    0.00    0.00
-0.925794   0.436411    0.98    0.00    0.00    0.00    0.00
-0.790069   0.979743    0.98    0.00    0.00    0.00    0.00
-0.562605   0.975207    0.98    0.00    0.00    0.00    0.00
-0.469343   0.270976    0.98    0.00    0.00    0.00    0.00
-0.712375   0.536649    0.98    0.00    0.00    0.00    0.00
-0.838451   0.726581    0.98    0.00    0.00    0.00    0.00
-0.579609   0.716978    0.98    0.00    0.00    0.00    0.00
0.552791    0.614695    0.00    0.98    0.00    0.00    0.00
-0.241611   -0.456918   0.00    0.00    0.98    0.00    0.00
-0.389533   0.694795    0.98    0.00    0.00    0.00    0.00
-0.527567   -0.541161   0.00    0.00    0.98    0.00    0.00
0.237332    -0.124382   0.00    0.00    0.00    0.98    0.00
-0.179148   -0.550794   0.00    0.00    0.98    0.00    0.00
-0.607099   -0.625287   0.00    0.00    0.98    0.00    0.00
-0.259948   0.740028    0.98    0.00    0.00    0.00    0.00
0.486739    0.033486    0.00    0.00    0.00    0.00    0.98
0.799084    0.439170    0.00    0.98    0.00    0.00    0.00
0.861684    0.208968    0.00    0.98    0.00    0.00    0.00
0.654799    0.061553    0.00    0.00    0.00    0.00    0.98
0.348539    -0.697576   0.00    0.00    0.00    0.98    0.00
0.378452    -0.912691   0.00    0.00    0.00    0.98    0.00
-0.481794   -0.066760   0.00    0.00    0.00    0.00    0.98
0.201837    -0.084952   0.00    0.00    0.00    0.00    0.98
0.297355    -0.859759   0.00    0.00    0.00    0.98    0.00
-0.507964   -0.193856   0.00    0.00    0.98    0.00    0.00
0.801841    -0.959196   0.00    0.00    0.00    0.98    0.00
0.199362    -0.842211   0.00    0.00    0.00    0.98    0.00
0.304177    -0.563768   0.00    0.00    0.00    0.98    0.00
-0.673569   0.971371    0.98    0.00    0.00    0.00    0.00
-0.099029   -0.949829   0.00    0.00    0.00    0.00    0.98
0.479022    0.686640    0.00    0.98    0.00    0.00    0.00
0.498846    -0.270950   0.00    0.00    0.00    0.98    0.00
-0.413232   -0.185759   0.00    0.00    0.98    0.00    0.00
-0.513641   0.850176    0.98    0.00    0.00    0.00    0.00
-0.539939   -0.016036   0.00    0.00    0.00    0.00    0.98
-0.231953   -0.235695   0.00    0.00    0.98    0.00    0.00
0.896607    -0.358325   0.00    0.00    0.00    0.98    0.00
-0.967950   0.003729    0.00    0.00    0.00    0.00    0.98
-0.201624   -0.827062   0.00    0.00    0.98    0.00    0.00
0.198620    -0.993256   0.00    0.00    0.00    0.98    0.00
-0.757512   0.511827    0.98    0.00    0.00    0.00    0.00
0.622976    -0.565480   0.00    0.00    0.00    0.98    0.00
0.456257    -0.703984   0.00    0.00    0.00    0.98    0.00
0.216979    0.870050    0.00    0.98    0.00    0.00    0.00
0.000795    0.767211    0.00    0.00    0.00    0.00    0.98
-0.383962   0.638044    0.98    0.00    0.00    0.00    0.00
0.182103    -0.365290   0.00    0.00    0.00    0.98    0.00
0.522984    -0.314968   0.00    0.00    0.00    0.98    0.00
-0.839332   0.943760    0.98    0.00    0.00    0.00    0.00
-0.403464   0.523632    0.98    0.00    0.00    0.00    0.00
-0.206206   -0.771322   0.00    0.00    0.98    0.00    0.00
-0.506872   0.675841    0.98    0.00    0.00    0.00    0.00
0.744274    -0.197091   0.00    0.00    0.00    0.98    0.00
0.449450    0.453363    0.00    0.98    0.00    0.00    0.00
-0.247552   0.429395    0.98    0.00    0.00    0.00    0.00
-0.204515   0.732391    0.98    0.00    0.00    0.00    0.00
0.547308    -0.075324   0.00    0.00    0.00    0.00    0.98
0.523360    -0.414283   0.00    0.00    0.00    0.98    0.00
-0.476878   -0.420154   0.00    0.00    0.98    0.00    0.00
0.246731    0.643676    0.00    0.98    0.00    0.00    0.00
0.600902    0.223948    0.00    0.98    0.00    0.00    0.00
0.354006    -0.133414   0.00    0.00    0.00    0.98    0.00
0.954059    -0.551738   0.00    0.00    0.00    0.98    0.00
0.041068    -0.315545   0.00    0.00    0.00    0.00    0.98
-0.991261   0.117529    0.98    0.00    0.00    0.00    0.00
0.925167    -0.522188   0.00    0.00    0.00    0.98    0.00
0.884486    0.562089    0.00    0.98    0.00    0.00    0.00
0.884248    -0.574450   0.00    0.00    0.00    0.98    0.00
-0.793372   -0.021542   0.00    0.00    0.00    0.00    0.98
-0.909418   -0.686054   0.00    0.00    0.98    0.00    0.00
-0.591537   0.230604    0.98    0.00    0.00    0.00    0.00
0.946577    -0.275794   0.00    0.00    0.00    0.98    0.00
0.145476    -0.642669   0.00    0.00    0.00    0.98    0.00
-0.081464   -0.320790   0.00    0.00    0.00    0.00    0.98
-0.864926   0.595606    0.98    0.00    0.00    0.00    0.00
0.065230    -0.704500   0.00    0.00    0.00    0.00    0.98
0.243429    0.528999    0.00    0.98    0.00    0.00    0.00
-0.442740   0.545716    0.98    0.00    0.00    0.00    0.00
0.240902    0.050276    0.00    0.00    0.00    0.00    0.98
-0.066804   0.948833    0.00    0.00    0.00    0.00    0.98
0.320469    0.703216    0.00    0.98    0.00    0.00    0.00
-0.199897   0.047075    0.00    0.00    0.00    0.00    0.98
0.906897    0.672341    0.00    0.98    0.00    0.00    0.00
0.880370    -0.359736   0.00    0.00    0.00    0.98    0.00
0.222899    -0.476663   0.00    0.00    0.00    0.98    0.00
-0.803289   -0.642395   0.00    0.00    0.98    0.00    0.00
0.125030    0.876994    0.00    0.98    0.00    0.00    0.00
-0.160598   0.091731    0.00    0.00    0.00    0.00    0.98
0.423295    0.081271    0.00    0.00    0.00    0.00    0.98
0.315648    -0.788114   0.00    0.00    0.00    0.98    0.00
-0.342787   -0.820637   0.00    0.00    0.98    0.00    0.00
0.586630    0.023998    0.00    0.00    0.00    0.00    0.98
0.979000    0.074694    0.00    0.00    0.00    0.00    0.98
-0.240286   0.626013    0.98    0.00    0.00    0.00    0.00
-0.594853   0.899436    0.98    0.00    0.00    0.00    0.00
0.207635    0.299234    0.00    0.98    0.00    0.00    0.00
-0.647040   -0.946652   0.00    0.00    0.98    0.00    0.00
0.113805    0.721299    0.00    0.98    0.00    0.00    0.00
-0.793981   0.677208    0.98    0.00    0.00    0.00    0.00
-0.734079   -0.700043   0.00    0.00    0.98    0.00    0.00
-0.526636   0.033142    0.00    0.00    0.00    0.00    0.98
0.253180    -0.503611   0.00    0.00    0.00    0.98    0.00
0.578488    -0.687126   0.00    0.00    0.00    0.98    0.00
-0.853905   0.182469    0.98    0.00    0.00    0.00    0.00
-0.847994   -0.068943   0.00    0.00    0.00    0.00    0.98
0.729881    -0.149887   0.00    0.00    0.00    0.98    0.00
-0.803322   -0.817045   0.00    0.00    0.98    0.00    0.00
0.514811    0.725624    0.00    0.98    0.00    0.00    0.00
-0.865296   -0.646367   0.00    0.00    0.98    0.00    0.00
0.941653    -0.052590   0.00    0.00    0.00    0.00    0.98
0.772929    -0.455674   0.00    0.00    0.00    0.98    0.00
0.750698    0.786207    0.00    0.98    0.00    0.00    0.00
0.766096    0.924645    0.00    0.98    0.00    0.00    0.00
0.317262    -0.611985   0.00    0.00    0.00    0.98    0.00
0.007365    -0.046271   0.00    0.00    0.00    0.00    0.98
0.907844    -0.330437   0.00    0.00    0.00    0.98    0.00
-0.730433   -0.068273   0.00    0.00    0.00    0.00    0.98
0.041938    -0.335469   0.00    0.00    0.00    0.00    0.98
0.784028    -0.458451   0.00    0.00    0.00    0.98    0.00
0.532119    0.370872    0.00    0.98    0.00    0.00    0.00
-0.822394   -0.874741   0.00    0.00    0.98    0.00    0.00
0.004114    0.949150    0.00    0.00    0.00    0.00    0.98
0.308942    -0.813902   0.00    0.00    0.00    0.98    0.00
-0.510375   0.691801    0.98    0.00    0.00    0.00    0.00
-0.420850   -0.287841   0.00    0.00    0.98    0.00    0.00
0.668502    -0.491096   0.00    0.00    0.00    0.98    0.00
0.449924    0.651121    0.00    0.98    0.00    0.00    0.00
-0.915988   0.907528    0.98    0.00    0.00    0.00    0.00
0.861696    0.027729    0.00    0.00    0.00    0.00    0.98
-0.449925   0.576013    0.98    0.00    0.00    0.00    0.00
-0.729848   0.915675    0.98    0.00    0.00    0.00    0.00
-0.216303   0.062496    0.00    0.00    0.00    0.00    0.98
0.147770    0.596401    0.00    0.98    0.00    0.00    0.00
0.844548    -0.529932   0.00    0.00    0.00    0.98    0.00
0.568346    0.199983    0.00    0.98    0.00    0.00    0.00
0.150911    0.316009    0.00    0.98    0.00    0.00    0.00
-0.801933   -0.403414   0.00    0.00    0.98    0.00    0.00
-0.228602   -0.458440   0.00    0.00    0.98    0.00    0.00
0.796921    0.890204    0.00    0.98    0.00    0.00    0.00
0.331731    -0.350734   0.00    0.00    0.00    0.98    0.00
0.911471    0.888936    0.00    0.98    0.00    0.00    0.00
0.723937    0.368843    0.00    0.98    0.00    0.00    0.00
-0.215954   -0.317899   0.00    0.00    0.98    0.00    0.00
0.432081    0.352674    0.00    0.98    0.00    0.00    0.00
-0.872749   -0.537336   0.00    0.00    0.98    0.00    0.00
0.350536    0.236028    0.00    0.98    0.00    0.00    0.00
-0.466700   0.384587    0.98    0.00    0.00    0.00    0.00
-0.464754   -0.378229   0.00    0.00    0.98    0.00    0.00
-0.001708   -0.932174   0.00    0.00    0.00    0.00    0.98
0.392585    0.185462    0.00    0.98    0.00    0.00    0.00
0.392607    -0.100721   0.00    0.00    0.00    0.98    0.00
-0.540557   -0.386205   0.00    0.00    0.98    0.00    0.00
-0.583938   -0.216441   0.00    0.00    0.98    0.00    0.00
-0.378121   -0.875134   0.00    0.00    0.98    0.00    0.00
-0.325654   -0.221236   0.00    0.00    0.98    0.00    0.00
0.796086    -0.139935   0.00    0.00    0.00    0.98    0.00
0.149260    0.195031    0.00    0.98    0.00    0.00    0.00
0.788972    0.123160    0.00    0.98    0.00    0.00    0.00
0.869360    0.386683    0.00    0.98    0.00    0.00    0.00
0.368030    0.378132    0.00    0.98    0.00    0.00    0.00
-0.876409   0.155687    0.98    0.00    0.00    0.00    0.00
-0.019833   -0.494214   0.00    0.00    0.00    0.00    0.98
-0.552246   0.970932    0.98    0.00    0.00    0.00    0.00
-0.774251   0.502824    0.98    0.00    0.00    0.00    0.00
-0.292219   -0.742604   0.00    0.00    0.98    0.00    0.00
-0.206943   -0.880340   0.00    0.00    0.98    0.00    0.00
0.438557    0.379001    0.00    0.98    0.00    0.00    0.00
0.790520    0.967387    0.00    0.98    0.00    0.00    0.00
-0.120323   0.023087    0.00    0.00    0.00    0.00    0.98
-0.454136   -0.463521   0.00    0.00    0.98    0.00    0.00
0.954293    0.073887    0.00    0.00    0.00    0.00    0.98
-0.060007   -0.656261   0.00    0.00    0.00    0.00    0.98
-0.534718   0.818299    0.98    0.00    0.00    0.00    0.00
-0.859902   -0.612255   0.00    0.00    0.98    0.00    0.00
-0.665262   -0.597246   0.00    0.00    0.98    0.00    0.00
0.449129    -0.062606   0.00    0.00    0.00    0.00    0.98
0.751239    0.343164    0.00    0.98    0.00    0.00    0.00
0.215939    0.197004    0.00    0.98    0.00    0.00    0.00
0.218339    0.149922    0.00    0.98    0.00    0.00    0.00
0.615753    -0.965915   0.00    0.00    0.00    0.98    0.00
0.231437    0.317176    0.00    0.98    0.00    0.00    0.00
-0.350634   0.545584    0.98    0.00    0.00    0.00    0.00
0.725413    -0.394051   0.00    0.00    0.00    0.98    0.00
-0.667639   -0.115190   0.00    0.00    0.98    0.00    0.00
0.153055    -0.676988   0.00    0.00    0.00    0.98    0.00
-0.094989   0.309563    0.00    0.00    0.00    0.00    0.98
0.706961    -0.207127   0.00    0.00    0.00    0.98    0.00
-0.593168   -0.019001   0.00    0.00    0.00    0.00    0.98
0.676204    0.418390    0.00    0.98    0.00    0.00    0.00
0.400038    0.040210    0.00    0.00    0.00    0.00    0.98
-0.763621   -0.607228   0.00    0.00    0.98    0.00    0.00
0.629860    -0.268349   0.00    0.00    0.00    0.98    0.00
-0.778867   -0.517369   0.00    0.00    0.98    0.00    0.00
0.224131    0.913759    0.00    0.98    0.00    0.00    0.00
0.989443    0.794173    0.00    0.98    0.00    0.00    0.00
0.247097    -0.079206   0.00    0.00    0.00    0.00    0.98
-0.741010   -0.386241   0.00    0.00    0.98    0.00    0.00
-0.937429   -0.581495   0.00    0.00    0.98    0.00    0.00
-0.288586   0.133393    0.98    0.00    0.00    0.00    0.00
-0.272000   -0.815612   0.00    0.00    0.98    0.00    0.00
0.597833    -0.342771   0.00    0.00    0.00    0.98    0.00
-0.363652   -0.866563   0.00    0.00    0.98    0.00    0.00
0.190109    -0.915182   0.00    0.00    0.00    0.98    0.00
0.755478    -0.447514   0.00    0.00    0.00    0.98    0.00
0.593258    -0.059399   0.00    0.00    0.00    0.00    0.98
0.247952    0.942469    0.00    0.98    0.00    0.00    0.00
-0.084788   -0.649981   0.00    0.00    0.00    0.00    0.98
0.798475    -0.047445   0.00    0.00    0.00    0.00    0.98
-0.486651   0.734674    0.98    0.00    0.00    0.00    0.00
0.841997    0.262291    0.00    0.98    0.00    0.00    0.00
0.887441    -0.915549   0.00    0.00    0.00    0.98    0.00
0.332158    0.782836    0.00    0.98    0.00    0.00    0.00
0.696223    0.141340    0.00    0.98    0.00    0.00    0.00
0.246950    0.064732    0.00    0.00    0.00    0.00    0.98
0.928513    -0.700551   0.00    0.00    0.00    0.98    0.00
0.959576    -0.078401   0.00    0.00    0.00    0.00    0.98
-0.583863   -0.879401   0.00    0.00    0.98    0.00    0.00
0.155395    0.477472    0.00    0.98    0.00    0.00    0.00
0.797382    0.943344    0.00    0.98    0.00    0.00    0.00
-0.254055   -0.853822   0.00    0.00    0.98    0.00    0.00
0.077562    -0.774540   0.00    0.00    0.00    0.00    0.98
0.705045    -0.539389   0.00    0.00    0.00    0.98    0.00
0.479893    -0.240545   0.00    0.00    0.00    0.98    0.00
0.063272    0.750776    0.00    0.00    0.00    0.00    0.98
0.398065    -0.230261   0.00    0.00    0.00    0.98    0.00
-0.245856   0.262935    0.98    0.00    0.00    0.00    0.00
0.205907    -0.141708   0.00    0.00    0.00    0.98    0.00
0.647053    -0.220347   0.00    0.00    0.00    0.98    0.00
-0.468295   -0.329521   0.00    0.00    0.98    0.00    0.00
-0.825888   0.153169    0.98    0.00    0.00    0.00    0.00
-0.068168   -0.788897   0.00    0.00    0.00    0.00    0.98
-0.482845   0.693286    0.98    0.00    0.00    0.00    0.00
0.484071    0.965844    0.00    0.98    0.00    0.00    0.00
0.739367    -0.794807   0.00    0.00    0.00    0.98    0.00
-0.435861   0.941638    0.98    0.00    0.00    0.00    0.00
-0.706478   -0.665544   0.00    0.00    0.98    0.00    0.00
0.714662    0.349407    0.00    0.98    0.00    0.00    0.00
-0.022881   0.618272    0.00    0.00    0.00    0.00    0.98
-0.222794   -0.333355   0.00    0.00    0.98    0.00    0.00
-0.875174   -0.149708   0.00    0.00    0.98    0.00    0.00
-0.944750   0.358123    0.98    0.00    0.00    0.00    0.00
-0.697927   -0.527712   0.00    0.00    0.98    0.00    0.00
-0.410228   -0.030195   0.00    0.00    0.00    0.00    0.98
-0.821180   -0.512868   0.00    0.00    0.98    0.00    0.00
-0.108606   0.207023    0.98    0.00    0.00    0.00    0.00
0.643760    0.813953    0.00    0.98    0.00    0.00    0.00
-0.183987   0.963278    0.98    0.00    0.00    0.00    0.00
-0.517415   0.398558    0.98    0.00    0.00    0.00    0.00
-0.303642   0.478929    0.98    0.00    0.00    0.00    0.00
0.652671    0.473084    0.00    0.98    0.00    0.00    0.00
-0.962207   0.870100    0.98    0.00    0.00    0.00    0.00
-0.596406   0.917708    0.98    0.00    0.00    0.00    0.00
0.691586    -0.104531   0.00    0.00    0.00    0.98    0.00
-0.695989   -0.304484   0.00    0.00    0.98    0.00    0.00
-0.650963   0.978756    0.98    0.00    0.00    0.00    0.00
0.768777    0.392022    0.00    0.98    0.00    0.00    0.00
0.851749    0.981365    0.00    0.98    0.00    0.00    0.00
0.809037    -0.483722   0.00    0.00    0.00    0.98    0.00
-0.083388   0.801316    0.00    0.00    0.00    0.00    0.98
-0.710817   -0.266620   0.00    0.00    0.98    0.00    0.00
0.736626    -0.027014   0.00    0.00    0.00    0.00    0.98
0.668738    -0.131078   0.00    0.00    0.00    0.98    0.00
0.771304    0.306954    0.00    0.98    0.00    0.00    0.00
0.400111    -0.458681   0.00    0.00    0.00    0.98    0.00
0.492948    -0.926378   0.00    0.00    0.00    0.98    0.00
-0.844470   -0.755741   0.00    0.00    0.98    0.00    0.00
0.165370    0.660849    0.00    0.98    0.00    0.00    0.00
-0.666096   -0.152324   0.00    0.00    0.98    0.00    0.00
0.948330    -0.381512   0.00    0.00    0.00    0.98    0.00
0.723659    -0.377455   0.00    0.00    0.00    0.98    0.00
-0.051755   0.750467    0.00    0.00    0.00    0.00    0.98
-0.033744   -0.225787   0.00    0.00    0.00    0.00    0.98
-0.344338   0.853748    0.98    0.00    0.00    0.00    0.00
0.179575    -0.090690   0.00    0.00    0.00    0.00    0.98
0.860603    -0.260842   0.00    0.00    0.00    0.98    0.00
-0.588719   0.313931    0.98    0.00    0.00    0.00    0.00
0.850471    -0.984750   0.00    0.00    0.00    0.98    0.00
0.273630    -0.346712   0.00    0.00    0.00    0.98    0.00
-0.865394   -0.261479   0.00    0.00    0.98    0.00    0.00
0.780717    0.758003    0.00    0.98    0.00    0.00    0.00
-0.991474   -0.213687   0.00    0.00    0.98    0.00    0.00
-0.729024   0.570045    0.98    0.00    0.00    0.00    0.00
-0.189453   -0.782267   0.00    0.00    0.98    0.00    0.00
0.006737    -0.347518   0.00    0.00    0.00    0.00    0.98
-0.882490   -0.850490   0.00    0.00    0.98    0.00    0.00
0.455162    0.857344    0.00    0.98    0.00    0.00    0.00
-0.819873   -0.564747   0.00    0.00    0.98    0.00    0.00
-0.345779   0.441883    0.98    0.00    0.00    0.00    0.00
-0.185543   0.183913    0.98    0.00    0.00    0.00    0.00
0.200361    0.544105    0.00    0.98    0.00    0.00    0.00
-0.841179   0.100540    0.98    0.00    0.00    0.00    0.00
0.078155    -0.228790   0.00    0.00    0.00    0.00    0.98
0.522186    -0.871677   0.00    0.00    0.00    0.98    0.00
0.689248    0.177976    0.00    0.98    0.00    0.00    0.00
0.596611    -0.318936   0.00    0.00    0.00    0.98    0.00
0.499090    -0.499162   0.00    0.00    0.00    0.98    0.00
0.694252    -0.492047   0.00    0.00    0.00    0.98    0.00
-0.628750   -0.121471   0.00    0.00    0.98    0.00    0.00
0.111758    -0.954471   0.00    0.00    0.00    0.98    0.00
-0.669835   -0.430821   0.00    0.00    0.98    0.00    0.00
0.657551    -0.551366   0.00    0.00    0.00    0.98    0.00
-0.782118   0.865577    0.98    0.00    0.00    0.00    0.00
0.885926    0.171579    0.00    0.98    0.00    0.00    0.00
0.941959    -0.839261   0.00    0.00    0.00    0.98    0.00
-0.711354   -0.867973   0.00    0.00    0.98    0.00    0.00
-0.953283   0.419517    0.98    0.00    0.00    0.00    0.00
-0.857831   -0.087179   0.00    0.00    0.00    0.00    0.98
-0.868948   -0.526576   0.00    0.00    0.98    0.00    0.00
-0.787211   -0.618923   0.00    0.00    0.98    0.00    0.00
0.775505    -0.309239   0.00    0.00    0.00    0.98    0.00
-0.328223   0.181694    0.98    0.00    0.00    0.00    0.00
-0.231002   0.120447    0.98    0.00    0.00    0.00    0.00
-0.457927   -0.915890   0.00    0.00    0.98    0.00    0.00
0.740894    0.952681    0.00    0.98    0.00    0.00    0.00
0.934352    -0.313510   0.00    0.00    0.00    0.98    0.00
0.891925    -0.076569   0.00    0.00    0.00    0.00    0.98
0.290460    0.845930    0.00    0.98    0.00    0.00    0.00
-0.292801   0.075137    0.00    0.00    0.00    0.00    0.98
-0.051575   0.259014    0.00    0.00    0.00    0.00    0.98
-0.106707   0.592946    0.98    0.00    0.00    0.00    0.00
-0.010299   -0.638576   0.00    0.00    0.00    0.00    0.98
-0.821503   -0.431668   0.00    0.00    0.98    0.00    0.00
-0.468318   -0.988631   0.00    0.00    0.98    0.00    0.00
-0.785366   0.203082    0.98    0.00    0.00    0.00    0.00
0.018946    0.488953    0.00    0.00    0.00    0.00    0.98
0.769861    0.186846    0.00    0.98    0.00    0.00    0.00
0.371345    -0.043909   0.00    0.00    0.00    0.00    0.98
-0.853692   -0.939965   0.00    0.00    0.98    0.00    0.00
0.608362    0.894464    0.00    0.98    0.00    0.00    0.00
-0.069376   -0.106347   0.00    0.00    0.00    0.00    0.98
-0.785882   0.839845    0.98    0.00    0.00    0.00    0.00
-0.149116   0.199755    0.98    0.00    0.00    0.00    0.00
0.107290    -0.835463   0.00    0.00    0.00    0.98    0.00
-0.639840   -0.913083   0.00    0.00    0.98    0.00    0.00
0.872234    -0.601609   0.00    0.00    0.00    0.98    0.00
0.259260    0.966769    0.00    0.98    0.00    0.00    0.00
-0.075151   -0.792668   0.00    0.00    0.00    0.00    0.98
-0.147278   -0.116337   0.00    0.00    0.98    0.00    0.00
-0.970596   0.572430    0.98    0.00    0.00    0.00    0.00
-0.585270   0.114463    0.98    0.00    0.00    0.00    0.00
0.614507    -0.653770   0.00    0.00    0.00    0.98    0.00
0.909439    0.261466    0.00    0.98    0.00    0.00    0.00
0.531167    0.366330    0.00    0.98    0.00    0.00    0.00
-0.354534   -0.599438   0.00    0.00    0.98    0.00    0.00
-0.301165   0.242046    0.98    0.00    0.00    0.00    0.00
-0.342971   -0.856584   0.00    0.00    0.98    0.00    0.00
-0.680844   -0.876238   0.00    0.00    0.98    0.00    0.00
-0.899462   -0.100704   0.00    0.00    0.98    0.00    0.00
0.623307    -0.131427   0.00    0.00    0.00    0.98    0.00
0.645366    0.430513    0.00    0.98    0.00    0.00    0.00
0.049910    0.630998    0.00    0.00    0.00    0.00    0.98
0.849982    0.735587    0.00    0.98    0.00    0.00    0.00
-0.868522   0.197758    0.98    0.00    0.00    0.00    0.00
-0.907172   -0.869688   0.00    0.00    0.98    0.00    0.00
0.283068    0.298220    0.00    0.98    0.00    0.00    0.00
0.997259    -0.403474   0.00    0.00    0.00    0.98    0.00
-0.899875   -0.209479   0.00    0.00    0.98    0.00    0.00
-0.468695   0.364650    0.98    0.00    0.00    0.00    0.00
-0.884193   0.193181    0.98    0.00    0.00    0.00    0.00
0.346188    -0.265849   0.00    0.00    0.00    0.98    0.00
-0.714436   -0.477889   0.00    0.00    0.98    0.00    0.00
-0.199178   -0.110965   0.00    0.00    0.98    0.00    0.00
0.823383    -0.024370   0.00    0.00    0.00    0.00    0.98
0.240705    -0.190666   0.00    0.00    0.00    0.98    0.00
0.349910    -0.572423   0.00    0.00    0.00    0.98    0.00
0.773797    0.635829    0.00    0.98    0.00    0.00    0.00
-0.202805   0.384756    0.98    0.00    0.00    0.00    0.00
0.480870    0.247310    0.00    0.98    0.00    0.00    0.00
-0.372579   0.746829    0.98    0.00    0.00    0.00    0.00
-0.601477   0.550467    0.98    0.00    0.00    0.00    0.00
-0.179135   0.173285    0.98    0.00    0.00    0.00    0.00
0.303679    -0.405926   0.00    0.00    0.00    0.98    0.00
-0.964959   -0.881691   0.00    0.00    0.98    0.00    0.00
0.118244    -0.969516   0.00    0.00    0.00    0.98    0.00
0.434793    -0.823504   0.00    0.00    0.00    0.98    0.00
-0.354046   0.428546    0.98    0.00    0.00    0.00    0.00
0.327721    0.885976    0.00    0.98    0.00    0.00    0.00
-0.920452   -0.579468   0.00    0.00    0.98    0.00    0.00
0.168883    -0.600907   0.00    0.00    0.00    0.98    0.00
0.188972    0.906584    0.00    0.98    0.00    0.00    0.00
0.100277    0.314369    0.00    0.98    0.00    0.00    0.00
-0.124780   -0.402715   0.00    0.00    0.98    0.00    0.00
-0.319496   0.283481    0.98    0.00    0.00    0.00    0.00
0.509684    0.193416    0.00    0.98    0.00    0.00    0.00
-0.496509   0.987017    0.98    0.00    0.00    0.00    0.00
-0.359470   -0.155564   0.00    0.00    0.98    0.00    0.00
-0.459379   0.391352    0.98    0.00    0.00    0.00    0.00
0.114503    0.313685    0.00    0.98    0.00    0.00    0.00
-0.985842   0.569012    0.98    0.00    0.00    0.00    0.00
-0.037032   -0.186992   0.00    0.00    0.00    0.00    0.98
-0.070459   -0.565452   0.00    0.00    0.00    0.00    0.98
-0.688997   -0.569333   0.00    0.00    0.98    0.00    0.00
-0.989612   -0.023208   0.00    0.00    0.00    0.00    0.98
-0.924829   -0.078730   0.00    0.00    0.00    0.00    0.98
-0.568027   0.039812    0.00    0.00    0.00    0.00    0.98
-0.454617   0.818942    0.98    0.00    0.00    0.00    0.00
-0.315162   0.748207    0.98    0.00    0.00    0.00    0.00
0.501719    -0.895213   0.00    0.00    0.00    0.98    0.00
0.967037    0.896925    0.00    0.98    0.00    0.00    0.00
0.166476    -0.112678   0.00    0.00    0.00    0.98    0.00
-0.671852   -0.918072   0.00    0.00    0.98    0.00    0.00
0.852977    0.828507    0.00    0.98    0.00    0.00    0.00
0.091735    -0.333210   0.00    0.00    0.00    0.00    0.98
-0.468687   -0.818098   0.00    0.00    0.98    0.00    0.00
-0.841480   -0.130096   0.00    0.00    0.98    0.00    0.00
0.278051    -0.783586   0.00    0.00    0.00    0.98    0.00
0.528912    0.921111    0.00    0.98    0.00    0.00    0.00
0.775091    -0.732515   0.00    0.00    0.00    0.98    0.00
-0.722358   0.753629    0.98    0.00    0.00    0.00    0.00
-0.794890   0.942932    0.98    0.00    0.00    0.00    0.00
0.573830    -0.850464   0.00    0.00    0.00    0.98    0.00
0.688147    0.113071    0.00    0.98    0.00    0.00    0.00
0.064606    -0.248845   0.00    0.00    0.00    0.00    0.98
-0.038768   -0.320016   0.00    0.00    0.00    0.00    0.98
0.880127    0.658904    0.00    0.98    0.00    0.00    0.00
0.056631    -0.328727   0.00    0.00    0.00    0.00    0.98
-0.788527   0.528410    0.98    0.00    0.00    0.00    0.00
0.264123    -0.543832   0.00    0.00    0.00    0.98    0.00
0.524804    -0.870497   0.00    0.00    0.00    0.98    0.00
0.301533    -0.610544   0.00    0.00    0.00    0.98    0.00
-0.987193   -0.769431   0.00    0.00    0.98    0.00    0.00
-0.659034   -0.141183   0.00    0.00    0.98    0.00    0.00
0.726440    0.309377    0.00    0.98    0.00    0.00    0.00
-0.482014   -0.669120   0.00    0.00    0.98    0.00    0.00
0.573568    -0.576385   0.00    0.00    0.00    0.98    0.00
0.194847    0.097568    0.00    0.00    0.00    0.00    0.98
0.809801    0.944662    0.00    0.98    0.00    0.00    0.00
-0.793186   -0.767635   0.00    0.00    0.98    0.00    0.00
0.348578    0.789165    0.00    0.98    0.00    0.00    0.00
0.597765    0.668742    0.00    0.98    0.00    0.00    0.00
-0.622245   0.788854    0.98    0.00    0.00    0.00    0.00
-0.421628   0.121535    0.98    0.00    0.00    0.00    0.00
-0.871717   0.908986    0.98    0.00    0.00    0.00    0.00
-0.451844   -0.475453   0.00    0.00    0.98    0.00    0.00
0.245339    0.561767    0.00    0.98    0.00    0.00    0.00
-0.708881   0.539543    0.98    0.00    0.00    0.00    0.00
0.102645    0.648862    0.00    0.98    0.00    0.00    0.00
0.834920    -0.218865   0.00    0.00    0.00    0.98    0.00
-0.332724   -0.459488   0.00    0.00    0.98    0.00    0.00
-0.120306   -0.415341   0.00    0.00    0.98    0.00    0.00
0.013243    0.086163    0.00    0.00    0.00    0.00    0.98
0.236144    -0.569477   0.00    0.00    0.00    0.98    0.00
0.568012    0.172159    0.00    0.98    0.00    0.00    0.00
0.616101    -0.382694   0.00    0.00    0.00    0.98    0.00
-0.205124   -0.628392   0.00    0.00    0.98    0.00    0.00
-0.950458   -0.583582   0.00    0.00    0.98    0.00    0.00
-0.489172   0.603486    0.98    0.00    0.00    0.00    0.00
0.174943    0.220905    0.00    0.98    0.00    0.00    0.00
0.171597    -0.478749   0.00    0.00    0.00    0.98    0.00
0.390784    0.212158    0.00    0.98    0.00    0.00    0.00
-0.591688   0.595525    0.98    0.00    0.00    0.00    0.00
0.523285    0.545752    0.00    0.98    0.00    0.00    0.00
0.450165    -0.570646   0.00    0.00    0.00    0.98    0.00
-0.645896   -0.370629   0.00    0.00    0.98    0.00    0.00
0.884947    -0.673352   0.00    0.00    0.00    0.98    0.00
-0.894629   -0.279280   0.00    0.00    0.98    0.00    0.00
0.480310    0.250316    0.00    0.98    0.00    0.00    0.00
0.896726    -0.278793   0.00    0.00    0.00    0.98    0.00
-0.382572   -0.786938   0.00    0.00    0.98    0.00    0.00
0.118500    0.957135    0.00    0.98    0.00    0.00    0.00
0.207954    0.151902    0.00    0.98    0.00    0.00    0.00
-0.511378   0.651669    0.98    0.00    0.00    0.00    0.00
0.203657    0.843720    0.00    0.98    0.00    0.00    0.00
-0.658035   0.402927    0.98    0.00    0.00    0.00    0.00
0.242672    0.048815    0.00    0.00    0.00    0.00    0.98
-0.860582   -0.893327   0.00    0.00    0.98    0.00    0.00
-0.516432   0.498543    0.98    0.00    0.00    0.00    0.00
-0.687210   -0.656750   0.00    0.00    0.98    0.00    0.00
-0.830579   -0.109319   0.00    0.00    0.98    0.00    0.00
0.237289    -0.349701   0.00    0.00    0.00    0.98    0.00
-0.502864   -0.788608   0.00    0.00    0.98    0.00    0.00
-0.349454   0.567912    0.98    0.00    0.00    0.00    0.00
0.035516    -0.002396   0.00    0.00    0.00    0.00    0.98
-0.581761   0.780832    0.98    0.00    0.00    0.00    0.00
0.617915    -0.599607   0.00    0.00    0.00    0.98    0.00
-0.167379   0.857564    0.98    0.00    0.00    0.00    0.00
-0.402683   0.669275    0.98    0.00    0.00    0.00    0.00
-0.337166   -0.145963   0.00    0.00    0.98    0.00    0.00
-0.705960   0.549558    0.98    0.00    0.00    0.00    0.00
-0.075592   0.872307    0.00    0.00    0.00    0.00    0.98
-0.984714   0.466058    0.98    0.00    0.00    0.00    0.00
-0.648310   0.654951    0.98    0.00    0.00    0.00    0.00
0.897593    -0.015330   0.00    0.00    0.00    0.00    0.98
-0.763947   0.439596    0.98    0.00    0.00    0.00    0.00
0.906941    -0.320603   0.00    0.00    0.00    0.98    0.00
0.813266    0.745900    0.00    0.98    0.00    0.00    0.00
0.149750    0.904536    0.00    0.98    0.00    0.00    0.00
-0.997372   0.317496    0.98    0.00    0.00    0.00    0.00
-0.476401   -0.144867   0.00    0.00    0.98    0.00    0.00
-0.368266   -0.455969   0.00    0.00    0.98    0.00    0.00
-0.681717   0.669832    0.98    0.00    0.00    0.00    0.00
-0.507496   0.359758    0.98    0.00    0.00    0.00    0.00
0.424127    -0.442954   0.00    0.00    0.00    0.98    0.00
0.667025    0.222256    0.00    0.98    0.00    0.00    0.00
-0.917389   0.006812    0.00    0.00    0.00    0.00    0.98
0.757794    -0.182432   0.00    0.00    0.00    0.98    0.00
-0.181253   0.651644    0.98    0.00    0.00    0.00    0.00
-0.450040   -0.709205   0.00    0.00    0.98    0.00    0.00
-0.607513   -0.959931   0.00    0.00    0.98    0.00    0.00
-0.970904   0.167621    0.98    0.00    0.00    0.00    0.00
-0.706863   0.546235    0.98    0.00    0.00    0.00    0.00
-0.970898   0.242683    0.98    0.00    0.00    0.00    0.00
-0.437668   0.651291    0.98    0.00    0.00    0.00    0.00
-0.693218   -0.277316   0.00    0.00    0.98    0.00    0.00
-0.911562   -0.770646   0.00    0.00    0.98    0.00    0.00
0.044745    0.737923    0.00    0.00    0.00    0.00    0.98
0.279608    -0.576010   0.00    0.00    0.00    0.98    0.00
-0.614530   -0.518149   0.00    0.00    0.98    0.00    0.00
-0.587143   -0.174039   0.00    0.00    0.98    0.00    0.00
0.897298    0.558886    0.00    0.98    0.00    0.00    0.00
-0.521337   0.938478    0.98    0.00    0.00    0.00    0.00
-0.662632   -0.107893   0.00    0.00    0.98    0.00    0.00
-0.192343   -0.467628   0.00    0.00    0.98    0.00    0.00
0.910734    0.941442    0.00    0.98    0.00    0.00    0.00
0.452734    0.077956    0.00    0.00    0.00    0.00    0.98
-0.990463   0.355099    0.98    0.00    0.00    0.00    0.00
-0.359991   0.981012    0.98    0.00    0.00    0.00    0.00
-0.675346   0.022160    0.00    0.00    0.00    0.00    0.98
-0.230871   -0.692006   0.00    0.00    0.98    0.00    0.00
-0.816722   -0.079127   0.00    0.00    0.00    0.00    0.98
0.378031    0.943352    0.00    0.98    0.00    0.00    0.00
-0.195891   -0.795595   0.00    0.00    0.98    0.00    0.00
-0.678410   0.415428    0.98    0.00    0.00    0.00    0.00
0.558106    0.077871    0.00    0.00    0.00    0.00    0.98
0.013937    0.112995    0.00    0.00    0.00    0.00    0.98
-0.518802   0.653531    0.98    0.00    0.00    0.00    0.00
0.327415    -0.259800   0.00    0.00    0.00    0.98    0.00
-0.974081   -0.725747   0.00    0.00    0.98    0.00    0.00
0.915591    -0.756374   0.00    0.00    0.00    0.98    0.00
-0.642101   -0.392535   0.00    0.00    0.98    0.00    0.00
0.489334    -0.315262   0.00    0.00    0.00    0.98    0.00
0.146978    0.330761    0.00    0.98    0.00    0.00    0.00
-0.653926   -0.035915   0.00    0.00    0.00    0.00    0.98
-0.705058   -0.033928   0.00    0.00    0.00    0.00    0.98
-0.500199   0.933233    0.98    0.00    0.00    0.00    0.00
-0.544404   0.468105    0.98    0.00    0.00    0.00    0.00
0.048119    0.734522    0.00    0.00    0.00    0.00    0.98
-0.004795   0.876530    0.00    0.00    0.00    0.00    0.98
-0.140701   0.558752    0.98    0.00    0.00    0.00    0.00
0.529821    -0.967763   0.00    0.00    0.00    0.98    0.00
-0.165028   0.465375    0.98    0.00    0.00    0.00    0.00
-0.160539   -0.008430   0.00    0.00    0.00    0.00    0.98
-0.691286   -0.433580   0.00    0.00    0.98    0.00    0.00
0.225729    0.274778    0.00    0.98    0.00    0.00    0.00
-0.652461   -0.038704   0.00    0.00    0.00    0.00    0.98
0.224849    -0.122776   0.00    0.00    0.00    0.98    0.00
-0.395960   -0.620134   0.00    0.00    0.98    0.00    0.00
-0.554405   -0.123050   0.00    0.00    0.98    0.00    0.00
0.062246    0.389604    0.00    0.00    0.00    0.00    0.98
-0.014878   0.160626    0.00    0.00    0.00    0.00    0.98
0.827082    -0.351455   0.00    0.00    0.00    0.98    0.00
0.502038    -0.237227   0.00    0.00    0.00    0.98    0.00
0.505472    0.275840    0.00    0.98    0.00    0.00    0.00
0.780122    -0.035822   0.00    0.00    0.00    0.00    0.98
-0.359111   -0.256958   0.00    0.00    0.98    0.00    0.00
0.087741    -0.349927   0.00    0.00    0.00    0.00    0.98
0.867986    0.806049    0.00    0.98    0.00    0.00    0.00
-0.311568   0.775573    0.98    0.00    0.00    0.00    0.00
0.055256    -0.338547   0.00    0.00    0.00    0.00    0.98
0.277861    -0.496092   0.00    0.00    0.00    0.98    0.00
-0.142462   0.544103    0.98    0.00    0.00    0.00    0.00
0.967707    0.929653    0.00    0.98    0.00    0.00    0.00
-0.617123   0.813478    0.98    0.00    0.00    0.00    0.00
-0.081778   0.245784    0.00    0.00    0.00    0.00    0.98
0.083170    0.216378    0.00    0.00    0.00    0.00    0.98
-0.434192   0.252656    0.98    0.00    0.00    0.00    0.00
-0.546976   -0.062507   0.00    0.00    0.00    0.00    0.98
-0.526905   0.930389    0.98    0.00    0.00    0.00    0.00
-0.878195   0.137498    0.98    0.00    0.00    0.00    0.00
0.889440    0.652197    0.00    0.98    0.00    0.00    0.00
-0.806203   -0.405993   0.00    0.00    0.98    0.00    0.00
0.222337    0.106833    0.00    0.98    0.00    0.00    0.00
0.424140    -0.453416   0.00    0.00    0.00    0.98    0.00
0.808831    -0.669859   0.00    0.00    0.00    0.98    0.00
-0.997988   0.507118    0.98    0.00    0.00    0.00    0.00
-0.916414   0.781070    0.98    0.00    0.00    0.00    0.00
0.728128    -0.306554   0.00    0.00    0.00    0.98    0.00
0.203321    -0.440814   0.00    0.00    0.00    0.98    0.00
0.112637    0.671206    0.00    0.98    0.00    0.00    0.00
0.188353    -0.306842   0.00    0.00    0.00    0.98    0.00
0.524889    0.735786    0.00    0.98    0.00    0.00    0.00
-0.611733   0.213956    0.98    0.00    0.00    0.00    0.00
-0.344879   0.593061    0.98    0.00    0.00    0.00    0.00
0.069994    -0.994283   0.00    0.00    0.00    0.00    0.98
-0.440405   0.781432    0.98    0.00    0.00    0.00    0.00
0.617204    -0.174738   0.00    0.00    0.00    0.98    0.00
-0.582610   -0.026927   0.00    0.00    0.00    0.00    0.98
0.483892    -0.410700   0.00    0.00    0.00    0.98    0.00
-0.724169   0.344000    0.98    0.00    0.00    0.00    0.00
0.024376    0.030746    0.00    0.00    0.00    0.00    0.98
-0.510139   0.608962    0.98    0.00    0.00    0.00    0.00
-0.181160   -0.070860   0.00    0.00    0.00    0.00    0.98
-0.372027   -0.391932   0.00    0.00    0.98    0.00    0.00
0.436442    0.302873    0.00    0.98    0.00    0.00    0.00
0.342854    -0.767507   0.00    0.00    0.00    0.98    0.00
-0.314875   -0.728177   0.00    0.00    0.98    0.00    0.00
0.936084    -0.312637   0.00    0.00    0.00    0.98    0.00
-0.189971   0.106542    0.98    0.00    0.00    0.00    0.00
0.006244    0.282567    0.00    0.00    0.00    0.00    0.98
0.031220    0.676662    0.00    0.00    0.00    0.00    0.98
-0.338555   -0.441563   0.00    0.00    0.98    0.00    0.00
-0.336316   -0.845268   0.00    0.00    0.98    0.00    0.00
0.942178    0.970145    0.00    0.98    0.00    0.00    0.00
-0.770430   -0.553970   0.00    0.00    0.98    0.00    0.00
-0.369415   0.184179    0.98    0.00    0.00    0.00    0.00
0.598883    0.824201    0.00    0.98    0.00    0.00    0.00
0.357174    0.002542    0.00    0.00    0.00    0.00    0.98
-0.004035   0.269647    0.00    0.00    0.00    0.00    0.98
-0.161118   0.182975    0.98    0.00    0.00    0.00    0.00
-0.603037   0.736628    0.98    0.00    0.00    0.00    0.00
-0.658363   0.615503    0.98    0.00    0.00    0.00    0.00
-0.819726   -0.627800   0.00    0.00    0.98    0.00    0.00
0.386304    -0.414800   0.00    0.00    0.00    0.98    0.00
0.158548    -0.611600   0.00    0.00    0.00    0.98    0.00
0.391979    0.672932    0.00    0.98    0.00    0.00    0.00
-0.093502   -0.241912   0.00    0.00    0.00    0.00    0.98
0.437384    -0.484126   0.00    0.00    0.00    0.98    0.00
-0.509140   0.786512    0.98    0.00    0.00    0.00    0.00
-0.565677   0.794471    0.98    0.00    0.00    0.00    0.00
-0.150033   -0.218666   0.00    0.00    0.98    0.00    0.00
-0.842154   0.575929    0.98    0.00    0.00    0.00    0.00
-0.562136   -0.545717   0.00    0.00    0.98    0.00    0.00
0.185993    0.318285    0.00    0.98    0.00    0.00    0.00
0.100522    0.402934    0.00    0.98    0.00    0.00    0.00
0.803552    0.626845    0.00    0.98    0.00    0.00    0.00
0.912305    0.100634    0.00    0.98    0.00    0.00    0.00
0.783486    0.782550    0.00    0.98    0.00    0.00    0.00
0.886928    0.692567    0.00    0.98    0.00    0.00    0.00
-0.685368   0.348675    0.98    0.00    0.00    0.00    0.00
0.375079    0.337923    0.00    0.98    0.00    0.00    0.00
0.316650    0.915454    0.00    0.98    0.00    0.00    0.00
-0.704500   0.448970    0.98    0.00    0.00    0.00    0.00
0.023068    0.995301    0.00    0.00    0.00    0.00    0.98
-0.527100   -0.691905   0.00    0.00    0.98    0.00    0.00
0.466375    0.228240    0.00    0.98    0.00    0.00    0.00
0.728680    -0.262270   0.00    0.00    0.00    0.98    0.00
-0.962929   0.827146    0.98    0.00    0.00    0.00    0.00
-0.235001   -0.463948   0.00    0.00    0.98    0.00    0.00
0.100058    0.289279    0.00    0.98    0.00    0.00    0.00
-0.827717   0.994350    0.98    0.00    0.00    0.00    0.00
-0.961364   -0.943133   0.00    0.00    0.98    0.00    0.00
-0.415393   0.500766    0.98    0.00    0.00    0.00    0.00
0.711550    -0.725186   0.00    0.00    0.00    0.98    0.00
0.555532    0.502752    0.00    0.98    0.00    0.00    0.00
-0.006086   0.070963    0.00    0.00    0.00    0.00    0.98
0.838394    -0.372728   0.00    0.00    0.00    0.98    0.00
-0.103373   -0.722817   0.00    0.00    0.98    0.00    0.00
0.001384    -0.662813   0.00    0.00    0.00    0.00    0.98
0.651261    0.174767    0.00    0.98    0.00    0.00    0.00
-0.888945   -0.401710   0.00    0.00    0.98    0.00    0.00
-0.358766   0.332684    0.98    0.00    0.00    0.00    0.00
-0.668519   0.954838    0.98    0.00    0.00    0.00    0.00
0.391525    -0.819922   0.00    0.00    0.00    0.98    0.00
-0.982789   -0.227690   0.00    0.00    0.98    0.00    0.00
0.631769    0.518002    0.00    0.98    0.00    0.00    0.00
0.570992    0.234072    0.00    0.98    0.00    0.00    0.00
0.528947    0.883785    0.00    0.98    0.00    0.00    0.00
0.775480    -0.766191   0.00    0.00    0.00    0.98    0.00
-0.734432   -0.038796   0.00    0.00    0.00    0.00    0.98
-0.652085   -0.302802   0.00    0.00    0.98    0.00    0.00
-0.155291   -0.040564   0.00    0.00    0.00    0.00    0.98
0.361900    0.255757    0.00    0.98    0.00    0.00    0.00
-0.028082   -0.766246   0.00    0.00    0.00    0.00    0.98
0.744090    -0.675861   0.00    0.00    0.00    0.98    0.00
-0.360992   0.923963    0.98    0.00    0.00    0.00    0.00
-0.721342   0.024519    0.00    0.00    0.00    0.00    0.98
-0.703216   -0.154650   0.00    0.00    0.98    0.00    0.00
-0.859382   -0.260910   0.00    0.00    0.98    0.00    0.00
-0.918616   -0.829800   0.00    0.00    0.98    0.00    0.00
0.226387    0.442337    0.00    0.98    0.00    0.00    0.00
-0.809581   0.124337    0.98    0.00    0.00    0.00    0.00
-0.117175   -0.927063   0.00    0.00    0.98    0.00    0.00
-0.623701   0.370979    0.98    0.00    0.00    0.00    0.00
0.232704    -0.889107   0.00    0.00    0.00    0.98    0.00
-0.059202   0.327784    0.00    0.00    0.00    0.00    0.98
-0.020804   0.505481    0.00    0.00    0.00    0.00    0.98
0.838432    -0.309129   0.00    0.00    0.00    0.98    0.00
0.887120    -0.299173   0.00    0.00    0.00    0.98    0.00
-0.553572   0.905450    0.98    0.00    0.00    0.00    0.00
-0.692784   0.877955    0.98    0.00    0.00    0.00    0.00
0.471731    0.256326    0.00    0.98    0.00    0.00    0.00
0.288033    0.340148    0.00    0.98    0.00    0.00    0.00
-0.321411   0.785403    0.98    0.00    0.00    0.00    0.00
-0.455324   -0.714948   0.00    0.00    0.98    0.00    0.00
-0.586401   0.731338    0.98    0.00    0.00    0.00    0.00
-0.555644   0.367322    0.98    0.00    0.00    0.00    0.00
-0.628793   -0.158428   0.00    0.00    0.98    0.00    0.00
0.025719    0.460318    0.00    0.00    0.00    0.00    0.98
0.939844    0.910337    0.00    0.98    0.00    0.00    0.00
0.073056    -0.855238   0.00    0.00    0.00    0.00    0.98
0.478248    -0.150260   0.00    0.00    0.00    0.98    0.00
-0.498602   0.149996    0.98    0.00    0.00    0.00    0.00
-0.810108   -0.476844   0.00    0.00    0.98    0.00    0.00
0.482344    0.271834    0.00    0.98    0.00    0.00    0.00
-0.270619   0.149058    0.98    0.00    0.00    0.00    0.00
0.390285    -0.809142   0.00    0.00    0.00    0.98    0.00
0.844700    -0.742094   0.00    0.00    0.00    0.98    0.00
0.976522    0.029668    0.00    0.00    0.00    0.00    0.98
-0.553613   0.122376    0.98    0.00    0.00    0.00    0.00
0.960477    -0.232318   0.00    0.00    0.00    0.98    0.00
0.028202    0.159699    0.00    0.00    0.00    0.00    0.98
0.938278    0.683245    0.00    0.98    0.00    0.00    0.00
0.587760    0.005156    0.00    0.00    0.00    0.00    0.98
0.109379    0.048085    0.00    0.00    0.00    0.00    0.98
0.777835    -0.950638   0.00    0.00    0.00    0.98    0.00
-0.942822   -0.042646   0.00    0.00    0.00    0.00    0.98
0.688413    0.381694    0.00    0.98    0.00    0.00    0.00
-0.421861   -0.756564   0.00    0.00    0.98    0.00    0.00
-0.541961   -0.720085   0.00    0.00    0.98    0.00    0.00
0.534412    -0.252166   0.00    0.00    0.00    0.98    0.00
-0.302052   0.055959    0.00    0.00    0.00    0.00    0.98
0.035220    0.035919    0.00    0.00    0.00    0.00    0.98
0.822152    -0.251055   0.00    0.00    0.00    0.98    0.00
-0.849463   0.895704    0.98    0.00    0.00    0.00    0.00
-0.784696   0.887550    0.98    0.00    0.00    0.00    0.00
0.228105    0.686921    0.00    0.98    0.00    0.00    0.00
0.088728    -0.443298   0.00    0.00    0.00    0.00    0.98
0.629257    0.945569    0.00    0.98    0.00    0.00    0.00
-0.104066   -0.461494   0.00    0.00    0.98    0.00    0.00
-0.906784   0.709107    0.98    0.00    0.00    0.00    0.00
-0.351294   0.186833    0.98    0.00    0.00    0.00    0.00
0.737564    0.636478    0.00    0.98    0.00    0.00    0.00
-0.051770   0.849269    0.00    0.00    0.00    0.00    0.98
0.592861    0.455955    0.00    0.98    0.00    0.00    0.00
0.549866    0.931074    0.00    0.98    0.00    0.00    0.00
0.067418    -0.331768   0.00    0.00    0.00    0.00    0.98
-0.532093   0.055677    0.00    0.00    0.00    0.00    0.98
0.628643    -0.882834   0.00    0.00    0.00    0.98    0.00
-0.412432   0.057398    0.00    0.00    0.00    0.00    0.98
0.452403    -0.085337   0.00    0.00    0.00    0.00    0.98
0.366895    -0.002602   0.00    0.00    0.00    0.00    0.98
-0.680245   -0.388557   0.00    0.00    0.98    0.00    0.00
-0.343222   -0.058973   0.00    0.00    0.00    0.00    0.98
0.009518    0.734787    0.00    0.00    0.00    0.00    0.98
-0.109777   -0.913989   0.00    0.00    0.98    0.00    0.00
0.828113    0.762199    0.00    0.98    0.00    0.00    0.00
-0.580277   0.607034    0.98    0.00    0.00    0.00    0.00
-0.943598   0.980002    0.98    0.00    0.00    0.00    0.00
0.011827    -0.452782   0.00    0.00    0.00    0.00    0.98
-0.259678   0.541788    0.98    0.00    0.00    0.00    0.00
-0.451206   0.354452    0.98    0.00    0.00    0.00    0.00
-0.744195   -0.386167   0.00    0.00    0.98    0.00    0.00
-0.230402   -0.961710   0.00    0.00    0.98    0.00    0.00
0.701256    -0.701185   0.00    0.00    0.00    0.98    0.00
-0.012573   0.218968    0.00    0.00    0.00    0.00    0.98
0.346202    -0.165785   0.00    0.00    0.00    0.98    0.00
-0.795675   -0.980973   0.00    0.00    0.98    0.00    0.00
0.582609    -0.251013   0.00    0.00    0.00    0.98    0.00
0.029606    -0.391078   0.00    0.00    0.00    0.00    0.98
-0.439364   0.185109    0.98    0.00    0.00    0.00    0.00
0.393906    0.044659    0.00    0.00    0.00    0.00    0.98
-0.305518   0.759431    0.98    0.00    0.00    0.00    0.00
0.136789    0.248949    0.00    0.98    0.00    0.00    0.00
-0.451828   0.207429    0.98    0.00    0.00    0.00    0.00
0.577722    -0.197816   0.00    0.00    0.00    0.98    0.00
-0.614476   -0.411903   0.00    0.00    0.98    0.00    0.00
-0.621493   0.979718    0.98    0.00    0.00    0.00    0.00
0.568344    0.628925    0.00    0.98    0.00    0.00    0.00
-0.381152   -0.206592   0.00    0.00    0.98    0.00    0.00
0.133010    0.288367    0.00    0.98    0.00    0.00    0.00
0.892420    -0.593948   0.00    0.00    0.00    0.98    0.00
-0.440650   -0.408538   0.00    0.00    0.98    0.00    0.00
-0.056628   -0.295044   0.00    0.00    0.00    0.00    0.98
0.601332    -0.360041   0.00    0.00    0.00    0.98    0.00
0.011289    -0.638049   0.00    0.00    0.00    0.00    0.98
-0.993004   -0.873583   0.00    0.00    0.98    0.00    0.00
0.153092    0.853988    0.00    0.98    0.00    0.00    0.00
-0.149919   0.766851    0.98    0.00    0.00    0.00    0.00
-0.572357   0.621571    0.98    0.00    0.00    0.00    0.00
-0.971454   0.983550    0.98    0.00    0.00    0.00    0.00
0.445486    -0.128224   0.00    0.00    0.00    0.98    0.00
0.235042    -0.857651   0.00    0.00    0.00    0.98    0.00
0.412985    0.470384    0.00    0.98    0.00    0.00    0.00
-0.431657   0.663233    0.98    0.00    0.00    0.00    0.00
0.355308    -0.462331   0.00    0.00    0.00    0.98    0.00
-0.656263   -0.437671   0.00    0.00    0.98    0.00    0.00
-0.082425   0.073800    0.00    0.00    0.00    0.00    0.98
-0.000429   0.063655    0.00    0.00    0.00    0.00    0.98
-0.020466   -0.255668   0.00    0.00    0.00    0.00    0.98
-0.375712   -0.485752   0.00    0.00    0.98    0.00    0.00
0.650176    0.827291    0.00    0.98    0.00    0.00    0.00
-0.449762   0.911435    0.98    0.00    0.00    0.00    0.00
0.527560    0.797327    0.00    0.98    0.00    0.00    0.00
0.950945    0.162443    0.00    0.98    0.00    0.00    0.00
-0.197090   0.230652    0.98    0.00    0.00    0.00    0.00
-0.905199   -0.440372   0.00    0.00    0.98    0.00    0.00
-0.999496   0.129084    0.98    0.00    0.00    0.00    0.00
-0.476990   -0.639360   0.00    0.00    0.98    0.00    0.00
0.992956    -0.684055   0.00    0.00    0.00    0.98    0.00
-0.485238   0.389309    0.98    0.00    0.00    0.00    0.00
0.797385    -0.540561   0.00    0.00    0.00    0.98    0.00
0.516310    0.403993    0.00    0.98    0.00    0.00    0.00
-0.362318   -0.564315   0.00    0.00    0.98    0.00    0.00
0.350391    -0.309973   0.00    0.00    0.00    0.98    0.00
0.887214    -0.364371   0.00    0.00    0.00    0.98    0.00
0.247681    -0.507863   0.00    0.00    0.00    0.98    0.00
0.278660    -0.775460   0.00    0.00    0.00    0.98    0.00
0.021364    0.792730    0.00    0.00    0.00    0.00    0.98
0.131570    0.590890    0.00    0.98    0.00    0.00    0.00
-0.212563   0.901232    0.98    0.00    0.00    0.00    0.00
-0.416704   0.029339    0.00    0.00    0.00    0.00    0.98
-0.653268   -0.181818   0.00    0.00    0.98    0.00    0.00
0.938314    0.692792    0.00    0.98    0.00    0.00    0.00
-0.848123   -0.149333   0.00    0.00    0.98    0.00    0.00
-0.434128   0.878172    0.98    0.00    0.00    0.00    0.00
-0.894507   0.927472    0.98    0.00    0.00    0.00    0.00
-0.899976   -0.470794   0.00    0.00    0.98    0.00    0.00
0.874174    -0.578247   0.00    0.00    0.00    0.98    0.00
0.051468    0.561471    0.00    0.00    0.00    0.00    0.98
0.930145    0.173656    0.00    0.98    0.00    0.00    0.00
0.395851    -0.398871   0.00    0.00    0.00    0.98    0.00
0.124520    -0.015808   0.00    0.00    0.00    0.00    0.98
0.418459    -0.080011   0.00    0.00    0.00    0.00    0.98
0.370781    0.900213    0.00    0.98    0.00    0.00    0.00
-0.234453   -0.467051   0.00    0.00    0.98    0.00    0.00
-0.988319   0.662210    0.98    0.00    0.00    0.00    0.00
-0.651664   -0.003875   0.00    0.00    0.00    0.00    0.98
-0.960775   -0.791416   0.00    0.00    0.98    0.00    0.00
-0.336904   -0.114162   0.00    0.00    0.98    0.00    0.00
0.455639    -0.895297   0.00    0.00    0.00    0.98    0.00
-0.285295   -0.754050   0.00    0.00    0.98    0.00    0.00
0.327284    -0.081981   0.00    0.00    0.00    0.00    0.98
-0.402797   0.686141    0.98    0.00    0.00    0.00    0.00
0.003595    0.276870    0.00    0.00    0.00    0.00    0.98
-0.889076   0.311453    0.98    0.00    0.00    0.00    0.00
-0.474265   0.234627    0.98    0.00    0.00    0.00    0.00
-0.382256   0.511170    0.98    0.00    0.00    0.00    0.00
0.493637    -0.714906   0.00    0.00    0.00    0.98    0.00
0.551239    0.703226    0.00    0.98    0.00    0.00    0.00
0.958902    -0.313751   0.00    0.00    0.00    0.98    0.00
-0.164955   0.004160    0.00    0.00    0.00    0.00    0.98
-0.862174   0.439785    0.98    0.00    0.00    0.00    0.00
-0.693575   -0.250177   0.00    0.00    0.98    0.00    0.00
-0.180265   -0.799700   0.00    0.00    0.98    0.00    0.00
0.918697    0.836302    0.00    0.98    0.00    0.00    0.00
0.181210    -0.438114   0.00    0.00    0.00    0.98    0.00
0.655539    0.938336    0.00    0.98    0.00    0.00    0.00
-0.643632   -0.029916   0.00    0.00    0.00    0.00    0.98
-0.887025   -0.894491   0.00    0.00    0.98    0.00    0.00
0.835441    -0.759020   0.00    0.00    0.00    0.98    0.00
0.727438    0.655542    0.00    0.98    0.00    0.00    0.00
0.607007    -0.907043   0.00    0.00    0.00    0.98    0.00
-0.402957   0.523104    0.98    0.00    0.00    0.00    0.00
0.061822    -0.794563   0.00    0.00    0.00    0.00    0.98
-0.554882   0.667455    0.98    0.00    0.00    0.00    0.00
0.551861    0.335721    0.00    0.98    0.00    0.00    0.00
-0.770390   -0.557994   0.00    0.00    0.98    0.00    0.00
0.160323    -0.980515   0.00    0.00    0.00    0.98    0.00
0.665937    0.707151    0.00    0.98    0.00    0.00    0.00
0.166982    -0.371754   0.00    0.00    0.00    0.98    0.00
-0.402705   0.461366    0.98    0.00    0.00    0.00    0.00
-0.558912   -0.774081   0.00    0.00    0.98    0.00    0.00
0.997272    0.869730    0.00    0.98    0.00    0.00    0.00
-0.729469   0.328956    0.98    0.00    0.00    0.00    0.00
0.444007    0.230801    0.00    0.98    0.00    0.00    0.00
-0.897388   0.511506    0.98    0.00    0.00    0.00    0.00
0.962364    0.296576    0.00    0.98    0.00    0.00    0.00
-0.413432   -0.347157   0.00    0.00    0.98    0.00    0.00
0.633816    0.772180    0.00    0.98    0.00    0.00    0.00
-0.527741   0.064821    0.00    0.00    0.00    0.00    0.98
0.233519    -0.037998   0.00    0.00    0.00    0.00    0.98
-0.070243   0.194594    0.00    0.00    0.00    0.00    0.98
0.658508    0.024482    0.00    0.00    0.00    0.00    0.98
0.311816    -0.051919   0.00    0.00    0.00    0.00    0.98
0.498958    -0.044057   0.00    0.00    0.00    0.00    0.98
-0.863238   -0.492986   0.00    0.00    0.98    0.00    0.00
0.018743    0.760089    0.00    0.00    0.00    0.00    0.98
-0.754500   0.297435    0.98    0.00    0.00    0.00    0.00
-0.575240   -0.118540   0.00    0.00    0.98    0.00    0.00
0.356942    0.630597    0.00    0.98    0.00    0.00    0.00
-0.786658   0.614306    0.98    0.00    0.00    0.00    0.00
-0.283342   -0.024350   0.00    0.00    0.00    0.00    0.98
0.107011    0.085260    0.00    0.00    0.00    0.00    0.98
0.280831    0.089373    0.00    0.00    0.00    0.00    0.98
-0.179706   -0.302083   0.00    0.00    0.98    0.00    0.00
-0.703775   0.109674    0.98    0.00    0.00    0.00    0.00
0.042184    -0.939022   0.00    0.00    0.00    0.00    0.98
0.484726    0.498866    0.00    0.98    0.00    0.00    0.00
-0.122146   0.584365    0.98    0.00    0.00    0.00    0.00
0.380775    0.650338    0.00    0.98    0.00    0.00    0.00
-0.023205   -0.215389   0.00    0.00    0.00    0.00    0.98
-0.120619   -0.566647   0.00    0.00    0.98    0.00    0.00
0.277089    0.100570    0.00    0.98    0.00    0.00    0.00
-0.280199   -0.631004   0.00    0.00    0.98    0.00    0.00
-0.512860   0.942809    0.98    0.00    0.00    0.00    0.00
0.363220    0.687259    0.00    0.98    0.00    0.00    0.00
-0.023522   -0.429761   0.00    0.00    0.00    0.00    0.98
-0.107455   -0.780532   0.00    0.00    0.98    0.00    0.00
-0.390330   0.959732    0.98    0.00    0.00    0.00    0.00
0.155772    0.497483    0.00    0.98    0.00    0.00    0.00
0.767764    0.100324    0.00    0.98    0.00    0.00    0.00
0.863649    0.422815    0.00    0.98    0.00    0.00    0.00
-0.069546   0.830624    0.00    0.00    0.00    0.00    0.98
0.776043    0.670796    0.00    0.98    0.00    0.00    0.00
-0.491539   -0.131995   0.00    0.00    0.98    0.00    0.00
0.491744    0.302833    0.00    0.98    0.00    0.00    0.00
0.300543    0.243932    0.00    0.98    0.00    0.00    0.00
0.225760    -0.339847   0.00    0.00    0.00    0.98    0.00
-0.494951   -0.669290   0.00    0.00    0.98    0.00    0.00
-0.368784   0.347258    0.98    0.00    0.00    0.00    0.00
0.746537    -0.385470   0.00    0.00    0.00    0.98    0.00
-0.064890   0.986618    0.00    0.00    0.00    0.00    0.98
0.472232    -0.257381   0.00    0.00    0.00    0.98    0.00
-0.597234   0.506619    0.98    0.00    0.00    0.00    0.00
-0.859598   0.896811    0.98    0.00    0.00    0.00    0.00
0.957808    -0.259783   0.00    0.00    0.00    0.98    0.00
-0.633152   -0.752208   0.00    0.00    0.98    0.00    0.00
-0.202437   -0.850382   0.00    0.00    0.98    0.00    0.00
0.465280    -0.252450   0.00    0.00    0.00    0.98    0.00
0.909393    -0.255109   0.00    0.00    0.00    0.98    0.00
-0.826382   0.134545    0.98    0.00    0.00    0.00    0.00
0.069790    -0.465113   0.00    0.00    0.00    0.00    0.98
-0.836293   -0.903585   0.00    0.00    0.98    0.00    0.00
-0.924548   -0.900393   0.00    0.00    0.98    0.00    0.00
-0.849809   0.605755    0.98    0.00    0.00    0.00    0.00
0.330442    0.296347    0.00    0.98    0.00    0.00    0.00
0.484770    -0.527184   0.00    0.00    0.00    0.98    0.00
0.823955    -0.273585   0.00    0.00    0.00    0.98    0.00
0.441053    -0.167398   0.00    0.00    0.00    0.98    0.00
0.154383    -0.894851   0.00    0.00    0.00    0.98    0.00
-0.591998   0.407708    0.98    0.00    0.00    0.00    0.00
0.539754    0.318327    0.00    0.98    0.00    0.00    0.00
0.531790    0.066102    0.00    0.00    0.00    0.00    0.98
0.460802    -0.787889   0.00    0.00    0.00    0.98    0.00
0.106042    -0.513118   0.00    0.00    0.00    0.98    0.00
-0.116408   0.338776    0.98    0.00    0.00    0.00    0.00
-0.238950   -0.126557   0.00    0.00    0.98    0.00    0.00
-0.758298   -0.047175   0.00    0.00    0.00    0.00    0.98
-0.644105   0.012881    0.00    0.00    0.00    0.00    0.98
-0.379710   -0.492533   0.00    0.00    0.98    0.00    0.00
0.381019    0.244464    0.00    0.98    0.00    0.00    0.00
-0.050720   -0.115056   0.00    0.00    0.00    0.00    0.98
0.420277    0.869350    0.00    0.98    0.00    0.00    0.00
0.691298    0.235914    0.00    0.98    0.00    0.00    0.00
-0.568430   0.646457    0.98    0.00    0.00    0.00    0.00
-0.471818   -0.007420   0.00    0.00    0.00    0.00    0.98
0.438772    0.152513    0.00    0.98    0.00    0.00    0.00
0.316576    -0.102898   0.00    0.00    0.00    0.98    0.00
-0.650637   -0.287713   0.00    0.00    0.98    0.00    0.00
0.431474    0.149099    0.00    0.98    0.00    0.00    0.00
0.558289    -0.907620   0.00    0.00    0.00    0.98    0.00
-0.029506   -0.547525   0.00    0.00    0.00    0.00    0.98
0.694997    0.269338    0.00    0.98    0.00    0.00    0.00
0.453819    0.640427    0.00    0.98    0.00    0.00    0.00
-0.974048   -0.367336   0.00    0.00    0.98    0.00    0.00
-0.794233   -0.709786   0.00    0.00    0.98    0.00    0.00
0.722327    0.654874    0.00    0.98    0.00    0.00    0.00
-0.550734   0.530891    0.98    0.00    0.00    0.00    0.00
-0.725245   0.841621    0.98    0.00    0.00    0.00    0.00
0.567995    -0.271907   0.00    0.00    0.00    0.98    0.00
0.720954    -0.352405   0.00    0.00    0.00    0.98    0.00
0.017759    0.535442    0.00    0.00    0.00    0.00    0.98
-0.981457   -0.927267   0.00    0.00    0.98    0.00    0.00
0.609019    0.961761    0.00    0.98    0.00    0.00    0.00
0.616670    -0.374956   0.00    0.00    0.00    0.98    0.00
0.804342    0.629049    0.00    0.98    0.00    0.00    0.00
0.848070    0.014430    0.00    0.00    0.00    0.00    0.98
0.363349    0.435536    0.00    0.98    0.00    0.00    0.00
0.135570    -0.941367   0.00    0.00    0.00    0.98    0.00
-0.236490   0.829455    0.98    0.00    0.00    0.00    0.00
-0.029593   -0.547337   0.00    0.00    0.00    0.00    0.98
0.762219    0.685335    0.00    0.98    0.00    0.00    0.00
0.778463    0.286181    0.00    0.98    0.00    0.00    0.00
-0.713142   -0.351952   0.00    0.00    0.98    0.00    0.00
-0.103025   -0.231326   0.00    0.00    0.98    0.00    0.00
-0.080910   0.357557    0.00    0.00    0.00    0.00    0.98
-0.449972   0.060782    0.00    0.00    0.00    0.00    0.98
-0.175017   -0.934619   0.00    0.00    0.98    0.00    0.00
0.495073    0.703010    0.00    0.98    0.00    0.00    0.00
-0.805317   0.131285    0.98    0.00    0.00    0.00    0.00
0.421906    0.989504    0.00    0.98    0.00    0.00    0.00
0.807472    -0.227787   0.00    0.00    0.00    0.98    0.00
-0.015904   -0.262511   0.00    0.00    0.00    0.00    0.98
-0.249562   -0.462459   0.00    0.00    0.98    0.00    0.00
-0.845959   -0.091590   0.00    0.00    0.00    0.00    0.98
0.377377    -0.392020   0.00    0.00    0.00    0.98    0.00
-0.380841   -0.569613   0.00    0.00    0.98    0.00    0.00
0.836702    -0.211199   0.00    0.00    0.00    0.98    0.00
0.932348    0.713598    0.00    0.98    0.00    0.00    0.00
0.533434    0.494052    0.00    0.98    0.00    0.00    0.00
-0.557098   0.718189    0.98    0.00    0.00    0.00    0.00
-0.472196   -0.014392   0.00    0.00    0.00    0.00    0.98
-0.909091   0.212078    0.98    0.00    0.00    0.00    0.00
0.954104    0.090799    0.00    0.00    0.00    0.00    0.98
-0.042374   -0.556827   0.00    0.00    0.00    0.00    0.98
-0.667780   0.332383    0.98    0.00    0.00    0.00    0.00
0.626174    0.795266    0.00    0.98    0.00    0.00    0.00
-0.689228   0.144149    0.98    0.00    0.00    0.00    0.00
0.621785    0.179682    0.00    0.98    0.00    0.00    0.00
0.195402    -0.293653   0.00    0.00    0.00    0.98    0.00
0.268336    -0.957748   0.00    0.00    0.00    0.98    0.00
-0.218824   -0.277490   0.00    0.00    0.98    0.00    0.00
-0.525778   -0.857183   0.00    0.00    0.98    0.00    0.00
0.522671    0.511410    0.00    0.98    0.00    0.00    0.00
-0.837275   -0.852266   0.00    0.00    0.98    0.00    0.00
-0.908471   0.697864    0.98    0.00    0.00    0.00    0.00
0.594304    0.752426    0.00    0.98    0.00    0.00    0.00
0.996221    -0.751587   0.00    0.00    0.00    0.98    0.00
0.864891    -0.583647   0.00    0.00    0.00    0.98    0.00
0.738966    -0.814557   0.00    0.00    0.00    0.98    0.00
-0.855615   0.137328    0.98    0.00    0.00    0.00    0.00
-0.132221   0.967331    0.98    0.00    0.00    0.00    0.00
0.502842    -0.739697   0.00    0.00    0.00    0.98    0.00
-0.579532   0.284577    0.98    0.00    0.00    0.00    0.00
-0.331864   0.013131    0.00    0.00    0.00    0.00    0.98
-0.166452   -0.488714   0.00    0.00    0.98    0.00    0.00
0.009869    0.123040    0.00    0.00    0.00    0.00    0.98
-0.243397   0.137059    0.98    0.00    0.00    0.00    0.00
-0.632507   -0.752816   0.00    0.00    0.98    0.00    0.00
0.488956    -0.763867   0.00    0.00    0.00    0.98    0.00
-0.669043   0.150424    0.98    0.00    0.00    0.00    0.00
-0.285508   0.088847    0.00    0.00    0.00    0.00    0.98
-0.631899   -0.428638   0.00    0.00    0.98    0.00    0.00
0.537340    -0.277922   0.00    0.00    0.00    0.98    0.00
-0.155842   -0.073299   0.00    0.00    0.00    0.00    0.98
0.587255    0.844964    0.00    0.98    0.00    0.00    0.00
-0.372444   0.890711    0.98    0.00    0.00    0.00    0.00
-0.598572   -0.309454   0.00    0.00    0.98    0.00    0.00
0.694793    0.011854    0.00    0.00    0.00    0.00    0.98
0.305099    -0.358777   0.00    0.00    0.00    0.98    0.00
-0.483613   -0.712975   0.00    0.00    0.98    0.00    0.00
0.363208    0.910777    0.00    0.98    0.00    0.00    0.00
0.415008    -0.190323   0.00    0.00    0.00    0.98    0.00
-0.120958   -0.240900   0.00    0.00    0.98    0.00    0.00
0.965014    -0.207152   0.00    0.00    0.00    0.98    0.00
-0.563212   0.162642    0.98    0.00    0.00    0.00    0.00
0.283790    -0.037839   0.00    0.00    0.00    0.00    0.98
-0.620783   -0.698640   0.00    0.00    0.98    0.00    0.00
0.106902    -0.633308   0.00    0.00    0.00    0.98    0.00
-0.733497   0.128015    0.98    0.00    0.00    0.00    0.00
-0.664662   0.731064    0.98    0.00    0.00    0.00    0.00
0.449053    0.084537    0.00    0.00    0.00    0.00    0.98
-0.484276   0.249582    0.98    0.00    0.00    0.00    0.00
0.184874    -0.486821   0.00    0.00    0.00    0.98    0.00
-0.641289   0.179368    0.98    0.00    0.00    0.00    0.00
0.784954    -0.728754   0.00    0.00    0.00    0.98    0.00
0.654224    0.799898    0.00    0.98    0.00    0.00    0.00
0.367454    -0.966241   0.00    0.00    0.00    0.98    0.00
0.556910    0.379612    0.00    0.98    0.00    0.00    0.00
0.315324    -0.345641   0.00    0.00    0.00    0.98    0.00
0.508628    0.360442    0.00    0.98    0.00    0.00    0.00
0.638633    0.345423    0.00    0.98    0.00    0.00    0.00
0.508315    0.948140    0.00    0.98    0.00    0.00    0.00
0.568700    -0.958723   0.00    0.00    0.00    0.98    0.00
0.055030    -0.921480   0.00    0.00    0.00    0.00    0.98
-0.740846   -0.339229   0.00    0.00    0.98    0.00    0.00
-0.526896   -0.800532   0.00    0.00    0.98    0.00    0.00
0.922418    0.336479    0.00    0.98    0.00    0.00    0.00
-0.475779   -0.810175   0.00    0.00    0.98    0.00    0.00
-0.404732   -0.946549   0.00    0.00    0.98    0.00    0.00
0.400636    -0.106839   0.00    0.00    0.00    0.98    0.00
-0.570461   0.292439    0.98    0.00    0.00    0.00    0.00
0.921989    0.412479    0.00    0.98    0.00    0.00    0.00
-0.579534   0.428011    0.98    0.00    0.00    0.00    0.00
0.763973    -0.885780   0.00    0.00    0.00    0.98    0.00
0.829727    -0.138379   0.00    0.00    0.00    0.98    0.00
-0.641309   0.965300    0.98    0.00    0.00    0.00    0.00
0.498718    -0.971706   0.00    0.00    0.00    0.98    0.00
-0.045803   0.917215    0.00    0.00    0.00    0.00    0.98
0.769957    -0.585599   0.00    0.00    0.00    0.98    0.00
0.910710    -0.534127   0.00    0.00    0.00    0.98    0.00
0.087357    -0.177276   0.00    0.00    0.00    0.00    0.98
0.934666    -0.013815   0.00    0.00    0.00    0.00    0.98
-0.319763   0.560270    0.98    0.00    0.00    0.00    0.00
0.894752    0.273605    0.00    0.98    0.00    0.00    0.00
-0.099526   0.561190    0.00    0.00    0.00    0.00    0.98
-0.228465   -0.764189   0.00    0.00    0.98    0.00    0.00
-0.862939   -0.153623   0.00    0.00    0.98    0.00    0.00
0.849758    -0.123244   0.00    0.00    0.00    0.98    0.00
0.275842    -0.773935   0.00    0.00    0.00    0.98    0.00
0.862964    -0.417767   0.00    0.00    0.00    0.98    0.00
0.699721    -0.257964   0.00    0.00    0.00    0.98    0.00
-0.845940   0.802373    0.98    0.00    0.00    0.00    0.00
0.332034    0.664946    0.00    0.98    0.00    0.00    0.00
0.026406    0.567817    0.00    0.00    0.00    0.00    0.98
0.363518    0.108081    0.00    0.98    0.00    0.00    0.00
0.038827    0.322371    0.00    0.00    0.00    0.00    0.98
0.705334    0.247125    0.00    0.98    0.00    0.00    0.00
-0.337052   -0.540033   0.00    0.00    0.98    0.00    0.00
0.859868    -0.671745   0.00    0.00    0.00    0.98    0.00
-0.589608   -0.490758   0.00    0.00    0.98    0.00    0.00
-0.283896   0.199551    0.98    0.00    0.00    0.00    0.00
0.774070    -0.970014   0.00    0.00    0.00    0.98    0.00
0.003362    -0.874388   0.00    0.00    0.00    0.00    0.98
-0.076954   -0.807368   0.00    0.00    0.00    0.00    0.98
-0.235705   0.594164    0.98    0.00    0.00    0.00    0.00
-0.902196   0.347078    0.98    0.00    0.00    0.00    0.00
-0.189120   -0.419182   0.00    0.00    0.98    0.00    0.00
-0.635762   -0.011559   0.00    0.00    0.00    0.00    0.98
0.075809    -0.656692   0.00    0.00    0.00    0.00    0.98
0.995179    0.674316    0.00    0.98    0.00    0.00    0.00
-0.802479   -0.640140   0.00    0.00    0.98    0.00    0.00
0.836017    -0.363900   0.00    0.00    0.00    0.98    0.00
0.518186    -0.005862   0.00    0.00    0.00    0.00    0.98
-0.333887   0.764484    0.98    0.00    0.00    0.00    0.00
-0.656928   0.563087    0.98    0.00    0.00    0.00    0.00
-0.419752   -0.754662   0.00    0.00    0.98    0.00    0.00
0.871725    0.745674    0.00    0.98    0.00    0.00    0.00
0.403457    0.739670    0.00    0.98    0.00    0.00    0.00
-0.233210   0.917557    0.98    0.00    0.00    0.00    0.00
0.831474    0.934733    0.00    0.98    0.00    0.00    0.00
-0.424975   0.266300    0.98    0.00    0.00    0.00    0.00
0.324837    -0.695516   0.00    0.00    0.00    0.98    0.00
-0.555958   0.517468    0.98    0.00    0.00    0.00    0.00
-0.386277   -0.997606   0.00    0.00    0.98    0.00    0.00
0.809912    -0.739483   0.00    0.00    0.00    0.98    0.00
0.378278    0.609211    0.00    0.98    0.00    0.00    0.00
0.733389    0.266750    0.00    0.98    0.00    0.00    0.00
0.939360    -0.359080   0.00    0.00    0.00    0.98    0.00
0.896472    0.819005    0.00    0.98    0.00    0.00    0.00
-0.122068   -0.038409   0.00    0.00    0.00    0.00    0.98
-0.126259   -0.683611   0.00    0.00    0.98    0.00    0.00
-0.856198   -0.988504   0.00    0.00    0.98    0.00    0.00
-0.388748   0.977211    0.98    0.00    0.00    0.00    0.00
0.480694    0.642042    0.00    0.98    0.00    0.00    0.00
0.039861    0.967988    0.00    0.00    0.00    0.00    0.98
-0.862175   -0.968863   0.00    0.00    0.98    0.00    0.00
-0.793849   0.254050    0.98    0.00    0.00    0.00    0.00
-0.427812   0.421560    0.98    0.00    0.00    0.00    0.00
-0.763919   -0.098223   0.00    0.00    0.00    0.00    0.98
0.703669    -0.856323   0.00    0.00    0.00    0.98    0.00
-0.537467   0.393819    0.98    0.00    0.00    0.00    0.00
0.549718    -0.167150   0.00    0.00    0.00    0.98    0.00
-0.764397   0.027989    0.00    0.00    0.00    0.00    0.98
0.090060    0.186307    0.00    0.00    0.00    0.00    0.98
0.110615    0.808329    0.00    0.98    0.00    0.00    0.00
0.738623    -0.497687   0.00    0.00    0.00    0.98    0.00
0.109503    0.989896    0.00    0.98    0.00    0.00    0.00
0.905391    -0.840855   0.00    0.00    0.00    0.98    0.00
0.628424    0.998110    0.00    0.98    0.00    0.00    0.00
0.504748    0.182186    0.00    0.98    0.00    0.00    0.00
-0.546824   -0.112615   0.00    0.00    0.98    0.00    0.00
-0.066213   -0.260273   0.00    0.00    0.00    0.00    0.98
-0.005968   -0.888636   0.00    0.00    0.00    0.00    0.98
-0.058427   -0.525448   0.00    0.00    0.00    0.00    0.98
0.925181    -0.666583   0.00    0.00    0.00    0.98    0.00
0.645195    0.333927    0.00    0.98    0.00    0.00    0.00
0.018976    -0.450655   0.00    0.00    0.00    0.00    0.98
0.932349    0.318761    0.00    0.98    0.00    0.00    0.00
0.744823    0.160909    0.00    0.98    0.00    0.00    0.00
0.770253    0.602823    0.00    0.98    0.00    0.00    0.00
0.009536    -0.518787   0.00    0.00    0.00    0.00    0.98
0.850926    -0.006683   0.00    0.00    0.00    0.00    0.98
0.836927    0.796106    0.00    0.98    0.00    0.00    0.00
0.875156    0.155869    0.00    0.98    0.00    0.00    0.00
0.292200    -0.692854   0.00    0.00    0.00    0.98    0.00
0.541716    -0.889902   0.00    0.00    0.00    0.98    0.00
-0.253986   0.163874    0.98    0.00    0.00    0.00    0.00
-0.838715   -0.185784   0.00    0.00    0.98    0.00    0.00
-0.285338   0.551510    0.98    0.00    0.00    0.00    0.00
0.631242    -0.387727   0.00    0.00    0.00    0.98    0.00
-0.869272   -0.004269   0.00    0.00    0.00    0.00    0.98
0.876796    0.627940    0.00    0.98    0.00    0.00    0.00
0.490010    0.823288    0.00    0.98    0.00    0.00    0.00
0.988629    0.964930    0.00    0.98    0.00    0.00    0.00
-0.538398   -0.505930   0.00    0.00    0.98    0.00    0.00
-0.721646   -0.524952   0.00    0.00    0.98    0.00    0.00
-0.524293   0.405634    0.98    0.00    0.00    0.00    0.00
0.133986    -0.540040   0.00    0.00    0.00    0.98    0.00
-0.871452   0.626940    0.98    0.00    0.00    0.00    0.00
0.252914    0.628532    0.00    0.98    0.00    0.00    0.00
0.231965    -0.407944   0.00    0.00    0.00    0.98    0.00
-0.151552   0.085110    0.00    0.00    0.00    0.00    0.98
0.864455    0.901321    0.00    0.98    0.00    0.00    0.00
-0.382138   0.070806    0.00    0.00    0.00    0.00    0.98
-0.073593   0.219915    0.00    0.00    0.00    0.00    0.98
-0.874769   0.450355    0.98    0.00    0.00    0.00    0.00
0.421253    0.316441    0.00    0.98    0.00    0.00    0.00
-0.339193   0.557712    0.98    0.00    0.00    0.00    0.00
-0.947324   0.842087    0.98    0.00    0.00    0.00    0.00
-0.324213   -0.468111   0.00    0.00    0.98    0.00    0.00
-0.694766   0.185124    0.98    0.00    0.00    0.00    0.00
-0.613647   0.404814    0.98    0.00    0.00    0.00    0.00
0.248868    -0.145121   0.00    0.00    0.00    0.98    0.00
0.076397    -0.070242   0.00    0.00    0.00    0.00    0.98
0.426134    -0.178584   0.00    0.00    0.00    0.98    0.00
-0.171566   0.172487    0.98    0.00    0.00    0.00    0.00
0.560349    0.334929    0.00    0.98    0.00    0.00    0.00
-0.575556   0.978324    0.98    0.00    0.00    0.00    0.00
0.710778    -0.162886   0.00    0.00    0.00    0.98    0.00
0.280582    0.823580    0.00    0.98    0.00    0.00    0.00
0.375135    0.094741    0.00    0.00    0.00    0.00    0.98
0.495302    -0.377168   0.00    0.00    0.00    0.98    0.00
0.697222    0.169377    0.00    0.98    0.00    0.00    0.00
0.005609    0.335097    0.00    0.00    0.00    0.00    0.98
-0.472580   -0.166135   0.00    0.00    0.98    0.00    0.00
-0.444434   -0.840705   0.00    0.00    0.98    0.00    0.00
-0.317736   0.996059    0.98    0.00    0.00    0.00    0.00
-0.938542   0.154356    0.98    0.00    0.00    0.00    0.00
0.059340    0.560553    0.00    0.00    0.00    0.00    0.98
-0.665008   -0.529605   0.00    0.00    0.98    0.00    0.00
-0.059488   0.179196    0.00    0.00    0.00    0.00    0.98
0.447115    -0.738359   0.00    0.00    0.00    0.98    0.00
0.200704    -0.193533   0.00    0.00    0.00    0.98    0.00
-0.049931   -0.834004   0.00    0.00    0.00    0.00    0.98
0.032637    -0.528544   0.00    0.00    0.00    0.00    0.98
0.606394    -0.978881   0.00    0.00    0.00    0.98    0.00
0.965262    0.555466    0.00    0.98    0.00    0.00    0.00
0.951384    0.675800    0.00    0.98    0.00    0.00    0.00
0.550712    0.387454    0.00    0.98    0.00    0.00    0.00
0.298221    -0.246691   0.00    0.00    0.00    0.98    0.00
-0.735693   0.196501    0.98    0.00    0.00    0.00    0.00
-0.363757   -0.577411   0.00    0.00    0.98    0.00    0.00
-0.793633   0.176966    0.98    0.00    0.00    0.00    0.00
-0.283992   0.554906    0.98    0.00    0.00    0.00    0.00
-0.576338   0.321328    0.98    0.00    0.00    0.00    0.00
-0.025227   0.501463    0.00    0.00    0.00    0.00    0.98
-0.683131   -0.222084   0.00    0.00    0.98    0.00    0.00
0.270053    -0.641512   0.00    0.00    0.00    0.98    0.00
0.828860    0.030942    0.00    0.00    0.00    0.00    0.98
0.950108    -0.017695   0.00    0.00    0.00    0.00    0.98
0.219796    0.549923    0.00    0.98    0.00    0.00    0.00
0.117314    -0.787954   0.00    0.00    0.00    0.98    0.00
-0.015750   0.852200    0.00    0.00    0.00    0.00    0.98
-0.759074   -0.332264   0.00    0.00    0.98    0.00    0.00
0.621277    0.289467    0.00    0.98    0.00    0.00    0.00
-0.802065   -0.755377   0.00    0.00    0.98    0.00    0.00
-0.776165   0.240875    0.98    0.00    0.00    0.00    0.00
-0.410328   -0.557396   0.00    0.00    0.98    0.00    0.00
0.317584    -0.343970   0.00    0.00    0.00    0.98    0.00
0.403644    0.901284    0.00    0.98    0.00    0.00    0.00
0.852409    -0.023909   0.00    0.00    0.00    0.00    0.98
-0.406425   -0.508498   0.00    0.00    0.98    0.00    0.00
0.929174    -0.241881   0.00    0.00    0.00    0.98    0.00
-0.606419   -0.576782   0.00    0.00    0.98    0.00    0.00
0.232986    -0.201979   0.00    0.00    0.00    0.98    0.00
-0.226647   -0.472687   0.00    0.00    0.98    0.00    0.00
0.914012    0.125421    0.00    0.98    0.00    0.00    0.00
0.946638    -0.720250   0.00    0.00    0.00    0.98    0.00
0.890283    -0.818638   0.00    0.00    0.00    0.98    0.00
0.355034    0.742566    0.00    0.98    0.00    0.00    0.00
-0.144875   0.533791    0.98    0.00    0.00    0.00    0.00
-0.784190   0.794141    0.98    0.00    0.00    0.00    0.00
-0.741291   -0.067144   0.00    0.00    0.00    0.00    0.98
0.408286    0.681163    0.00    0.98    0.00    0.00    0.00
-0.069152   0.561051    0.00    0.00    0.00    0.00    0.98
-0.138569   0.030328    0.00    0.00    0.00    0.00    0.98
0.162373    0.711839    0.00    0.98    0.00    0.00    0.00
-0.847490   0.458032    0.98    0.00    0.00    0.00    0.00
0.756174    0.230141    0.00    0.98    0.00    0.00    0.00
0.911275    0.489627    0.00    0.98    0.00    0.00    0.00
0.110180    -0.997521   0.00    0.00    0.00    0.98    0.00
0.716057    0.283546    0.00    0.98    0.00    0.00    0.00
-0.501974   0.873602    0.98    0.00    0.00    0.00    0.00
0.522789    0.629793    0.00    0.98    0.00    0.00    0.00
0.672459    0.006420    0.00    0.00    0.00    0.00    0.98
-0.699398   -0.722589   0.00    0.00    0.98    0.00    0.00
-0.854223   -0.711852   0.00    0.00    0.98    0.00    0.00
0.906574    -0.880560   0.00    0.00    0.00    0.98    0.00
0.310883    0.945118    0.00    0.98    0.00    0.00    0.00
0.157527    0.581440    0.00    0.98    0.00    0.00    0.00
-0.221738   0.634749    0.98    0.00    0.00    0.00    0.00
0.115638    -0.673432   0.00    0.00    0.00    0.98    0.00
0.167307    0.677546    0.00    0.98    0.00    0.00    0.00
-0.924269   0.575907    0.98    0.00    0.00    0.00    0.00
-0.095451   -0.676604   0.00    0.00    0.00    0.00    0.98
0.000525    -0.649988   0.00    0.00    0.00    0.00    0.98
-0.944388   -0.460505   0.00    0.00    0.98    0.00    0.00
0.857588    -0.093221   0.00    0.00    0.00    0.00    0.98
-0.632587   -0.923093   0.00    0.00    0.98    0.00    0.00
-0.065509   -0.044422   0.00    0.00    0.00    0.00    0.98
-0.640163   0.655429    0.98    0.00    0.00    0.00    0.00
0.773881    0.706982    0.00    0.98    0.00    0.00    0.00
0.638617    -0.953763   0.00    0.00    0.00    0.98    0.00
0.188220    0.902019    0.00    0.98    0.00    0.00    0.00
0.899942    -0.156978   0.00    0.00    0.00    0.98    0.00
0.809794    0.754664    0.00    0.98    0.00    0.00    0.00
0.227642    0.264004    0.00    0.98    0.00    0.00    0.00
-0.943427   0.636265    0.98    0.00    0.00    0.00    0.00
-0.453139   -0.129338   0.00    0.00    0.98    0.00    0.00
0.637220    -0.567280   0.00    0.00    0.00    0.98    0.00
0.373511    0.849880    0.00    0.98    0.00    0.00    0.00
0.978848    0.170045    0.00    0.98    0.00    0.00    0.00
-0.367242   0.823786    0.98    0.00    0.00    0.00    0.00
-0.578034   -0.985372   0.00    0.00    0.98    0.00    0.00
-0.201624   -0.120561   0.00    0.00    0.98    0.00    0.00
-0.541376   -0.273754   0.00    0.00    0.98    0.00    0.00
-0.951664   0.399543    0.98    0.00    0.00    0.00    0.00
0.936702    -0.691214   0.00    0.00    0.00    0.98    0.00
0.183120    -0.089847   0.00    0.00    0.00    0.00    0.98
-0.659689   -0.405428   0.00    0.00    0.98    0.00    0.00
0.452410    0.412290    0.00    0.98    0.00    0.00    0.00
0.230793    0.184027    0.00    0.98    0.00    0.00    0.00
0.789258    0.536971    0.00    0.98    0.00    0.00    0.00
-0.826600   -0.148624   0.00    0.00    0.98    0.00    0.00
-0.048542   -0.836938   0.00    0.00    0.00    0.00    0.98
-0.121972   -0.499330   0.00    0.00    0.98    0.00    0.00
-0.073512   -0.098000   0.00    0.00    0.00    0.00    0.98
-0.222065   0.231716    0.98    0.00    0.00    0.00    0.00
0.119891    -0.491163   0.00    0.00    0.00    0.98    0.00
0.566774    -0.316825   0.00    0.00    0.00    0.98    0.00
-0.334256   -0.837835   0.00    0.00    0.98    0.00    0.00
0.284211    -0.023479   0.00    0.00    0.00    0.00    0.98
-0.635794   -0.884923   0.00    0.00    0.98    0.00    0.00
-0.462184   -0.040656   0.00    0.00    0.00    0.00    0.98
0.903142    -0.841311   0.00    0.00    0.00    0.98    0.00
-0.876823   0.651062    0.98    0.00    0.00    0.00    0.00
-0.040720   -0.196749   0.00    0.00    0.00    0.00    0.98
0.557669    -0.226916   0.00    0.00    0.00    0.98    0.00
0.581671    -0.698357   0.00    0.00    0.00    0.98    0.00
0.610138    0.290962    0.00    0.98    0.00    0.00    0.00
-0.281425   0.707576    0.98    0.00    0.00    0.00    0.00
0.513902    0.273561    0.00    0.98    0.00    0.00    0.00
-0.296180   0.295043    0.98    0.00    0.00    0.00    0.00
-0.382293   0.664748    0.98    0.00    0.00    0.00    0.00
0.397669    -0.007105   0.00    0.00    0.00    0.00    0.98
-0.647108   -0.431097   0.00    0.00    0.98    0.00    0.00
-0.738346   -0.126050   0.00    0.00    0.98    0.00    0.00
-0.050070   0.026342    0.00    0.00    0.00    0.00    0.98
0.841488    0.456303    0.00    0.98    0.00    0.00    0.00
0.800986    -0.314613   0.00    0.00    0.00    0.98    0.00
0.726948    -0.160751   0.00    0.00    0.00    0.98    0.00
0.735894    -0.507206   0.00    0.00    0.00    0.98    0.00
-0.610960   -0.536217   0.00    0.00    0.98    0.00    0.00
0.549407    -0.707958   0.00    0.00    0.00    0.98    0.00
0.570859    -0.499498   0.00    0.00    0.00    0.98    0.00
-0.062282   -0.467344   0.00    0.00    0.00    0.00    0.98
0.738922    0.096787    0.00    0.00    0.00    0.00    0.98
0.074921    -0.915176   0.00    0.00    0.00    0.00    0.98
-0.832424   0.893880    0.98    0.00    0.00    0.00    0.00
-0.813021   -0.848223   0.00    0.00    0.98    0.00    0.00
0.078236    0.951949    0.00    0.00    0.00    0.00    0.98
0.386605    0.101246    0.00    0.98    0.00    0.00    0.00
-0.187376   -0.049564   0.00    0.00    0.00    0.00    0.98
0.053103    -0.866576   0.00    0.00    0.00    0.00    0.98
-0.528697   -0.713745   0.00    0.00    0.98    0.00    0.00
0.250157    0.944087    0.00    0.98    0.00    0.00    0.00
0.294778    -0.485053   0.00    0.00    0.00    0.98    0.00
0.253151    0.043110    0.00    0.00    0.00    0.00    0.98
-0.231422   -0.338843   0.00    0.00    0.98    0.00    0.00
-0.761418   0.628285    0.98    0.00    0.00    0.00    0.00
-0.518694   0.590640    0.98    0.00    0.00    0.00    0.00
0.637170    0.924919    0.00    0.98    0.00    0.00    0.00
0.199986    0.783088    0.00    0.98    0.00    0.00    0.00
-0.250045   -0.652913   0.00    0.00    0.98    0.00    0.00
0.574614    0.629733    0.00    0.98    0.00    0.00    0.00
-0.581037   -0.561412   0.00    0.00    0.98    0.00    0.00
0.793020    0.650377    0.00    0.98    0.00    0.00    0.00
0.688504    -0.309163   0.00    0.00    0.00    0.98    0.00
0.318554    -0.387602   0.00    0.00    0.00    0.98    0.00
0.838728    0.541159    0.00    0.98    0.00    0.00    0.00
-0.980123   0.509213    0.98    0.00    0.00    0.00    0.00
-0.826074   0.704819    0.98    0.00    0.00    0.00    0.00
-0.545810   -0.761142   0.00    0.00    0.98    0.00    0.00
0.105934    0.784375    0.00    0.98    0.00    0.00    0.00
0.462311    -0.062275   0.00    0.00    0.00    0.00    0.98
-0.591577   -0.090542   0.00    0.00    0.00    0.00    0.98
0.446752    -0.675967   0.00    0.00    0.00    0.98    0.00
-0.125286   0.256815    0.98    0.00    0.00    0.00    0.00
0.395279    -0.445444   0.00    0.00    0.00    0.98    0.00
-0.077182   0.360827    0.00    0.00    0.00    0.00    0.98
-0.959849   0.121716    0.98    0.00    0.00    0.00    0.00
0.314270    -0.648519   0.00    0.00    0.00    0.98    0.00
-0.592169   -0.269623   0.00    0.00    0.98    0.00    0.00
-0.300131   -0.934876   0.00    0.00    0.98    0.00    0.00
0.705479    -0.691498   0.00    0.00    0.00    0.98    0.00
-0.578067   0.829148    0.98    0.00    0.00    0.00    0.00
-0.642950   0.000794    0.00    0.00    0.00    0.00    0.98
0.802394    0.806046    0.00    0.98    0.00    0.00    0.00
-0.046278   0.395126    0.00    0.00    0.00    0.00    0.98
0.295399    -0.853104   0.00    0.00    0.00    0.98    0.00
-0.973442   -0.248437   0.00    0.00    0.98    0.00    0.00
0.381156    -0.406047   0.00    0.00    0.00    0.98    0.00
-0.757623   0.544676    0.98    0.00    0.00    0.00    0.00
0.317105    0.825733    0.00    0.98    0.00    0.00    0.00
-0.462784   -0.477182   0.00    0.00    0.98    0.00    0.00
-0.410079   0.956263    0.98    0.00    0.00    0.00    0.00
0.572859    -0.437257   0.00    0.00    0.00    0.98    0.00
0.909115    0.621529    0.00    0.98    0.00    0.00    0.00
-0.483426   -0.755134   0.00    0.00    0.98    0.00    0.00
-0.790399   -0.087855   0.00    0.00    0.00    0.00    0.98
-0.051316   0.126324    0.00    0.00    0.00    0.00    0.98
-0.808695   0.087999    0.00    0.00    0.00    0.00    0.98
0.466194    -0.736902   0.00    0.00    0.00    0.98    0.00
0.007614    -0.121541   0.00    0.00    0.00    0.00    0.98
0.043097    0.930629    0.00    0.00    0.00    0.00    0.98
-0.292620   0.885202    0.98    0.00    0.00    0.00    0.00
0.589803    0.896008    0.00    0.98    0.00    0.00    0.00
0.933343    -0.660007   0.00    0.00    0.00    0.98    0.00
-0.766665   0.109616    0.98    0.00    0.00    0.00    0.00
-0.721420   0.260844    0.98    0.00    0.00    0.00    0.00
0.568290    -0.372622   0.00    0.00    0.00    0.98    0.00
0.395188    0.949514    0.00    0.98    0.00    0.00    0.00
0.997633    0.272132    0.00    0.98    0.00    0.00    0.00
-0.360809   -0.450880   0.00    0.00    0.98    0.00    0.00
0.472933    0.874174    0.00    0.98    0.00    0.00    0.00
-0.663455   0.620985    0.98    0.00    0.00    0.00    0.00
0.768789    -0.304768   0.00    0.00    0.00    0.98    0.00
0.466688    -0.535005   0.00    0.00    0.00    0.98    0.00
0.773236    -0.516725   0.00    0.00    0.00    0.98    0.00
-0.898294   -0.747105   0.00    0.00    0.98    0.00    0.00
0.919746    0.202275    0.00    0.98    0.00    0.00    0.00
0.790256    -0.301365   0.00    0.00    0.00    0.98    0.00
-0.025059   -0.362834   0.00    0.00    0.00    0.00    0.98
-0.728461   -0.801552   0.00    0.00    0.98    0.00    0.00
-0.669323   -0.456643   0.00    0.00    0.98    0.00    0.00
-0.914519   0.806456    0.98    0.00    0.00    0.00    0.00
0.238314    0.118421    0.00    0.98    0.00    0.00    0.00
-0.874179   -0.942155   0.00    0.00    0.98    0.00    0.00
-0.063661   0.580553    0.00    0.00    0.00    0.00    0.98
0.185014    0.665782    0.00    0.98    0.00    0.00    0.00
0.740878    0.308069    0.00    0.98    0.00    0.00    0.00
0.103704    -0.847467   0.00    0.00    0.00    0.98    0.00
0.191439    -0.684637   0.00    0.00    0.00    0.98    0.00
0.133785    -0.462924   0.00    0.00    0.00    0.98    0.00
0.529154    0.468364    0.00    0.98    0.00    0.00    0.00
0.463292    0.851640    0.00    0.98    0.00    0.00    0.00
-0.732298   0.440457    0.98    0.00    0.00    0.00    0.00
-0.893287   0.940079    0.98    0.00    0.00    0.00    0.00
-0.903407   -0.206580   0.00    0.00    0.98    0.00    0.00
-0.500561   -0.068337   0.00    0.00    0.00    0.00    0.98
0.863269    0.176478    0.00    0.98    0.00    0.00    0.00
-0.502245   -0.164280   0.00    0.00    0.98    0.00    0.00
0.283259    -0.540912   0.00    0.00    0.00    0.98    0.00
0.549032    0.468879    0.00    0.98    0.00    0.00    0.00
-0.539498   -0.325014   0.00    0.00    0.98    0.00    0.00
-0.251253   0.908103    0.98    0.00    0.00    0.00    0.00
-0.413613   0.472920    0.98    0.00    0.00    0.00    0.00
0.043872    -0.502264   0.00    0.00    0.00    0.00    0.98
0.583378    -0.575144   0.00    0.00    0.00    0.98    0.00
0.454972    -0.495739   0.00    0.00    0.00    0.98    0.00
-0.174384   -0.372327   0.00    0.00    0.98    0.00    0.00
-0.648581   0.769221    0.98    0.00    0.00    0.00    0.00
-0.003280   -0.471411   0.00    0.00    0.00    0.00    0.98
-0.936417   -0.101994   0.00    0.00    0.98    0.00    0.00
0.222219    0.632341    0.00    0.98    0.00    0.00    0.00
0.215667    0.446003    0.00    0.98    0.00    0.00    0.00
0.773195    0.705091    0.00    0.98    0.00    0.00    0.00
0.888163    -0.438286   0.00    0.00    0.00    0.98    0.00
0.282598    -0.037836   0.00    0.00    0.00    0.00    0.98
-0.629411   -0.300844   0.00    0.00    0.98    0.00    0.00
0.534525    0.888692    0.00    0.98    0.00    0.00    0.00
-0.139160   0.861133    0.98    0.00    0.00    0.00    0.00
0.791880    -0.199008   0.00    0.00    0.00    0.98    0.00
-0.685429   -0.952626   0.00    0.00    0.98    0.00    0.00
-0.502349   -0.082354   0.00    0.00    0.00    0.00    0.98
0.703094    -0.914051   0.00    0.00    0.00    0.98    0.00
0.181008    0.365152    0.00    0.98    0.00    0.00    0.00
0.947382    0.170380    0.00    0.98    0.00    0.00    0.00
-0.469195   -0.428355   0.00    0.00    0.98    0.00    0.00
-0.269774   0.090067    0.00    0.00    0.00    0.00    0.98
-0.507789   0.185615    0.98    0.00    0.00    0.00    0.00
0.266951    0.410081    0.00    0.98    0.00    0.00    0.00
-0.302453   -0.816221   0.00    0.00    0.98    0.00    0.00
0.191053    -0.406008   0.00    0.00    0.00    0.98    0.00
-0.132206   0.334293    0.98    0.00    0.00    0.00    0.00
-0.377707   0.028159    0.00    0.00    0.00    0.00    0.98
0.022665    0.147707    0.00    0.00    0.00    0.00    0.98
-0.341514   -0.732784   0.00    0.00    0.98    0.00    0.00
0.295537    -0.798491   0.00    0.00    0.00    0.98    0.00
0.598207    -0.362965   0.00    0.00    0.00    0.98    0.00
-0.091832   -0.988770   0.00    0.00    0.00    0.00    0.98
0.108807    -0.032718   0.00    0.00    0.00    0.00    0.98
0.140876    -0.102546   0.00    0.00    0.00    0.98    0.00
-0.361752   0.397245    0.98    0.00    0.00    0.00    0.00
-0.063561   0.204430    0.00    0.00    0.00    0.00    0.98
-0.319016   -0.626083   0.00    0.00    0.98    0.00    0.00
0.316754    -0.040889   0.00    0.00    0.00    0.00    0.98
0.182825    -0.409148   0.00    0.00    0.00    0.98    0.00
0.870238    -0.572239   0.00    0.00    0.00    0.98    0.00
-0.751755   -0.619184   0.00    0.00    0.98    0.00    0.00
-0.588545   0.909469    0.98    0.00    0.00    0.00    0.00
0.720022    -0.440826   0.00    0.00    0.00    0.98    0.00
0.393617    0.179106    0.00    0.98    0.00    0.00    0.00
-0.082224   -0.378659   0.00    0.00    0.00    0.00    0.98
-0.024257   -0.249044   0.00    0.00    0.00    0.00    0.98
-0.798365   -0.015635   0.00    0.00    0.00    0.00    0.98
0.819789    0.041576    0.00    0.00    0.00    0.00    0.98
0.245317    -0.430008   0.00    0.00    0.00    0.98    0.00
-0.037124   -0.284205   0.00    0.00    0.00    0.00    0.98
-0.789510   0.260093    0.98    0.00    0.00    0.00    0.00
0.905782    0.015818    0.00    0.00    0.00    0.00    0.98
-0.746916   0.341718    0.98    0.00    0.00    0.00    0.00
-0.282129   -0.606718   0.00    0.00    0.98    0.00    0.00
0.560782    -0.694418   0.00    0.00    0.00    0.98    0.00
-0.107921   -0.477483   0.00    0.00    0.98    0.00    0.00
-0.005388   -0.393666   0.00    0.00    0.00    0.00    0.98
-0.333045   0.586497    0.98    0.00    0.00    0.00    0.00
0.937921    -0.285869   0.00    0.00    0.00    0.98    0.00
-0.766460   -0.828605   0.00    0.00    0.98    0.00    0.00
0.062412    -0.128303   0.00    0.00    0.00    0.00    0.98
0.305829    0.611372    0.00    0.98    0.00    0.00    0.00
0.941747    -0.045945   0.00    0.00    0.00    0.00    0.98
-0.561682   0.252671    0.98    0.00    0.00    0.00    0.00
-0.628653   0.079460    0.00    0.00    0.00    0.00    0.98
-0.504871   0.026437    0.00    0.00    0.00    0.00    0.98
0.563996    -0.774501   0.00    0.00    0.00    0.98    0.00
-0.315827   -0.886227   0.00    0.00    0.98    0.00    0.00
0.693844    -0.056970   0.00    0.00    0.00    0.00    0.98
-0.025809   0.361101    0.00    0.00    0.00    0.00    0.98
0.471702    -0.501070   0.00    0.00    0.00    0.98    0.00
0.417025    0.754122    0.00    0.98    0.00    0.00    0.00
-0.829660   0.081279    0.00    0.00    0.00    0.00    0.98
-0.402943   0.322439    0.98    0.00    0.00    0.00    0.00
0.524864    0.307648    0.00    0.98    0.00    0.00    0.00
0.192379    0.032988    0.00    0.00    0.00    0.00    0.98
-0.333752   -0.873616   0.00    0.00    0.98    0.00    0.00
-0.719448   0.686396    0.98    0.00    0.00    0.00    0.00
-0.990937   -0.505388   0.00    0.00    0.98    0.00    0.00
0.078670    0.870681    0.00    0.00    0.00    0.00    0.98
-0.893658   -0.789076   0.00    0.00    0.98    0.00    0.00
-0.491844   0.823415    0.98    0.00    0.00    0.00    0.00
-0.139050   0.868874    0.98    0.00    0.00    0.00    0.00
-0.216345   -0.708712   0.00    0.00    0.98    0.00    0.00
0.795339    0.810221    0.00    0.98    0.00    0.00    0.00
0.514684    -0.616653   0.00    0.00    0.00    0.98    0.00
0.790845    -0.511390   0.00    0.00    0.00    0.98    0.00
-0.776228   -0.090490   0.00    0.00    0.00    0.00    0.98
0.999260    -0.908062   0.00    0.00    0.00    0.98    0.00
0.501453    -0.967156   0.00    0.00    0.00    0.98    0.00
-0.738566   -0.025068   0.00    0.00    0.00    0.00    0.98
-0.030492   0.048188    0.00    0.00    0.00    0.00    0.98
-0.258751   0.182677    0.98    0.00    0.00    0.00    0.00
0.000905    -0.560779   0.00    0.00    0.00    0.00    0.98
0.380213    0.349594    0.00    0.98    0.00    0.00    0.00
-0.850341   -0.985473   0.00    0.00    0.98    0.00    0.00
-0.907641   0.058965    0.00    0.00    0.00    0.00    0.98
0.916991    0.031383    0.00    0.00    0.00    0.00    0.98
0.437497    0.844515    0.00    0.98    0.00    0.00    0.00
-0.996223   -0.957752   0.00    0.00    0.98    0.00    0.00
0.056845    0.075421    0.00    0.00    0.00    0.00    0.98
-0.737633   -0.655668   0.00    0.00    0.98    0.00    0.00
0.239567    -0.209710   0.00    0.00    0.00    0.98    0.00
0.787484    0.866447    0.00    0.98    0.00    0.00    0.00
0.887018    0.134475    0.00    0.98    0.00    0.00    0.00
0.182678    0.615967    0.00    0.98    0.00    0.00    0.00
-0.984372   0.286413    0.98    0.00    0.00    0.00    0.00
-0.643747   0.786387    0.98    0.00    0.00    0.00    0.00
-0.045787   0.592566    0.00    0.00    0.00    0.00    0.98
-0.197782   -0.434573   0.00    0.00    0.98    0.00    0.00
-0.759215   -0.869701   0.00    0.00    0.98    0.00    0.00
-0.889306   -0.377943   0.00    0.00    0.98    0.00    0.00
-0.663037   -0.348163   0.00    0.00    0.98    0.00    0.00
-0.214872   -0.203914   0.00    0.00    0.98    0.00    0.00
0.254518    -0.246704   0.00    0.00    0.00    0.98    0.00
0.667335    0.279031    0.00    0.98    0.00    0.00    0.00
-0.690941   0.020664    0.00    0.00    0.00    0.00    0.98
-0.855942   -0.717714   0.00    0.00    0.98    0.00    0.00
-0.796466   0.955167    0.98    0.00    0.00    0.00    0.00
0.598943    -0.353017   0.00    0.00    0.00    0.98    0.00
0.443445    0.486044    0.00    0.98    0.00    0.00    0.00
0.205264    -0.839270   0.00    0.00    0.00    0.98    0.00
-0.374785   -0.250773   0.00    0.00    0.98    0.00    0.00
0.960239    -0.810116   0.00    0.00    0.00    0.98    0.00
0.721040    -0.464120   0.00    0.00    0.00    0.98    0.00
-0.210062   -0.141412   0.00    0.00    0.98    0.00    0.00
0.921097    -0.502237   0.00    0.00    0.00    0.98    0.00
-0.305000   -0.944027   0.00    0.00    0.98    0.00    0.00
0.118366    0.801126    0.00    0.98    0.00    0.00    0.00
-0.733749   -0.592597   0.00    0.00    0.98    0.00    0.00
-0.984137   0.689514    0.98    0.00    0.00    0.00    0.00
0.893837    -0.632177   0.00    0.00    0.00    0.98    0.00
0.154162    0.638399    0.00    0.98    0.00    0.00    0.00
0.100823    -0.972314   0.00    0.00    0.00    0.98    0.00
-0.184627   -0.495030   0.00    0.00    0.98    0.00    0.00
-0.288778   -0.608172   0.00    0.00    0.98    0.00    0.00
-0.106784   0.081239    0.00    0.00    0.00    0.00    0.98
0.000989    0.808142    0.00    0.00    0.00    0.00    0.98
-0.659341   -0.986150   0.00    0.00    0.98    0.00    0.00
-0.878084   -0.693332   0.00    0.00    0.98    0.00    0.00
0.181573    -0.304649   0.00    0.00    0.00    0.98    0.00
0.665968    0.704599    0.00    0.98    0.00    0.00    0.00
0.042508    -0.904518   0.00    0.00    0.00    0.00    0.98
-0.955243   0.706927    0.98    0.00    0.00    0.00    0.00
-0.494226   0.368458    0.98    0.00    0.00    0.00    0.00
-0.532476   0.323564    0.98    0.00    0.00    0.00    0.00
0.969156    -0.265243   0.00    0.00    0.00    0.98    0.00
0.802793    -0.977880   0.00    0.00    0.00    0.98    0.00
-0.663100   0.317508    0.98    0.00    0.00    0.00    0.00
0.192676    -0.237583   0.00    0.00    0.00    0.98    0.00
-0.911985   -0.265820   0.00    0.00    0.98    0.00    0.00
0.880641    -0.848053   0.00    0.00    0.00    0.98    0.00
0.851117    0.412590    0.00    0.98    0.00    0.00    0.00
0.470432    0.576982    0.00    0.98    0.00    0.00    0.00
-0.155868   0.339438    0.98    0.00    0.00    0.00    0.00
0.050146    0.867409    0.00    0.00    0.00    0.00    0.98
-0.856064   -0.177310   0.00    0.00    0.98    0.00    0.00
-0.140470   -0.351243   0.00    0.00    0.98    0.00    0.00
-0.245624   -0.250865   0.00    0.00    0.98    0.00    0.00
0.179840    0.955106    0.00    0.98    0.00    0.00    0.00
-0.872653   0.994550    0.98    0.00    0.00    0.00    0.00
-0.446245   0.296755    0.98    0.00    0.00    0.00    0.00
-0.322735   0.621398    0.98    0.00    0.00    0.00    0.00
-0.735509   0.047715    0.00    0.00    0.00    0.00    0.98
-0.873601   -0.804379   0.00    0.00    0.98    0.00    0.00
-0.101989   -0.203149   0.00    0.00    0.98    0.00    0.00
0.558096    -0.839389   0.00    0.00    0.00    0.98    0.00
0.874723    -0.466215   0.00    0.00    0.00    0.98    0.00
0.364300    -0.752935   0.00    0.00    0.00    0.98    0.00
-0.971928   -0.397650   0.00    0.00    0.98    0.00    0.00
-0.258765   -0.478948   0.00    0.00    0.98    0.00    0.00
-0.963162   0.992768    0.98    0.00    0.00    0.00    0.00
0.607497    0.140067    0.00    0.98    0.00    0.00    0.00
-0.518710   -0.424611   0.00    0.00    0.98    0.00    0.00
-0.671293   -0.447706   0.00    0.00    0.98    0.00    0.00
0.306189    0.275905    0.00    0.98    0.00    0.00    0.00
-0.625770   -0.921690   0.00    0.00    0.98    0.00    0.00
0.177593    -0.242009   0.00    0.00    0.00    0.98    0.00
-0.413743   0.060907    0.00    0.00    0.00    0.00    0.98
0.144514    0.010372    0.00    0.00    0.00    0.00    0.98
-0.765044   -0.736340   0.00    0.00    0.98    0.00    0.00
-0.018880   -0.288991   0.00    0.00    0.00    0.00    0.98
0.563236    -0.305068   0.00    0.00    0.00    0.98    0.00
-0.455808   0.401524    0.98    0.00    0.00    0.00    0.00
0.882458    -0.954455   0.00    0.00    0.00    0.98    0.00
-0.244771   -0.709504   0.00    0.00    0.98    0.00    0.00
0.614059    0.751095    0.00    0.98    0.00    0.00    0.00
-0.445613   0.610321    0.98    0.00    0.00    0.00    0.00
0.305039    0.709358    0.00    0.98    0.00    0.00    0.00
0.004944    -0.070240   0.00    0.00    0.00    0.00    0.98
0.517523    0.608946    0.00    0.98    0.00    0.00    0.00
-0.294244   -0.333515   0.00    0.00    0.98    0.00    0.00
0.146525    0.394571    0.00    0.98    0.00    0.00    0.00
0.168245    -0.060576   0.00    0.00    0.00    0.00    0.98
-0.399360   -0.754232   0.00    0.00    0.98    0.00    0.00
-0.768648   0.766922    0.98    0.00    0.00    0.00    0.00
-0.407350   -0.944367   0.00    0.00    0.98    0.00    0.00
-0.651920   -0.230607   0.00    0.00    0.98    0.00    0.00
0.262412    0.780880    0.00    0.98    0.00    0.00    0.00
-0.185969   0.797284    0.98    0.00    0.00    0.00    0.00
0.589184    -0.841472   0.00    0.00    0.00    0.98    0.00
-0.732777   0.169371    0.98    0.00    0.00    0.00    0.00
0.348996    0.340712    0.00    0.98    0.00    0.00    0.00
0.767677    0.282758    0.00    0.98    0.00    0.00    0.00
-0.038386   -0.219227   0.00    0.00    0.00    0.00    0.98
0.793582    0.155814    0.00    0.98    0.00    0.00    0.00
-0.035694   0.795589    0.00    0.00    0.00    0.00    0.98
0.098374    -0.378876   0.00    0.00    0.00    0.00    0.98
0.231196    -0.204952   0.00    0.00    0.00    0.98    0.00
0.898319    0.806786    0.00    0.98    0.00    0.00    0.00
-0.090752   0.956337    0.00    0.00    0.00    0.00    0.98
-0.408103   0.227975    0.98    0.00    0.00    0.00    0.00
0.418018    -0.993616   0.00    0.00    0.00    0.98    0.00
-0.047530   0.065619    0.00    0.00    0.00    0.00    0.98
0.866253    0.179162    0.00    0.98    0.00    0.00    0.00
0.062325    -0.755679   0.00    0.00    0.00    0.00    0.98
-0.006114   -0.605504   0.00    0.00    0.00    0.00    0.98
0.560911    -0.049418   0.00    0.00    0.00    0.00    0.98
0.668429    0.271214    0.00    0.98    0.00    0.00    0.00
0.144619    -0.191502   0.00    0.00    0.00    0.98    0.00
0.902436    0.788793    0.00    0.98    0.00    0.00    0.00
-0.690228   -0.666860   0.00    0.00    0.98    0.00    0.00
-0.060900   -0.124195   0.00    0.00    0.00    0.00    0.98
-0.541216   -0.646524   0.00    0.00    0.98    0.00    0.00
-0.527253   0.474002    0.98    0.00    0.00    0.00    0.00
-0.928260   0.384668    0.98    0.00    0.00    0.00    0.00
0.658014    0.340066    0.00    0.98    0.00    0.00    0.00
-0.843468   -0.128196   0.00    0.00    0.98    0.00    0.00
-0.836284   -0.908916   0.00    0.00    0.98    0.00    0.00
-0.233785   0.671963    0.98    0.00    0.00    0.00    0.00
0.587667    -0.281716   0.00    0.00    0.00    0.98    0.00
-0.948803   -0.864992   0.00    0.00    0.98    0.00    0.00
-0.548562   0.160154    0.98    0.00    0.00    0.00    0.00
-0.809495   0.583360    0.98    0.00    0.00    0.00    0.00
-0.339468   -0.041287   0.00    0.00    0.00    0.00    0.98
-0.765346   -0.231282   0.00    0.00    0.98    0.00    0.00
0.344386    -0.942006   0.00    0.00    0.00    0.98    0.00
0.681654    -0.034410   0.00    0.00    0.00    0.00    0.98
-0.291336   0.090525    0.00    0.00    0.00    0.00    0.98
-0.506970   -0.232716   0.00    0.00    0.98    0.00    0.00
0.801370    -0.485497   0.00    0.00    0.00    0.98    0.00
-0.335648   -0.532699   0.00    0.00    0.98    0.00    0.00
-0.145215   0.923687    0.98    0.00    0.00    0.00    0.00
-0.876035   0.515346    0.98    0.00    0.00    0.00    0.00
-0.880045   -0.827229   0.00    0.00    0.98    0.00    0.00
-0.834669   -0.143412   0.00    0.00    0.98    0.00    0.00
-0.847112   -0.396419   0.00    0.00    0.98    0.00    0.00
0.479683    0.023999    0.00    0.00    0.00    0.00    0.98
-0.858643   0.752308    0.98    0.00    0.00    0.00    0.00
-0.074914   0.972523    0.00    0.00    0.00    0.00    0.98
-0.981391   -0.565461   0.00    0.00    0.98    0.00    0.00
-0.963837   -0.925305   0.00    0.00    0.98    0.00    0.00
-0.570258   0.112850    0.98    0.00    0.00    0.00    0.00
-0.379535   -0.007209   0.00    0.00    0.00    0.00    0.98
0.906093    -0.039038   0.00    0.00    0.00    0.00    0.98
-0.601431   0.779398    0.98    0.00    0.00    0.00    0.00
0.891373    0.879603    0.00    0.98    0.00    0.00    0.00
-0.457723   -0.662612   0.00    0.00    0.98    0.00    0.00
-0.350450   -0.407524   0.00    0.00    0.98    0.00    0.00
0.038771    0.151672    0.00    0.00    0.00    0.00    0.98
-0.983802   0.018688    0.00    0.00    0.00    0.00    0.98
0.085278    -0.810821   0.00    0.00    0.00    0.00    0.98
0.120699    -0.417476   0.00    0.00    0.00    0.98    0.00
-0.297664   -0.539728   0.00    0.00    0.98    0.00    0.00
0.455813    -0.602091   0.00    0.00    0.00    0.98    0.00
-0.476410   -0.406451   0.00    0.00    0.98    0.00    0.00
-0.395283   0.816167    0.98    0.00    0.00    0.00    0.00
0.869278    0.275114    0.00    0.98    0.00    0.00    0.00
-0.516395   -0.878374   0.00    0.00    0.98    0.00    0.00
0.836655    0.956316    0.00    0.98    0.00    0.00    0.00
0.363080    0.917771    0.00    0.98    0.00    0.00    0.00
0.730011    0.449393    0.00    0.98    0.00    0.00    0.00
0.851466    0.766644    0.00    0.98    0.00    0.00    0.00
0.628795    0.469053    0.00    0.98    0.00    0.00    0.00
0.069240    0.467243    0.00    0.00    0.00    0.00    0.98
0.824145    -0.265573   0.00    0.00    0.00    0.98    0.00
-0.440493   0.323860    0.98    0.00    0.00    0.00    0.00
-0.315100   0.922448    0.98    0.00    0.00    0.00    0.00
-0.221707   0.431644    0.98    0.00    0.00    0.00    0.00
-0.321391   -0.063506   0.00    0.00    0.00    0.00    0.98
-0.633316   -0.021191   0.00    0.00    0.00    0.00    0.98
0.038323    -0.303656   0.00    0.00    0.00    0.00    0.98
-0.841861   -0.620086   0.00    0.00    0.98    0.00    0.00
0.116149    0.189969    0.00    0.98    0.00    0.00    0.00
0.246151    -0.979395   0.00    0.00    0.00    0.98    0.00
-0.973287   -0.672875   0.00    0.00    0.98    0.00    0.00
-0.609223   -0.548790   0.00    0.00    0.98    0.00    0.00
0.202579    -0.515686   0.00    0.00    0.00    0.98    0.00
0.051995    0.954305    0.00    0.00    0.00    0.00    0.98
0.241594    0.045558    0.00    0.00    0.00    0.00    0.98
0.882743    -0.560888   0.00    0.00    0.00    0.98    0.00
0.809710    0.818815    0.00    0.98    0.00    0.00    0.00
-0.588786   0.995155    0.98    0.00    0.00    0.00    0.00
-0.724163   -0.986883   0.00    0.00    0.98    0.00    0.00
-0.530203   0.041364    0.00    0.00    0.00    0.00    0.98
-0.056770   -0.946189   0.00    0.00    0.00    0.00    0.98
0.429995    -0.575735   0.00    0.00    0.00    0.98    0.00
-0.874486   -0.470403   0.00    0.00    0.98    0.00    0.00
-0.372703   0.368489    0.98    0.00    0.00    0.00    0.00
-0.909161   -0.295212   0.00    0.00    0.98    0.00    0.00
0.246280    0.734667    0.00    0.98    0.00    0.00    0.00
-0.522256   -0.742657   0.00    0.00    0.98    0.00    0.00
-0.141680   0.596100    0.98    0.00    0.00    0.00    0.00
0.112074    0.893661    0.00    0.98    0.00    0.00    0.00
0.022408    -0.034706   0.00    0.00    0.00    0.00    0.98
-0.984475   -0.526701   0.00    0.00    0.98    0.00    0.00
-0.403077   -0.605733   0.00    0.00    0.98    0.00    0.00
0.528796    -0.813548   0.00    0.00    0.00    0.98    0.00
0.773995    -0.072147   0.00    0.00    0.00    0.00    0.98
0.780032    0.896839    0.00    0.98    0.00    0.00    0.00
-0.594581   -0.669488   0.00    0.00    0.98    0.00    0.00
-0.829022   -0.932659   0.00    0.00    0.98    0.00    0.00
0.786702    0.503437    0.00    0.98    0.00    0.00    0.00
-0.646744   -0.704910   0.00    0.00    0.98    0.00    0.00
-0.115370   0.438966    0.98    0.00    0.00    0.00    0.00
-0.754998   0.681637    0.98    0.00    0.00    0.00    0.00
-0.510446   -0.173853   0.00    0.00    0.98    0.00    0.00
-0.437508   0.065030    0.00    0.00    0.00    0.00    0.98
-0.115137   0.290368    0.98    0.00    0.00    0.00    0.00
0.569754    0.036189    0.00    0.00    0.00    0.00    0.98
-0.382738   -0.380684   0.00    0.00    0.98    0.00    0.00
0.549019    0.716259    0.00    0.98    0.00    0.00    0.00
-0.339444   -0.639506   0.00    0.00    0.98    0.00    0.00
-0.539976   -0.966900   0.00    0.00    0.98    0.00    0.00
-0.735239   0.446057    0.98    0.00    0.00    0.00    0.00
-0.210784   -0.191884   0.00    0.00    0.98    0.00    0.00
-0.491326   0.901603    0.98    0.00    0.00    0.00    0.00
0.229413    -0.621550   0.00    0.00    0.00    0.98    0.00
-0.750008   0.206325    0.98    0.00    0.00    0.00    0.00
-0.058022   0.501898    0.00    0.00    0.00    0.00    0.98
-0.736631   0.836836    0.98    0.00    0.00    0.00    0.00
0.729935    -0.031381   0.00    0.00    0.00    0.00    0.98
0.842007    -0.796643   0.00    0.00    0.00    0.98    0.00
-0.442801   0.921848    0.98    0.00    0.00    0.00    0.00
0.999001    0.186872    0.00    0.98    0.00    0.00    0.00
-0.884757   0.889705    0.98    0.00    0.00    0.00    0.00
0.203308    0.354705    0.00    0.98    0.00    0.00    0.00
-0.293603   0.628793    0.98    0.00    0.00    0.00    0.00
-0.629627   -0.277011   0.00    0.00    0.98    0.00    0.00
0.593095    -0.495209   0.00    0.00    0.00    0.98    0.00
-0.249833   0.753900    0.98    0.00    0.00    0.00    0.00
0.790403    0.286113    0.00    0.98    0.00    0.00    0.00
0.835139    0.317050    0.00    0.98    0.00    0.00    0.00
-0.308955   0.584730    0.98    0.00    0.00    0.00    0.00
0.736478    -0.334709   0.00    0.00    0.00    0.98    0.00
0.544850    0.390186    0.00    0.98    0.00    0.00    0.00
0.047005    -0.171952   0.00    0.00    0.00    0.00    0.98
-0.906903   -0.503102   0.00    0.00    0.98    0.00    0.00
0.384739    0.846643    0.00    0.98    0.00    0.00    0.00
-0.567700   0.532638    0.98    0.00    0.00    0.00    0.00
-0.126150   -0.508714   0.00    0.00    0.98    0.00    0.00
0.648191    0.818228    0.00    0.98    0.00    0.00    0.00
0.492247    -0.729745   0.00    0.00    0.00    0.98    0.00
-0.092755   -0.559219   0.00    0.00    0.00    0.00    0.98
-0.471917   0.486573    0.98    0.00    0.00    0.00    0.00
0.124833    0.882007    0.00    0.98    0.00    0.00    0.00
-0.095904   -0.405255   0.00    0.00    0.00    0.00    0.98
-0.943088   -0.483018   0.00    0.00    0.98    0.00    0.00
0.728273    -0.700427   0.00    0.00    0.00    0.98    0.00
0.744318    -0.450336   0.00    0.00    0.00    0.98    0.00
0.947702    0.363100    0.00    0.98    0.00    0.00    0.00
-0.552380   0.477639    0.98    0.00    0.00    0.00    0.00
0.994597    0.158086    0.00    0.98    0.00    0.00    0.00
0.409299    0.330465    0.00    0.98    0.00    0.00    0.00
-0.095247   -0.628907   0.00    0.00    0.00    0.00    0.98
0.859128    0.503031    0.00    0.98    0.00    0.00    0.00
-0.664926   0.010954    0.00    0.00    0.00    0.00    0.98
0.332758    -0.061615   0.00    0.00    0.00    0.00    0.98
-0.415785   0.086525    0.00    0.00    0.00    0.00    0.98
0.250239    -0.369794   0.00    0.00    0.00    0.98    0.00
-0.198509   -0.707636   0.00    0.00    0.98    0.00    0.00
-0.501524   0.734139    0.98    0.00    0.00    0.00    0.00
0.545418    -0.816229   0.00    0.00    0.00    0.98    0.00
-0.565039   -0.907538   0.00    0.00    0.98    0.00    0.00
-0.849082   0.511045    0.98    0.00    0.00    0.00    0.00
0.562096    0.122491    0.00    0.98    0.00    0.00    0.00
-0.661465   -0.105158   0.00    0.00    0.98    0.00    0.00
-0.091028   0.450898    0.00    0.00    0.00    0.00    0.98
-0.300142   -0.026396   0.00    0.00    0.00    0.00    0.98
0.649523    0.082141    0.00    0.00    0.00    0.00    0.98
0.948379    -0.247967   0.00    0.00    0.00    0.98    0.00
0.224216    0.873681    0.00    0.98    0.00    0.00    0.00
0.747182    0.453381    0.00    0.98    0.00    0.00    0.00
0.111186    0.850312    0.00    0.98    0.00    0.00    0.00
-0.035892   -0.969487   0.00    0.00    0.00    0.00    0.98
-0.277756   -0.883855   0.00    0.00    0.98    0.00    0.00
0.343916    0.079113    0.00    0.00    0.00    0.00    0.98
0.716203    0.400818    0.00    0.98    0.00    0.00    0.00
0.780056    0.405139    0.00    0.98    0.00    0.00    0.00
0.970733    -0.865430   0.00    0.00    0.00    0.98    0.00
-0.455489   -0.607049   0.00    0.00    0.98    0.00    0.00
-0.024829   -0.449296   0.00    0.00    0.00    0.00    0.98
-0.046096   0.991436    0.00    0.00    0.00    0.00    0.98
-0.259952   0.573763    0.98    0.00    0.00    0.00    0.00
0.422925    0.841926    0.00    0.98    0.00    0.00    0.00
-0.878030   0.402668    0.98    0.00    0.00    0.00    0.00
-0.463315   -0.278446   0.00    0.00    0.98    0.00    0.00
0.385431    -0.783397   0.00    0.00    0.00    0.98    0.00
-0.533080   -0.700898   0.00    0.00    0.98    0.00    0.00
-0.537872   0.418655    0.98    0.00    0.00    0.00    0.00
0.040002    -0.289838   0.00    0.00    0.00    0.00    0.98
-0.277722   -0.939488   0.00    0.00    0.98    0.00    0.00
0.450159    0.160520    0.00    0.98    0.00    0.00    0.00
-0.100076   0.503728    0.98    0.00    0.00    0.00    0.00
-0.026477   0.012045    0.00    0.00    0.00    0.00    0.98
0.893010    0.093048    0.00    0.00    0.00    0.00    0.98
0.266037    0.528709    0.00    0.98    0.00    0.00    0.00
0.645855    -0.885581   0.00    0.00    0.00    0.98    0.00
-0.447172   -0.863334   0.00    0.00    0.98    0.00    0.00
0.795158    0.198440    0.00    0.98    0.00    0.00    0.00
-0.643179   0.192600    0.98    0.00    0.00    0.00    0.00
-0.763746   0.489038    0.98    0.00    0.00    0.00    0.00
0.337033    0.752218    0.00    0.98    0.00    0.00    0.00
0.674610    0.634495    0.00    0.98    0.00    0.00    0.00
0.665095    0.581010    0.00    0.98    0.00    0.00    0.00
0.094600    -0.707076   0.00    0.00    0.00    0.00    0.98
-0.324461   0.225198    0.98    0.00    0.00    0.00    0.00
0.944329    0.356693    0.00    0.98    0.00    0.00    0.00
0.737227    -0.439222   0.00    0.00    0.00    0.98    0.00
-0.795721   -0.993896   0.00    0.00    0.98    0.00    0.00
-0.470168   0.222727    0.98    0.00    0.00    0.00    0.00
-0.009717   0.885324    0.00    0.00    0.00    0.00    0.98
0.731433    0.277092    0.00    0.98    0.00    0.00    0.00
-0.466533   -0.888401   0.00    0.00    0.98    0.00    0.00
-0.242206   0.228742    0.98    0.00    0.00    0.00    0.00
0.923699    0.431059    0.00    0.98    0.00    0.00    0.00
-0.072944   -0.295221   0.00    0.00    0.00    0.00    0.98
0.761341    -0.668110   0.00    0.00    0.00    0.98    0.00
0.491985    0.373827    0.00    0.98    0.00    0.00    0.00
0.686931    0.637233    0.00    0.98    0.00    0.00    0.00
-0.102825   -0.694460   0.00    0.00    0.98    0.00    0.00
-0.433929   -0.052322   0.00    0.00    0.00    0.00    0.98
0.648338    -0.476697   0.00    0.00    0.00    0.98    0.00
0.532269    0.965862    0.00    0.98    0.00    0.00    0.00
0.809302    -0.221919   0.00    0.00    0.00    0.98    0.00
-0.649017   0.078749    0.00    0.00    0.00    0.00    0.98
-0.792652   0.898494    0.98    0.00    0.00    0.00    0.00
0.422130    0.952497    0.00    0.98    0.00    0.00    0.00
-0.016350   -0.522883   0.00    0.00    0.00    0.00    0.98
-0.405072   -0.403877   0.00    0.00    0.98    0.00    0.00
0.256568    -0.695330   0.00    0.00    0.00    0.98    0.00
-0.052232   0.690282    0.00    0.00    0.00    0.00    0.98
-0.569498   0.264406    0.98    0.00    0.00    0.00    0.00
-0.285593   -0.116688   0.00    0.00    0.98    0.00    0.00
-0.908323   0.454334    0.98    0.00    0.00    0.00    0.00
0.598214    0.824920    0.00    0.98    0.00    0.00    0.00
-0.093890   0.189513    0.00    0.00    0.00    0.00    0.98
0.829599    0.591194    0.00    0.98    0.00    0.00    0.00
0.928801    0.510648    0.00    0.98    0.00    0.00    0.00
0.430346    0.907661    0.00    0.98    0.00    0.00    0.00
-0.882555   0.108444    0.98    0.00    0.00    0.00    0.00
-0.737265   0.102632    0.98    0.00    0.00    0.00    0.00
0.853016    -0.744203   0.00    0.00    0.00    0.98    0.00
-0.964023   -0.342465   0.00    0.00    0.98    0.00    0.00
0.985411    0.117892    0.00    0.98    0.00    0.00    0.00
0.272133    -0.454134   0.00    0.00    0.00    0.98    0.00
-0.904906   -0.695424   0.00    0.00    0.98    0.00    0.00
-0.954569   0.468299    0.98    0.00    0.00    0.00    0.00
-0.893745   -0.961594   0.00    0.00    0.98    0.00    0.00
-0.396301   -0.489666   0.00    0.00    0.98    0.00    0.00
-0.148957   -0.486712   0.00    0.00    0.98    0.00    0.00
0.500962    -0.956284   0.00    0.00    0.00    0.98    0.00
0.807858    -0.415088   0.00    0.00    0.00    0.98    0.00
-0.394722   0.434262    0.98    0.00    0.00    0.00    0.00
0.601127    -0.251052   0.00    0.00    0.00    0.98    0.00
-0.918177   0.423188    0.98    0.00    0.00    0.00    0.00
0.206807    -0.935959   0.00    0.00    0.00    0.98    0.00
-0.506084   -0.504643   0.00    0.00    0.98    0.00    0.00
-0.468619   -0.198549   0.00    0.00    0.98    0.00    0.00
0.252115    0.710682    0.00    0.98    0.00    0.00    0.00
0.961979    0.236232    0.00    0.98    0.00    0.00    0.00
-0.832260   0.291380    0.98    0.00    0.00    0.00    0.00
0.299114    -0.056567   0.00    0.00    0.00    0.00    0.98
0.924837    0.424666    0.00    0.98    0.00    0.00    0.00
-0.535300   0.884882    0.98    0.00    0.00    0.00    0.00
-0.385398   0.312798    0.98    0.00    0.00    0.00    0.00
-0.103741   0.537877    0.98    0.00    0.00    0.00    0.00
-0.819061   -0.814977   0.00    0.00    0.98    0.00    0.00
0.905295    0.471010    0.00    0.98    0.00    0.00    0.00
-0.946826   0.809655    0.98    0.00    0.00    0.00    0.00
0.168026    0.582784    0.00    0.98    0.00    0.00    0.00
-0.380933   -0.842791   0.00    0.00    0.98    0.00    0.00
0.955700    0.351466    0.00    0.98    0.00    0.00    0.00
-0.883473   0.946675    0.98    0.00    0.00    0.00    0.00
-0.066168   0.102075    0.00    0.00    0.00    0.00    0.98
-0.954766   0.846293    0.98    0.00    0.00    0.00    0.00
-0.071076   -0.484540   0.00    0.00    0.00    0.00    0.98
0.820666    -0.304881   0.00    0.00    0.00    0.98    0.00
-0.357161   0.811229    0.98    0.00    0.00    0.00    0.00
-0.410413   0.803052    0.98    0.00    0.00    0.00    0.00
0.257101    -0.298470   0.00    0.00    0.00    0.98    0.00
0.536453    0.362175    0.00    0.98    0.00    0.00    0.00
-0.597863   0.068546    0.00    0.00    0.00    0.00    0.98
-0.352046   -0.815605   0.00    0.00    0.98    0.00    0.00
-0.379296   0.993776    0.98    0.00    0.00    0.00    0.00
-0.244533   0.423172    0.98    0.00    0.00    0.00    0.00
0.610354    -0.078182   0.00    0.00    0.00    0.00    0.98
-0.594044   0.864565    0.98    0.00    0.00    0.00    0.00
0.862474    0.145013    0.00    0.98    0.00    0.00    0.00
-0.489762   -0.868952   0.00    0.00    0.98    0.00    0.00
-0.358719   -0.136692   0.00    0.00    0.98    0.00    0.00
-0.238663   -0.459070   0.00    0.00    0.98    0.00    0.00
-0.334348   0.315826    0.98    0.00    0.00    0.00    0.00
-0.742192   -0.840202   0.00    0.00    0.98    0.00    0.00
0.032076    -0.699878   0.00    0.00    0.00    0.00    0.98
0.650577    0.652718    0.00    0.98    0.00    0.00    0.00
-0.163690   0.073073    0.00    0.00    0.00    0.00    0.98
0.070635    -0.801888   0.00    0.00    0.00    0.00    0.98
0.115641    0.805457    0.00    0.98    0.00    0.00    0.00
-0.652290   0.021951    0.00    0.00    0.00    0.00    0.98
0.194690    -0.616116   0.00    0.00    0.00    0.98    0.00
0.927301    0.781865    0.00    0.98    0.00    0.00    0.00
0.622055    -0.966748   0.00    0.00    0.00    0.98    0.00
-0.676379   -0.265731   0.00    0.00    0.98    0.00    0.00
-0.781697   0.339056    0.98    0.00    0.00    0.00    0.00
-0.302799   -0.552377   0.00    0.00    0.98    0.00    0.00
0.442466    -0.476390   0.00    0.00    0.00    0.98    0.00
0.388390    -0.518275   0.00    0.00    0.00    0.98    0.00
-0.305201   -0.042330   0.00    0.00    0.00    0.00    0.98
-0.259613   0.404659    0.98    0.00    0.00    0.00    0.00
-0.684109   -0.968840   0.00    0.00    0.98    0.00    0.00
-0.680697   0.032849    0.00    0.00    0.00    0.00    0.98
0.822805    -0.167996   0.00    0.00    0.00    0.98    0.00
0.300506    -0.223217   0.00    0.00    0.00    0.98    0.00
-0.129740   0.762269    0.98    0.00    0.00    0.00    0.00
0.754266    0.608253    0.00    0.98    0.00    0.00    0.00
-0.766757   -0.421442   0.00    0.00    0.98    0.00    0.00
0.061445    -0.931531   0.00    0.00    0.00    0.00    0.98
0.777982    0.767926    0.00    0.98    0.00    0.00    0.00
0.874515    -0.937084   0.00    0.00    0.00    0.98    0.00
-0.227891   0.233146    0.98    0.00    0.00    0.00    0.00
0.967544    -0.716085   0.00    0.00    0.00    0.98    0.00
0.978810    0.142938    0.00    0.98    0.00    0.00    0.00
-0.739293   -0.136107   0.00    0.00    0.98    0.00    0.00
0.391757    -0.577727   0.00    0.00    0.00    0.98    0.00
-0.025540   -0.367415   0.00    0.00    0.00    0.00    0.98
-0.394815   -0.523602   0.00    0.00    0.98    0.00    0.00
0.925170    -0.634337   0.00    0.00    0.00    0.98    0.00
0.584561    0.399918    0.00    0.98    0.00    0.00    0.00
-0.583365   0.768609    0.98    0.00    0.00    0.00    0.00
0.473416    0.503219    0.00    0.98    0.00    0.00    0.00
0.827081    -0.200109   0.00    0.00    0.00    0.98    0.00
0.342636    0.109244    0.00    0.98    0.00    0.00    0.00
0.350890    -0.207697   0.00    0.00    0.00    0.98    0.00
-0.546599   -0.493963   0.00    0.00    0.98    0.00    0.00
-0.944727   0.553679    0.98    0.00    0.00    0.00    0.00
0.677910    0.446011    0.00    0.98    0.00    0.00    0.00
0.026689    -0.732211   0.00    0.00    0.00    0.00    0.98
-0.335445   -0.084390   0.00    0.00    0.00    0.00    0.98
0.286725    0.789755    0.00    0.98    0.00    0.00    0.00
0.289414    -0.664570   0.00    0.00    0.00    0.98    0.00
0.108084    -0.875392   0.00    0.00    0.00    0.98    0.00
0.154367    -0.636275   0.00    0.00    0.00    0.98    0.00
-0.881976   0.436570    0.98    0.00    0.00    0.00    0.00
-0.549959   -0.009087   0.00    0.00    0.00    0.00    0.98
-0.949962   0.978767    0.98    0.00    0.00    0.00    0.00
-0.360537   -0.814026   0.00    0.00    0.98    0.00    0.00
-0.284530   0.805666    0.98    0.00    0.00    0.00    0.00
0.038593    -0.326640   0.00    0.00    0.00    0.00    0.98
-0.972586   0.739515    0.98    0.00    0.00    0.00    0.00
0.985339    -0.852570   0.00    0.00    0.00    0.98    0.00
0.759899    0.787332    0.00    0.98    0.00    0.00    0.00
-0.403324   -0.896224   0.00    0.00    0.98    0.00    0.00
0.093295    -0.885136   0.00    0.00    0.00    0.00    0.98
0.334225    0.802090    0.00    0.98    0.00    0.00    0.00
-0.020680   0.765938    0.00    0.00    0.00    0.00    0.98
0.922218    -0.483277   0.00    0.00    0.00    0.98    0.00
-0.294805   0.012040    0.00    0.00    0.00    0.00    0.98
0.256619    0.039038    0.00    0.00    0.00    0.00    0.98
-0.729102   -0.666838   0.00    0.00    0.98    0.00    0.00
-0.522353   0.071704    0.00    0.00    0.00    0.00    0.98
-0.650826   0.364220    0.98    0.00    0.00    0.00    0.00
0.714586    -0.978704   0.00    0.00    0.00    0.98    0.00
-0.731649   0.219995    0.98    0.00    0.00    0.00    0.00
-0.023363   -0.156985   0.00    0.00    0.00    0.00    0.98
0.523751    -0.145225   0.00    0.00    0.00    0.98    0.00
-0.615447   -0.569883   0.00    0.00    0.98    0.00    0.00
-0.079284   -0.821858   0.00    0.00    0.00    0.00    0.98
-0.591832   -0.866237   0.00    0.00    0.98    0.00    0.00
-0.402227   -0.584392   0.00    0.00    0.98    0.00    0.00
0.896674    -0.421403   0.00    0.00    0.00    0.98    0.00
0.306683    -0.456114   0.00    0.00    0.00    0.98    0.00
0.976524    0.534446    0.00    0.98    0.00    0.00    0.00
-0.986524   0.083530    0.00    0.00    0.00    0.00    0.98
0.538082    0.871193    0.00    0.98    0.00    0.00    0.00
0.280045    0.106209    0.00    0.98    0.00    0.00    0.00
-0.476462   0.032156    0.00    0.00    0.00    0.00    0.98
0.259476    -0.148449   0.00    0.00    0.00    0.98    0.00
0.477676    0.391252    0.00    0.98    0.00    0.00    0.00
-0.667027   -0.430761   0.00    0.00    0.98    0.00    0.00
0.905706    0.653773    0.00    0.98    0.00    0.00    0.00
-0.985395   0.786843    0.98    0.00    0.00    0.00    0.00
-0.867048   0.725280    0.98    0.00    0.00    0.00    0.00
0.362187    0.239163    0.00    0.98    0.00    0.00    0.00
0.308143    -0.111026   0.00    0.00    0.00    0.98    0.00
-0.975866   0.368851    0.98    0.00    0.00    0.00    0.00
0.342601    0.343193    0.00    0.98    0.00    0.00    0.00
-0.232977   0.613521    0.98    0.00    0.00    0.00    0.00
0.567712    -0.977085   0.00    0.00    0.00    0.98    0.00
-0.461276   -0.261160   0.00    0.00    0.98    0.00    0.00
0.352321    0.002890    0.00    0.00    0.00    0.00    0.98
-0.098410   0.949589    0.00    0.00    0.00    0.00    0.98
0.109344    -0.650209   0.00    0.00    0.00    0.98    0.00
0.512317    0.043802    0.00    0.00    0.00    0.00    0.98
0.926782    0.979838    0.00    0.98    0.00    0.00    0.00
-0.004363   0.868075    0.00    0.00    0.00    0.00    0.98
-0.014499   -0.327888   0.00    0.00    0.00    0.00    0.98
0.938535    0.137285    0.00    0.98    0.00    0.00    0.00
-0.618282   -0.896209   0.00    0.00    0.98    0.00    0.00
0.515094    -0.993190   0.00    0.00    0.00    0.98    0.00
0.101508    0.413712    0.00    0.98    0.00    0.00    0.00
0.409983    -0.051499   0.00    0.00    0.00    0.00    0.98
0.790098    0.862700    0.00    0.98    0.00    0.00    0.00
-0.507581   -0.673307   0.00    0.00    0.98    0.00    0.00
0.134702    -0.961043   0.00    0.00    0.00    0.98    0.00
-0.914147   0.306463    0.98    0.00    0.00    0.00    0.00
0.353188    0.650224    0.00    0.98    0.00    0.00    0.00
-0.985260   -0.557143   0.00    0.00    0.98    0.00    0.00
0.758379    0.013182    0.00    0.00    0.00    0.00    0.98
0.416121    -0.826954   0.00    0.00    0.00    0.98    0.00
-0.477634   0.294955    0.98    0.00    0.00    0.00    0.00
0.126510    0.367087    0.00    0.98    0.00    0.00    0.00
-0.028639   0.589929    0.00    0.00    0.00    0.00    0.98
-0.484898   0.903355    0.98    0.00    0.00    0.00    0.00
-0.146552   -0.010241   0.00    0.00    0.00    0.00    0.98
-0.462664   -0.928622   0.00    0.00    0.98    0.00    0.00
0.133337    -0.936205   0.00    0.00    0.00    0.98    0.00
-0.181756   -0.871262   0.00    0.00    0.98    0.00    0.00
0.098233    0.568050    0.00    0.00    0.00    0.00    0.98
0.294654    0.767089    0.00    0.98    0.00    0.00    0.00
-0.454589   -0.359809   0.00    0.00    0.98    0.00    0.00
-0.608436   0.042520    0.00    0.00    0.00    0.00    0.98
0.519589    -0.601040   0.00    0.00    0.00    0.98    0.00
0.097631    0.236358    0.00    0.00    0.00    0.00    0.98
-0.928864   -0.683513   0.00    0.00    0.98    0.00    0.00
-0.068750   -0.521142   0.00    0.00    0.00    0.00    0.98
0.228652    -0.552137   0.00    0.00    0.00    0.98    0.00
0.599895    0.168930    0.00    0.98    0.00    0.00    0.00
-0.767683   -0.144662   0.00    0.00    0.98    0.00    0.00
0.717025    0.077923    0.00    0.00    0.00    0.00    0.98
0.987311    -0.553768   0.00    0.00    0.00    0.98    0.00
0.900252    -0.859145   0.00    0.00    0.00    0.98    0.00
-0.425542   -0.111926   0.00    0.00    0.98    0.00    0.00
-0.746948   -0.997838   0.00    0.00    0.98    0.00    0.00
0.561975    -0.166363   0.00    0.00    0.00    0.98    0.00
0.330658    -0.758131   0.00    0.00    0.00    0.98    0.00
0.103303    0.553314    0.00    0.98    0.00    0.00    0.00
0.812844    0.191957    0.00    0.98    0.00    0.00    0.00
0.149056    -0.817366   0.00    0.00    0.00    0.98    0.00
0.739629    0.838968    0.00    0.98    0.00    0.00    0.00
0.432999    0.397729    0.00    0.98    0.00    0.00    0.00
-0.391534   0.620290    0.98    0.00    0.00    0.00    0.00
0.157522    0.084750    0.00    0.00    0.00    0.00    0.98
0.335186    0.609696    0.00    0.98    0.00    0.00    0.00
0.052314    0.554889    0.00    0.00    0.00    0.00    0.98
0.615873    -0.987153   0.00    0.00    0.00    0.98    0.00
0.541173    -0.655838   0.00    0.00    0.00    0.98    0.00
-0.165662   0.883657    0.98    0.00    0.00    0.00    0.00
-0.418464   0.061268    0.00    0.00    0.00    0.00    0.98
-0.941229   -0.788602   0.00    0.00    0.98    0.00    0.00
0.422770    -0.049597   0.00    0.00    0.00    0.00    0.98
0.497744    -0.181766   0.00    0.00    0.00    0.98    0.00
0.063418    0.956475    0.00    0.00    0.00    0.00    0.98
0.167329    0.319408    0.00    0.98    0.00    0.00    0.00
-0.094270   -0.685097   0.00    0.00    0.00    0.00    0.98
0.811360    0.750408    0.00    0.98    0.00    0.00    0.00
0.092618    0.659391    0.00    0.00    0.00    0.00    0.98
-0.089338   -0.195437   0.00    0.00    0.00    0.00    0.98
-0.182019   0.886076    0.98    0.00    0.00    0.00    0.00
-0.840054   0.667878    0.98    0.00    0.00    0.00    0.00
0.406981    -0.156421   0.00    0.00    0.00    0.98    0.00
-0.425225   0.927834    0.98    0.00    0.00    0.00    0.00
-0.454662   -0.272281   0.00    0.00    0.98    0.00    0.00
-0.283627   -0.468260   0.00    0.00    0.98    0.00    0.00
-0.699448   -0.287840   0.00    0.00    0.98    0.00    0.00
-0.149063   0.655119    0.98    0.00    0.00    0.00    0.00
0.278657    -0.122459   0.00    0.00    0.00    0.98    0.00
0.325688    -0.184913   0.00    0.00    0.00    0.98    0.00
0.829081    0.753845    0.00    0.98    0.00    0.00    0.00
-0.672847   0.193001    0.98    0.00    0.00    0.00    0.00
-0.705699   -0.179148   0.00    0.00    0.98    0.00    0.00
0.980026    -0.673122   0.00    0.00    0.00    0.98    0.00
0.797026    -0.512562   0.00    0.00    0.00    0.98    0.00
-0.057517   -0.409171   0.00    0.00    0.00    0.00    0.98
0.292753    -0.221022   0.00    0.00    0.00    0.98    0.00
-0.050834   0.337595    0.00    0.00    0.00    0.00    0.98
-0.245157   0.671564    0.98    0.00    0.00    0.00    0.00
-0.981816   0.751306    0.98    0.00    0.00    0.00    0.00
0.779504    -0.103801   0.00    0.00    0.00    0.98    0.00
0.096281    0.455217    0.00    0.00    0.00    0.00    0.98
-0.052672   0.632737    0.00    0.00    0.00    0.00    0.98
-0.634844   -0.525730   0.00    0.00    0.98    0.00    0.00
0.383093    0.643370    0.00    0.98    0.00    0.00    0.00
-0.560043   0.376045    0.98    0.00    0.00    0.00    0.00
-0.386887   -0.304102   0.00    0.00    0.98    0.00    0.00
-0.125058   -0.217890   0.00    0.00    0.98    0.00    0.00
-0.032694   -0.585998   0.00    0.00    0.00    0.00    0.98
0.255335    0.742121    0.00    0.98    0.00    0.00    0.00
0.676413    0.284949    0.00    0.98    0.00    0.00    0.00
0.788759    0.771158    0.00    0.98    0.00    0.00    0.00
-0.642024   0.290420    0.98    0.00    0.00    0.00    0.00
-0.277623   0.375792    0.98    0.00    0.00    0.00    0.00
0.892618    -0.190863   0.00    0.00    0.00    0.98    0.00
-0.012982   0.131641    0.00    0.00    0.00    0.00    0.98
-0.158746   -0.108399   0.00    0.00    0.98    0.00    0.00
0.540636    0.811086    0.00    0.98    0.00    0.00    0.00
-0.865600   -0.470339   0.00    0.00    0.98    0.00    0.00
0.509446    0.074455    0.00    0.00    0.00    0.00    0.98
-0.299191   0.194902    0.98    0.00    0.00    0.00    0.00
0.435995    -0.049761   0.00    0.00    0.00    0.00    0.98
0.249011    0.754797    0.00    0.98    0.00    0.00    0.00
0.196934    0.089049    0.00    0.00    0.00    0.00    0.98
0.691282    0.897010    0.00    0.98    0.00    0.00    0.00
-0.109055   0.226035    0.98    0.00    0.00    0.00    0.00
-0.389538   -0.167880   0.00    0.00    0.98    0.00    0.00
-0.661111   -0.047620   0.00    0.00    0.00    0.00    0.98
0.132664    -0.169193   0.00    0.00    0.00    0.98    0.00
0.569516    -0.789814   0.00    0.00    0.00    0.98    0.00
0.251845    0.599469    0.00    0.98    0.00    0.00    0.00
-0.051792   0.636284    0.00    0.00    0.00    0.00    0.98
-0.879141   -0.122040   0.00    0.00    0.98    0.00    0.00
-0.875611   0.355083    0.98    0.00    0.00    0.00    0.00
-0.234654   0.077116    0.00    0.00    0.00    0.00    0.98
0.260107    -0.680530   0.00    0.00    0.00    0.98    0.00
-0.932791   0.421621    0.98    0.00    0.00    0.00    0.00
-0.601817   -0.605983   0.00    0.00    0.98    0.00    0.00
-0.197625   -0.007478   0.00    0.00    0.00    0.00    0.98
-0.440698   0.557225    0.98    0.00    0.00    0.00    0.00
-0.983494   -0.576644   0.00    0.00    0.98    0.00    0.00
-0.314283   0.112825    0.98    0.00    0.00    0.00    0.00
0.045751    0.465351    0.00    0.00    0.00    0.00    0.98
-0.729949   -0.272413   0.00    0.00    0.98    0.00    0.00
0.457791    0.887614    0.00    0.98    0.00    0.00    0.00
-0.741282   0.766479    0.98    0.00    0.00    0.00    0.00
-0.230475   0.036814    0.00    0.00    0.00    0.00    0.98
-0.572887   -0.704343   0.00    0.00    0.98    0.00    0.00
-0.134327   -0.148258   0.00    0.00    0.98    0.00    0.00
-0.108804   -0.635736   0.00    0.00    0.98    0.00    0.00
-0.946995   0.471836    0.98    0.00    0.00    0.00    0.00
0.636087    -0.552846   0.00    0.00    0.00    0.98    0.00
0.970548    -0.448992   0.00    0.00    0.00    0.98    0.00
0.021347    0.126931    0.00    0.00    0.00    0.00    0.98
0.850956    -0.851744   0.00    0.00    0.00    0.98    0.00
0.633401    0.536968    0.00    0.98    0.00    0.00    0.00
-0.150881   0.312292    0.98    0.00    0.00    0.00    0.00
0.002259    -0.463062   0.00    0.00    0.00    0.00    0.98
-0.190942   -0.196375   0.00    0.00    0.98    0.00    0.00
-0.961934   -0.361894   0.00    0.00    0.98    0.00    0.00
-0.307952   -0.348247   0.00    0.00    0.98    0.00    0.00
0.555093    0.912337    0.00    0.98    0.00    0.00    0.00
-0.957174   -0.329299   0.00    0.00    0.98    0.00    0.00
-0.461339   -0.004637   0.00    0.00    0.00    0.00    0.98
-0.368364   -0.709792   0.00    0.00    0.98    0.00    0.00
-0.916190   -0.920329   0.00    0.00    0.98    0.00    0.00
0.689716    -0.623185   0.00    0.00    0.00    0.98    0.00
0.751593    0.274933    0.00    0.98    0.00    0.00    0.00
0.836102    0.802018    0.00    0.98    0.00    0.00    0.00
-0.164767   0.511668    0.98    0.00    0.00    0.00    0.00
0.514049    0.977719    0.00    0.98    0.00    0.00    0.00
0.596481    -0.796453   0.00    0.00    0.00    0.98    0.00
-0.059169   -0.265110   0.00    0.00    0.00    0.00    0.98
-0.782861   0.228733    0.98    0.00    0.00    0.00    0.00
0.180830    0.434776    0.00    0.98    0.00    0.00    0.00
-0.527993   0.237540    0.98    0.00    0.00    0.00    0.00
0.689849    -0.512258   0.00    0.00    0.00    0.98    0.00
0.617200    -0.363465   0.00    0.00    0.00    0.98    0.00
-0.204850   -0.806116   0.00    0.00    0.98    0.00    0.00
0.944693    0.603812    0.00    0.98    0.00    0.00    0.00
0.041972    -0.024584   0.00    0.00    0.00    0.00    0.98
0.300477    0.701989    0.00    0.98    0.00    0.00    0.00
0.004556    0.031799    0.00    0.00    0.00    0.00    0.98
-0.619395   0.624789    0.98    0.00    0.00    0.00    0.00
0.188964    -0.122944   0.00    0.00    0.00    0.98    0.00
-0.297821   0.079000    0.00    0.00    0.00    0.00    0.98
0.798683    -0.941359   0.00    0.00    0.00    0.98    0.00
-0.717077   0.531593    0.98    0.00    0.00    0.00    0.00
0.453147    0.740925    0.00    0.98    0.00    0.00    0.00
0.982976    -0.341360   0.00    0.00    0.00    0.98    0.00
-0.119589   -0.963769   0.00    0.00    0.98    0.00    0.00
-0.698590   -0.949187   0.00    0.00    0.98    0.00    0.00
0.522020    0.538498    0.00    0.98    0.00    0.00    0.00
0.261335    -0.837094   0.00    0.00    0.00    0.98    0.00
-0.433991   0.436488    0.98    0.00    0.00    0.00    0.00
-0.497053   -0.943152   0.00    0.00    0.98    0.00    0.00
0.680451    0.121385    0.00    0.98    0.00    0.00    0.00
0.160104    -0.270106   0.00    0.00    0.00    0.98    0.00
-0.906615   0.315268    0.98    0.00    0.00    0.00    0.00
0.748988    -0.336537   0.00    0.00    0.00    0.98    0.00
0.804487    0.378463    0.00    0.98    0.00    0.00    0.00
0.685260    -0.642285   0.00    0.00    0.00    0.98    0.00
-0.761870   0.836601    0.98    0.00    0.00    0.00    0.00
0.126511    -0.002394   0.00    0.00    0.00    0.00    0.98
-0.804417   0.592779    0.98    0.00    0.00    0.00    0.00
-0.040386   0.163767    0.00    0.00    0.00    0.00    0.98
-0.101750   0.015095    0.00    0.00    0.00    0.00    0.98
0.896128    -0.707452   0.00    0.00    0.00    0.98    0.00
0.187465    -0.499251   0.00    0.00    0.00    0.98    0.00
-0.858151   0.618000    0.98    0.00    0.00    0.00    0.00
0.370554    -0.920739   0.00    0.00    0.00    0.98    0.00
-0.115166   -0.774047   0.00    0.00    0.98    0.00    0.00
0.813425    0.923518    0.00    0.98    0.00    0.00    0.00
-0.981913   -0.612707   0.00    0.00    0.98    0.00    0.00
0.730939    0.679801    0.00    0.98    0.00    0.00    0.00
-0.253257   0.734318    0.98    0.00    0.00    0.00    0.00
0.586121    -0.383020   0.00    0.00    0.00    0.98    0.00
-0.203886   0.959625    0.98    0.00    0.00    0.00    0.00
-0.249631   -0.144324   0.00    0.00    0.98    0.00    0.00
-0.229647   -0.625405   0.00    0.00    0.98    0.00    0.00
-0.971713   -0.930646   0.00    0.00    0.98    0.00    0.00
0.194215    0.102940    0.00    0.98    0.00    0.00    0.00
0.655169    0.793305    0.00    0.98    0.00    0.00    0.00
-0.336694   0.865313    0.98    0.00    0.00    0.00    0.00
-0.735263   -0.468734   0.00    0.00    0.98    0.00    0.00
-0.831086   -0.621035   0.00    0.00    0.98    0.00    0.00
-0.731570   -0.789826   0.00    0.00    0.98    0.00    0.00
-0.598808   0.047303    0.00    0.00    0.00    0.00    0.98
-0.023472   0.844589    0.00    0.00    0.00    0.00    0.98
-0.318467   0.612018    0.98    0.00    0.00    0.00    0.00
0.499169    0.911801    0.00    0.98    0.00    0.00    0.00
-0.612659   -0.370521   0.00    0.00    0.98    0.00    0.00
0.708199    -0.835814   0.00    0.00    0.00    0.98    0.00
0.970931    -0.038257   0.00    0.00    0.00    0.00    0.98
0.329285    0.498513    0.00    0.98    0.00    0.00    0.00
-0.639820   0.534229    0.98    0.00    0.00    0.00    0.00
-0.702157   -0.386293   0.00    0.00    0.98    0.00    0.00
0.740571    -0.708000   0.00    0.00    0.00    0.98    0.00
-0.577773   -0.013174   0.00    0.00    0.00    0.00    0.98
-0.555820   0.095266    0.00    0.00    0.00    0.00    0.98
0.273223    0.959593    0.00    0.98    0.00    0.00    0.00
-0.013113   0.401982    0.00    0.00    0.00    0.00    0.98
-0.393539   -0.003526   0.00    0.00    0.00    0.00    0.98
-0.823199   0.354223    0.98    0.00    0.00    0.00    0.00
0.927963    0.715298    0.00    0.98    0.00    0.00    0.00
-0.500735   0.659761    0.98    0.00    0.00    0.00    0.00
0.159905    -0.065136   0.00    0.00    0.00    0.00    0.98
0.805448    0.650486    0.00    0.98    0.00    0.00    0.00
-0.963377   0.852016    0.98    0.00    0.00    0.00    0.00
-0.405811   -0.324747   0.00    0.00    0.98    0.00    0.00
-0.067542   -0.293488   0.00    0.00    0.00    0.00    0.98
0.099212    -0.522930   0.00    0.00    0.00    0.00    0.98
0.484116    -0.481163   0.00    0.00    0.00    0.98    0.00
0.364695    -0.203724   0.00    0.00    0.00    0.98    0.00
-0.926446   -0.985578   0.00    0.00    0.98    0.00    0.00
0.697671    -0.224246   0.00    0.00    0.00    0.98    0.00
0.064374    -0.311991   0.00    0.00    0.00    0.00    0.98
-0.213727   -0.615348   0.00    0.00    0.98    0.00    0.00
0.993678    0.516815    0.00    0.98    0.00    0.00    0.00
0.587971    0.404291    0.00    0.98    0.00    0.00    0.00
-0.633970   -0.363316   0.00    0.00    0.98    0.00    0.00
-0.575888   -0.514198   0.00    0.00    0.98    0.00    0.00
0.711461    0.873790    0.00    0.98    0.00    0.00    0.00
-0.243155   -0.798795   0.00    0.00    0.98    0.00    0.00
0.864264    -0.076461   0.00    0.00    0.00    0.00    0.98
0.818409    0.277265    0.00    0.98    0.00    0.00    0.00
0.874860    -0.256228   0.00    0.00    0.00    0.98    0.00
-0.048081   0.548002    0.00    0.00    0.00    0.00    0.98
0.176471    0.716172    0.00    0.98    0.00    0.00    0.00
0.718838    0.936309    0.00    0.98    0.00    0.00    0.00
-0.987061   -0.859991   0.00    0.00    0.98    0.00    0.00
0.567300    0.339623    0.00    0.98    0.00    0.00    0.00
-0.304762   0.115759    0.98    0.00    0.00    0.00    0.00
-0.524944   0.937464    0.98    0.00    0.00    0.00    0.00
0.844974    -0.204045   0.00    0.00    0.00    0.98    0.00
0.558079    -0.207220   0.00    0.00    0.00    0.98    0.00
0.353104    -0.564900   0.00    0.00    0.00    0.98    0.00
-0.239122   0.623882    0.98    0.00    0.00    0.00    0.00
-0.494239   0.774700    0.98    0.00    0.00    0.00    0.00
-0.641488   -0.199483   0.00    0.00    0.98    0.00    0.00
-0.812966   0.733429    0.98    0.00    0.00    0.00    0.00
0.174091    -0.808374   0.00    0.00    0.00    0.98    0.00
-0.991927   0.725938    0.98    0.00    0.00    0.00    0.00
0.322374    0.502690    0.00    0.98    0.00    0.00    0.00
-0.936449   -0.008389   0.00    0.00    0.00    0.00    0.98
-0.314114   -0.943663   0.00    0.00    0.98    0.00    0.00
0.320094    0.811151    0.00    0.98    0.00    0.00    0.00
-0.509627   0.760301    0.98    0.00    0.00    0.00    0.00
0.101717    0.287326    0.00    0.98    0.00    0.00    0.00
-0.667205   -0.535367   0.00    0.00    0.98    0.00    0.00
-0.137436   -0.665582   0.00    0.00    0.98    0.00    0.00
0.697371    0.662862    0.00    0.98    0.00    0.00    0.00
-0.756228   0.060648    0.00    0.00    0.00    0.00    0.98
-0.914222   -0.567083   0.00    0.00    0.98    0.00    0.00
-0.531623   0.898834    0.98    0.00    0.00    0.00    0.00
0.109517    -0.024231   0.00    0.00    0.00    0.00    0.98
0.784814    0.695246    0.00    0.98    0.00    0.00    0.00
0.637960    -0.628385   0.00    0.00    0.00    0.98    0.00
-0.770323   -0.910008   0.00    0.00    0.98    0.00    0.00
-0.475716   -0.456731   0.00    0.00    0.98    0.00    0.00
0.273093    0.984106    0.00    0.98    0.00    0.00    0.00
0.972259    0.829874    0.00    0.98    0.00    0.00    0.00
-0.084869   -0.581590   0.00    0.00    0.00    0.00    0.98
-0.022961   0.779492    0.00    0.00    0.00    0.00    0.98
0.226168    -0.116917   0.00    0.00    0.00    0.98    0.00
0.577008    -0.621670   0.00    0.00    0.00    0.98    0.00
-0.819046   -0.131668   0.00    0.00    0.98    0.00    0.00
-0.649374   -0.178205   0.00    0.00    0.98    0.00    0.00
-0.827014   0.233753    0.98    0.00    0.00    0.00    0.00
0.319915    -0.086222   0.00    0.00    0.00    0.00    0.98
-0.609711   0.930000    0.98    0.00    0.00    0.00    0.00
0.693859    -0.504542   0.00    0.00    0.00    0.98    0.00
0.788918    0.210104    0.00    0.98    0.00    0.00    0.00
-0.225335   -0.458975   0.00    0.00    0.98    0.00    0.00
-0.099025   -0.375699   0.00    0.00    0.00    0.00    0.98
0.726202    -0.055992   0.00    0.00    0.00    0.00    0.98
-0.658242   0.771784    0.98    0.00    0.00    0.00    0.00
0.931888    -0.313055   0.00    0.00    0.00    0.98    0.00
0.315255    -0.038238   0.00    0.00    0.00    0.00    0.98
-0.795271   -0.761929   0.00    0.00    0.98    0.00    0.00
-0.615441   -0.650619   0.00    0.00    0.98    0.00    0.00
0.443693    0.463240    0.00    0.98    0.00    0.00    0.00
0.617501    -0.409646   0.00    0.00    0.00    0.98    0.00
-0.683960   0.756026    0.98    0.00    0.00    0.00    0.00
-0.327496   0.852789    0.98    0.00    0.00    0.00    0.00
0.640692    -0.302115   0.00    0.00    0.00    0.98    0.00
-0.457547   0.888516    0.98    0.00    0.00    0.00    0.00
0.449341    0.585453    0.00    0.98    0.00    0.00    0.00
-0.233624   -0.561523   0.00    0.00    0.98    0.00    0.00
0.088933    -0.959798   0.00    0.00    0.00    0.00    0.98
0.119826    0.222039    0.00    0.98    0.00    0.00    0.00
0.014872    -0.988705   0.00    0.00    0.00    0.00    0.98
-0.934529   0.811177    0.98    0.00    0.00    0.00    0.00
-0.433001   0.042560    0.00    0.00    0.00    0.00    0.98
-0.986138   -0.445492   0.00    0.00    0.98    0.00    0.00
0.844648    0.334549    0.00    0.98    0.00    0.00    0.00
0.842246    -0.514274   0.00    0.00    0.00    0.98    0.00
-0.620019   0.895538    0.98    0.00    0.00    0.00    0.00
-0.482347   -0.319757   0.00    0.00    0.98    0.00    0.00
0.393549    -0.079630   0.00    0.00    0.00    0.00    0.98
0.794585    0.441764    0.00    0.98    0.00    0.00    0.00
0.146389    0.858666    0.00    0.98    0.00    0.00    0.00
0.932885    -0.440226   0.00    0.00    0.00    0.98    0.00
-0.739976   -0.681614   0.00    0.00    0.98    0.00    0.00
0.413388    0.971689    0.00    0.98    0.00    0.00    0.00
0.659371    0.943951    0.00    0.98    0.00    0.00    0.00
0.886994    -0.305634   0.00    0.00    0.00    0.98    0.00
0.010278    0.979391    0.00    0.00    0.00    0.00    0.98
0.441904    -0.361108   0.00    0.00    0.00    0.98    0.00
-0.506207   -0.100992   0.00    0.00    0.98    0.00    0.00
0.430336    0.391688    0.00    0.98    0.00    0.00    0.00
-0.481346   0.913102    0.98    0.00    0.00    0.00    0.00
0.480372    0.657816    0.00    0.98    0.00    0.00    0.00
0.339127    -0.121337   0.00    0.00    0.00    0.98    0.00
0.805704    0.668726    0.00    0.98    0.00    0.00    0.00
-0.864637   0.665728    0.98    0.00    0.00    0.00    0.00
-0.079647   0.870989    0.00    0.00    0.00    0.00    0.98
-0.759920   -0.152665   0.00    0.00    0.98    0.00    0.00
0.303819    -0.736171   0.00    0.00    0.00    0.98    0.00
-0.014154   0.221759    0.00    0.00    0.00    0.00    0.98
-0.982621   0.857611    0.98    0.00    0.00    0.00    0.00
-0.760206   0.659882    0.98    0.00    0.00    0.00    0.00
-0.183973   0.163835    0.98    0.00    0.00    0.00    0.00
0.261819    0.915357    0.00    0.98    0.00    0.00    0.00
-0.614231   -0.657941   0.00    0.00    0.98    0.00    0.00
-0.925090   -0.425289   0.00    0.00    0.98    0.00    0.00
0.131744    -0.605344   0.00    0.00    0.00    0.98    0.00
0.452762    0.586050    0.00    0.98    0.00    0.00    0.00
0.765924    0.328802    0.00    0.98    0.00    0.00    0.00
-0.495955   -0.301022   0.00    0.00    0.98    0.00    0.00
0.205572    0.164679    0.00    0.98    0.00    0.00    0.00
0.860708    0.281321    0.00    0.98    0.00    0.00    0.00
-0.351383   0.529254    0.98    0.00    0.00    0.00    0.00
-0.054913   0.562252    0.00    0.00    0.00    0.00    0.98
-0.342332   0.016899    0.00    0.00    0.00    0.00    0.98
-0.654084   -0.725396   0.00    0.00    0.98    0.00    0.00
0.956028    0.505621    0.00    0.98    0.00    0.00    0.00
-0.102770   -0.678672   0.00    0.00    0.98    0.00    0.00
-0.563517   -0.509642   0.00    0.00    0.98    0.00    0.00
0.920726    -0.113821   0.00    0.00    0.00    0.98    0.00
0.619164    -0.971817   0.00    0.00    0.00    0.98    0.00
0.988459    0.302382    0.00    0.98    0.00    0.00    0.00
0.819641    -0.145295   0.00    0.00    0.00    0.98    0.00
-0.421711   -0.908974   0.00    0.00    0.98    0.00    0.00
-0.391277   -0.986667   0.00    0.00    0.98    0.00    0.00
0.409093    0.682714    0.00    0.98    0.00    0.00    0.00
0.465250    0.586990    0.00    0.98    0.00    0.00    0.00
0.240100    -0.028595   0.00    0.00    0.00    0.00    0.98
0.392251    0.810234    0.00    0.98    0.00    0.00    0.00
-0.217765   -0.031669   0.00    0.00    0.00    0.00    0.98
-0.443712   0.349012    0.98    0.00    0.00    0.00    0.00
0.973017    -0.038101   0.00    0.00    0.00    0.00    0.98
0.260495    -0.028885   0.00    0.00    0.00    0.00    0.98
0.597943    -0.940404   0.00    0.00    0.00    0.98    0.00
0.520747    0.614957    0.00    0.98    0.00    0.00    0.00
-0.939286   0.283557    0.98    0.00    0.00    0.00    0.00
-0.750965   -0.705301   0.00    0.00    0.98    0.00    0.00
0.885396    -0.307711   0.00    0.00    0.00    0.98    0.00
-0.809430   0.970865    0.98    0.00    0.00    0.00    0.00
0.778299    0.378787    0.00    0.98    0.00    0.00    0.00
0.222641    0.795156    0.00    0.98    0.00    0.00    0.00
-0.168181   0.064035    0.00    0.00    0.00    0.00    0.98
-0.651935   -0.910025   0.00    0.00    0.98    0.00    0.00
-0.772825   0.509238    0.98    0.00    0.00    0.00    0.00
0.783210    0.269803    0.00    0.98    0.00    0.00    0.00
-0.220282   0.707327    0.98    0.00    0.00    0.00    0.00
0.447512    0.964095    0.00    0.98    0.00    0.00    0.00
-0.844517   0.425737    0.98    0.00    0.00    0.00    0.00
0.207393    -0.743161   0.00    0.00    0.00    0.98    0.00
-0.684645   -0.176869   0.00    0.00    0.98    0.00    0.00
0.564305    0.368671    0.00    0.98    0.00    0.00    0.00
0.158938    -0.084521   0.00    0.00    0.00    0.00    0.98
-0.165500   0.030216    0.00    0.00    0.00    0.00    0.98
-0.974886   0.803059    0.98    0.00    0.00    0.00    0.00
0.873940    0.960028    0.00    0.98    0.00    0.00    0.00
0.768402    -0.928646   0.00    0.00    0.00    0.98    0.00
-0.468298   0.256141    0.98    0.00    0.00    0.00    0.00
-0.611595   0.509174    0.98    0.00    0.00    0.00    0.00
-0.987943   0.712241    0.98    0.00    0.00    0.00    0.00
-0.590279   0.324499    0.98    0.00    0.00    0.00    0.00
0.788112    0.791996    0.00    0.98    0.00    0.00    0.00
0.645539    0.313062    0.00    0.98    0.00    0.00    0.00
0.016941    -0.729886   0.00    0.00    0.00    0.00    0.98
-0.979173   0.840483    0.98    0.00    0.00    0.00    0.00
0.937534    0.334857    0.00    0.98    0.00    0.00    0.00
0.617178    -0.654391   0.00    0.00    0.00    0.98    0.00
0.257899    -0.562117   0.00    0.00    0.00    0.98    0.00
-0.443192   0.296251    0.98    0.00    0.00    0.00    0.00
-0.148453   0.902804    0.98    0.00    0.00    0.00    0.00
0.912664    -0.339619   0.00    0.00    0.00    0.98    0.00
-0.326703   0.601399    0.98    0.00    0.00    0.00    0.00
0.897760    0.206608    0.00    0.98    0.00    0.00    0.00
0.080653    -0.205200   0.00    0.00    0.00    0.00    0.98
-0.446529   0.962079    0.98    0.00    0.00    0.00    0.00
0.239683    0.985508    0.00    0.98    0.00    0.00    0.00
-0.105670   0.347809    0.98    0.00    0.00    0.00    0.00
0.507668    -0.988565   0.00    0.00    0.00    0.98    0.00
-0.558656   -0.321331   0.00    0.00    0.98    0.00    0.00
-0.277551   0.485536    0.98    0.00    0.00    0.00    0.00
0.123371    0.391843    0.00    0.98    0.00    0.00    0.00
-0.406380   0.539950    0.98    0.00    0.00    0.00    0.00
0.829844    0.493689    0.00    0.98    0.00    0.00    0.00
-0.314613   -0.444992   0.00    0.00    0.98    0.00    0.00
-0.875048   0.199041    0.98    0.00    0.00    0.00    0.00
0.462523    -0.313003   0.00    0.00    0.00    0.98    0.00
-0.211433   0.907555    0.98    0.00    0.00    0.00    0.00
-0.699696   0.506502    0.98    0.00    0.00    0.00    0.00
-0.001282   0.109925    0.00    0.00    0.00    0.00    0.98
0.737043    -0.603716   0.00    0.00    0.00    0.98    0.00
-0.968808   -0.664428   0.00    0.00    0.98    0.00    0.00
0.182765    0.864794    0.00    0.98    0.00    0.00    0.00
0.178754    0.033491    0.00    0.00    0.00    0.00    0.98
-0.330001   0.501752    0.98    0.00    0.00    0.00    0.00
-0.645669   -0.627835   0.00    0.00    0.98    0.00    0.00
0.180047    0.752362    0.00    0.98    0.00    0.00    0.00
0.280775    0.174459    0.00    0.98    0.00    0.00    0.00
-0.291851   -0.482869   0.00    0.00    0.98    0.00    0.00
-0.417376   0.403170    0.98    0.00    0.00    0.00    0.00
0.284930    -0.898052   0.00    0.00    0.00    0.98    0.00
-0.124090   0.940775    0.98    0.00    0.00    0.00    0.00
0.789406    0.164083    0.00    0.98    0.00    0.00    0.00
0.831207    0.866987    0.00    0.98    0.00    0.00    0.00
-0.188554   0.483099    0.98    0.00    0.00    0.00    0.00
0.770694    -0.509038   0.00    0.00    0.00    0.98    0.00
-0.643573   0.776487    0.98    0.00    0.00    0.00    0.00
0.966310    -0.440690   0.00    0.00    0.00    0.98    0.00
0.534030    0.822512    0.00    0.98    0.00    0.00    0.00
-0.357488   -0.237447   0.00    0.00    0.98    0.00    0.00
0.156550    -0.704566   0.00    0.00    0.00    0.98    0.00
-0.184147   -0.568400   0.00    0.00    0.98    0.00    0.00
-0.473138   -0.162256   0.00    0.00    0.98    0.00    0.00
0.149804    0.991114    0.00    0.98    0.00    0.00    0.00
0.113051    0.491974    0.00    0.98    0.00    0.00    0.00
0.415474    -0.384614   0.00    0.00    0.00    0.98    0.00
0.164635    -0.622858   0.00    0.00    0.00    0.98    0.00
0.039330    0.232986    0.00    0.00    0.00    0.00    0.98
-0.115941   -0.253122   0.00    0.00    0.98    0.00    0.00
0.218546    -0.170196   0.00    0.00    0.00    0.98    0.00
-0.249968   0.254466    0.98    0.00    0.00    0.00    0.00
0.618364    0.116717    0.00    0.98    0.00    0.00    0.00
0.807544    0.153898    0.00    0.98    0.00    0.00    0.00
0.937170    -0.951739   0.00    0.00    0.00    0.98    0.00
-0.974785   0.820891    0.98    0.00    0.00    0.00    0.00
-0.175005   0.234632    0.98    0.00    0.00    0.00    0.00
0.465195    -0.229658   0.00    0.00    0.00    0.98    0.00
-0.887996   -0.311742   0.00    0.00    0.98    0.00    0.00
-0.388128   -0.812116   0.00    0.00    0.98    0.00    0.00
0.838078    -0.145629   0.00    0.00    0.00    0.98    0.00
-0.839301   0.381425    0.98    0.00    0.00    0.00    0.00
0.118138    -0.010453   0.00    0.00    0.00    0.00    0.98
-0.237517   0.880239    0.98    0.00    0.00    0.00    0.00
0.459048    0.478548    0.00    0.98    0.00    0.00    0.00
-0.810881   0.893616    0.98    0.00    0.00    0.00    0.00
-0.554688   0.079422    0.00    0.00    0.00    0.00    0.98
0.826425    0.621650    0.00    0.98    0.00    0.00    0.00
0.231907    -0.244518   0.00    0.00    0.00    0.98    0.00
-0.584856   -0.254713   0.00    0.00    0.98    0.00    0.00
0.159750    0.549889    0.00    0.98    0.00    0.00    0.00
-0.841816   -0.290177   0.00    0.00    0.98    0.00    0.00
0.380909    0.935553    0.00    0.98    0.00    0.00    0.00
-0.809289   0.401241    0.98    0.00    0.00    0.00    0.00
-0.725210   -0.842461   0.00    0.00    0.98    0.00    0.00
0.604914    0.313501    0.00    0.98    0.00    0.00    0.00
-0.378033   0.748091    0.98    0.00    0.00    0.00    0.00
0.986668    -0.684070   0.00    0.00    0.00    0.98    0.00
0.934618    -0.010623   0.00    0.00    0.00    0.00    0.98
0.793149    0.174592    0.00    0.98    0.00    0.00    0.00
-0.357158   0.631000    0.98    0.00    0.00    0.00    0.00
0.878169    0.015932    0.00    0.00    0.00    0.00    0.98
0.869722    0.554594    0.00    0.98    0.00    0.00    0.00
-0.515067   -0.901864   0.00    0.00    0.98    0.00    0.00
-0.026652   -0.137975   0.00    0.00    0.00    0.00    0.98
-0.110292   -0.239522   0.00    0.00    0.98    0.00    0.00
-0.828817   0.571879    0.98    0.00    0.00    0.00    0.00
-0.708430   -0.946138   0.00    0.00    0.98    0.00    0.00
0.414014    0.512283    0.00    0.98    0.00    0.00    0.00
-0.284056   0.875764    0.98    0.00    0.00    0.00    0.00
0.190245    0.101031    0.00    0.98    0.00    0.00    0.00
-0.100459   -0.402008   0.00    0.00    0.98    0.00    0.00
-0.376005   -0.273411   0.00    0.00    0.98    0.00    0.00
0.417795    0.424314    0.00    0.98    0.00    0.00    0.00
-0.683371   -0.824791   0.00    0.00    0.98    0.00    0.00
0.117048    -0.433484   0.00    0.00    0.00    0.98    0.00
0.022872    -0.953283   0.00    0.00    0.00    0.00    0.98
0.623076    0.177299    0.00    0.98    0.00    0.00    0.00
-0.448531   -0.176904   0.00    0.00    0.98    0.00    0.00
0.206234    0.651178    0.00    0.98    0.00    0.00    0.00
-0.543448   -0.288363   0.00    0.00    0.98    0.00    0.00
0.500862    0.110157    0.00    0.98    0.00    0.00    0.00
0.393560    -0.849691   0.00    0.00    0.00    0.98    0.00
-0.714929   0.492829    0.98    0.00    0.00    0.00    0.00
0.638556    0.580727    0.00    0.98    0.00    0.00    0.00
0.177287    0.781784    0.00    0.98    0.00    0.00    0.00
0.714933    0.756062    0.00    0.98    0.00    0.00    0.00
0.427332    0.217545    0.00    0.98    0.00    0.00    0.00
0.611354    0.834388    0.00    0.98    0.00    0.00    0.00
-0.190668   0.928978    0.98    0.00    0.00    0.00    0.00
-0.396242   -0.092440   0.00    0.00    0.00    0.00    0.98
-0.499877   -0.503561   0.00    0.00    0.98    0.00    0.00
0.060932    -0.727644   0.00    0.00    0.00    0.00    0.98
-0.305808   -0.201999   0.00    0.00    0.98    0.00    0.00
0.441284    0.639290    0.00    0.98    0.00    0.00    0.00
-0.092216   -0.032323   0.00    0.00    0.00    0.00    0.98
-0.922026   0.802045    0.98    0.00    0.00    0.00    0.00
0.873809    0.854973    0.00    0.98    0.00    0.00    0.00
-0.891444   -0.281795   0.00    0.00    0.98    0.00    0.00
-0.045192   -0.899640   0.00    0.00    0.00    0.00    0.98
0.878672    -0.469643   0.00    0.00    0.00    0.98    0.00
-0.985634   0.609811    0.98    0.00    0.00    0.00    0.00
-0.931904   -0.291105   0.00    0.00    0.98    0.00    0.00
-0.191103   0.097694    0.00    0.00    0.00    0.00    0.98
0.600073    0.691534    0.00    0.98    0.00    0.00    0.00
0.960662    0.323770    0.00    0.98    0.00    0.00    0.00
-0.268155   -0.121038   0.00    0.00    0.98    0.00    0.00
0.342499    -0.713687   0.00    0.00    0.00    0.98    0.00
-0.745415   -0.112302   0.00    0.00    0.98    0.00    0.00
-0.500005   -0.819473   0.00    0.00    0.98    0.00    0.00
0.172264    -0.937989   0.00    0.00    0.00    0.98    0.00
0.327533    0.592777    0.00    0.98    0.00    0.00    0.00
0.820993    -0.485683   0.00    0.00    0.00    0.98    0.00
0.559584    0.287440    0.00    0.98    0.00    0.00    0.00
0.388961    -0.801615   0.00    0.00    0.00    0.98    0.00
0.486557    0.293558    0.00    0.98    0.00    0.00    0.00
-0.997394   -0.727873   0.00    0.00    0.98    0.00    0.00
0.578996    0.154965    0.00    0.98    0.00    0.00    0.00
-0.321495   -0.959622   0.00    0.00    0.98    0.00    0.00
0.877643    0.414188    0.00    0.98    0.00    0.00    0.00
0.191339    -0.660327   0.00    0.00    0.00    0.98    0.00
0.677033    -0.900591   0.00    0.00    0.00    0.98    0.00
-0.035497   -0.738166   0.00    0.00    0.00    0.00    0.98
-0.026351   0.874012    0.00    0.00    0.00    0.00    0.98
0.036557    -0.987297   0.00    0.00    0.00    0.00    0.98
-0.989498   -0.578634   0.00    0.00    0.98    0.00    0.00
-0.981068   0.308067    0.98    0.00    0.00    0.00    0.00
-0.215863   0.517972    0.98    0.00    0.00    0.00    0.00
-0.363037   0.662211    0.98    0.00    0.00    0.00    0.00
-0.408793   -0.414847   0.00    0.00    0.98    0.00    0.00
-0.387488   0.299709    0.98    0.00    0.00    0.00    0.00
0.381914    0.038712    0.00    0.00    0.00    0.00    0.98
-0.031109   -0.058195   0.00    0.00    0.00    0.00    0.98
0.081074    -0.916744   0.00    0.00    0.00    0.00    0.98
-0.826844   0.010923    0.00    0.00    0.00    0.00    0.98
0.096895    0.505473    0.00    0.00    0.00    0.00    0.98
0.423101    -0.984387   0.00    0.00    0.00    0.98    0.00
-0.241974   0.077283    0.00    0.00    0.00    0.00    0.98
-0.415960   -0.747488   0.00    0.00    0.98    0.00    0.00
0.260449    0.229067    0.00    0.98    0.00    0.00    0.00
-0.863043   0.052154    0.00    0.00    0.00    0.00    0.98
-0.438691   -0.551615   0.00    0.00    0.98    0.00    0.00
0.316189    -0.374535   0.00    0.00    0.00    0.98    0.00
-0.728990   -0.940627   0.00    0.00    0.98    0.00    0.00
0.796446    0.767986    0.00    0.98    0.00    0.00    0.00
0.397400    -0.526364   0.00    0.00    0.00    0.98    0.00
0.878197    0.130844    0.00    0.98    0.00    0.00    0.00
0.764626    0.653771    0.00    0.98    0.00    0.00    0.00
-0.428035   0.185321    0.98    0.00    0.00    0.00    0.00
-0.607711   -0.982033   0.00    0.00    0.98    0.00    0.00
0.989513    -0.878248   0.00    0.00    0.00    0.98    0.00
-0.211618   0.865407    0.98    0.00    0.00    0.00    0.00
-0.886379   -0.104057   0.00    0.00    0.98    0.00    0.00
0.966625    -0.246619   0.00    0.00    0.00    0.98    0.00
-0.985785   -0.652480   0.00    0.00    0.98    0.00    0.00
0.287364    -0.221554   0.00    0.00    0.00    0.98    0.00
-0.989333   -0.696658   0.00    0.00    0.98    0.00    0.00
0.816938    0.209388    0.00    0.98    0.00    0.00    0.00
-0.081847   -0.031800   0.00    0.00    0.00    0.00    0.98
0.186278    0.418272    0.00    0.98    0.00    0.00    0.00
-0.650705   -0.593412   0.00    0.00    0.98    0.00    0.00
-0.557626   0.194459    0.98    0.00    0.00    0.00    0.00
0.292444    -0.636081   0.00    0.00    0.00    0.98    0.00
-0.512431   0.813693    0.98    0.00    0.00    0.00    0.00
-0.791023   -0.362160   0.00    0.00    0.98    0.00    0.00
-0.607590   0.882381    0.98    0.00    0.00    0.00    0.00
0.985563    0.720680    0.00    0.98    0.00    0.00    0.00
-0.217423   0.803574    0.98    0.00    0.00    0.00    0.00
0.457399    -0.614266   0.00    0.00    0.00    0.98    0.00
0.552061    -0.808737   0.00    0.00    0.00    0.98    0.00
-0.693267   -0.533866   0.00    0.00    0.98    0.00    0.00
0.808366    -0.652881   0.00    0.00    0.00    0.98    0.00
-0.071905   0.302885    0.00    0.00    0.00    0.00    0.98
-0.960445   0.756788    0.98    0.00    0.00    0.00    0.00
-0.121580   0.119602    0.98    0.00    0.00    0.00    0.00
0.746486    0.373782    0.00    0.98    0.00    0.00    0.00
-0.908658   0.559416    0.98    0.00    0.00    0.00    0.00
0.654881    0.532756    0.00    0.98    0.00    0.00    0.00
0.112930    0.778946    0.00    0.98    0.00    0.00    0.00
-0.761562   0.309646    0.98    0.00    0.00    0.00    0.00
0.704492    0.277405    0.00    0.98    0.00    0.00    0.00
0.638457    0.648895    0.00    0.98    0.00    0.00    0.00
-0.004731   -0.920033   0.00    0.00    0.00    0.00    0.98
0.364932    0.650523    0.00    0.98    0.00    0.00    0.00
-0.981591   -0.157047   0.00    0.00    0.98    0.00    0.00
0.061771    -0.080485   0.00    0.00    0.00    0.00    0.98
-0.619816   -0.600603   0.00    0.00    0.98    0.00    0.00
0.959787    0.095520    0.00    0.00    0.00    0.00    0.98
0.897043    0.670907    0.00    0.98    0.00    0.00    0.00
0.585837    -0.405730   0.00    0.00    0.00    0.98    0.00
0.291669    -0.987479   0.00    0.00    0.00    0.98    0.00
0.766648    -0.750301   0.00    0.00    0.00    0.98    0.00
-0.359208   -0.848253   0.00    0.00    0.98    0.00    0.00
0.147676    0.019704    0.00    0.00    0.00    0.00    0.98
-0.486314   0.470709    0.98    0.00    0.00    0.00    0.00
0.659303    0.290153    0.00    0.98    0.00    0.00    0.00
0.979933    -0.234622   0.00    0.00    0.00    0.98    0.00
0.598686    0.130599    0.00    0.98    0.00    0.00    0.00
-0.431104   0.748415    0.98    0.00    0.00    0.00    0.00
0.407125    -0.842762   0.00    0.00    0.00    0.98    0.00
0.940634    0.299263    0.00    0.98    0.00    0.00    0.00
0.429567    0.098163    0.00    0.00    0.00    0.00    0.98
-0.266702   -0.841896   0.00    0.00    0.98    0.00    0.00
-0.039078   -0.852096   0.00    0.00    0.00    0.00    0.98
-0.413773   -0.608431   0.00    0.00    0.98    0.00    0.00
-0.150875   0.081039    0.00    0.00    0.00    0.00    0.98
0.235177    0.724971    0.00    0.98    0.00    0.00    0.00
-0.043157   0.330351    0.00    0.00    0.00    0.00    0.98
-0.928850   0.582545    0.98    0.00    0.00    0.00    0.00
0.163969    0.696835    0.00    0.98    0.00    0.00    0.00
0.018423    -0.402128   0.00    0.00    0.00    0.00    0.98
-0.490643   0.680580    0.98    0.00    0.00    0.00    0.00
-0.625221   -0.494297   0.00    0.00    0.98    0.00    0.00
0.625091    0.273466    0.00    0.98    0.00    0.00    0.00
-0.927548   0.229998    0.98    0.00    0.00    0.00    0.00
0.539334    0.931080    0.00    0.98    0.00    0.00    0.00
-0.495126   0.784985    0.98    0.00    0.00    0.00    0.00
0.891308    -0.125185   0.00    0.00    0.00    0.98    0.00
0.471203    -0.185104   0.00    0.00    0.00    0.98    0.00
0.346234    -0.085078   0.00    0.00    0.00    0.00    0.98
0.775803    0.507724    0.00    0.98    0.00    0.00    0.00
-0.964353   0.639458    0.98    0.00    0.00    0.00    0.00
0.453481    0.135691    0.00    0.98    0.00    0.00    0.00
-0.952902   0.836355    0.98    0.00    0.00    0.00    0.00
0.559041    -0.423752   0.00    0.00    0.00    0.98    0.00
-0.868083   0.487951    0.98    0.00    0.00    0.00    0.00
0.794741    -0.925356   0.00    0.00    0.00    0.98    0.00
-0.813247   -0.973686   0.00    0.00    0.98    0.00    0.00
-0.201144   0.289262    0.98    0.00    0.00    0.00    0.00
-0.219296   0.323597    0.98    0.00    0.00    0.00    0.00
-0.658994   -0.200806   0.00    0.00    0.98    0.00    0.00
-0.176046   -0.342297   0.00    0.00    0.98    0.00    0.00
0.672175    0.637952    0.00    0.98    0.00    0.00    0.00
-0.640170   0.002431    0.00    0.00    0.00    0.00    0.98
0.135956    0.924950    0.00    0.98    0.00    0.00    0.00
0.218699    -0.467240   0.00    0.00    0.00    0.98    0.00
0.562803    0.174379    0.00    0.98    0.00    0.00    0.00
-0.905489   0.670604    0.98    0.00    0.00    0.00    0.00
-0.259901   0.242258    0.98    0.00    0.00    0.00    0.00
-0.448937   0.922456    0.98    0.00    0.00    0.00    0.00
0.635517    -0.705594   0.00    0.00    0.00    0.98    0.00
0.245762    0.574339    0.00    0.98    0.00    0.00    0.00
-0.099061   -0.549061   0.00    0.00    0.00    0.00    0.98
0.330739    0.292090    0.00    0.98    0.00    0.00    0.00
-0.464802   0.578947    0.98    0.00    0.00    0.00    0.00
0.355942    0.311746    0.00    0.98    0.00    0.00    0.00
0.576130    -0.513887   0.00    0.00    0.00    0.98    0.00
-0.833920   -0.521526   0.00    0.00    0.98    0.00    0.00
0.478089    -0.272163   0.00    0.00    0.00    0.98    0.00
0.455183    -0.762228   0.00    0.00    0.00    0.98    0.00
-0.606732   -0.019419   0.00    0.00    0.00    0.00    0.98
-0.692761   -0.060444   0.00    0.00    0.00    0.00    0.98
-0.928868   -0.794088   0.00    0.00    0.98    0.00    0.00
-0.869553   -0.010397   0.00    0.00    0.00    0.00    0.98
-0.752471   -0.159806   0.00    0.00    0.98    0.00    0.00
-0.498903   -0.020160   0.00    0.00    0.00    0.00    0.98
-0.201259   -0.166097   0.00    0.00    0.98    0.00    0.00
-0.398671   0.675345    0.98    0.00    0.00    0.00    0.00
-0.097525   0.020468    0.00    0.00    0.00    0.00    0.98
-0.425714   0.771868    0.98    0.00    0.00    0.00    0.00
0.512821    0.710315    0.00    0.98    0.00    0.00    0.00
0.439909    0.193382    0.00    0.98    0.00    0.00    0.00
-0.317406   -0.349848   0.00    0.00    0.98    0.00    0.00
-0.502666   0.097237    0.00    0.00    0.00    0.00    0.98
-0.267118   0.406477    0.98    0.00    0.00    0.00    0.00
0.805779    -0.311831   0.00    0.00    0.00    0.98    0.00
-0.883190   0.325201    0.98    0.00    0.00    0.00    0.00
0.267989    0.193679    0.00    0.98    0.00    0.00    0.00
0.826160    0.621257    0.00    0.98    0.00    0.00    0.00
-0.312227   -0.448777   0.00    0.00    0.98    0.00    0.00
-0.738723   0.350697    0.98    0.00    0.00    0.00    0.00
-0.646781   -0.792253   0.00    0.00    0.98    0.00    0.00
0.723548    -0.289973   0.00    0.00    0.00    0.98    0.00
0.113538    -0.655096   0.00    0.00    0.00    0.98    0.00
-0.537840   0.531703    0.98    0.00    0.00    0.00    0.00
-0.864240   -0.135821   0.00    0.00    0.98    0.00    0.00
-0.891382   0.916388    0.98    0.00    0.00    0.00    0.00
0.751475    0.413224    0.00    0.98    0.00    0.00    0.00
0.382511    0.296107    0.00    0.98    0.00    0.00    0.00
0.205712    -0.737948   0.00    0.00    0.00    0.98    0.00
-0.289487   -0.667060   0.00    0.00    0.98    0.00    0.00
-0.638688   -0.198909   0.00    0.00    0.98    0.00    0.00
-0.783185   -0.240827   0.00    0.00    0.98    0.00    0.00
0.561756    0.648997    0.00    0.98    0.00    0.00    0.00
-0.144895   -0.051999   0.00    0.00    0.00    0.00    0.98
0.383851    -0.926169   0.00    0.00    0.00    0.98    0.00
0.977994    -0.026265   0.00    0.00    0.00    0.00    0.98
-0.240089   -0.871481   0.00    0.00    0.98    0.00    0.00
-0.683836   0.414269    0.98    0.00    0.00    0.00    0.00
0.624035    -0.202011   0.00    0.00    0.00    0.98    0.00
-0.843614   0.501994    0.98    0.00    0.00    0.00    0.00
0.132307    -0.645902   0.00    0.00    0.00    0.98    0.00
0.482144    0.435758    0.00    0.98    0.00    0.00    0.00
0.461204    0.431781    0.00    0.98    0.00    0.00    0.00
-0.549002   0.211923    0.98    0.00    0.00    0.00    0.00
-0.819070   0.605077    0.98    0.00    0.00    0.00    0.00
0.628241    0.311032    0.00    0.98    0.00    0.00    0.00
0.325422    0.151118    0.00    0.98    0.00    0.00    0.00
-0.343476   -0.694113   0.00    0.00    0.98    0.00    0.00
0.761818    0.259718    0.00    0.98    0.00    0.00    0.00
0.366132    -0.258944   0.00    0.00    0.00    0.98    0.00
-0.647849   0.438032    0.98    0.00    0.00    0.00    0.00
0.184600    0.594289    0.00    0.98    0.00    0.00    0.00
-0.849995   -0.398204   0.00    0.00    0.98    0.00    0.00
-0.960808   0.230977    0.98    0.00    0.00    0.00    0.00
-0.528504   -0.909967   0.00    0.00    0.98    0.00    0.00
0.015290    -0.660247   0.00    0.00    0.00    0.00    0.98
0.543448    -0.338427   0.00    0.00    0.00    0.98    0.00
0.927510    0.528867    0.00    0.98    0.00    0.00    0.00
-0.153697   -0.302897   0.00    0.00    0.98    0.00    0.00
0.892806    -0.598266   0.00    0.00    0.00    0.98    0.00
0.649207    0.645417    0.00    0.98    0.00    0.00    0.00
0.221981    -0.117429   0.00    0.00    0.00    0.98    0.00
-0.478963   -0.049733   0.00    0.00    0.00    0.00    0.98
0.644505    -0.815915   0.00    0.00    0.00    0.98    0.00
0.429472    -0.147669   0.00    0.00    0.00    0.98    0.00
-0.719888   -0.840585   0.00    0.00    0.98    0.00    0.00
0.318999    -0.551926   0.00    0.00    0.00    0.98    0.00
0.508822    0.184973    0.00    0.98    0.00    0.00    0.00
0.666921    -0.305406   0.00    0.00    0.00    0.98    0.00
-0.987770   0.577836    0.98    0.00    0.00    0.00    0.00
0.474044    -0.589470   0.00    0.00    0.00    0.98    0.00
0.005434    -0.775821   0.00    0.00    0.00    0.00    0.98
0.354036    -0.372843   0.00    0.00    0.00    0.98    0.00
-0.994734   0.108390    0.98    0.00    0.00    0.00    0.00
-0.068605   -0.861560   0.00    0.00    0.00    0.00    0.98
0.928857    0.077186    0.00    0.00    0.00    0.00    0.98
0.632481    -0.095345   0.00    0.00    0.00    0.00    0.98
-0.760718   -0.653114   0.00    0.00    0.98    0.00    0.00
0.451387    -0.591319   0.00    0.00    0.00    0.98    0.00
-0.191815   0.915694    0.98    0.00    0.00    0.00    0.00
-0.336236   0.802956    0.98    0.00    0.00    0.00    0.00
-0.269659   0.521631    0.98    0.00    0.00    0.00    0.00
0.670163    -0.830494   0.00    0.00    0.00    0.98    0.00
-0.922017   0.987533    0.98    0.00    0.00    0.00    0.00
0.517718    0.132640    0.00    0.98    0.00    0.00    0.00
-0.167294   -0.476371   0.00    0.00    0.98    0.00    0.00
0.297300    0.218045    0.00    0.98    0.00    0.00    0.00
0.220077    -0.689079   0.00    0.00    0.00    0.98    0.00
0.939628    0.589110    0.00    0.98    0.00    0.00    0.00
0.527317    -0.048807   0.00    0.00    0.00    0.00    0.98
-0.763430   -0.092769   0.00    0.00    0.00    0.00    0.98
0.562096    0.693389    0.00    0.98    0.00    0.00    0.00
0.212469    -0.440874   0.00    0.00    0.00    0.98    0.00
-0.516875   0.012262    0.00    0.00    0.00    0.00    0.98
0.710475    0.291857    0.00    0.98    0.00    0.00    0.00
-0.334830   -0.424770   0.00    0.00    0.98    0.00    0.00
-0.759341   0.289774    0.98    0.00    0.00    0.00    0.00
-0.320170   0.718794    0.98    0.00    0.00    0.00    0.00
-0.836575   0.304258    0.98    0.00    0.00    0.00    0.00
0.242492    -0.735159   0.00    0.00    0.00    0.98    0.00
0.369480    -0.731595   0.00    0.00    0.00    0.98    0.00
0.148729    0.924292    0.00    0.98    0.00    0.00    0.00
0.292012    -0.802298   0.00    0.00    0.00    0.98    0.00
0.152152    -0.445426   0.00    0.00    0.00    0.98    0.00
-0.616976   0.547020    0.98    0.00    0.00    0.00    0.00
0.692459    -0.080948   0.00    0.00    0.00    0.00    0.98
-0.975667   0.016407    0.00    0.00    0.00    0.00    0.98
-0.734217   0.469609    0.98    0.00    0.00    0.00    0.00
-0.530373   0.861959    0.98    0.00    0.00    0.00    0.00
0.162970    0.608754    0.00    0.98    0.00    0.00    0.00
0.279541    0.063072    0.00    0.00    0.00    0.00    0.98
0.048466    -0.286756   0.00    0.00    0.00    0.00    0.98
0.897107    -0.338533   0.00    0.00    0.00    0.98    0.00
0.269854    -0.261581   0.00    0.00    0.00    0.98    0.00
0.902450    0.194479    0.00    0.98    0.00    0.00    0.00
-0.964751   -0.687509   0.00    0.00    0.98    0.00    0.00
-0.133258   -0.954441   0.00    0.00    0.98    0.00    0.00
0.937610    0.743341    0.00    0.98    0.00    0.00    0.00
-0.866974   -0.200988   0.00    0.00    0.98    0.00    0.00
-0.564858   0.776185    0.98    0.00    0.00    0.00    0.00
0.014608    0.118960    0.00    0.00    0.00    0.00    0.98
-0.484658   0.961637    0.98    0.00    0.00    0.00    0.00
0.056001    -0.621332   0.00    0.00    0.00    0.00    0.98
0.531104    0.016934    0.00    0.00    0.00    0.00    0.98
0.133450    -0.019937   0.00    0.00    0.00    0.00    0.98
-0.472348   -0.738165   0.00    0.00    0.98    0.00    0.00
0.535017    0.538940    0.00    0.98    0.00    0.00    0.00
-0.973584   -0.553699   0.00    0.00    0.98    0.00    0.00
-0.419073   -0.325315   0.00    0.00    0.98    0.00    0.00
-0.684310   0.938359    0.98    0.00    0.00    0.00    0.00
-0.038307   0.337713    0.00    0.00    0.00    0.00    0.98
0.663594    -0.361301   0.00    0.00    0.00    0.98    0.00
0.355280    0.307273    0.00    0.98    0.00    0.00    0.00
0.078172    -0.359502   0.00    0.00    0.00    0.00    0.98
-0.220905   -0.633400   0.00    0.00    0.98    0.00    0.00
0.863337    -0.900915   0.00    0.00    0.00    0.98    0.00
-0.894190   0.655792    0.98    0.00    0.00    0.00    0.00
-0.868003   0.535220    0.98    0.00    0.00    0.00    0.00
0.737920    0.225850    0.00    0.98    0.00    0.00    0.00
-0.535976   0.848684    0.98    0.00    0.00    0.00    0.00
-0.363281   -0.939214   0.00    0.00    0.98    0.00    0.00
-0.974469   -0.054004   0.00    0.00    0.00    0.00    0.98
-0.876105   0.484763    0.98    0.00    0.00    0.00    0.00
0.112126    -0.974796   0.00    0.00    0.00    0.98    0.00
0.327440    0.845960    0.00    0.98    0.00    0.00    0.00
0.254147    0.030709    0.00    0.00    0.00    0.00    0.98
0.271890    -0.753137   0.00    0.00    0.00    0.98    0.00
-0.995240   0.769491    0.98    0.00    0.00    0.00    0.00
0.476556    -0.621471   0.00    0.00    0.00    0.98    0.00
-0.372007   0.362526    0.98    0.00    0.00    0.00    0.00
0.023865    0.671123    0.00    0.00    0.00    0.00    0.98
0.344014    0.741253    0.00    0.98    0.00    0.00    0.00
0.078556    -0.643652   0.00    0.00    0.00    0.00    0.98
0.815909    -0.305136   0.00    0.00    0.00    0.98    0.00
-0.947343   0.054650    0.00    0.00    0.00    0.00    0.98
-0.597401   -0.255081   0.00    0.00    0.98    0.00    0.00
-0.891402   0.833906    0.98    0.00    0.00    0.00    0.00
-0.043976   0.187337    0.00    0.00    0.00    0.00    0.98
0.230861    -0.783353   0.00    0.00    0.00    0.98    0.00
0.875458    0.514976    0.00    0.98    0.00    0.00    0.00
0.542617    -0.290574   0.00    0.00    0.00    0.98    0.00
0.384813    -0.078679   0.00    0.00    0.00    0.00    0.98
0.874295    -0.260082   0.00    0.00    0.00    0.98    0.00
-0.678905   0.779237    0.98    0.00    0.00    0.00    0.00
0.399610    -0.657483   0.00    0.00    0.00    0.98    0.00
0.832670    0.445169    0.00    0.98    0.00    0.00    0.00
-0.799065   0.965686    0.98    0.00    0.00    0.00    0.00
-0.666651   0.775956    0.98    0.00    0.00    0.00    0.00
-0.024749   -0.974543   0.00    0.00    0.00    0.00    0.98
0.978887    -0.950485   0.00    0.00    0.00    0.98    0.00
-0.256331   0.099094    0.00    0.00    0.00    0.00    0.98
0.385499    -0.851738   0.00    0.00    0.00    0.98    0.00
-0.060883   -0.177550   0.00    0.00    0.00    0.00    0.98
0.425864    -0.331501   0.00    0.00    0.00    0.98    0.00
-0.009824   -0.260911   0.00    0.00    0.00    0.00    0.98
-0.613396   0.752340    0.98    0.00    0.00    0.00    0.00
0.649901    0.085377    0.00    0.00    0.00    0.00    0.98
0.324117    0.051309    0.00    0.00    0.00    0.00    0.98
0.628173    0.698269    0.00    0.98    0.00    0.00    0.00
-0.853028   -0.944451   0.00    0.00    0.98    0.00    0.00
0.449465    0.544981    0.00    0.98    0.00    0.00    0.00
0.528068    -0.573407   0.00    0.00    0.00    0.98    0.00
-0.178447   0.669411    0.98    0.00    0.00    0.00    0.00
-0.718787   0.028413    0.00    0.00    0.00    0.00    0.98
-0.509650   -0.218128   0.00    0.00    0.98    0.00    0.00
-0.728443   -0.958949   0.00    0.00    0.98    0.00    0.00
-0.896142   0.532621    0.98    0.00    0.00    0.00    0.00
0.938929    -0.218633   0.00    0.00    0.00    0.98    0.00
0.834172    -0.535549   0.00    0.00    0.00    0.98    0.00
-0.837956   0.296395    0.98    0.00    0.00    0.00    0.00
-0.043057   -0.507617   0.00    0.00    0.00    0.00    0.98
0.055125    0.715490    0.00    0.00    0.00    0.00    0.98
0.286255    -0.601200   0.00    0.00    0.00    0.98    0.00
-0.960700   0.092808    0.00    0.00    0.00    0.00    0.98
-0.887696   0.873842    0.98    0.00    0.00    0.00    0.00
0.418402    0.186575    0.00    0.98    0.00    0.00    0.00
-0.692824   -0.164894   0.00    0.00    0.98    0.00    0.00
0.790012    -0.404935   0.00    0.00    0.00    0.98    0.00
-0.795764   -0.677104   0.00    0.00    0.98    0.00    0.00
-0.548802   -0.022970   0.00    0.00    0.00    0.00    0.98
-0.334004   0.796419    0.98    0.00    0.00    0.00    0.00
0.261750    0.568561    0.00    0.98    0.00    0.00    0.00
-0.461818   -0.172919   0.00    0.00    0.98    0.00    0.00
0.756546    -0.580928   0.00    0.00    0.00    0.98    0.00
-0.428150   -0.758124   0.00    0.00    0.98    0.00    0.00
-0.196888   -0.014471   0.00    0.00    0.00    0.00    0.98
-0.514809   -0.072557   0.00    0.00    0.00    0.00    0.98
-0.905206   -0.982867   0.00    0.00    0.98    0.00    0.00
-0.126691   0.731167    0.98    0.00    0.00    0.00    0.00
0.387280    0.224438    0.00    0.98    0.00    0.00    0.00
0.589246    -0.573449   0.00    0.00    0.00    0.98    0.00
0.619431    -0.466019   0.00    0.00    0.00    0.98    0.00
0.985155    -0.426503   0.00    0.00    0.00    0.98    0.00
-0.649131   -0.667288   0.00    0.00    0.98    0.00    0.00
0.122055    0.697035    0.00    0.98    0.00    0.00    0.00
0.152140    0.019300    0.00    0.00    0.00    0.00    0.98
0.053809    -0.841114   0.00    0.00    0.00    0.00    0.98
-0.224582   0.096010    0.00    0.00    0.00    0.00    0.98
0.773837    -0.759969   0.00    0.00    0.00    0.98    0.00
-0.519389   -0.385668   0.00    0.00    0.98    0.00    0.00
0.525590    0.646186    0.00    0.98    0.00    0.00    0.00
0.831281    0.796796    0.00    0.98    0.00    0.00    0.00
-0.886083   -0.385995   0.00    0.00    0.98    0.00    0.00
-0.583902   -0.761262   0.00    0.00    0.98    0.00    0.00
-0.835258   0.304318    0.98    0.00    0.00    0.00    0.00
-0.070422   0.140812    0.00    0.00    0.00    0.00    0.98
0.885366    -0.614461   0.00    0.00    0.00    0.98    0.00
-0.915579   0.676672    0.98    0.00    0.00    0.00    0.00
-0.198105   -0.483633   0.00    0.00    0.98    0.00    0.00
0.263859    0.837553    0.00    0.98    0.00    0.00    0.00
0.185326    -0.122835   0.00    0.00    0.00    0.98    0.00
-0.094689   0.826485    0.00    0.00    0.00    0.00    0.98
0.580130    0.628353    0.00    0.98    0.00    0.00    0.00
-0.467518   -0.630795   0.00    0.00    0.98    0.00    0.00
-0.287813   0.821094    0.98    0.00    0.00    0.00    0.00
-0.628147   0.395917    0.98    0.00    0.00    0.00    0.00
-0.138179   -0.041959   0.00    0.00    0.00    0.00    0.98
-0.046215   0.806252    0.00    0.00    0.00    0.00    0.98
0.195886    -0.576841   0.00    0.00    0.00    0.98    0.00
0.400117    -0.853645   0.00    0.00    0.00    0.98    0.00
0.723203    -0.550873   0.00    0.00    0.00    0.98    0.00
-0.419942   -0.367786   0.00    0.00    0.98    0.00    0.00
-0.764483   0.063394    0.00    0.00    0.00    0.00    0.98
-0.333691   -0.484816   0.00    0.00    0.98    0.00    0.00
0.579862    0.618635    0.00    0.98    0.00    0.00    0.00
0.380842    0.182664    0.00    0.98    0.00    0.00    0.00
0.172854    -0.096480   0.00    0.00    0.00    0.00    0.98
-0.403394   0.444984    0.98    0.00    0.00    0.00    0.00
0.459074    0.615122    0.00    0.98    0.00    0.00    0.00
-0.616360   0.030835    0.00    0.00    0.00    0.00    0.98
-0.929206   0.966878    0.98    0.00    0.00    0.00    0.00
-0.790126   0.555324    0.98    0.00    0.00    0.00    0.00
0.748434    0.147193    0.00    0.98    0.00    0.00    0.00
0.754529    -0.973624   0.00    0.00    0.00    0.98    0.00
-0.899590   -0.273565   0.00    0.00    0.98    0.00    0.00
0.564578    0.337652    0.00    0.98    0.00    0.00    0.00
-0.828699   -0.447547   0.00    0.00    0.98    0.00    0.00
0.054021    -0.204458   0.00    0.00    0.00    0.00    0.98
-0.521461   -0.423236   0.00    0.00    0.98    0.00    0.00
-0.545168   0.968099    0.98    0.00    0.00    0.00    0.00
0.997865    0.677832    0.00    0.98    0.00    0.00    0.00
-0.190390   0.739482    0.98    0.00    0.00    0.00    0.00
-0.389385   -0.628337   0.00    0.00    0.98    0.00    0.00
-0.808567   -0.775922   0.00    0.00    0.98    0.00    0.00
0.547132    -0.132350   0.00    0.00    0.00    0.98    0.00
-0.111918   0.798937    0.98    0.00    0.00    0.00    0.00
0.289329    0.844770    0.00    0.98    0.00    0.00    0.00
0.718263    0.322226    0.00    0.98    0.00    0.00    0.00
-0.787327   -0.255986   0.00    0.00    0.98    0.00    0.00
-0.762186   0.394374    0.98    0.00    0.00    0.00    0.00
-0.606073   0.607000    0.98    0.00    0.00    0.00    0.00
0.944450    -0.205276   0.00    0.00    0.00    0.98    0.00
0.767933    0.923424    0.00    0.98    0.00    0.00    0.00
-0.049103   0.602952    0.00    0.00    0.00    0.00    0.98
-0.096366   0.494966    0.00    0.00    0.00    0.00    0.98
-0.378077   -0.022236   0.00    0.00    0.00    0.00    0.98
-0.678599   0.501358    0.98    0.00    0.00    0.00    0.00
0.418429    0.686475    0.00    0.98    0.00    0.00    0.00
0.443712    0.316505    0.00    0.98    0.00    0.00    0.00
0.156997    -0.440432   0.00    0.00    0.00    0.98    0.00
0.178501    0.130314    0.00    0.98    0.00    0.00    0.00
-0.834030   0.089798    0.00    0.00    0.00    0.00    0.98
0.509918    0.061656    0.00    0.00    0.00    0.00    0.98
-0.602016   0.416319    0.98    0.00    0.00    0.00    0.00
0.555013    -0.671667   0.00    0.00    0.00    0.98    0.00
0.561072    -0.370647   0.00    0.00    0.00    0.98    0.00
-0.487159   0.173796    0.98    0.00    0.00    0.00    0.00
0.096760    -0.301974   0.00    0.00    0.00    0.00    0.98
0.950770    -0.497031   0.00    0.00    0.00    0.98    0.00
0.948406    0.255642    0.00    0.98    0.00    0.00    0.00
0.974381    0.669446    0.00    0.98    0.00    0.00    0.00
0.559941    -0.622100   0.00    0.00    0.00    0.98    0.00
0.277235    -0.284362   0.00    0.00    0.00    0.98    0.00
0.351717    0.018615    0.00    0.00    0.00    0.00    0.98
0.106026    -0.422719   0.00    0.00    0.00    0.98    0.00
-0.665178   -0.214077   0.00    0.00    0.98    0.00    0.00
0.014904    -0.588341   0.00    0.00    0.00    0.00    0.98
-0.523629   -0.503504   0.00    0.00    0.98    0.00    0.00
0.854886    -0.870749   0.00    0.00    0.00    0.98    0.00
-0.764031   -0.539955   0.00    0.00    0.98    0.00    0.00
0.096732    -0.789809   0.00    0.00    0.00    0.00    0.98
0.140341    0.963002    0.00    0.98    0.00    0.00    0.00
-0.253212   -0.821781   0.00    0.00    0.98    0.00    0.00
0.149462    0.976869    0.00    0.98    0.00    0.00    0.00
-0.179783   -0.534195   0.00    0.00    0.98    0.00    0.00
-0.261814   0.835346    0.98    0.00    0.00    0.00    0.00
0.236558    -0.558069   0.00    0.00    0.00    0.98    0.00
0.812997    -0.578675   0.00    0.00    0.00    0.98    0.00
-0.382779   -0.243314   0.00    0.00    0.98    0.00    0.00
-0.796382   0.833000    0.98    0.00    0.00    0.00    0.00
-0.710166   0.316014    0.98    0.00    0.00    0.00    0.00
-0.491716   -0.789228   0.00    0.00    0.98    0.00    0.00
-0.369296   0.644313    0.98    0.00    0.00    0.00    0.00
-0.366323   0.986811    0.98    0.00    0.00    0.00    0.00
-0.880173   -0.524699   0.00    0.00    0.98    0.00    0.00
0.706979    -0.965696   0.00    0.00    0.00    0.98    0.00
-0.154187   -0.577816   0.00    0.00    0.98    0.00    0.00
0.231875    0.203086    0.00    0.98    0.00    0.00    0.00
-0.514659   -0.203239   0.00    0.00    0.98    0.00    0.00
-0.521381   -0.566105   0.00    0.00    0.98    0.00    0.00
0.932057    -0.216182   0.00    0.00    0.00    0.98    0.00
0.183385    -0.316135   0.00    0.00    0.00    0.98    0.00
0.575105    -0.205138   0.00    0.00    0.00    0.98    0.00
0.380080    0.579920    0.00    0.98    0.00    0.00    0.00
-0.681446   0.132670    0.98    0.00    0.00    0.00    0.00
0.178034    -0.615424   0.00    0.00    0.00    0.98    0.00
-0.408000   -0.064480   0.00    0.00    0.00    0.00    0.98
0.524998    0.888561    0.00    0.98    0.00    0.00    0.00
0.337536    -0.940212   0.00    0.00    0.00    0.98    0.00
0.026130    -0.393809   0.00    0.00    0.00    0.00    0.98
0.616382    -0.221028   0.00    0.00    0.00    0.98    0.00
-0.533424   0.152856    0.98    0.00    0.00    0.00    0.00
0.389019    -0.545526   0.00    0.00    0.00    0.98    0.00
-0.566797   0.211878    0.98    0.00    0.00    0.00    0.00
0.111261    -0.111220   0.00    0.00    0.00    0.98    0.00
0.935426    -0.125400   0.00    0.00    0.00    0.98    0.00
-0.078372   0.981266    0.00    0.00    0.00    0.00    0.98
-0.350177   0.483281    0.98    0.00    0.00    0.00    0.00
0.321282    0.925846    0.00    0.98    0.00    0.00    0.00
-0.692613   -0.674614   0.00    0.00    0.98    0.00    0.00
-0.522668   -0.212918   0.00    0.00    0.98    0.00    0.00
-0.847613   -0.361766   0.00    0.00    0.98    0.00    0.00
0.322042    0.135753    0.00    0.98    0.00    0.00    0.00
0.159130    -0.826230   0.00    0.00    0.00    0.98    0.00
0.286326    -0.046403   0.00    0.00    0.00    0.00    0.98
-0.873990   0.788380    0.98    0.00    0.00    0.00    0.00
0.879028    0.409874    0.00    0.98    0.00    0.00    0.00
0.468289    0.258993    0.00    0.98    0.00    0.00    0.00
0.403794    -0.743474   0.00    0.00    0.00    0.98    0.00
-0.959152   0.568932    0.98    0.00    0.00    0.00    0.00
0.856193    0.972253    0.00    0.98    0.00    0.00    0.00
-0.441598   0.323860    0.98    0.00    0.00    0.00    0.00
-0.829412   -0.110854   0.00    0.00    0.98    0.00    0.00
-0.046890   -0.305347   0.00    0.00    0.00    0.00    0.98
-0.464307   -0.284826   0.00    0.00    0.98    0.00    0.00
-0.752070   0.028981    0.00    0.00    0.00    0.00    0.98
0.210747    0.090779    0.00    0.00    0.00    0.00    0.98
-0.384135   -0.472746   0.00    0.00    0.98    0.00    0.00
-0.129647   0.046532    0.00    0.00    0.00    0.00    0.98
-0.233705   -0.097079   0.00    0.00    0.00    0.00    0.98
-0.904251   -0.237668   0.00    0.00    0.98    0.00    0.00
-0.522683   0.221310    0.98    0.00    0.00    0.00    0.00
-0.647157   -0.953416   0.00    0.00    0.98    0.00    0.00
0.649095    -0.504714   0.00    0.00    0.00    0.98    0.00
-0.281015   -0.203881   0.00    0.00    0.98    0.00    0.00
-0.895499   -0.526775   0.00    0.00    0.98    0.00    0.00
0.285742    -0.337288   0.00    0.00    0.00    0.98    0.00
0.863356    -0.510024   0.00    0.00    0.00    0.98    0.00
-0.602322   -0.086895   0.00    0.00    0.00    0.00    0.98
-0.955691   0.858505    0.98    0.00    0.00    0.00    0.00
-0.845041   0.164923    0.98    0.00    0.00    0.00    0.00
0.231183    -0.646337   0.00    0.00    0.00    0.98    0.00
0.993981    -0.537525   0.00    0.00    0.00    0.98    0.00
-0.772757   0.009096    0.00    0.00    0.00    0.00    0.98
0.966061    0.021710    0.00    0.00    0.00    0.00    0.98
-0.929599   0.699847    0.98    0.00    0.00    0.00    0.00
-0.296772   -0.177091   0.00    0.00    0.98    0.00    0.00
-0.404108   -0.925446   0.00    0.00    0.98    0.00    0.00
0.452052    0.342419    0.00    0.98    0.00    0.00    0.00
0.443926    0.143816    0.00    0.98    0.00    0.00    0.00
-0.646262   -0.237233   0.00    0.00    0.98    0.00    0.00
0.347255    0.736632    0.00    0.98    0.00    0.00    0.00
0.552732    0.858117    0.00    0.98    0.00    0.00    0.00
0.567837    0.736649    0.00    0.98    0.00    0.00    0.00
-0.460811   -0.202303   0.00    0.00    0.98    0.00    0.00
-0.551577   0.687180    0.98    0.00    0.00    0.00    0.00
-0.129748   -0.208465   0.00    0.00    0.98    0.00    0.00
0.026141    0.619102    0.00    0.00    0.00    0.00    0.98
-0.052701   0.931831    0.00    0.00    0.00    0.00    0.98
-0.677870   -0.027703   0.00    0.00    0.00    0.00    0.98
-0.511302   0.594101    0.98    0.00    0.00    0.00    0.00
-0.779447   -0.765337   0.00    0.00    0.98    0.00    0.00
0.939253    0.990411    0.00    0.98    0.00    0.00    0.00
-0.079200   -0.599731   0.00    0.00    0.00    0.00    0.98
0.839674    0.042604    0.00    0.00    0.00    0.00    0.98
0.240659    0.352083    0.00    0.98    0.00    0.00    0.00
-0.393709   -0.325852   0.00    0.00    0.98    0.00    0.00
0.206817    -0.092156   0.00    0.00    0.00    0.00    0.98
-0.330165   0.001770    0.00    0.00    0.00    0.00    0.98
0.403858    -0.792545   0.00    0.00    0.00    0.98    0.00
-0.804256   -0.014589   0.00    0.00    0.00    0.00    0.98
0.010426    -0.617864   0.00    0.00    0.00    0.00    0.98
-0.634350   -0.002464   0.00    0.00    0.00    0.00    0.98
-0.215120   -0.766643   0.00    0.00    0.98    0.00    0.00
0.487744    -0.310468   0.00    0.00    0.00    0.98    0.00
-0.224971   0.958087    0.98    0.00    0.00    0.00    0.00
-0.045647   0.546513    0.00    0.00    0.00    0.00    0.98
-0.145597   0.557669    0.98    0.00    0.00    0.00    0.00
0.911519    -0.879279   0.00    0.00    0.00    0.98    0.00
-0.062351   -0.418427   0.00    0.00    0.00    0.00    0.98
0.414184    -0.578741   0.00    0.00    0.00    0.98    0.00
0.514727    -0.246800   0.00    0.00    0.00    0.98    0.00
0.985397    -0.029419   0.00    0.00    0.00    0.00    0.98
-0.364245   0.542452    0.98    0.00    0.00    0.00    0.00
-0.433173   -0.070422   0.00    0.00    0.00    0.00    0.98
-0.427433   -0.494449   0.00    0.00    0.98    0.00    0.00
-0.511136   -0.672205   0.00    0.00    0.98    0.00    0.00
-0.257230   -0.061028   0.00    0.00    0.00    0.00    0.98
0.116155    -0.876773   0.00    0.00    0.00    0.98    0.00
-0.622792   0.450916    0.98    0.00    0.00    0.00    0.00
-0.869469   0.650806    0.98    0.00    0.00    0.00    0.00
0.586730    -0.140847   0.00    0.00    0.00    0.98    0.00
0.479526    -0.249966   0.00    0.00    0.00    0.98    0.00
-0.639893   -0.979115   0.00    0.00    0.98    0.00    0.00
0.983094    -0.286642   0.00    0.00    0.00    0.98    0.00
0.152729    0.688976    0.00    0.98    0.00    0.00    0.00
0.876905    0.110717    0.00    0.98    0.00    0.00    0.00
-0.944327   -0.038677   0.00    0.00    0.00    0.00    0.98
0.140774    -0.784110   0.00    0.00    0.00    0.98    0.00
0.523601    0.186305    0.00    0.98    0.00    0.00    0.00
0.563921    0.775709    0.00    0.98    0.00    0.00    0.00
0.570563    -0.693351   0.00    0.00    0.00    0.98    0.00
0.767453    0.025364    0.00    0.00    0.00    0.00    0.98
-0.746517   0.276440    0.98    0.00    0.00    0.00    0.00
-0.046213   -0.376699   0.00    0.00    0.00    0.00    0.98
0.034514    0.525640    0.00    0.00    0.00    0.00    0.98
0.858074    0.571958    0.00    0.98    0.00    0.00    0.00
-0.942671   -0.483592   0.00    0.00    0.98    0.00    0.00
-0.526173   -0.171034   0.00    0.00    0.98    0.00    0.00
0.029479    -0.758313   0.00    0.00    0.00    0.00    0.98
0.007679    -0.844597   0.00    0.00    0.00    0.00    0.98
-0.335466   -0.737750   0.00    0.00    0.98    0.00    0.00
-0.027182   -0.056168   0.00    0.00    0.00    0.00    0.98
0.932990    0.065113    0.00    0.00    0.00    0.00    0.98
0.052850    0.519931    0.00    0.00    0.00    0.00    0.98
-0.031981   0.291668    0.00    0.00    0.00    0.00    0.98
0.717543    0.821034    0.00    0.98    0.00    0.00    0.00
-0.467360   0.002366    0.00    0.00    0.00    0.00    0.98
0.809068    -0.690508   0.00    0.00    0.00    0.98    0.00
0.248833    -0.736375   0.00    0.00    0.00    0.98    0.00
-0.215605   -0.432346   0.00    0.00    0.98    0.00    0.00
-0.971835   0.969645    0.98    0.00    0.00    0.00    0.00
-0.699073   -0.863340   0.00    0.00    0.98    0.00    0.00
0.984202    -0.733055   0.00    0.00    0.00    0.98    0.00
-0.661265   0.340343    0.98    0.00    0.00    0.00    0.00
0.645092    0.901293    0.00    0.98    0.00    0.00    0.00
-0.424463   -0.744942   0.00    0.00    0.98    0.00    0.00
-0.171675   -0.715944   0.00    0.00    0.98    0.00    0.00
-0.265483   0.648684    0.98    0.00    0.00    0.00    0.00
-0.365692   -0.956393   0.00    0.00    0.98    0.00    0.00
0.992962    0.020574    0.00    0.00    0.00    0.00    0.98
0.028256    0.120876    0.00    0.00    0.00    0.00    0.98
-0.243191   -0.718633   0.00    0.00    0.98    0.00    0.00
0.544956    -0.307852   0.00    0.00    0.00    0.98    0.00
0.376731    0.818249    0.00    0.98    0.00    0.00    0.00
-0.846369   -0.152976   0.00    0.00    0.98    0.00    0.00
0.496623    0.187600    0.00    0.98    0.00    0.00    0.00
-0.318640   -0.436066   0.00    0.00    0.98    0.00    0.00
-0.717650   -0.723889   0.00    0.00    0.98    0.00    0.00
-0.714906   0.266830    0.98    0.00    0.00    0.00    0.00
0.593687    0.038681    0.00    0.00    0.00    0.00    0.98
0.105707    0.028300    0.00    0.00    0.00    0.00    0.98
-0.899919   -0.894864   0.00    0.00    0.98    0.00    0.00
-0.985869   0.486141    0.98    0.00    0.00    0.00    0.00
0.927354    -0.062619   0.00    0.00    0.00    0.00    0.98
-0.356658   -0.188462   0.00    0.00    0.98    0.00    0.00
-0.070981   0.172331    0.00    0.00    0.00    0.00    0.98
-0.938154   -0.898179   0.00    0.00    0.98    0.00    0.00
0.267142    0.821881    0.00    0.98    0.00    0.00    0.00
-0.204435   -0.687003   0.00    0.00    0.98    0.00    0.00
-0.782903   -0.638074   0.00    0.00    0.98    0.00    0.00
-0.344275   -0.933826   0.00    0.00    0.98    0.00    0.00
0.819892    -0.953486   0.00    0.00    0.00    0.98    0.00
-0.962074   -0.551168   0.00    0.00    0.98    0.00    0.00
0.717322    0.350060    0.00    0.98    0.00    0.00    0.00
0.705113    -0.955439   0.00    0.00    0.00    0.98    0.00
-0.876134   0.993644    0.98    0.00    0.00    0.00    0.00
-0.550404   -0.713321   0.00    0.00    0.98    0.00    0.00
-0.273889   -0.424008   0.00    0.00    0.98    0.00    0.00
0.200694    -0.857757   0.00    0.00    0.00    0.98    0.00
-0.416224   -0.609427   0.00    0.00    0.98    0.00    0.00
-0.423540   0.053446    0.00    0.00    0.00    0.00    0.98
0.133108    0.162291    0.00    0.98    0.00    0.00    0.00
-0.824513   -0.486108   0.00    0.00    0.98    0.00    0.00
-0.866864   0.840079    0.98    0.00    0.00    0.00    0.00
-0.977843   0.084552    0.00    0.00    0.00    0.00    0.98
-0.677660   -0.085462   0.00    0.00    0.00    0.00    0.98
-0.580216   0.728031    0.98    0.00    0.00    0.00    0.00
0.083305    0.803741    0.00    0.00    0.00    0.00    0.98
-0.948242   0.748988    0.98    0.00    0.00    0.00    0.00
-0.021513   -0.283042   0.00    0.00    0.00    0.00    0.98
-0.401123   0.276791    0.98    0.00    0.00    0.00    0.00
-0.679411   -0.051038   0.00    0.00    0.00    0.00    0.98
-0.680086   -0.753308   0.00    0.00    0.98    0.00    0.00
0.076663    -0.572205   0.00    0.00    0.00    0.00    0.98
0.028049    0.432627    0.00    0.00    0.00    0.00    0.98
0.411144    0.841496    0.00    0.98    0.00    0.00    0.00
0.738427    -0.387353   0.00    0.00    0.00    0.98    0.00
0.602158    0.656311    0.00    0.98    0.00    0.00    0.00
0.117951    -0.711587   0.00    0.00    0.00    0.98    0.00
-0.831060   0.807266    0.98    0.00    0.00    0.00    0.00
0.421015    -0.443583   0.00    0.00    0.00    0.98    0.00
0.753155    0.045233    0.00    0.00    0.00    0.00    0.98
0.026329    0.121509    0.00    0.00    0.00    0.00    0.98
0.276701    -0.931923   0.00    0.00    0.00    0.98    0.00
-0.788810   -0.977650   0.00    0.00    0.98    0.00    0.00
0.775125    -0.877994   0.00    0.00    0.00    0.98    0.00
0.256636    0.420129    0.00    0.98    0.00    0.00    0.00
-0.759132   0.133487    0.98    0.00    0.00    0.00    0.00
0.212374    0.273571    0.00    0.98    0.00    0.00    0.00
-0.768157   -0.449629   0.00    0.00    0.98    0.00    0.00
0.024824    -0.695126   0.00    0.00    0.00    0.00    0.98
0.856580    0.965102    0.00    0.98    0.00    0.00    0.00
0.939310    -0.589121   0.00    0.00    0.00    0.98    0.00
0.984344    -0.704249   0.00    0.00    0.00    0.98    0.00
0.104514    -0.477039   0.00    0.00    0.00    0.98    0.00
0.594693    -0.016657   0.00    0.00    0.00    0.00    0.98
-0.061938   -0.959999   0.00    0.00    0.00    0.00    0.98
-0.108455   -0.721361   0.00    0.00    0.98    0.00    0.00
0.834292    0.733450    0.00    0.98    0.00    0.00    0.00
-0.721399   0.800645    0.98    0.00    0.00    0.00    0.00
0.063432    -0.730221   0.00    0.00    0.00    0.00    0.98
0.026948    0.649077    0.00    0.00    0.00    0.00    0.98
0.921728    -0.590981   0.00    0.00    0.00    0.98    0.00
-0.651832   0.585253    0.98    0.00    0.00    0.00    0.00
0.017692    0.726579    0.00    0.00    0.00    0.00    0.98
0.363476    -0.278825   0.00    0.00    0.00    0.98    0.00
-0.776655   0.127720    0.98    0.00    0.00    0.00    0.00
-0.191207   0.439350    0.98    0.00    0.00    0.00    0.00
-0.297235   0.008063    0.00    0.00    0.00    0.00    0.98
0.783950    -0.293693   0.00    0.00    0.00    0.98    0.00
-0.799880   -0.781663   0.00    0.00    0.98    0.00    0.00
0.530513    -0.884731   0.00    0.00    0.00    0.98    0.00
0.263805    -0.020026   0.00    0.00    0.00    0.00    0.98
0.022709    0.803291    0.00    0.00    0.00    0.00    0.98
0.261527    -0.711123   0.00    0.00    0.00    0.98    0.00
-0.883051   -0.154499   0.00    0.00    0.98    0.00    0.00
-0.356832   0.689560    0.98    0.00    0.00    0.00    0.00
-0.791068   -0.833134   0.00    0.00    0.98    0.00    0.00
0.973739    -0.708968   0.00    0.00    0.00    0.98    0.00
0.656219    -0.178970   0.00    0.00    0.00    0.98    0.00
-0.615340   -0.073556   0.00    0.00    0.00    0.00    0.98
0.100803    0.478330    0.00    0.98    0.00    0.00    0.00
0.730796    0.493501    0.00    0.98    0.00    0.00    0.00
-0.468349   -0.943099   0.00    0.00    0.98    0.00    0.00
-0.103552   0.490448    0.98    0.00    0.00    0.00    0.00
-0.835266   -0.866642   0.00    0.00    0.98    0.00    0.00
0.134050    0.709611    0.00    0.98    0.00    0.00    0.00
-0.345769   -0.439731   0.00    0.00    0.98    0.00    0.00
0.496923    -0.923784   0.00    0.00    0.00    0.98    0.00
-0.678199   0.178243    0.98    0.00    0.00    0.00    0.00
0.204676    -0.785308   0.00    0.00    0.00    0.98    0.00
0.879363    0.584712    0.00    0.98    0.00    0.00    0.00
0.103668    -0.755968   0.00    0.00    0.00    0.98    0.00
-0.306307   -0.652826   0.00    0.00    0.98    0.00    0.00
-0.300029   0.865101    0.98    0.00    0.00    0.00    0.00
0.001949    -0.806932   0.00    0.00    0.00    0.00    0.98
0.322593    -0.633044   0.00    0.00    0.00    0.98    0.00
0.284331    0.796643    0.00    0.98    0.00    0.00    0.00
0.745021    -0.702764   0.00    0.00    0.00    0.98    0.00
-0.419431   0.218669    0.98    0.00    0.00    0.00    0.00
-0.099548   0.352069    0.00    0.00    0.00    0.00    0.98
0.934826    0.107990    0.00    0.98    0.00    0.00    0.00
-0.609505   -0.282710   0.00    0.00    0.98    0.00    0.00
0.195498    -0.966243   0.00    0.00    0.00    0.98    0.00
-0.322079   -0.716125   0.00    0.00    0.98    0.00    0.00
0.040578    -0.807555   0.00    0.00    0.00    0.00    0.98
-0.571773   0.874856    0.98    0.00    0.00    0.00    0.00
0.899093    0.015039    0.00    0.00    0.00    0.00    0.98
0.720430    -0.376310   0.00    0.00    0.00    0.98    0.00
0.437673    -0.076174   0.00    0.00    0.00    0.00    0.98
0.110320    -0.552619   0.00    0.00    0.00    0.98    0.00
0.296660    0.290150    0.00    0.98    0.00    0.00    0.00
-0.693468   -0.360622   0.00    0.00    0.98    0.00    0.00
-0.397815   0.277793    0.98    0.00    0.00    0.00    0.00
0.705311    -0.142594   0.00    0.00    0.00    0.98    0.00
-0.602874   0.276687    0.98    0.00    0.00    0.00    0.00
-0.198464   -0.774734   0.00    0.00    0.98    0.00    0.00
0.080479    0.648909    0.00    0.00    0.00    0.00    0.98
0.069025    -0.408748   0.00    0.00    0.00    0.00    0.98
0.741454    -0.332961   0.00    0.00    0.00    0.98    0.00
-0.471847   0.890203    0.98    0.00    0.00    0.00    0.00
0.968672    -0.620123   0.00    0.00    0.00    0.98    0.00
-0.610954   0.781162    0.98    0.00    0.00    0.00    0.00
0.731305    -0.051641   0.00    0.00    0.00    0.00    0.98
-0.735786   -0.642817   0.00    0.00    0.98    0.00    0.00
0.337667    0.575513    0.00    0.98    0.00    0.00    0.00
-0.662372   -0.078638   0.00    0.00    0.00    0.00    0.98
-0.845013   -0.818780   0.00    0.00    0.98    0.00    0.00
0.416638    -0.529902   0.00    0.00    0.00    0.98    0.00
-0.040769   0.463574    0.00    0.00    0.00    0.00    0.98
0.150495    0.132520    0.00    0.98    0.00    0.00    0.00
-0.823102   0.051155    0.00    0.00    0.00    0.00    0.98
0.751350    0.530261    0.00    0.98    0.00    0.00    0.00
-0.182423   -0.998627   0.00    0.00    0.98    0.00    0.00
-0.223938   -0.261214   0.00    0.00    0.98    0.00    0.00
-0.037579   0.444203    0.00    0.00    0.00    0.00    0.98
0.301354    0.374761    0.00    0.98    0.00    0.00    0.00
0.065383    -0.329715   0.00    0.00    0.00    0.00    0.98
-0.839991   -0.913168   0.00    0.00    0.98    0.00    0.00
-0.277800   -0.287967   0.00    0.00    0.98    0.00    0.00
0.062405    0.585411    0.00    0.00    0.00    0.00    0.98
0.370919    0.155451    0.00    0.98    0.00    0.00    0.00
0.460103    0.743015    0.00    0.98    0.00    0.00    0.00
-0.587344   -0.300509   0.00    0.00    0.98    0.00    0.00
-0.467230   -0.453951   0.00    0.00    0.98    0.00    0.00
-0.718914   0.808089    0.98    0.00    0.00    0.00    0.00
-0.150132   0.683057    0.98    0.00    0.00    0.00    0.00
0.806377    0.876123    0.00    0.98    0.00    0.00    0.00
0.574546    0.409510    0.00    0.98    0.00    0.00    0.00
-0.823675   -0.411821   0.00    0.00    0.98    0.00    0.00
0.157453    -0.964011   0.00    0.00    0.00    0.98    0.00
0.154148    0.429765    0.00    0.98    0.00    0.00    0.00
-0.020582   -0.902031   0.00    0.00    0.00    0.00    0.98
-0.617621   -0.021869   0.00    0.00    0.00    0.00    0.98
-0.371854   0.724279    0.98    0.00    0.00    0.00    0.00
0.602868    0.561330    0.00    0.98    0.00    0.00    0.00
-0.141268   0.091899    0.00    0.00    0.00    0.00    0.98
0.760470    0.550444    0.00    0.98    0.00    0.00    0.00
0.059273    0.463499    0.00    0.00    0.00    0.00    0.98
-0.646342   0.963805    0.98    0.00    0.00    0.00    0.00
0.293484    0.354633    0.00    0.98    0.00    0.00    0.00
0.021908    0.613596    0.00    0.00    0.00    0.00    0.98
-0.471596   -0.997130   0.00    0.00    0.98    0.00    0.00
-0.995037   0.247085    0.98    0.00    0.00    0.00    0.00
0.063217    -0.922057   0.00    0.00    0.00    0.00    0.98
0.900319    0.921080    0.00    0.98    0.00    0.00    0.00
-0.158416   -0.015748   0.00    0.00    0.00    0.00    0.98
-0.581636   0.472670    0.98    0.00    0.00    0.00    0.00
-0.313134   -0.952155   0.00    0.00    0.98    0.00    0.00
-0.400844   0.955757    0.98    0.00    0.00    0.00    0.00
-0.573374   -0.708440   0.00    0.00    0.98    0.00    0.00
0.402117    -0.047170   0.00    0.00    0.00    0.00    0.98
0.199374    -0.778209   0.00    0.00    0.00    0.98    0.00
0.372851    -0.066623   0.00    0.00    0.00    0.00    0.98
-0.710600   -0.591161   0.00    0.00    0.98    0.00    0.00
-0.827989   0.735052    0.98    0.00    0.00    0.00    0.00
0.860877    0.454293    0.00    0.98    0.00    0.00    0.00
-0.842342   0.436589    0.98    0.00    0.00    0.00    0.00
-0.515636   -0.133845   0.00    0.00    0.98    0.00    0.00
0.862817    -0.907142   0.00    0.00    0.00    0.98    0.00
-0.326153   0.626585    0.98    0.00    0.00    0.00    0.00
0.017328    -0.245964   0.00    0.00    0.00    0.00    0.98
0.043123    0.057017    0.00    0.00    0.00    0.00    0.98
0.094902    0.669296    0.00    0.00    0.00    0.00    0.98
0.643053    -0.436137   0.00    0.00    0.00    0.98    0.00
0.535272    0.713647    0.00    0.98    0.00    0.00    0.00
0.139025    -0.405173   0.00    0.00    0.00    0.98    0.00
-0.622034   0.534334    0.98    0.00    0.00    0.00    0.00
-0.585707   0.820334    0.98    0.00    0.00    0.00    0.00
0.996466    -0.390485   0.00    0.00    0.00    0.98    0.00
0.190916    0.833484    0.00    0.98    0.00    0.00    0.00
-0.139653   0.465164    0.98    0.00    0.00    0.00    0.00
-0.986404   0.838151    0.98    0.00    0.00    0.00    0.00
0.925730    -0.159339   0.00    0.00    0.00    0.98    0.00
0.250636    0.914931    0.00    0.98    0.00    0.00    0.00
-0.793947   -0.486539   0.00    0.00    0.98    0.00    0.00
0.742474    0.922207    0.00    0.98    0.00    0.00    0.00
-0.592768   0.441743    0.98    0.00    0.00    0.00    0.00
-0.395203   -0.027580   0.00    0.00    0.00    0.00    0.98
-0.412027   -0.727844   0.00    0.00    0.98    0.00    0.00
-0.200661   -0.050364   0.00    0.00    0.00    0.00    0.98
0.302110    -0.937061   0.00    0.00    0.00    0.98    0.00
0.584228    0.697663    0.00    0.98    0.00    0.00    0.00
0.523098    0.757858    0.00    0.98    0.00    0.00    0.00
-0.968258   -0.576999   0.00    0.00    0.98    0.00    0.00
-0.398392   0.407728    0.98    0.00    0.00    0.00    0.00
0.281982    -0.620942   0.00    0.00    0.00    0.98    0.00
-0.052968   0.280030    0.00    0.00    0.00    0.00    0.98
-0.610566   -0.760859   0.00    0.00    0.98    0.00    0.00
0.043890    -0.313693   0.00    0.00    0.00    0.00    0.98
0.227753    0.942905    0.00    0.98    0.00    0.00    0.00
0.854802    -0.910388   0.00    0.00    0.00    0.98    0.00
-0.505825   0.264255    0.98    0.00    0.00    0.00    0.00
-0.661631   0.701857    0.98    0.00    0.00    0.00    0.00
0.545038    -0.077628   0.00    0.00    0.00    0.00    0.98
-0.965761   0.144080    0.98    0.00    0.00    0.00    0.00
-0.028678   0.089907    0.00    0.00    0.00    0.00    0.98
-0.023712   -0.500343   0.00    0.00    0.00    0.00    0.98
-0.874085   -0.980264   0.00    0.00    0.98    0.00    0.00
0.585540    0.376074    0.00    0.98    0.00    0.00    0.00
-0.856994   0.878064    0.98    0.00    0.00    0.00    0.00
0.292916    0.711181    0.00    0.98    0.00    0.00    0.00
-0.825138   -0.002688   0.00    0.00    0.00    0.00    0.98
0.759872    0.236184    0.00    0.98    0.00    0.00    0.00
-0.369144   -0.578572   0.00    0.00    0.98    0.00    0.00
-0.633324   0.067281    0.00    0.00    0.00    0.00    0.98
-0.207090   -0.385690   0.00    0.00    0.98    0.00    0.00
-0.146278   0.726641    0.98    0.00    0.00    0.00    0.00
0.729109    0.252219    0.00    0.98    0.00    0.00    0.00
0.205228    -0.760124   0.00    0.00    0.00    0.98    0.00
0.376568    0.142665    0.00    0.98    0.00    0.00    0.00
0.806899    -0.568231   0.00    0.00    0.00    0.98    0.00
-0.041818   -0.947119   0.00    0.00    0.00    0.00    0.98
0.493266    -0.922303   0.00    0.00    0.00    0.98    0.00
-0.902762   -0.396481   0.00    0.00    0.98    0.00    0.00
0.631506    -0.430756   0.00    0.00    0.00    0.98    0.00
-0.862011   0.857020    0.98    0.00    0.00    0.00    0.00
0.652266    -0.817681   0.00    0.00    0.00    0.98    0.00
0.060092    0.271742    0.00    0.00    0.00    0.00    0.98
0.319794    -0.696691   0.00    0.00    0.00    0.98    0.00
-0.241874   0.100997    0.98    0.00    0.00    0.00    0.00
-0.816360   0.715213    0.98    0.00    0.00    0.00    0.00
0.313087    -0.036507   0.00    0.00    0.00    0.00    0.98
0.480849    -0.143137   0.00    0.00    0.00    0.98    0.00
0.248079    -0.039921   0.00    0.00    0.00    0.00    0.98
-0.218594   -0.827405   0.00    0.00    0.98    0.00    0.00
0.199843    -0.130231   0.00    0.00    0.00    0.98    0.00
0.221505    0.470420    0.00    0.98    0.00    0.00    0.00
0.165126    0.325603    0.00    0.98    0.00    0.00    0.00
-0.700969   -0.310737   0.00    0.00    0.98    0.00    0.00
0.220376    -0.502689   0.00    0.00    0.00    0.98    0.00
-0.556487   -0.520240   0.00    0.00    0.98    0.00    0.00
-0.954454   0.341118    0.98    0.00    0.00    0.00    0.00
0.005252    -0.523010   0.00    0.00    0.00    0.00    0.98
-0.092829   0.086737    0.00    0.00    0.00    0.00    0.98
0.983569    0.466225    0.00    0.98    0.00    0.00    0.00
-0.569280   -0.262989   0.00    0.00    0.98    0.00    0.00
0.143772    -0.469937   0.00    0.00    0.00    0.98    0.00
0.076257    -0.100798   0.00    0.00    0.00    0.00    0.98
0.931915    -0.275738   0.00    0.00    0.00    0.98    0.00
-0.038021   0.342805    0.00    0.00    0.00    0.00    0.98
0.525680    0.930589    0.00    0.98    0.00    0.00    0.00
-0.136566   0.225452    0.98    0.00    0.00    0.00    0.00
-0.814944   -0.895021   0.00    0.00    0.98    0.00    0.00
0.060445    -0.771634   0.00    0.00    0.00    0.00    0.98
-0.893694   0.844623    0.98    0.00    0.00    0.00    0.00
0.289553    0.373990    0.00    0.98    0.00    0.00    0.00
0.197048    0.029312    0.00    0.00    0.00    0.00    0.98
-0.383721   0.305433    0.98    0.00    0.00    0.00    0.00
-0.697598   0.811390    0.98    0.00    0.00    0.00    0.00
-0.206237   0.599823    0.98    0.00    0.00    0.00    0.00
0.403679    -0.272341   0.00    0.00    0.00    0.98    0.00
-0.949309   0.595357    0.98    0.00    0.00    0.00    0.00
0.410544    0.652363    0.00    0.98    0.00    0.00    0.00
0.165371    -0.655890   0.00    0.00    0.00    0.98    0.00
-0.479579   -0.304105   0.00    0.00    0.98    0.00    0.00
0.263645    -0.326270   0.00    0.00    0.00    0.98    0.00
0.241587    0.136175    0.00    0.98    0.00    0.00    0.00
0.355090    0.761175    0.00    0.98    0.00    0.00    0.00
-0.693460   0.848451    0.98    0.00    0.00    0.00    0.00
0.314293    0.948201    0.00    0.98    0.00    0.00    0.00
-0.219853   -0.729304   0.00    0.00    0.98    0.00    0.00
0.841550    0.721833    0.00    0.98    0.00    0.00    0.00
-0.051723   0.076906    0.00    0.00    0.00    0.00    0.98
-0.646271   0.186421    0.98    0.00    0.00    0.00    0.00
0.040245    -0.142877   0.00    0.00    0.00    0.00    0.98
-0.905300   0.524812    0.98    0.00    0.00    0.00    0.00
0.313359    -0.546915   0.00    0.00    0.00    0.98    0.00
0.298449    0.080298    0.00    0.00    0.00    0.00    0.98
-0.961967   0.587671    0.98    0.00    0.00    0.00    0.00
0.320918    -0.020394   0.00    0.00    0.00    0.00    0.98
0.247805    -0.308874   0.00    0.00    0.00    0.98    0.00
-0.141460   -0.731581   0.00    0.00    0.98    0.00    0.00
-0.943809   -0.538948   0.00    0.00    0.98    0.00    0.00
-0.631858   -0.330643   0.00    0.00    0.98    0.00    0.00
-0.308229   0.326076    0.98    0.00    0.00    0.00    0.00
-0.425779   0.198399    0.98    0.00    0.00    0.00    0.00
-0.524232   -0.596931   0.00    0.00    0.98    0.00    0.00
0.067237    0.669408    0.00    0.00    0.00    0.00    0.98
0.744693    -0.497565   0.00    0.00    0.00    0.98    0.00
-0.517335   -0.544756   0.00    0.00    0.98    0.00    0.00
-0.655467   -0.059830   0.00    0.00    0.00    0.00    0.98
0.663929    0.568898    0.00    0.98    0.00    0.00    0.00
-0.787270   -0.614554   0.00    0.00    0.98    0.00    0.00
0.584176    -0.922625   0.00    0.00    0.00    0.98    0.00
0.843395    0.377590    0.00    0.98    0.00    0.00    0.00
-0.837434   0.775507    0.98    0.00    0.00    0.00    0.00
0.601302    -0.837301   0.00    0.00    0.00    0.98    0.00
0.094806    0.987749    0.00    0.00    0.00    0.00    0.98
0.116861    0.264672    0.00    0.98    0.00    0.00    0.00
-0.603522   0.484229    0.98    0.00    0.00    0.00    0.00
-0.799417   0.504462    0.98    0.00    0.00    0.00    0.00
-0.661176   -0.115311   0.00    0.00    0.98    0.00    0.00
-0.736762   -0.961065   0.00    0.00    0.98    0.00    0.00
0.976507    -0.981819   0.00    0.00    0.00    0.98    0.00
0.124634    -0.346105   0.00    0.00    0.00    0.98    0.00
-0.180849   -0.656532   0.00    0.00    0.98    0.00    0.00
0.086624    0.613285    0.00    0.00    0.00    0.00    0.98
0.263789    -0.528585   0.00    0.00    0.00    0.98    0.00
-0.751449   0.964689    0.98    0.00    0.00    0.00    0.00
0.296754    0.377374    0.00    0.98    0.00    0.00    0.00
0.320036    -0.417815   0.00    0.00    0.00    0.98    0.00
0.507211    0.244137    0.00    0.98    0.00    0.00    0.00
-0.445598   0.197433    0.98    0.00    0.00    0.00    0.00
0.712260    0.181607    0.00    0.98    0.00    0.00    0.00
-0.177550   -0.153925   0.00    0.00    0.98    0.00    0.00
-0.233791   -0.084164   0.00    0.00    0.00    0.00    0.98
0.818797    -0.830433   0.00    0.00    0.00    0.98    0.00
-0.350559   0.395839    0.98    0.00    0.00    0.00    0.00
0.070340    -0.302044   0.00    0.00    0.00    0.00    0.98
-0.085969   -0.625085   0.00    0.00    0.00    0.00    0.98
0.021039    0.511539    0.00    0.00    0.00    0.00    0.98
-0.818964   0.863877    0.98    0.00    0.00    0.00    0.00
0.173298    0.540150    0.00    0.98    0.00    0.00    0.00
0.250465    -0.567562   0.00    0.00    0.00    0.98    0.00
0.277674    0.753259    0.00    0.98    0.00    0.00    0.00
0.117459    -0.106488   0.00    0.00    0.00    0.98    0.00
0.962270    0.138111    0.00    0.98    0.00    0.00    0.00
0.875714    0.705167    0.00    0.98    0.00    0.00    0.00
0.178269    -0.054265   0.00    0.00    0.00    0.00    0.98
0.452374    -0.173955   0.00    0.00    0.00    0.98    0.00
0.277863    0.319241    0.00    0.98    0.00    0.00    0.00
0.644405    -0.169049   0.00    0.00    0.00    0.98    0.00
-0.266117   0.367754    0.98    0.00    0.00    0.00    0.00
-0.882179   -0.211510   0.00    0.00    0.98    0.00    0.00
0.848096    0.128718    0.00    0.98    0.00    0.00    0.00
0.936475    -0.119790   0.00    0.00    0.00    0.98    0.00
0.532954    -0.992121   0.00    0.00    0.00    0.98    0.00
0.137335    -0.146010   0.00    0.00    0.00    0.98    0.00
-0.740096   0.241703    0.98    0.00    0.00    0.00    0.00
0.662611    0.589121    0.00    0.98    0.00    0.00    0.00
0.554809    -0.949859   0.00    0.00    0.00    0.98    0.00
-0.108226   -0.384095   0.00    0.00    0.98    0.00    0.00
0.422475    -0.051217   0.00    0.00    0.00    0.00    0.98
-0.406954   -0.239429   0.00    0.00    0.98    0.00    0.00
-0.936414   0.347625    0.98    0.00    0.00    0.00    0.00
-0.620987   0.151588    0.98    0.00    0.00    0.00    0.00
0.915563    -0.817018   0.00    0.00    0.00    0.98    0.00
0.711634    0.497705    0.00    0.98    0.00    0.00    0.00
0.288749    -0.993902   0.00    0.00    0.00    0.98    0.00
0.446335    -0.619671   0.00    0.00    0.00    0.98    0.00
0.474124    0.501977    0.00    0.98    0.00    0.00    0.00
-0.926019   0.246249    0.98    0.00    0.00    0.00    0.00
-0.923459   0.637370    0.98    0.00    0.00    0.00    0.00
0.386022    0.741762    0.00    0.98    0.00    0.00    0.00
-0.508145   -0.383346   0.00    0.00    0.98    0.00    0.00
-0.730847   -0.404721   0.00    0.00    0.98    0.00    0.00
-0.500312   -0.048251   0.00    0.00    0.00    0.00    0.98
0.509082    0.419269    0.00    0.98    0.00    0.00    0.00
0.540377    0.689678    0.00    0.98    0.00    0.00    0.00
-0.274731   0.799739    0.98    0.00    0.00    0.00    0.00
-0.985004   0.074470    0.00    0.00    0.00    0.00    0.98
0.083504    0.671166    0.00    0.00    0.00    0.00    0.98
0.233100    0.516979    0.00    0.98    0.00    0.00    0.00
0.344632    0.050365    0.00    0.00    0.00    0.00    0.98
0.779158    0.336313    0.00    0.98    0.00    0.00    0.00
0.947151    -0.918528   0.00    0.00    0.00    0.98    0.00
-0.242366   0.926439    0.98    0.00    0.00    0.00    0.00
0.923072    -0.892264   0.00    0.00    0.00    0.98    0.00
-0.641471   0.259395    0.98    0.00    0.00    0.00    0.00
0.327047    -0.991577   0.00    0.00    0.00    0.98    0.00
0.149734    0.653973    0.00    0.98    0.00    0.00    0.00
-0.728743   0.553408    0.98    0.00    0.00    0.00    0.00
0.577411    -0.485069   0.00    0.00    0.00    0.98    0.00
0.633861    0.836758    0.00    0.98    0.00    0.00    0.00
-0.427033   -0.090647   0.00    0.00    0.00    0.00    0.98
0.828393    -0.770749   0.00    0.00    0.00    0.98    0.00
-0.804252   0.747639    0.98    0.00    0.00    0.00    0.00
-0.328593   0.644344    0.98    0.00    0.00    0.00    0.00
0.274471    -0.664075   0.00    0.00    0.00    0.98    0.00
-0.701898   0.476011    0.98    0.00    0.00    0.00    0.00
-0.712162   -0.131605   0.00    0.00    0.98    0.00    0.00
-0.796520   -0.161716   0.00    0.00    0.98    0.00    0.00
-0.377799   0.113124    0.98    0.00    0.00    0.00    0.00
-0.120358   -0.972914   0.00    0.00    0.98    0.00    0.00
0.055042    -0.022988   0.00    0.00    0.00    0.00    0.98
-0.731012   0.971846    0.98    0.00    0.00    0.00    0.00
-0.091787   -0.867492   0.00    0.00    0.00    0.00    0.98
-0.583399   -0.892800   0.00    0.00    0.98    0.00    0.00
0.495824    -0.730754   0.00    0.00    0.00    0.98    0.00
-0.241091   -0.087001   0.00    0.00    0.00    0.00    0.98
-0.217696   -0.939457   0.00    0.00    0.98    0.00    0.00
-0.753560   -0.603403   0.00    0.00    0.98    0.00    0.00
0.690243    0.348235    0.00    0.98    0.00    0.00    0.00
0.977799    -0.367027   0.00    0.00    0.00    0.98    0.00
-0.635541   -0.561133   0.00    0.00    0.98    0.00    0.00
-0.786503   -0.355729   0.00    0.00    0.98    0.00    0.00
0.061079    0.657069    0.00    0.00    0.00    0.00    0.98
0.210385    -0.690276   0.00    0.00    0.00    0.98    0.00
0.026077    -0.828331   0.00    0.00    0.00    0.00    0.98
0.942004    0.867671    0.00    0.98    0.00    0.00    0.00
0.032073    -0.352607   0.00    0.00    0.00    0.00    0.98
0.602562    -0.218151   0.00    0.00    0.00    0.98    0.00
-0.992159   0.876417    0.98    0.00    0.00    0.00    0.00
0.313921    -0.285500   0.00    0.00    0.00    0.98    0.00
-0.529375   -0.496224   0.00    0.00    0.98    0.00    0.00
-0.962178   -0.189383   0.00    0.00    0.98    0.00    0.00
-0.444380   0.513893    0.98    0.00    0.00    0.00    0.00
0.966579    0.009592    0.00    0.00    0.00    0.00    0.98
0.892335    -0.308594   0.00    0.00    0.00    0.98    0.00
-0.254970   -0.394458   0.00    0.00    0.98    0.00    0.00
-0.810604   -0.794720   0.00    0.00    0.98    0.00    0.00
0.545119    0.338356    0.00    0.98    0.00    0.00    0.00
-0.018317   -0.571012   0.00    0.00    0.00    0.00    0.98
-0.273864   0.341295    0.98    0.00    0.00    0.00    0.00
0.655747    -0.190196   0.00    0.00    0.00    0.98    0.00
0.957614    0.640989    0.00    0.98    0.00    0.00    0.00
-0.933624   0.547441    0.98    0.00    0.00    0.00    0.00
0.001483    0.083621    0.00    0.00    0.00    0.00    0.98
0.190529    -0.588437   0.00    0.00    0.00    0.98    0.00
0.583744    -0.491066   0.00    0.00    0.00    0.98    0.00
-0.257610   0.050085    0.00    0.00    0.00    0.00    0.98
-0.828359   -0.002759   0.00    0.00    0.00    0.00    0.98
0.218180    0.713479    0.00    0.98    0.00    0.00    0.00
-0.262592   0.077032    0.00    0.00    0.00    0.00    0.98
0.401668    0.368290    0.00    0.98    0.00    0.00    0.00
-0.985588   0.216490    0.98    0.00    0.00    0.00    0.00
0.033978    -0.809907   0.00    0.00    0.00    0.00    0.98
0.536496    -0.816775   0.00    0.00    0.00    0.98    0.00
0.839343    -0.565119   0.00    0.00    0.00    0.98    0.00
0.490806    -0.033664   0.00    0.00    0.00    0.00    0.98
-0.450106   0.516061    0.98    0.00    0.00    0.00    0.00
-0.743708   -0.746539   0.00    0.00    0.98    0.00    0.00
0.765770    -0.531702   0.00    0.00    0.00    0.98    0.00
-0.633871   0.133282    0.98    0.00    0.00    0.00    0.00
-0.170827   0.783136    0.98    0.00    0.00    0.00    0.00
0.021644    0.101615    0.00    0.00    0.00    0.00    0.98
-0.478656   0.039600    0.00    0.00    0.00    0.00    0.98
-0.302992   -0.248027   0.00    0.00    0.98    0.00    0.00
-0.188124   0.072669    0.00    0.00    0.00    0.00    0.98
0.691543    -0.520185   0.00    0.00    0.00    0.98    0.00
-0.581954   -0.268121   0.00    0.00    0.98    0.00    0.00
0.770494    0.375072    0.00    0.98    0.00    0.00    0.00
0.761438    -0.945979   0.00    0.00    0.00    0.98    0.00
0.598187    -0.176130   0.00    0.00    0.00    0.98    0.00
0.382875    -0.342031   0.00    0.00    0.00    0.98    0.00
0.075753    -0.316261   0.00    0.00    0.00    0.00    0.98
0.601609    -0.670529   0.00    0.00    0.00    0.98    0.00
-0.955739   0.815307    0.98    0.00    0.00    0.00    0.00
0.380920    0.897431    0.00    0.98    0.00    0.00    0.00
0.566459    -0.901150   0.00    0.00    0.00    0.98    0.00
-0.172333   0.883465    0.98    0.00    0.00    0.00    0.00
-0.997251   0.410351    0.98    0.00    0.00    0.00    0.00
-0.005720   -0.083680   0.00    0.00    0.00    0.00    0.98
0.785006    -0.871231   0.00    0.00    0.00    0.98    0.00
-0.021049   0.610246    0.00    0.00    0.00    0.00    0.98
0.024660    -0.254510   0.00    0.00    0.00    0.00    0.98
-0.472510   -0.637730   0.00    0.00    0.98    0.00    0.00
-0.080416   -0.645599   0.00    0.00    0.00    0.00    0.98
-0.282297   0.503070    0.98    0.00    0.00    0.00    0.00
0.962199    -0.689112   0.00    0.00    0.00    0.98    0.00
0.914900    0.150326    0.00    0.98    0.00    0.00    0.00
-0.996321   0.554271    0.98    0.00    0.00    0.00    0.00
0.816116    0.644516    0.00    0.98    0.00    0.00    0.00
-0.422335   0.363880    0.98    0.00    0.00    0.00    0.00
-0.916261   -0.954834   0.00    0.00    0.98    0.00    0.00
0.716919    0.806788    0.00    0.98    0.00    0.00    0.00
0.467671    -0.280814   0.00    0.00    0.00    0.98    0.00
0.137534    0.268520    0.00    0.98    0.00    0.00    0.00
-0.916457   0.417936    0.98    0.00    0.00    0.00    0.00
0.805756    0.652814    0.00    0.98    0.00    0.00    0.00
-0.770114   0.497123    0.98    0.00    0.00    0.00    0.00
0.827398    0.172453    0.00    0.98    0.00    0.00    0.00
-0.302199   0.506073    0.98    0.00    0.00    0.00    0.00
0.813764    0.567794    0.00    0.98    0.00    0.00    0.00
-0.441920   0.169440    0.98    0.00    0.00    0.00    0.00
0.075224    -0.825851   0.00    0.00    0.00    0.00    0.98
0.893725    -0.263197   0.00    0.00    0.00    0.98    0.00
-0.939249   -0.187078   0.00    0.00    0.98    0.00    0.00
0.554925    0.782988    0.00    0.98    0.00    0.00    0.00
-0.467541   0.481138    0.98    0.00    0.00    0.00    0.00
0.411969    0.011019    0.00    0.00    0.00    0.00    0.98
0.344829    0.293733    0.00    0.98    0.00    0.00    0.00
-0.933826   -0.318189   0.00    0.00    0.98    0.00    0.00
0.810408    -0.382175   0.00    0.00    0.00    0.98    0.00
0.721916    0.747089    0.00    0.98    0.00    0.00    0.00
-0.430359   -0.429565   0.00    0.00    0.98    0.00    0.00
-0.852319   0.324765    0.98    0.00    0.00    0.00    0.00
0.156554    0.944748    0.00    0.98    0.00    0.00    0.00
-0.711764   0.983930    0.98    0.00    0.00    0.00    0.00
-0.258393   -0.534521   0.00    0.00    0.98    0.00    0.00
0.170149    -0.558477   0.00    0.00    0.00    0.98    0.00
0.855193    -0.172492   0.00    0.00    0.00    0.98    0.00
0.685517    -0.541319   0.00    0.00    0.00    0.98    0.00
-0.890725   -0.999522   0.00    0.00    0.98    0.00    0.00
-0.797228   -0.203694   0.00    0.00    0.98    0.00    0.00
0.475495    0.013237    0.00    0.00    0.00    0.00    0.98
0.010164    -0.046728   0.00    0.00    0.00    0.00    0.98
0.177933    0.686070    0.00    0.98    0.00    0.00    0.00
0.495889    0.482069    0.00    0.98    0.00    0.00    0.00
-0.051994   0.297274    0.00    0.00    0.00    0.00    0.98
0.538205    0.052931    0.00    0.00    0.00    0.00    0.98
0.187315    -0.996377   0.00    0.00    0.00    0.98    0.00
0.409775    0.127226    0.00    0.98    0.00    0.00    0.00
0.103616    0.200052    0.00    0.98    0.00    0.00    0.00
-0.411605   -0.302473   0.00    0.00    0.98    0.00    0.00
0.342245    -0.429693   0.00    0.00    0.00    0.98    0.00
-0.670423   -0.147725   0.00    0.00    0.98    0.00    0.00
0.297388    0.404746    0.00    0.98    0.00    0.00    0.00
0.038123    0.086287    0.00    0.00    0.00    0.00    0.98
0.038744    -0.588309   0.00    0.00    0.00    0.00    0.98
-0.250531   0.245177    0.98    0.00    0.00    0.00    0.00
-0.939536   0.374985    0.98    0.00    0.00    0.00    0.00
-0.006601   -0.766505   0.00    0.00    0.00    0.00    0.98
-0.796206   0.113924    0.98    0.00    0.00    0.00    0.00
0.211973    0.005507    0.00    0.00    0.00    0.00    0.98
0.355967    0.058669    0.00    0.00    0.00    0.00    0.98
-0.630315   -0.744014   0.00    0.00    0.98    0.00    0.00
-0.552866   -0.255424   0.00    0.00    0.98    0.00    0.00
0.632307    -0.638598   0.00    0.00    0.00    0.98    0.00
-0.686764   0.466118    0.98    0.00    0.00    0.00    0.00
0.297495    0.944116    0.00    0.98    0.00    0.00    0.00
0.289064    0.156490    0.00    0.98    0.00    0.00    0.00
0.540165    0.032598    0.00    0.00    0.00    0.00    0.98
0.132103    -0.593052   0.00    0.00    0.00    0.98    0.00
-0.698638   -0.768023   0.00    0.00    0.98    0.00    0.00
-0.148778   0.512791    0.98    0.00    0.00    0.00    0.00
0.585451    0.606656    0.00    0.98    0.00    0.00    0.00
0.534672    0.414634    0.00    0.98    0.00    0.00    0.00
0.018752    0.649867    0.00    0.00    0.00    0.00    0.98
-0.152834   -0.829906   0.00    0.00    0.98    0.00    0.00
-0.597835   -0.495652   0.00    0.00    0.98    0.00    0.00
0.004170    0.982336    0.00    0.00    0.00    0.00    0.98
-0.908835   -0.274081   0.00    0.00    0.98    0.00    0.00
0.836802    0.419343    0.00    0.98    0.00    0.00    0.00
0.651447    -0.666989   0.00    0.00    0.00    0.98    0.00
0.807785    0.573524    0.00    0.98    0.00    0.00    0.00
-0.212221   -0.192934   0.00    0.00    0.98    0.00    0.00
-0.528310   -0.881827   0.00    0.00    0.98    0.00    0.00
-0.405082   0.426167    0.98    0.00    0.00    0.00    0.00
0.953129    -0.499409   0.00    0.00    0.00    0.98    0.00
0.376595    0.412838    0.00    0.98    0.00    0.00    0.00
-0.224162   0.387296    0.98    0.00    0.00    0.00    0.00
-0.873145   -0.287836   0.00    0.00    0.98    0.00    0.00
0.216490    -0.753644   0.00    0.00    0.00    0.98    0.00
0.521604    0.302876    0.00    0.98    0.00    0.00    0.00
0.520173    0.740713    0.00    0.98    0.00    0.00    0.00
0.146962    -0.742158   0.00    0.00    0.00    0.98    0.00
-0.631340   0.860212    0.98    0.00    0.00    0.00    0.00
0.911772    -0.510922   0.00    0.00    0.00    0.98    0.00
0.983664    -0.887230   0.00    0.00    0.00    0.98    0.00
0.134859    -0.776998   0.00    0.00    0.00    0.98    0.00
-0.343288   -0.717722   0.00    0.00    0.98    0.00    0.00
-0.432110   0.987866    0.98    0.00    0.00    0.00    0.00
-0.698312   -0.553324   0.00    0.00    0.98    0.00    0.00
0.374616    -0.253023   0.00    0.00    0.00    0.98    0.00
0.987564    0.780745    0.00    0.98    0.00    0.00    0.00
0.138341    -0.458926   0.00    0.00    0.00    0.98    0.00
0.935306    -0.213124   0.00    0.00    0.00    0.98    0.00
0.262434    0.782623    0.00    0.98    0.00    0.00    0.00
-0.861782   0.165059    0.98    0.00    0.00    0.00    0.00
0.946695    -0.562534   0.00    0.00    0.00    0.98    0.00
0.651502    -0.346682   0.00    0.00    0.00    0.98    0.00
0.999009    -0.955952   0.00    0.00    0.00    0.98    0.00
0.900851    0.937956    0.00    0.98    0.00    0.00    0.00
-0.135485   0.733278    0.98    0.00    0.00    0.00    0.00
0.730960    -0.658850   0.00    0.00    0.00    0.98    0.00
-0.225285   -0.104562   0.00    0.00    0.98    0.00    0.00
-0.953447   -0.301540   0.00    0.00    0.98    0.00    0.00
-0.734922   -0.702094   0.00    0.00    0.98    0.00    0.00
-0.821429   -0.211955   0.00    0.00    0.98    0.00    0.00
0.421193    0.926213    0.00    0.98    0.00    0.00    0.00
-0.601017   0.549770    0.98    0.00    0.00    0.00    0.00
-0.141981   -0.962579   0.00    0.00    0.98    0.00    0.00
0.411292    0.875591    0.00    0.98    0.00    0.00    0.00
0.143871    -0.248290   0.00    0.00    0.00    0.98    0.00
-0.351210   -0.973351   0.00    0.00    0.98    0.00    0.00
0.745595    0.443231    0.00    0.98    0.00    0.00    0.00
-0.981613   -0.911561   0.00    0.00    0.98    0.00    0.00
-0.465322   0.603565    0.98    0.00    0.00    0.00    0.00
0.249731    -0.822101   0.00    0.00    0.00    0.98    0.00
-0.346041   0.911751    0.98    0.00    0.00    0.00    0.00
-0.710085   0.424429    0.98    0.00    0.00    0.00    0.00
0.712327    -0.205131   0.00    0.00    0.00    0.98    0.00
0.538581    -0.749697   0.00    0.00    0.00    0.98    0.00
-0.432450   -0.361645   0.00    0.00    0.98    0.00    0.00
-0.658279   -0.779258   0.00    0.00    0.98    0.00    0.00
-0.620914   -0.890454   0.00    0.00    0.98    0.00    0.00
-0.560563   -0.677102   0.00    0.00    0.98    0.00    0.00
-0.932904   -0.700811   0.00    0.00    0.98    0.00    0.00
0.174513    -0.740955   0.00    0.00    0.00    0.98    0.00
-0.677310   -0.414123   0.00    0.00    0.98    0.00    0.00
0.123763    -0.717671   0.00    0.00    0.00    0.98    0.00
0.548004    -0.685638   0.00    0.00    0.00    0.98    0.00
-0.727119   0.319206    0.98    0.00    0.00    0.00    0.00
0.780726    -0.925869   0.00    0.00    0.00    0.98    0.00
-0.292774   0.838121    0.98    0.00    0.00    0.00    0.00
-0.650923   0.100511    0.98    0.00    0.00    0.00    0.00
-0.293795   0.164095    0.98    0.00    0.00    0.00    0.00
-0.517501   0.435541    0.98    0.00    0.00    0.00    0.00
-0.767271   -0.234549   0.00    0.00    0.98    0.00    0.00
-0.912344   0.128344    0.98    0.00    0.00    0.00    0.00
-0.328891   0.599672    0.98    0.00    0.00    0.00    0.00
0.837241    -0.494039   0.00    0.00    0.00    0.98    0.00
-0.844974   -0.764735   0.00    0.00    0.98    0.00    0.00
0.743456    -0.462419   0.00    0.00    0.00    0.98    0.00
-0.921911   -0.442451   0.00    0.00    0.98    0.00    0.00
0.326515    -0.803652   0.00    0.00    0.00    0.98    0.00
-0.322952   0.836458    0.98    0.00    0.00    0.00    0.00
0.170967    -0.676228   0.00    0.00    0.00    0.98    0.00
-0.268581   -0.123230   0.00    0.00    0.98    0.00    0.00
0.836210    -0.391164   0.00    0.00    0.00    0.98    0.00
-0.812528   -0.579259   0.00    0.00    0.98    0.00    0.00
0.290007    -0.647853   0.00    0.00    0.00    0.98    0.00
-0.559210   -0.781433   0.00    0.00    0.98    0.00    0.00
-0.409607   0.400331    0.98    0.00    0.00    0.00    0.00
-0.830329   -0.315403   0.00    0.00    0.98    0.00    0.00
0.458789    -0.546265   0.00    0.00    0.00    0.98    0.00
-0.792334   -0.733929   0.00    0.00    0.98    0.00    0.00
-0.649865   0.314300    0.98    0.00    0.00    0.00    0.00
0.485320    -0.881914   0.00    0.00    0.00    0.98    0.00
-0.958551   -0.709514   0.00    0.00    0.98    0.00    0.00
-0.303080   -0.635497   0.00    0.00    0.98    0.00    0.00
-0.566159   -0.918144   0.00    0.00    0.98    0.00    0.00
0.722517    -0.495368   0.00    0.00    0.00    0.98    0.00
0.387718    -0.740071   0.00    0.00    0.00    0.98    0.00
0.716804    -0.416172   0.00    0.00    0.00    0.98    0.00
-0.782098   -0.860903   0.00    0.00    0.98    0.00    0.00
-0.643385   0.330098    0.98    0.00    0.00    0.00    0.00
-0.822850   -0.219024   0.00    0.00    0.98    0.00    0.00
-0.715359   0.989429    0.98    0.00    0.00    0.00    0.00
0.669202    -0.492393   0.00    0.00    0.00    0.98    0.00
0.552550    -0.156935   0.00    0.00    0.00    0.98    0.00
0.328722    -0.495914   0.00    0.00    0.00    0.98    0.00
-0.438457   0.142818    0.98    0.00    0.00    0.00    0.00
-0.317524   0.735230    0.98    0.00    0.00    0.00    0.00
0.110138    -0.890274   0.00    0.00    0.00    0.98    0.00
0.688576    -0.539682   0.00    0.00    0.00    0.98    0.00
-0.184289   0.196800    0.98    0.00    0.00    0.00    0.00
-0.684711   0.818279    0.98    0.00    0.00    0.00    0.00
0.107371    -0.288251   0.00    0.00    0.00    0.98    0.00
0.334596    -0.371449   0.00    0.00    0.00    0.98    0.00
-0.501929   0.461018    0.98    0.00    0.00    0.00    0.00
-0.657172   0.465340    0.98    0.00    0.00    0.00    0.00
0.692613    -0.124305   0.00    0.00    0.00    0.98    0.00
0.603849    -0.397860   0.00    0.00    0.00    0.98    0.00
0.621889    -0.772973   0.00    0.00    0.00    0.98    0.00
0.853931    -0.602236   0.00    0.00    0.00    0.98    0.00
0.325013    -0.273013   0.00    0.00    0.00    0.98    0.00
0.558011    -0.435644   0.00    0.00    0.00    0.98    0.00
0.309961    -0.564991   0.00    0.00    0.00    0.98    0.00
0.675315    -0.829388   0.00    0.00    0.00    0.98    0.00
0.112657    -0.461969   0.00    0.00    0.00    0.98    0.00
0.663767    -0.868559   0.00    0.00    0.00    0.98    0.00
0.286405    -0.895677   0.00    0.00    0.00    0.98    0.00
0.151972    -0.233275   0.00    0.00    0.00    0.98    0.00
0.318464    -0.613875   0.00    0.00    0.00    0.98    0.00
0.707821    -0.495116   0.00    0.00    0.00    0.98    0.00
0.179963    -0.641039   0.00    0.00    0.00    0.98    0.00
0.675721    -0.329059   0.00    0.00    0.00    0.98    0.00
