-0.392136	-0.350622	0.98	-0.98	-0.98
0.062620	0.548782	0.98	-0.98	-0.98
-0.551998	-0.077924	0.98	-0.98	-0.98
0.103512	0.655058	0.98	-0.98	-0.98
-0.023949	-0.485932	0.98	-0.98	-0.98
0.318358	-0.318693	0.98	-0.98	-0.98
0.639597	-0.135979	0.98	-0.98	-0.98
-0.641913	-0.267571	0.98	-0.98	-0.98
0.266036	0.524625	0.98	-0.98	-0.98
0.223815	-0.538308	0.98	-0.98	-0.98
-0.333577	-0.264693	0.98	-0.98	-0.98
0.642808	-0.163836	0.98	-0.98	-0.98
-0.405286	0.157193	0.98	-0.98	-0.98
-0.299623	0.401203	0.98	-0.98	-0.98
0.001728	-0.632788	0.98	-0.98	-0.98
0.524324	0.334378	0.98	-0.98	-0.98
0.382063	0.258463	0.98	-0.98	-0.98
0.473852	-0.270231	0.98	-0.98	-0.98
0.658006	-0.113548	0.98	-0.98	-0.98
0.666524	0.090512	0.98	-0.98	-0.98
-0.307124	-0.476957	0.98	-0.98	-0.98
0.665703	-0.207125	0.98	-0.98	-0.98
0.115124	0.553145	0.98	-0.98	-0.98
0.290243	-0.288283	0.98	-0.98	-0.98
-0.338386	-0.236411	0.98	-0.98	-0.98
-0.191693	0.612820	0.98	-0.98	-0.98
0.570612	-0.301622	0.98	-0.98	-0.98
-0.528744	-0.161833	0.98	-0.98	-0.98
-0.474437	0.150112	0.98	-0.98	-0.98
0.165235	-0.664414	0.98	-0.98	-0.98
0.272995	-0.297433	0.98	-0.98	-0.98
-0.458050	-0.284907	0.98	-0.98	-0.98
0.485156	0.336343	0.98	-0.98	-0.98
0.508100	0.294544	0.98	-0.98	-0.98
-0.447498	-0.122198	0.98	-0.98	-0.98
0.524020	-0.079999	0.98	-0.98	-0.98
-0.371971	-0.500753	0.98	-0.98	-0.98
0.077815	0.544892	0.98	-0.98	-0.98
-0.218320	-0.538839	0.98	-0.98	-0.98
0.461424	-0.199970	0.98	-0.98	-0.98
0.117424	0.685913	0.98	-0.98	-0.98
0.310647	-0.324770	0.98	-0.98	-0.98
-0.340275	0.440089	0.98	-0.98	-0.98
0.015562	0.461556	0.98	-0.98	-0.98
-0.089855	-0.633376	0.98	-0.98	-0.98
0.335449	0.433351	0.98	-0.98	-0.98
0.412132	-0.064566	0.98	-0.98	-0.98
0.550090	-0.151302	0.98	-0.98	-0.98
-0.325467	-0.612829	0.98	-0.98	-0.98
-0.486779	-0.110285	0.98	-0.98	-0.98
-0.330560	-0.442804	0.98	-0.98	-0.98
0.611153	0.247479	0.98	-0.98	-0.98
0.035228	-0.549182	0.98	-0.98	-0.98
-0.455860	0.037903	0.98	-0.98	-0.98
0.370619	0.589001	0.98	-0.98	-0.98
0.370166	-0.169302	0.98	-0.98	-0.98
-0.067696	0.670720	0.98	-0.98	-0.98
0.407914	-0.204539	0.98	-0.98	-0.98
-0.393086	-0.155632	0.98	-0.98	-0.98
-0.529183	0.331558	0.98	-0.98	-0.98
0.323554	0.350588	0.98	-0.98	-0.98
0.174218	0.543381	0.98	-0.98	-0.98
0.422093	-0.452652	0.98	-0.98	-0.98
-0.478803	0.379052	0.98	-0.98	-0.98
-0.451432	-0.139267	0.98	-0.98	-0.98
0.047648	0.677630	0.98	-0.98	-0.98
-0.407637	-0.017800	0.98	-0.98	-0.98
-0.099628	0.646026	0.98	-0.98	-0.98
0.240849	-0.473427	0.98	-0.98	-0.98
-0.368774	0.398680	0.98	-0.98	-0.98
-0.573025	0.188836	0.98	-0.98	-0.98
-0.311195	-0.604804	0.98	-0.98	-0.98
0.056604	0.591642	0.98	-0.98	-0.98
0.062465	0.522413	0.98	-0.98	-0.98
-0.312754	0.523062	0.98	-0.98	-0.98
0.293652	-0.455999	0.98	-0.98	-0.98
-0.344216	0.266145	0.98	-0.98	-0.98
-0.475376	0.231038	0.98	-0.98	-0.98
0.119462	0.454668	0.98	-0.98	-0.98
0.244824	0.628828	0.98	-0.98	-0.98
-0.208109	-0.474314	0.98	-0.98	-0.98
0.002398	0.605732	0.98	-0.98	-0.98
-0.634169	0.229432	0.98	-0.98	-0.98
0.155793	-0.525592	0.98	-0.98	-0.98
0.263075	-0.349092	0.98	-0.98	-0.98
-0.493251	0.244676	0.98	-0.98	-0.98
-0.589524	-0.311195	0.98	-0.98	-0.98
0.300061	-0.570291	0.98	-0.98	-0.98
0.551059	0.252612	0.98	-0.98	-0.98
-0.417277	0.128057	0.98	-0.98	-0.98
-0.402793	0.061933	0.98	-0.98	-0.98
0.219116	-0.630555	0.98	-0.98	-0.98
-0.604772	-0.077685	0.98	-0.98	-0.98
0.207146	0.405838	0.98	-0.98	-0.98
0.258528	-0.317717	0.98	-0.98	-0.98
0.215970	-0.662352	0.98	-0.98	-0.98
0.031289	-0.677782	0.98	-0.98	-0.98
0.363722	-0.498491	0.98	-0.98	-0.98
-0.090484	-0.393359	0.98	-0.98	-0.98
0.120840	0.430926	0.98	-0.98	-0.98
0.629993	-0.301213	0.98	-0.98	-0.98
-0.491114	-0.493326	0.98	-0.98	-0.98
0.363426	0.465149	0.98	-0.98	-0.98
0.299158	0.604183	0.98	-0.98	-0.98
-0.540563	0.350156	0.98	-0.98	-0.98
-0.020187	0.556783	0.98	-0.98	-0.98
-0.572317	0.316566	0.98	-0.98	-0.98
0.344139	0.462564	0.98	-0.98	-0.98
-0.545788	0.279067	0.98	-0.98	-0.98
-0.450508	-0.059573	0.98	-0.98	-0.98
-0.321380	-0.259893	0.98	-0.98	-0.98
-0.521282	-0.406790	0.98	-0.98	-0.98
-0.330889	-0.552513	0.98	-0.98	-0.98
0.615575	0.012215	0.98	-0.98	-0.98
-0.173896	-0.549804	0.98	-0.98	-0.98
0.428949	0.547163	0.98	-0.98	-0.98
0.155442	-0.469431	0.98	-0.98	-0.98
0.539132	-0.264195	0.98	-0.98	-0.98
0.524745	-0.112404	0.98	-0.98	-0.98
0.486830	-0.365331	0.98	-0.98	-0.98
-0.566920	0.115643	0.98	-0.98	-0.98
0.334945	-0.558611	0.98	-0.98	-0.98
0.066274	0.432856	0.98	-0.98	-0.98
0.488328	0.392559	0.98	-0.98	-0.98
-0.450320	-0.065862	0.98	-0.98	-0.98
-0.111022	-0.471825	0.98	-0.98	-0.98
-0.285135	-0.282401	0.98	-0.98	-0.98
-0.476761	0.464520	0.98	-0.98	-0.98
-0.228210	0.432424	0.98	-0.98	-0.98
-0.054005	-0.541844	0.98	-0.98	-0.98
-0.302453	-0.620949	0.98	-0.98	-0.98
0.106309	-0.431822	0.98	-0.98	-0.98
-0.161223	0.495943	0.98	-0.98	-0.98
-0.067478	-0.673906	0.98	-0.98	-0.98
-0.292927	0.565588	0.98	-0.98	-0.98
-0.612979	0.284048	0.98	-0.98	-0.98
0.229053	0.612421	0.98	-0.98	-0.98
-0.108290	-0.510137	0.98	-0.98	-0.98
-0.093190	-0.398920	0.98	-0.98	-0.98
-0.653051	-0.109163	0.98	-0.98	-0.98
0.306355	-0.545696	0.98	-0.98	-0.98
-0.349907	0.305559	0.98	-0.98	-0.98
-0.080120	0.409143	0.98	-0.98	-0.98
-0.339841	0.350288	0.98	-0.98	-0.98
-0.535250	0.137029	0.98	-0.98	-0.98
-0.241893	-0.433952	0.98	-0.98	-0.98
-0.601237	0.208925	0.98	-0.98	-0.98
-0.387196	0.391472	0.98	-0.98	-0.98
0.054571	-0.615824	0.98	-0.98	-0.98
0.494502	-0.223575	0.98	-0.98	-0.98
0.407130	0.398633	0.98	-0.98	-0.98
0.236775	0.353892	0.98	-0.98	-0.98
0.168468	0.643216	0.98	-0.98	-0.98
0.642673	-0.012663	0.98	-0.98	-0.98
0.570666	-0.117557	0.98	-0.98	-0.98
0.309734	0.348774	0.98	-0.98	-0.98
0.472782	-0.049273	0.98	-0.98	-0.98
-0.429250	-0.308971	0.98	-0.98	-0.98
-0.104074	0.666715	0.98	-0.98	-0.98
-0.564734	-0.117960	0.98	-0.98	-0.98
0.516201	-0.220280	0.98	-0.98	-0.98
0.349069	-0.445845	0.98	-0.98	-0.98
0.131388	0.569702	0.98	-0.98	-0.98
0.310046	0.550125	0.98	-0.98	-0.98
-0.498254	0.082007	0.98	-0.98	-0.98
-0.584252	-0.289238	0.98	-0.98	-0.98
0.097088	0.683619	0.98	-0.98	-0.98
0.312499	0.513450	0.98	-0.98	-0.98
0.305382	-0.613556	0.98	-0.98	-0.98
-0.256727	0.545240	0.98	-0.98	-0.98
-0.643133	0.162020	0.98	-0.98	-0.98
0.562136	-0.031289	0.98	-0.98	-0.98
0.689205	-0.038812	0.98	-0.98	-0.98
0.173328	-0.379103	0.98	-0.98	-0.98
0.672204	-0.053243	0.98	-0.98	-0.98
-0.047597	-0.436591	0.98	-0.98	-0.98
0.362472	0.178073	0.98	-0.98	-0.98
-0.441488	-0.037247	0.98	-0.98	-0.98
0.138745	0.531841	0.98	-0.98	-0.98
0.208744	-0.608380	0.98	-0.98	-0.98
-0.422587	0.498402	0.98	-0.98	-0.98
-0.507340	0.409982	0.98	-0.98	-0.98
0.600018	0.027158	0.98	-0.98	-0.98
0.387849	0.267963	0.98	-0.98	-0.98
-0.349776	0.272488	0.98	-0.98	-0.98
-0.377995	0.323679	0.98	-0.98	-0.98
0.334395	-0.231324	0.98	-0.98	-0.98
-0.605698	-0.167077	0.98	-0.98	-0.98
0.298271	0.470276	0.98	-0.98	-0.98
-0.554591	-0.106285	0.98	-0.98	-0.98
-0.131943	-0.450509	0.98	-0.98	-0.98
-0.507779	0.249166	0.98	-0.98	-0.98
0.364516	-0.594987	0.98	-0.98	-0.98
0.162285	0.444804	0.98	-0.98	-0.98
-0.559501	0.274375	0.98	-0.98	-0.98
-0.068286	-0.435968	0.98	-0.98	-0.98
0.523664	-0.428443	0.98	-0.98	-0.98
-0.476143	-0.302335	0.98	-0.98	-0.98
-0.474168	-0.356474	0.98	-0.98	-0.98
-0.489872	-0.204896	0.98	-0.98	-0.98
0.366500	0.579107	0.98	-0.98	-0.98
-0.473692	-0.290813	0.98	-0.98	-0.98
-0.150278	-0.531544	0.98	-0.98	-0.98
0.350325	-0.280068	0.98	-0.98	-0.98
-0.444183	-0.329407	0.98	-0.98	-0.98
0.467507	-0.070110	0.98	-0.98	-0.98
-0.610548	0.100359	0.98	-0.98	-0.98
-0.602999	-0.024249	0.98	-0.98	-0.98
0.214758	-0.612457	0.98	-0.98	-0.98
-0.604947	0.328988	0.98	-0.98	-0.98
-0.442063	0.435565	0.98	-0.98	-0.98
-0.098110	0.406661	0.98	-0.98	-0.98
-0.191355	-0.589282	0.98	-0.98	-0.98
-0.657365	0.141239	0.98	-0.98	-0.98
-0.341927	0.393944	0.98	-0.98	-0.98
-0.171377	0.422711	0.98	-0.98	-0.98
-0.426786	-0.364365	0.98	-0.98	-0.98
-0.587893	-0.207746	0.98	-0.98	-0.98
-0.238263	0.600366	0.98	-0.98	-0.98
0.020832	-0.662287	0.98	-0.98	-0.98
-0.363991	0.558813	0.98	-0.98	-0.98
-0.058418	-0.483423	0.98	-0.98	-0.98
-0.195834	0.592560	0.98	-0.98	-0.98
-0.604689	0.044441	0.98	-0.98	-0.98
-0.623422	0.163202	0.98	-0.98	-0.98
0.438835	0.453909	0.98	-0.98	-0.98
0.355084	0.323102	0.98	-0.98	-0.98
0.042249	0.562645	0.98	-0.98	-0.98
0.096240	-0.605587	0.98	-0.98	-0.98
0.474989	-0.052982	0.98	-0.98	-0.98
-0.322191	-0.507555	0.98	-0.98	-0.98
0.310341	0.460768	0.98	-0.98	-0.98
0.011868	0.471054	0.98	-0.98	-0.98
0.550838	-0.051868	0.98	-0.98	-0.98
0.312374	0.594662	0.98	-0.98	-0.98
-0.190428	-0.583293	0.98	-0.98	-0.98
-0.190073	-0.426378	0.98	-0.98	-0.98
0.159907	-0.380947	0.98	-0.98	-0.98
-0.405624	-0.224522	0.98	-0.98	-0.98
0.635126	0.172964	0.98	-0.98	-0.98
-0.460417	0.075092	0.98	-0.98	-0.98
-0.481589	-0.175714	0.98	-0.98	-0.98
0.067194	-0.473002	0.98	-0.98	-0.98
-0.591348	0.221504	0.98	-0.98	-0.98
-0.042433	-0.428548	0.98	-0.98	-0.98
-0.575171	0.122978	0.98	-0.98	-0.98
0.315977	0.376958	0.98	-0.98	-0.98
0.407349	-0.246102	0.98	-0.98	-0.98
-0.403412	0.185483	0.98	-0.98	-0.98
-0.253229	0.457980	0.98	-0.98	-0.98
0.625530	0.048525	0.98	-0.98	-0.98
0.347091	0.200703	0.98	-0.98	-0.98
-0.427654	-0.169667	0.98	-0.98	-0.98
-0.431882	0.491090	0.98	-0.98	-0.98
0.267304	0.359865	0.98	-0.98	-0.98
-0.148820	-0.437474	0.98	-0.98	-0.98
-0.009037	0.502528	0.98	-0.98	-0.98
0.517698	0.173281	0.98	-0.98	-0.98
0.066087	-0.573391	0.98	-0.98	-0.98
0.529367	0.454541	0.98	-0.98	-0.98
0.205930	-0.472996	0.98	-0.98	-0.98
-0.330750	-0.412764	0.98	-0.98	-0.98
0.251550	0.357544	0.98	-0.98	-0.98
-0.186303	0.412725	0.98	-0.98	-0.98
0.366009	0.383130	0.98	-0.98	-0.98
-0.222301	0.336283	0.98	-0.98	-0.98
-0.360397	0.320152	0.98	-0.98	-0.98
0.609362	0.218318	0.98	-0.98	-0.98
0.058545	0.460030	0.98	-0.98	-0.98
-0.511276	0.031774	0.98	-0.98	-0.98
0.643689	0.159199	0.98	-0.98	-0.98
0.247446	-0.390700	0.98	-0.98	-0.98
0.540196	0.278701	0.98	-0.98	-0.98
-0.142541	0.409197	0.98	-0.98	-0.98
-0.373320	-0.364804	0.98	-0.98	-0.98
-0.592300	-0.094792	0.98	-0.98	-0.98
-0.400902	-0.009534	0.98	-0.98	-0.98
0.488229	-0.488554	0.98	-0.98	-0.98
0.137520	0.624419	0.98	-0.98	-0.98
0.494101	-0.188321	0.98	-0.98	-0.98
-0.622094	0.132295	0.98	-0.98	-0.98
0.144556	0.395731	0.98	-0.98	-0.98
-0.327818	0.366181	0.98	-0.98	-0.98
0.272564	-0.512997	0.98	-0.98	-0.98
-0.419170	-0.016224	0.98	-0.98	-0.98
0.470781	-0.027345	0.98	-0.98	-0.98
0.117544	0.630677	0.98	-0.98	-0.98
-0.471607	0.499336	0.98	-0.98	-0.98
0.445584	-0.330205	0.98	-0.98	-0.98
-0.487056	-0.281463	0.98	-0.98	-0.98
0.352974	0.300083	0.98	-0.98	-0.98
0.529806	-0.434135	0.98	-0.98	-0.98
0.226339	0.585942	0.98	-0.98	-0.98
-0.523096	0.256662	0.98	-0.98	-0.98
-0.484213	0.479453	0.98	-0.98	-0.98
0.410075	0.443505	0.98	-0.98	-0.98
0.296916	-0.547197	0.98	-0.98	-0.98
0.350746	0.312829	0.98	-0.98	-0.98
-0.119605	0.525464	0.98	-0.98	-0.98
0.602053	0.332887	0.98	-0.98	-0.98
0.148805	-0.450823	0.98	-0.98	-0.98
0.440063	-0.131241	0.98	-0.98	-0.98
0.416023	-0.392879	0.98	-0.98	-0.98
-0.491439	-0.156047	0.98	-0.98	-0.98
-0.435750	-0.117654	0.98	-0.98	-0.98
0.611405	-0.259987	0.98	-0.98	-0.98
0.079353	0.664510	0.98	-0.98	-0.98
0.041221	-0.542630	0.98	-0.98	-0.98
0.339466	-0.530780	0.98	-0.98	-0.98
-0.505769	-0.093563	0.98	-0.98	-0.98
-0.373208	-0.492337	0.98	-0.98	-0.98
-0.156979	-0.643905	0.98	-0.98	-0.98
-0.240936	-0.396250	0.98	-0.98	-0.98
-0.399887	-0.070255	0.98	-0.98	-0.98
-0.218487	-0.656290	0.98	-0.98	-0.98
0.052318	0.489685	0.98	-0.98	-0.98
0.440019	0.091808	0.98	-0.98	-0.98
-0.182849	0.644822	0.98	-0.98	-0.98
-0.098968	0.586093	0.98	-0.98	-0.98
0.449885	0.309549	0.98	-0.98	-0.98
-0.352250	-0.266722	0.98	-0.98	-0.98
0.386415	-0.307414	0.98	-0.98	-0.98
-0.202003	0.507963	0.98	-0.98	-0.98
0.258265	-0.395894	0.98	-0.98	-0.98
0.195003	-0.473611	0.98	-0.98	-0.98
0.161341	-0.401352	0.98	-0.98	-0.98
-0.456092	0.092646	0.98	-0.98	-0.98
-0.557064	-0.065623	0.98	-0.98	-0.98
0.172983	-0.503248	0.98	-0.98	-0.98
0.231692	0.422959	0.98	-0.98	-0.98
-0.119740	0.494613	0.98	-0.98	-0.98
0.383841	-0.422630	0.98	-0.98	-0.98
0.578783	0.103007	0.98	-0.98	-0.98
-0.141441	0.488347	0.98	-0.98	-0.98
0.293747	0.367967	0.98	-0.98	-0.98
-0.292855	0.363379	0.98	-0.98	-0.98
-0.564127	0.060220	0.98	-0.98	-0.98
0.473130	-0.351971	0.98	-0.98	-0.98
-0.354325	-0.235082	0.98	-0.98	-0.98
0.668583	-0.183435	0.98	-0.98	-0.98
0.108934	-0.462843	0.98	-0.98	-0.98
-0.625039	-0.156562	0.98	-0.98	-0.98
0.527405	-0.080805	0.98	-0.98	-0.98
0.679944	0.077951	0.98	-0.98	-0.98
0.312466	-0.359488	0.98	-0.98	-0.98
-0.298706	-0.620502	0.98	-0.98	-0.98
-0.476736	0.276042	0.98	-0.98	-0.98
-0.471071	-0.061966	0.98	-0.98	-0.98
-0.441546	-0.046420	0.98	-0.98	-0.98
0.667208	-0.165322	0.98	-0.98	-0.98
-0.040732	-0.556083	0.98	-0.98	-0.98
0.408715	-0.023105	0.98	-0.98	-0.98
0.405724	-0.195833	0.98	-0.98	-0.98
-0.528540	0.138927	0.98	-0.98	-0.98
-0.431201	-0.261328	0.98	-0.98	-0.98
-0.207695	0.583965	0.98	-0.98	-0.98
-0.196968	-0.366306	0.98	-0.98	-0.98
0.313499	-0.309701	0.98	-0.98	-0.98
0.110480	-0.628643	0.98	-0.98	-0.98
-0.451305	-0.030802	0.98	-0.98	-0.98
0.251533	0.648476	0.98	-0.98	-0.98
0.067619	-0.568143	0.98	-0.98	-0.98
-0.033455	-0.530477	0.98	-0.98	-0.98
-0.526001	-0.277630	0.98	-0.98	-0.98
0.688232	0.115331	0.98	-0.98	-0.98
0.155011	0.505048	0.98	-0.98	-0.98
0.326627	0.588580	0.98	-0.98	-0.98
-0.054619	-0.651030	0.98	-0.98	-0.98
0.198673	-0.579533	0.98	-0.98	-0.98
0.568608	0.356640	0.98	-0.98	-0.98
0.470268	0.156362	0.98	-0.98	-0.98
-0.448950	0.515578	0.98	-0.98	-0.98
-0.289539	0.293434	0.98	-0.98	-0.98
0.227608	-0.571943	0.98	-0.98	-0.98
-0.095880	-0.546370	0.98	-0.98	-0.98
-0.297966	-0.435115	0.98	-0.98	-0.98
-0.629550	-0.220603	0.98	-0.98	-0.98
-0.547846	0.043099	0.98	-0.98	-0.98
0.073984	0.574936	0.98	-0.98	-0.98
-0.124525	-0.437821	0.98	-0.98	-0.98
0.225262	0.417545	0.98	-0.98	-0.98
0.559132	0.358835	0.98	-0.98	-0.98
-0.260108	-0.562348	0.98	-0.98	-0.98
0.196146	0.625473	0.98	-0.98	-0.98
0.022697	0.673075	0.98	-0.98	-0.98
0.498776	-0.341997	0.98	-0.98	-0.98
0.577129	-0.023141	0.98	-0.98	-0.98
0.632052	-0.015555	0.98	-0.98	-0.98
-0.418087	-0.064279	0.98	-0.98	-0.98
-0.302034	0.425166	0.98	-0.98	-0.98
-0.018413	-0.479132	0.98	-0.98	-0.98
0.491718	0.182952	0.98	-0.98	-0.98
-0.073530	0.548966	0.98	-0.98	-0.98
-0.422608	0.414392	0.98	-0.98	-0.98
-0.596037	0.348877	0.98	-0.98	-0.98
0.202498	-0.489259	0.98	-0.98	-0.98
-0.232013	-0.466607	0.98	-0.98	-0.98
0.559925	-0.350953	0.98	-0.98	-0.98
0.384239	0.410979	0.98	-0.98	-0.98
-0.038198	0.602062	0.98	-0.98	-0.98
-0.314369	-0.402360	0.98	-0.98	-0.98
0.600912	-0.131475	0.98	-0.98	-0.98
-0.282660	-0.634046	0.98	-0.98	-0.98
0.688315	0.011238	0.98	-0.98	-0.98
-0.174768	-0.459462	0.98	-0.98	-0.98
0.108441	-0.541912	0.98	-0.98	-0.98
0.402097	0.494058	0.98	-0.98	-0.98
-0.488317	-0.293987	0.98	-0.98	-0.98
0.503831	-0.399669	0.98	-0.98	-0.98
0.484476	0.361316	0.98	-0.98	-0.98
-0.586251	0.044828	0.98	-0.98	-0.98
0.328024	-0.590682	0.98	-0.98	-0.98
0.436313	-0.279881	0.98	-0.98	-0.98
0.219332	-0.432138	0.98	-0.98	-0.98
-0.067689	-0.641005	0.98	-0.98	-0.98
0.336528	-0.508837	0.98	-0.98	-0.98
-0.287968	-0.498956	0.98	-0.98	-0.98
-0.458607	0.517353	0.98	-0.98	-0.98
0.295725	-0.313185	0.98	-0.98	-0.98
0.085793	-0.540945	0.98	-0.98	-0.98
-0.119699	0.643008	0.98	-0.98	-0.98
0.165151	-0.461192	0.98	-0.98	-0.98
0.527985	0.379304	0.98	-0.98	-0.98
-0.672771	0.183093	0.98	-0.98	-0.98
0.393626	-0.549927	0.98	-0.98	-0.98
0.058039	0.422680	0.98	-0.98	-0.98
-0.027860	-0.493968	0.98	-0.98	-0.98
-0.593516	-0.038747	0.98	-0.98	-0.98
-0.406724	-0.337702	0.98	-0.98	-0.98
0.549529	-0.405823	0.98	-0.98	-0.98
0.102841	-0.445043	0.98	-0.98	-0.98
-0.432735	-0.043904	0.98	-0.98	-0.98
0.181725	0.452101	0.98	-0.98	-0.98
0.190775	-0.391088	0.98	-0.98	-0.98
0.134821	-0.524038	0.98	-0.98	-0.98
-0.460909	0.206802	0.98	-0.98	-0.98
-0.028039	-0.530002	0.98	-0.98	-0.98
-0.525329	0.204436	0.98	-0.98	-0.98
-0.558709	0.235706	0.98	-0.98	-0.98
-0.611954	0.260909	0.98	-0.98	-0.98
0.534569	-0.383397	0.98	-0.98	-0.98
0.504016	-0.320013	0.98	-0.98	-0.98
0.472711	-0.375141	0.98	-0.98	-0.98
0.256453	-0.345083	0.98	-0.98	-0.98
0.293233	-0.378986	0.98	-0.98	-0.98
0.170743	-0.676492	0.98	-0.98	-0.98
-0.253775	-0.512680	0.98	-0.98	-0.98
-0.567384	-0.307555	0.98	-0.98	-0.98
0.591921	-0.088578	0.98	-0.98	-0.98
-0.641741	-0.180139	0.98	-0.98	-0.98
0.554225	-0.190749	0.98	-0.98	-0.98
0.359934	0.286385	0.98	-0.98	-0.98
-0.494589	-0.014673	0.98	-0.98	-0.98
0.559681	0.373261	0.98	-0.98	-0.98
0.263813	0.416458	0.98	-0.98	-0.98
0.344915	0.208932	0.98	-0.98	-0.98
0.046669	0.407069	0.98	-0.98	-0.98
0.342551	-0.320546	0.98	-0.98	-0.98
-0.362985	0.513977	0.98	-0.98	-0.98
0.599792	0.175807	0.98	-0.98	-0.98
-0.395840	-0.117453	0.98	-0.98	-0.98
-0.293593	0.290932	0.98	-0.98	-0.98
0.092611	0.460585	0.98	-0.98	-0.98
0.548071	-0.327213	0.98	-0.98	-0.98
-0.447004	0.135727	0.98	-0.98	-0.98
-0.447927	0.223775	0.98	-0.98	-0.98
0.463546	-0.324082	0.98	-0.98	-0.98
0.634208	0.011764	0.98	-0.98	-0.98
0.243073	-0.653679	0.98	-0.98	-0.98
0.197254	-0.639494	0.98	-0.98	-0.98
-0.037961	0.528222	0.98	-0.98	-0.98
0.378274	-0.423346	0.98	-0.98	-0.98
0.272093	0.365488	0.98	-0.98	-0.98
0.153884	-0.593709	0.98	-0.98	-0.98
-0.668374	-0.003137	0.98	-0.98	-0.98
0.592118	0.343974	0.98	-0.98	-0.98
0.056276	-0.507655	0.98	-0.98	-0.98
0.115535	-0.399731	0.98	-0.98	-0.98
0.604403	-0.020900	0.98	-0.98	-0.98
-0.625844	-0.035451	0.98	-0.98	-0.98
-0.389051	0.189555	0.98	-0.98	-0.98
-0.088176	0.656484	0.98	-0.98	-0.98
-0.535398	0.171450	0.98	-0.98	-0.98
0.277622	0.380408	0.98	-0.98	-0.98
-0.224196	-0.533791	0.98	-0.98	-0.98
0.459829	-0.462816	0.98	-0.98	-0.98
0.153468	0.445221	0.98	-0.98	-0.98
-0.340113	0.596086	0.98	-0.98	-0.98
0.298316	0.458169	0.98	-0.98	-0.98
-0.592129	0.253091	0.98	-0.98	-0.98
0.296877	0.415805	0.98	-0.98	-0.98
0.085194	0.526918	0.98	-0.98	-0.98
0.402300	-0.237740	0.98	-0.98	-0.98
-0.023169	-0.692475	0.98	-0.98	-0.98
-0.334612	0.331507	0.98	-0.98	-0.98
-0.329950	-0.556378	0.98	-0.98	-0.98
0.158062	-0.632476	0.98	-0.98	-0.98
-0.311046	-0.328921	0.98	-0.98	-0.98
-0.448050	0.306947	0.98	-0.98	-0.98
0.361591	-0.185736	0.98	-0.98	-0.98
0.293781	-0.525517	0.98	-0.98	-0.98
-0.602459	-0.031056	0.98	-0.98	-0.98
-0.056065	0.508297	0.98	-0.98	-0.98
-0.244252	-0.541705	0.98	-0.98	-0.98
0.634259	0.285876	0.98	-0.98	-0.98
-0.520419	-0.423925	0.98	-0.98	-0.98
-0.611540	0.066976	0.98	-0.98	-0.98
-0.005519	-0.685631	0.98	-0.98	-0.98
-0.255982	0.583276	0.98	-0.98	-0.98
-0.348313	0.329113	0.98	-0.98	-0.98
-0.513849	0.381549	0.98	-0.98	-0.98
0.268916	0.575489	0.98	-0.98	-0.98
-0.427495	0.527160	0.98	-0.98	-0.98
-0.094042	-0.561465	0.98	-0.98	-0.98
0.425134	-0.232508	0.98	-0.98	-0.98
0.481054	-0.001669	0.98	-0.98	-0.98
-0.027273	-0.416529	0.98	-0.98	-0.98
0.078693	-0.603440	0.98	-0.98	-0.98
0.466812	0.090825	0.98	-0.98	-0.98
-0.689825	-0.059325	0.98	-0.98	-0.98
-0.484125	-0.167375	0.98	-0.98	-0.98
0.399250	-0.398771	0.98	-0.98	-0.98
-0.084654	0.562581	0.98	-0.98	-0.98
-0.422521	-0.240039	0.98	-0.98	-0.98
0.569459	-0.379389	0.98	-0.98	-0.98
0.547990	-0.189018	0.98	-0.98	-0.98
-0.480502	0.236845	0.98	-0.98	-0.98
0.211896	-0.599855	0.98	-0.98	-0.98
-0.482842	-0.092337	0.98	-0.98	-0.98
-0.308863	-0.362682	0.98	-0.98	-0.98
-0.122799	0.623359	0.98	-0.98	-0.98
-0.082097	0.466645	0.98	-0.98	-0.98
0.352581	-0.575005	0.98	-0.98	-0.98
0.489239	0.216378	0.98	-0.98	-0.98
-0.658294	-0.187971	0.98	-0.98	-0.98
0.020650	0.685238	0.98	-0.98	-0.98
-0.064912	0.652851	0.98	-0.98	-0.98
-0.619148	-0.245095	0.98	-0.98	-0.98
-0.339552	0.597119	0.98	-0.98	-0.98
0.433627	0.007793	0.98	-0.98	-0.98
0.495528	0.239537	0.98	-0.98	-0.98
-0.426633	-0.502038	0.98	-0.98	-0.98
-0.544811	-0.369820	0.98	-0.98	-0.98
-0.617780	-0.254394	0.98	-0.98	-0.98
0.031476	0.675859	0.98	-0.98	-0.98
-0.480660	-0.223187	0.98	-0.98	-0.98
0.623360	-0.027722	0.98	-0.98	-0.98
0.514370	0.342707	0.98	-0.98	-0.98
0.476478	0.447464	0.98	-0.98	-0.98
-0.285569	-0.436673	0.98	-0.98	-0.98
0.593105	0.057344	0.98	-0.98	-0.98
0.611020	0.218262	0.98	-0.98	-0.98
0.367096	-0.585779	0.98	-0.98	-0.98
0.355628	-0.207990	0.98	-0.98	-0.98
0.418281	0.346950	0.98	-0.98	-0.98
0.653156	0.224610	0.98	-0.98	-0.98
-0.321511	0.572510	0.98	-0.98	-0.98
0.169170	-0.369578	0.98	-0.98	-0.98
-0.435718	0.438553	0.98	-0.98	-0.98
0.533515	0.371704	0.98	-0.98	-0.98
-0.311126	0.570458	0.98	-0.98	-0.98
0.476644	-0.086003	0.98	-0.98	-0.98
0.572804	0.215158	0.98	-0.98	-0.98
0.692486	0.091389	0.98	-0.98	-0.98
0.453739	-0.049729	0.98	-0.98	-0.98
-0.626921	0.045139	0.98	-0.98	-0.98
0.179842	0.484716	0.98	-0.98	-0.98
0.392158	-0.512693	0.98	-0.98	-0.98
0.106162	0.591642	0.98	-0.98	-0.98
-0.453030	0.018185	0.98	-0.98	-0.98
-0.438021	-0.087447	0.98	-0.98	-0.98
0.088933	0.521449	0.98	-0.98	-0.98
0.069750	-0.639790	0.98	-0.98	-0.98
-0.561800	0.236618	0.98	-0.98	-0.98
-0.522357	0.298049	0.98	-0.98	-0.98
-0.607438	0.152814	0.98	-0.98	-0.98
-0.417757	-0.510238	0.98	-0.98	-0.98
0.205212	-0.484763	0.98	-0.98	-0.98
0.205591	0.544774	0.98	-0.98	-0.98
-0.575267	0.239740	0.98	-0.98	-0.98
0.374100	-0.226350	0.98	-0.98	-0.98
0.032027	0.668404	0.98	-0.98	-0.98
-0.401995	0.356148	0.98	-0.98	-0.98
-0.502228	-0.020193	0.98	-0.98	-0.98
-0.516354	0.054181	0.98	-0.98	-0.98
0.640718	-0.122140	0.98	-0.98	-0.98
-0.682059	0.090132	0.98	-0.98	-0.98
0.438848	0.521626	0.98	-0.98	-0.98
-0.316314	0.410746	0.98	-0.98	-0.98
0.039538	-0.540635	0.98	-0.98	-0.98
0.176904	0.664863	0.98	-0.98	-0.98
0.185854	-0.366664	0.98	-0.98	-0.98
0.443038	0.052863	0.98	-0.98	-0.98
-0.467907	-0.296743	0.98	-0.98	-0.98
0.421004	-0.151793	0.98	-0.98	-0.98
-0.440611	0.068358	0.98	-0.98	-0.98
-0.412295	0.045092	0.98	-0.98	-0.98
-0.252617	0.489607	0.98	-0.98	-0.98
0.638379	-0.243438	0.98	-0.98	-0.98
0.622797	-0.212236	0.98	-0.98	-0.98
0.472659	0.347148	0.98	-0.98	-0.98
-0.170920	-0.409066	0.98	-0.98	-0.98
-0.556172	0.369649	0.98	-0.98	-0.98
-0.379625	0.446905	0.98	-0.98	-0.98
-0.006312	0.547571	0.98	-0.98	-0.98
-0.010662	0.521745	0.98	-0.98	-0.98
0.440050	0.109600	0.98	-0.98	-0.98
0.612646	0.083277	0.98	-0.98	-0.98
0.296263	-0.340656	0.98	-0.98	-0.98
0.223511	-0.509012	0.98	-0.98	-0.98
0.220236	0.390643	0.98	-0.98	-0.98
0.487101	-0.102046	0.98	-0.98	-0.98
-0.317912	-0.313393	0.98	-0.98	-0.98
0.533242	-0.309907	0.98	-0.98	-0.98
0.566552	-0.372883	0.98	-0.98	-0.98
-0.286773	0.607259	0.98	-0.98	-0.98
-0.225014	-0.474842	0.98	-0.98	-0.98
0.263416	-0.511083	0.98	-0.98	-0.98
-0.570208	-0.069626	0.98	-0.98	-0.98
0.015937	-0.605574	0.98	-0.98	-0.98
-0.465625	-0.099355	0.98	-0.98	-0.98
-0.052994	0.490931	0.98	-0.98	-0.98
0.514056	-0.083185	0.98	-0.98	-0.98
0.669967	-0.153604	0.98	-0.98	-0.98
-0.308695	-0.460956	0.98	-0.98	-0.98
-0.599235	0.316666	0.98	-0.98	-0.98
0.512470	0.137209	0.98	-0.98	-0.98
-0.302420	-0.466015	0.98	-0.98	-0.98
0.429884	-0.102326	0.98	-0.98	-0.98
-0.362707	-0.351573	0.98	-0.98	-0.98
0.013406	-0.482738	0.98	-0.98	-0.98
-0.342605	0.408929	0.98	-0.98	-0.98
0.460314	-0.204036	0.98	-0.98	-0.98
0.410821	0.239694	0.98	-0.98	-0.98
0.577616	0.384756	0.98	-0.98	-0.98
-0.117214	-0.590136	0.98	-0.98	-0.98
0.146474	0.594900	0.98	-0.98	-0.98
-0.441853	-0.455299	0.98	-0.98	-0.98
0.662153	0.147842	0.98	-0.98	-0.98
0.509950	0.111150	0.98	-0.98	-0.98
0.124948	0.606855	0.98	-0.98	-0.98
0.493481	-0.184740	0.98	-0.98	-0.98
0.610070	0.240260	0.98	-0.98	-0.98
-0.404845	-0.182828	0.98	-0.98	-0.98
-0.440025	0.096079	0.98	-0.98	-0.98
-0.118008	-0.587687	0.98	-0.98	-0.98
-0.390656	0.389145	0.98	-0.98	-0.98
0.274981	0.512344	0.98	-0.98	-0.98
-0.478489	0.332156	0.98	-0.98	-0.98
0.156573	0.435712	0.98	-0.98	-0.98
-0.041984	0.454894	0.98	-0.98	-0.98
0.641046	-0.035335	0.98	-0.98	-0.98
-0.625222	-0.062847	0.98	-0.98	-0.98
-0.451915	-0.344055	0.98	-0.98	-0.98
-0.378858	-0.392593	0.98	-0.98	-0.98
0.354542	-0.488023	0.98	-0.98	-0.98
0.360059	-0.451184	0.98	-0.98	-0.98
0.312567	0.568731	0.98	-0.98	-0.98
-0.145540	-0.620791	0.98	-0.98	-0.98
-0.549609	-0.130060	0.98	-0.98	-0.98
0.486602	0.257079	0.98	-0.98	-0.98
-0.420264	0.559247	0.98	-0.98	-0.98
-0.464453	0.189765	0.98	-0.98	-0.98
0.072073	0.424907	0.98	-0.98	-0.98
0.416220	-0.234588	0.98	-0.98	-0.98
0.223748	0.427396	0.98	-0.98	-0.98
-0.192335	-0.588820	0.98	-0.98	-0.98
-0.305384	-0.419707	0.98	-0.98	-0.98
-0.290833	0.579731	0.98	-0.98	-0.98
-0.397340	-0.480942	0.98	-0.98	-0.98
-0.496838	0.210351	0.98	-0.98	-0.98
-0.429886	-0.446913	0.98	-0.98	-0.98
-0.350321	-0.537548	0.98	-0.98	-0.98
0.578238	-0.161352	0.98	-0.98	-0.98
0.542255	0.115275	0.98	-0.98	-0.98
-0.372935	0.549062	0.98	-0.98	-0.98
-0.191678	0.476007	0.98	-0.98	-0.98
0.475297	0.177995	0.98	-0.98	-0.98
0.422070	0.061748	0.98	-0.98	-0.98
-0.577208	-0.180725	0.98	-0.98	-0.98
0.427406	0.222981	0.98	-0.98	-0.98
0.618906	-0.311662	0.98	-0.98	-0.98
-0.494166	-0.032199	0.98	-0.98	-0.98
-0.362472	-0.263804	0.98	-0.98	-0.98
0.446219	-0.106904	0.98	-0.98	-0.98
-0.568363	0.375794	0.98	-0.98	-0.98
0.608320	-0.322324	0.98	-0.98	-0.98
-0.192728	-0.496626	0.98	-0.98	-0.98
0.116662	0.507633	0.98	-0.98	-0.98
-0.332340	-0.401967	0.98	-0.98	-0.98
0.173871	-0.663808	0.98	-0.98	-0.98
0.165963	0.632435	0.98	-0.98	-0.98
-0.323971	-0.275881	0.98	-0.98	-0.98
0.497103	0.480787	0.98	-0.98	-0.98
-0.485394	0.327247	0.98	-0.98	-0.98
-0.397370	0.418609	0.98	-0.98	-0.98
-0.129658	0.611553	0.98	-0.98	-0.98
-0.430828	0.341519	0.98	-0.98	-0.98
-0.595735	-0.159296	0.98	-0.98	-0.98
-0.056429	-0.560901	0.98	-0.98	-0.98
-0.651404	-0.097001	0.98	-0.98	-0.98
-0.454567	-0.321350	0.98	-0.98	-0.98
-0.357988	-0.412585	0.98	-0.98	-0.98
0.458686	-0.322638	0.98	-0.98	-0.98
-0.465381	-0.138630	0.98	-0.98	-0.98
-0.042552	0.565330	0.98	-0.98	-0.98
-0.013969	-0.435387	0.98	-0.98	-0.98
0.124235	0.486619	0.98	-0.98	-0.98
0.332037	-0.245162	0.98	-0.98	-0.98
-0.558681	-0.081274	0.98	-0.98	-0.98
0.452274	-0.136215	0.98	-0.98	-0.98
0.077602	-0.510279	0.98	-0.98	-0.98
0.288036	0.287139	0.98	-0.98	-0.98
0.447395	-0.485221	0.98	-0.98	-0.98
-0.049707	0.567786	0.98	-0.98	-0.98
0.353692	-0.292151	0.98	-0.98	-0.98
-0.289509	-0.375434	0.98	-0.98	-0.98
-0.476775	0.397496	0.98	-0.98	-0.98
-0.089251	-0.636498	0.98	-0.98	-0.98
-0.120725	-0.427262	0.98	-0.98	-0.98
-0.650150	0.023680	0.98	-0.98	-0.98
-0.492658	0.002355	0.98	-0.98	-0.98
-0.116111	-0.643319	0.98	-0.98	-0.98
-0.482774	-0.459282	0.98	-0.98	-0.98
0.541701	-0.070271	0.98	-0.98	-0.98
0.311177	-0.383193	0.98	-0.98	-0.98
-0.609955	-0.061652	0.98	-0.98	-0.98
0.302557	0.335427	0.98	-0.98	-0.98
-0.185378	-0.483723	0.98	-0.98	-0.98
0.327358	-0.249209	0.98	-0.98	-0.98
-0.307770	0.402276	0.98	-0.98	-0.98
0.485283	0.301520	0.98	-0.98	-0.98
0.033492	-0.637355	0.98	-0.98	-0.98
0.681695	0.064510	0.98	-0.98	-0.98
-0.350013	-0.204623	0.98	-0.98	-0.98
0.284156	-0.349380	0.98	-0.98	-0.98
0.044075	0.539302	0.98	-0.98	-0.98
0.340106	0.353689	0.98	-0.98	-0.98
0.653236	0.126741	0.98	-0.98	-0.98
-0.290278	0.332980	0.98	-0.98	-0.98
-0.190040	0.646638	0.98	-0.98	-0.98
0.048677	0.631690	0.98	-0.98	-0.98
0.225721	-0.655054	0.98	-0.98	-0.98
0.030930	0.584738	0.98	-0.98	-0.98
-0.667192	-0.182150	0.98	-0.98	-0.98
0.274883	-0.292165	0.98	-0.98	-0.98
-0.680906	0.118656	0.98	-0.98	-0.98
0.162784	-0.471257	0.98	-0.98	-0.98
-0.144804	0.669472	0.98	-0.98	-0.98
-0.613768	0.136158	0.98	-0.98	-0.98
0.251558	0.490501	0.98	-0.98	-0.98
-0.290029	-0.320025	0.98	-0.98	-0.98
-0.549077	-0.254059	0.98	-0.98	-0.98
-0.368769	-0.540855	0.98	-0.98	-0.98
-0.257799	0.562577	0.98	-0.98	-0.98
0.507006	0.216736	0.98	-0.98	-0.98
0.539171	-0.060828	0.98	-0.98	-0.98
-0.404236	0.377559	0.98	-0.98	-0.98
0.504829	-0.298592	0.98	-0.98	-0.98
-0.508317	0.466133	0.98	-0.98	-0.98
0.309566	-0.517675	0.98	-0.98	-0.98
0.407728	0.335715	0.98	-0.98	-0.98
-0.280635	0.401278	0.98	-0.98	-0.98
0.371757	-0.557120	0.98	-0.98	-0.98
0.359161	0.209535	0.98	-0.98	-0.98
-0.530901	0.152742	0.98	-0.98	-0.98
-0.194172	0.644039	0.98	-0.98	-0.98
0.027223	0.531946	0.98	-0.98	-0.98
0.411439	-0.491880	0.98	-0.98	-0.98
-0.616797	-0.133053	0.98	-0.98	-0.98
0.040894	0.527584	0.98	-0.98	-0.98
-0.616731	0.023323	0.98	-0.98	-0.98
-0.252230	-0.632235	0.98	-0.98	-0.98
0.148080	0.558241	0.98	-0.98	-0.98
-0.487360	-0.079046	0.98	-0.98	-0.98
0.695370	0.026680	0.98	-0.98	-0.98
0.416316	0.104773	0.98	-0.98	-0.98
-0.056339	0.684696	0.98	-0.98	-0.98
-0.397719	-0.501149	0.98	-0.98	-0.98
0.288158	-0.330692	0.98	-0.98	-0.98
-0.383661	0.283724	0.98	-0.98	-0.98
0.434248	0.001320	0.98	-0.98	-0.98
0.275361	0.294238	0.98	-0.98	-0.98
0.562316	0.173245	0.98	-0.98	-0.98
0.603495	0.106183	0.98	-0.98	-0.98
-0.498789	0.431839	0.98	-0.98	-0.98
0.555251	0.039836	0.98	-0.98	-0.98
-0.436306	-0.194239	0.98	-0.98	-0.98
0.276029	-0.506317	0.98	-0.98	-0.98
0.363333	0.172398	0.98	-0.98	-0.98
0.613335	-0.294771	0.98	-0.98	-0.98
0.407441	-0.338242	0.98	-0.98	-0.98
-0.105267	0.460217	0.98	-0.98	-0.98
-0.593008	0.053224	0.98	-0.98	-0.98
-0.587668	-0.264126	0.98	-0.98	-0.98
-0.337138	0.351124	0.98	-0.98	-0.98
0.005550	-0.416102	0.98	-0.98	-0.98
0.475269	-0.503067	0.98	-0.98	-0.98
0.481947	0.273187	0.98	-0.98	-0.98
0.462558	-0.098765	0.98	-0.98	-0.98
0.388827	-0.518383	0.98	-0.98	-0.98
0.212086	0.468629	0.98	-0.98	-0.98
-0.466906	0.168553	0.98	-0.98	-0.98
-0.484120	0.209743	0.98	-0.98	-0.98
-0.546722	-0.048741	0.98	-0.98	-0.98
0.149309	0.416285	0.98	-0.98	-0.98
0.192116	0.535447	0.98	-0.98	-0.98
-0.303010	0.438495	0.98	-0.98	-0.98
-0.334070	-0.221918	0.98	-0.98	-0.98
-0.305609	-0.449160	0.98	-0.98	-0.98
0.312628	-0.401054	0.98	-0.98	-0.98
-0.357693	0.181452	0.98	-0.98	-0.98
-0.515452	0.434661	0.98	-0.98	-0.98
0.417927	-0.097704	0.98	-0.98	-0.98
0.457058	-0.176581	0.98	-0.98	-0.98
-0.506378	0.332964	0.98	-0.98	-0.98
0.089844	0.393663	0.98	-0.98	-0.98
-0.645735	-0.047292	0.98	-0.98	-0.98
-0.354264	0.449942	0.98	-0.98	-0.98
0.322201	-0.315035	0.98	-0.98	-0.98
0.425966	0.040951	0.98	-0.98	-0.98
-0.587584	-0.192214	0.98	-0.98	-0.98
-0.533606	0.327196	0.98	-0.98	-0.98
0.433946	-0.321479	0.98	-0.98	-0.98
0.524812	0.192238	0.98	-0.98	-0.98
0.398608	-0.075814	0.98	-0.98	-0.98
-0.533415	-0.253751	0.98	-0.98	-0.98
-0.049561	0.436586	0.98	-0.98	-0.98
0.191738	0.539912	0.98	-0.98	-0.98
-0.459046	-0.471654	0.98	-0.98	-0.98
0.158065	0.557242	0.98	-0.98	-0.98
-0.376891	0.393858	0.98	-0.98	-0.98
-0.475391	0.365044	0.98	-0.98	-0.98
0.310704	-0.564526	0.98	-0.98	-0.98
-0.439177	0.127394	0.98	-0.98	-0.98
0.446506	-0.062037	0.98	-0.98	-0.98
0.498771	0.323460	0.98	-0.98	-0.98
0.407898	0.173616	0.98	-0.98	-0.98
-0.489113	0.258263	0.98	-0.98	-0.98
0.207919	-0.580005	0.98	-0.98	-0.98
-0.450378	-0.371466	0.98	-0.98	-0.98
-0.319840	0.331582	0.98	-0.98	-0.98
0.355508	0.487842	0.98	-0.98	-0.98
-0.316917	-0.559530	0.98	-0.98	-0.98
0.506124	0.212220	0.98	-0.98	-0.98
0.256089	-0.325512	0.98	-0.98	-0.98
-0.577388	0.237949	0.98	-0.98	-0.98
-0.024360	-0.458513	0.98	-0.98	-0.98
-0.309335	-0.620266	0.98	-0.98	-0.98
0.523466	0.424445	0.98	-0.98	-0.98
-0.327828	0.588583	0.98	-0.98	-0.98
0.475766	0.330364	0.98	-0.98	-0.98
0.021606	0.554918	0.98	-0.98	-0.98
0.016438	-0.692035	0.98	-0.98	-0.98
0.004364	0.654664	0.98	-0.98	-0.98
0.356747	0.530218	0.98	-0.98	-0.98
0.048346	-0.600572	0.98	-0.98	-0.98
0.400765	-0.233346	0.98	-0.98	-0.98
0.355205	-0.347550	0.98	-0.98	-0.98
0.457585	-0.012333	0.98	-0.98	-0.98
-0.564788	-0.162600	0.98	-0.98	-0.98
-0.223805	0.627731	0.98	-0.98	-0.98
0.055202	-0.533268	0.98	-0.98	-0.98
0.211850	-0.630463	0.98	-0.98	-0.98
0.449556	0.254842	0.98	-0.98	-0.98
0.134400	-0.493330	0.98	-0.98	-0.98
-0.396506	-0.112011	0.98	-0.98	-0.98
0.034192	0.521349	0.98	-0.98	-0.98
0.271127	0.554964	0.98	-0.98	-0.98
0.082027	0.418608	0.98	-0.98	-0.98
-0.218253	0.341759	0.98	-0.98	-0.98
0.270279	-0.589288	0.98	-0.98	-0.98
0.408457	-0.333187	0.98	-0.98	-0.98
0.469980	-0.510348	0.98	-0.98	-0.98
-0.077672	-0.653998	0.98	-0.98	-0.98
0.343841	-0.441968	0.98	-0.98	-0.98
-0.533670	-0.354064	0.98	-0.98	-0.98
-0.249117	-0.603051	0.98	-0.98	-0.98
0.540742	0.128153	0.98	-0.98	-0.98
0.634515	0.169719	0.98	-0.98	-0.98
0.537116	-0.292540	0.98	-0.98	-0.98
-0.415291	0.451801	0.98	-0.98	-0.98
0.501440	0.288199	0.98	-0.98	-0.98
0.327525	-0.427236	0.98	-0.98	-0.98
0.040462	-0.583364	0.98	-0.98	-0.98
-0.020805	-0.526388	0.98	-0.98	-0.98
0.492035	0.043341	0.98	-0.98	-0.98
0.554676	-0.295369	0.98	-0.98	-0.98
0.071058	0.534229	0.98	-0.98	-0.98
-0.331795	0.383050	0.98	-0.98	-0.98
-0.141059	-0.386172	0.98	-0.98	-0.98
0.339381	0.457019	0.98	-0.98	-0.98
0.570981	-0.274524	0.98	-0.98	-0.98
0.251056	0.400275	0.98	-0.98	-0.98
0.529572	0.273539	0.98	-0.98	-0.98
-0.546560	-0.412495	0.98	-0.98	-0.98
0.492219	0.433517	0.98	-0.98	-0.98
-0.439854	-0.298685	0.98	-0.98	-0.98
-0.169141	0.530703	0.98	-0.98	-0.98
-0.301663	0.471246	0.98	-0.98	-0.98
-0.101456	-0.478124	0.98	-0.98	-0.98
0.024505	0.520240	0.98	-0.98	-0.98
-0.071541	-0.612881	0.98	-0.98	-0.98
0.265453	-0.571202	0.98	-0.98	-0.98
-0.281487	-0.286833	0.98	-0.98	-0.98
0.117548	0.437695	0.98	-0.98	-0.98
0.440713	0.211211	0.98	-0.98	-0.98
-0.558645	-0.057651	0.98	-0.98	-0.98
-0.239633	0.350012	0.98	-0.98	-0.98
0.049390	0.470607	0.98	-0.98	-0.98
-0.345535	-0.317672	0.98	-0.98	-0.98
0.457523	-0.030354	0.98	-0.98	-0.98
-0.170435	-0.470918	0.98	-0.98	-0.98
0.332321	0.562577	0.98	-0.98	-0.98
0.367136	-0.495471	0.98	-0.98	-0.98
-0.224629	0.446353	0.98	-0.98	-0.98
0.548389	-0.339359	0.98	-0.98	-0.98
0.609663	-0.044791	0.98	-0.98	-0.98
-0.549100	0.136933	0.98	-0.98	-0.98
0.550215	-0.383927	0.98	-0.98	-0.98
-0.091276	-0.392474	0.98	-0.98	-0.98
-0.239899	-0.606840	0.98	-0.98	-0.98
0.252125	-0.572618	0.98	-0.98	-0.98
-0.243103	-0.335978	0.98	-0.98	-0.98
0.604037	0.208896	0.98	-0.98	-0.98
0.097351	-0.629276	0.98	-0.98	-0.98
-0.022055	0.441800	0.98	-0.98	-0.98
-0.325217	0.336809	0.98	-0.98	-0.98
0.097701	-0.638992	0.98	-0.98	-0.98
0.092194	-0.680596	0.98	-0.98	-0.98
-0.536335	0.274100	0.98	-0.98	-0.98
0.423626	0.320842	0.98	-0.98	-0.98
-0.359797	-0.444683	0.98	-0.98	-0.98
-0.345410	-0.251447	0.98	-0.98	-0.98
-0.604160	0.026498	0.98	-0.98	-0.98
0.533682	-0.065427	0.98	-0.98	-0.98
0.069233	0.534587	0.98	-0.98	-0.98
0.045824	0.546112	0.98	-0.98	-0.98
0.002517	0.657856	0.98	-0.98	-0.98
0.393432	-0.537680	0.98	-0.98	-0.98
0.232954	0.503067	0.98	-0.98	-0.98
0.433141	-0.420916	0.98	-0.98	-0.98
0.205941	0.572042	0.98	-0.98	-0.98
-0.423042	-0.487995	0.98	-0.98	-0.98
0.089101	-0.607669	0.98	-0.98	-0.98
0.035362	0.400343	0.98	-0.98	-0.98
0.652433	-0.163872	0.98	-0.98	-0.98
-0.482176	0.432239	0.98	-0.98	-0.98
0.253756	-0.613440	0.98	-0.98	-0.98
0.413598	0.218153	0.98	-0.98	-0.98
-0.628018	0.048244	0.98	-0.98	-0.98
0.032479	-0.562316	0.98	-0.98	-0.98
-0.405620	-0.561757	0.98	-0.98	-0.98
0.601316	0.253058	0.98	-0.98	-0.98
-0.166861	-0.626965	0.98	-0.98	-0.98
-0.210111	0.412188	0.98	-0.98	-0.98
0.427153	-0.473360	0.98	-0.98	-0.98
-0.197716	-0.669088	0.98	-0.98	-0.98
0.459973	0.093706	0.98	-0.98	-0.98
0.579012	-0.165552	0.98	-0.98	-0.98
-0.656850	0.122721	0.98	-0.98	-0.98
-0.498520	0.476021	0.98	-0.98	-0.98
0.584630	-0.349748	0.98	-0.98	-0.98
-0.108922	-0.559403	0.98	-0.98	-0.98
-0.278529	-0.498429	0.98	-0.98	-0.98
0.331107	-0.404893	0.98	-0.98	-0.98
0.195118	-0.631363	0.98	-0.98	-0.98
-0.367876	0.538837	0.98	-0.98	-0.98
0.378970	0.318685	0.98	-0.98	-0.98
-0.623882	-0.147067	0.98	-0.98	-0.98
-0.578216	-0.320582	0.98	-0.98	-0.98
-0.126664	0.495932	0.98	-0.98	-0.98
-0.368145	0.572476	0.98	-0.98	-0.98
0.253677	-0.313752	0.98	-0.98	-0.98
0.012167	0.699465	0.98	-0.98	-0.98
0.087899	-0.565770	0.98	-0.98	-0.98
-0.471750	0.492897	0.98	-0.98	-0.98
0.326442	-0.292000	0.98	-0.98	-0.98
-0.437614	-0.383070	0.98	-0.98	-0.98
0.565006	0.309268	0.98	-0.98	-0.98
0.087818	0.591919	0.98	-0.98	-0.98
0.518832	0.377248	0.98	-0.98	-0.98
-0.620264	0.033605	0.98	-0.98	-0.98
0.019439	-0.632377	0.98	-0.98	-0.98
0.252587	-0.594697	0.98	-0.98	-0.98
-0.375678	0.291859	0.98	-0.98	-0.98
0.581371	-0.083871	0.98	-0.98	-0.98
-0.171464	0.396330	0.98	-0.98	-0.98
-0.373089	-0.212373	0.98	-0.98	-0.98
0.313713	0.324643	0.98	-0.98	-0.98
0.359164	0.363087	0.98	-0.98	-0.98
-0.064243	0.595896	0.98	-0.98	-0.98
-0.612185	0.075521	0.98	-0.98	-0.98
-0.284501	0.538557	0.98	-0.98	-0.98
-0.056553	-0.554615	0.98	-0.98	-0.98
-0.288372	-0.402719	0.98	-0.98	-0.98
0.592344	-0.213333	0.98	-0.98	-0.98
-0.098814	-0.672303	0.98	-0.98	-0.98
-0.196168	0.648706	0.98	-0.98	-0.98
0.061916	0.449220	0.98	-0.98	-0.98
-0.944717	0.930421	-0.98	0.98	-0.98
-0.644400	0.452669	-0.98	0.98	-0.98
-0.541532	0.767130	-0.98	0.98	-0.98
0.757737	0.582937	-0.98	0.98	-0.98
-0.685923	-0.199279	-0.98	0.98	-0.98
0.221701	-0.994811	-0.98	0.98	-0.98
-0.623534	-0.527516	-0.98	0.98	-0.98
-0.310883	-0.960580	-0.98	0.98	-0.98
-0.723490	0.907502	-0.98	0.98	-0.98
-0.766387	-0.503899	-0.98	0.98	-0.98
-0.203534	0.777197	-0.98	0.98	-0.98
0.012558	-0.782338	-0.98	0.98	-0.98
-0.996416	0.511980	-0.98	0.98	-0.98
0.347134	0.662725	-0.98	0.98	-0.98
-0.869268	-0.846570	-0.98	0.98	-0.98
-0.789993	0.079140	-0.98	0.98	-0.98
-0.710360	-0.717758	-0.98	0.98	-0.98
0.721193	-0.725754	-0.98	0.98	-0.98
0.220382	-0.826250	-0.98	0.98	-0.98
-0.877703	-0.567916	-0.98	0.98	-0.98
0.846697	0.196951	-0.98	0.98	-0.98
-0.231553	-0.711413	-0.98	0.98	-0.98
-0.742372	-0.077454	-0.98	0.98	-0.98
-0.648963	0.412611	-0.98	0.98	-0.98
0.797469	0.085995	-0.98	0.98	-0.98
0.612301	-0.465294	-0.98	0.98	-0.98
0.497138	0.944217	-0.98	0.98	-0.98
-0.807154	-0.299498	-0.98	0.98	-0.98
-0.169487	0.914647	-0.98	0.98	-0.98
0.550134	-0.782344	-0.98	0.98	-0.98
-0.566187	-0.736433	-0.98	0.98	-0.98
0.798270	-0.558288	-0.98	0.98	-0.98
-0.968407	-0.863320	-0.98	0.98	-0.98
0.614097	-0.806551	-0.98	0.98	-0.98
-0.762759	-0.662682	-0.98	0.98	-0.98
-0.691367	0.900919	-0.98	0.98	-0.98
0.371047	-0.763465	-0.98	0.98	-0.98
-0.711773	0.821999	-0.98	0.98	-0.98
-0.236912	0.829075	-0.98	0.98	-0.98
-0.259221	0.717011	-0.98	0.98	-0.98
0.842358	0.056780	-0.98	0.98	-0.98
0.877182	0.110176	-0.98	0.98	-0.98
-0.715479	0.419691	-0.98	0.98	-0.98
-0.469717	-0.555847	-0.98	0.98	-0.98
-0.738221	0.606202	-0.98	0.98	-0.98
0.697084	-0.204121	-0.98	0.98	-0.98
-0.066643	0.913516	-0.98	0.98	-0.98
-0.391824	0.972859	-0.98	0.98	-0.98
-0.159101	-0.694968	-0.98	0.98	-0.98
-0.607663	-0.820424	-0.98	0.98	-0.98
-0.278021	0.836461	-0.98	0.98	-0.98
-0.314466	0.890657	-0.98	0.98	-0.98
0.927140	0.413041	-0.98	0.98	-0.98
0.319263	0.761733	-0.98	0.98	-0.98
0.928681	0.459061	-0.98	0.98	-0.98
-0.548248	-0.614435	-0.98	0.98	-0.98
-0.959536	-0.059852	-0.98	0.98	-0.98
-0.800362	-0.795891	-0.98	0.98	-0.98
-0.596105	-0.712843	-0.98	0.98	-0.98
0.815621	-0.190612	-0.98	0.98	-0.98
0.584939	-0.981778	-0.98	0.98	-0.98
-0.382072	-0.838035	-0.98	0.98	-0.98
-0.412849	-0.940584	-0.98	0.98	-0.98
0.790340	0.535223	-0.98	0.98	-0.98
0.756883	-0.575256	-0.98	0.98	-0.98
0.098522	-0.849643	-0.98	0.98	-0.98
-0.513015	0.970132	-0.98	0.98	-0.98
0.659267	-0.365001	-0.98	0.98	-0.98
0.586454	0.389606	-0.98	0.98	-0.98
0.578674	0.783198	-0.98	0.98	-0.98
-0.052920	0.968841	-0.98	0.98	-0.98
0.726315	0.005765	-0.98	0.98	-0.98
-0.794639	-0.614931	-0.98	0.98	-0.98
-0.591911	0.552980	-0.98	0.98	-0.98
0.716623	0.563111	-0.98	0.98	-0.98
0.897117	-0.693778	-0.98	0.98	-0.98
-0.699644	-0.995612	-0.98	0.98	-0.98
0.861401	0.195294	-0.98	0.98	-0.98
-0.448608	-0.731625	-0.98	0.98	-0.98
-0.765456	0.473972	-0.98	0.98	-0.98
-0.709984	-0.361487	-0.98	0.98	-0.98
-0.605480	0.887684	-0.98	0.98	-0.98
-0.937971	-0.984997	-0.98	0.98	-0.98
0.645943	-0.512827	-0.98	0.98	-0.98
-0.137320	-0.841732	-0.98	0.98	-0.98
-0.512159	0.758298	-0.98	0.98	-0.98
0.351229	-0.678330	-0.98	0.98	-0.98
-0.962737	0.692093	-0.98	0.98	-0.98
0.708131	0.092311	-0.98	0.98	-0.98
0.795610	-0.836586	-0.98	0.98	-0.98
0.609946	-0.884114	-0.98	0.98	-0.98
-0.843986	-0.655306	-0.98	0.98	-0.98
0.849313	-0.412804	-0.98	0.98	-0.98
-0.778505	0.369563	-0.98	0.98	-0.98
-0.153113	-0.950796	-0.98	0.98	-0.98
-0.909167	-0.246865	-0.98	0.98	-0.98
0.302015	-0.731962	-0.98	0.98	-0.98
0.815972	-0.897865	-0.98	0.98	-0.98
0.889279	-0.663560	-0.98	0.98	-0.98
-0.950027	0.355765	-0.98	0.98	-0.98
0.816083	-0.562491	-0.98	0.98	-0.98
0.979615	0.563646	-0.98	0.98	-0.98
0.657635	0.485236	-0.98	0.98	-0.98
0.887138	-0.897846	-0.98	0.98	-0.98
0.737160	-0.938168	-0.98	0.98	-0.98
0.467123	-0.771450	-0.98	0.98	-0.98
0.551757	0.523706	-0.98	0.98	-0.98
-0.663304	-0.519154	-0.98	0.98	-0.98
0.930184	-0.014655	-0.98	0.98	-0.98
-0.200487	0.928372	-0.98	0.98	-0.98
0.097909	-0.720023	-0.98	0.98	-0.98
0.902353	-0.059951	-0.98	0.98	-0.98
-0.749183	0.428743	-0.98	0.98	-0.98
0.127488	0.891246	-0.98	0.98	-0.98
0.485953	-0.927050	-0.98	0.98	-0.98
-0.565745	0.594932	-0.98	0.98	-0.98
0.305861	-0.818533	-0.98	0.98	-0.98
0.655166	-0.452365	-0.98	0.98	-0.98
0.981410	0.040423	-0.98	0.98	-0.98
-0.311208	0.661383	-0.98	0.98	-0.98
0.796026	0.223187	-0.98	0.98	-0.98
0.288751	-0.881445	-0.98	0.98	-0.98
0.565759	-0.511814	-0.98	0.98	-0.98
-0.081261	-0.939191	-0.98	0.98	-0.98
-0.324255	0.649779	-0.98	0.98	-0.98
0.993957	-0.438318	-0.98	0.98	-0.98
0.872033	-0.304189	-0.98	0.98	-0.98
0.671371	-0.502549	-0.98	0.98	-0.98
0.820959	-0.570009	-0.98	0.98	-0.98
0.897701	0.100491	-0.98	0.98	-0.98
-0.778883	0.570157	-0.98	0.98	-0.98
-0.370372	0.940998	-0.98	0.98	-0.98
-0.596717	0.897230	-0.98	0.98	-0.98
-0.822672	0.918569	-0.98	0.98	-0.98
-0.344753	0.859360	-0.98	0.98	-0.98
-0.726928	-0.835326	-0.98	0.98	-0.98
0.750381	-0.774584	-0.98	0.98	-0.98
0.055117	-0.809137	-0.98	0.98	-0.98
-0.964933	-0.572960	-0.98	0.98	-0.98
-0.241790	0.822146	-0.98	0.98	-0.98
0.396936	-0.871736	-0.98	0.98	-0.98
-0.879953	-0.533208	-0.98	0.98	-0.98
-0.093162	0.972835	-0.98	0.98	-0.98
0.248224	-0.960495	-0.98	0.98	-0.98
0.560316	0.928051	-0.98	0.98	-0.98
0.011322	0.848334	-0.98	0.98	-0.98
-0.584522	-0.731979	-0.98	0.98	-0.98
0.815766	-0.778121	-0.98	0.98	-0.98
-0.585561	0.571773	-0.98	0.98	-0.98
0.800646	-0.555592	-0.98	0.98	-0.98
-0.312106	-0.931393	-0.98	0.98	-0.98
-0.754694	-0.548603	-0.98	0.98	-0.98
-0.614141	0.846592	-0.98	0.98	-0.98
0.773603	0.162915	-0.98	0.98	-0.98
-0.487170	-0.900540	-0.98	0.98	-0.98
-0.183178	-0.806114	-0.98	0.98	-0.98
-0.957322	-0.918102	-0.98	0.98	-0.98
-0.550864	-0.894564	-0.98	0.98	-0.98
0.668935	-0.906782	-0.98	0.98	-0.98
-0.699450	0.961550	-0.98	0.98	-0.98
-0.331071	-0.679265	-0.98	0.98	-0.98
0.714260	-0.258453	-0.98	0.98	-0.98
0.004685	-0.826563	-0.98	0.98	-0.98
-0.916756	-0.161089	-0.98	0.98	-0.98
-0.728257	0.059043	-0.98	0.98	-0.98
-0.713813	-0.873730	-0.98	0.98	-0.98
-0.158123	0.995014	-0.98	0.98	-0.98
-0.423536	-0.694070	-0.98	0.98	-0.98
-0.942210	-0.008624	-0.98	0.98	-0.98
-0.854769	0.521053	-0.98	0.98	-0.98
0.896433	-0.665269	-0.98	0.98	-0.98
-0.633979	-0.415048	-0.98	0.98	-0.98
-0.958923	-0.716476	-0.98	0.98	-0.98
-0.925276	-0.244017	-0.98	0.98	-0.98
-0.753138	-0.711982	-0.98	0.98	-0.98
-0.800023	0.212595	-0.98	0.98	-0.98
-0.604528	-0.647287	-0.98	0.98	-0.98
-0.178835	-0.933134	-0.98	0.98	-0.98
0.596488	-0.982684	-0.98	0.98	-0.98
-0.945842	-0.294653	-0.98	0.98	-0.98
0.738584	-0.248600	-0.98	0.98	-0.98
-0.570594	0.806276	-0.98	0.98	-0.98
-0.247548	0.751144	-0.98	0.98	-0.98
0.289112	-0.925479	-0.98	0.98	-0.98
0.461482	-0.854452	-0.98	0.98	-0.98
0.856929	-0.571222	-0.98	0.98	-0.98
-0.894644	0.680171	-0.98	0.98	-0.98
-0.684385	0.494719	-0.98	0.98	-0.98
-0.788140	-0.806440	-0.98	0.98	-0.98
-0.796411	0.433518	-0.98	0.98	-0.98
-0.815244	-0.843068	-0.98	0.98	-0.98
-0.739883	0.356138	-0.98	0.98	-0.98
0.868310	0.230293	-0.98	0.98	-0.98
-0.725228	0.641333	-0.98	0.98	-0.98
0.099229	0.711846	-0.98	0.98	-0.98
0.564427	0.995120	-0.98	0.98	-0.98
0.103654	0.977481	-0.98	0.98	-0.98
0.956387	-0.374375	-0.98	0.98	-0.98
0.771964	-0.147812	-0.98	0.98	-0.98
-0.933289	-0.612719	-0.98	0.98	-0.98
-0.570908	-0.409940	-0.98	0.98	-0.98
0.354672	-0.611470	-0.98	0.98	-0.98
-0.188821	0.679753	-0.98	0.98	-0.98
-0.528958	0.873500	-0.98	0.98	-0.98
-0.811093	0.121445	-0.98	0.98	-0.98
-0.428275	0.801197	-0.98	0.98	-0.98
-0.982156	0.490520	-0.98	0.98	-0.98
0.330594	-0.749694	-0.98	0.98	-0.98
-0.120854	-0.890044	-0.98	0.98	-0.98
-0.153697	-0.930555	-0.98	0.98	-0.98
-0.420137	0.875235	-0.98	0.98	-0.98
0.798663	-0.925642	-0.98	0.98	-0.98
0.521480	-0.849805	-0.98	0.98	-0.98
0.513885	-0.505951	-0.98	0.98	-0.98
-0.889299	0.114385	-0.98	0.98	-0.98
-0.950592	-0.112547	-0.98	0.98	-0.98
0.901978	-0.001196	-0.98	0.98	-0.98
0.446324	0.763463	-0.98	0.98	-0.98
-0.605765	-0.877391	-0.98	0.98	-0.98
0.726170	-0.881731	-0.98	0.98	-0.98
0.465929	0.890874	-0.98	0.98	-0.98
0.492289	0.879985	-0.98	0.98	-0.98
0.576229	0.518348	-0.98	0.98	-0.98
0.054555	0.837494	-0.98	0.98	-0.98
-0.440652	-0.770712	-0.98	0.98	-0.98
0.157270	0.980509	-0.98	0.98	-0.98
-0.449573	-0.545084	-0.98	0.98	-0.98
0.952434	0.209490	-0.98	0.98	-0.98
-0.669987	0.622545	-0.98	0.98	-0.98
0.251408	0.901860	-0.98	0.98	-0.98
0.634827	-0.918113	-0.98	0.98	-0.98
-0.936900	0.679295	-0.98	0.98	-0.98
0.054117	-0.719471	-0.98	0.98	-0.98
-0.871761	-0.341815	-0.98	0.98	-0.98
-0.811914	-0.197354	-0.98	0.98	-0.98
-0.604632	-0.477049	-0.98	0.98	-0.98
-0.773370	-0.467309	-0.98	0.98	-0.98
-0.931638	-0.148678	-0.98	0.98	-0.98
-0.526716	-0.980568	-0.98	0.98	-0.98
0.224988	-0.893053	-0.98	0.98	-0.98
-0.664490	0.312689	-0.98	0.98	-0.98
-0.502496	0.919919	-0.98	0.98	-0.98
-0.296531	0.709615	-0.98	0.98	-0.98
0.470633	-0.673006	-0.98	0.98	-0.98
0.870771	0.180717	-0.98	0.98	-0.98
0.623874	-0.787908	-0.98	0.98	-0.98
0.114888	0.775879	-0.98	0.98	-0.98
-0.546787	0.466083	-0.98	0.98	-0.98
0.614719	-0.982981	-0.98	0.98	-0.98
-0.400636	-0.754291	-0.98	0.98	-0.98
-0.838857	-0.137372	-0.98	0.98	-0.98
0.877481	-0.569241	-0.98	0.98	-0.98
-0.791689	-0.489458	-0.98	0.98	-0.98
-0.739908	0.815773	-0.98	0.98	-0.98
-0.990970	0.605151	-0.98	0.98	-0.98
0.157468	0.860847	-0.98	0.98	-0.98
-0.700974	0.341191	-0.98	0.98	-0.98
0.797437	-0.693062	-0.98	0.98	-0.98
-0.599673	0.742327	-0.98	0.98	-0.98
-0.957428	0.967114	-0.98	0.98	-0.98
-0.325689	-0.767290	-0.98	0.98	-0.98
-0.892910	-0.992212	-0.98	0.98	-0.98
-0.723526	-0.678341	-0.98	0.98	-0.98
0.369326	0.684667	-0.98	0.98	-0.98
-0.872625	0.764295	-0.98	0.98	-0.98
0.930329	-0.599556	-0.98	0.98	-0.98
-0.173773	0.780001	-0.98	0.98	-0.98
-0.534210	0.560895	-0.98	0.98	-0.98
0.684048	-0.294051	-0.98	0.98	-0.98
0.171367	0.895562	-0.98	0.98	-0.98
-0.702201	0.792850	-0.98	0.98	-0.98
-0.523697	0.713332	-0.98	0.98	-0.98
-0.852346	-0.036938	-0.98	0.98	-0.98
-0.656576	0.256083	-0.98	0.98	-0.98
0.354295	-0.847563	-0.98	0.98	-0.98
-0.157038	-0.931838	-0.98	0.98	-0.98
0.543207	0.508511	-0.98	0.98	-0.98
-0.744635	-0.072624	-0.98	0.98	-0.98
-0.504633	-0.602635	-0.98	0.98	-0.98
0.131007	0.894803	-0.98	0.98	-0.98
0.776561	-0.170972	-0.98	0.98	-0.98
-0.265873	0.665064	-0.98	0.98	-0.98
-0.670054	-0.685695	-0.98	0.98	-0.98
-0.045058	-0.724301	-0.98	0.98	-0.98
-0.967399	-0.459285	-0.98	0.98	-0.98
0.851237	-0.457799	-0.98	0.98	-0.98
-0.542251	0.932547	-0.98	0.98	-0.98
-0.457821	0.611811	-0.98	0.98	-0.98
-0.631529	0.429386	-0.98	0.98	-0.98
0.084044	0.887749	-0.98	0.98	-0.98
0.574109	-0.587801	-0.98	0.98	-0.98
0.026483	-0.832223	-0.98	0.98	-0.98
0.209458	0.983720	-0.98	0.98	-0.98
0.954459	-0.307814	-0.98	0.98	-0.98
-0.900757	0.132911	-0.98	0.98	-0.98
-0.838802	-0.465110	-0.98	0.98	-0.98
0.970641	-0.744409	-0.98	0.98	-0.98
-0.277851	0.753008	-0.98	0.98	-0.98
0.285434	0.798787	-0.98	0.98	-0.98
-0.873427	0.862421	-0.98	0.98	-0.98
-0.014379	-0.730909	-0.98	0.98	-0.98
-0.488254	0.605588	-0.98	0.98	-0.98
-0.781764	0.808066	-0.98	0.98	-0.98
-0.263879	-0.684897	-0.98	0.98	-0.98
-0.276515	0.800621	-0.98	0.98	-0.98
-0.591864	-0.378391	-0.98	0.98	-0.98
-0.787297	0.080041	-0.98	0.98	-0.98
0.212335	-0.721332	-0.98	0.98	-0.98
0.218433	-0.799876	-0.98	0.98	-0.98
-0.084972	-0.780930	-0.98	0.98	-0.98
-0.347034	0.945501	-0.98	0.98	-0.98
-0.731632	0.104873	-0.98	0.98	-0.98
-0.113344	-0.925806	-0.98	0.98	-0.98
0.684826	-0.576559	-0.98	0.98	-0.98
-0.512086	-0.839805	-0.98	0.98	-0.98
0.972862	0.499158	-0.98	0.98	-0.98
0.687049	0.205892	-0.98	0.98	-0.98
0.255219	0.773640	-0.98	0.98	-0.98
-0.696407	0.556829	-0.98	0.98	-0.98
0.716011	-0.263189	-0.98	0.98	-0.98
-0.727812	-0.638492	-0.98	0.98	-0.98
0.448402	0.894351	-0.98	0.98	-0.98
0.587513	0.782174	-0.98	0.98	-0.98
-0.701793	-0.341957	-0.98	0.98	-0.98
0.622998	-0.706489	-0.98	0.98	-0.98
-0.882495	-0.855114	-0.98	0.98	-0.98
-0.870102	-0.157536	-0.98	0.98	-0.98
0.736687	0.548718	-0.98	0.98	-0.98
0.573661	-0.851847	-0.98	0.98	-0.98
-0.873740	-0.578233	-0.98	0.98	-0.98
-0.955214	-0.450753	-0.98	0.98	-0.98
0.995274	-0.118912	-0.98	0.98	-0.98
0.883671	-0.810662	-0.98	0.98	-0.98
-0.926988	0.841719	-0.98	0.98	-0.98
-0.852375	0.532632	-0.98	0.98	-0.98
0.992395	0.134609	-0.98	0.98	-0.98
-0.698530	-0.754607	-0.98	0.98	-0.98
0.791630	0.595024	-0.98	0.98	-0.98
-0.329169	-0.758760	-0.98	0.98	-0.98
-0.656439	0.473877	-0.98	0.98	-0.98
-0.906607	-0.033190	-0.98	0.98	-0.98
0.422203	0.600553	-0.98	0.98	-0.98
-0.830499	-0.547162	-0.98	0.98	-0.98
-0.456297	0.650821	-0.98	0.98	-0.98
0.955427	-0.799871	-0.98	0.98	-0.98
-0.981805	-0.585856	-0.98	0.98	-0.98
-0.109593	0.718984	-0.98	0.98	-0.98
-0.573044	-0.558684	-0.98	0.98	-0.98
-0.788301	0.640820	-0.98	0.98	-0.98
-0.546898	-0.634771	-0.98	0.98	-0.98
-0.860293	0.063455	-0.98	0.98	-0.98
-0.984825	-0.086704	-0.98	0.98	-0.98
0.998184	0.322096	-0.98	0.98	-0.98
-0.716334	-0.547858	-0.98	0.98	-0.98
0.773964	-0.256128	-0.98	0.98	-0.98
-0.036576	-0.769463	-0.98	0.98	-0.98
0.712382	0.051856	-0.98	0.98	-0.98
0.531549	0.659277	-0.98	0.98	-0.98
0.164092	0.726937	-0.98	0.98	-0.98
-0.823645	-0.143928	-0.98	0.98	-0.98
-0.397622	0.721544	-0.98	0.98	-0.98
-0.596964	-0.412232	-0.98	0.98	-0.98
-0.642315	-0.711164	-0.98	0.98	-0.98
0.863441	-0.854367	-0.98	0.98	-0.98
-0.939757	0.255656	-0.98	0.98	-0.98
-0.728525	-0.295147	-0.98	0.98	-0.98
0.133370	-0.704410	-0.98	0.98	-0.98
-0.924774	0.327485	-0.98	0.98	-0.98
0.236159	-0.754602	-0.98	0.98	-0.98
-0.595816	0.587939	-0.98	0.98	-0.98
0.800804	-0.035599	-0.98	0.98	-0.98
0.607403	-0.523353	-0.98	0.98	-0.98
-0.757019	-0.962305	-0.98	0.98	-0.98
-0.985464	0.129111	-0.98	0.98	-0.98
-0.236317	-0.888760	-0.98	0.98	-0.98
-0.974755	-0.834087	-0.98	0.98	-0.98
-0.604590	0.925762	-0.98	0.98	-0.98
-0.269205	0.711843	-0.98	0.98	-0.98
0.751617	0.599985	-0.98	0.98	-0.98
0.682837	-0.607259	-0.98	0.98	-0.98
0.906134	0.124232	-0.98	0.98	-0.98
-0.631758	-0.643675	-0.98	0.98	-0.98
0.396147	0.949168	-0.98	0.98	-0.98
-0.310633	-0.885034	-0.98	0.98	-0.98
0.849448	-0.731911	-0.98	0.98	-0.98
-0.469986	-0.984187	-0.98	0.98	-0.98
0.960501	-0.117023	-0.98	0.98	-0.98
0.743395	0.570687	-0.98	0.98	-0.98
-0.003430	-0.876416	-0.98	0.98	-0.98
0.745996	0.510666	-0.98	0.98	-0.98
-0.867473	0.171028	-0.98	0.98	-0.98
-0.510562	0.518051	-0.98	0.98	-0.98
0.974482	-0.946207	-0.98	0.98	-0.98
-0.629774	-0.935878	-0.98	0.98	-0.98
0.939000	-0.231623	-0.98	0.98	-0.98
-0.688307	0.767951	-0.98	0.98	-0.98
-0.949332	0.868043	-0.98	0.98	-0.98
0.173755	0.688580	-0.98	0.98	-0.98
0.978367	0.474468	-0.98	0.98	-0.98
0.559917	-0.971062	-0.98	0.98	-0.98
0.938657	0.228263	-0.98	0.98	-0.98
0.364407	-0.919573	-0.98	0.98	-0.98
-0.134872	-0.807427	-0.98	0.98	-0.98
0.726855	0.253349	-0.98	0.98	-0.98
-0.246377	-0.916314	-0.98	0.98	-0.98
-0.905575	-0.777213	-0.98	0.98	-0.98
0.741129	-0.099175	-0.98	0.98	-0.98
0.582950	0.964551	-0.98	0.98	-0.98
0.933384	-0.772706	-0.98	0.98	-0.98
0.398590	-0.859164	-0.98	0.98	-0.98
0.515337	-0.988491	-0.98	0.98	-0.98
0.016763	-0.899503	-0.98	0.98	-0.98
0.789301	0.255607	-0.98	0.98	-0.98
-0.724775	0.391024	-0.98	0.98	-0.98
0.669979	-0.415997	-0.98	0.98	-0.98
0.572102	0.415043	-0.98	0.98	-0.98
-0.700451	0.080850	-0.98	0.98	-0.98
0.433608	-0.730519	-0.98	0.98	-0.98
-0.933361	0.829858	-0.98	0.98	-0.98
-0.235708	0.827470	-0.98	0.98	-0.98
0.477997	0.964448	-0.98	0.98	-0.98
-0.529777	0.594657	-0.98	0.98	-0.98
-0.631248	0.725295	-0.98	0.98	-0.98
0.717685	0.471693	-0.98	0.98	-0.98
-0.976992	0.507105	-0.98	0.98	-0.98
-0.496066	-0.590829	-0.98	0.98	-0.98
-0.120623	0.812645	-0.98	0.98	-0.98
-0.791482	-0.548366	-0.98	0.98	-0.98
-0.155348	0.873416	-0.98	0.98	-0.98
-0.774942	-0.506337	-0.98	0.98	-0.98
0.705544	-0.381944	-0.98	0.98	-0.98
0.648905	0.445719	-0.98	0.98	-0.98
0.464643	0.882924	-0.98	0.98	-0.98
0.845815	-0.854396	-0.98	0.98	-0.98
-0.530322	0.867998	-0.98	0.98	-0.98
-0.811959	0.706529	-0.98	0.98	-0.98
-0.618620	0.328292	-0.98	0.98	-0.98
0.066018	-0.958449	-0.98	0.98	-0.98
-0.941918	0.920822	-0.98	0.98	-0.98
-0.839566	-0.371790	-0.98	0.98	-0.98
0.172147	0.942252	-0.98	0.98	-0.98
-0.746276	-0.588269	-0.98	0.98	-0.98
0.741639	-0.944930	-0.98	0.98	-0.98
-0.310760	-0.756418	-0.98	0.98	-0.98
0.552028	0.879915	-0.98	0.98	-0.98
-0.739356	0.498262	-0.98	0.98	-0.98
0.405920	-0.705227	-0.98	0.98	-0.98
0.660045	-0.672236	-0.98	0.98	-0.98
-0.191461	-0.755693	-0.98	0.98	-0.98
-0.629831	0.967734	-0.98	0.98	-0.98
-0.954293	-0.007490	-0.98	0.98	-0.98
-0.992841	0.839837	-0.98	0.98	-0.98
-0.241539	-0.770898	-0.98	0.98	-0.98
-0.361983	0.828386	-0.98	0.98	-0.98
-0.441921	-0.897598	-0.98	0.98	-0.98
-0.670052	0.228054	-0.98	0.98	-0.98
-0.818352	-0.424461	-0.98	0.98	-0.98
-0.265927	0.828664	-0.98	0.98	-0.98
0.719278	-0.686668	-0.98	0.98	-0.98
0.328830	0.987638	-0.98	0.98	-0.98
0.672401	0.461395	-0.98	0.98	-0.98
0.685790	-0.183142	-0.98	0.98	-0.98
-0.779473	0.162381	-0.98	0.98	-0.98
-0.495038	0.733649	-0.98	0.98	-0.98
-0.345257	0.671127	-0.98	0.98	-0.98
0.143889	-0.691342	-0.98	0.98	-0.98
-0.065430	0.952231	-0.98	0.98	-0.98
0.016848	-0.914384	-0.98	0.98	-0.98
-0.020021	-0.996378	-0.98	0.98	-0.98
0.508242	0.925207	-0.98	0.98	-0.98
-0.899082	0.991656	-0.98	0.98	-0.98
0.133022	0.775454	-0.98	0.98	-0.98
0.198497	0.825088	-0.98	0.98	-0.98
-0.584621	-0.602971	-0.98	0.98	-0.98
0.610034	-0.646170	-0.98	0.98	-0.98
-0.513563	0.994563	-0.98	0.98	-0.98
0.807858	-0.472714	-0.98	0.98	-0.98
0.918421	0.531373	-0.98	0.98	-0.98
0.870491	-0.849377	-0.98	0.98	-0.98
-0.498471	-0.698083	-0.98	0.98	-0.98
0.440365	0.791875	-0.98	0.98	-0.98
0.982414	-0.569173	-0.98	0.98	-0.98
-0.924940	-0.857155	-0.98	0.98	-0.98
0.497072	-0.923791	-0.98	0.98	-0.98
0.597626	-0.795432	-0.98	0.98	-0.98
-0.768875	-0.643976	-0.98	0.98	-0.98
0.844937	-0.214918	-0.98	0.98	-0.98
0.812643	0.426442	-0.98	0.98	-0.98
0.702976	-0.382431	-0.98	0.98	-0.98
0.158902	-0.743851	-0.98	0.98	-0.98
-0.833400	-0.926298	-0.98	0.98	-0.98
-0.159785	0.933160	-0.98	0.98	-0.98
-0.533351	-0.774220	-0.98	0.98	-0.98
-0.200836	-0.992326	-0.98	0.98	-0.98
0.884263	-0.059718	-0.98	0.98	-0.98
0.256585	-0.678142	-0.98	0.98	-0.98
0.233164	-0.871523	-0.98	0.98	-0.98
-0.952582	0.836673	-0.98	0.98	-0.98
0.409798	-0.890692	-0.98	0.98	-0.98
0.804245	-0.145693	-0.98	0.98	-0.98
0.763748	0.052987	-0.98	0.98	-0.98
0.960584	-0.042313	-0.98	0.98	-0.98
-0.696755	0.753177	-0.98	0.98	-0.98
-0.522665	-0.958818	-0.98	0.98	-0.98
-0.832867	0.615433	-0.98	0.98	-0.98
-0.362486	-0.897952	-0.98	0.98	-0.98
0.753014	-0.850452	-0.98	0.98	-0.98
0.807853	0.047656	-0.98	0.98	-0.98
-0.458515	-0.596771	-0.98	0.98	-0.98
-0.727040	-0.543997	-0.98	0.98	-0.98
0.465107	0.685011	-0.98	0.98	-0.98
0.120089	0.944193	-0.98	0.98	-0.98
0.216316	0.685617	-0.98	0.98	-0.98
0.730170	-0.084923	-0.98	0.98	-0.98
-0.180710	0.728648	-0.98	0.98	-0.98
-0.724124	0.910248	-0.98	0.98	-0.98
0.750727	0.560540	-0.98	0.98	-0.98
0.871185	-0.694707	-0.98	0.98	-0.98
-0.872131	0.202276	-0.98	0.98	-0.98
0.806185	-0.551664	-0.98	0.98	-0.98
0.723397	-0.122210	-0.98	0.98	-0.98
0.814428	0.450880	-0.98	0.98	-0.98
0.424696	-0.727828	-0.98	0.98	-0.98
0.950351	0.103921	-0.98	0.98	-0.98
-0.848052	0.420556	-0.98	0.98	-0.98
0.225407	-0.671762	-0.98	0.98	-0.98
-0.448783	-0.972044	-0.98	0.98	-0.98
-0.918577	0.572485	-0.98	0.98	-0.98
-0.975099	0.944603	-0.98	0.98	-0.98
0.575841	-0.626090	-0.98	0.98	-0.98
-0.679164	0.655068	-0.98	0.98	-0.98
-0.937835	0.654418	-0.98	0.98	-0.98
-0.178400	-0.800544	-0.98	0.98	-0.98
-0.711876	0.663451	-0.98	0.98	-0.98
-0.386236	0.965038	-0.98	0.98	-0.98
-0.749613	-0.797996	-0.98	0.98	-0.98
0.424927	0.879206	-0.98	0.98	-0.98
0.532959	-0.884081	-0.98	0.98	-0.98
-0.951104	-0.269507	-0.98	0.98	-0.98
-0.443798	0.622683	-0.98	0.98	-0.98
0.439145	0.915208	-0.98	0.98	-0.98
-0.323715	-0.835186	-0.98	0.98	-0.98
-0.769321	0.917824	-0.98	0.98	-0.98
0.145049	-0.699747	-0.98	0.98	-0.98
0.408118	0.573149	-0.98	0.98	-0.98
0.688029	-0.206591	-0.98	0.98	-0.98
0.744280	0.589395	-0.98	0.98	-0.98
-0.747692	0.156706	-0.98	0.98	-0.98
-0.498832	-0.500976	-0.98	0.98	-0.98
0.756714	-0.582694	-0.98	0.98	-0.98
-0.541103	-0.546112	-0.98	0.98	-0.98
0.609793	0.467164	-0.98	0.98	-0.98
0.433296	0.856968	-0.98	0.98	-0.98
0.958507	0.306808	-0.98	0.98	-0.98
0.810661	-0.215019	-0.98	0.98	-0.98
0.943303	0.199969	-0.98	0.98	-0.98
0.785391	-0.696403	-0.98	0.98	-0.98
0.253161	0.968065	-0.98	0.98	-0.98
-0.006361	0.766899	-0.98	0.98	-0.98
-0.766101	-0.485531	-0.98	0.98	-0.98
0.521851	0.972252	-0.98	0.98	-0.98
-0.743249	0.481066	-0.98	0.98	-0.98
0.686093	-0.564624	-0.98	0.98	-0.98
-0.044213	0.808219	-0.98	0.98	-0.98
0.878702	0.486625	-0.98	0.98	-0.98
-0.242698	-0.827797	-0.98	0.98	-0.98
0.701048	-0.145608	-0.98	0.98	-0.98
-0.882417	0.672899	-0.98	0.98	-0.98
0.460466	0.931561	-0.98	0.98	-0.98
-0.076743	-0.862887	-0.98	0.98	-0.98
0.999625	-0.931867	-0.98	0.98	-0.98
-0.878492	0.831631	-0.98	0.98	-0.98
0.514487	0.965114	-0.98	0.98	-0.98
-0.757802	0.214686	-0.98	0.98	-0.98
-0.062582	-0.916557	-0.98	0.98	-0.98
-0.751009	-0.319740	-0.98	0.98	-0.98
0.664125	0.507327	-0.98	0.98	-0.98
0.922693	0.503872	-0.98	0.98	-0.98
-0.665339	0.310303	-0.98	0.98	-0.98
-0.222701	-0.680475	-0.98	0.98	-0.98
0.584784	0.850155	-0.98	0.98	-0.98
0.957783	-0.819774	-0.98	0.98	-0.98
-0.406836	0.613643	-0.98	0.98	-0.98
0.459146	0.724055	-0.98	0.98	-0.98
0.937442	-0.416795	-0.98	0.98	-0.98
0.478196	0.822159	-0.98	0.98	-0.98
0.875930	0.056803	-0.98	0.98	-0.98
0.363490	-0.661183	-0.98	0.98	-0.98
-0.989333	-0.762679	-0.98	0.98	-0.98
0.327563	-0.730296	-0.98	0.98	-0.98
-0.804530	0.514818	-0.98	0.98	-0.98
0.792168	-0.944632	-0.98	0.98	-0.98
-0.247700	0.815184	-0.98	0.98	-0.98
0.304741	-0.836668	-0.98	0.98	-0.98
0.176770	0.723758	-0.98	0.98	-0.98
-0.042673	0.832052	-0.98	0.98	-0.98
-0.622605	0.430503	-0.98	0.98	-0.98
0.275060	-0.754406	-0.98	0.98	-0.98
-0.685981	0.754738	-0.98	0.98	-0.98
-0.114373	-0.806969	-0.98	0.98	-0.98
0.452497	-0.977208	-0.98	0.98	-0.98
-0.174740	0.901946	-0.98	0.98	-0.98
-0.754132	-0.950891	-0.98	0.98	-0.98
0.633729	-0.899831	-0.98	0.98	-0.98
0.048237	0.999119	-0.98	0.98	-0.98
-0.691625	-0.276020	-0.98	0.98	-0.98
-0.940746	0.454755	-0.98	0.98	-0.98
-0.995515	-0.423828	-0.98	0.98	-0.98
-0.785155	-0.412101	-0.98	0.98	-0.98
0.644313	-0.438586	-0.98	0.98	-0.98
-0.548011	0.687192	-0.98	0.98	-0.98
-0.091189	0.954699	-0.98	0.98	-0.98
0.955146	0.403047	-0.98	0.98	-0.98
0.724614	0.208105	-0.98	0.98	-0.98
0.980647	0.197281	-0.98	0.98	-0.98
-0.489487	-0.809066	-0.98	0.98	-0.98
0.764352	-0.192138	-0.98	0.98	-0.98
0.770160	0.334806	-0.98	0.98	-0.98
-0.292552	0.841622	-0.98	0.98	-0.98
0.789279	-0.356658	-0.98	0.98	-0.98
0.706863	0.200816	-0.98	0.98	-0.98
-0.501548	0.838990	-0.98	0.98	-0.98
0.484118	-0.714741	-0.98	0.98	-0.98
-0.986665	-0.682866	-0.98	0.98	-0.98
0.717923	-0.610049	-0.98	0.98	-0.98
0.473967	-0.534405	-0.98	0.98	-0.98
-0.818316	-0.987436	-0.98	0.98	-0.98
0.964515	-0.298190	-0.98	0.98	-0.98
0.586110	0.698233	-0.98	0.98	-0.98
0.100207	0.923731	-0.98	0.98	-0.98
-0.799945	-0.002775	-0.98	0.98	-0.98
-0.811440	-0.493227	-0.98	0.98	-0.98
-0.882246	-0.225744	-0.98	0.98	-0.98
0.875474	0.042133	-0.98	0.98	-0.98
0.809980	-0.717638	-0.98	0.98	-0.98
0.588966	-0.425916	-0.98	0.98	-0.98
0.133499	0.799735	-0.98	0.98	-0.98
0.959755	0.288973	-0.98	0.98	-0.98
-0.623132	0.371811	-0.98	0.98	-0.98
-0.815890	-0.204046	-0.98	0.98	-0.98
0.358119	0.812493	-0.98	0.98	-0.98
0.328478	-0.746156	-0.98	0.98	-0.98
0.673648	-0.470137	-0.98	0.98	-0.98
-0.592147	0.415676	-0.98	0.98	-0.98
0.071782	0.914402	-0.98	0.98	-0.98
0.500238	0.801737	-0.98	0.98	-0.98
-0.693212	-0.262593	-0.98	0.98	-0.98
0.501675	0.696231	-0.98	0.98	-0.98
-0.363464	-0.902859	-0.98	0.98	-0.98
-0.021634	-0.871168	-0.98	0.98	-0.98
0.272127	-0.808801	-0.98	0.98	-0.98
0.908718	-0.471669	-0.98	0.98	-0.98
0.095076	0.850206	-0.98	0.98	-0.98
0.767934	0.213702	-0.98	0.98	-0.98
-0.258537	-0.749548	-0.98	0.98	-0.98
0.283735	-0.858956	-0.98	0.98	-0.98
-0.107940	0.839067	-0.98	0.98	-0.98
-0.890836	-0.269532	-0.98	0.98	-0.98
-0.998445	0.189205	-0.98	0.98	-0.98
-0.623597	0.420439	-0.98	0.98	-0.98
0.786197	-0.523729	-0.98	0.98	-0.98
-0.945965	-0.390633	-0.98	0.98	-0.98
-0.382838	0.988436	-0.98	0.98	-0.98
0.355359	0.628788	-0.98	0.98	-0.98
0.610998	-0.696865	-0.98	0.98	-0.98
0.725123	-0.933128	-0.98	0.98	-0.98
-0.460725	-0.850524	-0.98	0.98	-0.98
-0.410486	0.900331	-0.98	0.98	-0.98
0.818949	-0.100565	-0.98	0.98	-0.98
0.843871	-0.815299	-0.98	0.98	-0.98
-0.940886	-0.591203	-0.98	0.98	-0.98
-0.827258	0.076306	-0.98	0.98	-0.98
0.874085	-0.317307	-0.98	0.98	-0.98
-0.701337	0.753062	-0.98	0.98	-0.98
-0.437711	-0.825425	-0.98	0.98	-0.98
-0.990613	0.069232	-0.98	0.98	-0.98
0.877837	-0.869504	-0.98	0.98	-0.98
-0.536732	0.559990	-0.98	0.98	-0.98
0.439683	0.627515	-0.98	0.98	-0.98
0.674826	-0.906431	-0.98	0.98	-0.98
0.712836	-0.878148	-0.98	0.98	-0.98
-0.700123	-0.314517	-0.98	0.98	-0.98
0.998625	-0.492802	-0.98	0.98	-0.98
-0.845097	0.537755	-0.98	0.98	-0.98
-0.223153	0.847855	-0.98	0.98	-0.98
0.219837	0.839982	-0.98	0.98	-0.98
0.299442	0.976479	-0.98	0.98	-0.98
-0.653616	-0.775201	-0.98	0.98	-0.98
-0.437753	-0.668830	-0.98	0.98	-0.98
0.545272	-0.514378	-0.98	0.98	-0.98
-0.871315	-0.147741	-0.98	0.98	-0.98
0.974007	-0.602721	-0.98	0.98	-0.98
0.797181	0.124594	-0.98	0.98	-0.98
-0.624730	-0.547431	-0.98	0.98	-0.98
0.999078	0.213636	-0.98	0.98	-0.98
0.975644	-0.514516	-0.98	0.98	-0.98
-0.031511	-0.995118	-0.98	0.98	-0.98
0.987209	0.366485	-0.98	0.98	-0.98
0.122794	0.814739	-0.98	0.98	-0.98
-0.760916	-0.618300	-0.98	0.98	-0.98
-0.849098	-0.734501	-0.98	0.98	-0.98
-0.951762	0.113609	-0.98	0.98	-0.98
0.533985	0.710722	-0.98	0.98	-0.98
-0.027375	0.727501	-0.98	0.98	-0.98
-0.501198	0.907168	-0.98	0.98	-0.98
-0.872889	-0.216822	-0.98	0.98	-0.98
0.228514	0.671474	-0.98	0.98	-0.98
-0.354433	0.790955	-0.98	0.98	-0.98
0.922940	0.406003	-0.98	0.98	-0.98
0.688731	-0.125624	-0.98	0.98	-0.98
-0.456107	0.754185	-0.98	0.98	-0.98
0.003289	0.730472	-0.98	0.98	-0.98
-0.503785	-0.918852	-0.98	0.98	-0.98
-0.538621	0.778810	-0.98	0.98	-0.98
0.704546	-0.500740	-0.98	0.98	-0.98
0.963997	-0.892200	-0.98	0.98	-0.98
-0.718095	-0.112308	-0.98	0.98	-0.98
0.978374	-0.357879	-0.98	0.98	-0.98
-0.358034	-0.744493	-0.98	0.98	-0.98
-0.738644	0.049236	-0.98	0.98	-0.98
-0.992792	-0.098749	-0.98	0.98	-0.98
0.110396	-0.747212	-0.98	0.98	-0.98
0.528046	-0.819022	-0.98	0.98	-0.98
0.196817	0.725059	-0.98	0.98	-0.98
-0.891688	0.270006	-0.98	0.98	-0.98
0.947296	-0.734898	-0.98	0.98	-0.98
0.993035	0.139466	-0.98	0.98	-0.98
0.042611	-0.861854	-0.98	0.98	-0.98
0.850628	-0.924396	-0.98	0.98	-0.98
0.731373	-0.510845	-0.98	0.98	-0.98
0.929296	-0.599111	-0.98	0.98	-0.98
0.135640	-0.715546	-0.98	0.98	-0.98
0.980851	-0.516731	-0.98	0.98	-0.98
0.162417	-0.967373	-0.98	0.98	-0.98
-0.967589	0.428585	-0.98	0.98	-0.98
-0.363239	0.937043	-0.98	0.98	-0.98
-0.985911	-0.265172	-0.98	0.98	-0.98
0.550187	0.982350	-0.98	0.98	-0.98
0.861089	-0.397919	-0.98	0.98	-0.98
-0.831195	-0.091328	-0.98	0.98	-0.98
-0.577335	-0.627296	-0.98	0.98	-0.98
0.707825	-0.618334	-0.98	0.98	-0.98
-0.235245	-0.682628	-0.98	0.98	-0.98
0.147266	-0.714803	-0.98	0.98	-0.98
0.699289	-0.084286	-0.98	0.98	-0.98
0.804564	0.119813	-0.98	0.98	-0.98
-0.609036	0.349233	-0.98	0.98	-0.98
-0.968395	-0.645763	-0.98	0.98	-0.98
-0.699649	0.496496	-0.98	0.98	-0.98
0.096143	0.804065	-0.98	0.98	-0.98
0.837816	0.053719	-0.98	0.98	-0.98
-0.350017	-0.844628	-0.98	0.98	-0.98
-0.555598	0.621893	-0.98	0.98	-0.98
-0.335660	-0.705958	-0.98	0.98	-0.98
0.385627	0.863320	-0.98	0.98	-0.98
0.581993	0.597904	-0.98	0.98	-0.98
-0.932826	0.654936	-0.98	0.98	-0.98
-0.941007	-0.404123	-0.98	0.98	-0.98
0.562859	-0.804797	-0.98	0.98	-0.98
-0.760180	-0.701425	-0.98	0.98	-0.98
-0.809373	-0.034142	-0.98	0.98	-0.98
-0.950422	-0.632881	-0.98	0.98	-0.98
0.633950	0.545389	-0.98	0.98	-0.98
0.795748	0.351293	-0.98	0.98	-0.98
0.695596	-0.195722	-0.98	0.98	-0.98
-0.511185	-0.707938	-0.98	0.98	-0.98
-0.935263	0.917355	-0.98	0.98	-0.98
0.611937	0.497721	-0.98	0.98	-0.98
0.437236	0.964899	-0.98	0.98	-0.98
-0.305065	-0.972721	-0.98	0.98	-0.98
0.214702	0.669409	-0.98	0.98	-0.98
-0.968104	-0.147334	-0.98	0.98	-0.98
-0.946737	0.992782	-0.98	0.98	-0.98
-0.475126	0.550055	-0.98	0.98	-0.98
0.604466	-0.439189	-0.98	0.98	-0.98
-0.510061	-0.732232	-0.98	0.98	-0.98
-0.587268	-0.881825	-0.98	0.98	-0.98
-0.814572	0.784078	-0.98	0.98	-0.98
-0.667711	-0.656796	-0.98	0.98	-0.98
0.472671	0.848221	-0.98	0.98	-0.98
0.969069	0.517152	-0.98	0.98	-0.98
-0.818393	-0.604910	-0.98	0.98	-0.98
-0.003581	0.714841	-0.98	0.98	-0.98
0.434898	0.569819	-0.98	0.98	-0.98
-0.975159	-0.497194	-0.98	0.98	-0.98
0.518303	0.621866	-0.98	0.98	-0.98
-0.904527	0.627485	-0.98	0.98	-0.98
0.850562	-0.488749	-0.98	0.98	-0.98
0.250404	-0.824886	-0.98	0.98	-0.98
-0.760134	0.408428	-0.98	0.98	-0.98
0.423803	-0.907050	-0.98	0.98	-0.98
-0.768815	0.305350	-0.98	0.98	-0.98
0.976573	-0.521871	-0.98	0.98	-0.98
0.313692	-0.856917	-0.98	0.98	-0.98
0.769738	0.024403	-0.98	0.98	-0.98
0.711643	-0.039337	-0.98	0.98	-0.98
-0.758940	-0.934767	-0.98	0.98	-0.98
-0.942415	-0.365352	-0.98	0.98	-0.98
-0.804575	0.738201	-0.98	0.98	-0.98
0.091249	-0.936085	-0.98	0.98	-0.98
-0.637908	-0.877663	-0.98	0.98	-0.98
0.601223	-0.377234	-0.98	0.98	-0.98
-0.001783	0.738147	-0.98	0.98	-0.98
-0.022302	-0.707837	-0.98	0.98	-0.98
0.857529	-0.898513	-0.98	0.98	-0.98
-0.222080	0.948434	-0.98	0.98	-0.98
0.142994	-0.801132	-0.98	0.98	-0.98
-0.927357	-0.784274	-0.98	0.98	-0.98
-0.557176	-0.676446	-0.98	0.98	-0.98
0.548492	-0.995248	-0.98	0.98	-0.98
-0.772704	0.089265	-0.98	0.98	-0.98
-0.866601	0.341784	-0.98	0.98	-0.98
0.690593	-0.890189	-0.98	0.98	-0.98
-0.674559	-0.926613	-0.98	0.98	-0.98
-0.441573	-0.561031	-0.98	0.98	-0.98
-0.842843	0.398810	-0.98	0.98	-0.98
-0.705286	-0.021894	-0.98	0.98	-0.98
-0.745394	-0.744438	-0.98	0.98	-0.98
0.663393	-0.857905	-0.98	0.98	-0.98
0.743130	0.438034	-0.98	0.98	-0.98
0.862588	0.420128	-0.98	0.98	-0.98
-0.639740	0.955459	-0.98	0.98	-0.98
0.529865	0.700580	-0.98	0.98	-0.98
0.550641	-0.815912	-0.98	0.98	-0.98
-0.763287	0.594794	-0.98	0.98	-0.98
0.701337	0.571014	-0.98	0.98	-0.98
0.489252	0.864377	-0.98	0.98	-0.98
0.924957	-0.361913	-0.98	0.98	-0.98
0.642693	-0.963562	-0.98	0.98	-0.98
-0.648419	0.696086	-0.98	0.98	-0.98
-0.882830	-0.604331	-0.98	0.98	-0.98
0.598696	-0.653209	-0.98	0.98	-0.98
-0.581699	0.866509	-0.98	0.98	-0.98
-0.874432	-0.454973	-0.98	0.98	-0.98
0.995536	0.475075	-0.98	0.98	-0.98
-0.362226	0.698727	-0.98	0.98	-0.98
-0.705271	0.815659	-0.98	0.98	-0.98
0.627707	-0.606535	-0.98	0.98	-0.98
0.345482	-0.725488	-0.98	0.98	-0.98
0.933540	-0.952948	-0.98	0.98	-0.98
-0.418818	0.773046	-0.98	0.98	-0.98
-0.632247	-0.867130	-0.98	0.98	-0.98
0.613883	-0.717350	-0.98	0.98	-0.98
0.877746	-0.818565	-0.98	0.98	-0.98
0.345282	0.822328	-0.98	0.98	-0.98
0.925201	-0.286275	-0.98	0.98	-0.98
-0.496515	0.970904	-0.98	0.98	-0.98
0.802319	0.226371	-0.98	0.98	-0.98
-0.641928	0.631299	-0.98	0.98	-0.98
0.749513	-0.146174	-0.98	0.98	-0.98
-0.877678	-0.264295	-0.98	0.98	-0.98
-0.797983	0.690860	-0.98	0.98	-0.98
0.918811	-0.977353	-0.98	0.98	-0.98
-0.853872	0.930592	-0.98	0.98	-0.98
0.875525	0.436686	-0.98	0.98	-0.98
-0.966305	0.490604	-0.98	0.98	-0.98
0.549903	-0.591940	-0.98	0.98	-0.98
0.453307	0.878051	-0.98	0.98	-0.98
0.630855	-0.652953	-0.98	0.98	-0.98
-0.124640	-0.743333	-0.98	0.98	-0.98
-0.987113	-0.588885	-0.98	0.98	-0.98
0.319112	-0.869267	-0.98	0.98	-0.98
-0.884702	0.471604	-0.98	0.98	-0.98
-0.378196	-0.893433	-0.98	0.98	-0.98
-0.213110	0.745695	-0.98	0.98	-0.98
-0.977643	-0.046568	-0.98	0.98	-0.98
0.818196	-0.677999	-0.98	0.98	-0.98
0.396834	-0.714930	-0.98	0.98	-0.98
-0.981737	-0.424852	-0.98	0.98	-0.98
-0.788922	0.222016	-0.98	0.98	-0.98
-0.801407	-0.062685	-0.98	0.98	-0.98
0.305774	-0.935241	-0.98	0.98	-0.98
-0.427389	-0.866592	-0.98	0.98	-0.98
-0.960427	-0.518645	-0.98	0.98	-0.98
0.169933	-0.964004	-0.98	0.98	-0.98
-0.649374	-0.493715	-0.98	0.98	-0.98
0.975262	-0.097719	-0.98	0.98	-0.98
-0.374217	-0.639274	-0.98	0.98	-0.98
0.625356	-0.381318	-0.98	0.98	-0.98
0.599249	-0.759485	-0.98	0.98	-0.98
-0.688040	-0.504996	-0.98	0.98	-0.98
-0.871137	0.751589	-0.98	0.98	-0.98
0.450607	0.560548	-0.98	0.98	-0.98
-0.661317	0.742898	-0.98	0.98	-0.98
0.954564	-0.547828	-0.98	0.98	-0.98
0.899652	-0.471569	-0.98	0.98	-0.98
-0.275750	0.697918	-0.98	0.98	-0.98
0.873529	-0.036384	-0.98	0.98	-0.98
-0.345656	0.667487	-0.98	0.98	-0.98
0.547377	0.942062	-0.98	0.98	-0.98
0.278144	-0.882519	-0.98	0.98	-0.98
-0.641163	0.769885	-0.98	0.98	-0.98
0.501966	0.642007	-0.98	0.98	-0.98
-0.514040	0.533137	-0.98	0.98	-0.98
-0.989982	-0.531624	-0.98	0.98	-0.98
0.715305	0.005149	-0.98	0.98	-0.98
-0.947443	0.802530	-0.98	0.98	-0.98
-0.999773	0.494400	-0.98	0.98	-0.98
-0.923003	-0.342935	-0.98	0.98	-0.98
-0.975110	0.097726	-0.98	0.98	-0.98
0.191077	-0.973088	-0.98	0.98	-0.98
0.700699	0.410316	-0.98	0.98	-0.98
-0.940779	-0.584494	-0.98	0.98	-0.98
0.705114	0.394687	-0.98	0.98	-0.98
-0.938441	0.696633	-0.98	0.98	-0.98
0.693445	-0.639078	-0.98	0.98	-0.98
0.249602	0.981121	-0.98	0.98	-0.98
-0.953415	0.682840	-0.98	0.98	-0.98
-0.999872	-0.504298	-0.98	0.98	-0.98
-0.675149	0.244930	-0.98	0.98	-0.98
0.591003	0.430535	-0.98	0.98	-0.98
0.110665	0.762178	-0.98	0.98	-0.98
0.253831	0.818570	-0.98	0.98	-0.98
0.702308	0.379178	-0.98	0.98	-0.98
0.860554	0.332138	-0.98	0.98	-0.98
0.358101	-0.844847	-0.98	0.98	-0.98
-0.081466	0.759711	-0.98	0.98	-0.98
0.886594	-0.798377	-0.98	0.98	-0.98
0.040637	0.770910	-0.98	0.98	-0.98
-0.161902	0.829311	-0.98	0.98	-0.98
-0.916129	0.557898	-0.98	0.98	-0.98
0.574476	0.502514	-0.98	0.98	-0.98
-0.775389	0.496810	-0.98	0.98	-0.98
-0.819308	-0.199569	-0.98	0.98	-0.98
-0.548831	0.672278	-0.98	0.98	-0.98
0.845973	-0.971444	-0.98	0.98	-0.98
-0.867593	0.900079	-0.98	0.98	-0.98
-0.710794	0.473048	-0.98	0.98	-0.98
-0.331112	0.638571	-0.98	0.98	-0.98
0.820747	-0.232867	-0.98	0.98	-0.98
0.204146	-0.718896	-0.98	0.98	-0.98
0.866561	-0.972877	-0.98	0.98	-0.98
0.394507	-0.588773	-0.98	0.98	-0.98
-0.516757	-0.844471	-0.98	0.98	-0.98
0.622828	-0.594090	-0.98	0.98	-0.98
0.942949	-0.611143	-0.98	0.98	-0.98
0.646791	-0.445980	-0.98	0.98	-0.98
0.330950	-0.738103	-0.98	0.98	-0.98
0.691419	0.237898	-0.98	0.98	-0.98
-0.709802	0.198806	-0.98	0.98	-0.98
-0.922102	-0.776940	-0.98	0.98	-0.98
0.689520	-0.858697	-0.98	0.98	-0.98
0.862300	0.502657	-0.98	0.98	-0.98
-0.764191	-0.849195	-0.98	0.98	-0.98
0.543212	0.761374	-0.98	0.98	-0.98
0.890425	-0.664517	-0.98	0.98	-0.98
0.459736	-0.960513	-0.98	0.98	-0.98
-0.228685	0.768214	-0.98	0.98	-0.98
0.610628	-0.357907	-0.98	0.98	-0.98
0.782908	-0.431173	-0.98	0.98	-0.98
0.751542	0.085797	-0.98	0.98	-0.98
-0.752132	-0.973335	-0.98	0.98	-0.98
-0.701321	-0.470460	-0.98	0.98	-0.98
0.270062	-0.995494	-0.98	0.98	-0.98
-0.806727	0.322426	-0.98	0.98	-0.98
0.715258	0.520761	-0.98	0.98	-0.98
-0.870760	-0.742705	-0.98	0.98	-0.98
0.036320	-0.984979	-0.98	0.98	-0.98
0.142527	-0.753081	-0.98	0.98	-0.98
-0.844771	0.284074	-0.98	0.98	-0.98
0.946572	-0.138787	-0.98	0.98	-0.98
-0.242816	-0.956768	-0.98	0.98	-0.98
0.715567	-0.136462	-0.98	0.98	-0.98
-0.666367	-0.943560	-0.98	0.98	-0.98
0.789572	-0.591938	-0.98	0.98	-0.98
0.222058	-0.687777	-0.98	0.98	-0.98
-0.304338	-0.662004	-0.98	0.98	-0.98
-0.932546	0.641721	-0.98	0.98	-0.98
-0.997880	0.245178	-0.98	0.98	-0.98
0.649819	0.392265	-0.98	0.98	-0.98
-0.368529	-0.607413	-0.98	0.98	-0.98
-0.609585	-0.419484	-0.98	0.98	-0.98
-0.652537	-0.520346	-0.98	0.98	-0.98
0.981384	-0.805954	-0.98	0.98	-0.98
0.970051	-0.292268	-0.98	0.98	-0.98
0.293163	-0.896756	-0.98	0.98	-0.98
-0.911377	0.401163	-0.98	0.98	-0.98
-0.200982	-0.953838	-0.98	0.98	-0.98
0.171663	-0.916754	-0.98	0.98	-0.98
0.410541	-0.960430	-0.98	0.98	-0.98
-0.996991	-0.911334	-0.98	0.98	-0.98
-0.923333	0.931658	-0.98	0.98	-0.98
0.482931	-0.551097	-0.98	0.98	-0.98
0.328366	0.803319	-0.98	0.98	-0.98
-0.747072	0.602939	-0.98	0.98	-0.98
-0.701072	-0.255768	-0.98	0.98	-0.98
0.795301	-0.972766	-0.98	0.98	-0.98
-0.401522	0.970115	-0.98	0.98	-0.98
-0.152273	-0.766199	-0.98	0.98	-0.98
0.892337	-0.120739	-0.98	0.98	-0.98
-0.893459	-0.874738	-0.98	0.98	-0.98
0.236700	0.984280	-0.98	0.98	-0.98
-0.337196	0.641814	-0.98	0.98	-0.98
-0.788652	0.310089	-0.98	0.98	-0.98
-0.254755	-0.903233	-0.98	0.98	-0.98
-0.568560	-0.744739	-0.98	0.98	-0.98
0.960670	-0.963428	-0.98	0.98	-0.98
0.519251	0.569879	-0.98	0.98	-0.98
0.795603	-0.412221	-0.98	0.98	-0.98
-0.907922	0.980812	-0.98	0.98	-0.98
-0.007737	-0.366386	-0.98	0.98	-0.98
-0.008745	0.317176	-0.98	0.98	-0.98
-0.076994	0.148980	-0.98	0.98	-0.98
0.309158	-0.123080	-0.98	0.98	-0.98
0.257494	-0.190234	-0.98	0.98	-0.98
-0.293276	-0.194411	-0.98	0.98	-0.98
-0.330089	-0.033922	-0.98	0.98	-0.98
-0.359910	0.062620	-0.98	0.98	-0.98
-0.263071	0.153392	-0.98	0.98	-0.98
-0.073514	-0.053288	-0.98	0.98	-0.98
-0.209930	0.245669	-0.98	0.98	-0.98
-0.307438	-0.035305	-0.98	0.98	-0.98
0.244694	-0.254693	-0.98	0.98	-0.98
0.135774	0.266332	-0.98	0.98	-0.98
0.080071	-0.330665	-0.98	0.98	-0.98
0.170788	0.078081	-0.98	0.98	-0.98
0.108841	-0.205284	-0.98	0.98	-0.98
-0.196358	0.334427	-0.98	0.98	-0.98
0.109232	-0.331887	-0.98	0.98	-0.98
-0.232900	-0.277626	-0.98	0.98	-0.98
0.120163	0.033532	-0.98	0.98	-0.98
0.061610	0.025346	-0.98	0.98	-0.98
-0.370730	-0.103743	-0.98	0.98	-0.98
0.308432	-0.202530	-0.98	0.98	-0.98
0.268208	-0.177863	-0.98	0.98	-0.98
-0.150338	0.345106	-0.98	0.98	-0.98
0.122797	0.305139	-0.98	0.98	-0.98
0.005090	-0.177788	-0.98	0.98	-0.98
0.092534	0.088362	-0.98	0.98	-0.98
-0.028508	-0.325204	-0.98	0.98	-0.98
0.315138	-0.021498	-0.98	0.98	-0.98
0.118551	0.165285	-0.98	0.98	-0.98
0.397630	-0.033303	-0.98	0.98	-0.98
-0.152664	0.014582	-0.98	0.98	-0.98
0.372553	0.046217	-0.98	0.98	-0.98
-0.081355	0.303275	-0.98	0.98	-0.98
-0.063920	0.312943	-0.98	0.98	-0.98
-0.209221	-0.121663	-0.98	0.98	-0.98
0.031591	-0.204298	-0.98	0.98	-0.98
0.274858	0.102212	-0.98	0.98	-0.98
0.199867	0.269995	-0.98	0.98	-0.98
0.008408	-0.215503	-0.98	0.98	-0.98
-0.315149	0.002542	-0.98	0.98	-0.98
-0.179223	-0.105403	-0.98	0.98	-0.98
-0.121674	0.374098	-0.98	0.98	-0.98
-0.388383	0.046758	-0.98	0.98	-0.98
0.184045	-0.264150	-0.98	0.98	-0.98
0.012944	0.101379	-0.98	0.98	-0.98
0.220546	0.024888	-0.98	0.98	-0.98
0.267220	0.001448	-0.98	0.98	-0.98
0.271648	0.273644	-0.98	0.98	-0.98
-0.348187	-0.114584	-0.98	0.98	-0.98
-0.234688	0.069233	-0.98	0.98	-0.98
-0.186857	0.031470	-0.98	0.98	-0.98
0.152757	-0.295557	-0.98	0.98	-0.98
-0.114982	-0.207687	-0.98	0.98	-0.98
0.201289	-0.232699	-0.98	0.98	-0.98
-0.114769	0.227404	-0.98	0.98	-0.98
-0.361997	0.026790	-0.98	0.98	-0.98
-0.138549	0.239937	-0.98	0.98	-0.98
0.126788	-0.312825	-0.98	0.98	-0.98
-0.328114	0.021454	-0.98	0.98	-0.98
0.048497	-0.239928	-0.98	0.98	-0.98
0.381924	0.099576	-0.98	0.98	-0.98
0.109926	0.108923	-0.98	0.98	-0.98
0.108750	0.128259	-0.98	0.98	-0.98
-0.088879	0.170411	-0.98	0.98	-0.98
0.165030	-0.316693	-0.98	0.98	-0.98
-0.162194	-0.182635	-0.98	0.98	-0.98
-0.248563	-0.219466	-0.98	0.98	-0.98
0.201912	0.217170	-0.98	0.98	-0.98
0.142013	-0.332679	-0.98	0.98	-0.98
0.165654	0.028776	-0.98	0.98	-0.98
-0.227940	-0.219722	-0.98	0.98	-0.98
-0.115980	0.337725	-0.98	0.98	-0.98
0.046581	-0.261995	-0.98	0.98	-0.98
0.225316	0.216494	-0.98	0.98	-0.98
0.299657	-0.228793	-0.98	0.98	-0.98
0.055156	0.261636	-0.98	0.98	-0.98
0.332264	0.006270	-0.98	0.98	-0.98
-0.137660	0.011634	-0.98	0.98	-0.98
0.277972	0.136180	-0.98	0.98	-0.98
-0.103143	-0.218332	-0.98	0.98	-0.98
0.105144	0.079257	-0.98	0.98	-0.98
0.160801	0.110399	-0.98	0.98	-0.98
-0.129714	0.378045	-0.98	0.98	-0.98
-0.354835	-0.156036	-0.98	0.98	-0.98
0.053823	0.239345	-0.98	0.98	-0.98
-0.030499	-0.322128	-0.98	0.98	-0.98
-0.203525	-0.312346	-0.98	0.98	-0.98
0.376567	-0.001894	-0.98	0.98	-0.98
-0.242349	0.171006	-0.98	0.98	-0.98
0.206330	-0.040145	-0.98	0.98	-0.98
0.246217	0.192262	-0.98	0.98	-0.98
0.083902	0.314100	-0.98	0.98	-0.98
-0.033330	-0.394081	-0.98	0.98	-0.98
0.106804	0.298951	-0.98	0.98	-0.98
-0.360199	0.074176	-0.98	0.98	-0.98
0.221118	-0.028228	-0.98	0.98	-0.98
-0.182038	0.264097	-0.98	0.98	-0.98
0.150460	-0.016792	-0.98	0.98	-0.98
-0.172595	-0.157346	-0.98	0.98	-0.98
-0.387059	-0.002644	-0.98	0.98	-0.98
0.207784	0.131851	-0.98	0.98	-0.98
-0.116719	0.017789	-0.98	0.98	-0.98
0.183536	0.211113	-0.98	0.98	-0.98
-0.052161	-0.289478	-0.98	0.98	-0.98
-0.354837	-0.049428	-0.98	0.98	-0.98
0.354747	-0.034678	-0.98	0.98	-0.98
-0.255893	-0.040035	-0.98	0.98	-0.98
0.371261	0.036216	-0.98	0.98	-0.98
-0.215326	-0.040028	-0.98	0.98	-0.98
-0.094199	-0.263422	-0.98	0.98	-0.98
-0.336925	-0.087238	-0.98	0.98	-0.98
0.264104	-0.256308	-0.98	0.98	-0.98
0.030347	-0.012196	-0.98	0.98	-0.98
0.205821	-0.173936	-0.98	0.98	-0.98
-0.000975	-0.218621	-0.98	0.98	-0.98
0.103160	-0.181575	-0.98	0.98	-0.98
0.330283	0.119345	-0.98	0.98	-0.98
0.239073	-0.047138	-0.98	0.98	-0.98
0.036148	-0.217389	-0.98	0.98	-0.98
0.289525	0.244781	-0.98	0.98	-0.98
0.249734	0.028301	-0.98	0.98	-0.98
-0.240423	-0.097849	-0.98	0.98	-0.98
0.001767	-0.370663	-0.98	0.98	-0.98
-0.071495	0.311632	-0.98	0.98	-0.98
0.227904	0.083743	-0.98	0.98	-0.98
-0.068531	0.036839	-0.98	0.98	-0.98
-0.055173	-0.142225	-0.98	0.98	-0.98
-0.365768	-0.077219	-0.98	0.98	-0.98
-0.183885	-0.336023	-0.98	0.98	-0.98
0.212433	0.073525	-0.98	0.98	-0.98
0.338540	0.023366	-0.98	0.98	-0.98
0.306532	-0.012651	-0.98	0.98	-0.98
-0.271964	0.201482	-0.98	0.98	-0.98
0.011076	-0.104238	-0.98	0.98	-0.98
-0.041250	-0.269104	-0.98	0.98	-0.98
0.097187	-0.240160	-0.98	0.98	-0.98
-0.054820	0.023675	-0.98	0.98	-0.98
0.314308	-0.021563	-0.98	0.98	-0.98
0.123062	-0.307751	-0.98	0.98	-0.98
0.184298	-0.162691	-0.98	0.98	-0.98
-0.085636	-0.320120	-0.98	0.98	-0.98
-0.161046	-0.094930	-0.98	0.98	-0.98
-0.378240	0.019615	-0.98	0.98	-0.98
-0.235132	-0.048075	-0.98	0.98	-0.98
-0.129003	0.027366	-0.98	0.98	-0.98
-0.139351	-0.099316	-0.98	0.98	-0.98
0.010070	0.007088	-0.98	0.98	-0.98
-0.229048	-0.030190	-0.98	0.98	-0.98
-0.172939	0.218461	-0.98	0.98	-0.98
-0.216751	-0.184926	-0.98	0.98	-0.98
0.033501	0.084976	-0.98	0.98	-0.98
-0.252110	0.109645	-0.98	0.98	-0.98
0.136623	0.134593	-0.98	0.98	-0.98
-0.239861	0.096705	-0.98	0.98	-0.98
0.244387	0.262401	-0.98	0.98	-0.98
0.247576	0.190942	-0.98	0.98	-0.98
0.217029	0.043270	-0.98	0.98	-0.98
-0.200673	-0.077932	-0.98	0.98	-0.98
-0.266769	-0.116540	-0.98	0.98	-0.98
-0.088002	-0.300202	-0.98	0.98	-0.98
-0.289040	-0.004256	-0.98	0.98	-0.98
-0.152574	-0.078343	-0.98	0.98	-0.98
-0.069524	-0.234499	-0.98	0.98	-0.98
0.178400	-0.176390	-0.98	0.98	-0.98
0.243685	0.208418	-0.98	0.98	-0.98
0.374156	-0.020362	-0.98	0.98	-0.98
0.053143	-0.346853	-0.98	0.98	-0.98
0.129552	0.183897	-0.98	0.98	-0.98
-0.142668	0.047231	-0.98	0.98	-0.98
0.388306	0.063771	-0.98	0.98	-0.98
-0.137198	0.103968	-0.98	0.98	-0.98
0.017238	-0.068862	-0.98	0.98	-0.98
-0.125796	0.024659	-0.98	0.98	-0.98
0.241244	-0.293434	-0.98	0.98	-0.98
0.196505	0.149227	-0.98	0.98	-0.98
-0.265939	-0.221351	-0.98	0.98	-0.98
-0.297479	-0.146573	-0.98	0.98	-0.98
-0.135450	0.263554	-0.98	0.98	-0.98
-0.085108	-0.032150	-0.98	0.98	-0.98
-0.323034	-0.154044	-0.98	0.98	-0.98
-0.122466	0.216251	-0.98	0.98	-0.98
0.216371	0.201132	-0.98	0.98	-0.98
0.070548	-0.241709	-0.98	0.98	-0.98
0.097838	-0.078726	-0.98	0.98	-0.98
-0.370307	0.059235	-0.98	0.98	-0.98
0.107075	0.056342	-0.98	0.98	-0.98
0.030182	0.031049	-0.98	0.98	-0.98
0.093059	0.034255	-0.98	0.98	-0.98
-0.139485	0.252097	-0.98	0.98	-0.98
-0.340332	-0.003445	-0.98	0.98	-0.98
-0.324834	-0.206196	-0.98	0.98	-0.98
-0.068140	0.112784	-0.98	0.98	-0.98
0.075104	0.023095	-0.98	0.98	-0.98
-0.338538	-0.119083	-0.98	0.98	-0.98
-0.289306	0.240898	-0.98	0.98	-0.98
-0.176829	0.243642	-0.98	0.98	-0.98
0.333558	0.175991	-0.98	0.98	-0.98
0.006512	0.233278	-0.98	0.98	-0.98
-0.334771	0.056950	-0.98	0.98	-0.98
0.200578	0.275591	-0.98	0.98	-0.98
0.384218	0.101238	-0.98	0.98	-0.98
0.286531	-0.096114	-0.98	0.98	-0.98
-0.206081	0.335247	-0.98	0.98	-0.98
0.208550	-0.122229	-0.98	0.98	-0.98
-0.275420	-0.074594	-0.98	0.98	-0.98
-0.059063	-0.379580	-0.98	0.98	-0.98
0.156349	0.242254	-0.98	0.98	-0.98
0.255411	0.072951	-0.98	0.98	-0.98
-0.344275	-0.111865	-0.98	0.98	-0.98
0.112074	0.169460	-0.98	0.98	-0.98
-0.033858	-0.166630	-0.98	0.98	-0.98
0.194679	-0.332927	-0.98	0.98	-0.98
0.365793	-0.070266	-0.98	0.98	-0.98
0.154661	-0.350155	-0.98	0.98	-0.98
-0.010834	0.294872	-0.98	0.98	-0.98
-0.174330	0.003380	-0.98	0.98	-0.98
-0.346378	-0.106367	-0.98	0.98	-0.98
0.045592	0.117866	-0.98	0.98	-0.98
-0.240989	0.108773	-0.98	0.98	-0.98
-0.257245	-0.095305	-0.98	0.98	-0.98
0.102961	-0.013457	-0.98	0.98	-0.98
0.089294	-0.328246	-0.98	0.98	-0.98
-0.072801	-0.021366	-0.98	0.98	-0.98
-0.220133	0.062818	-0.98	0.98	-0.98
-0.234067	-0.079965	-0.98	0.98	-0.98
0.103889	-0.380219	-0.98	0.98	-0.98
-0.322340	0.231758	-0.98	0.98	-0.98
0.195296	-0.126422	-0.98	0.98	-0.98
-0.098310	0.016868	-0.98	0.98	-0.98
0.121071	0.237510	-0.98	0.98	-0.98
-0.296057	0.218971	-0.98	0.98	-0.98
-0.097881	-0.141951	-0.98	0.98	-0.98
-0.102933	-0.273666	-0.98	0.98	-0.98
-0.054612	0.032975	-0.98	0.98	-0.98
0.287890	0.131076	-0.98	0.98	-0.98
0.049348	-0.204764	-0.98	0.98	-0.98
0.065749	-0.271879	-0.98	0.98	-0.98
-0.266148	0.093500	-0.98	0.98	-0.98
-0.003903	-0.335996	-0.98	0.98	-0.98
0.194417	0.106102	-0.98	0.98	-0.98
0.011400	0.095253	-0.98	0.98	-0.98
-0.098801	-0.237010	-0.98	0.98	-0.98
-0.130582	-0.254602	-0.98	0.98	-0.98
-0.005106	0.113997	-0.98	0.98	-0.98
0.036909	-0.338548	-0.98	0.98	-0.98
0.119648	-0.323073	-0.98	0.98	-0.98
0.082281	-0.051939	-0.98	0.98	-0.98
0.221867	0.111690	-0.98	0.98	-0.98
0.130938	0.031224	-0.98	0.98	-0.98
0.268777	-0.179807	-0.98	0.98	-0.98
0.379542	-0.055577	-0.98	0.98	-0.98
-0.121866	-0.108422	-0.98	0.98	-0.98
0.237578	0.051633	-0.98	0.98	-0.98
-0.318906	0.141542	-0.98	0.98	-0.98
0.142446	0.105405	-0.98	0.98	-0.98
-0.122388	0.142707	-0.98	0.98	-0.98
0.258149	0.117540	-0.98	0.98	-0.98
0.073684	0.186160	-0.98	0.98	-0.98
-0.176687	-0.065756	-0.98	0.98	-0.98
-0.017504	-0.017574	-0.98	0.98	-0.98
0.382456	-0.041637	-0.98	0.98	-0.98
-0.127498	-0.070395	-0.98	0.98	-0.98
0.228863	-0.121858	-0.98	0.98	-0.98
-0.198082	0.214330	-0.98	0.98	-0.98
-0.159135	0.355830	-0.98	0.98	-0.98
0.028888	-0.186905	-0.98	0.98	-0.98
-0.236804	-0.149736	-0.98	0.98	-0.98
0.146954	0.146326	-0.98	0.98	-0.98
0.098280	-0.183798	-0.98	0.98	-0.98
0.252491	0.197681	-0.98	0.98	-0.98
-0.030474	0.327814	-0.98	0.98	-0.98
-0.066557	-0.298619	-0.98	0.98	-0.98
0.116905	-0.294336	-0.98	0.98	-0.98
0.030034	-0.173331	-0.98	0.98	-0.98
0.241448	-0.289256	-0.98	0.98	-0.98
-0.263661	0.001582	-0.98	0.98	-0.98
0.397703	-0.023014	-0.98	0.98	-0.98
-0.140612	-0.211945	-0.98	0.98	-0.98
-0.198593	0.159041	-0.98	0.98	-0.98
-0.317685	0.206655	-0.98	0.98	-0.98
0.365861	0.125577	-0.98	0.98	-0.98
-0.340999	0.115280	-0.98	0.98	-0.98
0.247690	-0.042981	-0.98	0.98	-0.98
-0.043319	-0.046936	-0.98	0.98	-0.98
0.305324	0.132672	-0.98	0.98	-0.98
-0.225604	-0.105193	-0.98	0.98	-0.98
0.117477	-0.261285	-0.98	0.98	-0.98
0.104350	0.368893	-0.98	0.98	-0.98
0.297295	-0.227854	-0.98	0.98	-0.98
0.272064	-0.059717	-0.98	0.98	-0.98
0.236814	-0.103575	-0.98	0.98	-0.98
0.381731	0.037152	-0.98	0.98	-0.98
0.234134	-0.021095	-0.98	0.98	-0.98
-0.028494	-0.075271	-0.98	0.98	-0.98
-0.034012	-0.073012	-0.98	0.98	-0.98
0.096570	0.294404	-0.98	0.98	-0.98
0.203866	-0.143475	-0.98	0.98	-0.98
-0.100531	0.354394	-0.98	0.98	-0.98
-0.139022	0.355081	-0.98	0.98	-0.98
0.159923	-0.215074	-0.98	0.98	-0.98
-0.025881	-0.193341	-0.98	0.98	-0.98
0.163612	-0.015836	-0.98	0.98	-0.98
0.068702	-0.056603	-0.98	0.98	-0.98
0.057744	-0.183794	-0.98	0.98	-0.98
-0.373489	-0.013353	-0.98	0.98	-0.98
0.107563	0.142283	-0.98	0.98	-0.98
0.328259	0.130970	-0.98	0.98	-0.98
-0.284970	0.036208	-0.98	0.98	-0.98
-0.086269	0.284584	-0.98	0.98	-0.98
0.045949	0.343879	-0.98	0.98	-0.98
-0.028217	0.022245	-0.98	0.98	-0.98
-0.191899	0.070367	-0.98	0.98	-0.98
-0.052238	-0.393761	-0.98	0.98	-0.98
-0.298179	0.014441	-0.98	0.98	-0.98
0.049446	-0.012023	-0.98	0.98	-0.98
-0.353161	0.049049	-0.98	0.98	-0.98
0.149950	-0.004984	-0.98	0.98	-0.98
0.057078	-0.102455	-0.98	0.98	-0.98
0.214000	-0.245634	-0.98	0.98	-0.98
-0.336050	-0.005865	-0.98	0.98	-0.98
-0.056742	-0.173164	-0.98	0.98	-0.98
0.035115	0.013217	-0.98	0.98	-0.98
-0.308143	-0.205149	-0.98	0.98	-0.98
0.394868	0.028865	-0.98	0.98	-0.98
0.099094	-0.097005	-0.98	0.98	-0.98
0.331974	-0.025101	-0.98	0.98	-0.98
0.314201	0.239679	-0.98	0.98	-0.98
-0.064105	-0.048313	-0.98	0.98	-0.98
-0.119683	0.094532	-0.98	0.98	-0.98
0.107931	0.002410	-0.98	0.98	-0.98
0.058446	0.221516	-0.98	0.98	-0.98
0.043640	-0.334877	-0.98	0.98	-0.98
0.228217	0.171996	-0.98	0.98	-0.98
-0.393044	0.018199	-0.98	0.98	-0.98
0.362403	-0.098957	-0.98	0.98	-0.98
0.246986	-0.127694	-0.98	0.98	-0.98
0.169422	-0.009903	-0.98	0.98	-0.98
0.113579	0.373478	-0.98	0.98	-0.98
0.306578	0.251182	-0.98	0.98	-0.98
0.041765	-0.291017	-0.98	0.98	-0.98
0.162027	-0.169159	-0.98	0.98	-0.98
0.020719	0.399401	-0.98	0.98	-0.98
0.088679	-0.013228	-0.98	0.98	-0.98
0.257684	0.049619	-0.98	0.98	-0.98
-0.080959	-0.319292	-0.98	0.98	-0.98
-0.292303	-0.224732	-0.98	0.98	-0.98
0.002543	-0.028351	-0.98	0.98	-0.98
-0.300016	-0.229025	-0.98	0.98	-0.98
-0.252686	-0.168898	-0.98	0.98	-0.98
0.003788	0.101364	-0.98	0.98	-0.98
-0.063175	0.339963	-0.98	0.98	-0.98
0.238229	0.020478	-0.98	0.98	-0.98
0.380345	-0.103514	-0.98	0.98	-0.98
-0.205872	-0.174128	-0.98	0.98	-0.98
-0.165700	-0.348613	-0.98	0.98	-0.98
-0.295292	0.106157	-0.98	0.98	-0.98
-0.077023	-0.184613	-0.98	0.98	-0.98
0.100726	-0.153322	-0.98	0.98	-0.98
-0.022912	-0.288786	-0.98	0.98	-0.98
0.207734	0.101486	-0.98	0.98	-0.98
-0.146609	-0.062999	-0.98	0.98	-0.98
-0.235322	0.145616	-0.98	0.98	-0.98
0.230505	0.256346	-0.98	0.98	-0.98
-0.114738	0.025840	-0.98	0.98	-0.98
0.092552	0.106677	-0.98	0.98	-0.98
0.258565	0.193018	-0.98	0.98	-0.98
0.184503	-0.304362	-0.98	0.98	-0.98
-0.036937	0.217572	-0.98	0.98	-0.98
0.076006	-0.174206	-0.98	0.98	-0.98
-0.313817	0.229712	-0.98	0.98	-0.98
0.122469	0.264457	-0.98	0.98	-0.98
-0.248058	-0.221757	-0.98	0.98	-0.98
-0.042761	-0.042001	-0.98	0.98	-0.98
0.046033	-0.218285	-0.98	0.98	-0.98
0.109902	0.355714	-0.98	0.98	-0.98
-0.277150	0.277287	-0.98	0.98	-0.98
-0.292265	0.110870	-0.98	0.98	-0.98
0.194293	0.275972	-0.98	0.98	-0.98
-0.024667	0.030468	-0.98	0.98	-0.98
0.207570	0.125311	-0.98	0.98	-0.98
-0.019624	-0.295234	-0.98	0.98	-0.98
0.193351	0.192861	-0.98	0.98	-0.98
-0.317720	0.160100	-0.98	0.98	-0.98
-0.057528	0.041309	-0.98	0.98	-0.98
-0.077805	-0.371782	-0.98	0.98	-0.98
-0.252628	0.148387	-0.98	0.98	-0.98
-0.115223	0.361379	-0.98	0.98	-0.98
-0.211842	0.033755	-0.98	0.98	-0.98
0.216990	0.245246	-0.98	0.98	-0.98
-0.039387	0.048769	-0.98	0.98	-0.98
0.224435	-0.069149	-0.98	0.98	-0.98
-0.259726	-0.154292	-0.98	0.98	-0.98
0.151830	0.019566	-0.98	0.98	-0.98
-0.262926	-0.186787	-0.98	0.98	-0.98
-0.137954	-0.211339	-0.98	0.98	-0.98
-0.157072	-0.363898	-0.98	0.98	-0.98
-0.296607	-0.241836	-0.98	0.98	-0.98
0.187205	-0.150880	-0.98	0.98	-0.98
-0.217801	-0.110357	-0.98	0.98	-0.98
-0.239593	-0.123796	-0.98	0.98	-0.98
0.214037	-0.272153	-0.98	0.98	-0.98
0.044169	-0.231722	-0.98	0.98	-0.98
-0.255243	0.188122	-0.98	0.98	-0.98
0.011604	0.225709	-0.98	0.98	-0.98
0.124070	0.356685	-0.98	0.98	-0.98
0.171046	-0.213613	-0.98	0.98	-0.98
-0.175886	-0.019280	-0.98	0.98	-0.98
-0.208945	-0.241186	-0.98	0.98	-0.98
-0.295831	0.239066	-0.98	0.98	-0.98
0.206496	-0.051607	-0.98	0.98	-0.98
-0.046730	-0.147833	-0.98	0.98	-0.98
0.041357	0.382464	-0.98	0.98	-0.98
0.089172	0.052154	-0.98	0.98	-0.98
0.209259	-0.307235	-0.98	0.98	-0.98
0.192740	0.277063	-0.98	0.98	-0.98
0.243546	-0.193186	-0.98	0.98	-0.98
-0.134579	0.136830	-0.98	0.98	-0.98
0.151076	0.221483	-0.98	0.98	-0.98
0.201639	-0.094397	-0.98	0.98	-0.98
0.072965	-0.194623	-0.98	0.98	-0.98
-0.117619	0.372421	-0.98	0.98	-0.98
-0.087006	0.047154	-0.98	0.98	-0.98
-0.246483	-0.200654	-0.98	0.98	-0.98
-0.083539	-0.000531	-0.98	0.98	-0.98
-0.230652	0.256075	-0.98	0.98	-0.98
0.378349	0.092053	-0.98	0.98	-0.98
0.067928	-0.254440	-0.98	0.98	-0.98
-0.174873	0.293330	-0.98	0.98	-0.98
-0.099803	0.262093	-0.98	0.98	-0.98
-0.024462	-0.244030	-0.98	0.98	-0.98
0.034604	-0.221839	-0.98	0.98	-0.98
0.302564	-0.114225	-0.98	0.98	-0.98
0.008008	0.370629	-0.98	0.98	-0.98
0.051174	-0.073323	-0.98	0.98	-0.98
-0.082349	0.127460	-0.98	0.98	-0.98
0.087957	0.268863	-0.98	0.98	-0.98
-0.067090	0.326589	-0.98	0.98	-0.98
-0.006985	0.168228	-0.98	0.98	-0.98
-0.292359	-0.019587	-0.98	0.98	-0.98
-0.000265	-0.284314	-0.98	0.98	-0.98
-0.180149	-0.175186	-0.98	0.98	-0.98
-0.140105	0.364872	-0.98	0.98	-0.98
-0.153812	0.351502	-0.98	0.98	-0.98
0.030684	0.121156	-0.98	0.98	-0.98
0.153305	-0.138464	-0.98	0.98	-0.98
-0.331031	-0.188626	-0.98	0.98	-0.98
-0.120285	-0.261521	-0.98	0.98	-0.98
0.097480	0.308451	-0.98	0.98	-0.98
-0.045984	0.268972	-0.98	0.98	-0.98
0.231461	-0.214497	-0.98	0.98	-0.98
-0.111200	0.157412	-0.98	0.98	-0.98
-0.222706	-0.031675	-0.98	0.98	-0.98
-0.248495	0.251121	-0.98	0.98	-0.98
-0.010106	-0.236034	-0.98	0.98	-0.98
0.188676	-0.306264	-0.98	0.98	-0.98
-0.132875	-0.248654	-0.98	0.98	-0.98
-0.083399	-0.226192	-0.98	0.98	-0.98
-0.228314	-0.103896	-0.98	0.98	-0.98
0.072189	0.389759	-0.98	0.98	-0.98
-0.260344	-0.224752	-0.98	0.98	-0.98
0.348885	0.085265	-0.98	0.98	-0.98
0.090095	-0.174562	-0.98	0.98	-0.98
0.098487	0.127901	-0.98	0.98	-0.98
-0.091739	-0.056405	-0.98	0.98	-0.98
-0.054410	0.251241	-0.98	0.98	-0.98
-0.299416	-0.163967	-0.98	0.98	-0.98
-0.066065	-0.036381	-0.98	0.98	-0.98
0.130983	0.167144	-0.98	0.98	-0.98
-0.354579	0.125436	-0.98	0.98	-0.98
0.143787	0.037768	-0.98	0.98	-0.98
0.192366	0.167489	-0.98	0.98	-0.98
-0.395156	0.056763	-0.98	0.98	-0.98
0.108548	-0.224053	-0.98	0.98	-0.98
0.078288	0.198670	-0.98	0.98	-0.98
-0.059503	-0.091943	-0.98	0.98	-0.98
-0.010139	-0.186083	-0.98	0.98	-0.98
0.207968	0.195436	-0.98	0.98	-0.98
0.269324	0.276345	-0.98	0.98	-0.98
-0.130887	0.286813	-0.98	0.98	-0.98
-0.322321	0.004368	-0.98	0.98	-0.98
0.251103	0.032763	-0.98	0.98	-0.98
0.310556	0.030197	-0.98	0.98	-0.98
0.171618	-0.015336	-0.98	0.98	-0.98
0.241895	-0.221227	-0.98	0.98	-0.98
0.117126	-0.331824	-0.98	0.98	-0.98
-0.297847	-0.244885	-0.98	0.98	-0.98
-0.087217	-0.130304	-0.98	0.98	-0.98
0.055686	-0.048636	-0.98	0.98	-0.98
0.263981	-0.019731	-0.98	0.98	-0.98
-0.025926	0.149739	-0.98	0.98	-0.98
-0.005153	0.068299	-0.98	0.98	-0.98
0.014395	-0.293895	-0.98	0.98	-0.98
0.144148	0.121423	-0.98	0.98	-0.98
-0.319965	-0.024811	-0.98	0.98	-0.98
0.075438	0.235079	-0.98	0.98	-0.98
0.338947	-0.052499	-0.98	0.98	-0.98
0.355905	0.021803	-0.98	0.98	-0.98
0.320045	0.041600	-0.98	0.98	-0.98
-0.136969	-0.308061	-0.98	0.98	-0.98
0.059043	0.099169	-0.98	0.98	-0.98
0.001077	-0.273196	-0.98	0.98	-0.98
0.009635	-0.312439	-0.98	0.98	-0.98
-0.091407	0.271196	-0.98	0.98	-0.98
-0.132745	0.272650	-0.98	0.98	-0.98
0.280041	-0.126689	-0.98	0.98	-0.98
0.005158	0.087730	-0.98	0.98	-0.98
-0.125780	0.083014	-0.98	0.98	-0.98
0.209421	-0.292844	-0.98	0.98	-0.98
-0.046296	0.332863	-0.98	0.98	-0.98
0.175106	0.146265	-0.98	0.98	-0.98
-0.252413	0.021471	-0.98	0.98	-0.98
-0.122040	0.355102	-0.98	0.98	-0.98
0.051647	0.209407	-0.98	0.98	-0.98
-0.014234	-0.267051	-0.98	0.98	-0.98
-0.081999	0.353088	-0.98	0.98	-0.98
0.175616	0.285782	-0.98	0.98	-0.98
0.142887	0.027222	-0.98	0.98	-0.98
0.264244	-0.298121	-0.98	0.98	-0.98
-0.351298	0.043028	-0.98	0.98	-0.98
0.347366	0.086849	-0.98	0.98	-0.98
0.051333	0.199579	-0.98	0.98	-0.98
-0.221188	-0.317382	-0.98	0.98	-0.98
-0.012499	0.261520	-0.98	0.98	-0.98
0.086342	0.035866	-0.98	0.98	-0.98
-0.043718	0.144477	-0.98	0.98	-0.98
0.018661	0.397063	-0.98	0.98	-0.98
0.194575	-0.025250	-0.98	0.98	-0.98
0.100170	0.264078	-0.98	0.98	-0.98
0.262015	-0.138033	-0.98	0.98	-0.98
-0.132139	0.231196	-0.98	0.98	-0.98
0.246172	0.047756	-0.98	0.98	-0.98
0.277685	0.126664	-0.98	0.98	-0.98
0.247521	-0.183395	-0.98	0.98	-0.98
-0.217431	-0.165584	-0.98	0.98	-0.98
-0.093112	0.169133	-0.98	0.98	-0.98
-0.014586	0.030432	-0.98	0.98	-0.98
0.264737	0.035002	-0.98	0.98	-0.98
-0.063357	0.170495	-0.98	0.98	-0.98
0.006621	-0.300980	-0.98	0.98	-0.98
-0.204371	0.195902	-0.98	0.98	-0.98
-0.343528	0.131663	-0.98	0.98	-0.98
-0.239755	0.293264	-0.98	0.98	-0.98
0.381971	-0.071000	-0.98	0.98	-0.98
-0.093357	0.241937	-0.98	0.98	-0.98
-0.160591	-0.030671	-0.98	0.98	-0.98
0.299746	-0.226604	-0.98	0.98	-0.98
0.332132	-0.125914	-0.98	0.98	-0.98
0.220506	0.028864	-0.98	0.98	-0.98
-0.198010	0.045022	-0.98	0.98	-0.98
-0.337770	-0.191838	-0.98	0.98	-0.98
-0.227657	0.057201	-0.98	0.98	-0.98
-0.126666	-0.053012	-0.98	0.98	-0.98
0.221939	-0.270310	-0.98	0.98	-0.98
0.283692	-0.201948	-0.98	0.98	-0.98
0.184807	-0.114205	-0.98	0.98	-0.98
-0.328589	0.219399	-0.98	0.98	-0.98
0.168417	-0.160266	-0.98	0.98	-0.98
-0.056016	-0.078269	-0.98	0.98	-0.98
-0.040726	0.228963	-0.98	0.98	-0.98
-0.241677	0.036045	-0.98	0.98	-0.98
0.373285	-0.026271	-0.98	0.98	-0.98
-0.245150	-0.162458	-0.98	0.98	-0.98
-0.029178	0.398131	-0.98	0.98	-0.98
0.016289	0.064576	-0.98	0.98	-0.98
-0.049923	-0.186240	-0.98	0.98	-0.98
0.133192	-0.181798	-0.98	0.98	-0.98
0.360530	0.110931	-0.98	0.98	-0.98
-0.147950	-0.365139	-0.98	0.98	-0.98
0.241257	-0.075956	-0.98	0.98	-0.98
-0.147972	-0.150172	-0.98	0.98	-0.98
0.305885	-0.152615	-0.98	0.98	-0.98
-0.068914	0.016590	-0.98	0.98	-0.98
0.248931	-0.077516	-0.98	0.98	-0.98
-0.184372	0.305044	-0.98	0.98	-0.98
-0.173337	0.272116	-0.98	0.98	-0.98
0.119624	0.311105	-0.98	0.98	-0.98
-0.009256	-0.121569	-0.98	0.98	-0.98
0.351862	0.025124	-0.98	0.98	-0.98
-0.047381	0.015081	-0.98	0.98	-0.98
0.212981	0.196187	-0.98	0.98	-0.98
-0.202145	-0.245133	-0.98	0.98	-0.98
0.317629	-0.063623	-0.98	0.98	-0.98
0.204936	0.069319	-0.98	0.98	-0.98
-0.295006	0.265162	-0.98	0.98	-0.98
-0.236707	0.270312	-0.98	0.98	-0.98
0.080689	-0.034951	-0.98	0.98	-0.98
0.060323	-0.130776	-0.98	0.98	-0.98
-0.204733	-0.047799	-0.98	0.98	-0.98
0.074835	-0.192414	-0.98	0.98	-0.98
-0.069338	0.064117	-0.98	0.98	-0.98
0.073402	0.070464	-0.98	0.98	-0.98
0.250095	0.073929	-0.98	0.98	-0.98
-0.070900	-0.057526	-0.98	0.98	-0.98
0.045003	-0.396070	-0.98	0.98	-0.98
0.036086	-0.277690	-0.98	0.98	-0.98
-0.005539	0.127957	-0.98	0.98	-0.98
0.218677	0.284486	-0.98	0.98	-0.98
0.049836	-0.344856	-0.98	0.98	-0.98
-0.083468	0.014641	-0.98	0.98	-0.98
0.221623	0.063175	-0.98	0.98	-0.98
-0.266448	-0.016396	-0.98	0.98	-0.98
0.129019	-0.148075	-0.98	0.98	-0.98
0.111221	0.245696	-0.98	0.98	-0.98
-0.167982	0.302974	-0.98	0.98	-0.98
0.150192	-0.084637	-0.98	0.98	-0.98
0.365394	-0.051542	-0.98	0.98	-0.98
0.145727	-0.041425	-0.98	0.98	-0.98
-0.316030	-0.212444	-0.98	0.98	-0.98
-0.136964	-0.096071	-0.98	0.98	-0.98
0.094912	0.049026	-0.98	0.98	-0.98
0.012551	-0.367840	-0.98	0.98	-0.98
-0.334630	0.080583	-0.98	0.98	-0.98
0.194549	-0.020066	-0.98	0.98	-0.98
0.181635	0.081375	-0.98	0.98	-0.98
0.154554	-0.048182	-0.98	0.98	-0.98
-0.244803	0.163340	-0.98	0.98	-0.98
0.128115	0.345764	-0.98	0.98	-0.98
0.366845	-0.057388	-0.98	0.98	-0.98
-0.163047	-0.206308	-0.98	0.98	-0.98
0.104636	0.301485	-0.98	0.98	-0.98
0.166559	0.072219	-0.98	0.98	-0.98
0.190217	0.033283	-0.98	0.98	-0.98
-0.013143	0.120320	-0.98	0.98	-0.98
-0.099765	-0.028021	-0.98	0.98	-0.98
-0.099131	0.149064	-0.98	0.98	-0.98
0.265740	-0.221967	-0.98	0.98	-0.98
-0.037419	-0.068748	-0.98	0.98	-0.98
-0.214847	0.184493	-0.98	0.98	-0.98
-0.182796	-0.302192	-0.98	0.98	-0.98
0.028443	-0.025919	-0.98	0.98	-0.98
0.095954	0.222176	-0.98	0.98	-0.98
0.303707	0.101501	-0.98	0.98	-0.98
0.043336	0.330000	-0.98	0.98	-0.98
0.161226	-0.106354	-0.98	0.98	-0.98
-0.319846	-0.000458	-0.98	0.98	-0.98
-0.201233	-0.268061	-0.98	0.98	-0.98
-0.155745	0.282559	-0.98	0.98	-0.98
-0.037264	-0.215810	-0.98	0.98	-0.98
-0.265114	0.204838	-0.98	0.98	-0.98
-0.173052	-0.307571	-0.98	0.98	-0.98
-0.310528	-0.219063	-0.98	0.98	-0.98
-0.110345	0.294492	-0.98	0.98	-0.98
-0.100473	-0.230567	-0.98	0.98	-0.98
0.365425	-0.161135	-0.98	0.98	-0.98
-0.329772	0.062142	-0.98	0.98	-0.98
0.299787	-0.240361	-0.98	0.98	-0.98
0.071395	0.120677	-0.98	0.98	-0.98
0.160230	0.315884	-0.98	0.98	-0.98
-0.195944	0.161559	-0.98	0.98	-0.98
-0.331131	-0.197981	-0.98	0.98	-0.98
-0.153154	0.328348	-0.98	0.98	-0.98
-0.116368	-0.146392	-0.98	0.98	-0.98
0.011301	0.299394	-0.98	0.98	-0.98
-0.100835	-0.385884	-0.98	0.98	-0.98
0.118437	-0.311417	-0.98	0.98	-0.98
-0.003940	0.224310	-0.98	0.98	-0.98
-0.227847	-0.033254	-0.98	0.98	-0.98
0.170695	-0.131377	-0.98	0.98	-0.98
0.338802	-0.122571	-0.98	0.98	-0.98
-0.255270	0.307810	-0.98	0.98	-0.98
0.100951	-0.256308	-0.98	0.98	-0.98
0.170876	-0.237286	-0.98	0.98	-0.98
-0.178096	0.261916	-0.98	0.98	-0.98
0.275440	-0.161055	-0.98	0.98	-0.98
-0.086818	-0.386312	-0.98	0.98	-0.98
0.153600	-0.256736	-0.98	0.98	-0.98
-0.245412	0.072899	-0.98	0.98	-0.98
-0.238867	-0.162074	-0.98	0.98	-0.98
0.375880	-0.122520	-0.98	0.98	-0.98
-0.043562	-0.257039	-0.98	0.98	-0.98
0.383830	-0.023776	-0.98	0.98	-0.98
0.300107	0.226826	-0.98	0.98	-0.98
0.022314	0.148818	-0.98	0.98	-0.98
-0.222263	-0.177965	-0.98	0.98	-0.98
0.018323	-0.060177	-0.98	0.98	-0.98
-0.203015	-0.159218	-0.98	0.98	-0.98
-0.251183	0.101009	-0.98	0.98	-0.98
0.015079	-0.239334	-0.98	0.98	-0.98
0.158188	0.285222	-0.98	0.98	-0.98
0.188476	0.159405	-0.98	0.98	-0.98
0.278658	-0.051393	-0.98	0.98	-0.98
-0.164615	-0.265968	-0.98	0.98	-0.98
-0.089025	0.315879	-0.98	0.98	-0.98
-0.278417	0.107936	-0.98	0.98	-0.98
0.008477	-0.358076	-0.98	0.98	-0.98
-0.002724	0.268270	-0.98	0.98	-0.98
0.242834	0.262119	-0.98	0.98	-0.98
-0.054984	-0.246100	-0.98	0.98	-0.98
0.233792	0.086145	-0.98	0.98	-0.98
0.160810	-0.215962	-0.98	0.98	-0.98
-0.154912	-0.103161	-0.98	0.98	-0.98
-0.050807	-0.389904	-0.98	0.98	-0.98
-0.075389	-0.009608	-0.98	0.98	-0.98
0.167316	0.188914	-0.98	0.98	-0.98
-0.238259	-0.011707	-0.98	0.98	-0.98
0.104927	0.042774	-0.98	0.98	-0.98
-0.292873	0.157805	-0.98	0.98	-0.98
0.375955	0.067932	-0.98	0.98	-0.98
0.085126	-0.217759	-0.98	0.98	-0.98
-0.257217	-0.283684	-0.98	0.98	-0.98
-0.296180	-0.217750	-0.98	0.98	-0.98
0.100457	-0.214459	-0.98	0.98	-0.98
-0.339411	-0.055163	-0.98	0.98	-0.98
-0.391103	0.006675	-0.98	0.98	-0.98
-0.150412	0.310818	-0.98	0.98	-0.98
0.104231	-0.149446	-0.98	0.98	-0.98
0.196358	-0.239036	-0.98	0.98	-0.98
-0.214036	-0.223329	-0.98	0.98	-0.98
-0.110186	-0.137931	-0.98	0.98	-0.98
-0.097594	-0.120154	-0.98	0.98	-0.98
0.209287	0.275976	-0.98	0.98	-0.98
0.177436	0.230281	-0.98	0.98	-0.98
-0.206605	0.030191	-0.98	0.98	-0.98
0.101274	-0.153236	-0.98	0.98	-0.98
0.370660	0.000017	-0.98	0.98	-0.98
0.298203	-0.217863	-0.98	0.98	-0.98
0.122068	0.258538	-0.98	0.98	-0.98
0.339957	-0.201055	-0.98	0.98	-0.98
-0.104644	-0.151817	-0.98	0.98	-0.98
-0.283265	-0.146846	-0.98	0.98	-0.98
0.319771	-0.149640	-0.98	0.98	-0.98
0.028512	-0.194362	-0.98	0.98	-0.98
0.120954	-0.100113	-0.98	0.98	-0.98
-0.177054	0.162178	-0.98	0.98	-0.98
0.189666	0.231993	-0.98	0.98	-0.98
0.015678	-0.108290	-0.98	0.98	-0.98
-0.098454	-0.122877	-0.98	0.98	-0.98
-0.330009	-0.072078	-0.98	0.98	-0.98
0.111545	-0.000583	-0.98	0.98	-0.98
-0.175332	-0.085126	-0.98	0.98	-0.98
0.005782	0.178154	-0.98	0.98	-0.98
0.216341	-0.071231	-0.98	0.98	-0.98
-0.078569	0.321426	-0.98	0.98	-0.98
-0.223232	-0.043315	-0.98	0.98	-0.98
-0.145416	-0.310746	-0.98	0.98	-0.98
0.288407	-0.247059	-0.98	0.98	-0.98
0.252830	0.027105	-0.98	0.98	-0.98
-0.196591	0.267759	-0.98	0.98	-0.98
0.250835	0.011235	-0.98	0.98	-0.98
0.336843	0.120596	-0.98	0.98	-0.98
0.184211	-0.097961	-0.98	0.98	-0.98
0.024079	0.274764	-0.98	0.98	-0.98
-0.325986	-0.134084	-0.98	0.98	-0.98
0.253570	0.047354	-0.98	0.98	-0.98
-0.167159	-0.214745	-0.98	0.98	-0.98
0.183393	0.016984	-0.98	0.98	-0.98
-0.208728	-0.176743	-0.98	0.98	-0.98
-0.314226	0.149240	-0.98	0.98	-0.98
0.029204	0.212018	-0.98	0.98	-0.98
-0.106676	-0.136113	-0.98	0.98	-0.98
0.145954	-0.169361	-0.98	0.98	-0.98
-0.305676	-0.043674	-0.98	0.98	-0.98
-0.105014	0.136185	-0.98	0.98	-0.98
0.317623	0.082489	-0.98	0.98	-0.98
-0.139443	0.173073	-0.98	0.98	-0.98
0.081295	-0.157590	-0.98	0.98	-0.98
0.016111	-0.363180	-0.98	0.98	-0.98
-0.033465	-0.289148	-0.98	0.98	-0.98
0.068280	0.152407	-0.98	0.98	-0.98
0.163158	0.260057	-0.98	0.98	-0.98
0.054951	0.270198	-0.98	0.98	-0.98
-0.279146	0.260200	-0.98	0.98	-0.98
0.166145	0.338528	-0.98	0.98	-0.98
-0.349853	-0.071399	-0.98	0.98	-0.98
0.152429	0.141293	-0.98	0.98	-0.98
-0.015122	-0.178637	-0.98	0.98	-0.98
-0.097111	-0.157234	-0.98	0.98	-0.98
0.099859	0.290557	-0.98	0.98	-0.98
-0.197239	0.295355	-0.98	0.98	-0.98
0.258939	-0.294219	-0.98	0.98	-0.98
-0.117043	0.270491	-0.98	0.98	-0.98
0.109546	0.331896	-0.98	0.98	-0.98
-0.099622	0.291909	-0.98	0.98	-0.98
-0.365452	-0.046321	-0.98	0.98	-0.98
-0.335499	0.017378	-0.98	0.98	-0.98
0.099531	-0.221321	-0.98	0.98	-0.98
-0.228643	-0.273210	-0.98	0.98	-0.98
-0.169226	0.318620	-0.98	0.98	-0.98
0.093211	-0.051999	-0.98	0.98	-0.98
-0.302015	-0.010238	-0.98	0.98	-0.98
0.204964	0.226942	-0.98	0.98	-0.98
-0.265783	0.241966	-0.98	0.98	-0.98
-0.200178	-0.306241	-0.98	0.98	-0.98
0.040138	0.241457	-0.98	0.98	-0.98
0.264739	0.219938	-0.98	0.98	-0.98
-0.155785	-0.021049	-0.98	0.98	-0.98
-0.056429	0.018638	-0.98	0.98	-0.98
-0.013384	0.338950	-0.98	0.98	-0.98
0.240369	-0.076540	-0.98	0.98	-0.98
-0.151132	-0.196319	-0.98	0.98	-0.98
0.025480	-0.216781	-0.98	0.98	-0.98
-0.012800	-0.120342	-0.98	0.98	-0.98
-0.305139	-0.194739	-0.98	0.98	-0.98
0.153803	-0.246666	-0.98	0.98	-0.98
0.397261	0.024031	-0.98	0.98	-0.98
0.039399	0.035822	-0.98	0.98	-0.98
-0.191847	-0.259688	-0.98	0.98	-0.98
-0.266969	-0.250106	-0.98	0.98	-0.98
-0.319375	0.104664	-0.98	0.98	-0.98
0.231147	-0.320634	-0.98	0.98	-0.98
-0.064881	0.016319	-0.98	0.98	-0.98
-0.274910	-0.116369	-0.98	0.98	-0.98
0.121101	0.218315	-0.98	0.98	-0.98
0.034313	0.086909	-0.98	0.98	-0.98
0.304665	-0.130921	-0.98	0.98	-0.98
-0.052755	0.388659	-0.98	0.98	-0.98
-0.073493	-0.329144	-0.98	0.98	-0.98
-0.179400	0.058267	-0.98	0.98	-0.98
0.230516	0.116952	-0.98	0.98	-0.98
-0.180328	-0.185975	-0.98	0.98	-0.98
-0.357212	-0.075557	-0.98	0.98	-0.98
0.372583	0.112704	-0.98	0.98	-0.98
-0.144722	0.035304	-0.98	0.98	-0.98
-0.206895	-0.179599	-0.98	0.98	-0.98
0.119664	-0.064156	-0.98	0.98	-0.98
0.251775	-0.227524	-0.98	0.98	-0.98
-0.113121	-0.148352	-0.98	0.98	-0.98
-0.248558	-0.306931	-0.98	0.98	-0.98
0.030582	0.219053	-0.98	0.98	-0.98
-0.161478	-0.006227	-0.98	0.98	-0.98
-0.088383	0.010318	-0.98	0.98	-0.98
0.158387	-0.006473	-0.98	0.98	-0.98
0.016029	0.117464	-0.98	0.98	-0.98
0.179303	0.132139	-0.98	0.98	-0.98
-0.388615	-0.081544	-0.98	0.98	-0.98
-0.244604	-0.210654	-0.98	0.98	-0.98
0.270546	-0.293139	-0.98	0.98	-0.98
-0.077789	0.074142	-0.98	0.98	-0.98
-0.163348	0.106932	-0.98	0.98	-0.98
0.299643	0.105873	-0.98	0.98	-0.98
-0.141108	-0.346685	-0.98	0.98	-0.98
-0.224385	-0.205844	-0.98	0.98	-0.98
0.205209	-0.090682	-0.98	0.98	-0.98
-0.021300	-0.289920	-0.98	0.98	-0.98
0.213763	-0.194948	-0.98	0.98	-0.98
-0.100011	-0.382039	-0.98	0.98	-0.98
0.271638	0.253565	-0.98	0.98	-0.98
-0.059679	-0.188888	-0.98	0.98	-0.98
-0.031032	-0.349381	-0.98	0.98	-0.98
0.130349	-0.188283	-0.98	0.98	-0.98
-0.249288	-0.005703	-0.98	0.98	-0.98
-0.287722	0.138729	-0.98	0.98	-0.98
-0.145815	0.237133	-0.98	0.98	-0.98
0.233766	0.149828	-0.98	0.98	-0.98
0.271808	-0.210947	-0.98	0.98	-0.98
0.139990	0.077792	-0.98	0.98	-0.98
-0.065091	0.278429	-0.98	0.98	-0.98
-0.267439	-0.063769	-0.98	0.98	-0.98
-0.193964	-0.204547	-0.98	0.98	-0.98
-0.077541	0.376340	-0.98	0.98	-0.98
0.161766	-0.177417	-0.98	0.98	-0.98
0.216346	0.032868	-0.98	0.98	-0.98
-0.158727	-0.055745	-0.98	0.98	-0.98
0.070266	0.003003	-0.98	0.98	-0.98
0.382670	-0.082465	-0.98	0.98	-0.98
0.040137	-0.292016	-0.98	0.98	-0.98
0.088979	0.320583	-0.98	0.98	-0.98
-0.143620	-0.119506	-0.98	0.98	-0.98
0.275305	-0.269364	-0.98	0.98	-0.98
-0.115611	0.316729	-0.98	0.98	-0.98
-0.157743	-0.281610	-0.98	0.98	-0.98
-0.214171	-0.155167	-0.98	0.98	-0.98
-0.085356	-0.284039	-0.98	0.98	-0.98
0.078421	-0.034629	-0.98	0.98	-0.98
0.329453	0.027598	-0.98	0.98	-0.98
0.143856	0.339153	-0.98	0.98	-0.98
-0.229145	-0.282269	-0.98	0.98	-0.98
-0.273578	-0.001354	-0.98	0.98	-0.98
-0.053398	0.105817	-0.98	0.98	-0.98
0.038053	0.101334	-0.98	0.98	-0.98
-0.128576	0.244085	-0.98	0.98	-0.98
-0.327814	-0.079042	-0.98	0.98	-0.98
-0.110818	-0.147056	-0.98	0.98	-0.98
-0.181726	-0.196764	-0.98	0.98	-0.98
0.249637	-0.039136	-0.98	0.98	-0.98
0.397421	0.042121	-0.98	0.98	-0.98
-0.063971	0.098993	-0.98	0.98	-0.98
0.194077	-0.276595	-0.98	0.98	-0.98
-0.104238	0.057203	-0.98	0.98	-0.98
-0.072810	0.165327	-0.98	0.98	-0.98
-0.078850	0.056512	-0.98	0.98	-0.98
0.166483	-0.146355	-0.98	0.98	-0.98
-0.194154	0.146714	-0.98	0.98	-0.98
-0.228576	0.125183	-0.98	0.98	-0.98
0.080498	0.376444	-0.98	0.98	-0.98
-0.278018	0.028326	-0.98	0.98	-0.98
0.080410	-0.381682	-0.98	0.98	-0.98
0.074158	-0.379848	-0.98	0.98	-0.98
-0.038120	-0.214739	-0.98	0.98	-0.98
-0.054067	0.191238	-0.98	0.98	-0.98
0.319994	-0.006035	-0.98	0.98	-0.98
0.145147	0.313484	-0.98	0.98	-0.98
0.177758	0.212883	-0.98	0.98	-0.98
0.105741	-0.096937	-0.98	0.98	-0.98
-0.241381	-0.261029	-0.98	0.98	-0.98
-0.276889	0.037845	-0.98	0.98	-0.98
0.014128	0.351727	-0.98	0.98	-0.98
-0.020319	-0.197255	-0.98	0.98	-0.98
0.357407	-0.135687	-0.98	0.98	-0.98
0.189838	-0.322842	-0.98	0.98	-0.98
-0.179582	0.145620	-0.98	0.98	-0.98
0.213306	-0.228918	-0.98	0.98	-0.98
-0.376592	-0.051906	-0.98	0.98	-0.98
-0.236419	-0.151079	-0.98	0.98	-0.98
0.293927	0.092388	-0.98	0.98	-0.98
-0.061820	0.263234	-0.98	0.98	-0.98
0.179961	-0.289871	-0.98	0.98	-0.98
0.330282	-0.013011	-0.98	0.98	-0.98
0.094233	-0.137091	-0.98	0.98	-0.98
-0.339614	-0.211304	-0.98	0.98	-0.98
-0.226675	0.242907	-0.98	0.98	-0.98
0.382644	-0.028520	-0.98	0.98	-0.98
-0.212691	-0.278033	-0.98	0.98	-0.98
-0.177948	-0.048739	-0.98	0.98	-0.98
-0.085867	-0.269866	-0.98	0.98	-0.98
0.127779	0.124724	-0.98	0.98	-0.98
0.380507	-0.054394	-0.98	0.98	-0.98
-0.060263	0.185225	-0.98	0.98	-0.98
0.078080	-0.099659	-0.98	0.98	-0.98
0.024674	-0.071714	-0.98	0.98	-0.98
-0.097349	0.247367	-0.98	0.98	-0.98
-0.300580	0.222405	-0.98	0.98	-0.98
-0.392654	0.066335	-0.98	0.98	-0.98
0.304489	-0.219831	-0.98	0.98	-0.98
0.048206	-0.166184	-0.98	0.98	-0.98
-0.271304	0.115907	-0.98	0.98	-0.98
-0.042643	0.183771	-0.98	0.98	-0.98
-0.233671	-0.073414	-0.98	0.98	-0.98
0.244608	-0.071039	-0.98	0.98	-0.98
0.107786	0.270254	-0.98	0.98	-0.98
0.332140	-0.096723	-0.98	0.98	-0.98
0.185575	0.072042	-0.98	0.98	-0.98
-0.133365	0.010226	-0.98	0.98	-0.98
-0.242319	-0.099494	-0.98	0.98	-0.98
-0.039329	-0.038494	-0.98	0.98	-0.98
0.085566	0.140366	-0.98	0.98	-0.98
0.222238	0.101570	-0.98	0.98	-0.98
-0.247328	-0.105977	-0.98	0.98	-0.98
0.041828	-0.223228	-0.98	0.98	-0.98
-0.229587	0.049721	-0.98	0.98	-0.98
-0.123397	0.172665	-0.98	0.98	-0.98
0.207127	-0.097799	-0.98	0.98	-0.98
0.028864	-0.269005	-0.98	0.98	-0.98
0.030417	0.278091	-0.98	0.98	-0.98
-0.282693	-0.199953	-0.98	0.98	-0.98
0.085681	0.376262	-0.98	0.98	-0.98
-0.013727	-0.143091	-0.98	0.98	-0.98
0.086683	0.301354	-0.98	0.98	-0.98
0.181571	-0.158696	-0.98	0.98	-0.98
-0.045121	-0.305526	-0.98	0.98	-0.98
0.022218	-0.311311	-0.98	0.98	-0.98
-0.380562	-0.118158	-0.98	0.98	-0.98
0.186851	-0.328908	-0.98	0.98	-0.98
0.310863	-0.228175	-0.98	0.98	-0.98
0.276417	-0.193984	-0.98	0.98	-0.98
0.058172	0.324454	-0.98	0.98	-0.98
0.324657	-0.185305	-0.98	0.98	-0.98
-0.270278	0.285050	-0.98	0.98	-0.98
0.063770	-0.369371	-0.98	0.98	-0.98
-0.206982	0.100445	-0.98	0.98	-0.98
-0.222566	-0.034790	-0.98	0.98	-0.98
0.052629	-0.246669	-0.98	0.98	-0.98
-0.017010	-0.047547	-0.98	0.98	-0.98
0.129643	-0.084751	-0.98	0.98	-0.98
0.189136	0.291003	-0.98	0.98	-0.98
0.102144	0.006568	-0.98	0.98	-0.98
0.233742	-0.050038	-0.98	0.98	-0.98
-0.339362	-0.017440	-0.98	0.98	-0.98
-0.061976	0.370369	-0.98	0.98	-0.98
0.184437	0.081245	-0.98	0.98	-0.98
0.113822	-0.251117	-0.98	0.98	-0.98
-0.325911	-0.003547	-0.98	0.98	-0.98
0.342433	-0.142699	-0.98	0.98	-0.98
-0.016529	-0.330657	-0.98	0.98	-0.98
-0.023083	0.098341	-0.98	0.98	-0.98
0.333166	0.172773	-0.98	0.98	-0.98
0.117607	0.338192	-0.98	0.98	-0.98
-0.000206	0.018522	-0.98	0.98	-0.98
0.107329	-0.282058	-0.98	0.98	-0.98
-0.159679	-0.260061	-0.98	0.98	-0.98
0.120924	0.280007	-0.98	0.98	-0.98
0.007382	0.023001	-0.98	0.98	-0.98
0.253095	0.274704	-0.98	0.98	-0.98
0.234913	0.216944	-0.98	0.98	-0.98
0.259573	-0.035672	-0.98	0.98	-0.98
0.348994	-0.097673	-0.98	0.98	-0.98
-0.043469	0.299539	-0.98	0.98	-0.98
0.106489	0.331187	-0.98	0.98	-0.98
-0.183764	0.303971	-0.98	0.98	-0.98
0.038154	0.303111	-0.98	0.98	-0.98
-0.042503	0.230753	-0.98	0.98	-0.98
0.064588	-0.014346	-0.98	0.98	-0.98
0.173493	0.240693	-0.98	0.98	-0.98
-0.299022	0.118131	-0.98	0.98	-0.98
-0.153872	0.002277	-0.98	0.98	-0.98
-0.380972	0.054620	-0.98	0.98	-0.98
-0.205218	-0.129080	-0.98	0.98	-0.98
0.878265	0.827637	-0.98	-0.98	0.98
0.617186	0.968746	-0.98	-0.98	0.98
0.762819	0.888496	-0.98	-0.98	0.98
0.897551	0.798175	-0.98	-0.98	0.98
0.733369	0.741994	-0.98	-0.98	0.98
0.800882	0.745658	-0.98	-0.98	0.98
0.799674	0.925691	-0.98	-0.98	0.98
0.949334	0.944211	-0.98	-0.98	0.98
0.889935	0.820566	-0.98	-0.98	0.98
0.872940	0.964530	-0.98	-0.98	0.98
0.927063	0.934933	-0.98	-0.98	0.98
0.837058	0.891240	-0.98	-0.98	0.98
0.978666	0.657967	-0.98	-0.98	0.98
0.833918	0.692195	-0.98	-0.98	0.98
0.722043	0.988144	-0.98	-0.98	0.98
0.687603	0.768145	-0.98	-0.98	0.98
0.727135	0.856075	-0.98	-0.98	0.98
0.999567	0.689088	-0.98	-0.98	0.98
0.889593	0.744074	-0.98	-0.98	0.98
0.889771	0.878681	-0.98	-0.98	0.98
0.851315	0.662080	-0.98	-0.98	0.98
0.863346	0.616713	-0.98	-0.98	0.98
0.613689	0.629322	-0.98	-0.98	0.98
0.894920	0.860816	-0.98	-0.98	0.98
0.662654	0.859579	-0.98	-0.98	0.98
0.658138	0.940645	-0.98	-0.98	0.98
0.802326	0.900425	-0.98	-0.98	0.98
0.711050	0.724424	-0.98	-0.98	0.98
0.600863	0.852174	-0.98	-0.98	0.98
0.665427	0.820741	-0.98	-0.98	0.98
0.949051	0.702982	-0.98	-0.98	0.98
0.777902	0.769958	-0.98	-0.98	0.98
0.727452	0.912082	-0.98	-0.98	0.98
0.887232	0.904998	-0.98	-0.98	0.98
0.905254	0.951146	-0.98	-0.98	0.98
0.814136	0.966098	-0.98	-0.98	0.98
0.813304	0.647624	-0.98	-0.98	0.98
0.817280	0.697973	-0.98	-0.98	0.98
0.678273	0.930164	-0.98	-0.98	0.98
0.945822	0.801718	-0.98	-0.98	0.98
0.862851	0.854812	-0.98	-0.98	0.98
0.900968	0.699933	-0.98	-0.98	0.98
0.692692	0.745995	-0.98	-0.98	0.98
0.917949	0.903985	-0.98	-0.98	0.98
0.761338	0.859058	-0.98	-0.98	0.98
0.905412	0.817982	-0.98	-0.98	0.98
0.832658	0.785147	-0.98	-0.98	0.98
0.744626	0.823530	-0.98	-0.98	0.98
0.862403	0.752460	-0.98	-0.98	0.98
0.892828	0.631023	-0.98	-0.98	0.98
0.716484	0.659947	-0.98	-0.98	0.98
0.768407	0.726984	-0.98	-0.98	0.98
0.993640	0.715612	-0.98	-0.98	0.98
0.751545	0.621387	-0.98	-0.98	0.98
0.939288	0.885260	-0.98	-0.98	0.98
0.908686	0.739023	-0.98	-0.98	0.98
0.909502	0.800007	-0.98	-0.98	0.98
0.834622	0.752938	-0.98	-0.98	0.98
0.955949	0.899102	-0.98	-0.98	0.98
0.633168	0.670046	-0.98	-0.98	0.98
0.760831	0.683513	-0.98	-0.98	0.98
0.727387	0.891180	-0.98	-0.98	0.98
0.831897	0.631951	-0.98	-0.98	0.98
0.855208	0.960523	-0.98	-0.98	0.98
0.886352	0.718734	-0.98	-0.98	0.98
0.947918	0.980452	-0.98	-0.98	0.98
0.715809	0.836780	-0.98	-0.98	0.98
0.898830	0.953143	-0.98	-0.98	0.98
0.921310	0.716661	-0.98	-0.98	0.98
0.846368	0.675734	-0.98	-0.98	0.98
0.993509	0.848192	-0.98	-0.98	0.98
0.787046	0.661137	-0.98	-0.98	0.98
0.863548	0.787408	-0.98	-0.98	0.98
0.787523	0.701539	-0.98	-0.98	0.98
0.711760	0.646186	-0.98	-0.98	0.98
0.627640	0.706145	-0.98	-0.98	0.98
0.830156	0.690111	-0.98	-0.98	0.98
0.981463	0.829806	-0.98	-0.98	0.98
0.995843	0.701338	-0.98	-0.98	0.98
0.878275	0.970185	-0.98	-0.98	0.98
0.826719	0.839811	-0.98	-0.98	0.98
0.998701	0.735285	-0.98	-0.98	0.98
0.972738	0.901603	-0.98	-0.98	0.98
0.624519	0.816320	-0.98	-0.98	0.98
0.669191	0.749236	-0.98	-0.98	0.98
0.778936	0.854965	-0.98	-0.98	0.98
0.694893	0.794364	-0.98	-0.98	0.98
0.604240	0.953215	-0.98	-0.98	0.98
0.651577	0.986866	-0.98	-0.98	0.98
0.880918	0.757980	-0.98	-0.98	0.98
0.878687	0.679714	-0.98	-0.98	0.98
0.626664	0.725698	-0.98	-0.98	0.98
0.737335	0.833965	-0.98	-0.98	0.98
0.606942	0.629043	-0.98	-0.98	0.98
0.844520	0.832103	-0.98	-0.98	0.98
0.668771	0.641443	-0.98	-0.98	0.98
0.915449	0.844439	-0.98	-0.98	0.98
0.968800	0.701629	-0.98	-0.98	0.98
0.868736	0.651066	-0.98	-0.98	0.98
0.678754	0.642913	-0.98	-0.98	0.98
0.684481	0.801778	-0.98	-0.98	0.98
0.855969	0.939301	-0.98	-0.98	0.98
0.672709	0.680872	-0.98	-0.98	0.98
0.683503	0.931751	-0.98	-0.98	0.98
0.757024	0.908399	-0.98	-0.98	0.98
0.804712	0.781318	-0.98	-0.98	0.98
0.736239	0.927395	-0.98	-0.98	0.98
0.737457	0.663029	-0.98	-0.98	0.98
0.780251	0.985098	-0.98	-0.98	0.98
0.862132	0.742323	-0.98	-0.98	0.98
0.844032	0.744378	-0.98	-0.98	0.98
0.934896	0.966945	-0.98	-0.98	0.98
0.932477	0.834153	-0.98	-0.98	0.98
0.973593	0.772466	-0.98	-0.98	0.98
0.943086	0.837760	-0.98	-0.98	0.98
0.659016	0.981512	-0.98	-0.98	0.98
0.778993	0.721159	-0.98	-0.98	0.98
0.636845	0.697076	-0.98	-0.98	0.98
0.958370	0.851366	-0.98	-0.98	0.98
0.781931	0.766820	-0.98	-0.98	0.98
0.953572	0.835508	-0.98	-0.98	0.98
0.607571	0.977888	-0.98	-0.98	0.98
0.867211	0.943480	-0.98	-0.98	0.98
0.774068	0.756796	-0.98	-0.98	0.98
0.877004	0.716070	-0.98	-0.98	0.98
0.818195	0.798203	-0.98	-0.98	0.98
0.906561	0.979929	-0.98	-0.98	0.98
0.745541	0.833293	-0.98	-0.98	0.98
0.646424	0.624702	-0.98	-0.98	0.98
0.798505	0.828702	-0.98	-0.98	0.98
0.846856	0.749973	-0.98	-0.98	0.98
0.888075	0.896851	-0.98	-0.98	0.98
0.795162	0.882142	-0.98	-0.98	0.98
0.770461	0.982155	-0.98	-0.98	0.98
0.920171	0.760784	-0.98	-0.98	0.98
0.640780	0.964626	-0.98	-0.98	0.98
0.602000	0.798849	-0.98	-0.98	0.98
0.886549	0.637385	-0.98	-0.98	0.98
0.811304	0.757366	-0.98	-0.98	0.98
0.693112	0.742035	-0.98	-0.98	0.98
0.754315	0.749913	-0.98	-0.98	0.98
0.777880	0.634844	-0.98	-0.98	0.98
0.952494	0.661051	-0.98	-0.98	0.98
0.690976	0.641176	-0.98	-0.98	0.98
0.866641	0.959881	-0.98	-0.98	0.98
0.942456	0.691806	-0.98	-0.98	0.98
0.869991	0.625884	-0.98	-0.98	0.98
0.941893	0.769512	-0.98	-0.98	0.98
0.708545	0.796665	-0.98	-0.98	0.98
0.981018	0.635003	-0.98	-0.98	0.98
0.849946	0.697829	-0.98	-0.98	0.98
0.975313	0.769073	-0.98	-0.98	0.98
0.748466	0.787029	-0.98	-0.98	0.98
0.735856	0.875416	-0.98	-0.98	0.98
0.985013	0.692195	-0.98	-0.98	0.98
0.640589	0.899974	-0.98	-0.98	0.98
0.623556	0.772238	-0.98	-0.98	0.98
0.660442	0.889872	-0.98	-0.98	0.98
0.939968	0.980454	-0.98	-0.98	0.98
0.937220	0.977684	-0.98	-0.98	0.98
0.827286	0.832793	-0.98	-0.98	0.98
0.750846	0.803316	-0.98	-0.98	0.98
0.718039	0.628108	-0.98	-0.98	0.98
0.988365	0.755022	-0.98	-0.98	0.98
0.623172	0.851886	-0.98	-0.98	0.98
0.615742	0.991553	-0.98	-0.98	0.98
0.853052	0.665017	-0.98	-0.98	0.98
0.763311	0.704279	-0.98	-0.98	0.98
0.787616	0.878715	-0.98	-0.98	0.98
0.707667	0.744689	-0.98	-0.98	0.98
0.895457	0.814029	-0.98	-0.98	0.98
0.714569	0.793877	-0.98	-0.98	0.98
0.910890	0.692869	-0.98	-0.98	0.98
0.613267	0.951801	-0.98	-0.98	0.98
0.988448	0.846412	-0.98	-0.98	0.98
0.713181	0.701041	-0.98	-0.98	0.98
0.669256	0.898902	-0.98	-0.98	0.98
0.606454	0.828954	-0.98	-0.98	0.98
0.613256	0.975449	-0.98	-0.98	0.98
0.795238	0.926863	-0.98	-0.98	0.98
0.988281	0.954051	-0.98	-0.98	0.98
0.866906	0.771074	-0.98	-0.98	0.98
0.798040	0.717572	-0.98	-0.98	0.98
0.922845	0.991217	-0.98	-0.98	0.98
0.990204	0.744135	-0.98	-0.98	0.98
0.730688	0.685944	-0.98	-0.98	0.98
0.831785	0.648028	-0.98	-0.98	0.98
0.872801	0.943193	-0.98	-0.98	0.98
0.915404	0.772259	-0.98	-0.98	0.98
0.816515	0.778445	-0.98	-0.98	0.98
0.875078	0.718238	-0.98	-0.98	0.98
0.753483	0.947812	-0.98	-0.98	0.98
0.608459	0.919333	-0.98	-0.98	0.98
0.612683	0.896674	-0.98	-0.98	0.98
0.824444	0.928348	-0.98	-0.98	0.98
0.973914	0.927164	-0.98	-0.98	0.98
0.697923	0.644695	-0.98	-0.98	0.98
0.659030	0.797206	-0.98	-0.98	0.98
0.805292	0.669210	-0.98	-0.98	0.98
0.799494	0.953981	-0.98	-0.98	0.98
0.873548	0.953593	-0.98	-0.98	0.98
0.680188	0.815927	-0.98	-0.98	0.98
0.735199	0.780941	-0.98	-0.98	0.98
0.724024	0.899930	-0.98	-0.98	0.98
0.835752	0.772399	-0.98	-0.98	0.98
0.653687	0.805581	-0.98	-0.98	0.98
0.919938	0.778402	-0.98	-0.98	0.98
0.748522	0.945980	-0.98	-0.98	0.98
0.757082	0.882654	-0.98	-0.98	0.98
0.765965	0.759223	-0.98	-0.98	0.98
0.627311	0.786864	-0.98	-0.98	0.98
0.747639	0.855549	-0.98	-0.98	0.98
0.684598	0.866908	-0.98	-0.98	0.98
0.961901	0.721079	-0.98	-0.98	0.98
0.718696	0.892238	-0.98	-0.98	0.98
0.759323	0.718887	-0.98	-0.98	0.98
0.960620	0.872784	-0.98	-0.98	0.98
0.929686	0.802719	-0.98	-0.98	0.98
0.650219	0.893369	-0.98	-0.98	0.98
0.707363	0.744861	-0.98	-0.98	0.98
0.713645	0.813094	-0.98	-0.98	0.98
0.877663	0.863792	-0.98	-0.98	0.98
0.711831	0.907207	-0.98	-0.98	0.98
0.697632	0.949900	-0.98	-0.98	0.98
0.823967	0.853045	-0.98	-0.98	0.98
0.621865	0.916156	-0.98	-0.98	0.98
0.691480	0.614386	-0.98	-0.98	0.98
0.939182	0.710240	-0.98	-0.98	0.98
0.652951	0.800319	-0.98	-0.98	0.98
0.991920	0.637882	-0.98	-0.98	0.98
0.680303	0.852578	-0.98	-0.98	0.98
0.856300	0.855194	-0.98	-0.98	0.98
0.751516	0.918712	-0.98	-0.98	0.98
0.933461	0.664060	-0.98	-0.98	0.98
0.970189	0.832529	-0.98	-0.98	0.98
0.885725	0.720764	-0.98	-0.98	0.98
0.881574	0.685723	-0.98	-0.98	0.98
0.840143	0.968290	-0.98	-0.98	0.98
0.926178	0.613382	-0.98	-0.98	0.98
0.741742	0.652496	-0.98	-0.98	0.98
0.753409	0.846559	-0.98	-0.98	0.98
0.889348	0.966633	-0.98	-0.98	0.98
0.773540	0.800237	-0.98	-0.98	0.98
0.697558	0.677564	-0.98	-0.98	0.98
0.925695	0.915244	-0.98	-0.98	0.98
0.624073	0.634557	-0.98	-0.98	0.98
0.884250	0.950719	-0.98	-0.98	0.98
0.672993	0.795951	-0.98	-0.98	0.98
0.786456	0.814063	-0.98	-0.98	0.98
0.676137	0.771803	-0.98	-0.98	0.98
0.600590	0.784576	-0.98	-0.98	0.98
0.715368	0.793825	-0.98	-0.98	0.98
0.794285	0.926320	-0.98	-0.98	0.98
0.699466	0.824821	-0.98	-0.98	0.98
0.993457	0.982290	-0.98	-0.98	0.98
0.813227	0.662700	-0.98	-0.98	0.98
0.871740	0.965001	-0.98	-0.98	0.98
0.652425	0.734909	-0.98	-0.98	0.98
0.685881	0.628959	-0.98	-0.98	0.98
0.849726	0.656804	-0.98	-0.98	0.98
0.878412	0.750379	-0.98	-0.98	0.98
0.746605	0.730198	-0.98	-0.98	0.98
0.790713	0.754518	-0.98	-0.98	0.98
0.771061	0.681502	-0.98	-0.98	0.98
0.983771	0.632030	-0.98	-0.98	0.98
0.694356	0.958426	-0.98	-0.98	0.98
0.831448	0.702899	-0.98	-0.98	0.98
0.900472	0.652897	-0.98	-0.98	0.98
0.993243	0.960942	-0.98	-0.98	0.98
0.670219	0.630398	-0.98	-0.98	0.98
0.607028	0.736472	-0.98	-0.98	0.98
0.920186	0.705368	-0.98	-0.98	0.98
0.671483	0.872948	-0.98	-0.98	0.98
0.729013	0.665979	-0.98	-0.98	0.98
0.785770	0.885557	-0.98	-0.98	0.98
0.692748	0.978301	-0.98	-0.98	0.98
0.885577	0.944334	-0.98	-0.98	0.98
0.732851	0.850210	-0.98	-0.98	0.98
0.908088	0.694114	-0.98	-0.98	0.98
0.897987	0.977489	-0.98	-0.98	0.98
0.666582	0.649528	-0.98	-0.98	0.98
0.677591	0.873506	-0.98	-0.98	0.98
0.817818	0.958380	-0.98	-0.98	0.98
0.602776	0.766061	-0.98	-0.98	0.98
0.947923	0.671967	-0.98	-0.98	0.98
0.950490	0.868710	-0.98	-0.98	0.98
0.610574	0.755130	-0.98	-0.98	0.98
0.933942	0.995594	-0.98	-0.98	0.98
0.684598	0.619219	-0.98	-0.98	0.98
0.687720	0.798422	-0.98	-0.98	0.98
0.997838	0.847052	-0.98	-0.98	0.98
0.732104	0.613166	-0.98	-0.98	0.98
0.868965	0.871892	-0.98	-0.98	0.98
0.795323	0.762822	-0.98	-0.98	0.98
0.954263	0.774747	-0.98	-0.98	0.98
0.670440	0.672758	-0.98	-0.98	0.98
0.717012	0.779252	-0.98	-0.98	0.98
0.772737	0.775941	-0.98	-0.98	0.98
0.633806	0.717720	-0.98	-0.98	0.98
0.812967	0.842210	-0.98	-0.98	0.98
0.786806	0.746719	-0.98	-0.98	0.98
0.689244	0.988113	-0.98	-0.98	0.98
0.652068	0.694729	-0.98	-0.98	0.98
0.994605	0.981210	-0.98	-0.98	0.98
0.847585	0.653681	-0.98	-0.98	0.98
0.800956	0.846422	-0.98	-0.98	0.98
0.794064	0.611520	-0.98	-0.98	0.98
0.616316	0.806275	-0.98	-0.98	0.98
0.935133	0.768795	-0.98	-0.98	0.98
0.609424	0.786250	-0.98	-0.98	0.98
0.928719	0.652661	-0.98	-0.98	0.98
0.780844	0.992886	-0.98	-0.98	0.98
0.892150	0.825225	-0.98	-0.98	0.98
0.729262	0.625646	-0.98	-0.98	0.98
0.615398	0.999401	-0.98	-0.98	0.98
0.995957	0.916343	-0.98	-0.98	0.98
0.722348	0.642851	-0.98	-0.98	0.98
0.850758	0.603163	-0.98	-0.98	0.98
0.825009	0.932651	-0.98	-0.98	0.98
0.727647	0.922161	-0.98	-0.98	0.98
0.963637	0.918280	-0.98	-0.98	0.98
0.988459	0.649711	-0.98	-0.98	0.98
0.757703	0.786678	-0.98	-0.98	0.98
0.715181	0.713840	-0.98	-0.98	0.98
0.770084	0.790665	-0.98	-0.98	0.98
0.856315	0.720048	-0.98	-0.98	0.98
0.793379	0.657993	-0.98	-0.98	0.98
0.784822	0.880244	-0.98	-0.98	0.98
0.753110	0.745759	-0.98	-0.98	0.98
0.748036	0.664842	-0.98	-0.98	0.98
0.931067	0.907825	-0.98	-0.98	0.98
0.778128	0.802630	-0.98	-0.98	0.98
0.732359	0.624569	-0.98	-0.98	0.98
0.756429	0.870041	-0.98	-0.98	0.98
0.673256	0.771944	-0.98	-0.98	0.98
0.663455	0.844249	-0.98	-0.98	0.98
0.711954	0.855401	-0.98	-0.98	0.98
0.925482	0.806694	-0.98	-0.98	0.98
0.706579	0.861562	-0.98	-0.98	0.98
0.695906	0.969570	-0.98	-0.98	0.98
0.832977	0.777580	-0.98	-0.98	0.98
0.800979	0.892672	-0.98	-0.98	0.98
0.749455	0.852925	-0.98	-0.98	0.98
0.767719	0.984862	-0.98	-0.98	0.98
0.991497	0.857597	-0.98	-0.98	0.98
0.773231	0.801807	-0.98	-0.98	0.98
0.690577	0.695011	-0.98	-0.98	0.98
0.790184	0.980440	-0.98	-0.98	0.98
0.873439	0.928260	-0.98	-0.98	0.98
0.733817	0.991284	-0.98	-0.98	0.98
0.703300	0.950864	-0.98	-0.98	0.98
0.689200	0.722836	-0.98	-0.98	0.98
0.915853	0.646415	-0.98	-0.98	0.98
0.657679	0.895117	-0.98	-0.98	0.98
0.897732	0.623694	-0.98	-0.98	0.98
0.899953	0.624647	-0.98	-0.98	0.98
0.718567	0.680626	-0.98	-0.98	0.98
0.627546	0.897314	-0.98	-0.98	0.98
0.777477	0.848364	-0.98	-0.98	0.98
0.968941	0.737328	-0.98	-0.98	0.98
0.883173	0.806933	-0.98	-0.98	0.98
0.930716	0.617541	-0.98	-0.98	0.98
0.650579	0.654651	-0.98	-0.98	0.98
0.761052	0.643675	-0.98	-0.98	0.98
0.805363	0.787582	-0.98	-0.98	0.98
0.902953	0.947981	-0.98	-0.98	0.98
0.664375	0.992658	-0.98	-0.98	0.98
0.601594	0.986092	-0.98	-0.98	0.98
0.897400	0.707872	-0.98	-0.98	0.98
0.638492	0.843684	-0.98	-0.98	0.98
0.848245	0.871258	-0.98	-0.98	0.98
0.909769	0.904881	-0.98	-0.98	0.98
0.760008	0.876005	-0.98	-0.98	0.98
0.796576	0.710534	-0.98	-0.98	0.98
0.832365	0.877754	-0.98	-0.98	0.98
0.616005	0.689327	-0.98	-0.98	0.98
0.689310	0.844972	-0.98	-0.98	0.98
0.732956	0.854864	-0.98	-0.98	0.98
0.878590	0.971282	-0.98	-0.98	0.98
0.750514	0.975871	-0.98	-0.98	0.98
0.737009	0.901087	-0.98	-0.98	0.98
0.935829	0.832990	-0.98	-0.98	0.98
0.837797	0.703893	-0.98	-0.98	0.98
0.628190	0.804811	-0.98	-0.98	0.98
0.695405	0.657143	-0.98	-0.98	0.98
0.666771	0.770180	-0.98	-0.98	0.98
0.729828	0.768978	-0.98	-0.98	0.98
0.875692	0.954911	-0.98	-0.98	0.98
0.808239	0.860441	-0.98	-0.98	0.98
0.735212	0.881585	-0.98	-0.98	0.98
0.715231	0.724787	-0.98	-0.98	0.98
0.683868	0.706886	-0.98	-0.98	0.98
0.838322	0.713487	-0.98	-0.98	0.98
0.851877	0.897349	-0.98	-0.98	0.98
0.710414	0.938218	-0.98	-0.98	0.98
0.765540	0.976839	-0.98	-0.98	0.98
0.767672	0.813897	-0.98	-0.98	0.98
0.788617	0.619961	-0.98	-0.98	0.98
0.624621	0.991873	-0.98	-0.98	0.98
0.826515	0.643607	-0.98	-0.98	0.98
0.887627	0.946808	-0.98	-0.98	0.98
0.806453	0.824041	-0.98	-0.98	0.98
0.777485	0.611813	-0.98	-0.98	0.98
0.700593	0.801627	-0.98	-0.98	0.98
0.619198	0.996987	-0.98	-0.98	0.98
0.632311	0.939456	-0.98	-0.98	0.98
0.658484	0.651433	-0.98	-0.98	0.98
0.770841	0.729870	-0.98	-0.98	0.98
0.676259	0.925277	-0.98	-0.98	0.98
0.842083	0.622030	-0.98	-0.98	0.98
0.659167	0.683779	-0.98	-0.98	0.98
0.673653	0.926817	-0.98	-0.98	0.98
0.838729	0.657562	-0.98	-0.98	0.98
0.733806	0.818034	-0.98	-0.98	0.98
0.727493	0.935588	-0.98	-0.98	0.98
0.927658	0.819952	-0.98	-0.98	0.98
0.600851	0.607075	-0.98	-0.98	0.98
0.941892	0.914159	-0.98	-0.98	0.98
0.814927	0.919177	-0.98	-0.98	0.98
0.989818	0.897676	-0.98	-0.98	0.98
0.895978	0.819398	-0.98	-0.98	0.98
0.748496	0.693526	-0.98	-0.98	0.98
0.916823	0.648351	-0.98	-0.98	0.98
0.916470	0.725468	-0.98	-0.98	0.98
0.641691	0.838108	-0.98	-0.98	0.98
0.965610	0.968179	-0.98	-0.98	0.98
0.897335	0.644388	-0.98	-0.98	0.98
0.668205	0.828086	-0.98	-0.98	0.98
0.951192	0.943398	-0.98	-0.98	0.98
0.928995	0.626669	-0.98	-0.98	0.98
0.718424	0.959519	-0.98	-0.98	0.98
0.869388	0.934865	-0.98	-0.98	0.98
0.826631	0.941356	-0.98	-0.98	0.98
0.629583	0.882531	-0.98	-0.98	0.98
0.669693	0.958061	-0.98	-0.98	0.98
0.971749	0.924311	-0.98	-0.98	0.98
0.838093	0.901458	-0.98	-0.98	0.98
0.782964	0.624720	-0.98	-0.98	0.98
0.934336	0.865911	-0.98	-0.98	0.98
0.704304	0.785771	-0.98	-0.98	0.98
0.777339	0.791030	-0.98	-0.98	0.98
0.949417	0.605611	-0.98	-0.98	0.98
0.997145	0.959471	-0.98	-0.98	0.98
0.788456	0.725703	-0.98	-0.98	0.98
0.762726	0.983382	-0.98	-0.98	0.98
0.849525	0.841356	-0.98	-0.98	0.98
0.825418	0.916455	-0.98	-0.98	0.98
0.808681	0.890168	-0.98	-0.98	0.98
0.861378	0.989696	-0.98	-0.98	0.98
0.993072	0.849158	-0.98	-0.98	0.98
0.600766	0.794219	-0.98	-0.98	0.98
0.815356	0.790765	-0.98	-0.98	0.98
0.769890	0.753783	-0.98	-0.98	0.98
0.784174	0.602281	-0.98	-0.98	0.98
0.917390	0.777763	-0.98	-0.98	0.98
0.987771	0.701464	-0.98	-0.98	0.98
0.959234	0.764788	-0.98	-0.98	0.98
0.657613	0.753421	-0.98	-0.98	0.98
0.637146	0.906439	-0.98	-0.98	0.98
0.862721	0.904926	-0.98	-0.98	0.98
0.678996	0.623471	-0.98	-0.98	0.98
0.632134	0.856241	-0.98	-0.98	0.98
0.610156	0.659312	-0.98	-0.98	0.98
0.757246	0.806458	-0.98	-0.98	0.98
0.829423	0.651785	-0.98	-0.98	0.98
0.697635	0.862811	-0.98	-0.98	0.98
0.951934	0.696889	-0.98	-0.98	0.98
0.803093	0.888840	-0.98	-0.98	0.98
0.723219	0.996620	-0.98	-0.98	0.98
0.865258	0.763180	-0.98	-0.98	0.98
0.842895	0.697372	-0.98	-0.98	0.98
0.812634	0.659646	-0.98	-0.98	0.98
0.867456	0.841899	-0.98	-0.98	0.98
0.674655	0.970593	-0.98	-0.98	0.98
0.931963	0.821640	-0.98	-0.98	0.98
0.993691	0.767318	-0.98	-0.98	0.98
0.865595	0.628745	-0.98	-0.98	0.98
0.794726	0.600996	-0.98	-0.98	0.98
0.714620	0.818331	-0.98	-0.98	0.98
0.624702	0.831326	-0.98	-0.98	0.98
0.798678	0.848997	-0.98	-0.98	0.98
0.941603	0.902633	-0.98	-0.98	0.98
0.999129	0.761416	-0.98	-0.98	0.98
0.641011	0.734717	-0.98	-0.98	0.98
0.657902	0.781848	-0.98	-0.98	0.98
0.801817	0.615737	-0.98	-0.98	0.98
0.708222	0.626372	-0.98	-0.98	0.98
0.685111	0.604878	-0.98	-0.98	0.98
0.818591	0.750915	-0.98	-0.98	0.98
0.946470	0.648196	-0.98	-0.98	0.98
0.726828	0.757078	-0.98	-0.98	0.98
0.704203	0.646385	-0.98	-0.98	0.98
0.785434	0.614412	-0.98	-0.98	0.98
0.896933	0.823122	-0.98	-0.98	0.98
0.643016	0.706845	-0.98	-0.98	0.98
0.821181	0.881733	-0.98	-0.98	0.98
0.652703	0.843194	-0.98	-0.98	0.98
0.604060	0.743899	-0.98	-0.98	0.98
0.601778	0.736638	-0.98	-0.98	0.98
0.627709	0.845121	-0.98	-0.98	0.98
0.904678	0.600130	-0.98	-0.98	0.98
0.828637	0.668517	-0.98	-0.98	0.98
0.838423	0.922364	-0.98	-0.98	0.98
0.809840	0.733215	-0.98	-0.98	0.98
0.960617	0.743649	-0.98	-0.98	0.98
0.685097	0.834739	-0.98	-0.98	0.98
0.978754	0.811671	-0.98	-0.98	0.98
0.872562	0.856090	-0.98	-0.98	0.98
0.758978	0.844169	-0.98	-0.98	0.98
0.719217	0.743970	-0.98	-0.98	0.98
0.675023	0.896411	-0.98	-0.98	0.98
0.663171	0.742929	-0.98	-0.98	0.98
0.733828	0.848810	-0.98	-0.98	0.98
0.637843	0.955213	-0.98	-0.98	0.98
0.785726	0.732107	-0.98	-0.98	0.98
0.875666	0.929568	-0.98	-0.98	0.98
0.994835	0.878354	-0.98	-0.98	0.98
0.948259	0.816963	-0.98	-0.98	0.98
0.650059	0.648221	-0.98	-0.98	0.98
0.842096	0.616958	-0.98	-0.98	0.98
0.746288	0.733883	-0.98	-0.98	0.98
0.970907	0.843218	-0.98	-0.98	0.98
0.827302	0.747692	-0.98	-0.98	0.98
0.906576	0.642198	-0.98	-0.98	0.98
0.944036	0.894626	-0.98	-0.98	0.98
0.809313	0.740759	-0.98	-0.98	0.98
0.850382	0.756482	-0.98	-0.98	0.98
0.777420	0.620264	-0.98	-0.98	0.98
0.925283	0.771554	-0.98	-0.98	0.98
0.608579	0.886709	-0.98	-0.98	0.98
0.794687	0.829290	-0.98	-0.98	0.98
0.862335	0.685964	-0.98	-0.98	0.98
0.781059	0.978345	-0.98	-0.98	0.98
0.696526	0.928633	-0.98	-0.98	0.98
0.998420	0.810253	-0.98	-0.98	0.98
0.639215	0.713025	-0.98	-0.98	0.98
0.910108	0.839921	-0.98	-0.98	0.98
0.942889	0.782092	-0.98	-0.98	0.98
0.786173	0.882049	-0.98	-0.98	0.98
0.915813	0.987886	-0.98	-0.98	0.98
0.716889	0.799497	-0.98	-0.98	0.98
0.853599	0.721439	-0.98	-0.98	0.98
0.867961	0.850847	-0.98	-0.98	0.98
0.938608	0.750729	-0.98	-0.98	0.98
0.673754	0.604501	-0.98	-0.98	0.98
0.797068	0.753871	-0.98	-0.98	0.98
0.726330	0.934924	-0.98	-0.98	0.98
0.938246	0.995407	-0.98	-0.98	0.98
0.658905	0.677006	-0.98	-0.98	0.98
0.827804	0.775079	-0.98	-0.98	0.98
0.614676	0.751660	-0.98	-0.98	0.98
0.803387	0.617770	-0.98	-0.98	0.98
0.832424	0.622580	-0.98	-0.98	0.98
0.635770	0.922558	-0.98	-0.98	0.98
0.996796	0.871710	-0.98	-0.98	0.98
0.747817	0.861509	-0.98	-0.98	0.98
0.686922	0.915198	-0.98	-0.98	0.98
0.873527	0.809946	-0.98	-0.98	0.98
0.811381	0.644139	-0.98	-0.98	0.98
0.651545	0.896625	-0.98	-0.98	0.98
0.869836	0.994789	-0.98	-0.98	0.98
0.885123	0.601842	-0.98	-0.98	0.98
0.968197	0.924467	-0.98	-0.98	0.98
0.822675	0.866898	-0.98	-0.98	0.98
0.722559	0.977603	-0.98	-0.98	0.98
0.718265	0.990412	-0.98	-0.98	0.98
0.937430	0.827005	-0.98	-0.98	0.98
0.720374	0.705976	-0.98	-0.98	0.98
0.829693	0.729106	-0.98	-0.98	0.98
0.875935	0.969632	-0.98	-0.98	0.98
0.889830	0.804562	-0.98	-0.98	0.98
0.732632	0.646238	-0.98	-0.98	0.98
0.675856	0.825186	-0.98	-0.98	0.98
0.808765	0.923013	-0.98	-0.98	0.98
0.605949	0.951145	-0.98	-0.98	0.98
0.713862	0.923513	-0.98	-0.98	0.98
0.671948	0.922332	-0.98	-0.98	0.98
0.732056	0.994734	-0.98	-0.98	0.98
0.998455	0.629129	-0.98	-0.98	0.98
0.981916	0.720487	-0.98	-0.98	0.98
0.635142	0.736407	-0.98	-0.98	0.98
0.957703	0.777762	-0.98	-0.98	0.98
0.758581	0.651729	-0.98	-0.98	0.98
0.757529	0.942408	-0.98	-0.98	0.98
0.996118	0.604199	-0.98	-0.98	0.98
0.947614	0.787657	-0.98	-0.98	0.98
0.870958	0.756337	-0.98	-0.98	0.98
0.657518	0.787189	-0.98	-0.98	0.98
0.644218	0.850990	-0.98	-0.98	0.98
0.800606	0.979551	-0.98	-0.98	0.98
0.747372	0.981383	-0.98	-0.98	0.98
0.794095	0.790488	-0.98	-0.98	0.98
0.951144	0.725085	-0.98	-0.98	0.98
0.738493	0.954755	-0.98	-0.98	0.98
0.843921	0.848648	-0.98	-0.98	0.98
0.757540	0.950835	-0.98	-0.98	0.98
0.978087	0.741830	-0.98	-0.98	0.98
0.814945	0.611234	-0.98	-0.98	0.98
0.742692	0.788204	-0.98	-0.98	0.98
0.747379	0.930600	-0.98	-0.98	0.98
0.723638	0.734532	-0.98	-0.98	0.98
0.889204	0.838537	-0.98	-0.98	0.98
0.668145	0.974765	-0.98	-0.98	0.98
0.991016	0.877307	-0.98	-0.98	0.98
0.959284	0.772790	-0.98	-0.98	0.98
0.975249	0.960834	-0.98	-0.98	0.98
0.822361	0.981445	-0.98	-0.98	0.98
0.657662	0.708491	-0.98	-0.98	0.98
0.791847	0.908462	-0.98	-0.98	0.98
0.726925	0.686220	-0.98	-0.98	0.98
0.613197	0.731890	-0.98	-0.98	0.98
0.699501	0.947934	-0.98	-0.98	0.98
0.654362	0.619119	-0.98	-0.98	0.98
0.757561	0.968227	-0.98	-0.98	0.98
0.931310	0.601161	-0.98	-0.98	0.98
0.790057	0.750568	-0.98	-0.98	0.98
0.930520	0.881711	-0.98	-0.98	0.98
0.704372	0.947720	-0.98	-0.98	0.98
0.692364	0.633159	-0.98	-0.98	0.98
0.878980	0.981764	-0.98	-0.98	0.98
0.944108	0.760406	-0.98	-0.98	0.98
0.952771	0.771375	-0.98	-0.98	0.98
0.742195	0.619372	-0.98	-0.98	0.98
0.854155	0.771180	-0.98	-0.98	0.98
0.622269	0.876740	-0.98	-0.98	0.98
0.754672	0.691833	-0.98	-0.98	0.98
0.634443	0.773324	-0.98	-0.98	0.98
0.939801	0.891753	-0.98	-0.98	0.98
0.677831	0.701988	-0.98	-0.98	0.98
0.900089	0.875532	-0.98	-0.98	0.98
0.740684	0.669560	-0.98	-0.98	0.98
0.697441	0.860228	-0.98	-0.98	0.98
0.841472	0.864373	-0.98	-0.98	0.98
0.645564	0.769814	-0.98	-0.98	0.98
0.908142	0.909868	-0.98	-0.98	0.98
0.806787	0.600613	-0.98	-0.98	0.98
0.791947	0.691382	-0.98	-0.98	0.98
0.824386	0.732455	-0.98	-0.98	0.98
0.757593	0.775436	-0.98	-0.98	0.98
0.978693	0.632929	-0.98	-0.98	0.98
0.754684	0.713497	-0.98	-0.98	0.98
0.739400	0.657296	-0.98	-0.98	0.98
0.613523	0.708995	-0.98	-0.98	0.98
0.986728	0.699327	-0.98	-0.98	0.98
0.801094	0.917548	-0.98	-0.98	0.98
0.856133	0.953502	-0.98	-0.98	0.98
0.831743	0.893388	-0.98	-0.98	0.98
0.728956	0.665628	-0.98	-0.98	0.98
0.711406	0.637780	-0.98	-0.98	0.98
0.938850	0.829846	-0.98	-0.98	0.98
0.974228	0.984904	-0.98	-0.98	0.98
0.997659	0.885735	-0.98	-0.98	0.98
0.715953	0.779409	-0.98	-0.98	0.98
0.979990	0.784889	-0.98	-0.98	0.98
0.768487	0.868224	-0.98	-0.98	0.98
0.703768	0.636221	-0.98	-0.98	0.98
0.892914	0.920733	-0.98	-0.98	0.98
0.737585	0.905563	-0.98	-0.98	0.98
0.841744	0.995672	-0.98	-0.98	0.98
0.700221	0.924920	-0.98	-0.98	0.98
0.715984	0.847706	-0.98	-0.98	0.98
0.742280	0.985129	-0.98	-0.98	0.98
0.793813	0.806647	-0.98	-0.98	0.98
0.890877	0.899114	-0.98	-0.98	0.98
0.667228	0.937804	-0.98	-0.98	0.98
0.766971	0.944199	-0.98	-0.98	0.98
0.910000	0.884350	-0.98	-0.98	0.98
0.979086	0.880265	-0.98	-0.98	0.98
0.887989	0.772833	-0.98	-0.98	0.98
0.985964	0.708099	-0.98	-0.98	0.98
0.620833	0.702573	-0.98	-0.98	0.98
0.705473	0.656557	-0.98	-0.98	0.98
0.680941	0.613872	-0.98	-0.98	0.98
0.826062	0.634681	-0.98	-0.98	0.98
0.648296	0.888869	-0.98	-0.98	0.98
0.965744	0.687305	-0.98	-0.98	0.98
0.819210	0.672706	-0.98	-0.98	0.98
0.959719	0.773458	-0.98	-0.98	0.98
0.701911	0.608572	-0.98	-0.98	0.98
0.634480	0.787939	-0.98	-0.98	0.98
0.695353	0.639594	-0.98	-0.98	0.98
0.958469	0.820278	-0.98	-0.98	0.98
0.850824	0.844853	-0.98	-0.98	0.98
0.634171	0.733784	-0.98	-0.98	0.98
0.685767	0.931310	-0.98	-0.98	0.98
0.877919	0.674017	-0.98	-0.98	0.98
0.943054	0.920397	-0.98	-0.98	0.98
0.843622	0.938815	-0.98	-0.98	0.98
0.997239	0.947146	-0.98	-0.98	0.98
0.942038	0.621869	-0.98	-0.98	0.98
0.693230	0.767563	-0.98	-0.98	0.98
0.643474	0.942842	-0.98	-0.98	0.98
0.861460	0.798651	-0.98	-0.98	0.98
0.651794	0.972215	-0.98	-0.98	0.98
0.980663	0.800336	-0.98	-0.98	0.98
0.756176	0.839102	-0.98	-0.98	0.98
0.611795	0.867550	-0.98	-0.98	0.98
0.859123	0.847069	-0.98	-0.98	0.98
0.728516	0.925469	-0.98	-0.98	0.98
0.816346	0.727061	-0.98	-0.98	0.98
0.994500	0.827734	-0.98	-0.98	0.98
0.983034	0.680024	-0.98	-0.98	0.98
0.958871	0.678436	-0.98	-0.98	0.98
0.784488	0.939539	-0.98	-0.98	0.98
0.624024	0.739534	-0.98	-0.98	0.98
0.830364	0.895778	-0.98	-0.98	0.98
0.882090	0.979311	-0.98	-0.98	0.98
0.860209	0.688824	-0.98	-0.98	0.98
0.653028	0.656536	-0.98	-0.98	0.98
0.853435	0.622991	-0.98	-0.98	0.98
0.965085	0.995917	-0.98	-0.98	0.98
0.698874	0.678306	-0.98	-0.98	0.98
0.699412	0.896212	-0.98	-0.98	0.98
0.794109	0.886120	-0.98	-0.98	0.98
0.771821	0.846876	-0.98	-0.98	0.98
0.995754	0.958445	-0.98	-0.98	0.98
0.907871	0.645106	-0.98	-0.98	0.98
0.889803	0.878783	-0.98	-0.98	0.98
0.958543	0.674736	-0.98	-0.98	0.98
0.945525	0.684972	-0.98	-0.98	0.98
0.618957	0.989753	-0.98	-0.98	0.98
0.753905	0.783106	-0.98	-0.98	0.98
0.868079	0.677323	-0.98	-0.98	0.98
0.932652	0.740145	-0.98	-0.98	0.98
0.994019	0.628370	-0.98	-0.98	0.98
0.658889	0.742270	-0.98	-0.98	0.98
0.850193	0.785263	-0.98	-0.98	0.98
0.735515	0.713578	-0.98	-0.98	0.98
0.797699	0.975264	-0.98	-0.98	0.98
0.642476	0.876156	-0.98	-0.98	0.98
0.655324	0.657936	-0.98	-0.98	0.98
0.989148	0.649942	-0.98	-0.98	0.98
0.978743	0.895589	-0.98	-0.98	0.98
0.670792	0.951784	-0.98	-0.98	0.98
0.603136	0.962149	-0.98	-0.98	0.98
0.686088	0.724225	-0.98	-0.98	0.98
0.777072	0.636080	-0.98	-0.98	0.98
0.762826	0.932271	-0.98	-0.98	0.98
0.775161	0.982356	-0.98	-0.98	0.98
0.631909	0.848844	-0.98	-0.98	0.98
0.648647	0.757026	-0.98	-0.98	0.98
0.710430	0.829624	-0.98	-0.98	0.98
0.659944	0.728845	-0.98	-0.98	0.98
0.626838	0.968948	-0.98	-0.98	0.98
0.844165	0.911920	-0.98	-0.98	0.98
0.955204	0.752167	-0.98	-0.98	0.98
0.721510	0.857244	-0.98	-0.98	0.98
0.640069	0.932419	-0.98	-0.98	0.98
0.727301	0.674567	-0.98	-0.98	0.98
0.910233	0.703152	-0.98	-0.98	0.98
0.687400	0.643930	-0.98	-0.98	0.98
0.692632	0.962948	-0.98	-0.98	0.98
0.927161	0.688046	-0.98	-0.98	0.98
0.753330	0.766980	-0.98	-0.98	0.98
0.941883	0.723274	-0.98	-0.98	0.98
0.661561	0.740325	-0.98	-0.98	0.98
0.739254	0.699232	-0.98	-0.98	0.98
0.828192	0.671389	-0.98	-0.98	0.98
0.603365	0.936637	-0.98	-0.98	0.98
0.894089	0.864824	-0.98	-0.98	0.98
0.964095	0.942074	-0.98	-0.98	0.98
0.970760	0.847391	-0.98	-0.98	0.98
0.854477	0.952012	-0.98	-0.98	0.98
0.612887	0.759308	-0.98	-0.98	0.98
0.609816	0.885673	-0.98	-0.98	0.98
0.751653	0.827499	-0.98	-0.98	0.98
0.800148	0.691546	-0.98	-0.98	0.98
0.990060	0.719528	-0.98	-0.98	0.98
0.635433	0.600308	-0.98	-0.98	0.98
0.804265	0.700541	-0.98	-0.98	0.98
0.804534	0.760675	-0.98	-0.98	0.98
0.814666	0.814966	-0.98	-0.98	0.98
0.833804	0.832233	-0.98	-0.98	0.98
0.665559	0.878075	-0.98	-0.98	0.98
0.674229	0.627960	-0.98	-0.98	0.98
0.904653	0.602800	-0.98	-0.98	0.98
0.961146	0.879732	-0.98	-0.98	0.98
0.797620	0.687219	-0.98	-0.98	0.98
0.790440	0.630440	-0.98	-0.98	0.98
0.725294	0.872129	-0.98	-0.98	0.98
0.933170	0.676319	-0.98	-0.98	0.98
0.941393	0.859532	-0.98	-0.98	0.98
0.962014	0.622902	-0.98	-0.98	0.98
0.634006	0.783308	-0.98	-0.98	0.98
0.775967	0.618857	-0.98	-0.98	0.98
0.732123	0.750836	-0.98	-0.98	0.98
0.663459	0.875344	-0.98	-0.98	0.98
0.771376	0.707575	-0.98	-0.98	0.98
0.875745	0.720704	-0.98	-0.98	0.98
0.666602	0.885167	-0.98	-0.98	0.98
0.772296	0.626864	-0.98	-0.98	0.98
0.829887	0.622006	-0.98	-0.98	0.98
0.790009	0.838016	-0.98	-0.98	0.98
0.603522	0.850466	-0.98	-0.98	0.98
0.611489	0.756022	-0.98	-0.98	0.98
0.820636	0.722608	-0.98	-0.98	0.98
0.794890	0.694279	-0.98	-0.98	0.98
0.981776	0.769759	-0.98	-0.98	0.98
0.729584	0.800030	-0.98	-0.98	0.98
0.606523	0.864159	-0.98	-0.98	0.98
0.961941	0.783691	-0.98	-0.98	0.98
0.782532	0.676975	-0.98	-0.98	0.98
0.902865	0.992207	-0.98	-0.98	0.98
0.808923	0.672349	-0.98	-0.98	0.98
0.962396	0.772766	-0.98	-0.98	0.98
0.654147	0.754759	-0.98	-0.98	0.98
0.666599	0.938034	-0.98	-0.98	0.98
0.980584	0.945040	-0.98	-0.98	0.98
0.787833	0.953277	-0.98	-0.98	0.98
0.661638	0.826503	-0.98	-0.98	0.98
0.936691	0.630178	-0.98	-0.98	0.98
0.830865	0.865529	-0.98	-0.98	0.98
0.873833	0.945557	-0.98	-0.98	0.98
0.637989	0.639322	-0.98	-0.98	0.98
0.707998	0.783021	-0.98	-0.98	0.98
0.791690	0.910535	-0.98	-0.98	0.98
0.800493	0.677938	-0.98	-0.98	0.98
0.875735	0.612351	-0.98	-0.98	0.98
0.761236	0.926107	-0.98	-0.98	0.98
0.788727	0.978846	-0.98	-0.98	0.98
0.868011	0.726488	-0.98	-0.98	0.98
0.753145	0.772154	-0.98	-0.98	0.98
0.630578	0.721675	-0.98	-0.98	0.98
0.827300	0.619537	-0.98	-0.98	0.98
0.835794	0.947779	-0.98	-0.98	0.98
0.939282	0.645305	-0.98	-0.98	0.98
0.689534	0.891365	-0.98	-0.98	0.98
0.995009	0.838874	-0.98	-0.98	0.98
0.678187	0.675503	-0.98	-0.98	0.98
0.864651	0.907475	-0.98	-0.98	0.98
0.700446	0.611151	-0.98	-0.98	0.98
0.973333	0.981123	-0.98	-0.98	0.98
0.672755	0.827312	-0.98	-0.98	0.98
0.709981	0.673170	-0.98	-0.98	0.98
0.654393	0.811744	-0.98	-0.98	0.98
0.870981	0.695995	-0.98	-0.98	0.98
0.757529	0.613331	-0.98	-0.98	0.98
0.736836	0.850614	-0.98	-0.98	0.98
0.758546	0.728596	-0.98	-0.98	0.98
0.600123	0.992983	-0.98	-0.98	0.98
0.806773	0.764064	-0.98	-0.98	0.98
0.965656	0.985701	-0.98	-0.98	0.98
0.924545	0.968496	-0.98	-0.98	0.98
0.709061	0.922174	-0.98	-0.98	0.98
0.609718	0.902989	-0.98	-0.98	0.98
0.647906	0.695198	-0.98	-0.98	0.98
0.631050	0.671828	-0.98	-0.98	0.98
0.973374	0.943008	-0.98	-0.98	0.98
0.918937	0.988584	-0.98	-0.98	0.98
0.777485	0.634322	-0.98	-0.98	0.98
0.911126	0.757241	-0.98	-0.98	0.98
0.667054	0.701682	-0.98	-0.98	0.98
0.719657	0.880726	-0.98	-0.98	0.98
0.782186	0.669057	-0.98	-0.98	0.98
0.863990	0.696368	-0.98	-0.98	0.98
0.816554	0.657687	-0.98	-0.98	0.98
0.700476	0.871864	-0.98	-0.98	0.98
0.826949	0.857680	-0.98	-0.98	0.98
0.685593	0.939213	-0.98	-0.98	0.98
0.966350	0.908393	-0.98	-0.98	0.98
0.878880	0.807110	-0.98	-0.98	0.98
0.692239	0.639755	-0.98	-0.98	0.98
0.642972	0.954728	-0.98	-0.98	0.98
0.858834	0.930726	-0.98	-0.98	0.98
0.775131	0.853387	-0.98	-0.98	0.98
0.868263	0.666964	-0.98	-0.98	0.98
0.974410	0.716769	-0.98	-0.98	0.98
0.635396	0.853374	-0.98	-0.98	0.98
0.968296	0.807092	-0.98	-0.98	0.98
0.686980	0.808969	-0.98	-0.98	0.98
0.947923	0.682854	-0.98	-0.98	0.98
0.920393	0.877691	-0.98	-0.98	0.98
0.982923	0.771962	-0.98	-0.98	0.98
0.956473	0.616593	-0.98	-0.98	0.98
0.782864	0.797366	-0.98	-0.98	0.98
0.699175	0.707518	-0.98	-0.98	0.98
0.706491	0.754139	-0.98	-0.98	0.98
0.913700	0.816994	-0.98	-0.98	0.98
0.728105	0.635188	-0.98	-0.98	0.98
0.625801	0.745609	-0.98	-0.98	0.98
0.785548	0.967460	-0.98	-0.98	0.98
0.762029	0.873124	-0.98	-0.98	0.98
0.799865	0.644055	-0.98	-0.98	0.98
0.997488	0.668049	-0.98	-0.98	0.98
0.877661	0.781555	-0.98	-0.98	0.98
0.749279	0.949349	-0.98	-0.98	0.98
0.625967	0.935200	-0.98	-0.98	0.98
0.881547	0.870247	-0.98	-0.98	0.98
0.988925	0.653225	-0.98	-0.98	0.98
0.741140	0.632950	-0.98	-0.98	0.98
0.646454	0.800253	-0.98	-0.98	0.98
0.929825	0.624213	-0.98	-0.98	0.98
0.958634	0.622904	-0.98	-0.98	0.98
0.902674	0.809171	-0.98	-0.98	0.98
0.665999	0.853267	-0.98	-0.98	0.98
0.638828	0.797299	-0.98	-0.98	0.98
0.871129	0.737117	-0.98	-0.98	0.98
0.620456	0.635416	-0.98	-0.98	0.98
0.917368	0.953292	-0.98	-0.98	0.98
0.946821	0.784476	-0.98	-0.98	0.98
0.883910	0.885903	-0.98	-0.98	0.98
0.614342	0.818953	-0.98	-0.98	0.98
0.615374	0.703075	-0.98	-0.98	0.98
0.838839	0.715276	-0.98	-0.98	0.98
0.600394	0.682578	-0.98	-0.98	0.98
0.922361	0.605592	-0.98	-0.98	0.98
0.636530	0.755305	-0.98	-0.98	0.98
0.975221	0.727766	-0.98	-0.98	0.98
0.631568	0.817174	-0.98	-0.98	0.98
0.823178	0.790640	-0.98	-0.98	0.98
0.604249	0.995744	-0.98	-0.98	0.98
0.964317	0.797328	-0.98	-0.98	0.98
0.898085	0.670018	-0.98	-0.98	0.98
0.927400	0.912000	-0.98	-0.98	0.98
0.798973	0.919656	-0.98	-0.98	0.98
0.688559	0.699501	-0.98	-0.98	0.98
0.771767	0.860400	-0.98	-0.98	0.98
0.843357	0.651680	-0.98	-0.98	0.98
0.758708	0.959044	-0.98	-0.98	0.98
0.903052	0.748240	-0.98	-0.98	0.98
0.851157	0.781023	-0.98	-0.98	0.98
0.838728	0.794846	-0.98	-0.98	0.98
0.663779	0.602584	-0.98	-0.98	0.98
0.863666	0.785494	-0.98	-0.98	0.98
0.820981	0.638986	-0.98	-0.98	0.98
0.873660	0.886131	-0.98	-0.98	0.98
0.659332	0.948190	-0.98	-0.98	0.98
0.784944	0.646508	-0.98	-0.98	0.98
0.899445	0.766019	-0.98	-0.98	0.98
0.817659	0.851739	-0.98	-0.98	0.98
0.695944	0.749810	-0.98	-0.98	0.98
0.643544	0.721831	-0.98	-0.98	0.98
0.802933	0.981255	-0.98	-0.98	0.98
0.760128	0.835551	-0.98	-0.98	0.98
0.759141	0.951762	-0.98	-0.98	0.98
0.659270	0.926241	-0.98	-0.98	0.98
0.724046	0.801994	-0.98	-0.98	0.98
0.777291	0.695144	-0.98	-0.98	0.98
0.945728	0.660128	-0.98	-0.98	0.98
0.719239	0.681026	-0.98	-0.98	0.98
0.715591	0.846968	-0.98	-0.98	0.98
0.638838	0.899292	-0.98	-0.98	0.98
0.939777	0.714823	-0.98	-0.98	0.98
0.730524	0.866198	-0.98	-0.98	0.98
0.641685	0.685591	-0.98	-0.98	0.98
0.664173	0.811732	-0.98	-0.98	0.98
0.676209	0.813799	-0.98	-0.98	0.98
0.814801	0.879489	-0.98	-0.98	0.98
0.987275	0.892613	-0.98	-0.98	0.98
0.936129	0.663287	-0.98	-0.98	0.98
0.950600	0.757142	-0.98	-0.98	0.98
0.952009	0.626865	-0.98	-0.98	0.98
0.859633	0.768695	-0.98	-0.98	0.98
0.620704	0.902736	-0.98	-0.98	0.98
0.728118	0.676684	-0.98	-0.98	0.98
0.807677	0.620893	-0.98	-0.98	0.98
0.785591	0.774636	-0.98	-0.98	0.98
0.932254	0.998508	-0.98	-0.98	0.98
0.823600	0.995804	-0.98	-0.98	0.98
0.768358	0.871084	-0.98	-0.98	0.98
0.677160	0.794082	-0.98	-0.98	0.98
0.771439	0.651823	-0.98	-0.98	0.98
0.933346	0.960634	-0.98	-0.98	0.98
0.898077	0.889454	-0.98	-0.98	0.98
0.897133	0.618993	-0.98	-0.98	0.98
0.758998	0.943618	-0.98	-0.98	0.98
0.636518	0.997007	-0.98	-0.98	0.98
0.716231	0.774620	-0.98	-0.98	0.98
0.664912	0.999179	-0.98	-0.98	0.98
0.630222	0.673246	-0.98	-0.98	0.98
0.885598	0.642327	-0.98	-0.98	0.98
0.633498	0.816057	-0.98	-0.98	0.98
0.785986	0.636882	-0.98	-0.98	0.98
0.640756	0.812795	-0.98	-0.98	0.98
0.898023	0.654402	-0.98	-0.98	0.98
0.888938	0.801364	-0.98	-0.98	0.98
0.993683	0.653798	-0.98	-0.98	0.98
0.983698	0.674641	-0.98	-0.98	0.98
0.694256	0.754250	-0.98	-0.98	0.98
0.807052	0.693090	-0.98	-0.98	0.98
0.882110	0.650078	-0.98	-0.98	0.98
0.674796	0.676120	-0.98	-0.98	0.98
0.762424	0.963583	-0.98	-0.98	0.98
0.805279	0.960250	-0.98	-0.98	0.98
0.951369	0.803523	-0.98	-0.98	0.98
0.730543	0.825594	-0.98	-0.98	0.98
0.795118	0.856807	-0.98	-0.98	0.98
0.976818	0.956511	-0.98	-0.98	0.98
0.947515	0.608792	-0.98	-0.98	0.98
0.878413	0.995988	-0.98	-0.98	0.98
0.673141	0.980332	-0.98	-0.98	0.98
0.782316	0.643059	-0.98	-0.98	0.98
0.722351	0.672658	-0.98	-0.98	0.98
0.649942	0.630309	-0.98	-0.98	0.98
0.682525	0.999116	-0.98	-0.98	0.98
0.687229	0.894594	-0.98	-0.98	0.98
0.656199	0.891913	-0.98	-0.98	0.98
0.867704	0.647244	-0.98	-0.98	0.98
0.769528	0.932092	-0.98	-0.98	0.98
0.918849	0.866172	-0.98	-0.98	0.98
