-0.347817	0.362439	0.98	-0.98	-0.98
0.132419	-0.670997	0.98	-0.98	-0.98
0.580517	0.199506	0.98	-0.98	-0.98
0.591634	-0.100050	0.98	-0.98	-0.98
0.166639	0.470173	0.98	-0.98	-0.98
-0.377505	-0.544776	0.98	-0.98	-0.98
-0.066196	-0.538576	0.98	-0.98	-0.98
-0.286591	-0.332709	0.98	-0.98	-0.98
-0.507980	-0.411368	0.98	-0.98	-0.98
0.599345	-0.059111	0.98	-0.98	-0.98
0.127887	0.631169	0.98	-0.98	-0.98
-0.674439	-0.062176	0.98	-0.98	-0.98
0.140545	-0.647423	0.98	-0.98	-0.98
0.255379	0.355314	0.98	-0.98	-0.98
-0.578527	0.099093	0.98	-0.98	-0.98
0.210014	0.402906	0.98	-0.98	-0.98
0.222624	0.630893	0.98	-0.98	-0.98
0.304697	0.377537	0.98	-0.98	-0.98
-0.530558	0.409706	0.98	-0.98	-0.98
-0.204541	0.567599	0.98	-0.98	-0.98
0.162827	-0.487388	0.98	-0.98	-0.98
0.401742	-0.008792	0.98	-0.98	-0.98
0.448169	0.257655	0.98	-0.98	-0.98
0.580178	0.132114	0.98	-0.98	-0.98
-0.381032	0.582569	0.98	-0.98	-0.98
-0.521194	-0.037952	0.98	-0.98	-0.98
0.314003	-0.455703	0.98	-0.98	-0.98
-0.189377	-0.528661	0.98	-0.98	-0.98
-0.263483	-0.581078	0.98	-0.98	-0.98
0.393697	-0.347986	0.98	-0.98	-0.98
-0.097891	-0.647360	0.98	-0.98	-0.98
-0.148278	-0.586037	0.98	-0.98	-0.98
0.265227	-0.410053	0.98	-0.98	-0.98
-0.426977	-0.469167	0.98	-0.98	-0.98
0.375258	0.343921	0.98	-0.98	-0.98
-0.521209	-0.088766	0.98	-0.98	-0.98
-0.405074	-0.024770	0.98	-0.98	-0.98
-0.139250	-0.641615	0.98	-0.98	-0.98
-0.277601	0.371452	0.98	-0.98	-0.98
-0.213849	0.536820	0.98	-0.98	-0.98
0.063759	0.530389	0.98	-0.98	-0.98
0.329866	0.538362	0.98	-0.98	-0.98
0.324764	0.378173	0.98	-0.98	-0.98
-0.657840	0.038306	0.98	-0.98	-0.98
-0.314644	0.272548	0.98	-0.98	-0.98
0.092586	-0.570257	0.98	-0.98	-0.98
0.330617	0.271219	0.98	-0.98	-0.98
0.162162	0.465707	0.98	-0.98	-0.98
0.494918	0.308279	0.98	-0.98	-0.98
-0.343597	0.209397	0.98	-0.98	-0.98
-0.415563	-0.334099	0.98	-0.98	-0.98
0.031992	0.458432	0.98	-0.98	-0.98
0.502055	-0.379121	0.98	-0.98	-0.98
0.140479	0.431340	0.98	-0.98	-0.98
0.062564	0.452036	0.98	-0.98	-0.98
0.422502	-0.265716	0.98	-0.98	-0.98
0.598159	-0.241477	0.98	-0.98	-0.98
0.059354	0.521723	0.98	-0.98	-0.98
-0.430808	-0.403645	0.98	-0.98	-0.98
-0.340254	0.342355	0.98	-0.98	-0.98
-0.375250	-0.194409	0.98	-0.98	-0.98
-0.039381	0.589170	0.98	-0.98	-0.98
-0.418075	-0.078942	0.98	-0.98	-0.98
-0.589206	-0.200859	0.98	-0.98	-0.98
0.023852	-0.679278	0.98	-0.98	-0.98
-0.303971	-0.507120	0.98	-0.98	-0.98
0.420752	-0.207777	0.98	-0.98	-0.98
-0.191916	-0.486347	0.98	-0.98	-0.98
0.167218	-0.386732	0.98	-0.98	-0.98
0.484770	-0.490251	0.98	-0.98	-0.98
0.109366	-0.683736	0.98	-0.98	-0.98
-0.330910	0.318168	0.98	-0.98	-0.98
-0.396671	-0.057306	0.98	-0.98	-0.98
-0.285233	-0.479952	0.98	-0.98	-0.98
-0.034885	0.432722	0.98	-0.98	-0.98
-0.505006	0.403711	0.98	-0.98	-0.98
-0.674894	-0.086834	0.98	-0.98	-0.98
0.612915	0.059223	0.98	-0.98	-0.98
-0.358032	-0.209530	0.98	-0.98	-0.98
-0.526471	-0.093059	0.98	-0.98	-0.98
-0.557341	-0.160104	0.98	-0.98	-0.98
-0.241661	0.525616	0.98	-0.98	-0.98
0.403255	0.481656	0.98	-0.98	-0.98
0.280436	-0.513727	0.98	-0.98	-0.98
0.259091	-0.644530	0.98	-0.98	-0.98
0.570902	0.203498	0.98	-0.98	-0.98
0.027220	-0.577789	0.98	-0.98	-0.98
-0.534833	0.202916	0.98	-0.98	-0.98
-0.083240	0.511243	0.98	-0.98	-0.98
-0.661517	0.147296	0.98	-0.98	-0.98
0.485349	0.029967	0.98	-0.98	-0.98
-0.639380	0.124105	0.98	-0.98	-0.98
0.507039	0.103295	0.98	-0.98	-0.98
0.221280	0.626187	0.98	-0.98	-0.98
0.201884	0.667425	0.98	-0.98	-0.98
-0.154416	0.426258	0.98	-0.98	-0.98
0.392016	-0.291390	0.98	-0.98	-0.98
-0.116545	-0.403408	0.98	-0.98	-0.98
-0.090336	0.585504	0.98	-0.98	-0.98
-0.159257	0.552998	0.98	-0.98	-0.98
0.035913	0.640948	0.98	-0.98	-0.98
-0.021116	-0.597423	0.98	-0.98	-0.98
0.439573	0.497365	0.98	-0.98	-0.98
0.478491	0.503584	0.98	-0.98	-0.98
0.080535	-0.530461	0.98	-0.98	-0.98
0.470703	-0.261014	0.98	-0.98	-0.98
-0.327688	-0.410773	0.98	-0.98	-0.98
-0.134681	-0.607932	0.98	-0.98	-0.98
0.412481	-0.336214	0.98	-0.98	-0.98
0.590566	-0.323216	0.98	-0.98	-0.98
0.166469	0.381907	0.98	-0.98	-0.98
-0.079236	-0.542793	0.98	-0.98	-0.98
0.407536	0.006035	0.98	-0.98	-0.98
-0.034635	0.566270	0.98	-0.98	-0.98
-0.573827	0.166334	0.98	-0.98	-0.98
0.235457	-0.627887	0.98	-0.98	-0.98
-0.096796	0.637634	0.98	-0.98	-0.98
0.472961	0.435947	0.98	-0.98	-0.98
-0.588762	0.253272	0.98	-0.98	-0.98
0.442963	-0.538218	0.98	-0.98	-0.98
0.340993	0.536886	0.98	-0.98	-0.98
-0.482181	0.244480	0.98	-0.98	-0.98
0.498437	-0.244214	0.98	-0.98	-0.98
-0.066440	0.446066	0.98	-0.98	-0.98
-0.291196	-0.551625	0.98	-0.98	-0.98
-0.492602	0.266494	0.98	-0.98	-0.98
0.387648	-0.316629	0.98	-0.98	-0.98
-0.026529	-0.661334	0.98	-0.98	-0.98
-0.219575	-0.423255	0.98	-0.98	-0.98
0.403578	0.126421	0.98	-0.98	-0.98
-0.078284	0.464974	0.98	-0.98	-0.98
0.491703	-0.253219	0.98	-0.98	-0.98
-0.201451	-0.510266	0.98	-0.98	-0.98
0.175826	-0.543414	0.98	-0.98	-0.98
0.145640	0.460730	0.98	-0.98	-0.98
0.530603	0.334386	0.98	-0.98	-0.98
-0.113181	0.649974	0.98	-0.98	-0.98
0.117257	-0.664676	0.98	-0.98	-0.98
0.431417	-0.408671	0.98	-0.98	-0.98
0.615764	0.077459	0.98	-0.98	-0.98
-0.608770	0.026318	0.98	-0.98	-0.98
-0.528774	-0.308359	0.98	-0.98	-0.98
0.556555	0.371183	0.98	-0.98	-0.98
0.379730	0.462108	0.98	-0.98	-0.98
0.515479	-0.178570	0.98	-0.98	-0.98
-0.529356	0.207099	0.98	-0.98	-0.98
0.295529	0.373050	0.98	-0.98	-0.98
-0.412049	-0.103663	0.98	-0.98	-0.98
0.367189	-0.495463	0.98	-0.98	-0.98
0.438223	-0.179118	0.98	-0.98	-0.98
-0.217881	-0.585471	0.98	-0.98	-0.98
-0.292025	-0.427472	0.98	-0.98	-0.98
0.612346	0.216508	0.98	-0.98	-0.98
-0.281373	0.520199	0.98	-0.98	-0.98
0.296622	-0.354092	0.98	-0.98	-0.98
-0.366157	0.167229	0.98	-0.98	-0.98
-0.012273	-0.564256	0.98	-0.98	-0.98
0.667443	0.075564	0.98	-0.98	-0.98
0.262848	-0.539940	0.98	-0.98	-0.98
0.204844	-0.544321	0.98	-0.98	-0.98
-0.468827	0.431417	0.98	-0.98	-0.98
-0.329164	-0.616815	0.98	-0.98	-0.98
-0.595481	-0.265144	0.98	-0.98	-0.98
-0.063185	-0.522744	0.98	-0.98	-0.98
0.006124	0.523678	0.98	-0.98	-0.98
0.493949	0.204302	0.98	-0.98	-0.98
0.056795	0.661773	0.98	-0.98	-0.98
-0.459638	-0.259748	0.98	-0.98	-0.98
0.540885	-0.339021	0.98	-0.98	-0.98
0.531720	0.301170	0.98	-0.98	-0.98
-0.522905	-0.037313	0.98	-0.98	-0.98
0.542791	0.238087	0.98	-0.98	-0.98
-0.420054	-0.418431	0.98	-0.98	-0.98
0.403361	0.361085	0.98	-0.98	-0.98
0.019593	0.464767	0.98	-0.98	-0.98
0.496545	0.065865	0.98	-0.98	-0.98
0.564063	0.024792	0.98	-0.98	-0.98
0.694092	-0.049486	0.98	-0.98	-0.98
-0.064812	-0.465185	0.98	-0.98	-0.98
0.237340	-0.525859	0.98	-0.98	-0.98
0.356397	0.362443	0.98	-0.98	-0.98
-0.536994	-0.256646	0.98	-0.98	-0.98
-0.103439	-0.406895	0.98	-0.98	-0.98
-0.055089	0.534384	0.98	-0.98	-0.98
0.087535	-0.583210	0.98	-0.98	-0.98
0.530648	0.024770	0.98	-0.98	-0.98
-0.204507	0.381529	0.98	-0.98	-0.98
0.120295	0.402504	0.98	-0.98	-0.98
0.568390	0.383438	0.98	-0.98	-0.98
-0.448992	-0.511512	0.98	-0.98	-0.98
0.635245	0.172349	0.98	-0.98	-0.98
0.366824	0.540871	0.98	-0.98	-0.98
-0.444555	-0.125252	0.98	-0.98	-0.98
0.567970	0.393333	0.98	-0.98	-0.98
-0.003303	-0.673588	0.98	-0.98	-0.98
-0.025669	-0.406596	0.98	-0.98	-0.98
0.342303	-0.335669	0.98	-0.98	-0.98
-0.429337	-0.018524	0.98	-0.98	-0.98
-0.572281	-0.295371	0.98	-0.98	-0.98
-0.465833	0.285867	0.98	-0.98	-0.98
-0.212735	0.427421	0.98	-0.98	-0.98
0.529605	-0.295218	0.98	-0.98	-0.98
-0.546619	-0.154006	0.98	-0.98	-0.98
-0.145790	-0.415828	0.98	-0.98	-0.98
0.055562	-0.408601	0.98	-0.98	-0.98
-0.084402	0.398782	0.98	-0.98	-0.98
0.207971	0.649530	0.98	-0.98	-0.98
0.325533	0.333555	0.98	-0.98	-0.98
-0.037246	-0.436593	0.98	-0.98	-0.98
-0.607204	0.323016	0.98	-0.98	-0.98
-0.541516	0.100806	0.98	-0.98	-0.98
0.273916	-0.483765	0.98	-0.98	-0.98
-0.543773	-0.376245	0.98	-0.98	-0.98
0.510827	-0.116853	0.98	-0.98	-0.98
0.136671	0.481423	0.98	-0.98	-0.98
0.160963	-0.564819	0.98	-0.98	-0.98
-0.172328	0.610912	0.98	-0.98	-0.98
-0.625243	0.296850	0.98	-0.98	-0.98
-0.574241	-0.135611	0.98	-0.98	-0.98
-0.269557	-0.501005	0.98	-0.98	-0.98
0.629507	-0.206805	0.98	-0.98	-0.98
-0.251652	0.496201	0.98	-0.98	-0.98
-0.098556	-0.609698	0.98	-0.98	-0.98
-0.055173	0.602701	0.98	-0.98	-0.98
-0.433006	0.061999	0.98	-0.98	-0.98
0.049127	0.597192	0.98	-0.98	-0.98
0.260994	0.597791	0.98	-0.98	-0.98
0.661111	-0.008070	0.98	-0.98	-0.98
0.481532	-0.364389	0.98	-0.98	-0.98
-0.438257	-0.173800	0.98	-0.98	-0.98
0.423985	-0.463025	0.98	-0.98	-0.98
-0.190207	0.642051	0.98	-0.98	-0.98
-0.470648	-0.050000	0.98	-0.98	-0.98
-0.374733	0.451826	0.98	-0.98	-0.98
0.491699	-0.494321	0.98	-0.98	-0.98
-0.151013	-0.629868	0.98	-0.98	-0.98
-0.276825	-0.409625	0.98	-0.98	-0.98
0.682400	-0.150301	0.98	-0.98	-0.98
0.464809	-0.500127	0.98	-0.98	-0.98
0.415870	-0.379230	0.98	-0.98	-0.98
-0.362560	0.404099	0.98	-0.98	-0.98
0.586104	-0.126432	0.98	-0.98	-0.98
-0.511046	-0.078011	0.98	-0.98	-0.98
-0.241093	0.535364	0.98	-0.98	-0.98
0.387094	0.143984	0.98	-0.98	-0.98
-0.322368	-0.361856	0.98	-0.98	-0.98
0.330662	-0.326126	0.98	-0.98	-0.98
0.000383	0.684662	0.98	-0.98	-0.98
-0.536217	-0.042933	0.98	-0.98	-0.98
-0.415994	-0.553381	0.98	-0.98	-0.98
-0.395205	0.492720	0.98	-0.98	-0.98
-0.323038	-0.477787	0.98	-0.98	-0.98
0.017615	-0.521759	0.98	-0.98	-0.98
0.332367	-0.432702	0.98	-0.98	-0.98
0.306536	0.341138	0.98	-0.98	-0.98
-0.477598	0.113819	0.98	-0.98	-0.98
-0.032900	0.621194	0.98	-0.98	-0.98
-0.415712	-0.331817	0.98	-0.98	-0.98
-0.300526	0.618477	0.98	-0.98	-0.98
-0.416565	0.218409	0.98	-0.98	-0.98
0.071279	-0.534431	0.98	-0.98	-0.98
-0.384564	0.524712	0.98	-0.98	-0.98
-0.354164	0.204234	0.98	-0.98	-0.98
0.502891	-0.333956	0.98	-0.98	-0.98
-0.486048	0.409938	0.98	-0.98	-0.98
-0.665789	-0.111986	0.98	-0.98	-0.98
-0.576708	-0.082599	0.98	-0.98	-0.98
0.380728	0.494609	0.98	-0.98	-0.98
-0.557388	-0.143176	0.98	-0.98	-0.98
0.411533	0.505878	0.98	-0.98	-0.98
-0.519711	-0.043521	0.98	-0.98	-0.98
0.304241	0.491390	0.98	-0.98	-0.98
0.291412	-0.467537	0.98	-0.98	-0.98
-0.307336	-0.263494	0.98	-0.98	-0.98
-0.487698	0.011027	0.98	-0.98	-0.98
0.232789	0.458278	0.98	-0.98	-0.98
0.562356	-0.161478	0.98	-0.98	-0.98
0.660439	-0.032740	0.98	-0.98	-0.98
-0.328890	-0.604298	0.98	-0.98	-0.98
-0.558987	0.185704	0.98	-0.98	-0.98
0.274799	0.488346	0.98	-0.98	-0.98
-0.012262	0.568697	0.98	-0.98	-0.98
0.156098	-0.509088	0.98	-0.98	-0.98
0.197153	-0.649753	0.98	-0.98	-0.98
0.116405	0.515278	0.98	-0.98	-0.98
-0.584309	-0.037794	0.98	-0.98	-0.98
-0.462656	0.309522	0.98	-0.98	-0.98
-0.260707	-0.616329	0.98	-0.98	-0.98
-0.581567	0.245761	0.98	-0.98	-0.98
-0.507514	0.172510	0.98	-0.98	-0.98
0.511703	0.387750	0.98	-0.98	-0.98
-0.040143	-0.502453	0.98	-0.98	-0.98
0.264861	0.321608	0.98	-0.98	-0.98
-0.180073	-0.516165	0.98	-0.98	-0.98
-0.632981	0.261906	0.98	-0.98	-0.98
-0.404310	0.105456	0.98	-0.98	-0.98
-0.035959	0.470760	0.98	-0.98	-0.98
0.549111	0.357016	0.98	-0.98	-0.98
-0.362620	0.590488	0.98	-0.98	-0.98
0.601671	-0.290562	0.98	-0.98	-0.98
-0.472850	-0.144222	0.98	-0.98	-0.98
0.591848	-0.200563	0.98	-0.98	-0.98
-0.429227	-0.187085	0.98	-0.98	-0.98
0.619890	0.056470	0.98	-0.98	-0.98
-0.095688	0.620798	0.98	-0.98	-0.98
0.491532	0.414084	0.98	-0.98	-0.98
-0.187653	0.656360	0.98	-0.98	-0.98
0.508618	0.477994	0.98	-0.98	-0.98
0.227074	-0.426234	0.98	-0.98	-0.98
-0.040266	0.573735	0.98	-0.98	-0.98
0.333215	0.474633	0.98	-0.98	-0.98
0.219960	-0.491457	0.98	-0.98	-0.98
0.547214	0.290126	0.98	-0.98	-0.98
0.240205	-0.377817	0.98	-0.98	-0.98
0.038261	-0.521617	0.98	-0.98	-0.98
0.186897	0.663400	0.98	-0.98	-0.98
-0.126263	0.600833	0.98	-0.98	-0.98
-0.159870	0.476468	0.98	-0.98	-0.98
0.681348	0.127459	0.98	-0.98	-0.98
0.355490	-0.462277	0.98	-0.98	-0.98
-0.573763	0.356601	0.98	-0.98	-0.98
0.026800	-0.513139	0.98	-0.98	-0.98
0.234731	0.658100	0.98	-0.98	-0.98
-0.395446	0.344812	0.98	-0.98	-0.98
0.103155	0.453104	0.98	-0.98	-0.98
-0.574566	0.260696	0.98	-0.98	-0.98
0.182623	0.487593	0.98	-0.98	-0.98
-0.273051	0.323554	0.98	-0.98	-0.98
-0.571715	-0.042619	0.98	-0.98	-0.98
0.136820	-0.488309	0.98	-0.98	-0.98
0.357273	-0.401384	0.98	-0.98	-0.98
-0.362273	0.525345	0.98	-0.98	-0.98
-0.520014	0.203639	0.98	-0.98	-0.98
-0.578110	0.393460	0.98	-0.98	-0.98
0.092485	0.579979	0.98	-0.98	-0.98
0.502166	0.479556	0.98	-0.98	-0.98
-0.181889	0.661669	0.98	-0.98	-0.98
-0.170277	-0.539431	0.98	-0.98	-0.98
-0.522966	-0.256152	0.98	-0.98	-0.98
0.327139	0.243644	0.98	-0.98	-0.98
0.008729	-0.489817	0.98	-0.98	-0.98
0.303199	0.282201	0.98	-0.98	-0.98
0.268665	-0.358016	0.98	-0.98	-0.98
0.379471	-0.457903	0.98	-0.98	-0.98
-0.319493	-0.448757	0.98	-0.98	-0.98
-0.616715	0.029118	0.98	-0.98	-0.98
0.037722	0.457349	0.98	-0.98	-0.98
-0.491050	0.267145	0.98	-0.98	-0.98
-0.410709	-0.420816	0.98	-0.98	-0.98
0.571612	0.145522	0.98	-0.98	-0.98
-0.488079	-0.459496	0.98	-0.98	-0.98
-0.262146	-0.402114	0.98	-0.98	-0.98
0.028782	0.404827	0.98	-0.98	-0.98
-0.374436	0.269912	0.98	-0.98	-0.98
0.464276	0.243420	0.98	-0.98	-0.98
-0.064252	0.453630	0.98	-0.98	-0.98
-0.276454	-0.315062	0.98	-0.98	-0.98
-0.300080	-0.517994	0.98	-0.98	-0.98
0.345100	-0.328009	0.98	-0.98	-0.98
0.331009	0.564254	0.98	-0.98	-0.98
0.647556	0.148559	0.98	-0.98	-0.98
-0.464209	-0.465709	0.98	-0.98	-0.98
0.013048	0.473168	0.98	-0.98	-0.98
-0.475676	-0.427294	0.98	-0.98	-0.98
0.460045	-0.079886	0.98	-0.98	-0.98
-0.351580	0.411536	0.98	-0.98	-0.98
-0.321582	0.570444	0.98	-0.98	-0.98
-0.110227	0.688164	0.98	-0.98	-0.98
0.529291	-0.200710	0.98	-0.98	-0.98
0.183355	0.541942	0.98	-0.98	-0.98
-0.177038	0.634630	0.98	-0.98	-0.98
0.496066	0.286938	0.98	-0.98	-0.98
-0.308573	0.530537	0.98	-0.98	-0.98
-0.449736	-0.268605	0.98	-0.98	-0.98
0.196356	0.494345	0.98	-0.98	-0.98
0.158600	0.545592	0.98	-0.98	-0.98
0.532817	0.046377	0.98	-0.98	-0.98
0.218160	0.533799	0.98	-0.98	-0.98
-0.102517	-0.646762	0.98	-0.98	-0.98
0.408873	0.244063	0.98	-0.98	-0.98
0.541027	0.053319	0.98	-0.98	-0.98
0.096875	-0.656989	0.98	-0.98	-0.98
0.267212	-0.383980	0.98	-0.98	-0.98
-0.367281	-0.249402	0.98	-0.98	-0.98
0.573966	0.259178	0.98	-0.98	-0.98
-0.188242	0.506535	0.98	-0.98	-0.98
-0.600116	-0.341646	0.98	-0.98	-0.98
-0.447297	0.314373	0.98	-0.98	-0.98
-0.404024	-0.123603	0.98	-0.98	-0.98
-0.569957	0.203451	0.98	-0.98	-0.98
0.484836	-0.318314	0.98	-0.98	-0.98
-0.575618	-0.069049	0.98	-0.98	-0.98
0.410592	-0.126600	0.98	-0.98	-0.98
-0.108552	0.486239	0.98	-0.98	-0.98
0.407190	-0.287066	0.98	-0.98	-0.98
-0.213044	-0.416578	0.98	-0.98	-0.98
-0.618686	-0.282030	0.98	-0.98	-0.98
-0.197826	-0.568729	0.98	-0.98	-0.98
0.593822	0.259054	0.98	-0.98	-0.98
-0.537589	-0.189494	0.98	-0.98	-0.98
-0.386224	0.329584	0.98	-0.98	-0.98
-0.539639	-0.312786	0.98	-0.98	-0.98
-0.322730	-0.328474	0.98	-0.98	-0.98
0.263951	0.473906	0.98	-0.98	-0.98
0.388709	0.180422	0.98	-0.98	-0.98
0.255566	0.610611	0.98	-0.98	-0.98
0.491466	-0.063665	0.98	-0.98	-0.98
0.144362	-0.377349	0.98	-0.98	-0.98
-0.100883	-0.636472	0.98	-0.98	-0.98
-0.121345	0.490464	0.98	-0.98	-0.98
-0.311332	-0.621367	0.98	-0.98	-0.98
0.518293	0.078948	0.98	-0.98	-0.98
0.489658	-0.143928	0.98	-0.98	-0.98
-0.632821	0.282342	0.98	-0.98	-0.98
0.444562	0.436685	0.98	-0.98	-0.98
0.169519	0.389570	0.98	-0.98	-0.98
0.530176	-0.257630	0.98	-0.98	-0.98
0.571797	0.028792	0.98	-0.98	-0.98
0.501423	-0.196712	0.98	-0.98	-0.98
0.429831	-0.307594	0.98	-0.98	-0.98
-0.027793	-0.427570	0.98	-0.98	-0.98
0.553431	0.340376	0.98	-0.98	-0.98
-0.499585	0.185577	0.98	-0.98	-0.98
0.097058	-0.627450	0.98	-0.98	-0.98
0.385673	-0.513601	0.98	-0.98	-0.98
-0.408441	0.343119	0.98	-0.98	-0.98
0.523353	0.459095	0.98	-0.98	-0.98
0.509184	0.292707	0.98	-0.98	-0.98
-0.215521	-0.636452	0.98	-0.98	-0.98
0.162147	0.588679	0.98	-0.98	-0.98
-0.010961	0.476231	0.98	-0.98	-0.98
-0.061735	-0.550678	0.98	-0.98	-0.98
-0.042286	0.405217	0.98	-0.98	-0.98
-0.259357	-0.395356	0.98	-0.98	-0.98
0.330751	0.499986	0.98	-0.98	-0.98
-0.012759	0.576964	0.98	-0.98	-0.98
-0.262374	-0.350704	0.98	-0.98	-0.98
-0.438172	-0.398912	0.98	-0.98	-0.98
0.376860	0.449627	0.98	-0.98	-0.98
0.197174	0.388247	0.98	-0.98	-0.98
0.335693	-0.539119	0.98	-0.98	-0.98
-0.134490	0.454572	0.98	-0.98	-0.98
0.367173	-0.379229	0.98	-0.98	-0.98
0.398353	-0.379564	0.98	-0.98	-0.98
-0.558340	-0.257312	0.98	-0.98	-0.98
0.146176	0.426166	0.98	-0.98	-0.98
-0.544503	0.122978	0.98	-0.98	-0.98
0.544479	0.085665	0.98	-0.98	-0.98
-0.478386	0.420694	0.98	-0.98	-0.98
0.588607	-0.148551	0.98	-0.98	-0.98
0.481362	-0.084012	0.98	-0.98	-0.98
-0.076151	-0.634979	0.98	-0.98	-0.98
0.387416	-0.291111	0.98	-0.98	-0.98
-0.112359	0.568918	0.98	-0.98	-0.98
0.404417	0.225899	0.98	-0.98	-0.98
0.613215	0.296807	0.98	-0.98	-0.98
0.109774	-0.399113	0.98	-0.98	-0.98
0.100909	-0.458960	0.98	-0.98	-0.98
0.518613	0.114124	0.98	-0.98	-0.98
-0.329048	-0.507894	0.98	-0.98	-0.98
-0.359957	0.440480	0.98	-0.98	-0.98
0.339214	-0.388084	0.98	-0.98	-0.98
-0.040882	-0.659582	0.98	-0.98	-0.98
0.685998	0.049924	0.98	-0.98	-0.98
0.141877	0.641737	0.98	-0.98	-0.98
0.174998	0.550010	0.98	-0.98	-0.98
-0.621098	0.216336	0.98	-0.98	-0.98
-0.361835	0.298678	0.98	-0.98	-0.98
0.404371	0.022496	0.98	-0.98	-0.98
0.097056	-0.456156	0.98	-0.98	-0.98
0.221843	0.658775	0.98	-0.98	-0.98
0.476928	-0.207926	0.98	-0.98	-0.98
-0.191122	0.569260	0.98	-0.98	-0.98
0.379912	-0.544353	0.98	-0.98	-0.98
-0.233560	0.351781	0.98	-0.98	-0.98
-0.481226	0.444746	0.98	-0.98	-0.98
-0.461320	0.453119	0.98	-0.98	-0.98
0.011291	0.435665	0.98	-0.98	-0.98
0.542571	0.341864	0.98	-0.98	-0.98
-0.129777	-0.399644	0.98	-0.98	-0.98
-0.343342	0.288884	0.98	-0.98	-0.98
0.179924	0.386672	0.98	-0.98	-0.98
-0.273832	-0.450807	0.98	-0.98	-0.98
0.421086	0.005549	0.98	-0.98	-0.98
-0.548810	0.025403	0.98	-0.98	-0.98
-0.448981	-0.011895	0.98	-0.98	-0.98
0.126014	0.678244	0.98	-0.98	-0.98
0.670517	0.160539	0.98	-0.98	-0.98
-0.170089	-0.604007	0.98	-0.98	-0.98
-0.321383	-0.434132	0.98	-0.98	-0.98
-0.500281	0.050243	0.98	-0.98	-0.98
-0.321948	0.503488	0.98	-0.98	-0.98
0.478990	-0.192076	0.98	-0.98	-0.98
-0.553649	-0.098351	0.98	-0.98	-0.98
0.378954	-0.384033	0.98	-0.98	-0.98
-0.391878	0.413991	0.98	-0.98	-0.98
0.593513	0.336891	0.98	-0.98	-0.98
-0.676064	-0.133313	0.98	-0.98	-0.98
-0.358594	-0.581168	0.98	-0.98	-0.98
0.293347	-0.344295	0.98	-0.98	-0.98
0.267524	0.568125	0.98	-0.98	-0.98
0.438424	-0.237945	0.98	-0.98	-0.98
-0.602653	-0.224563	0.98	-0.98	-0.98
-0.153511	0.498424	0.98	-0.98	-0.98
-0.625637	0.047715	0.98	-0.98	-0.98
-0.009498	-0.681454	0.98	-0.98	-0.98
-0.202551	0.461743	0.98	-0.98	-0.98
0.412034	-0.282612	0.98	-0.98	-0.98
-0.465789	0.134338	0.98	-0.98	-0.98
0.507153	0.013938	0.98	-0.98	-0.98
0.163047	-0.556210	0.98	-0.98	-0.98
0.540401	0.277939	0.98	-0.98	-0.98
-0.196261	0.568620	0.98	-0.98	-0.98
0.660099	0.130493	0.98	-0.98	-0.98
0.228930	0.383848	0.98	-0.98	-0.98
0.353445	0.483286	0.98	-0.98	-0.98
-0.622529	0.179264	0.98	-0.98	-0.98
-0.576156	-0.082167	0.98	-0.98	-0.98
-0.310613	0.434011	0.98	-0.98	-0.98
0.101329	-0.409291	0.98	-0.98	-0.98
0.350021	0.371800	0.98	-0.98	-0.98
-0.424995	0.081503	0.98	-0.98	-0.98
-0.569944	0.289669	0.98	-0.98	-0.98
-0.037808	-0.650579	0.98	-0.98	-0.98
-0.562961	0.178755	0.98	-0.98	-0.98
-0.625937	0.241765	0.98	-0.98	-0.98
0.101247	0.400130	0.98	-0.98	-0.98
-0.645607	0.168427	0.98	-0.98	-0.98
0.009809	-0.513725	0.98	-0.98	-0.98
0.045470	-0.537886	0.98	-0.98	-0.98
-0.137617	0.581736	0.98	-0.98	-0.98
0.009669	-0.462540	0.98	-0.98	-0.98
-0.119185	-0.553052	0.98	-0.98	-0.98
-0.009143	-0.449260	0.98	-0.98	-0.98
-0.391572	-0.465379	0.98	-0.98	-0.98
-0.314518	-0.322010	0.98	-0.98	-0.98
-0.582627	-0.051720	0.98	-0.98	-0.98
0.431875	0.232724	0.98	-0.98	-0.98
0.180021	0.448883	0.98	-0.98	-0.98
0.317386	0.299814	0.98	-0.98	-0.98
-0.125945	-0.645671	0.98	-0.98	-0.98
0.366363	-0.383922	0.98	-0.98	-0.98
-0.449518	0.224262	0.98	-0.98	-0.98
0.195245	-0.442303	0.98	-0.98	-0.98
-0.438463	-0.308224	0.98	-0.98	-0.98
-0.527203	0.351427	0.98	-0.98	-0.98
0.267466	0.494716	0.98	-0.98	-0.98
0.334485	-0.423126	0.98	-0.98	-0.98
0.402458	-0.544398	0.98	-0.98	-0.98
-0.195598	0.530752	0.98	-0.98	-0.98
-0.360035	-0.318866	0.98	-0.98	-0.98
-0.009568	0.485439	0.98	-0.98	-0.98
-0.555375	-0.078752	0.98	-0.98	-0.98
0.471356	0.295436	0.98	-0.98	-0.98
0.064583	0.693616	0.98	-0.98	-0.98
0.339887	0.597466	0.98	-0.98	-0.98
0.221959	0.431834	0.98	-0.98	-0.98
-0.431992	-0.301732	0.98	-0.98	-0.98
0.281634	-0.634765	0.98	-0.98	-0.98
0.509663	0.156360	0.98	-0.98	-0.98
0.355662	-0.262872	0.98	-0.98	-0.98
-0.472716	-0.006891	0.98	-0.98	-0.98
0.530635	0.159471	0.98	-0.98	-0.98
-0.514119	-0.012685	0.98	-0.98	-0.98
0.420289	-0.218972	0.98	-0.98	-0.98
0.415455	0.556738	0.98	-0.98	-0.98
-0.679408	0.103853	0.98	-0.98	-0.98
-0.153987	-0.584121	0.98	-0.98	-0.98
-0.368899	0.290489	0.98	-0.98	-0.98
0.433769	-0.016516	0.98	-0.98	-0.98
0.523822	-0.264210	0.98	-0.98	-0.98
0.425160	0.499610	0.98	-0.98	-0.98
-0.459978	-0.440737	0.98	-0.98	-0.98
-0.431860	-0.443263	0.98	-0.98	-0.98
-0.563676	0.375773	0.98	-0.98	-0.98
0.678065	-0.050869	0.98	-0.98	-0.98
0.325939	0.292248	0.98	-0.98	-0.98
-0.148224	0.482270	0.98	-0.98	-0.98
0.082516	0.424942	0.98	-0.98	-0.98
0.067174	0.594683	0.98	-0.98	-0.98
0.055843	0.460445	0.98	-0.98	-0.98
-0.364409	0.213934	0.98	-0.98	-0.98
-0.026917	0.537499	0.98	-0.98	-0.98
-0.156848	0.382892	0.98	-0.98	-0.98
-0.041413	0.426895	0.98	-0.98	-0.98
0.036051	0.632173	0.98	-0.98	-0.98
0.611587	-0.324038	0.98	-0.98	-0.98
0.078263	0.658931	0.98	-0.98	-0.98
0.427433	-0.089533	0.98	-0.98	-0.98
-0.487950	-0.223043	0.98	-0.98	-0.98
-0.604558	0.067605	0.98	-0.98	-0.98
0.363719	0.213872	0.98	-0.98	-0.98
-0.353918	0.528214	0.98	-0.98	-0.98
-0.453101	-0.255780	0.98	-0.98	-0.98
0.616347	-0.251851	0.98	-0.98	-0.98
-0.579478	-0.200794	0.98	-0.98	-0.98
0.286855	-0.565205	0.98	-0.98	-0.98
-0.211471	0.618562	0.98	-0.98	-0.98
0.060921	-0.445314	0.98	-0.98	-0.98
0.010387	-0.546700	0.98	-0.98	-0.98
-0.184882	0.568781	0.98	-0.98	-0.98
-0.017799	-0.485887	0.98	-0.98	-0.98
-0.385038	-0.280335	0.98	-0.98	-0.98
0.499931	-0.050863	0.98	-0.98	-0.98
-0.415057	-0.127575	0.98	-0.98	-0.98
-0.472375	0.367666	0.98	-0.98	-0.98
-0.616194	0.027968	0.98	-0.98	-0.98
-0.524409	0.389727	0.98	-0.98	-0.98
0.335714	0.511957	0.98	-0.98	-0.98
0.108551	0.386563	0.98	-0.98	-0.98
-0.365910	0.357951	0.98	-0.98	-0.98
0.413891	0.306904	0.98	-0.98	-0.98
0.110463	0.412636	0.98	-0.98	-0.98
-0.170553	-0.595335	0.98	-0.98	-0.98
0.636630	0.136609	0.98	-0.98	-0.98
0.246634	-0.538175	0.98	-0.98	-0.98
0.406608	0.372962	0.98	-0.98	-0.98
-0.421735	0.203740	0.98	-0.98	-0.98
-0.330603	0.285236	0.98	-0.98	-0.98
-0.544371	0.353715	0.98	-0.98	-0.98
-0.602857	-0.055838	0.98	-0.98	-0.98
0.388798	0.484786	0.98	-0.98	-0.98
-0.380349	-0.170973	0.98	-0.98	-0.98
0.538345	-0.388770	0.98	-0.98	-0.98
0.128077	0.482697	0.98	-0.98	-0.98
-0.035394	0.657281	0.98	-0.98	-0.98
-0.223823	0.496561	0.98	-0.98	-0.98
-0.577795	0.034936	0.98	-0.98	-0.98
-0.403677	0.056337	0.98	-0.98	-0.98
0.134876	-0.376637	0.98	-0.98	-0.98
-0.082348	-0.490243	0.98	-0.98	-0.98
0.082469	0.420064	0.98	-0.98	-0.98
-0.360847	0.421899	0.98	-0.98	-0.98
-0.272974	0.483473	0.98	-0.98	-0.98
-0.240863	0.352305	0.98	-0.98	-0.98
0.591970	-0.069428	0.98	-0.98	-0.98
0.218291	0.554735	0.98	-0.98	-0.98
-0.195972	0.650839	0.98	-0.98	-0.98
0.440379	-0.403043	0.98	-0.98	-0.98
-0.030829	0.544491	0.98	-0.98	-0.98
-0.385236	0.433119	0.98	-0.98	-0.98
0.242364	0.423419	0.98	-0.98	-0.98
0.542340	0.174144	0.98	-0.98	-0.98
0.251990	-0.438703	0.98	-0.98	-0.98
-0.547197	-0.105136	0.98	-0.98	-0.98
0.353651	-0.439520	0.98	-0.98	-0.98
-0.058416	0.579258	0.98	-0.98	-0.98
0.460590	-0.288371	0.98	-0.98	-0.98
0.210128	0.608546	0.98	-0.98	-0.98
0.123749	-0.405894	0.98	-0.98	-0.98
0.576285	0.222419	0.98	-0.98	-0.98
-0.014682	-0.465548	0.98	-0.98	-0.98
0.290507	-0.550257	0.98	-0.98	-0.98
-0.304128	0.476946	0.98	-0.98	-0.98
0.579977	-0.009679	0.98	-0.98	-0.98
-0.589014	-0.154973	0.98	-0.98	-0.98
-0.145885	-0.449553	0.98	-0.98	-0.98
0.620067	0.135192	0.98	-0.98	-0.98
0.133825	0.573560	0.98	-0.98	-0.98
-0.473029	0.374095	0.98	-0.98	-0.98
0.409514	-0.240350	0.98	-0.98	-0.98
-0.563283	-0.379924	0.98	-0.98	-0.98
-0.415184	0.414146	0.98	-0.98	-0.98
-0.256611	-0.331922	0.98	-0.98	-0.98
-0.456961	-0.415970	0.98	-0.98	-0.98
0.448798	0.307834	0.98	-0.98	-0.98
-0.666920	0.149218	0.98	-0.98	-0.98
-0.136473	0.389434	0.98	-0.98	-0.98
-0.390886	-0.112859	0.98	-0.98	-0.98
-0.228072	0.351594	0.98	-0.98	-0.98
0.492197	-0.468129	0.98	-0.98	-0.98
0.402002	0.442101	0.98	-0.98	-0.98
0.237841	0.638907	0.98	-0.98	-0.98
-0.074410	-0.556231	0.98	-0.98	-0.98
-0.365869	0.500546	0.98	-0.98	-0.98
0.267004	-0.423592	0.98	-0.98	-0.98
0.284379	0.622350	0.98	-0.98	-0.98
-0.434087	0.446595	0.98	-0.98	-0.98
-0.425099	0.254622	0.98	-0.98	-0.98
0.309447	0.541354	0.98	-0.98	-0.98
0.690424	-0.037217	0.98	-0.98	-0.98
-0.525888	-0.310997	0.98	-0.98	-0.98
0.003800	0.513564	0.98	-0.98	-0.98
0.459964	-0.411201	0.98	-0.98	-0.98
0.651543	0.094591	0.98	-0.98	-0.98
-0.343631	0.292644	0.98	-0.98	-0.98
0.124586	0.578881	0.98	-0.98	-0.98
-0.489709	0.164894	0.98	-0.98	-0.98
0.542465	-0.272814	0.98	-0.98	-0.98
0.503846	-0.321832	0.98	-0.98	-0.98
-0.621838	-0.186530	0.98	-0.98	-0.98
0.105071	0.582406	0.98	-0.98	-0.98
-0.413460	0.434803	0.98	-0.98	-0.98
0.500973	0.201380	0.98	-0.98	-0.98
-0.117068	0.450075	0.98	-0.98	-0.98
0.174129	-0.648321	0.98	-0.98	-0.98
0.438649	-0.094580	0.98	-0.98	-0.98
-0.322826	0.537401	0.98	-0.98	-0.98
0.167241	0.413200	0.98	-0.98	-0.98
0.484827	-0.019297	0.98	-0.98	-0.98
0.531519	0.024343	0.98	-0.98	-0.98
0.260707	0.609820	0.98	-0.98	-0.98
0.476861	0.344214	0.98	-0.98	-0.98
0.239402	-0.589892	0.98	-0.98	-0.98
0.505662	0.373729	0.98	-0.98	-0.98
0.429458	-0.118970	0.98	-0.98	-0.98
-0.245885	0.530369	0.98	-0.98	-0.98
0.529316	0.386421	0.98	-0.98	-0.98
-0.576886	0.376531	0.98	-0.98	-0.98
0.668851	-0.089816	0.98	-0.98	-0.98
-0.078544	0.467761	0.98	-0.98	-0.98
-0.290245	0.575668	0.98	-0.98	-0.98
-0.278693	0.370300	0.98	-0.98	-0.98
-0.520799	0.452262	0.98	-0.98	-0.98
0.630137	0.234535	0.98	-0.98	-0.98
0.459017	-0.081158	0.98	-0.98	-0.98
0.676042	0.030294	0.98	-0.98	-0.98
-0.319939	-0.439364	0.98	-0.98	-0.98
-0.356816	0.373667	0.98	-0.98	-0.98
0.055544	0.582625	0.98	-0.98	-0.98
0.639470	0.112617	0.98	-0.98	-0.98
0.561321	0.264813	0.98	-0.98	-0.98
0.299600	-0.272983	0.98	-0.98	-0.98
-0.170803	0.391349	0.98	-0.98	-0.98
0.682329	0.127365	0.98	-0.98	-0.98
-0.553547	0.374498	0.98	-0.98	-0.98
-0.338972	-0.580665	0.98	-0.98	-0.98
-0.502115	0.295148	0.98	-0.98	-0.98
0.239758	0.640895	0.98	-0.98	-0.98
0.555052	-0.275094	0.98	-0.98	-0.98
0.569005	-0.392587	0.98	-0.98	-0.98
0.265300	0.645582	0.98	-0.98	-0.98
0.679139	0.097876	0.98	-0.98	-0.98
-0.422563	-0.302583	0.98	-0.98	-0.98
-0.017192	-0.629253	0.98	-0.98	-0.98
-0.564277	0.146838	0.98	-0.98	-0.98
0.317919	-0.502221	0.98	-0.98	-0.98
-0.131575	0.514292	0.98	-0.98	-0.98
0.487484	0.301297	0.98	-0.98	-0.98
0.136453	-0.415621	0.98	-0.98	-0.98
-0.662083	-0.187528	0.98	-0.98	-0.98
0.407425	-0.130848	0.98	-0.98	-0.98
0.026727	-0.456262	0.98	-0.98	-0.98
0.071399	-0.646547	0.98	-0.98	-0.98
-0.307176	0.508832	0.98	-0.98	-0.98
0.587638	0.266090	0.98	-0.98	-0.98
-0.494528	-0.445938	0.98	-0.98	-0.98
0.010010	-0.552466	0.98	-0.98	-0.98
0.334361	0.581590	0.98	-0.98	-0.98
0.686458	0.044908	0.98	-0.98	-0.98
0.222155	-0.623270	0.98	-0.98	-0.98
-0.551227	0.143838	0.98	-0.98	-0.98
0.225655	0.458769	0.98	-0.98	-0.98
-0.339579	-0.251767	0.98	-0.98	-0.98
0.607660	0.182255	0.98	-0.98	-0.98
0.318688	0.285903	0.98	-0.98	-0.98
0.517337	-0.437797	0.98	-0.98	-0.98
0.274639	0.529067	0.98	-0.98	-0.98
-0.439533	-0.448991	0.98	-0.98	-0.98
-0.313404	0.270950	0.98	-0.98	-0.98
-0.374507	0.355357	0.98	-0.98	-0.98
-0.347964	-0.534544	0.98	-0.98	-0.98
-0.004927	0.675677	0.98	-0.98	-0.98
-0.597106	0.175482	0.98	-0.98	-0.98
0.434394	-0.244509	0.98	-0.98	-0.98
-0.305615	-0.492403	0.98	-0.98	-0.98
0.484837	-0.414316	0.98	-0.98	-0.98
0.595008	-0.253687	0.98	-0.98	-0.98
-0.184006	0.424553	0.98	-0.98	-0.98
0.513543	-0.240634	0.98	-0.98	-0.98
-0.125308	-0.526275	0.98	-0.98	-0.98
-0.442088	0.049455	0.98	-0.98	-0.98
-0.191697	-0.477308	0.98	-0.98	-0.98
0.523862	-0.203217	0.98	-0.98	-0.98
-0.262965	-0.387302	0.98	-0.98	-0.98
-0.448742	-0.482895	0.98	-0.98	-0.98
-0.162761	0.572257	0.98	-0.98	-0.98
0.347154	-0.423089	0.98	-0.98	-0.98
0.462302	-0.025274	0.98	-0.98	-0.98
0.472053	0.326938	0.98	-0.98	-0.98
-0.456226	0.012856	0.98	-0.98	-0.98
-0.142375	0.580701	0.98	-0.98	-0.98
0.433544	-0.287470	0.98	-0.98	-0.98
0.272766	-0.420402	0.98	-0.98	-0.98
-0.059771	0.667464	0.98	-0.98	-0.98
0.453318	0.511976	0.98	-0.98	-0.98
-0.133096	-0.556600	0.98	-0.98	-0.98
0.617302	0.241054	0.98	-0.98	-0.98
0.124643	0.529080	0.98	-0.98	-0.98
-0.063002	0.424182	0.98	-0.98	-0.98
0.265486	0.550575	0.98	-0.98	-0.98
-0.093805	0.483551	0.98	-0.98	-0.98
0.363749	-0.510139	0.98	-0.98	-0.98
0.434414	-0.379560	0.98	-0.98	-0.98
-0.429458	-0.419494	0.98	-0.98	-0.98
0.317499	0.252632	0.98	-0.98	-0.98
-0.247491	-0.534233	0.98	-0.98	-0.98
-0.329307	-0.481312	0.98	-0.98	-0.98
-0.205413	0.643046	0.98	-0.98	-0.98
0.099356	0.643414	0.98	-0.98	-0.98
-0.635639	0.069878	0.98	-0.98	-0.98
-0.490082	0.125772	0.98	-0.98	-0.98
-0.059905	0.637828	0.98	-0.98	-0.98
0.370251	0.411825	0.98	-0.98	-0.98
0.341614	0.255736	0.98	-0.98	-0.98
-0.299161	-0.506588	0.98	-0.98	-0.98
0.602345	0.036842	0.98	-0.98	-0.98
-0.034951	-0.552407	0.98	-0.98	-0.98
0.023418	0.488078	0.98	-0.98	-0.98
-0.449528	0.084632	0.98	-0.98	-0.98
-0.296249	-0.606033	0.98	-0.98	-0.98
-0.470741	-0.234752	0.98	-0.98	-0.98
-0.260943	0.346945	0.98	-0.98	-0.98
-0.102165	-0.554174	0.98	-0.98	-0.98
0.466755	0.395855	0.98	-0.98	-0.98
-0.423064	0.083818	0.98	-0.98	-0.98
0.390185	-0.354538	0.98	-0.98	-0.98
-0.266879	0.313022	0.98	-0.98	-0.98
0.388023	-0.167756	0.98	-0.98	-0.98
-0.481147	-0.447342	0.98	-0.98	-0.98
0.433531	-0.067861	0.98	-0.98	-0.98
0.412925	-0.299278	0.98	-0.98	-0.98
-0.511449	0.317203	0.98	-0.98	-0.98
-0.207170	0.463995	0.98	-0.98	-0.98
-0.268018	0.643224	0.98	-0.98	-0.98
-0.486989	-0.118359	0.98	-0.98	-0.98
-0.666763	0.188837	0.98	-0.98	-0.98
-0.401802	0.551876	0.98	-0.98	-0.98
-0.344411	-0.561608	0.98	-0.98	-0.98
-0.585602	-0.220465	0.98	-0.98	-0.98
0.650694	0.065757	0.98	-0.98	-0.98
-0.608174	0.095711	0.98	-0.98	-0.98
-0.414013	0.150050	0.98	-0.98	-0.98
-0.613985	-0.217280	0.98	-0.98	-0.98
0.127117	-0.563040	0.98	-0.98	-0.98
-0.644108	0.218444	0.98	-0.98	-0.98
0.205318	0.364254	0.98	-0.98	-0.98
-0.493006	0.303833	0.98	-0.98	-0.98
-0.195297	0.434116	0.98	-0.98	-0.98
-0.329977	0.295023	0.98	-0.98	-0.98
-0.580102	-0.114753	0.98	-0.98	-0.98
-0.019310	-0.495708	0.98	-0.98	-0.98
0.243879	-0.397899	0.98	-0.98	-0.98
-0.304283	-0.511745	0.98	-0.98	-0.98
0.532103	0.198101	0.98	-0.98	-0.98
-0.188158	-0.623756	0.98	-0.98	-0.98
0.657726	-0.189399	0.98	-0.98	-0.98
-0.488844	-0.031421	0.98	-0.98	-0.98
-0.171853	-0.666893	0.98	-0.98	-0.98
-0.566417	-0.169470	0.98	-0.98	-0.98
-0.135857	0.660867	0.98	-0.98	-0.98
-0.655378	-0.108736	0.98	-0.98	-0.98
-0.289659	-0.549144	0.98	-0.98	-0.98
0.218741	0.559082	0.98	-0.98	-0.98
-0.147604	0.560413	0.98	-0.98	-0.98
-0.466681	-0.434308	0.98	-0.98	-0.98
0.689191	-0.049249	0.98	-0.98	-0.98
-0.363532	-0.455893	0.98	-0.98	-0.98
-0.366124	0.334345	0.98	-0.98	-0.98
0.351858	0.536179	0.98	-0.98	-0.98
0.401616	-0.121575	0.98	-0.98	-0.98
0.376040	-0.310789	0.98	-0.98	-0.98
0.423307	0.088248	0.98	-0.98	-0.98
-0.494822	-0.322730	0.98	-0.98	-0.98
-0.078881	0.556242	0.98	-0.98	-0.98
0.432375	0.422757	0.98	-0.98	-0.98
-0.506902	0.360366	0.98	-0.98	-0.98
0.062692	-0.450864	0.98	-0.98	-0.98
0.347089	-0.463595	0.98	-0.98	-0.98
-0.451490	-0.374192	0.98	-0.98	-0.98
-0.463371	-0.070941	0.98	-0.98	-0.98
0.695370	-0.039933	0.98	-0.98	-0.98
0.303597	0.311108	0.98	-0.98	-0.98
0.467387	0.506568	0.98	-0.98	-0.98
-0.329170	-0.242071	0.98	-0.98	-0.98
-0.583886	-0.233552	0.98	-0.98	-0.98
0.472687	-0.366585	0.98	-0.98	-0.98
-0.679347	0.040895	0.98	-0.98	-0.98
-0.050714	-0.421952	0.98	-0.98	-0.98
0.530017	0.307117	0.98	-0.98	-0.98
0.337728	-0.596050	0.98	-0.98	-0.98
-0.566045	-0.151253	0.98	-0.98	-0.98
0.101911	-0.456202	0.98	-0.98	-0.98
-0.407461	0.413193	0.98	-0.98	-0.98
0.129299	0.475049	0.98	-0.98	-0.98
0.208866	0.349360	0.98	-0.98	-0.98
0.133375	-0.567466	0.98	-0.98	-0.98
-0.680445	0.143543	0.98	-0.98	-0.98
-0.398841	-0.098736	0.98	-0.98	-0.98
0.056810	0.462651	0.98	-0.98	-0.98
0.475113	-0.136711	0.98	-0.98	-0.98
-0.545432	0.206643	0.98	-0.98	-0.98
0.442234	-0.409315	0.98	-0.98	-0.98
-0.401334	-0.000870	0.98	-0.98	-0.98
0.407372	0.155250	0.98	-0.98	-0.98
-0.583392	0.030955	0.98	-0.98	-0.98
0.271119	0.585682	0.98	-0.98	-0.98
0.311734	0.444603	0.98	-0.98	-0.98
-0.172125	-0.417845	0.98	-0.98	-0.98
-0.434583	-0.385580	0.98	-0.98	-0.98
-0.192876	0.551288	0.98	-0.98	-0.98
0.112942	-0.467888	0.98	-0.98	-0.98
0.599830	-0.028586	0.98	-0.98	-0.98
-0.570392	-0.347623	0.98	-0.98	-0.98
0.362314	-0.549839	0.98	-0.98	-0.98
-0.566665	0.119631	0.98	-0.98	-0.98
0.086452	-0.661899	0.98	-0.98	-0.98
-0.526726	-0.038335	0.98	-0.98	-0.98
-0.348493	-0.287147	0.98	-0.98	-0.98
-0.002182	0.520904	0.98	-0.98	-0.98
0.578370	-0.108783	0.98	-0.98	-0.98
-0.652596	-0.081293	0.98	-0.98	-0.98
-0.570314	-0.212398	0.98	-0.98	-0.98
0.599670	-0.057805	0.98	-0.98	-0.98
-0.121869	0.647070	0.98	-0.98	-0.98
-0.518519	-0.104371	0.98	-0.98	-0.98
0.031079	0.539107	0.98	-0.98	-0.98
0.080284	0.593368	0.98	-0.98	-0.98
-0.405613	-0.021437	0.98	-0.98	-0.98
-0.527019	0.445598	0.98	-0.98	-0.98
-0.034126	0.647600	0.98	-0.98	-0.98
-0.334052	-0.451613	0.98	-0.98	-0.98
0.466419	0.094312	0.98	-0.98	-0.98
-0.269366	0.323164	0.98	-0.98	-0.98
0.266850	0.411504	0.98	-0.98	-0.98
0.473990	0.385209	0.98	-0.98	-0.98
0.637181	-0.029840	0.98	-0.98	-0.98
-0.203677	0.432596	0.98	-0.98	-0.98
0.447543	0.379399	0.98	-0.98	-0.98
-0.138352	0.587899	0.98	-0.98	-0.98
-0.130344	-0.614196	0.98	-0.98	-0.98
0.507445	-0.411817	0.98	-0.98	-0.98
0.679262	-0.112386	0.98	-0.98	-0.98
-0.132559	-0.636753	0.98	-0.98	-0.98
0.488213	-0.272694	0.98	-0.98	-0.98
-0.556122	-0.048041	0.98	-0.98	-0.98
-0.524970	0.360405	0.98	-0.98	-0.98
-0.324490	0.473804	0.98	-0.98	-0.98
-0.519810	0.330913	0.98	-0.98	-0.98
-0.594550	-0.365447	0.98	-0.98	-0.98
-0.126615	-0.498190	0.98	-0.98	-0.98
-0.204219	-0.395842	0.98	-0.98	-0.98
0.475937	-0.443464	0.98	-0.98	-0.98
-0.336329	-0.434371	0.98	-0.98	-0.98
-0.025876	-0.533650	0.98	-0.98	-0.98
0.446363	0.259714	0.98	-0.98	-0.98
0.180726	0.603070	0.98	-0.98	-0.98
0.303795	-0.567524	0.98	-0.98	-0.98
-0.320548	0.558769	0.98	-0.98	-0.98
-0.321779	-0.402353	0.98	-0.98	-0.98
0.195025	-0.409621	0.98	-0.98	-0.98
-0.502369	-0.442445	0.98	-0.98	-0.98
0.178081	0.420048	0.98	-0.98	-0.98
-0.450067	-0.104499	0.98	-0.98	-0.98
0.575335	-0.276571	0.98	-0.98	-0.98
-0.540916	0.206814	0.98	-0.98	-0.98
-0.584453	0.342706	0.98	-0.98	-0.98
0.245136	0.479978	0.98	-0.98	-0.98
-0.379969	-0.399810	0.98	-0.98	-0.98
-0.421620	-0.553796	0.98	-0.98	-0.98
0.426227	0.274974	0.98	-0.98	-0.98
-0.538242	-0.347407	0.98	-0.98	-0.98
-0.425543	-0.374539	0.98	-0.98	-0.98
0.695889	0.061773	0.98	-0.98	-0.98
-0.231265	0.602040	0.98	-0.98	-0.98
0.327172	-0.526552	0.98	-0.98	-0.98
-0.603557	0.098738	0.98	-0.98	-0.98
-0.542100	0.023472	0.98	-0.98	-0.98
-0.624600	-0.182527	0.98	-0.98	-0.98
0.603977	0.145394	0.98	-0.98	-0.98
-0.535495	0.259814	0.98	-0.98	-0.98
-0.284065	0.569793	0.98	-0.98	-0.98
0.172030	0.678149	0.98	-0.98	-0.98
-0.444136	-0.308101	0.98	-0.98	-0.98
-0.380237	-0.390110	0.98	-0.98	-0.98
0.132384	0.578921	0.98	-0.98	-0.98
-0.085495	0.530725	0.98	-0.98	-0.98
0.400309	-0.430375	0.98	-0.98	-0.98
-0.011336	0.613238	0.98	-0.98	-0.98
-0.404035	-0.541879	0.98	-0.98	-0.98
0.305786	-0.535928	0.98	-0.98	-0.98
0.655645	0.164510	0.98	-0.98	-0.98
-0.262675	0.536879	0.98	-0.98	-0.98
-0.246043	0.384030	0.98	-0.98	-0.98
0.433068	-0.468992	0.98	-0.98	-0.98
-0.225382	-0.657071	0.98	-0.98	-0.98
0.630272	-0.279801	0.98	-0.98	-0.98
-0.038904	-0.536367	0.98	-0.98	-0.98
-0.517325	0.271713	0.98	-0.98	-0.98
0.478667	-0.427506	0.98	-0.98	-0.98
0.108169	0.445314	0.98	-0.98	-0.98
0.570129	0.222049	0.98	-0.98	-0.98
0.426078	-0.144660	0.98	-0.98	-0.98
0.150785	0.565821	0.98	-0.98	-0.98
0.428750	-0.321420	0.98	-0.98	-0.98
0.018231	-0.506695	0.98	-0.98	-0.98
0.207185	-0.663677	0.98	-0.98	-0.98
0.016955	0.469072	0.98	-0.98	-0.98
0.228396	-0.632843	0.98	-0.98	-0.98
0.232714	0.484674	0.98	-0.98	-0.98
0.628995	0.454737	-0.98	0.98	-0.98
0.789349	-0.183112	-0.98	0.98	-0.98
-0.915028	-0.143675	-0.98	0.98	-0.98
-0.777999	0.098694	-0.98	0.98	-0.98
0.678168	-0.843896	-0.98	0.98	-0.98
-0.769875	0.944528	-0.98	0.98	-0.98
-0.723326	0.399640	-0.98	0.98	-0.98
0.795543	-0.721185	-0.98	0.98	-0.98
0.839024	-0.564864	-0.98	0.98	-0.98
-0.910982	0.139205	-0.98	0.98	-0.98
0.898992	0.550972	-0.98	0.98	-0.98
-0.578546	0.725679	-0.98	0.98	-0.98
-0.951513	0.752313	-0.98	0.98	-0.98
0.849353	-0.293363	-0.98	0.98	-0.98
-0.709588	0.638230	-0.98	0.98	-0.98
-0.913584	0.713507	-0.98	0.98	-0.98
-0.173957	0.959127	-0.98	0.98	-0.98
0.986370	0.404316	-0.98	0.98	-0.98
-0.100162	-0.746281	-0.98	0.98	-0.98
-0.604468	0.902677	-0.98	0.98	-0.98
-0.587949	0.418247	-0.98	0.98	-0.98
0.563343	-0.941670	-0.98	0.98	-0.98
0.232707	-0.721028	-0.98	0.98	-0.98
0.367694	0.719699	-0.98	0.98	-0.98
0.823985	-0.068239	-0.98	0.98	-0.98
-0.765996	0.475462	-0.98	0.98	-0.98
0.799197	0.522554	-0.98	0.98	-0.98
-0.658020	-0.973916	-0.98	0.98	-0.98
-0.908376	0.916534	-0.98	0.98	-0.98
0.348078	-0.934619	-0.98	0.98	-0.98
-0.778204	0.035477	-0.98	0.98	-0.98
-0.991691	-0.326811	-0.98	0.98	-0.98
0.864273	-0.230099	-0.98	0.98	-0.98
-0.078081	0.763149	-0.98	0.98	-0.98
-0.829450	0.606639	-0.98	0.98	-0.98
-0.707368	0.030938	-0.98	0.98	-0.98
0.490007	-0.672163	-0.98	0.98	-0.98
-0.336907	-0.892763	-0.98	0.98	-0.98
0.348057	0.960123	-0.98	0.98	-0.98
0.171853	-0.937125	-0.98	0.98	-0.98
0.089831	0.702105	-0.98	0.98	-0.98
-0.974254	-0.463780	-0.98	0.98	-0.98
-0.987684	-0.501806	-0.98	0.98	-0.98
0.756299	0.390335	-0.98	0.98	-0.98
-0.980145	-0.138935	-0.98	0.98	-0.98
0.199235	-0.979110	-0.98	0.98	-0.98
0.440601	-0.960461	-0.98	0.98	-0.98
0.861201	0.083667	-0.98	0.98	-0.98
-0.902929	-0.101659	-0.98	0.98	-0.98
-0.079051	-0.923503	-0.98	0.98	-0.98
0.667451	-0.286626	-0.98	0.98	-0.98
-0.554128	-0.696029	-0.98	0.98	-0.98
-0.894339	-0.586041	-0.98	0.98	-0.98
0.738672	-0.813360	-0.98	0.98	-0.98
0.722070	-0.171553	-0.98	0.98	-0.98
0.108512	-0.963552	-0.98	0.98	-0.98
-0.377622	0.890200	-0.98	0.98	-0.98
0.010035	-0.727900	-0.98	0.98	-0.98
-0.546295	0.809500	-0.98	0.98	-0.98
-0.551230	0.498072	-0.98	0.98	-0.98
0.083916	0.741354	-0.98	0.98	-0.98
0.394066	0.815096	-0.98	0.98	-0.98
-0.030134	0.833769	-0.98	0.98	-0.98
0.509512	0.992746	-0.98	0.98	-0.98
-0.717755	-0.412718	-0.98	0.98	-0.98
0.424242	-0.843408	-0.98	0.98	-0.98
-0.897843	-0.831370	-0.98	0.98	-0.98
0.359418	-0.702451	-0.98	0.98	-0.98
-0.452907	0.781108	-0.98	0.98	-0.98
-0.587623	0.782005	-0.98	0.98	-0.98
0.761233	-0.409904	-0.98	0.98	-0.98
-0.815289	-0.367543	-0.98	0.98	-0.98
-0.360866	0.820205	-0.98	0.98	-0.98
-0.348777	-0.750236	-0.98	0.98	-0.98
-0.675076	-0.655679	-0.98	0.98	-0.98
-0.765138	0.939534	-0.98	0.98	-0.98
-0.615392	-0.861096	-0.98	0.98	-0.98
0.403774	0.940417	-0.98	0.98	-0.98
0.844471	0.488893	-0.98	0.98	-0.98
-0.977000	0.082109	-0.98	0.98	-0.98
-0.440305	0.855521	-0.98	0.98	-0.98
-0.566497	-0.525829	-0.98	0.98	-0.98
-0.963461	-0.301425	-0.98	0.98	-0.98
-0.992545	0.228827	-0.98	0.98	-0.98
0.728263	-0.878201	-0.98	0.98	-0.98
-0.816583	-0.919709	-0.98	0.98	-0.98
-0.594347	-0.986570	-0.98	0.98	-0.98
-0.804890	0.930263	-0.98	0.98	-0.98
0.967405	0.371631	-0.98	0.98	-0.98
0.245732	0.699843	-0.98	0.98	-0.98
0.324170	-0.781160	-0.98	0.98	-0.98
0.916494	-0.151022	-0.98	0.98	-0.98
-0.796522	0.212405	-0.98	0.98	-0.98
0.785928	-0.172640	-0.98	0.98	-0.98
0.856294	0.273036	-0.98	0.98	-0.98
-0.166648	0.752722	-0.98	0.98	-0.98
0.475981	0.892770	-0.98	0.98	-0.98
-0.951391	0.378260	-0.98	0.98	-0.98
0.915621	-0.269551	-0.98	0.98	-0.98
0.973114	0.447171	-0.98	0.98	-0.98
-0.143979	0.696206	-0.98	0.98	-0.98
-0.793478	0.673420	-0.98	0.98	-0.98
-0.175760	-0.877317	-0.98	0.98	-0.98
0.994700	0.244555	-0.98	0.98	-0.98
-0.931769	-0.676902	-0.98	0.98	-0.98
0.214006	0.732001	-0.98	0.98	-0.98
-0.738784	0.286476	-0.98	0.98	-0.98
-0.949362	0.167103	-0.98	0.98	-0.98
0.094708	0.877171	-0.98	0.98	-0.98
-0.717891	0.191166	-0.98	0.98	-0.98
0.764044	-0.416925	-0.98	0.98	-0.98
-0.909385	-0.023892	-0.98	0.98	-0.98
0.663343	-0.680005	-0.98	0.98	-0.98
0.584044	-0.450153	-0.98	0.98	-0.98
0.315305	0.690085	-0.98	0.98	-0.98
0.276236	-0.767607	-0.98	0.98	-0.98
-0.614812	-0.515392	-0.98	0.98	-0.98
-0.328842	-0.850822	-0.98	0.98	-0.98
-0.958628	0.467512	-0.98	0.98	-0.98
-0.939626	-0.716447	-0.98	0.98	-0.98
-0.248471	0.990313	-0.98	0.98	-0.98
-0.723192	-0.691107	-0.98	0.98	-0.98
-0.989286	0.429917	-0.98	0.98	-0.98
-0.491901	-0.867918	-0.98	0.98	-0.98
0.776714	0.308801	-0.98	0.98	-0.98
0.535135	0.730779	-0.98	0.98	-0.98
-0.149734	0.748384	-0.98	0.98	-0.98
0.786091	-0.716074	-0.98	0.98	-0.98
-0.887600	0.537788	-0.98	0.98	-0.98
-0.964335	-0.522631	-0.98	0.98	-0.98
-0.977896	0.547631	-0.98	0.98	-0.98
-0.519332	-0.722758	-0.98	0.98	-0.98
0.864122	-0.208007	-0.98	0.98	-0.98
0.328992	0.759666	-0.98	0.98	-0.98
0.235863	0.681899	-0.98	0.98	-0.98
-0.967709	0.093462	-0.98	0.98	-0.98
-0.847123	-0.655711	-0.98	0.98	-0.98
0.885376	-0.887899	-0.98	0.98	-0.98
-0.943174	0.955221	-0.98	0.98	-0.98
-0.458478	-0.547671	-0.98	0.98	-0.98
-0.903999	0.843313	-0.98	0.98	-0.98
-0.846891	0.140078	-0.98	0.98	-0.98
-0.674975	-0.432058	-0.98	0.98	-0.98
0.959829	-0.788071	-0.98	0.98	-0.98
0.751524	-0.366772	-0.98	0.98	-0.98
0.418572	-0.759776	-0.98	0.98	-0.98
0.415461	0.849473	-0.98	0.98	-0.98
-0.999919	-0.819642	-0.98	0.98	-0.98
0.524217	0.558680	-0.98	0.98	-0.98
-0.809727	0.328333	-0.98	0.98	-0.98
0.904364	0.469587	-0.98	0.98	-0.98
0.246172	-0.768620	-0.98	0.98	-0.98
0.986268	-0.757531	-0.98	0.98	-0.98
0.854783	0.152583	-0.98	0.98	-0.98
-0.849013	-0.635429	-0.98	0.98	-0.98
-0.872972	-0.899586	-0.98	0.98	-0.98
-0.580638	0.908884	-0.98	0.98	-0.98
-0.931697	-0.935319	-0.98	0.98	-0.98
-0.656886	0.744045	-0.98	0.98	-0.98
0.280890	0.932341	-0.98	0.98	-0.98
-0.763620	-0.383444	-0.98	0.98	-0.98
0.715755	0.043549	-0.98	0.98	-0.98
0.464576	0.742745	-0.98	0.98	-0.98
-0.079517	0.965493	-0.98	0.98	-0.98
0.736056	0.482444	-0.98	0.98	-0.98
-0.646332	-0.286697	-0.98	0.98	-0.98
0.613728	-0.636613	-0.98	0.98	-0.98
0.982812	0.031677	-0.98	0.98	-0.98
-0.663042	-0.724270	-0.98	0.98	-0.98
-0.846007	-0.900774	-0.98	0.98	-0.98
0.195556	0.874627	-0.98	0.98	-0.98
-0.830563	-0.983095	-0.98	0.98	-0.98
0.359031	0.822449	-0.98	0.98	-0.98
-0.826686	0.460395	-0.98	0.98	-0.98
-0.745877	-0.392155	-0.98	0.98	-0.98
0.821636	0.055872	-0.98	0.98	-0.98
0.785421	-0.917653	-0.98	0.98	-0.98
0.755642	0.246816	-0.98	0.98	-0.98
0.883713	-0.736928	-0.98	0.98	-0.98
0.586581	-0.761486	-0.98	0.98	-0.98
-0.345476	-0.950421	-0.98	0.98	-0.98
-0.656925	0.636721	-0.98	0.98	-0.98
0.547663	0.929928	-0.98	0.98	-0.98
-0.738476	0.557704	-0.98	0.98	-0.98
0.822293	-0.161508	-0.98	0.98	-0.98
-0.939204	-0.879565	-0.98	0.98	-0.98
-0.560286	0.557503	-0.98	0.98	-0.98
-0.143985	0.995536	-0.98	0.98	-0.98
0.130117	0.887677	-0.98	0.98	-0.98
0.711199	-0.037982	-0.98	0.98	-0.98
-0.902060	-0.129211	-0.98	0.98	-0.98
-0.978341	0.288065	-0.98	0.98	-0.98
-0.516442	-0.639503	-0.98	0.98	-0.98
-0.769929	0.004909	-0.98	0.98	-0.98
0.918633	-0.314909	-0.98	0.98	-0.98
-0.718034	0.013411	-0.98	0.98	-0.98
-0.395687	-0.719460	-0.98	0.98	-0.98
0.727570	0.596439	-0.98	0.98	-0.98
0.849681	-0.852980	-0.98	0.98	-0.98
0.402411	0.763599	-0.98	0.98	-0.98
-0.982534	-0.706595	-0.98	0.98	-0.98
0.564217	0.725999	-0.98	0.98	-0.98
-0.768206	-0.226230	-0.98	0.98	-0.98
-0.872964	0.711705	-0.98	0.98	-0.98
0.716044	0.313020	-0.98	0.98	-0.98
-0.987841	-0.680079	-0.98	0.98	-0.98
0.672345	-0.577993	-0.98	0.98	-0.98
0.536370	-0.586317	-0.98	0.98	-0.98
-0.768137	0.043066	-0.98	0.98	-0.98
-0.702819	0.831778	-0.98	0.98	-0.98
0.035715	-0.784092	-0.98	0.98	-0.98
0.166294	0.723573	-0.98	0.98	-0.98
-0.217618	0.813840	-0.98	0.98	-0.98
0.309286	-0.827634	-0.98	0.98	-0.98
-0.239090	0.856144	-0.98	0.98	-0.98
0.004253	-0.763856	-0.98	0.98	-0.98
-0.306897	-0.951560	-0.98	0.98	-0.98
-0.429850	-0.699900	-0.98	0.98	-0.98
0.550468	-0.800984	-0.98	0.98	-0.98
0.323579	0.797318	-0.98	0.98	-0.98
0.421605	0.616729	-0.98	0.98	-0.98
0.327122	0.649643	-0.98	0.98	-0.98
0.642549	-0.308749	-0.98	0.98	-0.98
0.971836	-0.652515	-0.98	0.98	-0.98
-0.668935	0.905163	-0.98	0.98	-0.98
-0.513715	-0.884358	-0.98	0.98	-0.98
0.603880	-0.371767	-0.98	0.98	-0.98
-0.834222	0.808548	-0.98	0.98	-0.98
-0.082129	0.703339	-0.98	0.98	-0.98
0.049164	0.818374	-0.98	0.98	-0.98
-0.637761	0.376178	-0.98	0.98	-0.98
0.163746	0.750820	-0.98	0.98	-0.98
0.992673	-0.890880	-0.98	0.98	-0.98
-0.261342	0.945472	-0.98	0.98	-0.98
0.804192	-0.742804	-0.98	0.98	-0.98
-0.532174	-0.764640	-0.98	0.98	-0.98
-0.970352	0.627014	-0.98	0.98	-0.98
0.142194	-0.740718	-0.98	0.98	-0.98
0.555471	-0.603218	-0.98	0.98	-0.98
-0.581538	-0.613068	-0.98	0.98	-0.98
0.707807	0.000650	-0.98	0.98	-0.98
-0.725076	-0.284558	-0.98	0.98	-0.98
-0.130112	0.938924	-0.98	0.98	-0.98
0.495582	0.850054	-0.98	0.98	-0.98
0.552156	-0.534471	-0.98	0.98	-0.98
0.731653	-0.033224	-0.98	0.98	-0.98
0.246549	-0.994674	-0.98	0.98	-0.98
-0.925998	-0.535978	-0.98	0.98	-0.98
-0.948166	0.974103	-0.98	0.98	-0.98
-0.131422	0.797044	-0.98	0.98	-0.98
-0.320125	-0.992522	-0.98	0.98	-0.98
-0.520752	0.741063	-0.98	0.98	-0.98
0.801449	0.598644	-0.98	0.98	-0.98
0.973145	0.337085	-0.98	0.98	-0.98
0.954775	-0.535335	-0.98	0.98	-0.98
-0.690165	0.431100	-0.98	0.98	-0.98
-0.891529	-0.373389	-0.98	0.98	-0.98
0.374802	0.937869	-0.98	0.98	-0.98
-0.836507	-0.096359	-0.98	0.98	-0.98
0.807438	0.309437	-0.98	0.98	-0.98
0.645429	-0.935011	-0.98	0.98	-0.98
0.400606	0.696173	-0.98	0.98	-0.98
0.582332	0.918395	-0.98	0.98	-0.98
-0.124336	-0.772818	-0.98	0.98	-0.98
-0.891998	-0.297206	-0.98	0.98	-0.98
0.587029	-0.939216	-0.98	0.98	-0.98
-0.967512	0.276400	-0.98	0.98	-0.98
-0.717228	-0.792184	-0.98	0.98	-0.98
-0.829562	-0.089399	-0.98	0.98	-0.98
0.922324	-0.922999	-0.98	0.98	-0.98
-0.020402	0.825259	-0.98	0.98	-0.98
0.478685	-0.531964	-0.98	0.98	-0.98
0.834519	-0.562819	-0.98	0.98	-0.98
-0.911026	0.965486	-0.98	0.98	-0.98
0.156877	-0.703671	-0.98	0.98	-0.98
-0.564660	0.441877	-0.98	0.98	-0.98
0.483638	-0.746653	-0.98	0.98	-0.98
-0.406036	-0.896949	-0.98	0.98	-0.98
-0.335641	0.635852	-0.98	0.98	-0.98
-0.068797	0.856954	-0.98	0.98	-0.98
0.957087	0.007426	-0.98	0.98	-0.98
-0.976137	-0.544916	-0.98	0.98	-0.98
-0.801278	-0.673167	-0.98	0.98	-0.98
0.499646	0.767503	-0.98	0.98	-0.98
0.969508	-0.189715	-0.98	0.98	-0.98
-0.469599	0.627230	-0.98	0.98	-0.98
-0.710899	-0.656489	-0.98	0.98	-0.98
-0.784796	-0.277642	-0.98	0.98	-0.98
0.571381	0.837788	-0.98	0.98	-0.98
0.546690	0.509102	-0.98	0.98	-0.98
-0.546428	-0.878024	-0.98	0.98	-0.98
-0.752589	-0.971782	-0.98	0.98	-0.98
-0.976845	0.082118	-0.98	0.98	-0.98
-0.931877	0.727600	-0.98	0.98	-0.98
0.433854	-0.727727	-0.98	0.98	-0.98
-0.525979	0.944969	-0.98	0.98	-0.98
-0.731087	0.702046	-0.98	0.98	-0.98
0.831984	0.062330	-0.98	0.98	-0.98
-0.220159	0.918155	-0.98	0.98	-0.98
0.812851	0.034951	-0.98	0.98	-0.98
-0.864659	0.446592	-0.98	0.98	-0.98
-0.733174	-0.054554	-0.98	0.98	-0.98
0.584239	0.679530	-0.98	0.98	-0.98
0.862779	-0.817173	-0.98	0.98	-0.98
-0.469290	0.895170	-0.98	0.98	-0.98
-0.066554	0.965815	-0.98	0.98	-0.98
-0.792652	0.084616	-0.98	0.98	-0.98
0.581952	0.455685	-0.98	0.98	-0.98
0.911117	-0.003000	-0.98	0.98	-0.98
-0.351770	0.646863	-0.98	0.98	-0.98
-0.618479	0.888646	-0.98	0.98	-0.98
0.390976	-0.847817	-0.98	0.98	-0.98
0.298934	-0.822266	-0.98	0.98	-0.98
-0.658476	0.485506	-0.98	0.98	-0.98
-0.744642	-0.913382	-0.98	0.98	-0.98
-0.605025	-0.642591	-0.98	0.98	-0.98
-0.707553	-0.411749	-0.98	0.98	-0.98
0.515998	-0.729798	-0.98	0.98	-0.98
0.581457	-0.446669	-0.98	0.98	-0.98
-0.933587	0.250921	-0.98	0.98	-0.98
-0.339983	-0.875156	-0.98	0.98	-0.98
0.453577	-0.565347	-0.98	0.98	-0.98
-0.947744	0.271122	-0.98	0.98	-0.98
-0.689935	-0.304880	-0.98	0.98	-0.98
-0.341804	-0.991426	-0.98	0.98	-0.98
0.904056	0.509722	-0.98	0.98	-0.98
0.997267	-0.550217	-0.98	0.98	-0.98
-0.881560	-0.731685	-0.98	0.98	-0.98
0.537658	0.625402	-0.98	0.98	-0.98
-0.675204	-0.987886	-0.98	0.98	-0.98
0.970933	0.176815	-0.98	0.98	-0.98
0.826838	-0.667846	-0.98	0.98	-0.98
-0.634659	0.857334	-0.98	0.98	-0.98
0.240168	0.784329	-0.98	0.98	-0.98
0.158096	-0.749298	-0.98	0.98	-0.98
0.892496	0.230249	-0.98	0.98	-0.98
0.718685	0.058617	-0.98	0.98	-0.98
0.188296	-0.719472	-0.98	0.98	-0.98
0.733477	0.437851	-0.98	0.98	-0.98
-0.779191	0.163288	-0.98	0.98	-0.98
-0.780263	-0.793399	-0.98	0.98	-0.98
0.488440	0.746373	-0.98	0.98	-0.98
-0.850227	0.541580	-0.98	0.98	-0.98
0.083733	-0.947816	-0.98	0.98	-0.98
-0.303596	-0.915290	-0.98	0.98	-0.98
-0.819909	0.369645	-0.98	0.98	-0.98
-0.499985	0.526872	-0.98	0.98	-0.98
0.919970	0.450971	-0.98	0.98	-0.98
0.396646	0.630834	-0.98	0.98	-0.98
0.817139	-0.330036	-0.98	0.98	-0.98
0.456937	0.892763	-0.98	0.98	-0.98
0.667809	-0.259549	-0.98	0.98	-0.98
-0.564617	0.808232	-0.98	0.98	-0.98
-0.592773	-0.697956	-0.98	0.98	-0.98
-0.997021	0.175709	-0.98	0.98	-0.98
-0.629958	-0.934037	-0.98	0.98	-0.98
0.994955	0.292978	-0.98	0.98	-0.98
0.542616	-0.973731	-0.98	0.98	-0.98
-0.374829	-0.769741	-0.98	0.98	-0.98
0.564614	-0.628732	-0.98	0.98	-0.98
-0.580398	-0.593862	-0.98	0.98	-0.98
0.908113	-0.647803	-0.98	0.98	-0.98
-0.849016	0.627260	-0.98	0.98	-0.98
-0.972306	0.008351	-0.98	0.98	-0.98
-0.627818	-0.465334	-0.98	0.98	-0.98
-0.513528	-0.785319	-0.98	0.98	-0.98
0.824193	0.379165	-0.98	0.98	-0.98
-0.021859	0.776803	-0.98	0.98	-0.98
0.995351	0.282089	-0.98	0.98	-0.98
-0.055027	0.830398	-0.98	0.98	-0.98
0.410145	-0.741418	-0.98	0.98	-0.98
-0.564433	0.552472	-0.98	0.98	-0.98
0.907703	0.469024	-0.98	0.98	-0.98
0.786146	0.317816	-0.98	0.98	-0.98
-0.854419	0.465666	-0.98	0.98	-0.98
-0.790793	0.132145	-0.98	0.98	-0.98
0.772767	-0.833165	-0.98	0.98	-0.98
-0.230159	-0.990046	-0.98	0.98	-0.98
0.671973	-0.715189	-0.98	0.98	-0.98
0.499046	-0.503958	-0.98	0.98	-0.98
-0.778270	0.893317	-0.98	0.98	-0.98
0.168159	-0.990684	-0.98	0.98	-0.98
0.210417	-0.759470	-0.98	0.98	-0.98
0.744284	0.105282	-0.98	0.98	-0.98
0.209406	0.914509	-0.98	0.98	-0.98
-0.834788	0.516887	-0.98	0.98	-0.98
-0.614434	0.583026	-0.98	0.98	-0.98
-0.498221	0.673843	-0.98	0.98	-0.98
0.607731	-0.921555	-0.98	0.98	-0.98
-0.496395	-0.901561	-0.98	0.98	-0.98
-0.769470	-0.124337	-0.98	0.98	-0.98
-0.119615	0.911008	-0.98	0.98	-0.98
0.708381	-0.082346	-0.98	0.98	-0.98
-0.615940	0.477004	-0.98	0.98	-0.98
0.281747	-0.898112	-0.98	0.98	-0.98
0.018125	0.705010	-0.98	0.98	-0.98
-0.431768	-0.684213	-0.98	0.98	-0.98
-0.602064	-0.475388	-0.98	0.98	-0.98
-0.801169	0.257023	-0.98	0.98	-0.98
0.404663	0.611624	-0.98	0.98	-0.98
-0.738919	-0.767255	-0.98	0.98	-0.98
-0.882752	-0.337420	-0.98	0.98	-0.98
0.691023	-0.404885	-0.98	0.98	-0.98
-0.931165	-0.964504	-0.98	0.98	-0.98
0.882297	-0.791856	-0.98	0.98	-0.98
0.743838	-0.930806	-0.98	0.98	-0.98
-0.721664	-0.681127	-0.98	0.98	-0.98
0.144840	0.828315	-0.98	0.98	-0.98
0.480573	-0.624431	-0.98	0.98	-0.98
0.419099	-0.904638	-0.98	0.98	-0.98
0.685570	-0.464071	-0.98	0.98	-0.98
0.692753	-0.222585	-0.98	0.98	-0.98
0.545259	0.692605	-0.98	0.98	-0.98
-0.167732	-0.749707	-0.98	0.98	-0.98
-0.396319	-0.891262	-0.98	0.98	-0.98
0.638433	0.468012	-0.98	0.98	-0.98
0.583586	0.983343	-0.98	0.98	-0.98
0.918375	0.440084	-0.98	0.98	-0.98
0.673974	-0.201307	-0.98	0.98	-0.98
0.442514	0.870940	-0.98	0.98	-0.98
0.224755	0.668549	-0.98	0.98	-0.98
0.406774	0.637441	-0.98	0.98	-0.98
-0.554929	-0.567835	-0.98	0.98	-0.98
-0.393520	-0.965317	-0.98	0.98	-0.98
-0.207368	0.705292	-0.98	0.98	-0.98
-0.625264	0.778100	-0.98	0.98	-0.98
0.636763	-0.363027	-0.98	0.98	-0.98
-0.654862	0.768355	-0.98	0.98	-0.98
-0.565307	0.988649	-0.98	0.98	-0.98
-0.891237	-0.347898	-0.98	0.98	-0.98
-0.990219	-0.741942	-0.98	0.98	-0.98
0.838917	0.526044	-0.98	0.98	-0.98
-0.828417	0.754147	-0.98	0.98	-0.98
-0.705770	0.708479	-0.98	0.98	-0.98
-0.664443	0.956384	-0.98	0.98	-0.98
-0.999431	-0.836030	-0.98	0.98	-0.98
0.802364	-0.601231	-0.98	0.98	-0.98
0.556438	-0.729269	-0.98	0.98	-0.98
-0.907784	-0.828859	-0.98	0.98	-0.98
-0.600236	0.585724	-0.98	0.98	-0.98
0.799366	0.262578	-0.98	0.98	-0.98
0.372661	-0.948865	-0.98	0.98	-0.98
-0.602286	-0.432516	-0.98	0.98	-0.98
0.723717	-0.766696	-0.98	0.98	-0.98
-0.240535	0.742491	-0.98	0.98	-0.98
0.407478	-0.943537	-0.98	0.98	-0.98
0.113471	0.767875	-0.98	0.98	-0.98
0.452161	-0.744500	-0.98	0.98	-0.98
0.458555	-0.952052	-0.98	0.98	-0.98
-0.967481	0.337269	-0.98	0.98	-0.98
-0.798097	-0.051392	-0.98	0.98	-0.98
0.806667	-0.692186	-0.98	0.98	-0.98
-0.897161	-0.694971	-0.98	0.98	-0.98
-0.787252	0.466382	-0.98	0.98	-0.98
-0.637740	-0.931883	-0.98	0.98	-0.98
0.164729	0.836282	-0.98	0.98	-0.98
-0.777564	-0.707913	-0.98	0.98	-0.98
0.970001	0.109938	-0.98	0.98	-0.98
-0.585016	-0.943970	-0.98	0.98	-0.98
0.821251	0.532384	-0.98	0.98	-0.98
0.987943	-0.500574	-0.98	0.98	-0.98
-0.844073	0.534344	-0.98	0.98	-0.98
-0.493656	-0.699700	-0.98	0.98	-0.98
-0.859968	0.714893	-0.98	0.98	-0.98
-0.990808	-0.724501	-0.98	0.98	-0.98
-0.780192	-0.126845	-0.98	0.98	-0.98
-0.425026	-0.647833	-0.98	0.98	-0.98
0.960847	-0.607432	-0.98	0.98	-0.98
-0.578370	0.844329	-0.98	0.98	-0.98
0.941827	-0.681388	-0.98	0.98	-0.98
-0.983233	0.250989	-0.98	0.98	-0.98
-0.685735	0.432073	-0.98	0.98	-0.98
0.155892	0.691179	-0.98	0.98	-0.98
0.269982	0.849291	-0.98	0.98	-0.98
0.487494	0.621997	-0.98	0.98	-0.98
0.480900	-0.942304	-0.98	0.98	-0.98
0.086695	0.997317	-0.98	0.98	-0.98
-0.444236	-0.782068	-0.98	0.98	-0.98
-0.676330	0.719211	-0.98	0.98	-0.98
-0.612735	-0.854435	-0.98	0.98	-0.98
-0.733755	-0.754912	-0.98	0.98	-0.98
-0.978933	0.376241	-0.98	0.98	-0.98
-0.297274	-0.668965	-0.98	0.98	-0.98
-0.764430	0.394476	-0.98	0.98	-0.98
-0.805321	0.353939	-0.98	0.98	-0.98
-0.289628	0.788540	-0.98	0.98	-0.98
-0.766642	-0.169971	-0.98	0.98	-0.98
0.815532	0.177268	-0.98	0.98	-0.98
-0.711768	-0.697151	-0.98	0.98	-0.98
0.695957	-0.673244	-0.98	0.98	-0.98
-0.403421	-0.579820	-0.98	0.98	-0.98
0.213279	-0.828357	-0.98	0.98	-0.98
-0.867708	-0.228573	-0.98	0.98	-0.98
-0.963993	-0.252986	-0.98	0.98	-0.98
0.746966	0.455882	-0.98	0.98	-0.98
-0.503142	0.745183	-0.98	0.98	-0.98
-0.642962	0.371795	-0.98	0.98	-0.98
-0.983390	-0.289122	-0.98	0.98	-0.98
0.981841	-0.619040	-0.98	0.98	-0.98
-0.298356	0.714630	-0.98	0.98	-0.98
-0.631371	-0.696318	-0.98	0.98	-0.98
0.593361	-0.983370	-0.98	0.98	-0.98
-0.570650	0.607236	-0.98	0.98	-0.98
-0.905741	0.522482	-0.98	0.98	-0.98
-0.698585	0.903879	-0.98	0.98	-0.98
0.593778	-0.534895	-0.98	0.98	-0.98
0.886063	0.488976	-0.98	0.98	-0.98
0.340047	0.634214	-0.98	0.98	-0.98
0.993820	-0.614849	-0.98	0.98	-0.98
0.538092	-0.694706	-0.98	0.98	-0.98
-0.753674	-0.235424	-0.98	0.98	-0.98
-0.330647	0.650056	-0.98	0.98	-0.98
-0.364022	-0.812763	-0.98	0.98	-0.98
0.948396	-0.455485	-0.98	0.98	-0.98
-0.881274	0.495297	-0.98	0.98	-0.98
-0.683870	-0.946475	-0.98	0.98	-0.98
0.942722	-0.269630	-0.98	0.98	-0.98
-0.787934	-0.908126	-0.98	0.98	-0.98
0.948026	-0.459449	-0.98	0.98	-0.98
0.710522	-0.670637	-0.98	0.98	-0.98
0.225641	-0.824628	-0.98	0.98	-0.98
0.474664	-0.656306	-0.98	0.98	-0.98
0.149009	0.903934	-0.98	0.98	-0.98
0.205406	-0.875829	-0.98	0.98	-0.98
-0.027215	0.703111	-0.98	0.98	-0.98
0.703894	-0.725956	-0.98	0.98	-0.98
0.748438	-0.492471	-0.98	0.98	-0.98
0.727335	-0.802787	-0.98	0.98	-0.98
-0.640519	-0.509969	-0.98	0.98	-0.98
0.743985	-0.720303	-0.98	0.98	-0.98
-0.987391	-0.539934	-0.98	0.98	-0.98
-0.957576	-0.326738	-0.98	0.98	-0.98
0.076656	0.771957	-0.98	0.98	-0.98
-0.611897	0.974508	-0.98	0.98	-0.98
-0.479983	-0.804195	-0.98	0.98	-0.98
0.396622	-0.656448	-0.98	0.98	-0.98
-0.865722	-0.831357	-0.98	0.98	-0.98
-0.950011	-0.676185	-0.98	0.98	-0.98
-0.080554	0.904280	-0.98	0.98	-0.98
0.575619	-0.658542	-0.98	0.98	-0.98
-0.680417	-0.449979	-0.98	0.98	-0.98
-0.679718	-0.719969	-0.98	0.98	-0.98
-0.161549	0.920229	-0.98	0.98	-0.98
-0.755766	0.374435	-0.98	0.98	-0.98
0.861146	-0.027983	-0.98	0.98	-0.98
0.555041	-0.578306	-0.98	0.98	-0.98
-0.730242	0.257444	-0.98	0.98	-0.98
-0.500218	0.951752	-0.98	0.98	-0.98
0.144291	-0.952143	-0.98	0.98	-0.98
-0.775194	-0.850296	-0.98	0.98	-0.98
0.709869	-0.091399	-0.98	0.98	-0.98
0.545980	-0.678560	-0.98	0.98	-0.98
-0.463855	0.721630	-0.98	0.98	-0.98
-0.908391	0.708507	-0.98	0.98	-0.98
-0.570594	-0.462029	-0.98	0.98	-0.98
0.362302	0.791733	-0.98	0.98	-0.98
-0.734692	-0.613701	-0.98	0.98	-0.98
0.572439	-0.692011	-0.98	0.98	-0.98
0.374631	0.939875	-0.98	0.98	-0.98
0.009161	-0.902338	-0.98	0.98	-0.98
-0.579047	-0.740704	-0.98	0.98	-0.98
-0.593976	0.644224	-0.98	0.98	-0.98
0.224938	0.901702	-0.98	0.98	-0.98
0.676220	0.390815	-0.98	0.98	-0.98
0.242389	-0.863582	-0.98	0.98	-0.98
-0.641402	-0.470940	-0.98	0.98	-0.98
0.877717	-0.042246	-0.98	0.98	-0.98
-0.657890	0.589499	-0.98	0.98	-0.98
0.865858	-0.422101	-0.98	0.98	-0.98
0.455134	0.880765	-0.98	0.98	-0.98
0.342700	-0.772148	-0.98	0.98	-0.98
-0.622516	-0.526500	-0.98	0.98	-0.98
-0.214169	-0.920924	-0.98	0.98	-0.98
-0.313593	0.915934	-0.98	0.98	-0.98
0.466933	-0.691747	-0.98	0.98	-0.98
0.044949	-0.825078	-0.98	0.98	-0.98
-0.615491	-0.392857	-0.98	0.98	-0.98
-0.158724	0.825730	-0.98	0.98	-0.98
0.428298	0.923973	-0.98	0.98	-0.98
0.588265	-0.446997	-0.98	0.98	-0.98
0.853336	-0.941670	-0.98	0.98	-0.98
-0.792745	0.831366	-0.98	0.98	-0.98
-0.468753	-0.843459	-0.98	0.98	-0.98
-0.574757	0.977755	-0.98	0.98	-0.98
0.396020	-0.728203	-0.98	0.98	-0.98
-0.627163	-0.728276	-0.98	0.98	-0.98
-0.255377	-0.851829	-0.98	0.98	-0.98
-0.852077	0.215092	-0.98	0.98	-0.98
-0.886169	-0.424859	-0.98	0.98	-0.98
-0.781817	-0.894120	-0.98	0.98	-0.98
-0.987462	0.221963	-0.98	0.98	-0.98
-0.888756	-0.398483	-0.98	0.98	-0.98
-0.827192	-0.593978	-0.98	0.98	-0.98
0.898974	0.468812	-0.98	0.98	-0.98
0.723488	0.418043	-0.98	0.98	-0.98
-0.922944	0.015130	-0.98	0.98	-0.98
-0.442711	-0.852003	-0.98	0.98	-0.98
-0.749715	0.590943	-0.98	0.98	-0.98
0.679565	0.186744	-0.98	0.98	-0.98
-0.943410	0.810047	-0.98	0.98	-0.98
-0.718513	-0.486965	-0.98	0.98	-0.98
0.984467	-0.117939	-0.98	0.98	-0.98
0.842551	-0.176108	-0.98	0.98	-0.98
0.163228	0.948184	-0.98	0.98	-0.98
-0.251987	0.659042	-0.98	0.98	-0.98
-0.711812	0.213510	-0.98	0.98	-0.98
0.435982	-0.652378	-0.98	0.98	-0.98
0.749874	-0.998965	-0.98	0.98	-0.98
0.944213	0.468543	-0.98	0.98	-0.98
-0.419696	0.675287	-0.98	0.98	-0.98
-0.744388	0.633822	-0.98	0.98	-0.98
-0.832039	-0.976486	-0.98	0.98	-0.98
-0.993113	0.055608	-0.98	0.98	-0.98
-0.419246	-0.590807	-0.98	0.98	-0.98
0.641567	-0.659184	-0.98	0.98	-0.98
-0.552753	-0.465472	-0.98	0.98	-0.98
-0.929504	-0.020084	-0.98	0.98	-0.98
-0.999903	-0.584685	-0.98	0.98	-0.98
-0.971561	-0.379647	-0.98	0.98	-0.98
0.830985	-0.950544	-0.98	0.98	-0.98
0.684333	-0.853047	-0.98	0.98	-0.98
0.799754	-0.489404	-0.98	0.98	-0.98
-0.152784	0.711404	-0.98	0.98	-0.98
-0.970931	-0.301949	-0.98	0.98	-0.98
0.749168	-0.535541	-0.98	0.98	-0.98
-0.806091	-0.204587	-0.98	0.98	-0.98
-0.954861	-0.699719	-0.98	0.98	-0.98
-0.960411	0.486766	-0.98	0.98	-0.98
-0.462095	0.904694	-0.98	0.98	-0.98
-0.724838	0.437289	-0.98	0.98	-0.98
-0.849443	0.031443	-0.98	0.98	-0.98
0.282102	-0.989930	-0.98	0.98	-0.98
0.691188	-0.550517	-0.98	0.98	-0.98
-0.798435	-0.732324	-0.98	0.98	-0.98
-0.072669	-0.777853	-0.98	0.98	-0.98
0.043506	0.972996	-0.98	0.98	-0.98
-0.937180	0.694378	-0.98	0.98	-0.98
0.413925	-0.802518	-0.98	0.98	-0.98
-0.894800	-0.118138	-0.98	0.98	-0.98
-0.220421	-0.673562	-0.98	0.98	-0.98
0.499807	0.781524	-0.98	0.98	-0.98
-0.419604	0.961280	-0.98	0.98	-0.98
-0.830615	0.455102	-0.98	0.98	-0.98
0.844930	-0.708030	-0.98	0.98	-0.98
-0.965657	0.168083	-0.98	0.98	-0.98
0.866013	0.525218	-0.98	0.98	-0.98
0.958404	-0.859782	-0.98	0.98	-0.98
-0.790263	0.057129	-0.98	0.98	-0.98
0.290577	0.707207	-0.98	0.98	-0.98
0.763682	-0.930493	-0.98	0.98	-0.98
-0.639057	-0.488943	-0.98	0.98	-0.98
-0.674646	0.678781	-0.98	0.98	-0.98
-0.211776	0.678689	-0.98	0.98	-0.98
0.162342	-0.758112	-0.98	0.98	-0.98
0.914210	0.450143	-0.98	0.98	-0.98
-0.659141	-0.683464	-0.98	0.98	-0.98
-0.661607	0.299952	-0.98	0.98	-0.98
-0.738461	0.553196	-0.98	0.98	-0.98
0.697733	-0.280743	-0.98	0.98	-0.98
-0.521665	0.601787	-0.98	0.98	-0.98
0.917682	0.307626	-0.98	0.98	-0.98
0.637497	-0.818118	-0.98	0.98	-0.98
-0.513860	0.965765	-0.98	0.98	-0.98
-0.805946	-0.743054	-0.98	0.98	-0.98
0.841735	-0.259205	-0.98	0.98	-0.98
-0.807207	-0.864847	-0.98	0.98	-0.98
0.382024	0.938960	-0.98	0.98	-0.98
-0.353035	-0.804090	-0.98	0.98	-0.98
-0.420148	0.694324	-0.98	0.98	-0.98
-0.878139	-0.749213	-0.98	0.98	-0.98
0.870538	-0.867295	-0.98	0.98	-0.98
0.945510	0.071573	-0.98	0.98	-0.98
-0.402676	-0.729897	-0.98	0.98	-0.98
-0.296491	0.868075	-0.98	0.98	-0.98
-0.613366	-0.907410	-0.98	0.98	-0.98
0.887708	-0.697168	-0.98	0.98	-0.98
-0.798581	-0.986539	-0.98	0.98	-0.98
0.902703	0.014327	-0.98	0.98	-0.98
-0.993426	0.871042	-0.98	0.98	-0.98
0.500817	0.996689	-0.98	0.98	-0.98
0.741278	-0.582165	-0.98	0.98	-0.98
-0.941287	0.038084	-0.98	0.98	-0.98
0.350424	0.925249	-0.98	0.98	-0.98
0.770922	-0.968577	-0.98	0.98	-0.98
-0.941865	0.107087	-0.98	0.98	-0.98
0.075757	-0.995952	-0.98	0.98	-0.98
-0.607079	0.707785	-0.98	0.98	-0.98
0.930821	-0.219956	-0.98	0.98	-0.98
-0.690369	0.155592	-0.98	0.98	-0.98
-0.646764	-0.614759	-0.98	0.98	-0.98
-0.284842	-0.716192	-0.98	0.98	-0.98
-0.439714	-0.567028	-0.98	0.98	-0.98
0.754449	-0.443444	-0.98	0.98	-0.98
0.189112	-0.945431	-0.98	0.98	-0.98
-0.663389	-0.908815	-0.98	0.98	-0.98
0.868525	0.187668	-0.98	0.98	-0.98
-0.635203	-0.673899	-0.98	0.98	-0.98
-0.031840	0.721711	-0.98	0.98	-0.98
0.776138	-0.676927	-0.98	0.98	-0.98
-0.961102	-0.656896	-0.98	0.98	-0.98
-0.730934	0.590927	-0.98	0.98	-0.98
-0.557545	-0.858926	-0.98	0.98	-0.98
0.933477	0.115778	-0.98	0.98	-0.98
-0.645809	-0.539115	-0.98	0.98	-0.98
-0.791612	0.766802	-0.98	0.98	-0.98
-0.659883	-0.647397	-0.98	0.98	-0.98
0.728326	-0.450305	-0.98	0.98	-0.98
-0.140133	-0.795936	-0.98	0.98	-0.98
0.853874	-0.554088	-0.98	0.98	-0.98
0.946431	-0.527554	-0.98	0.98	-0.98
-0.884409	-0.921494	-0.98	0.98	-0.98
0.318112	0.755694	-0.98	0.98	-0.98
0.952983	0.291762	-0.98	0.98	-0.98
0.500521	-0.891939	-0.98	0.98	-0.98
-0.916857	-0.176740	-0.98	0.98	-0.98
-0.078295	-0.727257	-0.98	0.98	-0.98
0.748925	-0.101492	-0.98	0.98	-0.98
-0.677634	-0.351325	-0.98	0.98	-0.98
0.910844	-0.340582	-0.98	0.98	-0.98
-0.937334	-0.210043	-0.98	0.98	-0.98
-0.745280	0.669744	-0.98	0.98	-0.98
-0.607703	0.470093	-0.98	0.98	-0.98
0.854978	-0.916068	-0.98	0.98	-0.98
-0.249816	-0.703943	-0.98	0.98	-0.98
-0.547914	-0.741971	-0.98	0.98	-0.98
-0.920499	-0.972176	-0.98	0.98	-0.98
0.943688	-0.072815	-0.98	0.98	-0.98
-0.411347	0.743573	-0.98	0.98	-0.98
0.159415	0.734332	-0.98	0.98	-0.98
0.681561	0.489020	-0.98	0.98	-0.98
0.541989	0.479469	-0.98	0.98	-0.98
0.753873	0.252437	-0.98	0.98	-0.98
-0.619327	0.558271	-0.98	0.98	-0.98
0.774043	-0.289956	-0.98	0.98	-0.98
-0.467368	0.603316	-0.98	0.98	-0.98
0.019034	0.913928	-0.98	0.98	-0.98
0.732271	0.060735	-0.98	0.98	-0.98
0.909681	-0.689129	-0.98	0.98	-0.98
-0.892695	-0.800148	-0.98	0.98	-0.98
-0.760081	-0.600605	-0.98	0.98	-0.98
0.658446	-0.530299	-0.98	0.98	-0.98
-0.633727	0.497852	-0.98	0.98	-0.98
-0.630455	0.370909	-0.98	0.98	-0.98
0.416201	-0.644314	-0.98	0.98	-0.98
-0.916047	0.601425	-0.98	0.98	-0.98
-0.730620	-0.151128	-0.98	0.98	-0.98
-0.017673	0.928672	-0.98	0.98	-0.98
-0.710494	-0.074882	-0.98	0.98	-0.98
-0.805839	0.945446	-0.98	0.98	-0.98
0.816396	-0.679309	-0.98	0.98	-0.98
0.912103	0.127566	-0.98	0.98	-0.98
0.696597	0.596145	-0.98	0.98	-0.98
-0.467720	0.869790	-0.98	0.98	-0.98
-0.912313	0.550931	-0.98	0.98	-0.98
-0.386107	0.900958	-0.98	0.98	-0.98
-0.791203	-0.068402	-0.98	0.98	-0.98
-0.521245	-0.494931	-0.98	0.98	-0.98
-0.885934	0.228204	-0.98	0.98	-0.98
-0.850283	-0.180091	-0.98	0.98	-0.98
0.909983	0.341936	-0.98	0.98	-0.98
0.706314	0.466865	-0.98	0.98	-0.98
-0.742924	0.650366	-0.98	0.98	-0.98
0.685289	-0.260301	-0.98	0.98	-0.98
0.434825	-0.682369	-0.98	0.98	-0.98
0.574597	-0.440603	-0.98	0.98	-0.98
0.308312	-0.644602	-0.98	0.98	-0.98
-0.184396	0.693392	-0.98	0.98	-0.98
-0.810266	-0.973390	-0.98	0.98	-0.98
-0.142388	0.891572	-0.98	0.98	-0.98
0.345812	-0.701102	-0.98	0.98	-0.98
0.793980	-0.961017	-0.98	0.98	-0.98
0.808781	-0.713090	-0.98	0.98	-0.98
0.885528	0.304029	-0.98	0.98	-0.98
0.962806	-0.469089	-0.98	0.98	-0.98
0.221644	0.760444	-0.98	0.98	-0.98
0.911809	-0.419898	-0.98	0.98	-0.98
-0.871520	0.610958	-0.98	0.98	-0.98
0.936021	0.434248	-0.98	0.98	-0.98
0.945155	0.239554	-0.98	0.98	-0.98
-0.868280	-0.992331	-0.98	0.98	-0.98
0.937585	0.028079	-0.98	0.98	-0.98
-0.226161	-0.843717	-0.98	0.98	-0.98
-0.613445	0.730595	-0.98	0.98	-0.98
0.869540	0.157962	-0.98	0.98	-0.98
0.296482	-0.897164	-0.98	0.98	-0.98
-0.563676	0.876764	-0.98	0.98	-0.98
0.712169	-0.053497	-0.98	0.98	-0.98
0.707503	-0.584375	-0.98	0.98	-0.98
0.768221	0.090048	-0.98	0.98	-0.98
-0.073264	0.801850	-0.98	0.98	-0.98
0.682563	0.158939	-0.98	0.98	-0.98
0.143811	-0.690635	-0.98	0.98	-0.98
-0.539262	0.477772	-0.98	0.98	-0.98
-0.670324	-0.897948	-0.98	0.98	-0.98
0.863475	-0.961205	-0.98	0.98	-0.98
-0.821262	0.225217	-0.98	0.98	-0.98
0.968740	-0.067344	-0.98	0.98	-0.98
-0.809269	-0.040199	-0.98	0.98	-0.98
-0.657439	-0.848008	-0.98	0.98	-0.98
0.286316	-0.656929	-0.98	0.98	-0.98
0.505941	0.870382	-0.98	0.98	-0.98
-0.938759	-0.348756	-0.98	0.98	-0.98
-0.044313	-0.870329	-0.98	0.98	-0.98
-0.521582	0.880705	-0.98	0.98	-0.98
-0.675036	0.338478	-0.98	0.98	-0.98
0.281481	0.713505	-0.98	0.98	-0.98
0.873704	-0.811417	-0.98	0.98	-0.98
-0.921489	0.632860	-0.98	0.98	-0.98
-0.374900	-0.673925	-0.98	0.98	-0.98
-0.774683	0.051966	-0.98	0.98	-0.98
0.093308	0.732936	-0.98	0.98	-0.98
0.843311	0.336827	-0.98	0.98	-0.98
-0.810557	-0.884827	-0.98	0.98	-0.98
0.920117	0.542902	-0.98	0.98	-0.98
-0.790411	-0.273739	-0.98	0.98	-0.98
0.875371	-0.220147	-0.98	0.98	-0.98
-0.223807	-0.784514	-0.98	0.98	-0.98
-0.781707	0.173019	-0.98	0.98	-0.98
-0.748808	-0.582088	-0.98	0.98	-0.98
0.894514	-0.716086	-0.98	0.98	-0.98
-0.835599	0.913564	-0.98	0.98	-0.98
0.167496	-0.898280	-0.98	0.98	-0.98
-0.333906	0.965462	-0.98	0.98	-0.98
0.960570	0.206643	-0.98	0.98	-0.98
-0.716705	0.368167	-0.98	0.98	-0.98
-0.788022	-0.345292	-0.98	0.98	-0.98
0.775372	0.143160	-0.98	0.98	-0.98
-0.617645	0.862978	-0.98	0.98	-0.98
-0.865909	-0.737857	-0.98	0.98	-0.98
0.398574	-0.805286	-0.98	0.98	-0.98
0.924242	0.143562	-0.98	0.98	-0.98
-0.939983	0.935267	-0.98	0.98	-0.98
0.655002	-0.437518	-0.98	0.98	-0.98
-0.913219	-0.896971	-0.98	0.98	-0.98
-0.084172	-0.720952	-0.98	0.98	-0.98
-0.990673	0.747934	-0.98	0.98	-0.98
-0.409604	0.914323	-0.98	0.98	-0.98
-0.788101	0.383874	-0.98	0.98	-0.98
0.959066	-0.683098	-0.98	0.98	-0.98
-0.752295	-0.132168	-0.98	0.98	-0.98
-0.715735	0.400122	-0.98	0.98	-0.98
0.578796	0.983453	-0.98	0.98	-0.98
-0.481704	-0.514832	-0.98	0.98	-0.98
0.939081	0.555939	-0.98	0.98	-0.98
-0.953990	0.824797	-0.98	0.98	-0.98
0.100149	-0.924136	-0.98	0.98	-0.98
-0.957233	0.226789	-0.98	0.98	-0.98
-0.732293	-0.766491	-0.98	0.98	-0.98
0.453728	0.538984	-0.98	0.98	-0.98
-0.008661	0.745165	-0.98	0.98	-0.98
-0.035334	-0.962039	-0.98	0.98	-0.98
0.515046	0.733985	-0.98	0.98	-0.98
-0.739834	-0.809661	-0.98	0.98	-0.98
-0.794547	0.593503	-0.98	0.98	-0.98
0.746661	-0.165101	-0.98	0.98	-0.98
-0.818753	-0.417647	-0.98	0.98	-0.98
0.492876	-0.972560	-0.98	0.98	-0.98
0.778937	-0.533502	-0.98	0.98	-0.98
0.754420	-0.349738	-0.98	0.98	-0.98
0.759417	-0.278061	-0.98	0.98	-0.98
-0.873902	0.537527	-0.98	0.98	-0.98
0.296247	-0.748401	-0.98	0.98	-0.98
-0.875465	-0.672681	-0.98	0.98	-0.98
0.536659	-0.998924	-0.98	0.98	-0.98
0.350310	-0.655962	-0.98	0.98	-0.98
-0.070547	0.854833	-0.98	0.98	-0.98
-0.785653	0.653321	-0.98	0.98	-0.98
-0.625736	-0.339932	-0.98	0.98	-0.98
-0.839187	-0.064493	-0.98	0.98	-0.98
0.249601	-0.730004	-0.98	0.98	-0.98
-0.556733	-0.883113	-0.98	0.98	-0.98
-0.638433	-0.322436	-0.98	0.98	-0.98
-0.306821	-0.741622	-0.98	0.98	-0.98
-0.333911	0.925727	-0.98	0.98	-0.98
-0.034830	-0.909004	-0.98	0.98	-0.98
0.687471	0.280278	-0.98	0.98	-0.98
0.627106	-0.359512	-0.98	0.98	-0.98
0.318891	0.627509	-0.98	0.98	-0.98
-0.746426	-0.990606	-0.98	0.98	-0.98
0.339495	0.811045	-0.98	0.98	-0.98
0.831343	-0.004705	-0.98	0.98	-0.98
0.717830	-0.520545	-0.98	0.98	-0.98
-0.642349	-0.487847	-0.98	0.98	-0.98
-0.925020	-0.005383	-0.98	0.98	-0.98
0.850345	-0.214022	-0.98	0.98	-0.98
-0.761879	0.395080	-0.98	0.98	-0.98
0.331578	0.767248	-0.98	0.98	-0.98
-0.650488	-0.915968	-0.98	0.98	-0.98
0.497327	-0.885204	-0.98	0.98	-0.98
-0.581434	0.679717	-0.98	0.98	-0.98
0.533275	-0.606733	-0.98	0.98	-0.98
-0.757882	0.717297	-0.98	0.98	-0.98
0.310276	-0.914534	-0.98	0.98	-0.98
0.085269	-0.956749	-0.98	0.98	-0.98
0.932359	0.222145	-0.98	0.98	-0.98
-0.704711	0.193216	-0.98	0.98	-0.98
-0.555399	-0.797951	-0.98	0.98	-0.98
-0.472873	0.798981	-0.98	0.98	-0.98
0.844475	0.130427	-0.98	0.98	-0.98
0.886368	-0.932551	-0.98	0.98	-0.98
0.704057	0.331619	-0.98	0.98	-0.98
-0.704533	-0.272619	-0.98	0.98	-0.98
-0.362354	0.674693	-0.98	0.98	-0.98
-0.979214	0.820860	-0.98	0.98	-0.98
-0.928295	0.323551	-0.98	0.98	-0.98
-0.725724	-0.053677	-0.98	0.98	-0.98
0.104057	0.810632	-0.98	0.98	-0.98
0.866101	-0.558620	-0.98	0.98	-0.98
0.862655	-0.628202	-0.98	0.98	-0.98
0.656582	-0.705361	-0.98	0.98	-0.98
0.826957	0.396147	-0.98	0.98	-0.98
-0.038637	0.909807	-0.98	0.98	-0.98
-0.707339	0.834478	-0.98	0.98	-0.98
0.731353	-0.376306	-0.98	0.98	-0.98
-0.448835	0.757463	-0.98	0.98	-0.98
-0.972117	0.761645	-0.98	0.98	-0.98
-0.962275	-0.834486	-0.98	0.98	-0.98
-0.768650	0.383688	-0.98	0.98	-0.98
0.873874	0.138708	-0.98	0.98	-0.98
-0.005423	0.771794	-0.98	0.98	-0.98
0.146340	0.731534	-0.98	0.98	-0.98
-0.988977	0.185279	-0.98	0.98	-0.98
-0.069539	-0.969509	-0.98	0.98	-0.98
0.586095	-0.745916	-0.98	0.98	-0.98
-0.654906	0.431685	-0.98	0.98	-0.98
-0.612111	0.834040	-0.98	0.98	-0.98
0.935115	0.372295	-0.98	0.98	-0.98
0.894762	-0.257353	-0.98	0.98	-0.98
-0.894325	-0.034478	-0.98	0.98	-0.98
0.724122	-0.463918	-0.98	0.98	-0.98
-0.630872	0.553364	-0.98	0.98	-0.98
0.671961	-0.875654	-0.98	0.98	-0.98
-0.865695	0.152873	-0.98	0.98	-0.98
0.937483	-0.457724	-0.98	0.98	-0.98
-0.683862	-0.544867	-0.98	0.98	-0.98
0.697620	-0.527926	-0.98	0.98	-0.98
0.665420	-0.862991	-0.98	0.98	-0.98
0.709862	-0.037481	-0.98	0.98	-0.98
0.965119	-0.065075	-0.98	0.98	-0.98
-0.650155	0.849382	-0.98	0.98	-0.98
-0.874796	0.940576	-0.98	0.98	-0.98
-0.460453	0.872444	-0.98	0.98	-0.98
0.002169	0.839595	-0.98	0.98	-0.98
0.570882	0.890997	-0.98	0.98	-0.98
0.740648	-0.271967	-0.98	0.98	-0.98
0.760721	-0.552519	-0.98	0.98	-0.98
-0.753969	-0.357792	-0.98	0.98	-0.98
-0.806972	-0.139682	-0.98	0.98	-0.98
-0.927926	-0.122993	-0.98	0.98	-0.98
0.926835	0.392607	-0.98	0.98	-0.98
0.677480	0.262035	-0.98	0.98	-0.98
0.818649	-0.184274	-0.98	0.98	-0.98
-0.893851	0.771114	-0.98	0.98	-0.98
0.925882	0.095188	-0.98	0.98	-0.98
0.986949	-0.466684	-0.98	0.98	-0.98
-0.984409	-0.373003	-0.98	0.98	-0.98
0.583780	0.846573	-0.98	0.98	-0.98
0.770984	0.107184	-0.98	0.98	-0.98
-0.727879	-0.542592	-0.98	0.98	-0.98
-0.162216	0.901576	-0.98	0.98	-0.98
-0.853157	-0.163809	-0.98	0.98	-0.98
-0.409407	-0.951210	-0.98	0.98	-0.98
0.270694	-0.829050	-0.98	0.98	-0.98
-0.239073	-0.760658	-0.98	0.98	-0.98
0.812134	0.149601	-0.98	0.98	-0.98
-0.731853	0.443145	-0.98	0.98	-0.98
-0.230128	-0.741688	-0.98	0.98	-0.98
-0.535243	-0.705704	-0.98	0.98	-0.98
-0.878090	0.998069	-0.98	0.98	-0.98
0.305526	0.652124	-0.98	0.98	-0.98
-0.520903	-0.713016	-0.98	0.98	-0.98
-0.788584	-0.219617	-0.98	0.98	-0.98
0.988621	-0.504558	-0.98	0.98	-0.98
-0.841598	0.033801	-0.98	0.98	-0.98
-0.577343	0.536937	-0.98	0.98	-0.98
-0.749495	0.675958	-0.98	0.98	-0.98
0.997878	-0.429584	-0.98	0.98	-0.98
-0.610800	-0.694825	-0.98	0.98	-0.98
0.309091	-0.944788	-0.98	0.98	-0.98
-0.788817	0.408278	-0.98	0.98	-0.98
-0.663238	-0.263642	-0.98	0.98	-0.98
-0.830736	0.795596	-0.98	0.98	-0.98
0.746847	-0.986383	-0.98	0.98	-0.98
0.404654	0.814989	-0.98	0.98	-0.98
-0.791630	0.495409	-0.98	0.98	-0.98
-0.626601	-0.574583	-0.98	0.98	-0.98
-0.359933	0.934176	-0.98	0.98	-0.98
0.427554	0.626287	-0.98	0.98	-0.98
-0.953483	0.400318	-0.98	0.98	-0.98
-0.000252	-0.847401	-0.98	0.98	-0.98
-0.812387	-0.029593	-0.98	0.98	-0.98
-0.693385	-0.859891	-0.98	0.98	-0.98
0.839472	-0.193389	-0.98	0.98	-0.98
-0.839903	0.521020	-0.98	0.98	-0.98
0.536116	-0.602883	-0.98	0.98	-0.98
0.403326	0.883658	-0.98	0.98	-0.98
-0.935766	-0.257771	-0.98	0.98	-0.98
-0.795950	-0.180779	-0.98	0.98	-0.98
-0.464950	-0.684756	-0.98	0.98	-0.98
0.663738	-0.341441	-0.98	0.98	-0.98
-0.096830	0.085107	-0.98	0.98	-0.98
-0.198982	0.125070	-0.98	0.98	-0.98
-0.167664	0.168501	-0.98	0.98	-0.98
-0.169934	-0.287295	-0.98	0.98	-0.98
0.183148	0.027989	-0.98	0.98	-0.98
-0.037821	0.077803	-0.98	0.98	-0.98
-0.120787	-0.022383	-0.98	0.98	-0.98
-0.286812	-0.027454	-0.98	0.98	-0.98
-0.001733	0.255192	-0.98	0.98	-0.98
-0.076895	-0.051500	-0.98	0.98	-0.98
0.134412	-0.043631	-0.98	0.98	-0.98
0.007618	0.244571	-0.98	0.98	-0.98
-0.182640	0.141463	-0.98	0.98	-0.98
-0.147761	0.005212	-0.98	0.98	-0.98
-0.074002	-0.026053	-0.98	0.98	-0.98
0.310930	-0.133453	-0.98	0.98	-0.98
0.227990	-0.140514	-0.98	0.98	-0.98
0.250369	0.200619	-0.98	0.98	-0.98
0.007376	-0.123985	-0.98	0.98	-0.98
0.076428	-0.110592	-0.98	0.98	-0.98
0.182355	0.065972	-0.98	0.98	-0.98
0.188027	0.257305	-0.98	0.98	-0.98
0.050215	0.234753	-0.98	0.98	-0.98
0.213872	-0.081931	-0.98	0.98	-0.98
0.226524	0.006581	-0.98	0.98	-0.98
-0.135874	-0.037750	-0.98	0.98	-0.98
0.300477	0.012147	-0.98	0.98	-0.98
-0.088112	0.011356	-0.98	0.98	-0.98
-0.179540	0.164354	-0.98	0.98	-0.98
0.293729	0.008177	-0.98	0.98	-0.98
-0.065262	0.014246	-0.98	0.98	-0.98
0.176419	-0.115807	-0.98	0.98	-0.98
-0.205702	0.037367	-0.98	0.98	-0.98
-0.028220	-0.174794	-0.98	0.98	-0.98
-0.303349	-0.234202	-0.98	0.98	-0.98
-0.290228	-0.264089	-0.98	0.98	-0.98
0.136255	0.274413	-0.98	0.98	-0.98
0.343922	0.056749	-0.98	0.98	-0.98
-0.225173	0.115070	-0.98	0.98	-0.98
-0.250677	0.136060	-0.98	0.98	-0.98
-0.263553	-0.218019	-0.98	0.98	-0.98
0.047649	0.373415	-0.98	0.98	-0.98
-0.190286	-0.304167	-0.98	0.98	-0.98
-0.338250	-0.073073	-0.98	0.98	-0.98
-0.051430	0.243861	-0.98	0.98	-0.98
0.240943	0.001583	-0.98	0.98	-0.98
-0.069375	-0.378288	-0.98	0.98	-0.98
-0.020404	0.286290	-0.98	0.98	-0.98
0.331731	-0.157585	-0.98	0.98	-0.98
0.092820	-0.323500	-0.98	0.98	-0.98
-0.335883	0.054560	-0.98	0.98	-0.98
0.011794	-0.080700	-0.98	0.98	-0.98
-0.236519	0.224300	-0.98	0.98	-0.98
-0.157756	0.154259	-0.98	0.98	-0.98
-0.117415	-0.361804	-0.98	0.98	-0.98
0.179623	-0.178636	-0.98	0.98	-0.98
-0.107389	-0.239156	-0.98	0.98	-0.98
-0.182653	-0.263832	-0.98	0.98	-0.98
0.065824	-0.288857	-0.98	0.98	-0.98
-0.100373	0.220169	-0.98	0.98	-0.98
0.177828	0.036407	-0.98	0.98	-0.98
-0.152655	0.063619	-0.98	0.98	-0.98
-0.232474	-0.193674	-0.98	0.98	-0.98
-0.093093	0.094596	-0.98	0.98	-0.98
0.104964	-0.203666	-0.98	0.98	-0.98
0.329686	0.032070	-0.98	0.98	-0.98
0.274899	-0.220530	-0.98	0.98	-0.98
0.253495	0.129670	-0.98	0.98	-0.98
-0.299218	-0.082339	-0.98	0.98	-0.98
-0.233971	-0.249094	-0.98	0.98	-0.98
-0.207344	-0.208832	-0.98	0.98	-0.98
0.147176	-0.240578	-0.98	0.98	-0.98
-0.040123	0.130697	-0.98	0.98	-0.98
-0.295294	0.169463	-0.98	0.98	-0.98
0.019467	0.362674	-0.98	0.98	-0.98
0.076661	0.323311	-0.98	0.98	-0.98
0.282787	-0.185445	-0.98	0.98	-0.98
-0.175476	0.026230	-0.98	0.98	-0.98
0.158219	0.258542	-0.98	0.98	-0.98
-0.394856	-0.035706	-0.98	0.98	-0.98
0.155853	-0.321511	-0.98	0.98	-0.98
0.218587	-0.196699	-0.98	0.98	-0.98
0.076772	-0.198624	-0.98	0.98	-0.98
0.184138	0.041229	-0.98	0.98	-0.98
-0.037323	0.057950	-0.98	0.98	-0.98
0.222012	0.222466	-0.98	0.98	-0.98
0.131850	-0.140744	-0.98	0.98	-0.98
0.081695	0.069615	-0.98	0.98	-0.98
-0.357640	0.133460	-0.98	0.98	-0.98
-0.295586	-0.123249	-0.98	0.98	-0.98
0.057159	-0.172424	-0.98	0.98	-0.98
-0.012615	-0.296612	-0.98	0.98	-0.98
-0.284024	0.056353	-0.98	0.98	-0.98
0.099763	-0.335639	-0.98	0.98	-0.98
-0.380599	-0.093477	-0.98	0.98	-0.98
-0.008965	-0.111705	-0.98	0.98	-0.98
0.382736	0.068815	-0.98	0.98	-0.98
0.018121	-0.015436	-0.98	0.98	-0.98
-0.301064	0.242395	-0.98	0.98	-0.98
-0.188371	0.003313	-0.98	0.98	-0.98
0.279223	-0.274665	-0.98	0.98	-0.98
-0.184401	-0.115248	-0.98	0.98	-0.98
-0.283571	-0.056288	-0.98	0.98	-0.98
0.107434	-0.359425	-0.98	0.98	-0.98
0.061004	0.334295	-0.98	0.98	-0.98
0.238478	-0.315766	-0.98	0.98	-0.98
0.251344	0.137348	-0.98	0.98	-0.98
-0.096232	-0.129885	-0.98	0.98	-0.98
0.253524	-0.142043	-0.98	0.98	-0.98
0.004000	-0.279850	-0.98	0.98	-0.98
-0.362860	-0.028640	-0.98	0.98	-0.98
-0.035821	-0.144232	-0.98	0.98	-0.98
-0.189118	0.114317	-0.98	0.98	-0.98
0.154260	-0.365079	-0.98	0.98	-0.98
-0.036767	0.263107	-0.98	0.98	-0.98
0.223023	0.182024	-0.98	0.98	-0.98
0.011347	0.011064	-0.98	0.98	-0.98
-0.139958	0.268276	-0.98	0.98	-0.98
0.159567	-0.219196	-0.98	0.98	-0.98
0.018485	0.346555	-0.98	0.98	-0.98
0.170040	0.352185	-0.98	0.98	-0.98
0.026905	0.091487	-0.98	0.98	-0.98
0.169512	0.273066	-0.98	0.98	-0.98
-0.090201	-0.005267	-0.98	0.98	-0.98
-0.134711	-0.097924	-0.98	0.98	-0.98
-0.008817	-0.128371	-0.98	0.98	-0.98
-0.051975	-0.276116	-0.98	0.98	-0.98
0.029590	-0.106755	-0.98	0.98	-0.98
0.030936	0.111288	-0.98	0.98	-0.98
-0.292013	0.112517	-0.98	0.98	-0.98
-0.142078	0.348106	-0.98	0.98	-0.98
0.385330	0.103121	-0.98	0.98	-0.98
-0.048539	-0.035248	-0.98	0.98	-0.98
-0.095416	0.270238	-0.98	0.98	-0.98
0.303997	-0.197092	-0.98	0.98	-0.98
-0.006159	-0.376289	-0.98	0.98	-0.98
0.003523	-0.350832	-0.98	0.98	-0.98
-0.171646	0.171531	-0.98	0.98	-0.98
0.329575	0.102638	-0.98	0.98	-0.98
-0.215249	-0.063684	-0.98	0.98	-0.98
-0.119340	0.379826	-0.98	0.98	-0.98
-0.277662	-0.166636	-0.98	0.98	-0.98
-0.082551	-0.096094	-0.98	0.98	-0.98
0.103963	-0.235526	-0.98	0.98	-0.98
-0.168089	-0.073734	-0.98	0.98	-0.98
0.238798	0.295210	-0.98	0.98	-0.98
-0.102526	-0.132138	-0.98	0.98	-0.98
0.205324	-0.231991	-0.98	0.98	-0.98
0.125875	-0.284053	-0.98	0.98	-0.98
0.261628	-0.101010	-0.98	0.98	-0.98
-0.318169	-0.038486	-0.98	0.98	-0.98
0.045573	0.089666	-0.98	0.98	-0.98
0.099055	0.150013	-0.98	0.98	-0.98
-0.285442	-0.169969	-0.98	0.98	-0.98
0.080544	-0.211337	-0.98	0.98	-0.98
0.073445	0.332803	-0.98	0.98	-0.98
-0.200570	0.011268	-0.98	0.98	-0.98
0.045307	0.192810	-0.98	0.98	-0.98
0.213137	-0.058245	-0.98	0.98	-0.98
0.021690	0.326339	-0.98	0.98	-0.98
-0.237662	-0.148567	-0.98	0.98	-0.98
-0.270211	0.062250	-0.98	0.98	-0.98
0.096293	-0.198033	-0.98	0.98	-0.98
-0.363994	-0.034098	-0.98	0.98	-0.98
0.217612	-0.085549	-0.98	0.98	-0.98
-0.026530	-0.326651	-0.98	0.98	-0.98
-0.314690	-0.137971	-0.98	0.98	-0.98
0.153971	0.067140	-0.98	0.98	-0.98
-0.217163	-0.332443	-0.98	0.98	-0.98
-0.346661	-0.069492	-0.98	0.98	-0.98
-0.375741	0.062709	-0.98	0.98	-0.98
-0.149945	0.012534	-0.98	0.98	-0.98
0.176887	0.248636	-0.98	0.98	-0.98
0.203677	-0.214337	-0.98	0.98	-0.98
-0.313528	-0.129066	-0.98	0.98	-0.98
-0.191788	-0.284050	-0.98	0.98	-0.98
0.251786	-0.078662	-0.98	0.98	-0.98
0.231462	-0.145262	-0.98	0.98	-0.98
-0.000198	-0.231728	-0.98	0.98	-0.98
-0.308404	-0.069299	-0.98	0.98	-0.98
-0.158249	-0.009195	-0.98	0.98	-0.98
-0.104530	0.211998	-0.98	0.98	-0.98
-0.277380	0.109958	-0.98	0.98	-0.98
0.038870	-0.260400	-0.98	0.98	-0.98
0.007625	0.158564	-0.98	0.98	-0.98
-0.047229	0.308264	-0.98	0.98	-0.98
-0.322161	0.083136	-0.98	0.98	-0.98
0.338727	-0.166486	-0.98	0.98	-0.98
0.259245	0.236320	-0.98	0.98	-0.98
-0.174539	0.210619	-0.98	0.98	-0.98
0.022318	0.265414	-0.98	0.98	-0.98
-0.213032	0.161666	-0.98	0.98	-0.98
0.167159	0.186165	-0.98	0.98	-0.98
0.049408	0.126364	-0.98	0.98	-0.98
-0.141980	-0.037523	-0.98	0.98	-0.98
-0.279635	0.139042	-0.98	0.98	-0.98
0.198714	0.123886	-0.98	0.98	-0.98
-0.324585	0.186195	-0.98	0.98	-0.98
0.184352	0.001470	-0.98	0.98	-0.98
-0.146606	0.126376	-0.98	0.98	-0.98
0.226238	0.097442	-0.98	0.98	-0.98
0.029908	-0.191534	-0.98	0.98	-0.98
-0.279064	0.078617	-0.98	0.98	-0.98
0.269489	0.087866	-0.98	0.98	-0.98
0.394841	-0.000402	-0.98	0.98	-0.98
0.329255	0.146497	-0.98	0.98	-0.98
-0.160706	-0.270234	-0.98	0.98	-0.98
0.207485	0.008544	-0.98	0.98	-0.98
0.212617	0.175962	-0.98	0.98	-0.98
0.142197	0.113062	-0.98	0.98	-0.98
-0.283310	-0.139143	-0.98	0.98	-0.98
0.162627	0.321417	-0.98	0.98	-0.98
0.295523	-0.156544	-0.98	0.98	-0.98
-0.260540	-0.106222	-0.98	0.98	-0.98
-0.231689	0.009264	-0.98	0.98	-0.98
0.020907	-0.379016	-0.98	0.98	-0.98
0.034054	0.052204	-0.98	0.98	-0.98
0.146234	-0.095864	-0.98	0.98	-0.98
-0.150445	-0.327192	-0.98	0.98	-0.98
0.025004	0.136767	-0.98	0.98	-0.98
-0.148385	0.045416	-0.98	0.98	-0.98
-0.203649	0.040515	-0.98	0.98	-0.98
-0.182266	-0.152354	-0.98	0.98	-0.98
-0.104724	-0.240373	-0.98	0.98	-0.98
-0.326598	-0.209490	-0.98	0.98	-0.98
-0.102261	0.074128	-0.98	0.98	-0.98
0.134856	0.209788	-0.98	0.98	-0.98
-0.206609	-0.086512	-0.98	0.98	-0.98
-0.172806	-0.264162	-0.98	0.98	-0.98
0.089116	-0.321892	-0.98	0.98	-0.98
0.202213	-0.321366	-0.98	0.98	-0.98
-0.375753	-0.064226	-0.98	0.98	-0.98
0.022018	0.265999	-0.98	0.98	-0.98
0.054449	-0.327882	-0.98	0.98	-0.98
-0.032075	-0.069844	-0.98	0.98	-0.98
0.005893	0.360583	-0.98	0.98	-0.98
0.082294	0.274862	-0.98	0.98	-0.98
0.307664	-0.134105	-0.98	0.98	-0.98
-0.327089	0.209627	-0.98	0.98	-0.98
0.061055	0.168943	-0.98	0.98	-0.98
0.013192	-0.302792	-0.98	0.98	-0.98
-0.162659	0.140393	-0.98	0.98	-0.98
0.051961	-0.095128	-0.98	0.98	-0.98
0.167502	0.245218	-0.98	0.98	-0.98
0.281839	-0.233272	-0.98	0.98	-0.98
-0.125235	0.299175	-0.98	0.98	-0.98
-0.179959	0.024226	-0.98	0.98	-0.98
-0.035043	-0.159898	-0.98	0.98	-0.98
0.379368	0.101730	-0.98	0.98	-0.98
-0.055679	0.303659	-0.98	0.98	-0.98
0.124136	-0.212184	-0.98	0.98	-0.98
0.280767	0.093781	-0.98	0.98	-0.98
0.120004	-0.079541	-0.98	0.98	-0.98
0.130719	0.094122	-0.98	0.98	-0.98
-0.038002	-0.010065	-0.98	0.98	-0.98
-0.219294	0.316911	-0.98	0.98	-0.98
-0.308438	-0.022142	-0.98	0.98	-0.98
-0.299480	0.050213	-0.98	0.98	-0.98
0.079774	0.160273	-0.98	0.98	-0.98
-0.112608	0.382407	-0.98	0.98	-0.98
0.373865	-0.118035	-0.98	0.98	-0.98
0.184113	0.189982	-0.98	0.98	-0.98
0.089167	0.332220	-0.98	0.98	-0.98
-0.013618	0.066228	-0.98	0.98	-0.98
0.122191	-0.119976	-0.98	0.98	-0.98
0.040073	-0.300321	-0.98	0.98	-0.98
0.360239	0.116470	-0.98	0.98	-0.98
0.329801	0.158948	-0.98	0.98	-0.98
-0.056277	-0.172371	-0.98	0.98	-0.98
-0.089023	-0.243387	-0.98	0.98	-0.98
-0.230480	0.286606	-0.98	0.98	-0.98
-0.008511	0.067956	-0.98	0.98	-0.98
0.269510	-0.099784	-0.98	0.98	-0.98
0.194905	0.139446	-0.98	0.98	-0.98
0.157399	0.167035	-0.98	0.98	-0.98
0.166489	0.111109	-0.98	0.98	-0.98
0.241278	0.045814	-0.98	0.98	-0.98
-0.050746	-0.264965	-0.98	0.98	-0.98
-0.087491	-0.099439	-0.98	0.98	-0.98
-0.058877	-0.368388	-0.98	0.98	-0.98
-0.354120	0.185521	-0.98	0.98	-0.98
-0.382153	-0.063392	-0.98	0.98	-0.98
-0.104376	0.250840	-0.98	0.98	-0.98
-0.174231	0.358194	-0.98	0.98	-0.98
-0.086399	0.009419	-0.98	0.98	-0.98
-0.110850	0.216669	-0.98	0.98	-0.98
-0.022945	-0.194349	-0.98	0.98	-0.98
0.033752	-0.252440	-0.98	0.98	-0.98
0.143069	0.169525	-0.98	0.98	-0.98
0.322947	-0.209964	-0.98	0.98	-0.98
-0.087966	0.048959	-0.98	0.98	-0.98
0.108242	-0.281871	-0.98	0.98	-0.98
-0.216093	0.248978	-0.98	0.98	-0.98
0.191390	-0.086806	-0.98	0.98	-0.98
-0.066488	-0.053795	-0.98	0.98	-0.98
0.136673	-0.052503	-0.98	0.98	-0.98
0.154957	0.139199	-0.98	0.98	-0.98
-0.285635	0.161350	-0.98	0.98	-0.98
0.052458	0.236055	-0.98	0.98	-0.98
0.012124	-0.034030	-0.98	0.98	-0.98
-0.061573	-0.181218	-0.98	0.98	-0.98
0.163370	-0.285505	-0.98	0.98	-0.98
0.059473	-0.207951	-0.98	0.98	-0.98
0.162440	0.329307	-0.98	0.98	-0.98
0.334451	-0.180702	-0.98	0.98	-0.98
-0.236986	-0.013637	-0.98	0.98	-0.98
0.240461	0.097709	-0.98	0.98	-0.98
-0.225075	-0.025529	-0.98	0.98	-0.98
0.023656	-0.150942	-0.98	0.98	-0.98
0.347624	-0.076279	-0.98	0.98	-0.98
0.078893	0.265926	-0.98	0.98	-0.98
0.118952	-0.077173	-0.98	0.98	-0.98
0.042050	-0.160936	-0.98	0.98	-0.98
0.082468	-0.086976	-0.98	0.98	-0.98
-0.008651	0.063876	-0.98	0.98	-0.98
0.141960	-0.051727	-0.98	0.98	-0.98
0.232675	0.085969	-0.98	0.98	-0.98
0.054168	0.089687	-0.98	0.98	-0.98
0.348853	-0.176575	-0.98	0.98	-0.98
0.089487	-0.043926	-0.98	0.98	-0.98
-0.294794	0.143864	-0.98	0.98	-0.98
-0.172884	0.078126	-0.98	0.98	-0.98
0.064776	0.185870	-0.98	0.98	-0.98
0.097737	0.139811	-0.98	0.98	-0.98
0.171350	-0.024971	-0.98	0.98	-0.98
0.205911	-0.290327	-0.98	0.98	-0.98
-0.245419	-0.105045	-0.98	0.98	-0.98
0.252506	-0.242157	-0.98	0.98	-0.98
0.029901	0.191193	-0.98	0.98	-0.98
-0.299772	-0.180608	-0.98	0.98	-0.98
0.068995	-0.363270	-0.98	0.98	-0.98
-0.140327	-0.135594	-0.98	0.98	-0.98
-0.159041	-0.267522	-0.98	0.98	-0.98
-0.189012	0.027060	-0.98	0.98	-0.98
-0.157583	0.117121	-0.98	0.98	-0.98
0.248420	-0.005293	-0.98	0.98	-0.98
0.197338	0.305289	-0.98	0.98	-0.98
0.182802	-0.052852	-0.98	0.98	-0.98
0.029746	0.317557	-0.98	0.98	-0.98
0.114153	0.167510	-0.98	0.98	-0.98
0.218746	-0.151034	-0.98	0.98	-0.98
0.232893	0.259638	-0.98	0.98	-0.98
-0.339627	-0.128171	-0.98	0.98	-0.98
-0.126358	0.125306	-0.98	0.98	-0.98
0.315734	-0.073174	-0.98	0.98	-0.98
0.261383	-0.174142	-0.98	0.98	-0.98
0.151823	-0.162608	-0.98	0.98	-0.98
0.156312	0.054486	-0.98	0.98	-0.98
0.062920	-0.146706	-0.98	0.98	-0.98
-0.132444	-0.194761	-0.98	0.98	-0.98
-0.072948	0.265859	-0.98	0.98	-0.98
0.186903	0.124157	-0.98	0.98	-0.98
-0.065327	0.188887	-0.98	0.98	-0.98
-0.074463	-0.308957	-0.98	0.98	-0.98
0.314342	-0.226625	-0.98	0.98	-0.98
-0.121473	0.079302	-0.98	0.98	-0.98
0.204831	-0.148643	-0.98	0.98	-0.98
-0.037361	0.121350	-0.98	0.98	-0.98
0.090443	-0.097802	-0.98	0.98	-0.98
0.079008	0.252603	-0.98	0.98	-0.98
0.014756	0.074736	-0.98	0.98	-0.98
0.243001	-0.120766	-0.98	0.98	-0.98
-0.210645	0.031267	-0.98	0.98	-0.98
-0.327889	0.134782	-0.98	0.98	-0.98
-0.278376	-0.147648	-0.98	0.98	-0.98
0.172284	-0.117792	-0.98	0.98	-0.98
0.003107	-0.188204	-0.98	0.98	-0.98
-0.239593	-0.108926	-0.98	0.98	-0.98
0.106627	-0.333988	-0.98	0.98	-0.98
-0.059162	0.110156	-0.98	0.98	-0.98
0.148087	-0.214378	-0.98	0.98	-0.98
0.162568	-0.028457	-0.98	0.98	-0.98
0.029860	0.055020	-0.98	0.98	-0.98
0.309392	0.236002	-0.98	0.98	-0.98
-0.112983	0.123995	-0.98	0.98	-0.98
0.028292	0.174633	-0.98	0.98	-0.98
-0.053206	-0.074889	-0.98	0.98	-0.98
-0.124529	0.085434	-0.98	0.98	-0.98
-0.111550	0.365502	-0.98	0.98	-0.98
-0.037776	-0.089406	-0.98	0.98	-0.98
0.187749	0.160915	-0.98	0.98	-0.98
-0.037017	0.139701	-0.98	0.98	-0.98
-0.308056	-0.042113	-0.98	0.98	-0.98
0.212272	0.240716	-0.98	0.98	-0.98
0.061086	0.172539	-0.98	0.98	-0.98
-0.295375	-0.137897	-0.98	0.98	-0.98
-0.072830	0.141807	-0.98	0.98	-0.98
0.315847	-0.027079	-0.98	0.98	-0.98
-0.011095	-0.380831	-0.98	0.98	-0.98
-0.008665	0.145908	-0.98	0.98	-0.98
-0.385904	0.026915	-0.98	0.98	-0.98
0.237584	0.176732	-0.98	0.98	-0.98
-0.280662	-0.204990	-0.98	0.98	-0.98
0.122172	-0.054311	-0.98	0.98	-0.98
0.094554	0.098575	-0.98	0.98	-0.98
-0.008101	-0.320582	-0.98	0.98	-0.98
0.065384	-0.327437	-0.98	0.98	-0.98
-0.096347	0.306930	-0.98	0.98	-0.98
-0.263697	0.149905	-0.98	0.98	-0.98
0.283187	0.155036	-0.98	0.98	-0.98
0.141332	0.317621	-0.98	0.98	-0.98
-0.377637	-0.091384	-0.98	0.98	-0.98
0.109669	-0.368711	-0.98	0.98	-0.98
0.218251	0.062071	-0.98	0.98	-0.98
0.057563	0.124255	-0.98	0.98	-0.98
0.145376	0.156158	-0.98	0.98	-0.98
-0.193555	-0.261266	-0.98	0.98	-0.98
0.242093	0.175381	-0.98	0.98	-0.98
0.327431	0.026446	-0.98	0.98	-0.98
-0.042781	-0.301083	-0.98	0.98	-0.98
-0.026316	-0.368662	-0.98	0.98	-0.98
-0.078801	-0.007105	-0.98	0.98	-0.98
0.027822	0.107968	-0.98	0.98	-0.98
-0.104002	-0.335612	-0.98	0.98	-0.98
0.168116	-0.178163	-0.98	0.98	-0.98
-0.341582	-0.131780	-0.98	0.98	-0.98
0.039830	-0.241144	-0.98	0.98	-0.98
-0.091319	-0.007511	-0.98	0.98	-0.98
0.129641	0.178247	-0.98	0.98	-0.98
-0.020021	0.136852	-0.98	0.98	-0.98
-0.287523	-0.223422	-0.98	0.98	-0.98
0.057614	0.129833	-0.98	0.98	-0.98
-0.301974	0.181342	-0.98	0.98	-0.98
0.103277	-0.386008	-0.98	0.98	-0.98
-0.203726	-0.257447	-0.98	0.98	-0.98
-0.224907	0.026130	-0.98	0.98	-0.98
0.077974	-0.051002	-0.98	0.98	-0.98
0.072527	0.109575	-0.98	0.98	-0.98
-0.283294	-0.139918	-0.98	0.98	-0.98
0.085856	-0.053989	-0.98	0.98	-0.98
0.116236	-0.201165	-0.98	0.98	-0.98
-0.023074	-0.254070	-0.98	0.98	-0.98
-0.287079	0.148778	-0.98	0.98	-0.98
0.217771	-0.323627	-0.98	0.98	-0.98
-0.205585	-0.200477	-0.98	0.98	-0.98
-0.077066	0.124334	-0.98	0.98	-0.98
-0.169848	0.172611	-0.98	0.98	-0.98
-0.244291	-0.253780	-0.98	0.98	-0.98
0.011883	-0.317177	-0.98	0.98	-0.98
0.340115	0.172099	-0.98	0.98	-0.98
0.264081	-0.214961	-0.98	0.98	-0.98
0.299304	-0.225192	-0.98	0.98	-0.98
0.326331	0.130387	-0.98	0.98	-0.98
-0.098372	-0.091280	-0.98	0.98	-0.98
0.250214	-0.235845	-0.98	0.98	-0.98
0.255048	0.123849	-0.98	0.98	-0.98
-0.158209	-0.328380	-0.98	0.98	-0.98
0.101252	0.096642	-0.98	0.98	-0.98
0.308533	0.226664	-0.98	0.98	-0.98
0.149689	-0.062383	-0.98	0.98	-0.98
0.110630	-0.170116	-0.98	0.98	-0.98
0.079758	-0.236283	-0.98	0.98	-0.98
-0.286489	-0.099219	-0.98	0.98	-0.98
-0.196392	-0.270676	-0.98	0.98	-0.98
-0.216910	-0.072828	-0.98	0.98	-0.98
0.015085	-0.028282	-0.98	0.98	-0.98
-0.085740	0.073702	-0.98	0.98	-0.98
-0.074946	0.072361	-0.98	0.98	-0.98
-0.181042	0.332553	-0.98	0.98	-0.98
-0.296891	0.095773	-0.98	0.98	-0.98
0.121587	-0.099386	-0.98	0.98	-0.98
-0.090338	-0.157286	-0.98	0.98	-0.98
-0.260651	0.136029	-0.98	0.98	-0.98
-0.024100	0.366785	-0.98	0.98	-0.98
-0.238669	0.100661	-0.98	0.98	-0.98
-0.133969	0.015383	-0.98	0.98	-0.98
0.267394	0.240784	-0.98	0.98	-0.98
0.227934	0.068997	-0.98	0.98	-0.98
0.220891	-0.303794	-0.98	0.98	-0.98
0.262659	0.087070	-0.98	0.98	-0.98
0.220480	0.103008	-0.98	0.98	-0.98
-0.165043	0.318302	-0.98	0.98	-0.98
0.241819	0.259794	-0.98	0.98	-0.98
-0.143768	-0.109487	-0.98	0.98	-0.98
-0.177785	-0.272363	-0.98	0.98	-0.98
-0.063480	0.297998	-0.98	0.98	-0.98
-0.005875	0.343748	-0.98	0.98	-0.98
-0.255887	-0.114273	-0.98	0.98	-0.98
0.260452	0.199448	-0.98	0.98	-0.98
-0.085581	0.271077	-0.98	0.98	-0.98
-0.042499	0.135135	-0.98	0.98	-0.98
0.270709	0.044770	-0.98	0.98	-0.98
-0.004441	0.325001	-0.98	0.98	-0.98
-0.063550	-0.081615	-0.98	0.98	-0.98
-0.114431	0.164251	-0.98	0.98	-0.98
-0.048224	-0.160986	-0.98	0.98	-0.98
0.014044	-0.384895	-0.98	0.98	-0.98
0.237494	0.278193	-0.98	0.98	-0.98
-0.088965	0.236965	-0.98	0.98	-0.98
0.112092	-0.144324	-0.98	0.98	-0.98
-0.191044	0.312192	-0.98	0.98	-0.98
0.280194	0.202575	-0.98	0.98	-0.98
0.214145	0.040821	-0.98	0.98	-0.98
-0.210920	-0.010218	-0.98	0.98	-0.98
0.324060	0.149909	-0.98	0.98	-0.98
0.128995	-0.225247	-0.98	0.98	-0.98
-0.160364	0.181119	-0.98	0.98	-0.98
-0.164103	-0.268360	-0.98	0.98	-0.98
0.205118	0.167134	-0.98	0.98	-0.98
0.194801	-0.286844	-0.98	0.98	-0.98
0.206443	-0.043549	-0.98	0.98	-0.98
-0.014504	-0.157723	-0.98	0.98	-0.98
-0.070494	0.208476	-0.98	0.98	-0.98
0.034096	-0.239724	-0.98	0.98	-0.98
-0.310402	-0.114750	-0.98	0.98	-0.98
0.276442	0.167070	-0.98	0.98	-0.98
0.267765	0.031022	-0.98	0.98	-0.98
-0.276917	0.181364	-0.98	0.98	-0.98
-0.059900	0.355656	-0.98	0.98	-0.98
-0.248497	-0.179974	-0.98	0.98	-0.98
0.312963	0.003115	-0.98	0.98	-0.98
-0.165764	-0.058585	-0.98	0.98	-0.98
0.090923	0.336457	-0.98	0.98	-0.98
0.012089	-0.239647	-0.98	0.98	-0.98
0.154617	-0.113956	-0.98	0.98	-0.98
-0.347613	0.020882	-0.98	0.98	-0.98
0.015729	0.103919	-0.98	0.98	-0.98
-0.287474	-0.138991	-0.98	0.98	-0.98
-0.027920	-0.007739	-0.98	0.98	-0.98
0.383098	0.049954	-0.98	0.98	-0.98
0.121131	0.308952	-0.98	0.98	-0.98
0.233362	-0.147076	-0.98	0.98	-0.98
0.266664	-0.052390	-0.98	0.98	-0.98
0.042351	-0.137720	-0.98	0.98	-0.98
-0.078001	0.326344	-0.98	0.98	-0.98
-0.163522	-0.185965	-0.98	0.98	-0.98
0.295408	-0.136936	-0.98	0.98	-0.98
-0.108372	0.176322	-0.98	0.98	-0.98
-0.230967	0.057039	-0.98	0.98	-0.98
-0.243256	0.247616	-0.98	0.98	-0.98
0.262135	0.129498	-0.98	0.98	-0.98
-0.055854	-0.335562	-0.98	0.98	-0.98
-0.161686	0.226651	-0.98	0.98	-0.98
0.332714	-0.205442	-0.98	0.98	-0.98
0.115168	0.307426	-0.98	0.98	-0.98
0.001736	0.121682	-0.98	0.98	-0.98
-0.015869	-0.149488	-0.98	0.98	-0.98
0.093354	-0.312594	-0.98	0.98	-0.98
0.344641	-0.054358	-0.98	0.98	-0.98
0.221207	0.329033	-0.98	0.98	-0.98
-0.135506	0.211444	-0.98	0.98	-0.98
0.081342	-0.254666	-0.98	0.98	-0.98
-0.117205	-0.270002	-0.98	0.98	-0.98
-0.274089	-0.088573	-0.98	0.98	-0.98
0.091015	0.218484	-0.98	0.98	-0.98
0.256370	-0.294850	-0.98	0.98	-0.98
-0.021583	0.001207	-0.98	0.98	-0.98
-0.074456	0.156795	-0.98	0.98	-0.98
0.251243	0.232285	-0.98	0.98	-0.98
0.202309	-0.246420	-0.98	0.98	-0.98
-0.026291	0.169323	-0.98	0.98	-0.98
0.077746	0.215590	-0.98	0.98	-0.98
-0.323507	-0.177348	-0.98	0.98	-0.98
-0.203729	-0.228680	-0.98	0.98	-0.98
-0.001516	0.381102	-0.98	0.98	-0.98
-0.171186	0.321653	-0.98	0.98	-0.98
-0.279233	0.114637	-0.98	0.98	-0.98
0.212314	-0.131619	-0.98	0.98	-0.98
0.089786	0.187141	-0.98	0.98	-0.98
0.137451	0.308905	-0.98	0.98	-0.98
-0.344620	0.090059	-0.98	0.98	-0.98
-0.105259	0.142392	-0.98	0.98	-0.98
0.179428	-0.001061	-0.98	0.98	-0.98
-0.210638	0.029124	-0.98	0.98	-0.98
0.015462	0.212507	-0.98	0.98	-0.98
0.139421	0.032921	-0.98	0.98	-0.98
-0.051718	-0.253089	-0.98	0.98	-0.98
0.251941	0.308383	-0.98	0.98	-0.98
-0.006416	-0.018023	-0.98	0.98	-0.98
-0.024106	0.063352	-0.98	0.98	-0.98
-0.080807	0.281326	-0.98	0.98	-0.98
-0.050076	0.176672	-0.98	0.98	-0.98
-0.123674	0.103334	-0.98	0.98	-0.98
-0.079127	0.081372	-0.98	0.98	-0.98
0.114674	-0.031748	-0.98	0.98	-0.98
-0.216874	-0.100914	-0.98	0.98	-0.98
0.177065	0.027495	-0.98	0.98	-0.98
-0.133917	0.355533	-0.98	0.98	-0.98
0.122473	-0.052553	-0.98	0.98	-0.98
0.336893	0.046853	-0.98	0.98	-0.98
0.061299	0.093076	-0.98	0.98	-0.98
0.149409	-0.065571	-0.98	0.98	-0.98
-0.311680	-0.036060	-0.98	0.98	-0.98
-0.369159	0.026449	-0.98	0.98	-0.98
-0.092399	-0.089219	-0.98	0.98	-0.98
0.278331	0.123351	-0.98	0.98	-0.98
-0.043213	-0.175092	-0.98	0.98	-0.98
0.292226	-0.250459	-0.98	0.98	-0.98
-0.079101	0.387301	-0.98	0.98	-0.98
0.001459	-0.315185	-0.98	0.98	-0.98
-0.076413	0.235116	-0.98	0.98	-0.98
-0.275954	0.208405	-0.98	0.98	-0.98
0.239907	-0.068142	-0.98	0.98	-0.98
0.077492	0.032113	-0.98	0.98	-0.98
0.200115	0.322207	-0.98	0.98	-0.98
-0.053605	-0.372704	-0.98	0.98	-0.98
-0.101428	-0.197651	-0.98	0.98	-0.98
-0.011349	-0.251718	-0.98	0.98	-0.98
-0.220152	-0.078447	-0.98	0.98	-0.98
0.147816	0.342128	-0.98	0.98	-0.98
0.245187	0.266754	-0.98	0.98	-0.98
0.140768	-0.153987	-0.98	0.98	-0.98
-0.284286	0.254429	-0.98	0.98	-0.98
0.032843	-0.225874	-0.98	0.98	-0.98
0.300317	0.256645	-0.98	0.98	-0.98
0.292919	-0.233944	-0.98	0.98	-0.98
0.101982	0.226495	-0.98	0.98	-0.98
-0.204378	0.227899	-0.98	0.98	-0.98
0.077757	0.368676	-0.98	0.98	-0.98
0.292295	0.202703	-0.98	0.98	-0.98
0.108651	-0.073994	-0.98	0.98	-0.98
-0.340603	0.068001	-0.98	0.98	-0.98
-0.046961	0.286223	-0.98	0.98	-0.98
-0.161483	0.090641	-0.98	0.98	-0.98
-0.143398	-0.082929	-0.98	0.98	-0.98
0.046341	-0.036069	-0.98	0.98	-0.98
0.028840	-0.153797	-0.98	0.98	-0.98
0.283639	0.166958	-0.98	0.98	-0.98
-0.007898	-0.258762	-0.98	0.98	-0.98
-0.141227	-0.297075	-0.98	0.98	-0.98
0.083107	0.232625	-0.98	0.98	-0.98
0.099420	0.152867	-0.98	0.98	-0.98
0.128033	-0.158311	-0.98	0.98	-0.98
-0.089281	0.362272	-0.98	0.98	-0.98
-0.135501	-0.163852	-0.98	0.98	-0.98
0.171091	-0.259350	-0.98	0.98	-0.98
-0.124842	-0.312398	-0.98	0.98	-0.98
0.027146	0.181563	-0.98	0.98	-0.98
0.183359	0.094307	-0.98	0.98	-0.98
-0.262147	-0.119254	-0.98	0.98	-0.98
-0.143816	0.072540	-0.98	0.98	-0.98
-0.362787	0.123361	-0.98	0.98	-0.98
0.321528	0.142481	-0.98	0.98	-0.98
0.034258	-0.043271	-0.98	0.98	-0.98
0.122520	0.065157	-0.98	0.98	-0.98
0.157487	-0.325927	-0.98	0.98	-0.98
0.147765	-0.028352	-0.98	0.98	-0.98
-0.383365	-0.001612	-0.98	0.98	-0.98
-0.284620	0.076117	-0.98	0.98	-0.98
-0.168671	0.316552	-0.98	0.98	-0.98
0.023122	-0.016600	-0.98	0.98	-0.98
0.177477	-0.074698	-0.98	0.98	-0.98
-0.207629	0.121283	-0.98	0.98	-0.98
0.015227	0.077478	-0.98	0.98	-0.98
-0.073215	0.391786	-0.98	0.98	-0.98
0.134244	-0.279141	-0.98	0.98	-0.98
0.222320	-0.138747	-0.98	0.98	-0.98
0.110662	0.259421	-0.98	0.98	-0.98
0.181995	0.066353	-0.98	0.98	-0.98
-0.326060	0.054995	-0.98	0.98	-0.98
-0.393702	-0.015675	-0.98	0.98	-0.98
-0.039966	-0.341955	-0.98	0.98	-0.98
0.139473	0.200513	-0.98	0.98	-0.98
-0.027266	0.195207	-0.98	0.98	-0.98
0.219964	0.188493	-0.98	0.98	-0.98
0.100395	0.128115	-0.98	0.98	-0.98
0.314414	0.083618	-0.98	0.98	-0.98
-0.056353	-0.168963	-0.98	0.98	-0.98
-0.337228	0.174572	-0.98	0.98	-0.98
-0.065707	-0.318329	-0.98	0.98	-0.98
0.298395	0.144935	-0.98	0.98	-0.98
-0.120769	0.273680	-0.98	0.98	-0.98
-0.156114	0.238904	-0.98	0.98	-0.98
-0.119904	0.135874	-0.98	0.98	-0.98
0.123282	-0.253296	-0.98	0.98	-0.98
-0.381231	0.068226	-0.98	0.98	-0.98
-0.170549	0.164678	-0.98	0.98	-0.98
-0.080764	0.316491	-0.98	0.98	-0.98
0.097536	-0.189601	-0.98	0.98	-0.98
0.163939	0.203535	-0.98	0.98	-0.98
-0.330179	0.044805	-0.98	0.98	-0.98
0.274963	0.081947	-0.98	0.98	-0.98
0.014572	-0.165603	-0.98	0.98	-0.98
0.129440	0.305436	-0.98	0.98	-0.98
-0.158798	-0.127908	-0.98	0.98	-0.98
0.281539	0.280925	-0.98	0.98	-0.98
0.150751	0.078087	-0.98	0.98	-0.98
-0.164799	0.147379	-0.98	0.98	-0.98
-0.316890	0.024213	-0.98	0.98	-0.98
0.255966	-0.183713	-0.98	0.98	-0.98
-0.092377	-0.352089	-0.98	0.98	-0.98
-0.279830	0.015482	-0.98	0.98	-0.98
-0.000816	-0.187862	-0.98	0.98	-0.98
0.324050	-0.196911	-0.98	0.98	-0.98
-0.044047	-0.225392	-0.98	0.98	-0.98
-0.074407	-0.012853	-0.98	0.98	-0.98
-0.286244	0.062873	-0.98	0.98	-0.98
0.274495	-0.039466	-0.98	0.98	-0.98
0.042266	0.150472	-0.98	0.98	-0.98
0.064858	-0.023713	-0.98	0.98	-0.98
0.026660	-0.034324	-0.98	0.98	-0.98
-0.246086	-0.043355	-0.98	0.98	-0.98
-0.149998	-0.199915	-0.98	0.98	-0.98
0.351700	-0.073629	-0.98	0.98	-0.98
-0.138698	-0.062740	-0.98	0.98	-0.98
-0.047707	-0.141094	-0.98	0.98	-0.98
0.003008	-0.105890	-0.98	0.98	-0.98
-0.055414	0.065479	-0.98	0.98	-0.98
0.046057	-0.259771	-0.98	0.98	-0.98
0.090833	-0.336967	-0.98	0.98	-0.98
0.276385	0.069708	-0.98	0.98	-0.98
-0.211029	0.118041	-0.98	0.98	-0.98
-0.021275	0.209434	-0.98	0.98	-0.98
-0.039906	-0.188157	-0.98	0.98	-0.98
-0.272785	0.195508	-0.98	0.98	-0.98
0.292168	0.050215	-0.98	0.98	-0.98
-0.023695	-0.152812	-0.98	0.98	-0.98
0.009413	-0.344682	-0.98	0.98	-0.98
0.207550	-0.032944	-0.98	0.98	-0.98
0.074703	0.353187	-0.98	0.98	-0.98
0.185657	-0.038940	-0.98	0.98	-0.98
-0.168179	0.133258	-0.98	0.98	-0.98
-0.207923	-0.155879	-0.98	0.98	-0.98
0.149103	-0.181209	-0.98	0.98	-0.98
-0.236821	0.280414	-0.98	0.98	-0.98
0.007811	0.059065	-0.98	0.98	-0.98
0.083153	0.005567	-0.98	0.98	-0.98
0.017145	-0.321395	-0.98	0.98	-0.98
-0.268597	-0.160906	-0.98	0.98	-0.98
-0.353385	-0.088310	-0.98	0.98	-0.98
0.202062	-0.218828	-0.98	0.98	-0.98
0.383578	-0.093629	-0.98	0.98	-0.98
-0.009552	0.048614	-0.98	0.98	-0.98
0.281501	0.259209	-0.98	0.98	-0.98
0.198389	-0.275934	-0.98	0.98	-0.98
0.197364	-0.247034	-0.98	0.98	-0.98
-0.160026	-0.112170	-0.98	0.98	-0.98
-0.019520	-0.285479	-0.98	0.98	-0.98
0.031011	0.376281	-0.98	0.98	-0.98
-0.319507	0.070158	-0.98	0.98	-0.98
0.312474	0.240432	-0.98	0.98	-0.98
0.305238	-0.122598	-0.98	0.98	-0.98
0.103168	-0.378110	-0.98	0.98	-0.98
0.030287	0.115853	-0.98	0.98	-0.98
-0.227979	-0.229671	-0.98	0.98	-0.98
0.355242	0.055943	-0.98	0.98	-0.98
-0.135170	0.211013	-0.98	0.98	-0.98
-0.233218	0.044859	-0.98	0.98	-0.98
-0.278773	0.028302	-0.98	0.98	-0.98
0.050287	-0.395043	-0.98	0.98	-0.98
0.003256	0.129994	-0.98	0.98	-0.98
0.280129	-0.213598	-0.98	0.98	-0.98
-0.115648	-0.075866	-0.98	0.98	-0.98
0.111123	0.260638	-0.98	0.98	-0.98
0.219253	0.133678	-0.98	0.98	-0.98
-0.033684	-0.238999	-0.98	0.98	-0.98
0.021875	-0.004884	-0.98	0.98	-0.98
0.320084	0.141171	-0.98	0.98	-0.98
0.035733	0.340304	-0.98	0.98	-0.98
0.074074	-0.288886	-0.98	0.98	-0.98
-0.034973	-0.064214	-0.98	0.98	-0.98
0.082667	0.323343	-0.98	0.98	-0.98
-0.016874	0.138527	-0.98	0.98	-0.98
-0.056159	-0.011206	-0.98	0.98	-0.98
0.234972	-0.082590	-0.98	0.98	-0.98
0.157857	0.248809	-0.98	0.98	-0.98
0.120961	-0.051387	-0.98	0.98	-0.98
-0.382965	0.090473	-0.98	0.98	-0.98
0.032038	0.350990	-0.98	0.98	-0.98
0.205622	0.329858	-0.98	0.98	-0.98
-0.264655	-0.193791	-0.98	0.98	-0.98
-0.316592	0.228962	-0.98	0.98	-0.98
0.014578	-0.275865	-0.98	0.98	-0.98
-0.300437	0.101017	-0.98	0.98	-0.98
-0.113169	-0.196069	-0.98	0.98	-0.98
-0.020438	-0.091428	-0.98	0.98	-0.98
0.099341	-0.324798	-0.98	0.98	-0.98
-0.118237	0.167339	-0.98	0.98	-0.98
0.262250	0.090259	-0.98	0.98	-0.98
0.092887	0.044211	-0.98	0.98	-0.98
0.008515	-0.092937	-0.98	0.98	-0.98
-0.108818	0.143174	-0.98	0.98	-0.98
0.235797	-0.143244	-0.98	0.98	-0.98
-0.215790	0.267798	-0.98	0.98	-0.98
-0.078465	-0.285739	-0.98	0.98	-0.98
0.153847	-0.119015	-0.98	0.98	-0.98
0.179131	-0.294436	-0.98	0.98	-0.98
0.151695	0.192456	-0.98	0.98	-0.98
0.063122	-0.174345	-0.98	0.98	-0.98
0.216753	-0.109445	-0.98	0.98	-0.98
-0.033292	-0.389492	-0.98	0.98	-0.98
-0.150429	-0.264939	-0.98	0.98	-0.98
-0.199116	0.135377	-0.98	0.98	-0.98
-0.085012	-0.337374	-0.98	0.98	-0.98
0.212973	0.207976	-0.98	0.98	-0.98
0.244128	-0.085893	-0.98	0.98	-0.98
-0.120693	-0.262698	-0.98	0.98	-0.98
-0.242102	-0.075178	-0.98	0.98	-0.98
-0.337768	0.022561	-0.98	0.98	-0.98
0.023416	-0.343347	-0.98	0.98	-0.98
-0.275066	-0.262297	-0.98	0.98	-0.98
0.199006	-0.164374	-0.98	0.98	-0.98
-0.179248	0.311385	-0.98	0.98	-0.98
-0.003849	-0.271105	-0.98	0.98	-0.98
-0.274259	-0.075272	-0.98	0.98	-0.98
0.154593	0.192777	-0.98	0.98	-0.98
-0.256241	0.285396	-0.98	0.98	-0.98
0.174664	0.296406	-0.98	0.98	-0.98
-0.384597	0.023423	-0.98	0.98	-0.98
-0.145536	0.239517	-0.98	0.98	-0.98
-0.252490	0.006846	-0.98	0.98	-0.98
-0.330622	0.055985	-0.98	0.98	-0.98
-0.243662	0.240532	-0.98	0.98	-0.98
-0.116346	0.091693	-0.98	0.98	-0.98
0.262353	-0.055216	-0.98	0.98	-0.98
-0.109745	-0.160345	-0.98	0.98	-0.98
0.184107	0.178781	-0.98	0.98	-0.98
-0.041987	-0.332249	-0.98	0.98	-0.98
0.058137	0.062935	-0.98	0.98	-0.98
0.375473	0.050274	-0.98	0.98	-0.98
0.085343	0.214475	-0.98	0.98	-0.98
0.176147	-0.073868	-0.98	0.98	-0.98
-0.112876	-0.316448	-0.98	0.98	-0.98
0.010244	-0.099559	-0.98	0.98	-0.98
-0.357642	0.071747	-0.98	0.98	-0.98
-0.230112	0.189553	-0.98	0.98	-0.98
-0.203559	0.168911	-0.98	0.98	-0.98
-0.307512	-0.175686	-0.98	0.98	-0.98
-0.070847	0.281713	-0.98	0.98	-0.98
0.126792	-0.057451	-0.98	0.98	-0.98
-0.370632	0.083168	-0.98	0.98	-0.98
-0.107801	-0.300218	-0.98	0.98	-0.98
-0.284694	0.067949	-0.98	0.98	-0.98
0.209030	-0.097348	-0.98	0.98	-0.98
0.187201	-0.337745	-0.98	0.98	-0.98
0.166480	-0.240271	-0.98	0.98	-0.98
0.153884	0.188722	-0.98	0.98	-0.98
-0.011093	-0.331586	-0.98	0.98	-0.98
0.121532	0.317644	-0.98	0.98	-0.98
-0.238841	-0.096645	-0.98	0.98	-0.98
-0.183149	-0.146480	-0.98	0.98	-0.98
-0.311818	-0.060566	-0.98	0.98	-0.98
0.046657	-0.384267	-0.98	0.98	-0.98
-0.139436	0.244140	-0.98	0.98	-0.98
-0.277027	-0.147631	-0.98	0.98	-0.98
0.312371	-0.116796	-0.98	0.98	-0.98
-0.040741	0.032268	-0.98	0.98	-0.98
0.046028	0.376420	-0.98	0.98	-0.98
-0.177332	-0.156675	-0.98	0.98	-0.98
0.139984	-0.192913	-0.98	0.98	-0.98
0.082947	0.163021	-0.98	0.98	-0.98
0.148758	0.217113	-0.98	0.98	-0.98
0.218081	-0.167616	-0.98	0.98	-0.98
0.273083	-0.070118	-0.98	0.98	-0.98
-0.155865	0.004737	-0.98	0.98	-0.98
-0.113137	-0.096665	-0.98	0.98	-0.98
0.153937	0.064243	-0.98	0.98	-0.98
0.064562	-0.014142	-0.98	0.98	-0.98
0.023707	-0.192225	-0.98	0.98	-0.98
0.135157	0.182142	-0.98	0.98	-0.98
-0.192181	0.224057	-0.98	0.98	-0.98
-0.257863	-0.248597	-0.98	0.98	-0.98
-0.083447	-0.071341	-0.98	0.98	-0.98
0.180543	-0.179719	-0.98	0.98	-0.98
0.058058	0.055074	-0.98	0.98	-0.98
0.189826	0.317222	-0.98	0.98	-0.98
-0.062646	0.299523	-0.98	0.98	-0.98
0.090521	0.313042	-0.98	0.98	-0.98
0.196724	0.130548	-0.98	0.98	-0.98
0.017959	-0.128116	-0.98	0.98	-0.98
0.085557	0.161606	-0.98	0.98	-0.98
-0.130588	0.177762	-0.98	0.98	-0.98
-0.292352	0.074296	-0.98	0.98	-0.98
-0.242024	-0.038234	-0.98	0.98	-0.98
0.133755	0.213663	-0.98	0.98	-0.98
0.049797	-0.042357	-0.98	0.98	-0.98
-0.380902	0.113678	-0.98	0.98	-0.98
0.249167	0.158977	-0.98	0.98	-0.98
0.112581	-0.013550	-0.98	0.98	-0.98
0.355126	-0.084944	-0.98	0.98	-0.98
-0.026849	-0.159043	-0.98	0.98	-0.98
-0.116875	0.070183	-0.98	0.98	-0.98
-0.351709	0.188700	-0.98	0.98	-0.98
-0.179789	0.303810	-0.98	0.98	-0.98
-0.244430	-0.059992	-0.98	0.98	-0.98
-0.135351	0.326387	-0.98	0.98	-0.98
-0.196352	0.280011	-0.98	0.98	-0.98
-0.173564	-0.101214	-0.98	0.98	-0.98
-0.225185	0.002218	-0.98	0.98	-0.98
-0.332780	-0.215558	-0.98	0.98	-0.98
0.087382	0.239597	-0.98	0.98	-0.98
-0.014077	-0.084968	-0.98	0.98	-0.98
0.290400	-0.222534	-0.98	0.98	-0.98
-0.197581	0.292716	-0.98	0.98	-0.98
-0.047820	-0.114311	-0.98	0.98	-0.98
-0.053987	-0.026647	-0.98	0.98	-0.98
0.187981	0.193083	-0.98	0.98	-0.98
0.053492	-0.387477	-0.98	0.98	-0.98
0.023101	-0.280246	-0.98	0.98	-0.98
0.096191	0.278743	-0.98	0.98	-0.98
-0.143271	-0.282478	-0.98	0.98	-0.98
0.223307	0.284719	-0.98	0.98	-0.98
-0.060531	0.374551	-0.98	0.98	-0.98
0.247455	-0.226274	-0.98	0.98	-0.98
-0.068658	-0.191301	-0.98	0.98	-0.98
-0.255277	-0.130062	-0.98	0.98	-0.98
-0.127691	-0.195002	-0.98	0.98	-0.98
0.217418	0.173395	-0.98	0.98	-0.98
-0.006131	-0.221259	-0.98	0.98	-0.98
0.226337	-0.230557	-0.98	0.98	-0.98
0.276589	-0.153581	-0.98	0.98	-0.98
0.238237	0.239157	-0.98	0.98	-0.98
0.251713	-0.064997	-0.98	0.98	-0.98
0.083254	-0.029338	-0.98	0.98	-0.98
0.219292	-0.172523	-0.98	0.98	-0.98
-0.206174	-0.201933	-0.98	0.98	-0.98
0.195137	0.341488	-0.98	0.98	-0.98
-0.306785	-0.224407	-0.98	0.98	-0.98
0.070606	0.290836	-0.98	0.98	-0.98
-0.241020	0.237032	-0.98	0.98	-0.98
-0.006108	-0.195012	-0.98	0.98	-0.98
-0.343258	0.018447	-0.98	0.98	-0.98
-0.120548	-0.327424	-0.98	0.98	-0.98
-0.236224	-0.049226	-0.98	0.98	-0.98
0.179882	-0.322570	-0.98	0.98	-0.98
0.202826	-0.106212	-0.98	0.98	-0.98
0.295839	-0.176069	-0.98	0.98	-0.98
-0.020728	-0.364971	-0.98	0.98	-0.98
0.176292	-0.037674	-0.98	0.98	-0.98
0.286451	-0.276401	-0.98	0.98	-0.98
-0.293816	0.256600	-0.98	0.98	-0.98
-0.068028	-0.132559	-0.98	0.98	-0.98
-0.171073	0.001800	-0.98	0.98	-0.98
-0.360581	-0.147017	-0.98	0.98	-0.98
-0.182921	0.073281	-0.98	0.98	-0.98
-0.144833	-0.137271	-0.98	0.98	-0.98
-0.064728	0.355681	-0.98	0.98	-0.98
0.076084	0.130381	-0.98	0.98	-0.98
-0.110390	0.199295	-0.98	0.98	-0.98
0.131377	-0.049365	-0.98	0.98	-0.98
0.018841	0.316714	-0.98	0.98	-0.98
-0.065574	0.124765	-0.98	0.98	-0.98
0.159061	0.076048	-0.98	0.98	-0.98
0.346848	-0.054227	-0.98	0.98	-0.98
0.158650	-0.339507	-0.98	0.98	-0.98
-0.279354	-0.199769	-0.98	0.98	-0.98
-0.366868	0.021413	-0.98	0.98	-0.98
0.007260	-0.298184	-0.98	0.98	-0.98
-0.039583	-0.255911	-0.98	0.98	-0.98
0.236022	0.316640	-0.98	0.98	-0.98
0.164821	-0.222748	-0.98	0.98	-0.98
-0.006277	-0.126113	-0.98	0.98	-0.98
0.271798	-0.195595	-0.98	0.98	-0.98
0.098149	-0.258876	-0.98	0.98	-0.98
0.279554	-0.215968	-0.98	0.98	-0.98
0.052775	-0.227456	-0.98	0.98	-0.98
-0.392781	0.068642	-0.98	0.98	-0.98
0.117591	0.289981	-0.98	0.98	-0.98
0.013772	-0.151788	-0.98	0.98	-0.98
-0.191118	-0.063375	-0.98	0.98	-0.98
-0.093131	0.373643	-0.98	0.98	-0.98
0.052079	0.117008	-0.98	0.98	-0.98
-0.006853	-0.118232	-0.98	0.98	-0.98
0.097080	-0.274247	-0.98	0.98	-0.98
0.196748	-0.078070	-0.98	0.98	-0.98
0.244968	-0.313523	-0.98	0.98	-0.98
0.008343	0.338419	-0.98	0.98	-0.98
0.033783	-0.158307	-0.98	0.98	-0.98
-0.193013	0.281787	-0.98	0.98	-0.98
0.176267	0.276686	-0.98	0.98	-0.98
0.134951	-0.142206	-0.98	0.98	-0.98
0.110632	0.305014	-0.98	0.98	-0.98
0.065384	-0.189310	-0.98	0.98	-0.98
-0.057835	0.296441	-0.98	0.98	-0.98
-0.018142	0.193031	-0.98	0.98	-0.98
-0.152828	0.042646	-0.98	0.98	-0.98
0.058238	0.222540	-0.98	0.98	-0.98
0.297553	-0.023189	-0.98	0.98	-0.98
-0.210520	-0.185946	-0.98	0.98	-0.98
-0.137123	0.153701	-0.98	0.98	-0.98
-0.262326	0.078246	-0.98	0.98	-0.98
0.121620	0.158813	-0.98	0.98	-0.98
0.342962	0.067425	-0.98	0.98	-0.98
-0.050667	-0.030136	-0.98	0.98	-0.98
-0.211188	0.021670	-0.98	0.98	-0.98
0.298143	-0.175656	-0.98	0.98	-0.98
-0.279928	0.240661	-0.98	0.98	-0.98
0.274809	0.214228	-0.98	0.98	-0.98
0.008154	-0.254289	-0.98	0.98	-0.98
0.226322	0.072745	-0.98	0.98	-0.98
-0.287872	0.136234	-0.98	0.98	-0.98
-0.221381	-0.157453	-0.98	0.98	-0.98
-0.001614	0.382596	-0.98	0.98	-0.98
0.170471	0.303747	-0.98	0.98	-0.98
-0.004893	0.389749	-0.98	0.98	-0.98
-0.034125	0.195592	-0.98	0.98	-0.98
-0.093434	-0.151648	-0.98	0.98	-0.98
0.074162	0.342691	-0.98	0.98	-0.98
-0.175621	0.125131	-0.98	0.98	-0.98
0.101537	0.004986	-0.98	0.98	-0.98
-0.143138	0.340913	-0.98	0.98	-0.98
0.138806	0.144478	-0.98	0.98	-0.98
0.146780	0.280707	-0.98	0.98	-0.98
0.090712	-0.386652	-0.98	0.98	-0.98
0.172077	0.210003	-0.98	0.98	-0.98
0.124081	-0.150903	-0.98	0.98	-0.98
-0.070894	-0.281336	-0.98	0.98	-0.98
-0.346238	0.120390	-0.98	0.98	-0.98
0.033095	0.229597	-0.98	0.98	-0.98
-0.282395	0.226504	-0.98	0.98	-0.98
0.975053	0.917830	-0.98	-0.98	0.98
0.846201	0.911901	-0.98	-0.98	0.98
0.728428	0.910991	-0.98	-0.98	0.98
0.638295	0.971037	-0.98	-0.98	0.98
0.616058	0.807437	-0.98	-0.98	0.98
0.858388	0.848203	-0.98	-0.98	0.98
0.697344	0.656387	-0.98	-0.98	0.98
0.819692	0.936447	-0.98	-0.98	0.98
0.926882	0.856123	-0.98	-0.98	0.98
0.718651	0.604107	-0.98	-0.98	0.98
0.704532	0.690569	-0.98	-0.98	0.98
0.916739	0.678526	-0.98	-0.98	0.98
0.960776	0.860181	-0.98	-0.98	0.98
0.701567	0.646327	-0.98	-0.98	0.98
0.959866	0.762437	-0.98	-0.98	0.98
0.909644	0.954232	-0.98	-0.98	0.98
0.678835	0.740768	-0.98	-0.98	0.98
0.823897	0.964005	-0.98	-0.98	0.98
0.618783	0.677820	-0.98	-0.98	0.98
0.894135	0.737492	-0.98	-0.98	0.98
0.968283	0.735479	-0.98	-0.98	0.98
0.950701	0.768967	-0.98	-0.98	0.98
0.930970	0.805670	-0.98	-0.98	0.98
0.733732	0.872373	-0.98	-0.98	0.98
0.825990	0.661651	-0.98	-0.98	0.98
0.916439	0.688674	-0.98	-0.98	0.98
0.911556	0.855017	-0.98	-0.98	0.98
0.698068	0.731129	-0.98	-0.98	0.98
0.820195	0.624348	-0.98	-0.98	0.98
0.652991	0.806415	-0.98	-0.98	0.98
0.921011	0.640065	-0.98	-0.98	0.98
0.986016	0.814557	-0.98	-0.98	0.98
0.728322	0.747575	-0.98	-0.98	0.98
0.812954	0.872458	-0.98	-0.98	0.98
0.761539	0.667984	-0.98	-0.98	0.98
0.669893	0.859005	-0.98	-0.98	0.98
0.778786	0.949864	-0.98	-0.98	0.98
0.758512	0.849169	-0.98	-0.98	0.98
0.813163	0.875891	-0.98	-0.98	0.98
0.959095	0.796603	-0.98	-0.98	0.98
0.998401	0.875290	-0.98	-0.98	0.98
0.865823	0.784907	-0.98	-0.98	0.98
0.637412	0.887501	-0.98	-0.98	0.98
0.739249	0.836088	-0.98	-0.98	0.98
0.863941	0.722258	-0.98	-0.98	0.98
0.652107	0.675505	-0.98	-0.98	0.98
0.922880	0.795811	-0.98	-0.98	0.98
0.753165	0.838509	-0.98	-0.98	0.98
0.871873	0.909317	-0.98	-0.98	0.98
0.733637	0.933302	-0.98	-0.98	0.98
0.735852	0.833919	-0.98	-0.98	0.98
0.967445	0.819540	-0.98	-0.98	0.98
0.925472	0.868147	-0.98	-0.98	0.98
0.732147	0.857882	-0.98	-0.98	0.98
0.638957	0.779656	-0.98	-0.98	0.98
0.959873	0.890619	-0.98	-0.98	0.98
0.749888	0.681692	-0.98	-0.98	0.98
0.868920	0.947863	-0.98	-0.98	0.98
0.821686	0.877051	-0.98	-0.98	0.98
0.613801	0.994109	-0.98	-0.98	0.98
0.614562	0.764229	-0.98	-0.98	0.98
0.847029	0.710492	-0.98	-0.98	0.98
0.901246	0.808396	-0.98	-0.98	0.98
0.801104	0.631854	-0.98	-0.98	0.98
0.969611	0.741027	-0.98	-0.98	0.98
0.783573	0.774411	-0.98	-0.98	0.98
0.625793	0.652732	-0.98	-0.98	0.98
0.656731	0.841741	-0.98	-0.98	0.98
0.703746	0.983207	-0.98	-0.98	0.98
0.882810	0.933618	-0.98	-0.98	0.98
0.600681	0.723657	-0.98	-0.98	0.98
0.977478	0.966017	-0.98	-0.98	0.98
0.942657	0.690878	-0.98	-0.98	0.98
0.790292	0.750352	-0.98	-0.98	0.98
0.920264	0.611445	-0.98	-0.98	0.98
0.699033	0.654213	-0.98	-0.98	0.98
0.903704	0.676870	-0.98	-0.98	0.98
0.776742	0.870844	-0.98	-0.98	0.98
0.741666	0.830869	-0.98	-0.98	0.98
0.763721	0.922696	-0.98	-0.98	0.98
0.870925	0.922028	-0.98	-0.98	0.98
0.646346	0.700166	-0.98	-0.98	0.98
0.805094	0.729326	-0.98	-0.98	0.98
0.991456	0.904233	-0.98	-0.98	0.98
0.663534	0.878693	-0.98	-0.98	0.98
0.908477	0.974471	-0.98	-0.98	0.98
0.650089	0.969010	-0.98	-0.98	0.98
0.606206	0.609891	-0.98	-0.98	0.98
0.718892	0.602773	-0.98	-0.98	0.98
0.844081	0.712340	-0.98	-0.98	0.98
0.797130	0.724739	-0.98	-0.98	0.98
0.654499	0.866183	-0.98	-0.98	0.98
0.789863	0.623898	-0.98	-0.98	0.98
0.746820	0.998581	-0.98	-0.98	0.98
0.896242	0.691529	-0.98	-0.98	0.98
0.762411	0.903802	-0.98	-0.98	0.98
0.992117	0.926254	-0.98	-0.98	0.98
0.603246	0.691575	-0.98	-0.98	0.98
0.898005	0.669317	-0.98	-0.98	0.98
0.876952	0.889461	-0.98	-0.98	0.98
0.773389	0.694368	-0.98	-0.98	0.98
0.898603	0.696131	-0.98	-0.98	0.98
0.794637	0.980026	-0.98	-0.98	0.98
0.635015	0.862341	-0.98	-0.98	0.98
0.908955	0.956838	-0.98	-0.98	0.98
0.980883	0.708916	-0.98	-0.98	0.98
0.916949	0.797489	-0.98	-0.98	0.98
0.832818	0.648888	-0.98	-0.98	0.98
0.709472	0.996002	-0.98	-0.98	0.98
0.797815	0.653284	-0.98	-0.98	0.98
0.832655	0.689473	-0.98	-0.98	0.98
0.798992	0.616218	-0.98	-0.98	0.98
0.805481	0.925032	-0.98	-0.98	0.98
0.992121	0.984075	-0.98	-0.98	0.98
0.802759	0.692597	-0.98	-0.98	0.98
0.821623	0.617778	-0.98	-0.98	0.98
0.992169	0.997684	-0.98	-0.98	0.98
0.735890	0.785168	-0.98	-0.98	0.98
0.623312	0.764778	-0.98	-0.98	0.98
0.803027	0.813771	-0.98	-0.98	0.98
0.826213	0.758486	-0.98	-0.98	0.98
0.831048	0.784151	-0.98	-0.98	0.98
0.810815	0.671208	-0.98	-0.98	0.98
0.987461	0.945353	-0.98	-0.98	0.98
0.648867	0.850506	-0.98	-0.98	0.98
0.710782	0.756286	-0.98	-0.98	0.98
0.853865	0.635701	-0.98	-0.98	0.98
0.803869	0.923356	-0.98	-0.98	0.98
0.926493	0.883357	-0.98	-0.98	0.98
0.882852	0.615169	-0.98	-0.98	0.98
0.602907	0.906203	-0.98	-0.98	0.98
0.756661	0.655597	-0.98	-0.98	0.98
0.968839	0.662129	-0.98	-0.98	0.98
0.901114	0.841211	-0.98	-0.98	0.98
0.858728	0.874753	-0.98	-0.98	0.98
0.721648	0.690742	-0.98	-0.98	0.98
0.732940	0.750320	-0.98	-0.98	0.98
0.844710	0.842177	-0.98	-0.98	0.98
0.956880	0.878569	-0.98	-0.98	0.98
0.911069	0.699008	-0.98	-0.98	0.98
0.847532	0.873968	-0.98	-0.98	0.98
0.701095	0.948196	-0.98	-0.98	0.98
0.881504	0.908153	-0.98	-0.98	0.98
0.602395	0.788772	-0.98	-0.98	0.98
0.826809	0.786340	-0.98	-0.98	0.98
0.690729	0.665452	-0.98	-0.98	0.98
0.949947	0.906144	-0.98	-0.98	0.98
0.626231	0.994880	-0.98	-0.98	0.98
0.890408	0.681730	-0.98	-0.98	0.98
0.772944	0.610681	-0.98	-0.98	0.98
0.765442	0.912949	-0.98	-0.98	0.98
0.850179	0.940408	-0.98	-0.98	0.98
0.853158	0.701647	-0.98	-0.98	0.98
0.908325	0.940036	-0.98	-0.98	0.98
0.787839	0.888900	-0.98	-0.98	0.98
0.669178	0.669466	-0.98	-0.98	0.98
0.686913	0.857745	-0.98	-0.98	0.98
0.973494	0.992546	-0.98	-0.98	0.98
0.899123	0.715689	-0.98	-0.98	0.98
0.963569	0.766882	-0.98	-0.98	0.98
0.941400	0.734201	-0.98	-0.98	0.98
0.896408	0.649392	-0.98	-0.98	0.98
0.686195	0.995542	-0.98	-0.98	0.98
0.964111	0.758280	-0.98	-0.98	0.98
0.904392	0.614397	-0.98	-0.98	0.98
0.920681	0.871040	-0.98	-0.98	0.98
0.939868	0.936730	-0.98	-0.98	0.98
0.626502	0.608241	-0.98	-0.98	0.98
0.974285	0.809591	-0.98	-0.98	0.98
0.804167	0.726099	-0.98	-0.98	0.98
0.694042	0.723428	-0.98	-0.98	0.98
0.848264	0.753180	-0.98	-0.98	0.98
0.755887	0.760414	-0.98	-0.98	0.98
0.697897	0.937068	-0.98	-0.98	0.98
0.718523	0.799049	-0.98	-0.98	0.98
0.785979	0.679640	-0.98	-0.98	0.98
0.924785	0.791801	-0.98	-0.98	0.98
0.754864	0.637023	-0.98	-0.98	0.98
0.667832	0.867537	-0.98	-0.98	0.98
0.933581	0.704350	-0.98	-0.98	0.98
0.862996	0.984113	-0.98	-0.98	0.98
0.865543	0.649925	-0.98	-0.98	0.98
0.650660	0.751230	-0.98	-0.98	0.98
0.770980	0.683966	-0.98	-0.98	0.98
0.954234	0.822223	-0.98	-0.98	0.98
0.608144	0.839504	-0.98	-0.98	0.98
0.628116	0.737730	-0.98	-0.98	0.98
0.749278	0.873198	-0.98	-0.98	0.98
0.793651	0.760095	-0.98	-0.98	0.98
0.828868	0.713714	-0.98	-0.98	0.98
0.981048	0.871245	-0.98	-0.98	0.98
0.706522	0.627016	-0.98	-0.98	0.98
0.708702	0.814962	-0.98	-0.98	0.98
0.626413	0.893375	-0.98	-0.98	0.98
0.839390	0.738519	-0.98	-0.98	0.98
0.699300	0.950711	-0.98	-0.98	0.98
0.957100	0.869173	-0.98	-0.98	0.98
0.919967	0.719924	-0.98	-0.98	0.98
0.722353	0.985258	-0.98	-0.98	0.98
0.663784	0.897763	-0.98	-0.98	0.98
0.631279	0.838601	-0.98	-0.98	0.98
0.876114	0.966954	-0.98	-0.98	0.98
0.707577	0.900953	-0.98	-0.98	0.98
0.782078	0.720131	-0.98	-0.98	0.98
0.657061	0.938615	-0.98	-0.98	0.98
0.611611	0.690178	-0.98	-0.98	0.98
0.866524	0.767356	-0.98	-0.98	0.98
0.769691	0.756700	-0.98	-0.98	0.98
0.976896	0.854298	-0.98	-0.98	0.98
0.834661	0.736388	-0.98	-0.98	0.98
0.981912	0.890488	-0.98	-0.98	0.98
0.860522	0.877777	-0.98	-0.98	0.98
0.740250	0.915004	-0.98	-0.98	0.98
0.757418	0.770955	-0.98	-0.98	0.98
0.830913	0.776843	-0.98	-0.98	0.98
0.806793	0.716171	-0.98	-0.98	0.98
0.830229	0.904352	-0.98	-0.98	0.98
0.995002	0.929858	-0.98	-0.98	0.98
0.899496	0.711581	-0.98	-0.98	0.98
0.828212	0.734928	-0.98	-0.98	0.98
0.918164	0.856983	-0.98	-0.98	0.98
0.746340	0.777311	-0.98	-0.98	0.98
0.907464	0.638641	-0.98	-0.98	0.98
0.659085	0.976753	-0.98	-0.98	0.98
0.649923	0.729240	-0.98	-0.98	0.98
0.934114	0.792319	-0.98	-0.98	0.98
0.859766	0.841109	-0.98	-0.98	0.98
0.883935	0.829379	-0.98	-0.98	0.98
0.905723	0.967067	-0.98	-0.98	0.98
0.782103	0.709520	-0.98	-0.98	0.98
0.898858	0.659639	-0.98	-0.98	0.98
0.662274	0.909354	-0.98	-0.98	0.98
0.632325	0.943838	-0.98	-0.98	0.98
0.866212	0.665945	-0.98	-0.98	0.98
0.717869	0.908259	-0.98	-0.98	0.98
0.893236	0.815428	-0.98	-0.98	0.98
0.788977	0.852422	-0.98	-0.98	0.98
0.808421	0.731353	-0.98	-0.98	0.98
0.932421	0.954000	-0.98	-0.98	0.98
0.968846	0.881385	-0.98	-0.98	0.98
0.819994	0.882588	-0.98	-0.98	0.98
0.969388	0.674644	-0.98	-0.98	0.98
0.662431	0.877247	-0.98	-0.98	0.98
0.699997	0.782206	-0.98	-0.98	0.98
0.942502	0.830867	-0.98	-0.98	0.98
0.950895	0.720283	-0.98	-0.98	0.98
0.934432	0.852377	-0.98	-0.98	0.98
0.732546	0.811884	-0.98	-0.98	0.98
0.661730	0.700979	-0.98	-0.98	0.98
0.928223	0.754687	-0.98	-0.98	0.98
0.850443	0.620829	-0.98	-0.98	0.98
0.779712	0.702118	-0.98	-0.98	0.98
0.964374	0.626144	-0.98	-0.98	0.98
0.629443	0.777605	-0.98	-0.98	0.98
0.918048	0.894924	-0.98	-0.98	0.98
0.904815	0.949862	-0.98	-0.98	0.98
0.883264	0.649255	-0.98	-0.98	0.98
0.970540	0.637341	-0.98	-0.98	0.98
0.658642	0.771373	-0.98	-0.98	0.98
0.896453	0.797104	-0.98	-0.98	0.98
0.957899	0.818429	-0.98	-0.98	0.98
0.841255	0.683751	-0.98	-0.98	0.98
0.791587	0.605354	-0.98	-0.98	0.98
0.886440	0.814180	-0.98	-0.98	0.98
0.652718	0.925861	-0.98	-0.98	0.98
0.614051	0.603815	-0.98	-0.98	0.98
0.616686	0.893840	-0.98	-0.98	0.98
0.771833	0.714927	-0.98	-0.98	0.98
0.623169	0.776909	-0.98	-0.98	0.98
0.965909	0.686768	-0.98	-0.98	0.98
0.915300	0.932357	-0.98	-0.98	0.98
0.954994	0.680073	-0.98	-0.98	0.98
0.810735	0.634151	-0.98	-0.98	0.98
0.884907	0.711867	-0.98	-0.98	0.98
0.873289	0.927197	-0.98	-0.98	0.98
0.973893	0.635572	-0.98	-0.98	0.98
0.820183	0.956312	-0.98	-0.98	0.98
0.657326	0.828979	-0.98	-0.98	0.98
0.830305	0.875455	-0.98	-0.98	0.98
0.834654	0.652706	-0.98	-0.98	0.98
0.829613	0.905464	-0.98	-0.98	0.98
0.753506	0.864252	-0.98	-0.98	0.98
0.752045	0.639687	-0.98	-0.98	0.98
0.634866	0.936299	-0.98	-0.98	0.98
0.876730	0.783331	-0.98	-0.98	0.98
0.751264	0.754523	-0.98	-0.98	0.98
0.815592	0.988477	-0.98	-0.98	0.98
0.980606	0.786257	-0.98	-0.98	0.98
0.830196	0.603604	-0.98	-0.98	0.98
0.605436	0.646013	-0.98	-0.98	0.98
0.610649	0.934674	-0.98	-0.98	0.98
0.858183	0.701611	-0.98	-0.98	0.98
0.616775	0.892350	-0.98	-0.98	0.98
0.699842	0.967475	-0.98	-0.98	0.98
0.888112	0.820030	-0.98	-0.98	0.98
0.848594	0.844592	-0.98	-0.98	0.98
0.742768	0.744474	-0.98	-0.98	0.98
0.943635	0.952813	-0.98	-0.98	0.98
0.846485	0.836447	-0.98	-0.98	0.98
0.971148	0.968520	-0.98	-0.98	0.98
0.694597	0.965984	-0.98	-0.98	0.98
0.716731	0.856252	-0.98	-0.98	0.98
0.730283	0.630675	-0.98	-0.98	0.98
0.738699	0.749588	-0.98	-0.98	0.98
0.717175	0.742362	-0.98	-0.98	0.98
0.732143	0.622350	-0.98	-0.98	0.98
0.767579	0.750422	-0.98	-0.98	0.98
0.633204	0.890532	-0.98	-0.98	0.98
0.623604	0.977457	-0.98	-0.98	0.98
0.683010	0.861734	-0.98	-0.98	0.98
0.929168	0.678104	-0.98	-0.98	0.98
0.638416	0.712480	-0.98	-0.98	0.98
0.997114	0.796546	-0.98	-0.98	0.98
0.686469	0.632725	-0.98	-0.98	0.98
0.866941	0.654190	-0.98	-0.98	0.98
0.967240	0.791922	-0.98	-0.98	0.98
0.926473	0.968352	-0.98	-0.98	0.98
0.726214	0.615076	-0.98	-0.98	0.98
0.715925	0.604742	-0.98	-0.98	0.98
0.750455	0.700782	-0.98	-0.98	0.98
0.641714	0.726612	-0.98	-0.98	0.98
0.797573	0.719345	-0.98	-0.98	0.98
0.728023	0.972959	-0.98	-0.98	0.98
0.956813	0.644809	-0.98	-0.98	0.98
0.726041	0.812674	-0.98	-0.98	0.98
0.844834	0.620975	-0.98	-0.98	0.98
0.721994	0.612066	-0.98	-0.98	0.98
0.626210	0.867008	-0.98	-0.98	0.98
0.644578	0.962354	-0.98	-0.98	0.98
0.702652	0.904609	-0.98	-0.98	0.98
0.992059	0.715478	-0.98	-0.98	0.98
0.660031	0.832950	-0.98	-0.98	0.98
0.915035	0.937889	-0.98	-0.98	0.98
0.704656	0.613773	-0.98	-0.98	0.98
0.989746	0.870909	-0.98	-0.98	0.98
0.855591	0.957212	-0.98	-0.98	0.98
0.848271	0.969318	-0.98	-0.98	0.98
0.819309	0.946328	-0.98	-0.98	0.98
0.909804	0.646036	-0.98	-0.98	0.98
0.773425	0.792748	-0.98	-0.98	0.98
0.962235	0.753224	-0.98	-0.98	0.98
0.607178	0.945558	-0.98	-0.98	0.98
0.704845	0.661338	-0.98	-0.98	0.98
0.812984	0.680740	-0.98	-0.98	0.98
0.639033	0.741176	-0.98	-0.98	0.98
0.959145	0.965403	-0.98	-0.98	0.98
0.806361	0.634259	-0.98	-0.98	0.98
0.871940	0.886273	-0.98	-0.98	0.98
0.897419	0.790523	-0.98	-0.98	0.98
0.872638	0.622786	-0.98	-0.98	0.98
0.915326	0.994534	-0.98	-0.98	0.98
0.635746	0.716909	-0.98	-0.98	0.98
0.950368	0.602260	-0.98	-0.98	0.98
0.987553	0.633241	-0.98	-0.98	0.98
0.935330	0.644331	-0.98	-0.98	0.98
0.649728	0.942731	-0.98	-0.98	0.98
0.732605	0.682710	-0.98	-0.98	0.98
0.652879	0.966048	-0.98	-0.98	0.98
0.878068	0.836945	-0.98	-0.98	0.98
0.606274	0.823037	-0.98	-0.98	0.98
0.904619	0.906262	-0.98	-0.98	0.98
0.779977	0.848947	-0.98	-0.98	0.98
0.942335	0.862939	-0.98	-0.98	0.98
0.621692	0.699754	-0.98	-0.98	0.98
0.911130	0.782315	-0.98	-0.98	0.98
0.985059	0.898758	-0.98	-0.98	0.98
0.931022	0.969177	-0.98	-0.98	0.98
0.705436	0.849334	-0.98	-0.98	0.98
0.626534	0.746416	-0.98	-0.98	0.98
0.785643	0.900288	-0.98	-0.98	0.98
0.733335	0.851732	-0.98	-0.98	0.98
0.966634	0.727142	-0.98	-0.98	0.98
0.830873	0.757297	-0.98	-0.98	0.98
0.668010	0.653536	-0.98	-0.98	0.98
0.987889	0.895981	-0.98	-0.98	0.98
0.650696	0.985275	-0.98	-0.98	0.98
0.809248	0.772163	-0.98	-0.98	0.98
0.982699	0.810639	-0.98	-0.98	0.98
0.661646	0.693292	-0.98	-0.98	0.98
0.770186	0.652234	-0.98	-0.98	0.98
0.961764	0.729893	-0.98	-0.98	0.98
0.895302	0.621677	-0.98	-0.98	0.98
0.925963	0.818708	-0.98	-0.98	0.98
0.611212	0.649598	-0.98	-0.98	0.98
0.875278	0.987893	-0.98	-0.98	0.98
0.841949	0.705428	-0.98	-0.98	0.98
0.858550	0.913187	-0.98	-0.98	0.98
0.852404	0.968581	-0.98	-0.98	0.98
0.644996	0.858214	-0.98	-0.98	0.98
0.848084	0.710357	-0.98	-0.98	0.98
0.621488	0.840879	-0.98	-0.98	0.98
0.727029	0.748780	-0.98	-0.98	0.98
0.623753	0.655369	-0.98	-0.98	0.98
0.772920	0.997014	-0.98	-0.98	0.98
0.650757	0.856806	-0.98	-0.98	0.98
0.773677	0.713088	-0.98	-0.98	0.98
0.705389	0.620100	-0.98	-0.98	0.98
0.618120	0.824247	-0.98	-0.98	0.98
0.729929	0.814089	-0.98	-0.98	0.98
0.988430	0.625702	-0.98	-0.98	0.98
0.654979	0.943801	-0.98	-0.98	0.98
0.979619	0.814536	-0.98	-0.98	0.98
0.917541	0.751093	-0.98	-0.98	0.98
0.667023	0.836376	-0.98	-0.98	0.98
0.943076	0.881236	-0.98	-0.98	0.98
0.834916	0.722122	-0.98	-0.98	0.98
0.939314	0.769530	-0.98	-0.98	0.98
0.634686	0.735132	-0.98	-0.98	0.98
0.864923	0.896718	-0.98	-0.98	0.98
0.859609	0.691522	-0.98	-0.98	0.98
0.886947	0.980387	-0.98	-0.98	0.98
0.608643	0.702981	-0.98	-0.98	0.98
0.682127	0.786548	-0.98	-0.98	0.98
0.645785	0.682927	-0.98	-0.98	0.98
0.689451	0.911995	-0.98	-0.98	0.98
0.725764	0.996508	-0.98	-0.98	0.98
0.974810	0.625496	-0.98	-0.98	0.98
0.748195	0.623625	-0.98	-0.98	0.98
0.730963	0.837301	-0.98	-0.98	0.98
0.926664	0.600541	-0.98	-0.98	0.98
0.964318	0.606466	-0.98	-0.98	0.98
0.948623	0.666266	-0.98	-0.98	0.98
0.809578	0.971011	-0.98	-0.98	0.98
0.897303	0.901225	-0.98	-0.98	0.98
0.689405	0.649146	-0.98	-0.98	0.98
0.800738	0.832279	-0.98	-0.98	0.98
0.704201	0.619645	-0.98	-0.98	0.98
0.932673	0.805756	-0.98	-0.98	0.98
0.835428	0.635047	-0.98	-0.98	0.98
0.717054	0.873669	-0.98	-0.98	0.98
0.772787	0.885780	-0.98	-0.98	0.98
0.687935	0.679448	-0.98	-0.98	0.98
0.999013	0.731131	-0.98	-0.98	0.98
0.920448	0.782623	-0.98	-0.98	0.98
0.893523	0.774616	-0.98	-0.98	0.98
0.810129	0.795491	-0.98	-0.98	0.98
0.947790	0.687317	-0.98	-0.98	0.98
0.854287	0.981733	-0.98	-0.98	0.98
0.902711	0.769466	-0.98	-0.98	0.98
0.792516	0.937847	-0.98	-0.98	0.98
0.916264	0.689094	-0.98	-0.98	0.98
0.819948	0.690253	-0.98	-0.98	0.98
0.817633	0.699014	-0.98	-0.98	0.98
0.764752	0.623197	-0.98	-0.98	0.98
0.820857	0.746810	-0.98	-0.98	0.98
0.980813	0.670368	-0.98	-0.98	0.98
0.942236	0.772962	-0.98	-0.98	0.98
0.629306	0.797778	-0.98	-0.98	0.98
0.797219	0.752938	-0.98	-0.98	0.98
0.936998	0.635475	-0.98	-0.98	0.98
0.933689	0.732266	-0.98	-0.98	0.98
0.662995	0.674582	-0.98	-0.98	0.98
0.975308	0.724114	-0.98	-0.98	0.98
0.754999	0.848226	-0.98	-0.98	0.98
0.843915	0.736366	-0.98	-0.98	0.98
0.800764	0.727008	-0.98	-0.98	0.98
0.742990	0.977966	-0.98	-0.98	0.98
0.756758	0.842115	-0.98	-0.98	0.98
0.821094	0.805859	-0.98	-0.98	0.98
0.806907	0.928708	-0.98	-0.98	0.98
0.918484	0.740040	-0.98	-0.98	0.98
0.629682	0.638119	-0.98	-0.98	0.98
0.988852	0.956512	-0.98	-0.98	0.98
0.656037	0.686916	-0.98	-0.98	0.98
0.614626	0.734761	-0.98	-0.98	0.98
0.805492	0.783353	-0.98	-0.98	0.98
0.733279	0.829666	-0.98	-0.98	0.98
0.707289	0.740824	-0.98	-0.98	0.98
0.899385	0.741098	-0.98	-0.98	0.98
0.684139	0.650145	-0.98	-0.98	0.98
0.965886	0.896341	-0.98	-0.98	0.98
0.776996	0.720569	-0.98	-0.98	0.98
0.612276	0.832446	-0.98	-0.98	0.98
0.991218	0.861964	-0.98	-0.98	0.98
0.960969	0.854639	-0.98	-0.98	0.98
0.940412	0.610611	-0.98	-0.98	0.98
0.875878	0.902426	-0.98	-0.98	0.98
0.606312	0.827855	-0.98	-0.98	0.98
0.892404	0.918349	-0.98	-0.98	0.98
0.688584	0.821098	-0.98	-0.98	0.98
0.927705	0.742048	-0.98	-0.98	0.98
0.924383	0.873680	-0.98	-0.98	0.98
0.994675	0.843666	-0.98	-0.98	0.98
0.806202	0.814432	-0.98	-0.98	0.98
0.650930	0.851471	-0.98	-0.98	0.98
0.858630	0.737412	-0.98	-0.98	0.98
0.938690	0.984874	-0.98	-0.98	0.98
0.611451	0.738021	-0.98	-0.98	0.98
0.744048	0.843400	-0.98	-0.98	0.98
0.673362	0.809173	-0.98	-0.98	0.98
0.631831	0.902657	-0.98	-0.98	0.98
0.752054	0.839959	-0.98	-0.98	0.98
0.784518	0.623194	-0.98	-0.98	0.98
0.883640	0.686227	-0.98	-0.98	0.98
0.678901	0.967476	-0.98	-0.98	0.98
0.755737	0.908988	-0.98	-0.98	0.98
0.674471	0.895763	-0.98	-0.98	0.98
0.690897	0.807980	-0.98	-0.98	0.98
0.820399	0.798153	-0.98	-0.98	0.98
0.952633	0.603667	-0.98	-0.98	0.98
0.685212	0.877750	-0.98	-0.98	0.98
0.726594	0.877569	-0.98	-0.98	0.98
0.902974	0.994234	-0.98	-0.98	0.98
0.712534	0.882138	-0.98	-0.98	0.98
0.928056	0.656749	-0.98	-0.98	0.98
0.770723	0.752395	-0.98	-0.98	0.98
0.683417	0.755374	-0.98	-0.98	0.98
0.618834	0.632563	-0.98	-0.98	0.98
0.794268	0.762090	-0.98	-0.98	0.98
0.842016	0.668249	-0.98	-0.98	0.98
0.947725	0.616369	-0.98	-0.98	0.98
0.673199	0.638782	-0.98	-0.98	0.98
0.758502	0.756911	-0.98	-0.98	0.98
0.731101	0.612355	-0.98	-0.98	0.98
0.671210	0.689634	-0.98	-0.98	0.98
0.877077	0.650289	-0.98	-0.98	0.98
0.613058	0.989724	-0.98	-0.98	0.98
0.912927	0.919943	-0.98	-0.98	0.98
0.947940	0.967976	-0.98	-0.98	0.98
0.909351	0.996431	-0.98	-0.98	0.98
0.848588	0.615422	-0.98	-0.98	0.98
0.652956	0.660684	-0.98	-0.98	0.98
0.760177	0.796892	-0.98	-0.98	0.98
0.953160	0.799317	-0.98	-0.98	0.98
0.766586	0.737876	-0.98	-0.98	0.98
0.760010	0.910499	-0.98	-0.98	0.98
0.899423	0.759090	-0.98	-0.98	0.98
0.940998	0.969849	-0.98	-0.98	0.98
0.746486	0.856704	-0.98	-0.98	0.98
0.971979	0.758052	-0.98	-0.98	0.98
0.759289	0.669041	-0.98	-0.98	0.98
0.932760	0.827965	-0.98	-0.98	0.98
0.984436	0.837365	-0.98	-0.98	0.98
0.854276	0.844609	-0.98	-0.98	0.98
0.639288	0.959607	-0.98	-0.98	0.98
0.950667	0.917210	-0.98	-0.98	0.98
0.787278	0.624473	-0.98	-0.98	0.98
0.861141	0.964236	-0.98	-0.98	0.98
0.976293	0.804971	-0.98	-0.98	0.98
0.627234	0.645848	-0.98	-0.98	0.98
0.653134	0.704535	-0.98	-0.98	0.98
0.958593	0.982143	-0.98	-0.98	0.98
0.853004	0.883493	-0.98	-0.98	0.98
0.869357	0.818177	-0.98	-0.98	0.98
0.635972	0.603629	-0.98	-0.98	0.98
0.991764	0.738888	-0.98	-0.98	0.98
0.827772	0.667380	-0.98	-0.98	0.98
0.923600	0.871071	-0.98	-0.98	0.98
0.652699	0.648095	-0.98	-0.98	0.98
0.785892	0.788478	-0.98	-0.98	0.98
0.796582	0.828492	-0.98	-0.98	0.98
0.744071	0.791074	-0.98	-0.98	0.98
0.612446	0.641833	-0.98	-0.98	0.98
0.785318	0.693692	-0.98	-0.98	0.98
0.702714	0.998620	-0.98	-0.98	0.98
0.627998	0.780083	-0.98	-0.98	0.98
0.814663	0.963507	-0.98	-0.98	0.98
0.686833	0.753189	-0.98	-0.98	0.98
0.662093	0.780918	-0.98	-0.98	0.98
0.920090	0.812962	-0.98	-0.98	0.98
0.992518	0.754533	-0.98	-0.98	0.98
0.861177	0.986529	-0.98	-0.98	0.98
0.730792	0.995676	-0.98	-0.98	0.98
0.625644	0.947292	-0.98	-0.98	0.98
0.793448	0.781224	-0.98	-0.98	0.98
0.951405	0.722583	-0.98	-0.98	0.98
0.774714	0.617278	-0.98	-0.98	0.98
0.933353	0.721916	-0.98	-0.98	0.98
0.966707	0.965151	-0.98	-0.98	0.98
0.711062	0.836163	-0.98	-0.98	0.98
0.665479	0.984418	-0.98	-0.98	0.98
0.793759	0.915308	-0.98	-0.98	0.98
0.787697	0.717361	-0.98	-0.98	0.98
0.637138	0.644329	-0.98	-0.98	0.98
0.912943	0.757077	-0.98	-0.98	0.98
0.873772	0.850563	-0.98	-0.98	0.98
0.855747	0.670857	-0.98	-0.98	0.98
0.717133	0.915706	-0.98	-0.98	0.98
0.754413	0.932107	-0.98	-0.98	0.98
0.630941	0.686832	-0.98	-0.98	0.98
0.795681	0.639925	-0.98	-0.98	0.98
0.844132	0.616119	-0.98	-0.98	0.98
0.697813	0.948703	-0.98	-0.98	0.98
0.829562	0.683866	-0.98	-0.98	0.98
0.819814	0.691768	-0.98	-0.98	0.98
0.957386	0.847942	-0.98	-0.98	0.98
0.712250	0.926666	-0.98	-0.98	0.98
0.649784	0.948880	-0.98	-0.98	0.98
0.734535	0.895567	-0.98	-0.98	0.98
0.914445	0.677764	-0.98	-0.98	0.98
0.606423	0.965783	-0.98	-0.98	0.98
0.613131	0.927310	-0.98	-0.98	0.98
0.757589	0.603115	-0.98	-0.98	0.98
0.974373	0.814047	-0.98	-0.98	0.98
0.734194	0.897553	-0.98	-0.98	0.98
0.772546	0.795475	-0.98	-0.98	0.98
0.761437	0.840277	-0.98	-0.98	0.98
0.996160	0.953841	-0.98	-0.98	0.98
0.751564	0.855437	-0.98	-0.98	0.98
0.733238	0.710560	-0.98	-0.98	0.98
0.666386	0.726565	-0.98	-0.98	0.98
0.744272	0.983554	-0.98	-0.98	0.98
0.683387	0.710342	-0.98	-0.98	0.98
0.832548	0.704486	-0.98	-0.98	0.98
0.754586	0.828608	-0.98	-0.98	0.98
0.771104	0.629370	-0.98	-0.98	0.98
0.955418	0.667910	-0.98	-0.98	0.98
0.818812	0.748836	-0.98	-0.98	0.98
0.779457	0.836900	-0.98	-0.98	0.98
0.658852	0.703901	-0.98	-0.98	0.98
0.638986	0.843097	-0.98	-0.98	0.98
0.647685	0.748402	-0.98	-0.98	0.98
0.698330	0.981744	-0.98	-0.98	0.98
0.813216	0.854097	-0.98	-0.98	0.98
0.966570	0.825992	-0.98	-0.98	0.98
0.924684	0.987986	-0.98	-0.98	0.98
0.728384	0.943501	-0.98	-0.98	0.98
0.654358	0.679452	-0.98	-0.98	0.98
0.851883	0.661126	-0.98	-0.98	0.98
0.829161	0.628635	-0.98	-0.98	0.98
0.979088	0.643475	-0.98	-0.98	0.98
0.667798	0.752323	-0.98	-0.98	0.98
0.745976	0.645249	-0.98	-0.98	0.98
0.678017	0.867161	-0.98	-0.98	0.98
0.752424	0.609200	-0.98	-0.98	0.98
0.918287	0.749935	-0.98	-0.98	0.98
0.896648	0.736452	-0.98	-0.98	0.98
0.632017	0.904681	-0.98	-0.98	0.98
0.969877	0.808236	-0.98	-0.98	0.98
0.618270	0.910053	-0.98	-0.98	0.98
0.918960	0.683465	-0.98	-0.98	0.98
0.947842	0.976778	-0.98	-0.98	0.98
0.887369	0.987744	-0.98	-0.98	0.98
0.738882	0.917254	-0.98	-0.98	0.98
0.756771	0.944368	-0.98	-0.98	0.98
0.644497	0.861302	-0.98	-0.98	0.98
0.701193	0.688155	-0.98	-0.98	0.98
0.937759	0.989178	-0.98	-0.98	0.98
0.703911	0.630887	-0.98	-0.98	0.98
0.903941	0.673104	-0.98	-0.98	0.98
0.698615	0.772128	-0.98	-0.98	0.98
0.862050	0.839285	-0.98	-0.98	0.98
0.805545	0.826813	-0.98	-0.98	0.98
0.936274	0.933175	-0.98	-0.98	0.98
0.948000	0.740520	-0.98	-0.98	0.98
0.867705	0.922723	-0.98	-0.98	0.98
0.846919	0.611574	-0.98	-0.98	0.98
0.977802	0.883695	-0.98	-0.98	0.98
0.810263	0.949478	-0.98	-0.98	0.98
0.926498	0.681682	-0.98	-0.98	0.98
0.969268	0.755823	-0.98	-0.98	0.98
0.972268	0.702937	-0.98	-0.98	0.98
0.838149	0.724706	-0.98	-0.98	0.98
0.755182	0.978936	-0.98	-0.98	0.98
0.699892	0.675210	-0.98	-0.98	0.98
0.601513	0.645462	-0.98	-0.98	0.98
0.696868	0.791094	-0.98	-0.98	0.98
0.701076	0.739491	-0.98	-0.98	0.98
0.674177	0.754898	-0.98	-0.98	0.98
0.661988	0.938823	-0.98	-0.98	0.98
0.914168	0.764073	-0.98	-0.98	0.98
0.807461	0.885714	-0.98	-0.98	0.98
0.685335	0.723008	-0.98	-0.98	0.98
0.647121	0.743721	-0.98	-0.98	0.98
0.876624	0.821961	-0.98	-0.98	0.98
0.662921	0.749321	-0.98	-0.98	0.98
0.656657	0.968661	-0.98	-0.98	0.98
0.958268	0.830155	-0.98	-0.98	0.98
0.700557	0.759582	-0.98	-0.98	0.98
0.777963	0.665528	-0.98	-0.98	0.98
0.694398	0.680841	-0.98	-0.98	0.98
0.654353	0.806508	-0.98	-0.98	0.98
0.649504	0.622092	-0.98	-0.98	0.98
0.646745	0.793742	-0.98	-0.98	0.98
0.657750	0.863962	-0.98	-0.98	0.98
0.742182	0.607081	-0.98	-0.98	0.98
0.995811	0.658839	-0.98	-0.98	0.98
0.766230	0.793969	-0.98	-0.98	0.98
0.955763	0.623345	-0.98	-0.98	0.98
0.952339	0.822382	-0.98	-0.98	0.98
0.959809	0.822937	-0.98	-0.98	0.98
0.837072	0.768935	-0.98	-0.98	0.98
0.651488	0.602995	-0.98	-0.98	0.98
0.756851	0.988990	-0.98	-0.98	0.98
0.821794	0.803772	-0.98	-0.98	0.98
0.802786	0.689468	-0.98	-0.98	0.98
0.631211	0.693815	-0.98	-0.98	0.98
0.696779	0.965070	-0.98	-0.98	0.98
0.664011	0.710562	-0.98	-0.98	0.98
0.804593	0.788247	-0.98	-0.98	0.98
0.995968	0.987600	-0.98	-0.98	0.98
0.985091	0.821085	-0.98	-0.98	0.98
0.740837	0.844703	-0.98	-0.98	0.98
0.644381	0.661666	-0.98	-0.98	0.98
0.960924	0.909283	-0.98	-0.98	0.98
0.989544	0.902831	-0.98	-0.98	0.98
0.761648	0.804691	-0.98	-0.98	0.98
0.773275	0.722161	-0.98	-0.98	0.98
0.775228	0.959104	-0.98	-0.98	0.98
0.927641	0.954473	-0.98	-0.98	0.98
0.689325	0.759813	-0.98	-0.98	0.98
0.746635	0.882351	-0.98	-0.98	0.98
0.708522	0.654412	-0.98	-0.98	0.98
0.634197	0.635920	-0.98	-0.98	0.98
0.834069	0.891636	-0.98	-0.98	0.98
0.656732	0.791108	-0.98	-0.98	0.98
0.641654	0.677777	-0.98	-0.98	0.98
0.889576	0.637793	-0.98	-0.98	0.98
0.788137	0.900649	-0.98	-0.98	0.98
0.933042	0.605275	-0.98	-0.98	0.98
0.742712	0.853037	-0.98	-0.98	0.98
0.824528	0.709636	-0.98	-0.98	0.98
0.855179	0.711970	-0.98	-0.98	0.98
0.808839	0.827801	-0.98	-0.98	0.98
0.672352	0.678356	-0.98	-0.98	0.98
0.863871	0.704420	-0.98	-0.98	0.98
0.619733	0.753282	-0.98	-0.98	0.98
0.600980	0.793463	-0.98	-0.98	0.98
0.893889	0.647991	-0.98	-0.98	0.98
0.635286	0.904339	-0.98	-0.98	0.98
0.745499	0.705377	-0.98	-0.98	0.98
0.775725	0.665322	-0.98	-0.98	0.98
0.818415	0.914409	-0.98	-0.98	0.98
0.980133	0.706851	-0.98	-0.98	0.98
0.808006	0.764801	-0.98	-0.98	0.98
0.650048	0.736028	-0.98	-0.98	0.98
0.676744	0.698080	-0.98	-0.98	0.98
0.965895	0.651799	-0.98	-0.98	0.98
0.641205	0.692239	-0.98	-0.98	0.98
0.653462	0.973382	-0.98	-0.98	0.98
0.970645	0.714057	-0.98	-0.98	0.98
0.629802	0.864725	-0.98	-0.98	0.98
0.721522	0.982938	-0.98	-0.98	0.98
0.695488	0.968463	-0.98	-0.98	0.98
0.706175	0.950510	-0.98	-0.98	0.98
0.697186	0.979301	-0.98	-0.98	0.98
0.745670	0.951860	-0.98	-0.98	0.98
0.694455	0.970608	-0.98	-0.98	0.98
0.697020	0.642145	-0.98	-0.98	0.98
0.735649	0.803970	-0.98	-0.98	0.98
0.889518	0.708765	-0.98	-0.98	0.98
0.883881	0.671539	-0.98	-0.98	0.98
0.703648	0.975743	-0.98	-0.98	0.98
0.937562	0.840626	-0.98	-0.98	0.98
0.839778	0.828870	-0.98	-0.98	0.98
0.994905	0.903396	-0.98	-0.98	0.98
0.750796	0.938976	-0.98	-0.98	0.98
0.724731	0.937667	-0.98	-0.98	0.98
0.618491	0.810342	-0.98	-0.98	0.98
0.616140	0.807408	-0.98	-0.98	0.98
0.851467	0.838693	-0.98	-0.98	0.98
0.741231	0.825571	-0.98	-0.98	0.98
0.664191	0.689055	-0.98	-0.98	0.98
0.661999	0.611657	-0.98	-0.98	0.98
0.696211	0.902818	-0.98	-0.98	0.98
0.629870	0.938624	-0.98	-0.98	0.98
0.650604	0.620299	-0.98	-0.98	0.98
0.898650	0.775091	-0.98	-0.98	0.98
0.828488	0.903073	-0.98	-0.98	0.98
0.608289	0.966918	-0.98	-0.98	0.98
0.691162	0.981319	-0.98	-0.98	0.98
0.648046	0.936838	-0.98	-0.98	0.98
0.700439	0.752452	-0.98	-0.98	0.98
0.901141	0.792650	-0.98	-0.98	0.98
0.895196	0.706575	-0.98	-0.98	0.98
0.975226	0.679931	-0.98	-0.98	0.98
0.774164	0.731569	-0.98	-0.98	0.98
0.630732	0.824072	-0.98	-0.98	0.98
0.947890	0.649468	-0.98	-0.98	0.98
0.949089	0.843847	-0.98	-0.98	0.98
0.767376	0.715592	-0.98	-0.98	0.98
0.807149	0.833577	-0.98	-0.98	0.98
0.632389	0.967714	-0.98	-0.98	0.98
0.768182	0.904555	-0.98	-0.98	0.98
0.621741	0.675336	-0.98	-0.98	0.98
0.699285	0.887064	-0.98	-0.98	0.98
0.678037	0.860062	-0.98	-0.98	0.98
0.993808	0.888677	-0.98	-0.98	0.98
0.644234	0.820286	-0.98	-0.98	0.98
0.911183	0.646049	-0.98	-0.98	0.98
0.908166	0.786281	-0.98	-0.98	0.98
0.773498	0.891265	-0.98	-0.98	0.98
0.601247	0.970635	-0.98	-0.98	0.98
0.664888	0.895247	-0.98	-0.98	0.98
0.950017	0.711960	-0.98	-0.98	0.98
0.970015	0.604667	-0.98	-0.98	0.98
0.776520	0.945581	-0.98	-0.98	0.98
0.840747	0.730713	-0.98	-0.98	0.98
0.907900	0.866224	-0.98	-0.98	0.98
0.875233	0.877038	-0.98	-0.98	0.98
0.777084	0.736619	-0.98	-0.98	0.98
0.854541	0.914089	-0.98	-0.98	0.98
0.817401	0.830757	-0.98	-0.98	0.98
0.873940	0.716053	-0.98	-0.98	0.98
0.645162	0.603207	-0.98	-0.98	0.98
0.865562	0.705726	-0.98	-0.98	0.98
0.904995	0.905282	-0.98	-0.98	0.98
0.896825	0.751805	-0.98	-0.98	0.98
0.684745	0.916406	-0.98	-0.98	0.98
0.971871	0.680500	-0.98	-0.98	0.98
0.782521	0.889389	-0.98	-0.98	0.98
0.634949	0.644182	-0.98	-0.98	0.98
0.851189	0.847934	-0.98	-0.98	0.98
0.848940	0.713750	-0.98	-0.98	0.98
0.919180	0.982646	-0.98	-0.98	0.98
0.663634	0.664240	-0.98	-0.98	0.98
0.637217	0.661111	-0.98	-0.98	0.98
0.730811	0.873274	-0.98	-0.98	0.98
0.902043	0.631686	-0.98	-0.98	0.98
0.797924	0.842971	-0.98	-0.98	0.98
0.958908	0.724566	-0.98	-0.98	0.98
0.630258	0.938881	-0.98	-0.98	0.98
0.731156	0.879504	-0.98	-0.98	0.98
0.606157	0.806848	-0.98	-0.98	0.98
0.740067	0.869438	-0.98	-0.98	0.98
0.999481	0.906614	-0.98	-0.98	0.98
0.936901	0.647320	-0.98	-0.98	0.98
0.789646	0.657393	-0.98	-0.98	0.98
0.605444	0.961871	-0.98	-0.98	0.98
0.604719	0.766428	-0.98	-0.98	0.98
0.917885	0.767602	-0.98	-0.98	0.98
0.975486	0.622478	-0.98	-0.98	0.98
0.835040	0.791273	-0.98	-0.98	0.98
0.867169	0.780225	-0.98	-0.98	0.98
0.817949	0.736899	-0.98	-0.98	0.98
0.651573	0.960835	-0.98	-0.98	0.98
0.601152	0.885661	-0.98	-0.98	0.98
0.667030	0.794782	-0.98	-0.98	0.98
0.931475	0.849140	-0.98	-0.98	0.98
0.762063	0.954637	-0.98	-0.98	0.98
0.797456	0.604088	-0.98	-0.98	0.98
0.804299	0.641131	-0.98	-0.98	0.98
0.856075	0.881758	-0.98	-0.98	0.98
0.864900	0.850483	-0.98	-0.98	0.98
0.670983	0.907674	-0.98	-0.98	0.98
0.715073	0.681084	-0.98	-0.98	0.98
0.794566	0.939679	-0.98	-0.98	0.98
0.706519	0.709595	-0.98	-0.98	0.98
0.778779	0.848465	-0.98	-0.98	0.98
0.603479	0.882430	-0.98	-0.98	0.98
0.670556	0.882729	-0.98	-0.98	0.98
0.905647	0.728986	-0.98	-0.98	0.98
0.828943	0.986873	-0.98	-0.98	0.98
0.767918	0.835561	-0.98	-0.98	0.98
0.908556	0.876929	-0.98	-0.98	0.98
0.936179	0.899893	-0.98	-0.98	0.98
0.627794	0.839642	-0.98	-0.98	0.98
0.751592	0.658370	-0.98	-0.98	0.98
0.975423	0.740131	-0.98	-0.98	0.98
0.818722	0.602934	-0.98	-0.98	0.98
0.654952	0.606288	-0.98	-0.98	0.98
0.710506	0.726411	-0.98	-0.98	0.98
0.707970	0.759250	-0.98	-0.98	0.98
0.992252	0.678524	-0.98	-0.98	0.98
0.820370	0.923785	-0.98	-0.98	0.98
0.737529	0.836766	-0.98	-0.98	0.98
0.803766	0.965042	-0.98	-0.98	0.98
0.806486	0.635436	-0.98	-0.98	0.98
0.651352	0.896338	-0.98	-0.98	0.98
0.727735	0.881790	-0.98	-0.98	0.98
0.775452	0.758326	-0.98	-0.98	0.98
0.753544	0.659220	-0.98	-0.98	0.98
0.928973	0.792508	-0.98	-0.98	0.98
0.934986	0.623880	-0.98	-0.98	0.98
0.688328	0.984813	-0.98	-0.98	0.98
0.828158	0.674518	-0.98	-0.98	0.98
0.972232	0.885500	-0.98	-0.98	0.98
0.634889	0.840160	-0.98	-0.98	0.98
0.833247	0.799033	-0.98	-0.98	0.98
0.639909	0.825782	-0.98	-0.98	0.98
0.961818	0.646836	-0.98	-0.98	0.98
0.854436	0.669651	-0.98	-0.98	0.98
0.733808	0.935146	-0.98	-0.98	0.98
0.826125	0.604141	-0.98	-0.98	0.98
0.728544	0.658868	-0.98	-0.98	0.98
0.859614	0.732025	-0.98	-0.98	0.98
0.777188	0.901094	-0.98	-0.98	0.98
0.971048	0.829311	-0.98	-0.98	0.98
0.838625	0.724451	-0.98	-0.98	0.98
0.717183	0.661564	-0.98	-0.98	0.98
0.892851	0.610427	-0.98	-0.98	0.98
0.692083	0.767587	-0.98	-0.98	0.98
0.769444	0.638749	-0.98	-0.98	0.98
0.689862	0.726402	-0.98	-0.98	0.98
0.740132	0.968809	-0.98	-0.98	0.98
0.604975	0.824699	-0.98	-0.98	0.98
0.704950	0.675053	-0.98	-0.98	0.98
0.953708	0.730818	-0.98	-0.98	0.98
0.843911	0.714007	-0.98	-0.98	0.98
0.613581	0.965372	-0.98	-0.98	0.98
0.733156	0.777678	-0.98	-0.98	0.98
0.665195	0.785830	-0.98	-0.98	0.98
0.692850	0.636026	-0.98	-0.98	0.98
0.782677	0.711796	-0.98	-0.98	0.98
0.996845	0.666692	-0.98	-0.98	0.98
0.658781	0.709203	-0.98	-0.98	0.98
0.974974	0.863793	-0.98	-0.98	0.98
0.639913	0.617519	-0.98	-0.98	0.98
0.931908	0.750154	-0.98	-0.98	0.98
0.815287	0.771086	-0.98	-0.98	0.98
0.704489	0.876330	-0.98	-0.98	0.98
0.981508	0.854293	-0.98	-0.98	0.98
0.846119	0.928141	-0.98	-0.98	0.98
0.810286	0.851155	-0.98	-0.98	0.98
0.818893	0.894823	-0.98	-0.98	0.98
0.751979	0.963115	-0.98	-0.98	0.98
0.775132	0.796190	-0.98	-0.98	0.98
0.717997	0.624280	-0.98	-0.98	0.98
0.790590	0.672189	-0.98	-0.98	0.98
0.861382	0.890412	-0.98	-0.98	0.98
0.888617	0.647237	-0.98	-0.98	0.98
0.746627	0.659395	-0.98	-0.98	0.98
0.866722	0.846180	-0.98	-0.98	0.98
0.953751	0.667441	-0.98	-0.98	0.98
0.725735	0.807245	-0.98	-0.98	0.98
0.624025	0.776199	-0.98	-0.98	0.98
0.839199	0.976383	-0.98	-0.98	0.98
0.607491	0.757684	-0.98	-0.98	0.98
0.982258	0.891512	-0.98	-0.98	0.98
0.989033	0.915415	-0.98	-0.98	0.98
0.642365	0.692894	-0.98	-0.98	0.98
0.750761	0.943187	-0.98	-0.98	0.98
0.744553	0.735979	-0.98	-0.98	0.98
0.962255	0.654485	-0.98	-0.98	0.98
0.691918	0.675622	-0.98	-0.98	0.98
0.622144	0.646926	-0.98	-0.98	0.98
0.932788	0.992583	-0.98	-0.98	0.98
0.650295	0.619654	-0.98	-0.98	0.98
0.932623	0.991852	-0.98	-0.98	0.98
0.704188	0.947122	-0.98	-0.98	0.98
0.755397	0.727296	-0.98	-0.98	0.98
0.958296	0.746576	-0.98	-0.98	0.98
0.856389	0.670434	-0.98	-0.98	0.98
0.852947	0.923608	-0.98	-0.98	0.98
0.903194	0.846226	-0.98	-0.98	0.98
0.719839	0.748786	-0.98	-0.98	0.98
0.862954	0.797196	-0.98	-0.98	0.98
0.800526	0.711176	-0.98	-0.98	0.98
0.830032	0.685179	-0.98	-0.98	0.98
0.851450	0.765436	-0.98	-0.98	0.98
0.938405	0.737411	-0.98	-0.98	0.98
0.776974	0.903208	-0.98	-0.98	0.98
0.829388	0.678026	-0.98	-0.98	0.98
0.795003	0.914860	-0.98	-0.98	0.98
0.873416	0.875055	-0.98	-0.98	0.98
0.922551	0.677246	-0.98	-0.98	0.98
0.830270	0.634884	-0.98	-0.98	0.98
0.780427	0.869408	-0.98	-0.98	0.98
0.737724	0.861752	-0.98	-0.98	0.98
0.957140	0.909314	-0.98	-0.98	0.98
0.791313	0.784208	-0.98	-0.98	0.98
0.993149	0.774098	-0.98	-0.98	0.98
0.680702	0.748633	-0.98	-0.98	0.98
0.767993	0.660032	-0.98	-0.98	0.98
0.790521	0.738836	-0.98	-0.98	0.98
0.624088	0.633303	-0.98	-0.98	0.98
0.776872	0.880449	-0.98	-0.98	0.98
0.624474	0.923205	-0.98	-0.98	0.98
0.670707	0.856613	-0.98	-0.98	0.98
0.850202	0.852210	-0.98	-0.98	0.98
0.765004	0.612978	-0.98	-0.98	0.98
0.944891	0.751218	-0.98	-0.98	0.98
0.761754	0.874376	-0.98	-0.98	0.98
0.872503	0.647805	-0.98	-0.98	0.98
0.902178	0.663898	-0.98	-0.98	0.98
0.870072	0.691519	-0.98	-0.98	0.98
0.635356	0.854758	-0.98	-0.98	0.98
0.913990	0.864048	-0.98	-0.98	0.98
0.976477	0.654295	-0.98	-0.98	0.98
0.649474	0.899965	-0.98	-0.98	0.98
0.651301	0.993378	-0.98	-0.98	0.98
0.969833	0.992081	-0.98	-0.98	0.98
0.829040	0.806586	-0.98	-0.98	0.98
0.777078	0.916166	-0.98	-0.98	0.98
0.917350	0.999466	-0.98	-0.98	0.98
0.782188	0.823457	-0.98	-0.98	0.98
0.796501	0.630742	-0.98	-0.98	0.98
0.977404	0.641027	-0.98	-0.98	0.98
0.865233	0.792032	-0.98	-0.98	0.98
0.618271	0.858726	-0.98	-0.98	0.98
0.908119	0.916620	-0.98	-0.98	0.98
0.980079	0.680090	-0.98	-0.98	0.98
0.706299	0.931651	-0.98	-0.98	0.98
0.911058	0.778131	-0.98	-0.98	0.98
0.846243	0.676909	-0.98	-0.98	0.98
0.740968	0.940579	-0.98	-0.98	0.98
0.932212	0.800912	-0.98	-0.98	0.98
0.892346	0.991674	-0.98	-0.98	0.98
0.736454	0.613525	-0.98	-0.98	0.98
0.933832	0.779859	-0.98	-0.98	0.98
0.836191	0.838358	-0.98	-0.98	0.98
0.620666	0.776006	-0.98	-0.98	0.98
0.922387	0.852559	-0.98	-0.98	0.98
0.610533	0.716030	-0.98	-0.98	0.98
0.830570	0.990752	-0.98	-0.98	0.98
0.709468	0.641808	-0.98	-0.98	0.98
0.874894	0.835881	-0.98	-0.98	0.98
0.672258	0.998596	-0.98	-0.98	0.98
0.828205	0.718355	-0.98	-0.98	0.98
0.897804	0.730785	-0.98	-0.98	0.98
