0.444258	0.795844	-0.98	0.98	-0.98	-0.98	-0.98
0.203868	-0.666610	-0.98	-0.98	-0.98	0.98	-0.98
0.926535	0.932717	-0.98	0.98	-0.98	-0.98	-0.98
0.452941	-0.233837	-0.98	-0.98	-0.98	0.98	-0.98
-0.366436	0.367344	0.98	-0.98	-0.98	-0.98	-0.98
0.876617	-0.091028	-0.98	-0.98	-0.98	-0.98	0.98
-0.980572	0.497169	0.98	-0.98	-0.98	-0.98	-0.98
0.450236	0.283164	-0.98	0.98	-0.98	-0.98	-0.98
-0.871522	-0.720161	-0.98	-0.98	0.98	-0.98	-0.98
0.921821	0.208012	-0.98	0.98	-0.98	-0.98	-0.98
0.780414	0.963007	-0.98	0.98	-0.98	-0.98	-0.98
0.635751	0.634591	-0.98	0.98	-0.98	-0.98	-0.98
0.404380	0.310702	-0.98	0.98	-0.98	-0.98	-0.98
-0.728946	0.723565	0.98	-0.98	-0.98	-0.98	-0.98
0.581919	-0.562691	-0.98	-0.98	-0.98	0.98	-0.98
-0.120642	-0.590827	-0.98	-0.98	0.98	-0.98	-0.98
0.020062	0.061816	-0.98	-0.98	-0.98	-0.98	0.98
-0.291719	0.515243	0.98	-0.98	-0.98	-0.98	-0.98
-0.933540	0.863951	0.98	-0.98	-0.98	-0.98	-0.98
-0.325328	0.304081	0.98	-0.98	-0.98	-0.98	-0.98
0.623745	0.691796	-0.98	0.98	-0.98	-0.98	-0.98
0.961942	-0.317029	-0.98	-0.98	-0.98	0.98	-0.98
-0.525038	-0.101246	-0.98	-0.98	0.98	-0.98	-0.98
-0.281948	-0.173836	-0.98	-0.98	0.98	-0.98	-0.98
-0.387412	0.957311	0.98	-0.98	-0.98	-0.98	-0.98
0.570162	0.020220	-0.98	-0.98	-0.98	-0.98	0.98
-0.144650	-0.760736	-0.98	-0.98	0.98	-0.98	-0.98
0.510578	0.899049	-0.98	0.98	-0.98	-0.98	-0.98
-0.259396	-0.850765	-0.98	-0.98	0.98	-0.98	-0.98
-0.163155	-0.033692	-0.98	-0.98	-0.98	-0.98	0.98
-0.026594	0.580848	-0.98	-0.98	-0.98	-0.98	0.98
-0.840131	0.817612	0.98	-0.98	-0.98	-0.98	-0.98
-0.239256	0.907486	0.98	-0.98	-0.98	-0.98	-0.98
-0.842863	-0.176839	-0.98	-0.98	0.98	-0.98	-0.98
0.000677	-0.775835	-0.98	-0.98	-0.98	-0.98	0.98
-0.263015	0.822509	0.98	-0.98	-0.98	-0.98	-0.98
0.541629	0.626930	-0.98	0.98	-0.98	-0.98	-0.98
0.892877	-0.103309	-0.98	-0.98	-0.98	0.98	-0.98
-0.968005	0.343870	0.98	-0.98	-0.98	-0.98	-0.98
-0.812835	0.173989	0.98	-0.98	-0.98	-0.98	-0.98
0.157454	-0.615823	-0.98	-0.98	-0.98	0.98	-0.98
0.957673	0.498374	-0.98	0.98	-0.98	-0.98	-0.98
-0.085580	0.114231	-0.98	-0.98	-0.98	-0.98	0.98
0.418383	-0.683582	-0.98	-0.98	-0.98	0.98	-0.98
-0.540050	0.215834	0.98	-0.98	-0.98	-0.98	-0.98
-0.063180	0.006214	-0.98	-0.98	-0.98	-0.98	0.98
0.380684	-0.450136	-0.98	-0.98	-0.98	0.98	-0.98
-0.214876	0.762532	0.98	-0.98	-0.98	-0.98	-0.98
0.039100	-0.701216	-0.98	-0.98	-0.98	-0.98	0.98
-0.178644	-0.686015	-0.98	-0.98	0.98	-0.98	-0.98
-0.080016	-0.770661	-0.98	-0.98	-0.98	-0.98	0.98
0.081594	0.072953	-0.98	-0.98	-0.98	-0.98	0.98
-0.963163	0.587074	0.98	-0.98	-0.98	-0.98	-0.98
-0.771171	0.451388	0.98	-0.98	-0.98	-0.98	-0.98
-0.076421	-0.553136	-0.98	-0.98	-0.98	-0.98	0.98
-0.337477	-0.748134	-0.98	-0.98	0.98	-0.98	-0.98
-0.316248	-0.321465	-0.98	-0.98	0.98	-0.98	-0.98
-0.978131	-0.721960	-0.98	-0.98	0.98	-0.98	-0.98
-0.842386	-0.280967	-0.98	-0.98	0.98	-0.98	-0.98
0.717579	-0.723965	-0.98	-0.98	-0.98	0.98	-0.98
0.145823	-0.548247	-0.98	-0.98	-0.98	0.98	-0.98
-0.175709	-0.198006	-0.98	-0.98	0.98	-0.98	-0.98
0.276748	-0.216898	-0.98	-0.98	-0.98	0.98	-0.98
-0.790144	-0.235696	-0.98	-0.98	0.98	-0.98	-0.98
-0.224942	0.161853	0.98	-0.98	-0.98	-0.98	-0.98
0.331744	0.145366	-0.98	0.98	-0.98	-0.98	-0.98
0.295979	0.531358	-0.98	0.98	-0.98	-0.98	-0.98
-0.932394	-0.228802	-0.98	-0.98	0.98	-0.98	-0.98
0.940268	0.838862	-0.98	0.98	-0.98	-0.98	-0.98
0.135996	-0.226646	-0.98	-0.98	-0.98	0.98	-0.98
-0.880505	-0.703929	-0.98	-0.98	0.98	-0.98	-0.98
0.968561	0.595463	-0.98	0.98	-0.98	-0.98	-0.98
-0.941186	-0.200849	-0.98	-0.98	0.98	-0.98	-0.98
0.501047	0.341141	-0.98	0.98	-0.98	-0.98	-0.98
0.854900	0.041491	-0.98	-0.98	-0.98	-0.98	0.98
-0.769777	0.691949	0.98	-0.98	-0.98	-0.98	-0.98
0.007180	-0.121661	-0.98	-0.98	-0.98	-0.98	0.98
0.740869	0.804557	-0.98	0.98	-0.98	-0.98	-0.98
0.584269	0.644660	-0.98	0.98	-0.98	-0.98	-0.98
0.898335	-0.294344	-0.98	-0.98	-0.98	0.98	-0.98
-0.181876	-0.105093	-0.98	-0.98	0.98	-0.98	-0.98
-0.911154	0.424927	0.98	-0.98	-0.98	-0.98	-0.98
0.508747	0.194611	-0.98	0.98	-0.98	-0.98	-0.98
0.536066	-0.656565	-0.98	-0.98	-0.98	0.98	-0.98
0.542863	-0.594619	-0.98	-0.98	-0.98	0.98	-0.98
-0.214287	-0.995108	-0.98	-0.98	0.98	-0.98	-0.98
0.042071	0.468205	-0.98	-0.98	-0.98	-0.98	0.98
-0.363186	-0.290202	-0.98	-0.98	0.98	-0.98	-0.98
0.568732	-0.800460	-0.98	-0.98	-0.98	0.98	-0.98
-0.778143	0.868620	0.98	-0.98	-0.98	-0.98	-0.98
-0.790891	-0.864050	-0.98	-0.98	0.98	-0.98	-0.98
0.585950	-0.271494	-0.98	-0.98	-0.98	0.98	-0.98
0.002736	-0.196591	-0.98	-0.98	-0.98	-0.98	0.98
-0.472784	0.446056	0.98	-0.98	-0.98	-0.98	-0.98
0.082500	-0.880488	-0.98	-0.98	-0.98	-0.98	0.98
0.077748	-0.252455	-0.98	-0.98	-0.98	-0.98	0.98
0.521052	-0.548181	-0.98	-0.98	-0.98	0.98	-0.98
0.014932	0.553346	-0.98	-0.98	-0.98	-0.98	0.98
-0.998108	-0.219088	-0.98	-0.98	0.98	-0.98	-0.98
-0.693206	0.234145	0.98	-0.98	-0.98	-0.98	-0.98
-0.005992	0.211126	-0.98	-0.98	-0.98	-0.98	0.98
0.055041	0.474943	-0.98	-0.98	-0.98	-0.98	0.98
-0.322639	-0.969870	-0.98	-0.98	0.98	-0.98	-0.98
0.430711	-0.764360	-0.98	-0.98	-0.98	0.98	-0.98
-0.668584	-0.817100	-0.98	-0.98	0.98	-0.98	-0.98
-0.963815	-0.936770	-0.98	-0.98	0.98	-0.98	-0.98
0.022799	-0.128022	-0.98	-0.98	-0.98	-0.98	0.98
0.279247	-0.232572	-0.98	-0.98	-0.98	0.98	-0.98
-0.899906	0.206988	0.98	-0.98	-0.98	-0.98	-0.98
0.963563	0.549555	-0.98	0.98	-0.98	-0.98	-0.98
-0.016114	-0.329436	-0.98	-0.98	-0.98	-0.98	0.98
-0.247611	0.827857	0.98	-0.98	-0.98	-0.98	-0.98
-0.501276	-0.311807	-0.98	-0.98	0.98	-0.98	-0.98
-0.444366	0.032630	-0.98	-0.98	-0.98	-0.98	0.98
-0.474844	-0.127395	-0.98	-0.98	0.98	-0.98	-0.98
-0.696109	0.759258	0.98	-0.98	-0.98	-0.98	-0.98
0.906320	0.331965	-0.98	0.98	-0.98	-0.98	-0.98
-0.156039	0.706385	0.98	-0.98	-0.98	-0.98	-0.98
0.394733	0.480583	-0.98	0.98	-0.98	-0.98	-0.98
-0.579416	0.230454	0.98	-0.98	-0.98	-0.98	-0.98
0.442823	-0.182352	-0.98	-0.98	-0.98	0.98	-0.98
0.736253	-0.675507	-0.98	-0.98	-0.98	0.98	-0.98
-0.119517	0.047926	-0.98	-0.98	-0.98	-0.98	0.98
-0.892157	0.445454	0.98	-0.98	-0.98	-0.98	-0.98
0.300020	0.926682	-0.98	0.98	-0.98	-0.98	-0.98
0.875453	-0.913130	-0.98	-0.98	-0.98	0.98	-0.98
-0.512233	-0.643582	-0.98	-0.98	0.98	-0.98	-0.98
0.563210	0.768752	-0.98	0.98	-0.98	-0.98	-0.98
0.142361	0.492145	-0.98	0.98	-0.98	-0.98	-0.98
-0.540605	0.860225	0.98	-0.98	-0.98	-0.98	-0.98
0.433608	-0.162773	-0.98	-0.98	-0.98	0.98	-0.98
-0.741446	0.955027	0.98	-0.98	-0.98	-0.98	-0.98
-0.160791	-0.703184	-0.98	-0.98	0.98	-0.98	-0.98
-0.722527	0.158754	0.98	-0.98	-0.98	-0.98	-0.98
-0.361148	-0.030232	-0.98	-0.98	-0.98	-0.98	0.98
-0.741169	0.697785	0.98	-0.98	-0.98	-0.98	-0.98
0.937148	-0.298110	-0.98	-0.98	-0.98	0.98	-0.98
-0.693355	-0.158990	-0.98	-0.98	0.98	-0.98	-0.98
-0.117809	0.137397	0.98	-0.98	-0.98	-0.98	-0.98
-0.613075	-0.952096	-0.98	-0.98	0.98	-0.98	-0.98
-0.598294	-0.678419	-0.98	-0.98	0.98	-0.98	-0.98
-0.309712	-0.404187	-0.98	-0.98	0.98	-0.98	-0.98
0.720056	-0.504090	-0.98	-0.98	-0.98	0.98	-0.98
0.268464	0.719038	-0.98	0.98	-0.98	-0.98	-0.98
-0.504804	0.300614	0.98	-0.98	-0.98	-0.98	-0.98
-0.226119	-0.007802	-0.98	-0.98	-0.98	-0.98	0.98
0.779081	0.456263	-0.98	0.98	-0.98	-0.98	-0.98
-0.223139	-0.851384	-0.98	-0.98	0.98	-0.98	-0.98
0.910809	-0.914156	-0.98	-0.98	-0.98	0.98	-0.98
0.193958	0.945605	-0.98	0.98	-0.98	-0.98	-0.98
0.011896	0.910180	-0.98	-0.98	-0.98	-0.98	0.98
0.224726	-0.240402	-0.98	-0.98	-0.98	0.98	-0.98
0.140642	-0.944457	-0.98	-0.98	-0.98	0.98	-0.98
0.942606	0.893723	-0.98	0.98	-0.98	-0.98	-0.98
0.357820	-0.078073	-0.98	-0.98	-0.98	-0.98	0.98
0.299896	-0.081921	-0.98	-0.98	-0.98	-0.98	0.98
0.010754	-0.442785	-0.98	-0.98	-0.98	-0.98	0.98
-0.118053	0.422469	0.98	-0.98	-0.98	-0.98	-0.98
0.315030	0.258604	-0.98	0.98	-0.98	-0.98	-0.98
0.789935	0.354458	-0.98	0.98	-0.98	-0.98	-0.98
0.250958	-0.947425	-0.98	-0.98	-0.98	0.98	-0.98
-0.408254	0.276418	0.98	-0.98	-0.98	-0.98	-0.98
-0.293850	0.098677	-0.98	-0.98	-0.98	-0.98	0.98
0.577727	0.504342	-0.98	0.98	-0.98	-0.98	-0.98
0.528975	-0.409840	-0.98	-0.98	-0.98	0.98	-0.98
-0.832262	-0.336950	-0.98	-0.98	0.98	-0.98	-0.98
-0.386234	-0.655833	-0.98	-0.98	0.98	-0.98	-0.98
-0.969096	-0.197409	-0.98	-0.98	0.98	-0.98	-0.98
0.728620	0.872001	-0.98	0.98	-0.98	-0.98	-0.98
0.635015	-0.512117	-0.98	-0.98	-0.98	0.98	-0.98
0.593058	0.222839	-0.98	0.98	-0.98	-0.98	-0.98
0.204507	0.848169	-0.98	0.98	-0.98	-0.98	-0.98
0.527173	-0.734630	-0.98	-0.98	-0.98	0.98	-0.98
-0.609367	-0.737252	-0.98	-0.98	0.98	-0.98	-0.98
0.927101	0.508398	-0.98	0.98	-0.98	-0.98	-0.98
-0.742100	0.400590	0.98	-0.98	-0.98	-0.98	-0.98
-0.865929	-0.614028	-0.98	-0.98	0.98	-0.98	-0.98
-0.904352	-0.572636	-0.98	-0.98	0.98	-0.98	-0.98
0.017431	-0.191916	-0.98	-0.98	-0.98	-0.98	0.98
-0.880565	0.083001	-0.98	-0.98	-0.98	-0.98	0.98
-0.684156	0.394639	0.98	-0.98	-0.98	-0.98	-0.98
0.178537	-0.930410	-0.98	-0.98	-0.98	0.98	-0.98
-0.840060	0.096057	-0.98	-0.98	-0.98	-0.98	0.98
-0.344759	-0.773082	-0.98	-0.98	0.98	-0.98	-0.98
-0.266463	0.021346	-0.98	-0.98	-0.98	-0.98	0.98
-0.005278	-0.418455	-0.98	-0.98	-0.98	-0.98	0.98
-0.668786	-0.403141	-0.98	-0.98	0.98	-0.98	-0.98
0.112555	0.373631	-0.98	0.98	-0.98	-0.98	-0.98
-0.088740	0.674580	-0.98	-0.98	-0.98	-0.98	0.98
0.671975	-0.946628	-0.98	-0.98	-0.98	0.98	-0.98
0.822271	0.232370	-0.98	0.98	-0.98	-0.98	-0.98
-0.060787	-0.510863	-0.98	-0.98	-0.98	-0.98	0.98
-0.897060	0.686020	0.98	-0.98	-0.98	-0.98	-0.98
0.368768	-0.929931	-0.98	-0.98	-0.98	0.98	-0.98
-0.565595	0.783932	0.98	-0.98	-0.98	-0.98	-0.98
0.817973	-0.297473	-0.98	-0.98	-0.98	0.98	-0.98
-0.113700	0.444352	0.98	-0.98	-0.98	-0.98	-0.98
0.261903	0.091668	-0.98	-0.98	-0.98	-0.98	0.98
-0.473832	0.599239	0.98	-0.98	-0.98	-0.98	-0.98
-0.615899	0.606941	0.98	-0.98	-0.98	-0.98	-0.98
-0.201077	0.272148	0.98	-0.98	-0.98	-0.98	-0.98
-0.917223	0.114986	0.98	-0.98	-0.98	-0.98	-0.98
-0.824969	0.870713	0.98	-0.98	-0.98	-0.98	-0.98
-0.489295	0.329937	0.98	-0.98	-0.98	-0.98	-0.98
0.632297	-0.161627	-0.98	-0.98	-0.98	0.98	-0.98
0.139829	0.397013	-0.98	0.98	-0.98	-0.98	-0.98
-0.556506	-0.151747	-0.98	-0.98	0.98	-0.98	-0.98
0.804476	-0.881211	-0.98	-0.98	-0.98	0.98	-0.98
-0.071044	0.323483	-0.98	-0.98	-0.98	-0.98	0.98
0.786661	-0.211255	-0.98	-0.98	-0.98	0.98	-0.98
0.339977	0.144050	-0.98	0.98	-0.98	-0.98	-0.98
-0.889717	-0.189188	-0.98	-0.98	0.98	-0.98	-0.98
0.048070	-0.250899	-0.98	-0.98	-0.98	-0.98	0.98
0.535594	0.889743	-0.98	0.98	-0.98	-0.98	-0.98
0.311741	0.907422	-0.98	0.98	-0.98	-0.98	-0.98
0.511157	0.955264	-0.98	0.98	-0.98	-0.98	-0.98
0.524483	-0.176306	-0.98	-0.98	-0.98	0.98	-0.98
0.856933	0.496148	-0.98	0.98	-0.98	-0.98	-0.98
0.736896	-0.192266	-0.98	-0.98	-0.98	0.98	-0.98
-0.141863	0.081697	-0.98	-0.98	-0.98	-0.98	0.98
-0.941304	-0.778752	-0.98	-0.98	0.98	-0.98	-0.98
0.059310	-0.319715	-0.98	-0.98	-0.98	-0.98	0.98
0.487329	0.591468	-0.98	0.98	-0.98	-0.98	-0.98
-0.758443	0.188281	0.98	-0.98	-0.98	-0.98	-0.98
0.707212	-0.097158	-0.98	-0.98	-0.98	-0.98	0.98
0.043939	-0.147275	-0.98	-0.98	-0.98	-0.98	0.98
-0.871987	0.715404	0.98	-0.98	-0.98	-0.98	-0.98
0.298868	0.037836	-0.98	-0.98	-0.98	-0.98	0.98
-0.171367	-0.897706	-0.98	-0.98	0.98	-0.98	-0.98
0.800094	-0.206745	-0.98	-0.98	-0.98	0.98	-0.98
0.670096	-0.333332	-0.98	-0.98	-0.98	0.98	-0.98
0.567716	0.384608	-0.98	0.98	-0.98	-0.98	-0.98
0.044644	-0.433791	-0.98	-0.98	-0.98	-0.98	0.98
-0.152672	0.403107	0.98	-0.98	-0.98	-0.98	-0.98
-0.106431	0.648059	0.98	-0.98	-0.98	-0.98	-0.98
0.228124	-0.028519	-0.98	-0.98	-0.98	-0.98	0.98
-0.868438	-0.394455	-0.98	-0.98	0.98	-0.98	-0.98
-0.458596	0.537418	0.98	-0.98	-0.98	-0.98	-0.98
-0.996482	-0.566866	-0.98	-0.98	0.98	-0.98	-0.98
-0.549518	-0.610194	-0.98	-0.98	0.98	-0.98	-0.98
0.568303	-0.371200	-0.98	-0.98	-0.98	0.98	-0.98
0.913856	0.741585	-0.98	0.98	-0.98	-0.98	-0.98
-0.445848	-0.835422	-0.98	-0.98	0.98	-0.98	-0.98
0.099457	0.123913	-0.98	-0.98	-0.98	-0.98	0.98
-0.903651	-0.958322	-0.98	-0.98	0.98	-0.98	-0.98
0.436615	0.838698	-0.98	0.98	-0.98	-0.98	-0.98
0.304942	0.725019	-0.98	0.98	-0.98	-0.98	-0.98
-0.779172	0.789628	0.98	-0.98	-0.98	-0.98	-0.98
-0.644075	0.942955	0.98	-0.98	-0.98	-0.98	-0.98
0.135674	-0.609653	-0.98	-0.98	-0.98	0.98	-0.98
-0.294897	0.674385	0.98	-0.98	-0.98	-0.98	-0.98
0.257196	-0.382985	-0.98	-0.98	-0.98	0.98	-0.98
-0.248423	0.240301	0.98	-0.98	-0.98	-0.98	-0.98
0.230466	-0.230916	-0.98	-0.98	-0.98	0.98	-0.98
-0.664067	-0.947238	-0.98	-0.98	0.98	-0.98	-0.98
-0.768884	-0.262994	-0.98	-0.98	0.98	-0.98	-0.98
0.359082	0.857958	-0.98	0.98	-0.98	-0.98	-0.98
-0.083302	0.609957	-0.98	-0.98	-0.98	-0.98	0.98
0.332739	0.325450	-0.98	0.98	-0.98	-0.98	-0.98
0.272832	-0.203441	-0.98	-0.98	-0.98	0.98	-0.98
0.463410	0.570315	-0.98	0.98	-0.98	-0.98	-0.98
0.360970	-0.827605	-0.98	-0.98	-0.98	0.98	-0.98
-0.218741	-0.002386	-0.98	-0.98	-0.98	-0.98	0.98
0.665690	-0.472849	-0.98	-0.98	-0.98	0.98	-0.98
-0.858069	0.678280	0.98	-0.98	-0.98	-0.98	-0.98
0.498510	-0.555916	-0.98	-0.98	-0.98	0.98	-0.98
-0.598119	-0.993955	-0.98	-0.98	0.98	-0.98	-0.98
-0.194328	0.117387	0.98	-0.98	-0.98	-0.98	-0.98
-0.037094	-0.034800	-0.98	-0.98	-0.98	-0.98	0.98
0.684585	0.498742	-0.98	0.98	-0.98	-0.98	-0.98
-0.448500	-0.499500	-0.98	-0.98	0.98	-0.98	-0.98
-0.878057	-0.138505	-0.98	-0.98	0.98	-0.98	-0.98
-0.973324	0.939243	0.98	-0.98	-0.98	-0.98	-0.98
-0.294240	0.384644	0.98	-0.98	-0.98	-0.98	-0.98
0.207764	-0.859518	-0.98	-0.98	-0.98	0.98	-0.98
-0.942875	0.203443	0.98	-0.98	-0.98	-0.98	-0.98
0.821799	-0.312648	-0.98	-0.98	-0.98	0.98	-0.98
0.089880	-0.530781	-0.98	-0.98	-0.98	-0.98	0.98
0.453633	0.417821	-0.98	0.98	-0.98	-0.98	-0.98
-0.752972	-0.420936	-0.98	-0.98	0.98	-0.98	-0.98
-0.923057	-0.299777	-0.98	-0.98	0.98	-0.98	-0.98
0.492982	0.988896	-0.98	0.98	-0.98	-0.98	-0.98
0.536167	-0.181480	-0.98	-0.98	-0.98	0.98	-0.98
0.130081	-0.117899	-0.98	-0.98	-0.98	0.98	-0.98
-0.384667	-0.281561	-0.98	-0.98	0.98	-0.98	-0.98
-0.241951	0.329926	0.98	-0.98	-0.98	-0.98	-0.98
0.178657	0.560783	-0.98	0.98	-0.98	-0.98	-0.98
-0.722920	0.144797	0.98	-0.98	-0.98	-0.98	-0.98
0.837678	-0.753121	-0.98	-0.98	-0.98	0.98	-0.98
0.787957	0.918604	-0.98	0.98	-0.98	-0.98	-0.98
0.054520	-0.361736	-0.98	-0.98	-0.98	-0.98	0.98
0.395405	0.939473	-0.98	0.98	-0.98	-0.98	-0.98
-0.855533	0.265018	0.98	-0.98	-0.98	-0.98	-0.98
-0.619147	-0.251762	-0.98	-0.98	0.98	-0.98	-0.98
0.763248	-0.501112	-0.98	-0.98	-0.98	0.98	-0.98
-0.706688	0.883598	0.98	-0.98	-0.98	-0.98	-0.98
0.218534	-0.003637	-0.98	-0.98	-0.98	-0.98	0.98
0.288303	0.403551	-0.98	0.98	-0.98	-0.98	-0.98
0.915550	0.721869	-0.98	0.98	-0.98	-0.98	-0.98
-0.190971	-0.154343	-0.98	-0.98	0.98	-0.98	-0.98
0.384105	0.060069	-0.98	-0.98	-0.98	-0.98	0.98
0.841761	0.866872	-0.98	0.98	-0.98	-0.98	-0.98
0.004713	-0.309136	-0.98	-0.98	-0.98	-0.98	0.98
-0.987660	-0.141264	-0.98	-0.98	0.98	-0.98	-0.98
0.019495	-0.165740	-0.98	-0.98	-0.98	-0.98	0.98
0.045294	-0.681841	-0.98	-0.98	-0.98	-0.98	0.98
0.928584	-0.775184	-0.98	-0.98	-0.98	0.98	-0.98
0.733108	-0.261401	-0.98	-0.98	-0.98	0.98	-0.98
-0.814708	0.913217	0.98	-0.98	-0.98	-0.98	-0.98
0.544036	-0.962722	-0.98	-0.98	-0.98	0.98	-0.98
0.589002	0.611206	-0.98	0.98	-0.98	-0.98	-0.98
0.953992	0.118059	-0.98	0.98	-0.98	-0.98	-0.98
-0.392259	0.910226	0.98	-0.98	-0.98	-0.98	-0.98
0.835046	-0.708026	-0.98	-0.98	-0.98	0.98	-0.98
0.042258	-0.861654	-0.98	-0.98	-0.98	-0.98	0.98
0.400336	0.981366	-0.98	0.98	-0.98	-0.98	-0.98
-0.000826	-0.230217	-0.98	-0.98	-0.98	-0.98	0.98
0.910812	0.674939	-0.98	0.98	-0.98	-0.98	-0.98
-0.564160	0.388280	0.98	-0.98	-0.98	-0.98	-0.98
0.036252	-0.868420	-0.98	-0.98	-0.98	-0.98	0.98
-0.375864	-0.340458	-0.98	-0.98	0.98	-0.98	-0.98
0.782442	0.227588	-0.98	0.98	-0.98	-0.98	-0.98
0.907350	-0.437899	-0.98	-0.98	-0.98	0.98	-0.98
-0.767402	-0.228048	-0.98	-0.98	0.98	-0.98	-0.98
0.160423	-0.172752	-0.98	-0.98	-0.98	0.98	-0.98
0.883237	0.347447	-0.98	0.98	-0.98	-0.98	-0.98
-0.729206	-0.187519	-0.98	-0.98	0.98	-0.98	-0.98
-0.442840	-0.109924	-0.98	-0.98	0.98	-0.98	-0.98
0.061853	-0.604339	-0.98	-0.98	-0.98	-0.98	0.98
0.650019	-0.263058	-0.98	-0.98	-0.98	0.98	-0.98
-0.497621	-0.961335	-0.98	-0.98	0.98	-0.98	-0.98
0.391871	0.689961	-0.98	0.98	-0.98	-0.98	-0.98
0.213504	-0.746487	-0.98	-0.98	-0.98	0.98	-0.98
0.271542	0.628464	-0.98	0.98	-0.98	-0.98	-0.98
0.159065	-0.755751	-0.98	-0.98	-0.98	0.98	-0.98
0.804751	0.034144	-0.98	-0.98	-0.98	-0.98	0.98
-0.608772	-0.648314	-0.98	-0.98	0.98	-0.98	-0.98
0.619946	0.104415	-0.98	0.98	-0.98	-0.98	-0.98
0.447591	-0.861458	-0.98	-0.98	-0.98	0.98	-0.98
0.874609	-0.908249	-0.98	-0.98	-0.98	0.98	-0.98
-0.220408	-0.587340	-0.98	-0.98	0.98	-0.98	-0.98
-0.764692	-0.683430	-0.98	-0.98	0.98	-0.98	-0.98
0.799303	-0.554085	-0.98	-0.98	-0.98	0.98	-0.98
-0.045832	-0.273055	-0.98	-0.98	-0.98	-0.98	0.98
-0.073908	-0.549496	-0.98	-0.98	-0.98	-0.98	0.98
0.118149	-0.726775	-0.98	-0.98	-0.98	0.98	-0.98
-0.854102	-0.913199	-0.98	-0.98	0.98	-0.98	-0.98
0.500356	0.782359	-0.98	0.98	-0.98	-0.98	-0.98
-0.798769	-0.311265	-0.98	-0.98	0.98	-0.98	-0.98
-0.181181	-0.714887	-0.98	-0.98	0.98	-0.98	-0.98
0.878046	0.524623	-0.98	0.98	-0.98	-0.98	-0.98
-0.905283	0.347111	0.98	-0.98	-0.98	-0.98	-0.98
0.460616	-0.102495	-0.98	-0.98	-0.98	0.98	-0.98
-0.034811	-0.140254	-0.98	-0.98	-0.98	-0.98	0.98
-0.465040	0.045214	-0.98	-0.98	-0.98	-0.98	0.98
0.354019	0.448569	-0.98	0.98	-0.98	-0.98	-0.98
-0.525942	0.336134	0.98	-0.98	-0.98	-0.98	-0.98
-0.828047	0.852611	0.98	-0.98	-0.98	-0.98	-0.98
0.562292	-0.556244	-0.98	-0.98	-0.98	0.98	-0.98
0.811466	-0.832988	-0.98	-0.98	-0.98	0.98	-0.98
-0.038239	-0.587646	-0.98	-0.98	-0.98	-0.98	0.98
-0.254071	-0.642839	-0.98	-0.98	0.98	-0.98	-0.98
0.544191	0.018408	-0.98	-0.98	-0.98	-0.98	0.98
-0.537093	-0.924343	-0.98	-0.98	0.98	-0.98	-0.98
-0.077526	0.951030	-0.98	-0.98	-0.98	-0.98	0.98
-0.173626	0.200049	0.98	-0.98	-0.98	-0.98	-0.98
0.109231	0.127435	-0.98	0.98	-0.98	-0.98	-0.98
0.279629	0.056775	-0.98	-0.98	-0.98	-0.98	0.98
0.436771	-0.049064	-0.98	-0.98	-0.98	-0.98	0.98
-0.093076	-0.372851	-0.98	-0.98	-0.98	-0.98	0.98
-0.257067	0.784966	0.98	-0.98	-0.98	-0.98	-0.98
0.077454	-0.741043	-0.98	-0.98	-0.98	-0.98	0.98
0.785608	-0.266181	-0.98	-0.98	-0.98	0.98	-0.98
-0.127088	0.494189	0.98	-0.98	-0.98	-0.98	-0.98
0.060934	-0.659485	-0.98	-0.98	-0.98	-0.98	0.98
-0.573145	-0.450309	-0.98	-0.98	0.98	-0.98	-0.98
0.900782	-0.195919	-0.98	-0.98	-0.98	0.98	-0.98
0.391285	-0.657146	-0.98	-0.98	-0.98	0.98	-0.98
-0.443388	0.232549	0.98	-0.98	-0.98	-0.98	-0.98
-0.755382	0.111865	0.98	-0.98	-0.98	-0.98	-0.98
-0.967272	0.459699	0.98	-0.98	-0.98	-0.98	-0.98
0.047944	0.888294	-0.98	-0.98	-0.98	-0.98	0.98
0.238777	0.857562	-0.98	0.98	-0.98	-0.98	-0.98
-0.736855	0.797804	0.98	-0.98	-0.98	-0.98	-0.98
-0.193168	0.794020	0.98	-0.98	-0.98	-0.98	-0.98
-0.278692	0.342960	0.98	-0.98	-0.98	-0.98	-0.98
0.748586	-0.968387	-0.98	-0.98	-0.98	0.98	-0.98
-0.447486	-0.121064	-0.98	-0.98	0.98	-0.98	-0.98
0.516890	-0.674931	-0.98	-0.98	-0.98	0.98	-0.98
-0.290211	0.199783	0.98	-0.98	-0.98	-0.98	-0.98
-0.326576	-0.806003	-0.98	-0.98	0.98	-0.98	-0.98
-0.483400	-0.533696	-0.98	-0.98	0.98	-0.98	-0.98
0.681912	-0.909446	-0.98	-0.98	-0.98	0.98	-0.98
0.640163	-0.289155	-0.98	-0.98	-0.98	0.98	-0.98
0.414889	0.050206	-0.98	-0.98	-0.98	-0.98	0.98
-0.607608	-0.625388	-0.98	-0.98	0.98	-0.98	-0.98
0.100398	0.830210	-0.98	0.98	-0.98	-0.98	-0.98
0.004983	0.542800	-0.98	-0.98	-0.98	-0.98	0.98
-0.974814	-0.939955	-0.98	-0.98	0.98	-0.98	-0.98
-0.544950	-0.113547	-0.98	-0.98	0.98	-0.98	-0.98
0.612933	0.478853	-0.98	0.98	-0.98	-0.98	-0.98
-0.292581	0.442902	0.98	-0.98	-0.98	-0.98	-0.98
0.190283	0.267319	-0.98	0.98	-0.98	-0.98	-0.98
-0.601806	-0.699698	-0.98	-0.98	0.98	-0.98	-0.98
0.365200	-0.996373	-0.98	-0.98	-0.98	0.98	-0.98
-0.457753	-0.172801	-0.98	-0.98	0.98	-0.98	-0.98
0.863061	0.002519	-0.98	-0.98	-0.98	-0.98	0.98
0.356484	-0.574376	-0.98	-0.98	-0.98	0.98	-0.98
-0.491324	-0.328670	-0.98	-0.98	0.98	-0.98	-0.98
0.095730	-0.451109	-0.98	-0.98	-0.98	-0.98	0.98
-0.268665	-0.486374	-0.98	-0.98	0.98	-0.98	-0.98
0.408212	0.600457	-0.98	0.98	-0.98	-0.98	-0.98
0.459014	0.907624	-0.98	0.98	-0.98	-0.98	-0.98
0.962385	-0.299232	-0.98	-0.98	-0.98	0.98	-0.98
-0.629494	-0.995244	-0.98	-0.98	0.98	-0.98	-0.98
-0.152479	-0.670251	-0.98	-0.98	0.98	-0.98	-0.98
0.150011	-0.948678	-0.98	-0.98	-0.98	0.98	-0.98
-0.405243	0.400240	0.98	-0.98	-0.98	-0.98	-0.98
-0.648729	-0.147231	-0.98	-0.98	0.98	-0.98	-0.98
-0.068416	0.718968	-0.98	-0.98	-0.98	-0.98	0.98
0.598916	0.555511	-0.98	0.98	-0.98	-0.98	-0.98
0.280800	0.904668	-0.98	0.98	-0.98	-0.98	-0.98
0.951042	0.503821	-0.98	0.98	-0.98	-0.98	-0.98
0.492416	-0.011784	-0.98	-0.98	-0.98	-0.98	0.98
0.595387	0.559065	-0.98	0.98	-0.98	-0.98	-0.98
-0.806034	-0.286747	-0.98	-0.98	0.98	-0.98	-0.98
0.184094	-0.914534	-0.98	-0.98	-0.98	0.98	-0.98
0.045215	-0.612753	-0.98	-0.98	-0.98	-0.98	0.98
-0.728144	-0.665248	-0.98	-0.98	0.98	-0.98	-0.98
-0.929025	0.227416	0.98	-0.98	-0.98	-0.98	-0.98
0.578476	0.761940	-0.98	0.98	-0.98	-0.98	-0.98
0.229226	0.774220	-0.98	0.98	-0.98	-0.98	-0.98
-0.442879	-0.215350	-0.98	-0.98	0.98	-0.98	-0.98
0.553743	0.873639	-0.98	0.98	-0.98	-0.98	-0.98
-0.257927	-0.265853	-0.98	-0.98	0.98	-0.98	-0.98
-0.743835	-0.694499	-0.98	-0.98	0.98	-0.98	-0.98
-0.603301	-0.018817	-0.98	-0.98	-0.98	-0.98	0.98
0.481217	0.770437	-0.98	0.98	-0.98	-0.98	-0.98
-0.838551	-0.433896	-0.98	-0.98	0.98	-0.98	-0.98
0.232465	0.342415	-0.98	0.98	-0.98	-0.98	-0.98
0.674938	-0.193038	-0.98	-0.98	-0.98	0.98	-0.98
0.342190	-0.014527	-0.98	-0.98	-0.98	-0.98	0.98
0.100842	0.752978	-0.98	0.98	-0.98	-0.98	-0.98
-0.905082	0.300335	0.98	-0.98	-0.98	-0.98	-0.98
0.629151	-0.721940	-0.98	-0.98	-0.98	0.98	-0.98
0.113220	0.050231	-0.98	-0.98	-0.98	-0.98	0.98
0.735281	0.639340	-0.98	0.98	-0.98	-0.98	-0.98
0.500665	0.835691	-0.98	0.98	-0.98	-0.98	-0.98
0.379649	0.651987	-0.98	0.98	-0.98	-0.98	-0.98
0.023453	0.701897	-0.98	-0.98	-0.98	-0.98	0.98
-0.278205	-0.719910	-0.98	-0.98	0.98	-0.98	-0.98
0.176760	0.795971	-0.98	0.98	-0.98	-0.98	-0.98
0.979043	-0.770949	-0.98	-0.98	-0.98	0.98	-0.98
-0.309698	-0.058912	-0.98	-0.98	-0.98	-0.98	0.98
0.817963	-0.402319	-0.98	-0.98	-0.98	0.98	-0.98
0.829358	-0.124281	-0.98	-0.98	-0.98	0.98	-0.98
-0.734596	-0.017936	-0.98	-0.98	-0.98	-0.98	0.98
0.973622	-0.572407	-0.98	-0.98	-0.98	0.98	-0.98
0.521592	0.895381	-0.98	0.98	-0.98	-0.98	-0.98
-0.801441	-0.712935	-0.98	-0.98	0.98	-0.98	-0.98
-0.554957	-0.726151	-0.98	-0.98	0.98	-0.98	-0.98
-0.730611	0.777928	0.98	-0.98	-0.98	-0.98	-0.98
0.634190	0.325357	-0.98	0.98	-0.98	-0.98	-0.98
0.253168	-0.302076	-0.98	-0.98	-0.98	0.98	-0.98
0.262856	0.917954	-0.98	0.98	-0.98	-0.98	-0.98
-0.791369	-0.353802	-0.98	-0.98	0.98	-0.98	-0.98
-0.796730	-0.735886	-0.98	-0.98	0.98	-0.98	-0.98
0.581852	0.756719	-0.98	0.98	-0.98	-0.98	-0.98
0.917226	0.613467	-0.98	0.98	-0.98	-0.98	-0.98
-0.213841	-0.690428	-0.98	-0.98	0.98	-0.98	-0.98
-0.042008	0.726007	-0.98	-0.98	-0.98	-0.98	0.98
0.236099	0.404569	-0.98	0.98	-0.98	-0.98	-0.98
-0.977837	0.787094	0.98	-0.98	-0.98	-0.98	-0.98
0.528236	0.130366	-0.98	0.98	-0.98	-0.98	-0.98
0.973555	0.910616	-0.98	0.98	-0.98	-0.98	-0.98
0.826748	-0.969408	-0.98	-0.98	-0.98	0.98	-0.98
0.656783	-0.945347	-0.98	-0.98	-0.98	0.98	-0.98
0.467860	0.687095	-0.98	0.98	-0.98	-0.98	-0.98
-0.472968	0.815761	0.98	-0.98	-0.98	-0.98	-0.98
-0.733816	0.495782	0.98	-0.98	-0.98	-0.98	-0.98
0.654935	-0.024731	-0.98	-0.98	-0.98	-0.98	0.98
0.802727	0.145859	-0.98	0.98	-0.98	-0.98	-0.98
0.013026	0.086980	-0.98	-0.98	-0.98	-0.98	0.98
0.219878	0.545108	-0.98	0.98	-0.98	-0.98	-0.98
-0.986008	0.764657	0.98	-0.98	-0.98	-0.98	-0.98
0.908089	-0.721002	-0.98	-0.98	-0.98	0.98	-0.98
0.071728	0.315866	-0.98	-0.98	-0.98	-0.98	0.98
0.473577	0.855368	-0.98	0.98	-0.98	-0.98	-0.98
-0.456353	-0.987133	-0.98	-0.98	0.98	-0.98	-0.98
-0.505135	0.706003	0.98	-0.98	-0.98	-0.98	-0.98
-0.517332	0.358641	0.98	-0.98	-0.98	-0.98	-0.98
-0.582183	0.083514	-0.98	-0.98	-0.98	-0.98	0.98
-0.072863	-0.006594	-0.98	-0.98	-0.98	-0.98	0.98
-0.899631	-0.706457	-0.98	-0.98	0.98	-0.98	-0.98
-0.197922	0.241203	0.98	-0.98	-0.98	-0.98	-0.98
0.279007	-0.325870	-0.98	-0.98	-0.98	0.98	-0.98
0.574511	-0.223869	-0.98	-0.98	-0.98	0.98	-0.98
-0.736670	0.354507	0.98	-0.98	-0.98	-0.98	-0.98
0.842301	-0.283659	-0.98	-0.98	-0.98	0.98	-0.98
0.355017	-0.531020	-0.98	-0.98	-0.98	0.98	-0.98
-0.950184	-0.762326	-0.98	-0.98	0.98	-0.98	-0.98
0.639860	-0.047536	-0.98	-0.98	-0.98	-0.98	0.98
-0.772642	-0.716217	-0.98	-0.98	0.98	-0.98	-0.98
-0.141434	-0.885692	-0.98	-0.98	0.98	-0.98	-0.98
-0.361258	0.330892	0.98	-0.98	-0.98	-0.98	-0.98
0.835060	0.774914	-0.98	0.98	-0.98	-0.98	-0.98
-0.447574	0.459871	0.98	-0.98	-0.98	-0.98	-0.98
-0.453814	0.758067	0.98	-0.98	-0.98	-0.98	-0.98
0.187922	0.680115	-0.98	0.98	-0.98	-0.98	-0.98
0.332773	0.918283	-0.98	0.98	-0.98	-0.98	-0.98
-0.090161	0.260684	-0.98	-0.98	-0.98	-0.98	0.98
0.225790	0.362996	-0.98	0.98	-0.98	-0.98	-0.98
0.542796	0.214528	-0.98	0.98	-0.98	-0.98	-0.98
-0.232478	0.826045	0.98	-0.98	-0.98	-0.98	-0.98
-0.903547	0.369451	0.98	-0.98	-0.98	-0.98	-0.98
0.765557	-0.927208	-0.98	-0.98	-0.98	0.98	-0.98
-0.554975	0.932300	0.98	-0.98	-0.98	-0.98	-0.98
-0.051870	-0.425641	-0.98	-0.98	-0.98	-0.98	0.98
-0.967334	0.248486	0.98	-0.98	-0.98	-0.98	-0.98
0.486475	-0.473055	-0.98	-0.98	-0.98	0.98	-0.98
0.153717	-0.257320	-0.98	-0.98	-0.98	0.98	-0.98
0.584545	0.988174	-0.98	0.98	-0.98	-0.98	-0.98
-0.704020	-0.609783	-0.98	-0.98	0.98	-0.98	-0.98
-0.188547	0.994126	0.98	-0.98	-0.98	-0.98	-0.98
0.419714	0.774760	-0.98	0.98	-0.98	-0.98	-0.98
-0.434251	-0.025474	-0.98	-0.98	-0.98	-0.98	0.98
-0.278056	-0.457217	-0.98	-0.98	0.98	-0.98	-0.98
-0.222081	0.024095	-0.98	-0.98	-0.98	-0.98	0.98
0.951128	0.137370	-0.98	0.98	-0.98	-0.98	-0.98
0.703468	0.867607	-0.98	0.98	-0.98	-0.98	-0.98
0.977255	-0.231158	-0.98	-0.98	-0.98	0.98	-0.98
-0.906871	0.018741	-0.98	-0.98	-0.98	-0.98	0.98
-0.660837	-0.491611	-0.98	-0.98	0.98	-0.98	-0.98
0.369570	0.034644	-0.98	-0.98	-0.98	-0.98	0.98
0.716102	0.001670	-0.98	-0.98	-0.98	-0.98	0.98
0.435550	-0.342551	-0.98	-0.98	-0.98	0.98	-0.98
0.968351	0.039851	-0.98	-0.98	-0.98	-0.98	0.98
-0.261250	-0.826022	-0.98	-0.98	0.98	-0.98	-0.98
0.825056	-0.525241	-0.98	-0.98	-0.98	0.98	-0.98
-0.004822	-0.619851	-0.98	-0.98	-0.98	-0.98	0.98
0.359978	0.882739	-0.98	0.98	-0.98	-0.98	-0.98
-0.868070	0.726300	0.98	-0.98	-0.98	-0.98	-0.98
0.263123	-0.122045	-0.98	-0.98	-0.98	0.98	-0.98
-0.093874	-0.662774	-0.98	-0.98	-0.98	-0.98	0.98
0.766782	-0.614306	-0.98	-0.98	-0.98	0.98	-0.98
0.752257	0.085414	-0.98	-0.98	-0.98	-0.98	0.98
-0.133107	0.099565	-0.98	-0.98	-0.98	-0.98	0.98
0.508377	0.179187	-0.98	0.98	-0.98	-0.98	-0.98
-0.659516	0.118701	0.98	-0.98	-0.98	-0.98	-0.98
0.814508	-0.885945	-0.98	-0.98	-0.98	0.98	-0.98
0.833158	-0.360680	-0.98	-0.98	-0.98	0.98	-0.98
-0.013851	0.127220	-0.98	-0.98	-0.98	-0.98	0.98
-0.215707	-0.175261	-0.98	-0.98	0.98	-0.98	-0.98
-0.400580	0.128948	0.98	-0.98	-0.98	-0.98	-0.98
0.273876	-0.795559	-0.98	-0.98	-0.98	0.98	-0.98
-0.398357	-0.225857	-0.98	-0.98	0.98	-0.98	-0.98
-0.788254	0.412398	0.98	-0.98	-0.98	-0.98	-0.98
0.946894	0.999139	-0.98	0.98	-0.98	-0.98	-0.98
-0.083294	-0.424032	-0.98	-0.98	-0.98	-0.98	0.98
-0.799479	0.383707	0.98	-0.98	-0.98	-0.98	-0.98
-0.296122	-0.876541	-0.98	-0.98	0.98	-0.98	-0.98
0.206078	-0.111518	-0.98	-0.98	-0.98	0.98	-0.98
0.730852	0.816747	-0.98	0.98	-0.98	-0.98	-0.98
0.216425	-0.957658	-0.98	-0.98	-0.98	0.98	-0.98
-0.109744	0.316154	0.98	-0.98	-0.98	-0.98	-0.98
-0.116361	-0.037688	-0.98	-0.98	-0.98	-0.98	0.98
-0.585597	-0.926909	-0.98	-0.98	0.98	-0.98	-0.98
-0.607922	0.968950	0.98	-0.98	-0.98	-0.98	-0.98
-0.634088	-0.242078	-0.98	-0.98	0.98	-0.98	-0.98
-0.545715	-0.347578	-0.98	-0.98	0.98	-0.98	-0.98
-0.950653	0.299679	0.98	-0.98	-0.98	-0.98	-0.98
-0.558886	0.394235	0.98	-0.98	-0.98	-0.98	-0.98
0.692485	-0.534602	-0.98	-0.98	-0.98	0.98	-0.98
-0.481618	-0.661845	-0.98	-0.98	0.98	-0.98	-0.98
-0.135663	0.449315	0.98	-0.98	-0.98	-0.98	-0.98
0.447452	-0.909639	-0.98	-0.98	-0.98	0.98	-0.98
0.826459	-0.424607	-0.98	-0.98	-0.98	0.98	-0.98
0.950632	-0.770452	-0.98	-0.98	-0.98	0.98	-0.98
-0.931397	0.715165	0.98	-0.98	-0.98	-0.98	-0.98
-0.923531	-0.916262	-0.98	-0.98	0.98	-0.98	-0.98
-0.427609	0.378966	0.98	-0.98	-0.98	-0.98	-0.98
-0.391948	-0.262002	-0.98	-0.98	0.98	-0.98	-0.98
0.201197	0.047165	-0.98	-0.98	-0.98	-0.98	0.98
-0.650038	-0.677784	-0.98	-0.98	0.98	-0.98	-0.98
-0.525650	-0.427023	-0.98	-0.98	0.98	-0.98	-0.98
0.491301	-0.752573	-0.98	-0.98	-0.98	0.98	-0.98
-0.970995	0.979516	0.98	-0.98	-0.98	-0.98	-0.98
-0.133836	0.974612	0.98	-0.98	-0.98	-0.98	-0.98
-0.174242	0.407413	0.98	-0.98	-0.98	-0.98	-0.98
-0.812473	-0.494929	-0.98	-0.98	0.98	-0.98	-0.98
0.661428	0.155257	-0.98	0.98	-0.98	-0.98	-0.98
-0.536631	0.407818	0.98	-0.98	-0.98	-0.98	-0.98
-0.119230	-0.981322	-0.98	-0.98	0.98	-0.98	-0.98
-0.370331	0.921615	0.98	-0.98	-0.98	-0.98	-0.98
0.156240	-0.139478	-0.98	-0.98	-0.98	0.98	-0.98
0.346793	-0.510964	-0.98	-0.98	-0.98	0.98	-0.98
0.182587	-0.363925	-0.98	-0.98	-0.98	0.98	-0.98
0.676647	-0.179709	-0.98	-0.98	-0.98	0.98	-0.98
-0.661306	-0.138117	-0.98	-0.98	0.98	-0.98	-0.98
0.302259	0.001332	-0.98	-0.98	-0.98	-0.98	0.98
-0.351866	-0.493556	-0.98	-0.98	0.98	-0.98	-0.98
0.655917	0.470115	-0.98	0.98	-0.98	-0.98	-0.98
-0.734343	0.199658	0.98	-0.98	-0.98	-0.98	-0.98
-0.183487	0.765192	0.98	-0.98	-0.98	-0.98	-0.98
-0.998662	0.206583	0.98	-0.98	-0.98	-0.98	-0.98
0.458703	-0.586169	-0.98	-0.98	-0.98	0.98	-0.98
-0.741835	-0.231884	-0.98	-0.98	0.98	-0.98	-0.98
-0.589753	0.409414	0.98	-0.98	-0.98	-0.98	-0.98
-0.056176	0.645605	-0.98	-0.98	-0.98	-0.98	0.98
-0.603682	-0.945305	-0.98	-0.98	0.98	-0.98	-0.98
0.231654	-0.718373	-0.98	-0.98	-0.98	0.98	-0.98
0.999969	-0.701539	-0.98	-0.98	-0.98	0.98	-0.98
0.106221	-0.485422	-0.98	-0.98	-0.98	0.98	-0.98
0.251993	-0.348494	-0.98	-0.98	-0.98	0.98	-0.98
-0.314656	-0.007894	-0.98	-0.98	-0.98	-0.98	0.98
-0.167348	0.584621	0.98	-0.98	-0.98	-0.98	-0.98
0.929728	-0.345191	-0.98	-0.98	-0.98	0.98	-0.98
0.882005	-0.448251	-0.98	-0.98	-0.98	0.98	-0.98
0.300028	0.017400	-0.98	-0.98	-0.98	-0.98	0.98
0.477855	-0.939893	-0.98	-0.98	-0.98	0.98	-0.98
0.691784	0.402372	-0.98	0.98	-0.98	-0.98	-0.98
-0.204024	0.431612	0.98	-0.98	-0.98	-0.98	-0.98
0.987087	-0.898266	-0.98	-0.98	-0.98	0.98	-0.98
-0.783597	-0.532096	-0.98	-0.98	0.98	-0.98	-0.98
0.528414	0.825855	-0.98	0.98	-0.98	-0.98	-0.98
-0.733480	0.174789	0.98	-0.98	-0.98	-0.98	-0.98
-0.263159	-0.229419	-0.98	-0.98	0.98	-0.98	-0.98
-0.133684	-0.420625	-0.98	-0.98	0.98	-0.98	-0.98
0.803725	0.434029	-0.98	0.98	-0.98	-0.98	-0.98
-0.381163	0.649089	0.98	-0.98	-0.98	-0.98	-0.98
0.231158	-0.093425	-0.98	-0.98	-0.98	-0.98	0.98
0.985407	-0.204838	-0.98	-0.98	-0.98	0.98	-0.98
-0.929650	0.452647	0.98	-0.98	-0.98	-0.98	-0.98
-0.332306	-0.873229	-0.98	-0.98	0.98	-0.98	-0.98
-0.961814	-0.840649	-0.98	-0.98	0.98	-0.98	-0.98
-0.425528	-0.872967	-0.98	-0.98	0.98	-0.98	-0.98
0.727298	-0.580772	-0.98	-0.98	-0.98	0.98	-0.98
0.565514	0.079001	-0.98	-0.98	-0.98	-0.98	0.98
-0.865543	0.816484	0.98	-0.98	-0.98	-0.98	-0.98
-0.562351	-0.366558	-0.98	-0.98	0.98	-0.98	-0.98
0.321839	0.100643	-0.98	0.98	-0.98	-0.98	-0.98
0.315454	-0.947151	-0.98	-0.98	-0.98	0.98	-0.98
0.849746	-0.694909	-0.98	-0.98	-0.98	0.98	-0.98
-0.713120	-0.536399	-0.98	-0.98	0.98	-0.98	-0.98
-0.520043	0.987019	0.98	-0.98	-0.98	-0.98	-0.98
-0.181768	0.819354	0.98	-0.98	-0.98	-0.98	-0.98
0.422368	0.258012	-0.98	0.98	-0.98	-0.98	-0.98
0.202745	-0.490023	-0.98	-0.98	-0.98	0.98	-0.98
-0.717633	0.072853	-0.98	-0.98	-0.98	-0.98	0.98
0.043082	0.141155	-0.98	-0.98	-0.98	-0.98	0.98
-0.232872	-0.531300	-0.98	-0.98	0.98	-0.98	-0.98
0.248721	-0.296593	-0.98	-0.98	-0.98	0.98	-0.98
0.874897	-0.945481	-0.98	-0.98	-0.98	0.98	-0.98
0.208307	-0.003636	-0.98	-0.98	-0.98	-0.98	0.98
-0.458791	0.293767	0.98	-0.98	-0.98	-0.98	-0.98
-0.109247	-0.238376	-0.98	-0.98	0.98	-0.98	-0.98
-0.766487	0.441696	0.98	-0.98	-0.98	-0.98	-0.98
0.893891	0.472245	-0.98	0.98	-0.98	-0.98	-0.98
-0.230860	-0.459954	-0.98	-0.98	0.98	-0.98	-0.98
0.086679	0.844333	-0.98	-0.98	-0.98	-0.98	0.98
-0.532253	-0.675901	-0.98	-0.98	0.98	-0.98	-0.98
0.413595	-0.422620	-0.98	-0.98	-0.98	0.98	-0.98
-0.526442	-0.295784	-0.98	-0.98	0.98	-0.98	-0.98
0.051635	-0.344716	-0.98	-0.98	-0.98	-0.98	0.98
-0.708850	0.844938	0.98	-0.98	-0.98	-0.98	-0.98
-0.616370	0.774610	0.98	-0.98	-0.98	-0.98	-0.98
-0.221491	-0.391119	-0.98	-0.98	0.98	-0.98	-0.98
-0.729772	0.760435	0.98	-0.98	-0.98	-0.98	-0.98
0.217484	-0.016134	-0.98	-0.98	-0.98	-0.98	0.98
-0.747037	-0.241055	-0.98	-0.98	0.98	-0.98	-0.98
-0.981504	-0.046524	-0.98	-0.98	-0.98	-0.98	0.98
-0.550443	-0.704039	-0.98	-0.98	0.98	-0.98	-0.98
0.141417	0.296478	-0.98	0.98	-0.98	-0.98	-0.98
-0.183617	-0.100123	-0.98	-0.98	0.98	-0.98	-0.98
0.569418	-0.166342	-0.98	-0.98	-0.98	0.98	-0.98
-0.470105	-0.334807	-0.98	-0.98	0.98	-0.98	-0.98
-0.265013	-0.779806	-0.98	-0.98	0.98	-0.98	-0.98
-0.716614	-0.265466	-0.98	-0.98	0.98	-0.98	-0.98
0.368707	-0.194843	-0.98	-0.98	-0.98	0.98	-0.98
-0.880698	-0.077264	-0.98	-0.98	-0.98	-0.98	0.98
-0.644492	0.525365	0.98	-0.98	-0.98	-0.98	-0.98
-0.616435	-0.417101	-0.98	-0.98	0.98	-0.98	-0.98
-0.917857	0.684308	0.98	-0.98	-0.98	-0.98	-0.98
0.889169	-0.819919	-0.98	-0.98	-0.98	0.98	-0.98
-0.256646	-0.048558	-0.98	-0.98	-0.98	-0.98	0.98
0.768021	0.765273	-0.98	0.98	-0.98	-0.98	-0.98
0.784870	0.125256	-0.98	0.98	-0.98	-0.98	-0.98
-0.981807	-0.033311	-0.98	-0.98	-0.98	-0.98	0.98
0.540043	0.448142	-0.98	0.98	-0.98	-0.98	-0.98
-0.692771	-0.765158	-0.98	-0.98	0.98	-0.98	-0.98
-0.719956	0.773206	0.98	-0.98	-0.98	-0.98	-0.98
-0.867440	-0.975848	-0.98	-0.98	0.98	-0.98	-0.98
-0.344720	0.639451	0.98	-0.98	-0.98	-0.98	-0.98
-0.523374	0.390606	0.98	-0.98	-0.98	-0.98	-0.98
0.628643	-0.639271	-0.98	-0.98	-0.98	0.98	-0.98
-0.017490	-0.703752	-0.98	-0.98	-0.98	-0.98	0.98
-0.570629	0.817667	0.98	-0.98	-0.98	-0.98	-0.98
-0.680270	0.456015	0.98	-0.98	-0.98	-0.98	-0.98
0.763024	-0.064858	-0.98	-0.98	-0.98	-0.98	0.98
-0.296280	-0.811312	-0.98	-0.98	0.98	-0.98	-0.98
-0.574866	0.467327	0.98	-0.98	-0.98	-0.98	-0.98
0.052355	-0.544142	-0.98	-0.98	-0.98	-0.98	0.98
-0.196922	0.704458	0.98	-0.98	-0.98	-0.98	-0.98
-0.241325	-0.482385	-0.98	-0.98	0.98	-0.98	-0.98
0.361448	0.479741	-0.98	0.98	-0.98	-0.98	-0.98
-0.973717	0.475392	0.98	-0.98	-0.98	-0.98	-0.98
-0.376309	0.418981	0.98	-0.98	-0.98	-0.98	-0.98
-0.870108	0.918475	0.98	-0.98	-0.98	-0.98	-0.98
0.473561	0.452482	-0.98	0.98	-0.98	-0.98	-0.98
0.581734	-0.871278	-0.98	-0.98	-0.98	0.98	-0.98
-0.695149	0.527561	0.98	-0.98	-0.98	-0.98	-0.98
0.668815	0.144952	-0.98	0.98	-0.98	-0.98	-0.98
-0.239479	-0.313646	-0.98	-0.98	0.98	-0.98	-0.98
-0.069693	-0.793548	-0.98	-0.98	-0.98	-0.98	0.98
0.898620	0.879083	-0.98	0.98	-0.98	-0.98	-0.98
0.538450	-0.460177	-0.98	-0.98	-0.98	0.98	-0.98
-0.422594	0.171599	0.98	-0.98	-0.98	-0.98	-0.98
0.934989	0.305644	-0.98	0.98	-0.98	-0.98	-0.98
-0.674811	-0.538614	-0.98	-0.98	0.98	-0.98	-0.98
-0.480259	0.080983	-0.98	-0.98	-0.98	-0.98	0.98
0.879555	-0.776479	-0.98	-0.98	-0.98	0.98	-0.98
0.782231	-0.436180	-0.98	-0.98	-0.98	0.98	-0.98
0.157684	-0.763030	-0.98	-0.98	-0.98	0.98	-0.98
-0.548892	-0.477406	-0.98	-0.98	0.98	-0.98	-0.98
0.065823	0.435072	-0.98	-0.98	-0.98	-0.98	0.98
-0.743459	-0.785958	-0.98	-0.98	0.98	-0.98	-0.98
-0.210064	-0.955489	-0.98	-0.98	0.98	-0.98	-0.98
0.884582	0.347763	-0.98	0.98	-0.98	-0.98	-0.98
0.779436	0.442973	-0.98	0.98	-0.98	-0.98	-0.98
0.348871	-0.211117	-0.98	-0.98	-0.98	0.98	-0.98
0.167985	-0.911640	-0.98	-0.98	-0.98	0.98	-0.98
0.238680	0.183840	-0.98	0.98	-0.98	-0.98	-0.98
-0.609514	0.992852	0.98	-0.98	-0.98	-0.98	-0.98
0.143645	0.904724	-0.98	0.98	-0.98	-0.98	-0.98
0.684005	0.567754	-0.98	0.98	-0.98	-0.98	-0.98
0.076011	-0.806150	-0.98	-0.98	-0.98	-0.98	0.98
-0.302429	0.105114	0.98	-0.98	-0.98	-0.98	-0.98
0.349962	-0.944843	-0.98	-0.98	-0.98	0.98	-0.98
0.349302	-0.484384	-0.98	-0.98	-0.98	0.98	-0.98
0.042022	0.187376	-0.98	-0.98	-0.98	-0.98	0.98
-0.784716	-0.229855	-0.98	-0.98	0.98	-0.98	-0.98
-0.103780	-0.016899	-0.98	-0.98	-0.98	-0.98	0.98
-0.739504	0.026839	-0.98	-0.98	-0.98	-0.98	0.98
0.208744	-0.020544	-0.98	-0.98	-0.98	-0.98	0.98
-0.020168	0.105844	-0.98	-0.98	-0.98	-0.98	0.98
0.756749	0.153925	-0.98	0.98	-0.98	-0.98	-0.98
-0.204757	-0.441999	-0.98	-0.98	0.98	-0.98	-0.98
-0.275836	-0.694693	-0.98	-0.98	0.98	-0.98	-0.98
0.574515	-0.869792	-0.98	-0.98	-0.98	0.98	-0.98
-0.631464	-0.230073	-0.98	-0.98	0.98	-0.98	-0.98
0.047241	0.241242	-0.98	-0.98	-0.98	-0.98	0.98
-0.370366	-0.415772	-0.98	-0.98	0.98	-0.98	-0.98
-0.316320	0.956010	0.98	-0.98	-0.98	-0.98	-0.98
0.921166	0.809602	-0.98	0.98	-0.98	-0.98	-0.98
0.453094	0.816485	-0.98	0.98	-0.98	-0.98	-0.98
0.282874	-0.061103	-0.98	-0.98	-0.98	-0.98	0.98
0.626763	0.987737	-0.98	0.98	-0.98	-0.98	-0.98
0.389825	0.206228	-0.98	0.98	-0.98	-0.98	-0.98
0.223467	-0.501003	-0.98	-0.98	-0.98	0.98	-0.98
-0.616844	-0.763748	-0.98	-0.98	0.98	-0.98	-0.98
-0.963502	-0.137770	-0.98	-0.98	0.98	-0.98	-0.98
-0.969344	-0.950066	-0.98	-0.98	0.98	-0.98	-0.98
-0.429550	0.021872	-0.98	-0.98	-0.98	-0.98	0.98
0.076775	-0.689084	-0.98	-0.98	-0.98	-0.98	0.98
0.282312	0.645530	-0.98	0.98	-0.98	-0.98	-0.98
-0.455672	-0.715319	-0.98	-0.98	0.98	-0.98	-0.98
-0.094891	-0.077022	-0.98	-0.98	-0.98	-0.98	0.98
-0.435710	0.613529	0.98	-0.98	-0.98	-0.98	-0.98
0.972450	-0.523955	-0.98	-0.98	-0.98	0.98	-0.98
-0.919131	-0.801644	-0.98	-0.98	0.98	-0.98	-0.98
0.638864	0.151834	-0.98	0.98	-0.98	-0.98	-0.98
0.277847	0.565936	-0.98	0.98	-0.98	-0.98	-0.98
-0.069634	0.476038	-0.98	-0.98	-0.98	-0.98	0.98
0.351845	0.275684	-0.98	0.98	-0.98	-0.98	-0.98
-0.283811	-0.503146	-0.98	-0.98	0.98	-0.98	-0.98
-0.876627	-0.632786	-0.98	-0.98	0.98	-0.98	-0.98
-0.744676	0.562024	0.98	-0.98	-0.98	-0.98	-0.98
0.496623	-0.845486	-0.98	-0.98	-0.98	0.98	-0.98
0.550925	-0.305654	-0.98	-0.98	-0.98	0.98	-0.98
0.261289	-0.519315	-0.98	-0.98	-0.98	0.98	-0.98
-0.434531	-0.181130	-0.98	-0.98	0.98	-0.98	-0.98
0.675162	-0.087268	-0.98	-0.98	-0.98	-0.98	0.98
0.784084	-0.455724	-0.98	-0.98	-0.98	0.98	-0.98
0.587099	-0.586057	-0.98	-0.98	-0.98	0.98	-0.98
-0.707890	0.468145	0.98	-0.98	-0.98	-0.98	-0.98
0.398784	-0.964711	-0.98	-0.98	-0.98	0.98	-0.98
0.529487	-0.929534	-0.98	-0.98	-0.98	0.98	-0.98
0.470681	-0.701558	-0.98	-0.98	-0.98	0.98	-0.98
-0.079987	-0.438144	-0.98	-0.98	-0.98	-0.98	0.98
-0.065288	0.388896	-0.98	-0.98	-0.98	-0.98	0.98
0.973170	0.805278	-0.98	0.98	-0.98	-0.98	-0.98
0.239044	-0.953040	-0.98	-0.98	-0.98	0.98	-0.98
0.645491	0.777568	-0.98	0.98	-0.98	-0.98	-0.98
-0.385740	-0.034112	-0.98	-0.98	-0.98	-0.98	0.98
-0.970762	0.841179	0.98	-0.98	-0.98	-0.98	-0.98
0.519550	0.652931	-0.98	0.98	-0.98	-0.98	-0.98
-0.198012	0.697984	0.98	-0.98	-0.98	-0.98	-0.98
-0.738589	0.470026	0.98	-0.98	-0.98	-0.98	-0.98
-0.259230	0.692757	0.98	-0.98	-0.98	-0.98	-0.98
0.769737	-0.087192	-0.98	-0.98	-0.98	-0.98	0.98
-0.862887	0.503187	0.98	-0.98	-0.98	-0.98	-0.98
0.500171	-0.749167	-0.98	-0.98	-0.98	0.98	-0.98
0.046617	-0.154623	-0.98	-0.98	-0.98	-0.98	0.98
-0.484401	0.477151	0.98	-0.98	-0.98	-0.98	-0.98
-0.347293	-0.092163	-0.98	-0.98	-0.98	-0.98	0.98
0.301985	-0.814463	-0.98	-0.98	-0.98	0.98	-0.98
-0.380766	-0.384770	-0.98	-0.98	0.98	-0.98	-0.98
-0.502551	-0.088118	-0.98	-0.98	-0.98	-0.98	0.98
-0.250228	-0.677969	-0.98	-0.98	0.98	-0.98	-0.98
0.055369	0.694325	-0.98	-0.98	-0.98	-0.98	0.98
0.611657	-0.294163	-0.98	-0.98	-0.98	0.98	-0.98
0.912052	-0.428170	-0.98	-0.98	-0.98	0.98	-0.98
0.102619	-0.631982	-0.98	-0.98	-0.98	0.98	-0.98
0.375321	-0.316298	-0.98	-0.98	-0.98	0.98	-0.98
0.681533	-0.587532	-0.98	-0.98	-0.98	0.98	-0.98
0.367098	0.950704	-0.98	0.98	-0.98	-0.98	-0.98
0.561556	0.431075	-0.98	0.98	-0.98	-0.98	-0.98
0.685299	-0.780239	-0.98	-0.98	-0.98	0.98	-0.98
0.786551	-0.066742	-0.98	-0.98	-0.98	-0.98	0.98
0.806618	-0.311532	-0.98	-0.98	-0.98	0.98	-0.98
0.179008	0.326652	-0.98	0.98	-0.98	-0.98	-0.98
-0.313099	-0.667827	-0.98	-0.98	0.98	-0.98	-0.98
-0.412452	-0.882252	-0.98	-0.98	0.98	-0.98	-0.98
0.165418	0.696135	-0.98	0.98	-0.98	-0.98	-0.98
-0.610967	-0.577864	-0.98	-0.98	0.98	-0.98	-0.98
-0.650014	-0.345089	-0.98	-0.98	0.98	-0.98	-0.98
-0.400537	0.284366	0.98	-0.98	-0.98	-0.98	-0.98
0.510351	0.045610	-0.98	-0.98	-0.98	-0.98	0.98
0.602630	-0.697469	-0.98	-0.98	-0.98	0.98	-0.98
-0.734520	-0.126649	-0.98	-0.98	0.98	-0.98	-0.98
0.316846	0.599108	-0.98	0.98	-0.98	-0.98	-0.98
0.626677	-0.309573	-0.98	-0.98	-0.98	0.98	-0.98
0.418901	-0.406425	-0.98	-0.98	-0.98	0.98	-0.98
-0.198727	-0.844243	-0.98	-0.98	0.98	-0.98	-0.98
-0.766183	-0.065470	-0.98	-0.98	-0.98	-0.98	0.98
0.115774	0.990628	-0.98	0.98	-0.98	-0.98	-0.98
-0.076557	0.470460	-0.98	-0.98	-0.98	-0.98	0.98
-0.747238	-0.823329	-0.98	-0.98	0.98	-0.98	-0.98
-0.782205	0.159249	0.98	-0.98	-0.98	-0.98	-0.98
-0.628506	-0.968623	-0.98	-0.98	0.98	-0.98	-0.98
-0.022200	0.491644	-0.98	-0.98	-0.98	-0.98	0.98
0.819870	0.340290	-0.98	0.98	-0.98	-0.98	-0.98
-0.413667	-0.640622	-0.98	-0.98	0.98	-0.98	-0.98
0.346009	0.073430	-0.98	-0.98	-0.98	-0.98	0.98
0.309234	-0.141109	-0.98	-0.98	-0.98	0.98	-0.98
0.367707	0.459406	-0.98	0.98	-0.98	-0.98	-0.98
0.907528	0.739736	-0.98	0.98	-0.98	-0.98	-0.98
-0.615109	-0.018358	-0.98	-0.98	-0.98	-0.98	0.98
-0.867280	0.613113	0.98	-0.98	-0.98	-0.98	-0.98
-0.823139	-0.683763	-0.98	-0.98	0.98	-0.98	-0.98
0.599011	0.695184	-0.98	0.98	-0.98	-0.98	-0.98
0.220123	-0.334208	-0.98	-0.98	-0.98	0.98	-0.98
-0.384910	-0.362022	-0.98	-0.98	0.98	-0.98	-0.98
0.721905	-0.769716	-0.98	-0.98	-0.98	0.98	-0.98
-0.512851	-0.912401	-0.98	-0.98	0.98	-0.98	-0.98
-0.079124	0.821089	-0.98	-0.98	-0.98	-0.98	0.98
-0.774204	-0.607532	-0.98	-0.98	0.98	-0.98	-0.98
-0.319878	0.711650	0.98	-0.98	-0.98	-0.98	-0.98
-0.217864	-0.907818	-0.98	-0.98	0.98	-0.98	-0.98
0.341269	-0.647281	-0.98	-0.98	-0.98	0.98	-0.98
-0.849505	-0.552307	-0.98	-0.98	0.98	-0.98	-0.98
-0.848676	-0.408447	-0.98	-0.98	0.98	-0.98	-0.98
-0.258272	-0.847649	-0.98	-0.98	0.98	-0.98	-0.98
0.695119	0.388582	-0.98	0.98	-0.98	-0.98	-0.98
0.990777	0.986591	-0.98	0.98	-0.98	-0.98	-0.98
0.839044	0.794515	-0.98	0.98	-0.98	-0.98	-0.98
-0.804043	-0.794089	-0.98	-0.98	0.98	-0.98	-0.98
0.571733	0.961800	-0.98	0.98	-0.98	-0.98	-0.98
0.747019	-0.059872	-0.98	-0.98	-0.98	-0.98	0.98
0.079622	-0.804144	-0.98	-0.98	-0.98	-0.98	0.98
-0.792660	0.997708	0.98	-0.98	-0.98	-0.98	-0.98
-0.010212	-0.216512	-0.98	-0.98	-0.98	-0.98	0.98
-0.718312	-0.957935	-0.98	-0.98	0.98	-0.98	-0.98
-0.490535	0.083602	-0.98	-0.98	-0.98	-0.98	0.98
0.841217	-0.156665	-0.98	-0.98	-0.98	0.98	-0.98
0.087650	-0.703822	-0.98	-0.98	-0.98	-0.98	0.98
0.430489	-0.316827	-0.98	-0.98	-0.98	0.98	-0.98
0.502683	0.780762	-0.98	0.98	-0.98	-0.98	-0.98
0.698188	-0.490481	-0.98	-0.98	-0.98	0.98	-0.98
-0.315193	-0.016926	-0.98	-0.98	-0.98	-0.98	0.98
0.460339	0.347164	-0.98	0.98	-0.98	-0.98	-0.98
-0.500907	0.081616	-0.98	-0.98	-0.98	-0.98	0.98
0.250437	0.808436	-0.98	0.98	-0.98	-0.98	-0.98
0.367714	-0.825188	-0.98	-0.98	-0.98	0.98	-0.98
0.827158	0.288870	-0.98	0.98	-0.98	-0.98	-0.98
0.433263	0.251142	-0.98	0.98	-0.98	-0.98	-0.98
-0.652568	0.816240	0.98	-0.98	-0.98	-0.98	-0.98
0.298237	-0.470503	-0.98	-0.98	-0.98	0.98	-0.98
0.754091	-0.207903	-0.98	-0.98	-0.98	0.98	-0.98
-0.321315	-0.602392	-0.98	-0.98	0.98	-0.98	-0.98
-0.707407	0.552887	0.98	-0.98	-0.98	-0.98	-0.98
-0.443910	0.579712	0.98	-0.98	-0.98	-0.98	-0.98
-0.119723	-0.818537	-0.98	-0.98	0.98	-0.98	-0.98
0.888194	-0.375590	-0.98	-0.98	-0.98	0.98	-0.98
-0.270798	-0.877809	-0.98	-0.98	0.98	-0.98	-0.98
0.315426	-0.129107	-0.98	-0.98	-0.98	0.98	-0.98
0.624523	-0.726293	-0.98	-0.98	-0.98	0.98	-0.98
-0.149133	-0.972265	-0.98	-0.98	0.98	-0.98	-0.98
0.565943	-0.124240	-0.98	-0.98	-0.98	0.98	-0.98
-0.491490	0.898009	0.98	-0.98	-0.98	-0.98	-0.98
-0.025663	-0.240798	-0.98	-0.98	-0.98	-0.98	0.98
-0.435325	-0.219694	-0.98	-0.98	0.98	-0.98	-0.98
0.637110	0.165572	-0.98	0.98	-0.98	-0.98	-0.98
0.713045	0.493280	-0.98	0.98	-0.98	-0.98	-0.98
-0.268372	0.482294	0.98	-0.98	-0.98	-0.98	-0.98
-0.689612	0.242594	0.98	-0.98	-0.98	-0.98	-0.98
-0.366238	-0.467332	-0.98	-0.98	0.98	-0.98	-0.98
-0.189155	0.520146	0.98	-0.98	-0.98	-0.98	-0.98
-0.496272	-0.731111	-0.98	-0.98	0.98	-0.98	-0.98
-0.955786	0.686209	0.98	-0.98	-0.98	-0.98	-0.98
0.687295	0.113801	-0.98	0.98	-0.98	-0.98	-0.98
-0.126540	-0.583807	-0.98	-0.98	0.98	-0.98	-0.98
0.416733	-0.817063	-0.98	-0.98	-0.98	0.98	-0.98
-0.725180	-0.447314	-0.98	-0.98	0.98	-0.98	-0.98
0.332649	0.574560	-0.98	0.98	-0.98	-0.98	-0.98
-0.770548	0.160123	0.98	-0.98	-0.98	-0.98	-0.98
0.539372	-0.766660	-0.98	-0.98	-0.98	0.98	-0.98
0.217789	0.324453	-0.98	0.98	-0.98	-0.98	-0.98
-0.680811	0.193399	0.98	-0.98	-0.98	-0.98	-0.98
-0.632840	-0.693868	-0.98	-0.98	0.98	-0.98	-0.98
0.505164	-0.140120	-0.98	-0.98	-0.98	0.98	-0.98
0.398289	-0.678780	-0.98	-0.98	-0.98	0.98	-0.98
-0.910077	-0.776395	-0.98	-0.98	0.98	-0.98	-0.98
0.156237	-0.537878	-0.98	-0.98	-0.98	0.98	-0.98
0.977386	-0.053798	-0.98	-0.98	-0.98	-0.98	0.98
0.076720	-0.735765	-0.98	-0.98	-0.98	-0.98	0.98
-0.755525	-0.983689	-0.98	-0.98	0.98	-0.98	-0.98
-0.321894	0.876409	0.98	-0.98	-0.98	-0.98	-0.98
-0.194156	0.794865	0.98	-0.98	-0.98	-0.98	-0.98
0.797906	-0.858399	-0.98	-0.98	-0.98	0.98	-0.98
0.103253	0.236019	-0.98	0.98	-0.98	-0.98	-0.98
0.655928	0.892592	-0.98	0.98	-0.98	-0.98	-0.98
-0.320980	0.653711	0.98	-0.98	-0.98	-0.98	-0.98
0.901966	0.756717	-0.98	0.98	-0.98	-0.98	-0.98
0.331086	0.092462	-0.98	-0.98	-0.98	-0.98	0.98
-0.493991	0.099211	-0.98	-0.98	-0.98	-0.98	0.98
0.578425	-0.996114	-0.98	-0.98	-0.98	0.98	-0.98
-0.813161	0.603397	0.98	-0.98	-0.98	-0.98	-0.98
-0.306290	-0.977314	-0.98	-0.98	0.98	-0.98	-0.98
0.144394	-0.929429	-0.98	-0.98	-0.98	0.98	-0.98
0.525020	0.796570	-0.98	0.98	-0.98	-0.98	-0.98
-0.148987	-0.801304	-0.98	-0.98	0.98	-0.98	-0.98
0.891756	0.954668	-0.98	0.98	-0.98	-0.98	-0.98
0.881254	0.123428	-0.98	0.98	-0.98	-0.98	-0.98
0.732928	-0.765278	-0.98	-0.98	-0.98	0.98	-0.98
0.503924	-0.974099	-0.98	-0.98	-0.98	0.98	-0.98
-0.964474	0.674642	0.98	-0.98	-0.98	-0.98	-0.98
0.175225	0.448282	-0.98	0.98	-0.98	-0.98	-0.98
0.475251	0.496995	-0.98	0.98	-0.98	-0.98	-0.98
0.751757	-0.819690	-0.98	-0.98	-0.98	0.98	-0.98
-0.217869	0.963547	0.98	-0.98	-0.98	-0.98	-0.98
-0.893507	-0.701762	-0.98	-0.98	0.98	-0.98	-0.98
0.014791	0.801868	-0.98	-0.98	-0.98	-0.98	0.98
0.492970	0.355091	-0.98	0.98	-0.98	-0.98	-0.98
-0.917233	-0.075317	-0.98	-0.98	-0.98	-0.98	0.98
0.255249	0.646831	-0.98	0.98	-0.98	-0.98	-0.98
-0.583826	-0.473465	-0.98	-0.98	0.98	-0.98	-0.98
0.960671	0.182853	-0.98	0.98	-0.98	-0.98	-0.98
-0.743473	-0.674827	-0.98	-0.98	0.98	-0.98	-0.98
0.390495	-0.986519	-0.98	-0.98	-0.98	0.98	-0.98
-0.787831	-0.460565	-0.98	-0.98	0.98	-0.98	-0.98
0.859476	-0.923030	-0.98	-0.98	-0.98	0.98	-0.98
-0.617401	-0.464433	-0.98	-0.98	0.98	-0.98	-0.98
-0.325180	-0.044070	-0.98	-0.98	-0.98	-0.98	0.98
-0.013163	-0.814914	-0.98	-0.98	-0.98	-0.98	0.98
0.261869	-0.007923	-0.98	-0.98	-0.98	-0.98	0.98
-0.285675	-0.254982	-0.98	-0.98	0.98	-0.98	-0.98
0.312446	0.295331	-0.98	0.98	-0.98	-0.98	-0.98
-0.071489	-0.989798	-0.98	-0.98	-0.98	-0.98	0.98
0.579365	0.886833	-0.98	0.98	-0.98	-0.98	-0.98
0.752618	0.834818	-0.98	0.98	-0.98	-0.98	-0.98
-0.884744	0.633819	0.98	-0.98	-0.98	-0.98	-0.98
-0.492841	0.751453	0.98	-0.98	-0.98	-0.98	-0.98
0.790739	0.719184	-0.98	0.98	-0.98	-0.98	-0.98
0.228807	-0.506348	-0.98	-0.98	-0.98	0.98	-0.98
0.281307	0.787683	-0.98	0.98	-0.98	-0.98	-0.98
-0.679402	-0.700310	-0.98	-0.98	0.98	-0.98	-0.98
-0.425057	0.729974	0.98	-0.98	-0.98	-0.98	-0.98
0.507697	-0.620017	-0.98	-0.98	-0.98	0.98	-0.98
0.928798	0.500183	-0.98	0.98	-0.98	-0.98	-0.98
0.645222	-0.706583	-0.98	-0.98	-0.98	0.98	-0.98
-0.460228	0.423984	0.98	-0.98	-0.98	-0.98	-0.98
-0.929399	-0.787898	-0.98	-0.98	0.98	-0.98	-0.98
0.932540	0.841297	-0.98	0.98	-0.98	-0.98	-0.98
-0.245600	0.022359	-0.98	-0.98	-0.98	-0.98	0.98
-0.941609	0.460933	0.98	-0.98	-0.98	-0.98	-0.98
0.502536	0.684478	-0.98	0.98	-0.98	-0.98	-0.98
0.291096	-0.921676	-0.98	-0.98	-0.98	0.98	-0.98
-0.012942	-0.146384	-0.98	-0.98	-0.98	-0.98	0.98
-0.608254	0.903532	0.98	-0.98	-0.98	-0.98	-0.98
0.888086	-0.237479	-0.98	-0.98	-0.98	0.98	-0.98
0.302783	0.314528	-0.98	0.98	-0.98	-0.98	-0.98
0.967156	-0.851854	-0.98	-0.98	-0.98	0.98	-0.98
-0.131307	-0.492663	-0.98	-0.98	0.98	-0.98	-0.98
0.375649	-0.115926	-0.98	-0.98	-0.98	0.98	-0.98
-0.632815	0.866945	0.98	-0.98	-0.98	-0.98	-0.98
0.410399	-0.307595	-0.98	-0.98	-0.98	0.98	-0.98
0.414864	-0.049833	-0.98	-0.98	-0.98	-0.98	0.98
-0.396282	0.052444	-0.98	-0.98	-0.98	-0.98	0.98
0.209134	0.682940	-0.98	0.98	-0.98	-0.98	-0.98
0.288032	0.992277	-0.98	0.98	-0.98	-0.98	-0.98
0.965454	-0.790552	-0.98	-0.98	-0.98	0.98	-0.98
0.688945	-0.133307	-0.98	-0.98	-0.98	0.98	-0.98
-0.747709	0.032160	-0.98	-0.98	-0.98	-0.98	0.98
-0.711718	0.851754	0.98	-0.98	-0.98	-0.98	-0.98
-0.559454	0.155343	0.98	-0.98	-0.98	-0.98	-0.98
-0.885927	-0.923920	-0.98	-0.98	0.98	-0.98	-0.98
0.396647	-0.685085	-0.98	-0.98	-0.98	0.98	-0.98
0.865116	-0.835957	-0.98	-0.98	-0.98	0.98	-0.98
-0.246434	-0.470719	-0.98	-0.98	0.98	-0.98	-0.98
-0.742474	-0.936230	-0.98	-0.98	0.98	-0.98	-0.98
-0.010158	0.019330	-0.98	-0.98	-0.98	-0.98	0.98
0.340409	0.661632	-0.98	0.98	-0.98	-0.98	-0.98
-0.182040	0.104695	0.98	-0.98	-0.98	-0.98	-0.98
-0.213486	0.615995	0.98	-0.98	-0.98	-0.98	-0.98
-0.622868	0.052419	-0.98	-0.98	-0.98	-0.98	0.98
-0.162244	-0.059298	-0.98	-0.98	-0.98	-0.98	0.98
-0.998778	0.492663	0.98	-0.98	-0.98	-0.98	-0.98
0.022317	0.610745	-0.98	-0.98	-0.98	-0.98	0.98
0.115933	0.163409	-0.98	0.98	-0.98	-0.98	-0.98
0.428570	-0.858266	-0.98	-0.98	-0.98	0.98	-0.98
-0.465160	0.345377	0.98	-0.98	-0.98	-0.98	-0.98
0.267739	-0.907419	-0.98	-0.98	-0.98	0.98	-0.98
0.504414	0.936985	-0.98	0.98	-0.98	-0.98	-0.98
-0.456941	-0.839736	-0.98	-0.98	0.98	-0.98	-0.98
0.468534	0.632037	-0.98	0.98	-0.98	-0.98	-0.98
-0.459378	-0.840691	-0.98	-0.98	0.98	-0.98	-0.98
-0.026259	0.888739	-0.98	-0.98	-0.98	-0.98	0.98
-0.400065	-0.612625	-0.98	-0.98	0.98	-0.98	-0.98
0.354359	0.318483	-0.98	0.98	-0.98	-0.98	-0.98
0.858492	-0.734458	-0.98	-0.98	-0.98	0.98	-0.98
-0.678590	0.484522	0.98	-0.98	-0.98	-0.98	-0.98
-0.072314	0.588300	-0.98	-0.98	-0.98	-0.98	0.98
-0.659194	-0.280694	-0.98	-0.98	0.98	-0.98	-0.98
-0.580840	0.890053	0.98	-0.98	-0.98	-0.98	-0.98
-0.652392	0.211121	0.98	-0.98	-0.98	-0.98	-0.98
0.787778	0.157235	-0.98	0.98	-0.98	-0.98	-0.98
0.164553	-0.254404	-0.98	-0.98	-0.98	0.98	-0.98
0.178052	0.836015	-0.98	0.98	-0.98	-0.98	-0.98
-0.866139	0.442936	0.98	-0.98	-0.98	-0.98	-0.98
0.159640	0.087225	-0.98	-0.98	-0.98	-0.98	0.98
0.773213	-0.446118	-0.98	-0.98	-0.98	0.98	-0.98
0.693448	-0.753915	-0.98	-0.98	-0.98	0.98	-0.98
0.799555	0.182477	-0.98	0.98	-0.98	-0.98	-0.98
-0.131703	0.014542	-0.98	-0.98	-0.98	-0.98	0.98
-0.419474	-0.045165	-0.98	-0.98	-0.98	-0.98	0.98
0.644997	-0.519256	-0.98	-0.98	-0.98	0.98	-0.98
-0.702418	0.103843	0.98	-0.98	-0.98	-0.98	-0.98
-0.471505	-0.365493	-0.98	-0.98	0.98	-0.98	-0.98
-0.049131	0.975310	-0.98	-0.98	-0.98	-0.98	0.98
-0.939899	0.632862	0.98	-0.98	-0.98	-0.98	-0.98
-0.433693	0.158004	0.98	-0.98	-0.98	-0.98	-0.98
0.763298	0.923272	-0.98	0.98	-0.98	-0.98	-0.98
0.313075	-0.354321	-0.98	-0.98	-0.98	0.98	-0.98
-0.788605	0.057223	-0.98	-0.98	-0.98	-0.98	0.98
-0.540045	-0.999065	-0.98	-0.98	0.98	-0.98	-0.98
-0.225383	0.225013	0.98	-0.98	-0.98	-0.98	-0.98
-0.576297	0.564703	0.98	-0.98	-0.98	-0.98	-0.98
0.530161	-0.082820	-0.98	-0.98	-0.98	-0.98	0.98
0.517908	-0.711707	-0.98	-0.98	-0.98	0.98	-0.98
0.504472	0.739260	-0.98	0.98	-0.98	-0.98	-0.98
-0.173057	0.288314	0.98	-0.98	-0.98	-0.98	-0.98
0.733951	0.756703	-0.98	0.98	-0.98	-0.98	-0.98
0.211232	-0.850955	-0.98	-0.98	-0.98	0.98	-0.98
0.220748	-0.697131	-0.98	-0.98	-0.98	0.98	-0.98
0.916507	-0.358566	-0.98	-0.98	-0.98	0.98	-0.98
0.220122	-0.038970	-0.98	-0.98	-0.98	-0.98	0.98
0.219996	0.336726	-0.98	0.98	-0.98	-0.98	-0.98
-0.537342	0.909136	0.98	-0.98	-0.98	-0.98	-0.98
-0.074897	-0.975369	-0.98	-0.98	-0.98	-0.98	0.98
-0.150152	-0.047726	-0.98	-0.98	-0.98	-0.98	0.98
0.003030	0.054233	-0.98	-0.98	-0.98	-0.98	0.98
-0.983743	0.062160	-0.98	-0.98	-0.98	-0.98	0.98
0.549731	-0.727882	-0.98	-0.98	-0.98	0.98	-0.98
0.576719	-0.570370	-0.98	-0.98	-0.98	0.98	-0.98
-0.612321	-0.935701	-0.98	-0.98	0.98	-0.98	-0.98
-0.016830	-0.866741	-0.98	-0.98	-0.98	-0.98	0.98
-0.083315	0.210225	-0.98	-0.98	-0.98	-0.98	0.98
0.316209	0.025651	-0.98	-0.98	-0.98	-0.98	0.98
0.108953	0.255942	-0.98	0.98	-0.98	-0.98	-0.98
0.573295	0.674473	-0.98	0.98	-0.98	-0.98	-0.98
-0.768623	0.021037	-0.98	-0.98	-0.98	-0.98	0.98
0.826872	-0.468714	-0.98	-0.98	-0.98	0.98	-0.98
0.739808	0.467410	-0.98	0.98	-0.98	-0.98	-0.98
0.099981	-0.704735	-0.98	-0.98	-0.98	-0.98	0.98
0.715050	0.087706	-0.98	-0.98	-0.98	-0.98	0.98
0.935385	0.878786	-0.98	0.98	-0.98	-0.98	-0.98
0.486133	-0.237231	-0.98	-0.98	-0.98	0.98	-0.98
0.075479	-0.942490	-0.98	-0.98	-0.98	-0.98	0.98
-0.012550	-0.649272	-0.98	-0.98	-0.98	-0.98	0.98
0.687066	-0.326438	-0.98	-0.98	-0.98	0.98	-0.98
0.608295	0.535743	-0.98	0.98	-0.98	-0.98	-0.98
0.857660	0.471440	-0.98	0.98	-0.98	-0.98	-0.98
0.094741	0.835567	-0.98	-0.98	-0.98	-0.98	0.98
0.024444	0.120156	-0.98	-0.98	-0.98	-0.98	0.98
-0.240236	-0.329650	-0.98	-0.98	0.98	-0.98	-0.98
0.284495	0.548224	-0.98	0.98	-0.98	-0.98	-0.98
0.816410	-0.339062	-0.98	-0.98	-0.98	0.98	-0.98
-0.242269	0.964737	0.98	-0.98	-0.98	-0.98	-0.98
0.641414	-0.643666	-0.98	-0.98	-0.98	0.98	-0.98
0.685405	0.198456	-0.98	0.98	-0.98	-0.98	-0.98
0.117955	-0.207059	-0.98	-0.98	-0.98	0.98	-0.98
0.361091	0.667378	-0.98	0.98	-0.98	-0.98	-0.98
-0.258013	-0.419237	-0.98	-0.98	0.98	-0.98	-0.98
-0.230131	0.763698	0.98	-0.98	-0.98	-0.98	-0.98
-0.154402	-0.940699	-0.98	-0.98	0.98	-0.98	-0.98
0.977241	-0.960885	-0.98	-0.98	-0.98	0.98	-0.98
0.284946	0.483055	-0.98	0.98	-0.98	-0.98	-0.98
0.494980	0.033947	-0.98	-0.98	-0.98	-0.98	0.98
0.829116	0.568880	-0.98	0.98	-0.98	-0.98	-0.98
0.403031	-0.615806	-0.98	-0.98	-0.98	0.98	-0.98
0.695399	-0.633302	-0.98	-0.98	-0.98	0.98	-0.98
0.404968	0.660905	-0.98	0.98	-0.98	-0.98	-0.98
0.586321	-0.600977	-0.98	-0.98	-0.98	0.98	-0.98
0.598365	-0.904440	-0.98	-0.98	-0.98	0.98	-0.98
-0.788256	0.743544	0.98	-0.98	-0.98	-0.98	-0.98
0.838757	-0.960066	-0.98	-0.98	-0.98	0.98	-0.98
-0.165718	0.113986	0.98	-0.98	-0.98	-0.98	-0.98
-0.488598	0.763762	0.98	-0.98	-0.98	-0.98	-0.98
0.651365	-0.535529	-0.98	-0.98	-0.98	0.98	-0.98
-0.437451	-0.391054	-0.98	-0.98	0.98	-0.98	-0.98
0.099891	0.620892	-0.98	-0.98	-0.98	-0.98	0.98
0.889168	-0.323239	-0.98	-0.98	-0.98	0.98	-0.98
-0.717987	0.390439	0.98	-0.98	-0.98	-0.98	-0.98
0.707006	0.425404	-0.98	0.98	-0.98	-0.98	-0.98
0.571763	-0.118073	-0.98	-0.98	-0.98	0.98	-0.98
0.898886	-0.724811	-0.98	-0.98	-0.98	0.98	-0.98
-0.357362	0.992893	0.98	-0.98	-0.98	-0.98	-0.98
0.368550	0.229450	-0.98	0.98	-0.98	-0.98	-0.98
-0.175603	0.658807	0.98	-0.98	-0.98	-0.98	-0.98
0.140072	-0.154098	-0.98	-0.98	-0.98	0.98	-0.98
-0.757460	-0.343960	-0.98	-0.98	0.98	-0.98	-0.98
0.503910	-0.494681	-0.98	-0.98	-0.98	0.98	-0.98
-0.115644	-0.329189	-0.98	-0.98	0.98	-0.98	-0.98
0.017583	-0.814562	-0.98	-0.98	-0.98	-0.98	0.98
-0.900496	0.712232	0.98	-0.98	-0.98	-0.98	-0.98
0.602567	0.433984	-0.98	0.98	-0.98	-0.98	-0.98
-0.298940	0.796030	0.98	-0.98	-0.98	-0.98	-0.98
0.082161	0.179097	-0.98	-0.98	-0.98	-0.98	0.98
0.196998	-0.388414	-0.98	-0.98	-0.98	0.98	-0.98
0.320559	-0.365920	-0.98	-0.98	-0.98	0.98	-0.98
-0.811470	-0.101519	-0.98	-0.98	0.98	-0.98	-0.98
0.687935	-0.569872	-0.98	-0.98	-0.98	0.98	-0.98
0.002575	-0.473212	-0.98	-0.98	-0.98	-0.98	0.98
0.527143	0.192171	-0.98	0.98	-0.98	-0.98	-0.98
-0.340902	-0.835311	-0.98	-0.98	0.98	-0.98	-0.98
0.972252	-0.716472	-0.98	-0.98	-0.98	0.98	-0.98
0.887654	-0.496358	-0.98	-0.98	-0.98	0.98	-0.98
-0.508546	0.532818	0.98	-0.98	-0.98	-0.98	-0.98
0.605716	-0.414904	-0.98	-0.98	-0.98	0.98	-0.98
-0.204601	-0.415188	-0.98	-0.98	0.98	-0.98	-0.98
0.221169	0.062081	-0.98	-0.98	-0.98	-0.98	0.98
0.593616	0.810482	-0.98	0.98	-0.98	-0.98	-0.98
0.575655	0.225569	-0.98	0.98	-0.98	-0.98	-0.98
-0.059638	-0.558936	-0.98	-0.98	-0.98	-0.98	0.98
0.680852	0.745943	-0.98	0.98	-0.98	-0.98	-0.98
-0.950435	0.243035	0.98	-0.98	-0.98	-0.98	-0.98
0.273811	0.353327	-0.98	0.98	-0.98	-0.98	-0.98
0.877517	0.064333	-0.98	-0.98	-0.98	-0.98	0.98
0.082313	0.327873	-0.98	-0.98	-0.98	-0.98	0.98
0.002830	-0.361336	-0.98	-0.98	-0.98	-0.98	0.98
-0.844351	0.044091	-0.98	-0.98	-0.98	-0.98	0.98
0.995591	-0.846545	-0.98	-0.98	-0.98	0.98	-0.98
-0.202678	-0.021381	-0.98	-0.98	-0.98	-0.98	0.98
0.976466	-0.889060	-0.98	-0.98	-0.98	0.98	-0.98
-0.974878	-0.904338	-0.98	-0.98	0.98	-0.98	-0.98
-0.300926	-0.946726	-0.98	-0.98	0.98	-0.98	-0.98
0.565902	-0.222018	-0.98	-0.98	-0.98	0.98	-0.98
-0.481181	0.083762	-0.98	-0.98	-0.98	-0.98	0.98
-0.383316	0.065440	-0.98	-0.98	-0.98	-0.98	0.98
-0.856884	0.511192	0.98	-0.98	-0.98	-0.98	-0.98
0.580928	0.401293	-0.98	0.98	-0.98	-0.98	-0.98
0.807457	-0.343489	-0.98	-0.98	-0.98	0.98	-0.98
0.996860	-0.640190	-0.98	-0.98	-0.98	0.98	-0.98
0.408059	-0.003976	-0.98	-0.98	-0.98	-0.98	0.98
0.097739	0.937795	-0.98	-0.98	-0.98	-0.98	0.98
0.166482	0.530399	-0.98	0.98	-0.98	-0.98	-0.98
0.582608	-0.028304	-0.98	-0.98	-0.98	-0.98	0.98
-0.130029	-0.639587	-0.98	-0.98	0.98	-0.98	-0.98
-0.515847	-0.113600	-0.98	-0.98	0.98	-0.98	-0.98
0.884084	0.894434	-0.98	0.98	-0.98	-0.98	-0.98
-0.464666	-0.861281	-0.98	-0.98	0.98	-0.98	-0.98
-0.413296	-0.521291	-0.98	-0.98	0.98	-0.98	-0.98
0.967863	0.533377	-0.98	0.98	-0.98	-0.98	-0.98
0.034051	0.343318	-0.98	-0.98	-0.98	-0.98	0.98
0.479631	0.011137	-0.98	-0.98	-0.98	-0.98	0.98
-0.817195	0.946750	0.98	-0.98	-0.98	-0.98	-0.98
-0.532518	-0.483869	-0.98	-0.98	0.98	-0.98	-0.98
0.218758	-0.670521	-0.98	-0.98	-0.98	0.98	-0.98
0.245266	0.538153	-0.98	0.98	-0.98	-0.98	-0.98
-0.850208	-0.559102	-0.98	-0.98	0.98	-0.98	-0.98
0.742047	-0.040712	-0.98	-0.98	-0.98	-0.98	0.98
0.187901	-0.206273	-0.98	-0.98	-0.98	0.98	-0.98
0.271589	-0.316923	-0.98	-0.98	-0.98	0.98	-0.98
0.343390	-0.543812	-0.98	-0.98	-0.98	0.98	-0.98
-0.625864	0.940727	0.98	-0.98	-0.98	-0.98	-0.98
-0.460400	-0.177330	-0.98	-0.98	0.98	-0.98	-0.98
0.469980	0.364846	-0.98	0.98	-0.98	-0.98	-0.98
-0.191694	-0.530333	-0.98	-0.98	0.98	-0.98	-0.98
-0.287285	0.798835	0.98	-0.98	-0.98	-0.98	-0.98
0.681056	0.662425	-0.98	0.98	-0.98	-0.98	-0.98
0.096954	0.756001	-0.98	-0.98	-0.98	-0.98	0.98
-0.509396	-0.898192	-0.98	-0.98	0.98	-0.98	-0.98
-0.741598	-0.204040	-0.98	-0.98	0.98	-0.98	-0.98
0.679433	-0.520174	-0.98	-0.98	-0.98	0.98	-0.98
-0.876888	0.419827	0.98	-0.98	-0.98	-0.98	-0.98
-0.966701	-0.146508	-0.98	-0.98	0.98	-0.98	-0.98
-0.517487	0.615928	0.98	-0.98	-0.98	-0.98	-0.98
-0.805112	0.439118	0.98	-0.98	-0.98	-0.98	-0.98
-0.035294	-0.790236	-0.98	-0.98	-0.98	-0.98	0.98
0.090165	0.764492	-0.98	-0.98	-0.98	-0.98	0.98
0.198211	-0.760948	-0.98	-0.98	-0.98	0.98	-0.98
-0.577288	0.397205	0.98	-0.98	-0.98	-0.98	-0.98
-0.900235	-0.989422	-0.98	-0.98	0.98	-0.98	-0.98
0.113717	0.857297	-0.98	0.98	-0.98	-0.98	-0.98
-0.117967	-0.811746	-0.98	-0.98	0.98	-0.98	-0.98
-0.740235	-0.273216	-0.98	-0.98	0.98	-0.98	-0.98
-0.112084	0.460744	0.98	-0.98	-0.98	-0.98	-0.98
-0.804935	0.653305	0.98	-0.98	-0.98	-0.98	-0.98
-0.746258	0.405690	0.98	-0.98	-0.98	-0.98	-0.98
-0.431328	-0.905171	-0.98	-0.98	0.98	-0.98	-0.98
-0.217606	0.235271	0.98	-0.98	-0.98	-0.98	-0.98
0.310430	-0.377277	-0.98	-0.98	-0.98	0.98	-0.98
0.644148	-0.882960	-0.98	-0.98	-0.98	0.98	-0.98
-0.216521	-0.418329	-0.98	-0.98	0.98	-0.98	-0.98
0.217173	0.469443	-0.98	0.98	-0.98	-0.98	-0.98
-0.536045	0.944463	0.98	-0.98	-0.98	-0.98	-0.98
0.847075	0.172185	-0.98	0.98	-0.98	-0.98	-0.98
0.335562	-0.897648	-0.98	-0.98	-0.98	0.98	-0.98
-0.488077	0.853728	0.98	-0.98	-0.98	-0.98	-0.98
0.995427	0.241203	-0.98	0.98	-0.98	-0.98	-0.98
-0.286098	-0.048383	-0.98	-0.98	-0.98	-0.98	0.98
-0.970887	0.822189	0.98	-0.98	-0.98	-0.98	-0.98
-0.672677	-0.687664	-0.98	-0.98	0.98	-0.98	-0.98
0.042347	-0.420519	-0.98	-0.98	-0.98	-0.98	0.98
-0.959979	-0.700888	-0.98	-0.98	0.98	-0.98	-0.98
-0.831227	-0.068812	-0.98	-0.98	-0.98	-0.98	0.98
0.936902	-0.427843	-0.98	-0.98	-0.98	0.98	-0.98
0.455366	0.481463	-0.98	0.98	-0.98	-0.98	-0.98
-0.996372	0.946465	0.98	-0.98	-0.98	-0.98	-0.98
0.410426	-0.618186	-0.98	-0.98	-0.98	0.98	-0.98
-0.623587	-0.921414	-0.98	-0.98	0.98	-0.98	-0.98
0.785229	-0.237433	-0.98	-0.98	-0.98	0.98	-0.98
0.947992	0.303085	-0.98	0.98	-0.98	-0.98	-0.98
-0.649042	-0.069857	-0.98	-0.98	-0.98	-0.98	0.98
-0.993984	0.086010	-0.98	-0.98	-0.98	-0.98	0.98
-0.699181	-0.109515	-0.98	-0.98	0.98	-0.98	-0.98
0.055494	-0.507876	-0.98	-0.98	-0.98	-0.98	0.98
-0.769427	-0.020553	-0.98	-0.98	-0.98	-0.98	0.98
0.936262	0.488702	-0.98	0.98	-0.98	-0.98	-0.98
0.489006	-0.915354	-0.98	-0.98	-0.98	0.98	-0.98
-0.009004	0.130611	-0.98	-0.98	-0.98	-0.98	0.98
0.290614	-0.684139	-0.98	-0.98	-0.98	0.98	-0.98
-0.966071	0.844576	0.98	-0.98	-0.98	-0.98	-0.98
0.455339	0.073186	-0.98	-0.98	-0.98	-0.98	0.98
0.960870	0.757611	-0.98	0.98	-0.98	-0.98	-0.98
0.291225	0.993411	-0.98	0.98	-0.98	-0.98	-0.98
-0.947122	-0.432279	-0.98	-0.98	0.98	-0.98	-0.98
0.414205	-0.187539	-0.98	-0.98	-0.98	0.98	-0.98
0.843437	0.788690	-0.98	0.98	-0.98	-0.98	-0.98
-0.436316	-0.328104	-0.98	-0.98	0.98	-0.98	-0.98
0.921493	0.496015	-0.98	0.98	-0.98	-0.98	-0.98
0.293208	-0.769131	-0.98	-0.98	-0.98	0.98	-0.98
0.330726	-0.516081	-0.98	-0.98	-0.98	0.98	-0.98
0.509442	0.764058	-0.98	0.98	-0.98	-0.98	-0.98
0.947224	-0.161196	-0.98	-0.98	-0.98	0.98	-0.98
0.455678	-0.355177	-0.98	-0.98	-0.98	0.98	-0.98
0.066954	-0.952383	-0.98	-0.98	-0.98	-0.98	0.98
-0.372796	-0.762221	-0.98	-0.98	0.98	-0.98	-0.98
0.316230	0.888686	-0.98	0.98	-0.98	-0.98	-0.98
0.041729	-0.683113	-0.98	-0.98	-0.98	-0.98	0.98
0.946258	-0.625623	-0.98	-0.98	-0.98	0.98	-0.98
-0.612155	-0.824108	-0.98	-0.98	0.98	-0.98	-0.98
-0.314094	-0.319296	-0.98	-0.98	0.98	-0.98	-0.98
-0.488663	0.231155	0.98	-0.98	-0.98	-0.98	-0.98
-0.651129	-0.173963	-0.98	-0.98	0.98	-0.98	-0.98
0.118911	0.006782	-0.98	-0.98	-0.98	-0.98	0.98
-0.044200	0.419067	-0.98	-0.98	-0.98	-0.98	0.98
0.267739	0.338494	-0.98	0.98	-0.98	-0.98	-0.98
0.479793	-0.177532	-0.98	-0.98	-0.98	0.98	-0.98
-0.308556	-0.989633	-0.98	-0.98	0.98	-0.98	-0.98
-0.967413	-0.518119	-0.98	-0.98	0.98	-0.98	-0.98
-0.224920	0.134755	0.98	-0.98	-0.98	-0.98	-0.98
0.726033	-0.494458	-0.98	-0.98	-0.98	0.98	-0.98
0.620461	0.189588	-0.98	0.98	-0.98	-0.98	-0.98
-0.184365	-0.762524	-0.98	-0.98	0.98	-0.98	-0.98
0.662941	-0.303502	-0.98	-0.98	-0.98	0.98	-0.98
-0.966714	-0.010775	-0.98	-0.98	-0.98	-0.98	0.98
0.530946	-0.158725	-0.98	-0.98	-0.98	0.98	-0.98
0.498500	-0.505143	-0.98	-0.98	-0.98	0.98	-0.98
-0.495166	0.444444	0.98	-0.98	-0.98	-0.98	-0.98
-0.012446	-0.777670	-0.98	-0.98	-0.98	-0.98	0.98
0.567234	0.904673	-0.98	0.98	-0.98	-0.98	-0.98
0.940971	-0.661390	-0.98	-0.98	-0.98	0.98	-0.98
-0.033891	0.075680	-0.98	-0.98	-0.98	-0.98	0.98
0.608452	0.159973	-0.98	0.98	-0.98	-0.98	-0.98
0.039019	-0.187148	-0.98	-0.98	-0.98	-0.98	0.98
-0.171450	-0.086994	-0.98	-0.98	-0.98	-0.98	0.98
-0.718510	0.538222	0.98	-0.98	-0.98	-0.98	-0.98
-0.809871	-0.031941	-0.98	-0.98	-0.98	-0.98	0.98
-0.290276	0.866286	0.98	-0.98	-0.98	-0.98	-0.98
0.243937	0.284647	-0.98	0.98	-0.98	-0.98	-0.98
0.788090	0.224296	-0.98	0.98	-0.98	-0.98	-0.98
-0.780843	-0.421810	-0.98	-0.98	0.98	-0.98	-0.98
-0.149183	0.902130	0.98	-0.98	-0.98	-0.98	-0.98
0.663783	0.654624	-0.98	0.98	-0.98	-0.98	-0.98
0.074806	0.166650	-0.98	-0.98	-0.98	-0.98	0.98
0.664686	0.271256	-0.98	0.98	-0.98	-0.98	-0.98
-0.208401	0.971348	0.98	-0.98	-0.98	-0.98	-0.98
0.804755	0.202157	-0.98	0.98	-0.98	-0.98	-0.98
-0.326206	0.714225	0.98	-0.98	-0.98	-0.98	-0.98
-0.289359	-0.207952	-0.98	-0.98	0.98	-0.98	-0.98
0.591301	0.302581	-0.98	0.98	-0.98	-0.98	-0.98
0.876249	0.274545	-0.98	0.98	-0.98	-0.98	-0.98
-0.548811	0.207791	0.98	-0.98	-0.98	-0.98	-0.98
-0.499855	0.887000	0.98	-0.98	-0.98	-0.98	-0.98
0.998640	0.784302	-0.98	0.98	-0.98	-0.98	-0.98
0.959784	-0.626650	-0.98	-0.98	-0.98	0.98	-0.98
0.059512	0.794412	-0.98	-0.98	-0.98	-0.98	0.98
-0.855019	0.331285	0.98	-0.98	-0.98	-0.98	-0.98
-0.079097	-0.648887	-0.98	-0.98	-0.98	-0.98	0.98
-0.379071	0.203173	0.98	-0.98	-0.98	-0.98	-0.98
-0.203062	-0.991229	-0.98	-0.98	0.98	-0.98	-0.98
0.645955	0.868023	-0.98	0.98	-0.98	-0.98	-0.98
0.660880	0.693683	-0.98	0.98	-0.98	-0.98	-0.98
0.383105	-0.841608	-0.98	-0.98	-0.98	0.98	-0.98
-0.029104	0.342667	-0.98	-0.98	-0.98	-0.98	0.98
0.448703	0.683678	-0.98	0.98	-0.98	-0.98	-0.98
0.709262	0.178088	-0.98	0.98	-0.98	-0.98	-0.98
-0.304519	0.528825	0.98	-0.98	-0.98	-0.98	-0.98
-0.553406	0.069051	-0.98	-0.98	-0.98	-0.98	0.98
-0.970644	0.203493	0.98	-0.98	-0.98	-0.98	-0.98
0.802387	0.959378	-0.98	0.98	-0.98	-0.98	-0.98
-0.492515	-0.607093	-0.98	-0.98	0.98	-0.98	-0.98
-0.996576	0.692374	0.98	-0.98	-0.98	-0.98	-0.98
-0.479799	-0.017313	-0.98	-0.98	-0.98	-0.98	0.98
-0.189161	0.250330	0.98	-0.98	-0.98	-0.98	-0.98
0.083943	-0.871040	-0.98	-0.98	-0.98	-0.98	0.98
0.914439	-0.323751	-0.98	-0.98	-0.98	0.98	-0.98
0.121123	-0.600903	-0.98	-0.98	-0.98	0.98	-0.98
-0.920922	0.378983	0.98	-0.98	-0.98	-0.98	-0.98
0.163665	0.615262	-0.98	0.98	-0.98	-0.98	-0.98
0.289037	-0.510465	-0.98	-0.98	-0.98	0.98	-0.98
0.356439	-0.091603	-0.98	-0.98	-0.98	-0.98	0.98
0.344627	-0.657627	-0.98	-0.98	-0.98	0.98	-0.98
0.690695	0.341561	-0.98	0.98	-0.98	-0.98	-0.98
-0.837155	0.075807	-0.98	-0.98	-0.98	-0.98	0.98
-0.486612	0.713032	0.98	-0.98	-0.98	-0.98	-0.98
0.406764	0.045548	-0.98	-0.98	-0.98	-0.98	0.98
0.704608	0.195683	-0.98	0.98	-0.98	-0.98	-0.98
0.555770	-0.969617	-0.98	-0.98	-0.98	0.98	-0.98
-0.557359	0.385733	0.98	-0.98	-0.98	-0.98	-0.98
-0.230935	-0.868002	-0.98	-0.98	0.98	-0.98	-0.98
0.040672	-0.984075	-0.98	-0.98	-0.98	-0.98	0.98
-0.302651	0.088006	-0.98	-0.98	-0.98	-0.98	0.98
-0.117582	0.571578	0.98	-0.98	-0.98	-0.98	-0.98
0.335110	0.649733	-0.98	0.98	-0.98	-0.98	-0.98
0.448690	-0.341922	-0.98	-0.98	-0.98	0.98	-0.98
-0.686244	-0.282738	-0.98	-0.98	0.98	-0.98	-0.98
-0.730656	0.156714	0.98	-0.98	-0.98	-0.98	-0.98
-0.557448	-0.199941	-0.98	-0.98	0.98	-0.98	-0.98
0.156126	0.837215	-0.98	0.98	-0.98	-0.98	-0.98
-0.015038	-0.769397	-0.98	-0.98	-0.98	-0.98	0.98
-0.025919	0.078572	-0.98	-0.98	-0.98	-0.98	0.98
0.896315	0.753616	-0.98	0.98	-0.98	-0.98	-0.98
0.113416	-0.797570	-0.98	-0.98	-0.98	0.98	-0.98
0.359720	-0.941262	-0.98	-0.98	-0.98	0.98	-0.98
0.750212	-0.248860	-0.98	-0.98	-0.98	0.98	-0.98
-0.912391	0.664982	0.98	-0.98	-0.98	-0.98	-0.98
0.413052	0.373935	-0.98	0.98	-0.98	-0.98	-0.98
0.953883	-0.654698	-0.98	-0.98	-0.98	0.98	-0.98
0.085732	0.973339	-0.98	-0.98	-0.98	-0.98	0.98
0.616669	-0.555342	-0.98	-0.98	-0.98	0.98	-0.98
-0.906266	0.457052	0.98	-0.98	-0.98	-0.98	-0.98
-0.820502	-0.495271	-0.98	-0.98	0.98	-0.98	-0.98
-0.665185	-0.674859	-0.98	-0.98	0.98	-0.98	-0.98
-0.615774	0.167958	0.98	-0.98	-0.98	-0.98	-0.98
0.930870	-0.987490	-0.98	-0.98	-0.98	0.98	-0.98
-0.331349	-0.996805	-0.98	-0.98	0.98	-0.98	-0.98
-0.209441	-0.805304	-0.98	-0.98	0.98	-0.98	-0.98
-0.346950	-0.785798	-0.98	-0.98	0.98	-0.98	-0.98
0.245153	-0.139416	-0.98	-0.98	-0.98	0.98	-0.98
-0.321020	0.930150	0.98	-0.98	-0.98	-0.98	-0.98
0.916257	-0.353947	-0.98	-0.98	-0.98	0.98	-0.98
0.547466	0.886005	-0.98	0.98	-0.98	-0.98	-0.98
0.386196	0.590750	-0.98	0.98	-0.98	-0.98	-0.98
-0.217147	-0.326596	-0.98	-0.98	0.98	-0.98	-0.98
0.841561	-0.002941	-0.98	-0.98	-0.98	-0.98	0.98
-0.384074	-0.574984	-0.98	-0.98	0.98	-0.98	-0.98
-0.524514	-0.937053	-0.98	-0.98	0.98	-0.98	-0.98
-0.067737	0.069017	-0.98	-0.98	-0.98	-0.98	0.98
-0.724057	-0.762809	-0.98	-0.98	0.98	-0.98	-0.98
0.811738	-0.224752	-0.98	-0.98	-0.98	0.98	-0.98
-0.536081	0.944005	0.98	-0.98	-0.98	-0.98	-0.98
0.944726	0.850102	-0.98	0.98	-0.98	-0.98	-0.98
0.555792	-0.045440	-0.98	-0.98	-0.98	-0.98	0.98
-0.115057	-0.026299	-0.98	-0.98	-0.98	-0.98	0.98
0.066651	-0.801062	-0.98	-0.98	-0.98	-0.98	0.98
0.875044	-0.832769	-0.98	-0.98	-0.98	0.98	-0.98
0.822996	0.758563	-0.98	0.98	-0.98	-0.98	-0.98
-0.815917	0.354504	0.98	-0.98	-0.98	-0.98	-0.98
0.853855	0.423673	-0.98	0.98	-0.98	-0.98	-0.98
0.446735	-0.322736	-0.98	-0.98	-0.98	0.98	-0.98
-0.741733	0.658438	0.98	-0.98	-0.98	-0.98	-0.98
0.664155	-0.926415	-0.98	-0.98	-0.98	0.98	-0.98
-0.328385	-0.470219	-0.98	-0.98	0.98	-0.98	-0.98
-0.414506	0.487741	0.98	-0.98	-0.98	-0.98	-0.98
-0.199974	0.643054	0.98	-0.98	-0.98	-0.98	-0.98
-0.463872	-0.051805	-0.98	-0.98	-0.98	-0.98	0.98
-0.733669	0.423945	0.98	-0.98	-0.98	-0.98	-0.98
-0.361999	0.853742	0.98	-0.98	-0.98	-0.98	-0.98
0.193003	0.910367	-0.98	0.98	-0.98	-0.98	-0.98
0.709583	-0.011088	-0.98	-0.98	-0.98	-0.98	0.98
0.712829	0.328335	-0.98	0.98	-0.98	-0.98	-0.98
-0.133554	0.549950	0.98	-0.98	-0.98	-0.98	-0.98
0.339462	0.337941	-0.98	0.98	-0.98	-0.98	-0.98
-0.730522	0.929117	0.98	-0.98	-0.98	-0.98	-0.98
-0.640340	0.231374	0.98	-0.98	-0.98	-0.98	-0.98
0.175721	-0.840418	-0.98	-0.98	-0.98	0.98	-0.98
0.681605	0.596070	-0.98	0.98	-0.98	-0.98	-0.98
0.981868	-0.733184	-0.98	-0.98	-0.98	0.98	-0.98
0.051693	-0.799072	-0.98	-0.98	-0.98	-0.98	0.98
-0.457406	0.286370	0.98	-0.98	-0.98	-0.98	-0.98
-0.138829	-0.110855	-0.98	-0.98	0.98	-0.98	-0.98
0.743464	-0.511743	-0.98	-0.98	-0.98	0.98	-0.98
0.581487	0.378503	-0.98	0.98	-0.98	-0.98	-0.98
-0.037824	-0.459739	-0.98	-0.98	-0.98	-0.98	0.98
0.941109	0.116940	-0.98	0.98	-0.98	-0.98	-0.98
-0.199817	0.921629	0.98	-0.98	-0.98	-0.98	-0.98
0.569053	-0.352069	-0.98	-0.98	-0.98	0.98	-0.98
0.391226	-0.264011	-0.98	-0.98	-0.98	0.98	-0.98
0.197159	-0.727629	-0.98	-0.98	-0.98	0.98	-0.98
-0.297200	0.849270	0.98	-0.98	-0.98	-0.98	-0.98
0.037888	-0.257624	-0.98	-0.98	-0.98	-0.98	0.98
0.272703	0.280041	-0.98	0.98	-0.98	-0.98	-0.98
-0.232169	0.537360	0.98	-0.98	-0.98	-0.98	-0.98
-0.786320	0.814271	0.98	-0.98	-0.98	-0.98	-0.98
-0.751748	0.632042	0.98	-0.98	-0.98	-0.98	-0.98
0.042321	-0.916319	-0.98	-0.98	-0.98	-0.98	0.98
-0.723072	0.416056	0.98	-0.98	-0.98	-0.98	-0.98
-0.444097	-0.427124	-0.98	-0.98	0.98	-0.98	-0.98
-0.448809	-0.674779	-0.98	-0.98	0.98	-0.98	-0.98
-0.484694	0.578586	0.98	-0.98	-0.98	-0.98	-0.98
0.293885	-0.490580	-0.98	-0.98	-0.98	0.98	-0.98
0.795005	-0.279011	-0.98	-0.98	-0.98	0.98	-0.98
0.404804	-0.875782	-0.98	-0.98	-0.98	0.98	-0.98
0.477835	0.152871	-0.98	0.98	-0.98	-0.98	-0.98
-0.959761	-0.160649	-0.98	-0.98	0.98	-0.98	-0.98
0.973855	0.858521	-0.98	0.98	-0.98	-0.98	-0.98
-0.997973	-0.277539	-0.98	-0.98	0.98	-0.98	-0.98
0.271575	0.395757	-0.98	0.98	-0.98	-0.98	-0.98
-0.728078	-0.092790	-0.98	-0.98	-0.98	-0.98	0.98
-0.886795	-0.332262	-0.98	-0.98	0.98	-0.98	-0.98
0.489171	-0.987999	-0.98	-0.98	-0.98	0.98	-0.98
0.276163	-0.521229	-0.98	-0.98	-0.98	0.98	-0.98
-0.642343	0.650184	0.98	-0.98	-0.98	-0.98	-0.98
-0.376507	-0.630365	-0.98	-0.98	0.98	-0.98	-0.98
0.750301	0.710978	-0.98	0.98	-0.98	-0.98	-0.98
0.376550	-0.252046	-0.98	-0.98	-0.98	0.98	-0.98
0.926990	0.943896	-0.98	0.98	-0.98	-0.98	-0.98
-0.146487	-0.215084	-0.98	-0.98	0.98	-0.98	-0.98
0.512283	-0.973265	-0.98	-0.98	-0.98	0.98	-0.98
0.650225	-0.354241	-0.98	-0.98	-0.98	0.98	-0.98
0.897321	0.679857	-0.98	0.98	-0.98	-0.98	-0.98
-0.813690	0.211328	0.98	-0.98	-0.98	-0.98	-0.98
-0.301671	-0.162313	-0.98	-0.98	0.98	-0.98	-0.98
-0.678499	0.755630	0.98	-0.98	-0.98	-0.98	-0.98
0.826170	-0.581157	-0.98	-0.98	-0.98	0.98	-0.98
0.383740	-0.084745	-0.98	-0.98	-0.98	-0.98	0.98
0.692277	-0.560786	-0.98	-0.98	-0.98	0.98	-0.98
-0.235252	0.464285	0.98	-0.98	-0.98	-0.98	-0.98
0.571179	0.266400	-0.98	0.98	-0.98	-0.98	-0.98
0.496270	-0.539571	-0.98	-0.98	-0.98	0.98	-0.98
-0.830698	0.578980	0.98	-0.98	-0.98	-0.98	-0.98
-0.648519	0.363267	0.98	-0.98	-0.98	-0.98	-0.98
-0.316051	0.594754	0.98	-0.98	-0.98	-0.98	-0.98
0.937227	0.111809	-0.98	0.98	-0.98	-0.98	-0.98
-0.644273	-0.180304	-0.98	-0.98	0.98	-0.98	-0.98
0.286905	-0.690777	-0.98	-0.98	-0.98	0.98	-0.98
0.385238	0.308463	-0.98	0.98	-0.98	-0.98	-0.98
-0.753064	-0.331960	-0.98	-0.98	0.98	-0.98	-0.98
-0.796261	0.630931	0.98	-0.98	-0.98	-0.98	-0.98
0.849650	0.708116	-0.98	0.98	-0.98	-0.98	-0.98
0.816601	0.390255	-0.98	0.98	-0.98	-0.98	-0.98
-0.741181	-0.759737	-0.98	-0.98	0.98	-0.98	-0.98
-0.343872	-0.225520	-0.98	-0.98	0.98	-0.98	-0.98
-0.481966	-0.086905	-0.98	-0.98	-0.98	-0.98	0.98
0.127414	0.608449	-0.98	0.98	-0.98	-0.98	-0.98
0.759532	0.411382	-0.98	0.98	-0.98	-0.98	-0.98
-0.082183	-0.031807	-0.98	-0.98	-0.98	-0.98	0.98
-0.377432	0.541535	0.98	-0.98	-0.98	-0.98	-0.98
0.137908	-0.426021	-0.98	-0.98	-0.98	0.98	-0.98
-0.332479	-0.093249	-0.98	-0.98	-0.98	-0.98	0.98
-0.063884	0.050731	-0.98	-0.98	-0.98	-0.98	0.98
0.206865	-0.193879	-0.98	-0.98	-0.98	0.98	-0.98
-0.659739	0.033249	-0.98	-0.98	-0.98	-0.98	0.98
-0.368385	-0.015236	-0.98	-0.98	-0.98	-0.98	0.98
0.097079	0.979723	-0.98	-0.98	-0.98	-0.98	0.98
0.537615	-0.335400	-0.98	-0.98	-0.98	0.98	-0.98
0.294024	0.360831	-0.98	0.98	-0.98	-0.98	-0.98
-0.700064	-0.434995	-0.98	-0.98	0.98	-0.98	-0.98
0.724403	0.149469	-0.98	0.98	-0.98	-0.98	-0.98
0.216828	0.050899	-0.98	-0.98	-0.98	-0.98	0.98
-0.369124	0.564546	0.98	-0.98	-0.98	-0.98	-0.98
-0.032104	-0.921974	-0.98	-0.98	-0.98	-0.98	0.98
-0.636938	0.470744	0.98	-0.98	-0.98	-0.98	-0.98
0.519896	-0.767797	-0.98	-0.98	-0.98	0.98	-0.98
-0.200306	0.925484	0.98	-0.98	-0.98	-0.98	-0.98
0.410703	-0.480641	-0.98	-0.98	-0.98	0.98	-0.98
0.644033	-0.973863	-0.98	-0.98	-0.98	0.98	-0.98
-0.805126	0.528146	0.98	-0.98	-0.98	-0.98	-0.98
-0.245597	0.086467	-0.98	-0.98	-0.98	-0.98	0.98
-0.523839	0.491808	0.98	-0.98	-0.98	-0.98	-0.98
0.431043	-0.076912	-0.98	-0.98	-0.98	-0.98	0.98
-0.079160	-0.557753	-0.98	-0.98	-0.98	-0.98	0.98
-0.392612	-0.166723	-0.98	-0.98	0.98	-0.98	-0.98
0.175807	-0.597460	-0.98	-0.98	-0.98	0.98	-0.98
0.987345	-0.258112	-0.98	-0.98	-0.98	0.98	-0.98
0.194330	-0.030494	-0.98	-0.98	-0.98	-0.98	0.98
-0.327042	-0.732202	-0.98	-0.98	0.98	-0.98	-0.98
0.925890	-0.140251	-0.98	-0.98	-0.98	0.98	-0.98
-0.844648	0.274235	0.98	-0.98	-0.98	-0.98	-0.98
0.649336	0.752585	-0.98	0.98	-0.98	-0.98	-0.98
0.308999	-0.785680	-0.98	-0.98	-0.98	0.98	-0.98
-0.304100	-0.924869	-0.98	-0.98	0.98	-0.98	-0.98
0.030686	0.971365	-0.98	-0.98	-0.98	-0.98	0.98
-0.685142	-0.387237	-0.98	-0.98	0.98	-0.98	-0.98
0.801574	0.131179	-0.98	0.98	-0.98	-0.98	-0.98
-0.852273	0.380588	0.98	-0.98	-0.98	-0.98	-0.98
0.212587	0.854613	-0.98	0.98	-0.98	-0.98	-0.98
-0.122054	0.576891	0.98	-0.98	-0.98	-0.98	-0.98
0.368180	-0.585955	-0.98	-0.98	-0.98	0.98	-0.98
-0.891603	0.445148	0.98	-0.98	-0.98	-0.98	-0.98
0.247134	0.235842	-0.98	0.98	-0.98	-0.98	-0.98
0.970443	0.907151	-0.98	0.98	-0.98	-0.98	-0.98
0.966716	-0.793236	-0.98	-0.98	-0.98	0.98	-0.98
0.337414	0.044234	-0.98	-0.98	-0.98	-0.98	0.98
0.218180	-0.606405	-0.98	-0.98	-0.98	0.98	-0.98
-0.713908	0.831874	0.98	-0.98	-0.98	-0.98	-0.98
0.353754	-0.872566	-0.98	-0.98	-0.98	0.98	-0.98
-0.350574	-0.716679	-0.98	-0.98	0.98	-0.98	-0.98
-0.107689	0.040863	-0.98	-0.98	-0.98	-0.98	0.98
-0.268173	-0.487213	-0.98	-0.98	0.98	-0.98	-0.98
0.705513	0.927394	-0.98	0.98	-0.98	-0.98	-0.98
0.488711	0.530030	-0.98	0.98	-0.98	-0.98	-0.98
0.630166	0.856273	-0.98	0.98	-0.98	-0.98	-0.98
-0.359083	0.350849	0.98	-0.98	-0.98	-0.98	-0.98
0.863870	-0.008923	-0.98	-0.98	-0.98	-0.98	0.98
0.848434	-0.056607	-0.98	-0.98	-0.98	-0.98	0.98
0.002952	-0.060523	-0.98	-0.98	-0.98	-0.98	0.98
0.834975	-0.178276	-0.98	-0.98	-0.98	0.98	-0.98
-0.598662	-0.389600	-0.98	-0.98	0.98	-0.98	-0.98
-0.162886	0.598148	0.98	-0.98	-0.98	-0.98	-0.98
-0.405330	0.024199	-0.98	-0.98	-0.98	-0.98	0.98
0.658909	0.646138	-0.98	0.98	-0.98	-0.98	-0.98
-0.567176	-0.996701	-0.98	-0.98	0.98	-0.98	-0.98
0.877006	-0.388636	-0.98	-0.98	-0.98	0.98	-0.98
0.367320	-0.715011	-0.98	-0.98	-0.98	0.98	-0.98
0.781547	-0.193681	-0.98	-0.98	-0.98	0.98	-0.98
0.771675	0.581289	-0.98	0.98	-0.98	-0.98	-0.98
-0.400594	0.480522	0.98	-0.98	-0.98	-0.98	-0.98
0.556137	-0.400878	-0.98	-0.98	-0.98	0.98	-0.98
-0.670530	-0.167564	-0.98	-0.98	0.98	-0.98	-0.98
-0.442322	-0.396236	-0.98	-0.98	0.98	-0.98	-0.98
-0.839345	0.360300	0.98	-0.98	-0.98	-0.98	-0.98
0.871014	0.187520	-0.98	0.98	-0.98	-0.98	-0.98
0.809259	-0.898049	-0.98	-0.98	-0.98	0.98	-0.98
-0.670853	0.921004	0.98	-0.98	-0.98	-0.98	-0.98
0.652777	-0.278946	-0.98	-0.98	-0.98	0.98	-0.98
0.110412	0.802888	-0.98	0.98	-0.98	-0.98	-0.98
0.768292	0.859609	-0.98	0.98	-0.98	-0.98	-0.98
0.472654	-0.393269	-0.98	-0.98	-0.98	0.98	-0.98
0.986235	-0.019335	-0.98	-0.98	-0.98	-0.98	0.98
-0.165720	-0.978920	-0.98	-0.98	0.98	-0.98	-0.98
-0.100693	-0.691205	-0.98	-0.98	0.98	-0.98	-0.98
-0.316869	-0.227779	-0.98	-0.98	0.98	-0.98	-0.98
0.801420	0.208779	-0.98	0.98	-0.98	-0.98	-0.98
0.149945	-0.540143	-0.98	-0.98	-0.98	0.98	-0.98
0.770140	-0.293514	-0.98	-0.98	-0.98	0.98	-0.98
-0.380123	0.498187	0.98	-0.98	-0.98	-0.98	-0.98
-0.094948	-0.753807	-0.98	-0.98	-0.98	-0.98	0.98
-0.551913	0.648114	0.98	-0.98	-0.98	-0.98	-0.98
0.160006	-0.661802	-0.98	-0.98	-0.98	0.98	-0.98
-0.369290	0.459057	0.98	-0.98	-0.98	-0.98	-0.98
-0.825198	-0.823052	-0.98	-0.98	0.98	-0.98	-0.98
-0.109626	-0.167877	-0.98	-0.98	0.98	-0.98	-0.98
0.085074	-0.138511	-0.98	-0.98	-0.98	-0.98	0.98
0.100616	-0.732198	-0.98	-0.98	-0.98	0.98	-0.98
0.325693	0.400137	-0.98	0.98	-0.98	-0.98	-0.98
0.327880	0.428101	-0.98	0.98	-0.98	-0.98	-0.98
0.568905	-0.357146	-0.98	-0.98	-0.98	0.98	-0.98
0.646707	-0.425334	-0.98	-0.98	-0.98	0.98	-0.98
0.113360	0.322971	-0.98	0.98	-0.98	-0.98	-0.98
0.490834	0.710093	-0.98	0.98	-0.98	-0.98	-0.98
-0.726236	-0.249901	-0.98	-0.98	0.98	-0.98	-0.98
-0.840460	-0.843904	-0.98	-0.98	0.98	-0.98	-0.98
0.346751	-0.524745	-0.98	-0.98	-0.98	0.98	-0.98
0.470858	-0.932633	-0.98	-0.98	-0.98	0.98	-0.98
0.810438	0.219809	-0.98	0.98	-0.98	-0.98	-0.98
-0.519294	0.087413	-0.98	-0.98	-0.98	-0.98	0.98
-0.046565	-0.916684	-0.98	-0.98	-0.98	-0.98	0.98
-0.583853	-0.929329	-0.98	-0.98	0.98	-0.98	-0.98
0.406206	0.850524	-0.98	0.98	-0.98	-0.98	-0.98
-0.644231	-0.321792	-0.98	-0.98	0.98	-0.98	-0.98
0.152520	-0.669559	-0.98	-0.98	-0.98	0.98	-0.98
0.371541	-0.766898	-0.98	-0.98	-0.98	0.98	-0.98
-0.541014	-0.229787	-0.98	-0.98	0.98	-0.98	-0.98
-0.722845	0.403556	0.98	-0.98	-0.98	-0.98	-0.98
0.652212	-0.831616	-0.98	-0.98	-0.98	0.98	-0.98
-0.682468	0.370068	0.98	-0.98	-0.98	-0.98	-0.98
-0.812921	-0.986642	-0.98	-0.98	0.98	-0.98	-0.98
0.534564	0.554453	-0.98	0.98	-0.98	-0.98	-0.98
0.277551	0.506091	-0.98	0.98	-0.98	-0.98	-0.98
0.618985	0.400075	-0.98	0.98	-0.98	-0.98	-0.98
0.089678	-0.079795	-0.98	-0.98	-0.98	-0.98	0.98
-0.164102	-0.380078	-0.98	-0.98	0.98	-0.98	-0.98
0.435323	-0.135056	-0.98	-0.98	-0.98	0.98	-0.98
0.697722	-0.960425	-0.98	-0.98	-0.98	0.98	-0.98
-0.036217	-0.448783	-0.98	-0.98	-0.98	-0.98	0.98
-0.373802	0.585004	0.98	-0.98	-0.98	-0.98	-0.98
0.646275	-0.206857	-0.98	-0.98	-0.98	0.98	-0.98
-0.198683	0.092998	-0.98	-0.98	-0.98	-0.98	0.98
0.815881	0.851417	-0.98	0.98	-0.98	-0.98	-0.98
0.390661	0.509045	-0.98	0.98	-0.98	-0.98	-0.98
-0.569226	0.580905	0.98	-0.98	-0.98	-0.98	-0.98
-0.537875	0.034717	-0.98	-0.98	-0.98	-0.98	0.98
0.679127	-0.554116	-0.98	-0.98	-0.98	0.98	-0.98
0.123436	0.883062	-0.98	0.98	-0.98	-0.98	-0.98
-0.859519	-0.375655	-0.98	-0.98	0.98	-0.98	-0.98
-0.212404	-0.919093	-0.98	-0.98	0.98	-0.98	-0.98
0.191865	0.742675	-0.98	0.98	-0.98	-0.98	-0.98
0.066801	-0.406952	-0.98	-0.98	-0.98	-0.98	0.98
0.009581	0.279515	-0.98	-0.98	-0.98	-0.98	0.98
-0.413329	0.564593	0.98	-0.98	-0.98	-0.98	-0.98
-0.415809	-0.609271	-0.98	-0.98	0.98	-0.98	-0.98
-0.060846	-0.484773	-0.98	-0.98	-0.98	-0.98	0.98
0.532830	-0.774337	-0.98	-0.98	-0.98	0.98	-0.98
0.708478	-0.222848	-0.98	-0.98	-0.98	0.98	-0.98
-0.563780	-0.858544	-0.98	-0.98	0.98	-0.98	-0.98
0.393847	0.650389	-0.98	0.98	-0.98	-0.98	-0.98
-0.844104	-0.051334	-0.98	-0.98	-0.98	-0.98	0.98
0.210739	0.100042	-0.98	0.98	-0.98	-0.98	-0.98
0.628631	0.199719	-0.98	0.98	-0.98	-0.98	-0.98
-0.518293	0.035877	-0.98	-0.98	-0.98	-0.98	0.98
0.334381	-0.882587	-0.98	-0.98	-0.98	0.98	-0.98
0.018791	-0.569085	-0.98	-0.98	-0.98	-0.98	0.98
0.593542	0.483847	-0.98	0.98	-0.98	-0.98	-0.98
0.589009	-0.183200	-0.98	-0.98	-0.98	0.98	-0.98
-0.969700	-0.288564	-0.98	-0.98	0.98	-0.98	-0.98
-0.371893	-0.573456	-0.98	-0.98	0.98	-0.98	-0.98
-0.128005	-0.500661	-0.98	-0.98	0.98	-0.98	-0.98
0.073658	-0.916828	-0.98	-0.98	-0.98	-0.98	0.98
-0.023140	-0.831158	-0.98	-0.98	-0.98	-0.98	0.98
-0.856023	-0.580563	-0.98	-0.98	0.98	-0.98	-0.98
-0.111615	0.751013	0.98	-0.98	-0.98	-0.98	-0.98
0.794138	-0.608007	-0.98	-0.98	-0.98	0.98	-0.98
-0.687327	-0.947353	-0.98	-0.98	0.98	-0.98	-0.98
-0.084507	0.017291	-0.98	-0.98	-0.98	-0.98	0.98
-0.242540	-0.736180	-0.98	-0.98	0.98	-0.98	-0.98
-0.070083	-0.947504	-0.98	-0.98	-0.98	-0.98	0.98
-0.026876	-0.407698	-0.98	-0.98	-0.98	-0.98	0.98
0.645520	0.817373	-0.98	0.98	-0.98	-0.98	-0.98
-0.279275	0.393369	0.98	-0.98	-0.98	-0.98	-0.98
-0.261058	-0.451145	-0.98	-0.98	0.98	-0.98	-0.98
0.332181	0.720134	-0.98	0.98	-0.98	-0.98	-0.98
-0.839945	0.066529	-0.98	-0.98	-0.98	-0.98	0.98
-0.469632	-0.495120	-0.98	-0.98	0.98	-0.98	-0.98
-0.049771	0.872641	-0.98	-0.98	-0.98	-0.98	0.98
0.047743	0.420411	-0.98	-0.98	-0.98	-0.98	0.98
0.247027	-0.295826	-0.98	-0.98	-0.98	0.98	-0.98
-0.262598	0.259999	0.98	-0.98	-0.98	-0.98	-0.98
0.411633	0.748514	-0.98	0.98	-0.98	-0.98	-0.98
-0.946938	0.436564	0.98	-0.98	-0.98	-0.98	-0.98
0.011890	0.119368	-0.98	-0.98	-0.98	-0.98	0.98
-0.456183	-0.509464	-0.98	-0.98	0.98	-0.98	-0.98
-0.460574	0.190215	0.98	-0.98	-0.98	-0.98	-0.98
0.151710	0.983078	-0.98	0.98	-0.98	-0.98	-0.98
-0.472880	-0.349403	-0.98	-0.98	0.98	-0.98	-0.98
0.740860	0.348761	-0.98	0.98	-0.98	-0.98	-0.98
0.731046	-0.794685	-0.98	-0.98	-0.98	0.98	-0.98
-0.698534	0.029493	-0.98	-0.98	-0.98	-0.98	0.98
0.427482	-0.698725	-0.98	-0.98	-0.98	0.98	-0.98
0.444293	0.441635	-0.98	0.98	-0.98	-0.98	-0.98
-0.483524	-0.532752	-0.98	-0.98	0.98	-0.98	-0.98
0.169145	0.148787	-0.98	0.98	-0.98	-0.98	-0.98
0.473406	0.979374	-0.98	0.98	-0.98	-0.98	-0.98
-0.312086	0.378205	0.98	-0.98	-0.98	-0.98	-0.98
-0.497030	0.077808	-0.98	-0.98	-0.98	-0.98	0.98
-0.266916	-0.878184	-0.98	-0.98	0.98	-0.98	-0.98
-0.833226	0.134381	0.98	-0.98	-0.98	-0.98	-0.98
-0.317268	-0.288452	-0.98	-0.98	0.98	-0.98	-0.98
0.735186	0.175519	-0.98	0.98	-0.98	-0.98	-0.98
0.014364	0.659626	-0.98	-0.98	-0.98	-0.98	0.98
0.679862	0.624051	-0.98	0.98	-0.98	-0.98	-0.98
0.659298	-0.959060	-0.98	-0.98	-0.98	0.98	-0.98
0.623283	0.239457	-0.98	0.98	-0.98	-0.98	-0.98
0.748025	0.324845	-0.98	0.98	-0.98	-0.98	-0.98
0.776113	0.695218	-0.98	0.98	-0.98	-0.98	-0.98
0.027460	0.436697	-0.98	-0.98	-0.98	-0.98	0.98
-0.325994	-0.165596	-0.98	-0.98	0.98	-0.98	-0.98
0.047321	0.548335	-0.98	-0.98	-0.98	-0.98	0.98
-0.349551	0.578264	0.98	-0.98	-0.98	-0.98	-0.98
-0.526972	-0.736408	-0.98	-0.98	0.98	-0.98	-0.98
0.825693	-0.356579	-0.98	-0.98	-0.98	0.98	-0.98
-0.992659	-0.760445	-0.98	-0.98	0.98	-0.98	-0.98
-0.411327	-0.790257	-0.98	-0.98	0.98	-0.98	-0.98
0.469143	-0.296157	-0.98	-0.98	-0.98	0.98	-0.98
-0.328699	0.664573	0.98	-0.98	-0.98	-0.98	-0.98
0.040947	0.832840	-0.98	-0.98	-0.98	-0.98	0.98
0.165877	0.640995	-0.98	0.98	-0.98	-0.98	-0.98
0.443250	-0.115903	-0.98	-0.98	-0.98	0.98	-0.98
0.232594	0.045484	-0.98	-0.98	-0.98	-0.98	0.98
-0.946823	0.394849	0.98	-0.98	-0.98	-0.98	-0.98
-0.159764	-0.972219	-0.98	-0.98	0.98	-0.98	-0.98
-0.107767	-0.932518	-0.98	-0.98	0.98	-0.98	-0.98
-0.089902	-0.865718	-0.98	-0.98	-0.98	-0.98	0.98
-0.392013	0.598935	0.98	-0.98	-0.98	-0.98	-0.98
0.607063	0.240007	-0.98	0.98	-0.98	-0.98	-0.98
-0.107983	-0.078620	-0.98	-0.98	-0.98	-0.98	0.98
0.204775	-0.867571	-0.98	-0.98	-0.98	0.98	-0.98
0.831701	0.491865	-0.98	0.98	-0.98	-0.98	-0.98
0.416522	0.133336	-0.98	0.98	-0.98	-0.98	-0.98
-0.277143	-0.047571	-0.98	-0.98	-0.98	-0.98	0.98
-0.640473	-0.409977	-0.98	-0.98	0.98	-0.98	-0.98
-0.426208	-0.901463	-0.98	-0.98	0.98	-0.98	-0.98
-0.689130	-0.967870	-0.98	-0.98	0.98	-0.98	-0.98
0.523701	0.317744	-0.98	0.98	-0.98	-0.98	-0.98
0.527667	-0.452362	-0.98	-0.98	-0.98	0.98	-0.98
0.036649	0.471820	-0.98	-0.98	-0.98	-0.98	0.98
0.117845	-0.856785	-0.98	-0.98	-0.98	0.98	-0.98
0.254319	-0.640299	-0.98	-0.98	-0.98	0.98	-0.98
0.458159	0.448294	-0.98	0.98	-0.98	-0.98	-0.98
0.531247	0.340607	-0.98	0.98	-0.98	-0.98	-0.98
-0.152947	-0.353997	-0.98	-0.98	0.98	-0.98	-0.98
0.256820	0.442211	-0.98	0.98	-0.98	-0.98	-0.98
0.854261	-0.103826	-0.98	-0.98	-0.98	0.98	-0.98
-0.720068	0.229210	0.98	-0.98	-0.98	-0.98	-0.98
-0.429299	-0.409035	-0.98	-0.98	0.98	-0.98	-0.98
-0.177774	-0.640816	-0.98	-0.98	0.98	-0.98	-0.98
-0.964858	-0.821456	-0.98	-0.98	0.98	-0.98	-0.98
-0.546812	-0.290926	-0.98	-0.98	0.98	-0.98	-0.98
-0.631179	-0.548876	-0.98	-0.98	0.98	-0.98	-0.98
0.431376	-0.159265	-0.98	-0.98	-0.98	0.98	-0.98
-0.126682	-0.484461	-0.98	-0.98	0.98	-0.98	-0.98
-0.671084	-0.968156	-0.98	-0.98	0.98	-0.98	-0.98
-0.580416	0.610972	0.98	-0.98	-0.98	-0.98	-0.98
-0.015600	0.820545	-0.98	-0.98	-0.98	-0.98	0.98
-0.777871	0.274408	0.98	-0.98	-0.98	-0.98	-0.98
0.924698	-0.699859	-0.98	-0.98	-0.98	0.98	-0.98
-0.327316	-0.554341	-0.98	-0.98	0.98	-0.98	-0.98
-0.711102	0.729139	0.98	-0.98	-0.98	-0.98	-0.98
-0.238238	-0.594154	-0.98	-0.98	0.98	-0.98	-0.98
-0.078250	0.856188	-0.98	-0.98	-0.98	-0.98	0.98
0.465785	-0.763396	-0.98	-0.98	-0.98	0.98	-0.98
-0.207322	0.393397	0.98	-0.98	-0.98	-0.98	-0.98
0.179459	-0.417078	-0.98	-0.98	-0.98	0.98	-0.98
0.175879	-0.224466	-0.98	-0.98	-0.98	0.98	-0.98
-0.499360	0.682939	0.98	-0.98	-0.98	-0.98	-0.98
-0.315509	0.505875	0.98	-0.98	-0.98	-0.98	-0.98
-0.015256	0.601957	-0.98	-0.98	-0.98	-0.98	0.98
0.454648	0.282034	-0.98	0.98	-0.98	-0.98	-0.98
0.860669	0.310337	-0.98	0.98	-0.98	-0.98	-0.98
0.544585	-0.525039	-0.98	-0.98	-0.98	0.98	-0.98
0.567928	-0.090590	-0.98	-0.98	-0.98	-0.98	0.98
-0.425316	0.884791	0.98	-0.98	-0.98	-0.98	-0.98
0.923396	-0.324118	-0.98	-0.98	-0.98	0.98	-0.98
-0.230162	-0.702591	-0.98	-0.98	0.98	-0.98	-0.98
-0.660843	-0.633371	-0.98	-0.98	0.98	-0.98	-0.98
0.725598	0.545864	-0.98	0.98	-0.98	-0.98	-0.98
-0.375206	-0.103172	-0.98	-0.98	0.98	-0.98	-0.98
-0.246566	-0.520317	-0.98	-0.98	0.98	-0.98	-0.98
-0.297042	-0.962537	-0.98	-0.98	0.98	-0.98	-0.98
0.555556	-0.119779	-0.98	-0.98	-0.98	0.98	-0.98
-0.493531	0.916796	0.98	-0.98	-0.98	-0.98	-0.98
0.530545	0.544446	-0.98	0.98	-0.98	-0.98	-0.98
-0.802822	0.365333	0.98	-0.98	-0.98	-0.98	-0.98
0.756806	0.599188	-0.98	0.98	-0.98	-0.98	-0.98
-0.982819	0.071963	-0.98	-0.98	-0.98	-0.98	0.98
-0.048212	-0.654699	-0.98	-0.98	-0.98	-0.98	0.98
0.121970	-0.455527	-0.98	-0.98	-0.98	0.98	-0.98
0.826083	0.821351	-0.98	0.98	-0.98	-0.98	-0.98
-0.938588	-0.279378	-0.98	-0.98	0.98	-0.98	-0.98
-0.115162	-0.118709	-0.98	-0.98	0.98	-0.98	-0.98
-0.905510	0.304119	0.98	-0.98	-0.98	-0.98	-0.98
0.349774	-0.942843	-0.98	-0.98	-0.98	0.98	-0.98
0.651256	0.644455	-0.98	0.98	-0.98	-0.98	-0.98
0.692548	-0.816204	-0.98	-0.98	-0.98	0.98	-0.98
0.926271	0.131881	-0.98	0.98	-0.98	-0.98	-0.98
0.953334	0.852009	-0.98	0.98	-0.98	-0.98	-0.98
-0.988451	-0.879523	-0.98	-0.98	0.98	-0.98	-0.98
-0.492436	-0.139741	-0.98	-0.98	0.98	-0.98	-0.98
0.858400	-0.540508	-0.98	-0.98	-0.98	0.98	-0.98
0.751707	-0.096334	-0.98	-0.98	-0.98	-0.98	0.98
0.870483	-0.516795	-0.98	-0.98	-0.98	0.98	-0.98
-0.943995	0.236219	0.98	-0.98	-0.98	-0.98	-0.98
-0.045280	-0.312718	-0.98	-0.98	-0.98	-0.98	0.98
0.346804	0.635429	-0.98	0.98	-0.98	-0.98	-0.98
-0.332716	0.341588	0.98	-0.98	-0.98	-0.98	-0.98
-0.848706	-0.914226	-0.98	-0.98	0.98	-0.98	-0.98
0.558783	0.938008	-0.98	0.98	-0.98	-0.98	-0.98
-0.591241	0.271131	0.98	-0.98	-0.98	-0.98	-0.98
-0.734594	-0.874796	-0.98	-0.98	0.98	-0.98	-0.98
-0.391634	-0.226634	-0.98	-0.98	0.98	-0.98	-0.98
-0.550705	0.692289	0.98	-0.98	-0.98	-0.98	-0.98
0.800481	0.603970	-0.98	0.98	-0.98	-0.98	-0.98
0.736601	-0.062616	-0.98	-0.98	-0.98	-0.98	0.98
0.875726	0.188579	-0.98	0.98	-0.98	-0.98	-0.98
0.753877	-0.948024	-0.98	-0.98	-0.98	0.98	-0.98
0.239091	-0.169878	-0.98	-0.98	-0.98	0.98	-0.98
0.435559	0.217450	-0.98	0.98	-0.98	-0.98	-0.98
-0.109280	0.447152	0.98	-0.98	-0.98	-0.98	-0.98
-0.524377	-0.434365	-0.98	-0.98	0.98	-0.98	-0.98
-0.076955	-0.147689	-0.98	-0.98	-0.98	-0.98	0.98
-0.258444	-0.542153	-0.98	-0.98	0.98	-0.98	-0.98
-0.413275	0.616933	0.98	-0.98	-0.98	-0.98	-0.98
-0.493282	0.468301	0.98	-0.98	-0.98	-0.98	-0.98
-0.814928	0.725767	0.98	-0.98	-0.98	-0.98	-0.98
-0.692899	-0.240647	-0.98	-0.98	0.98	-0.98	-0.98
-0.815454	-0.877872	-0.98	-0.98	0.98	-0.98	-0.98
0.672729	-0.032368	-0.98	-0.98	-0.98	-0.98	0.98
-0.779617	0.112974	0.98	-0.98	-0.98	-0.98	-0.98
0.655913	-0.806212	-0.98	-0.98	-0.98	0.98	-0.98
0.032584	-0.826688	-0.98	-0.98	-0.98	-0.98	0.98
0.545954	0.675693	-0.98	0.98	-0.98	-0.98	-0.98
0.460358	0.413159	-0.98	0.98	-0.98	-0.98	-0.98
0.275597	0.498524	-0.98	0.98	-0.98	-0.98	-0.98
-0.718080	0.353671	0.98	-0.98	-0.98	-0.98	-0.98
0.020502	0.924726	-0.98	-0.98	-0.98	-0.98	0.98
-0.911203	0.029739	-0.98	-0.98	-0.98	-0.98	0.98
-0.165821	-0.250017	-0.98	-0.98	0.98	-0.98	-0.98
-0.409480	-0.293962	-0.98	-0.98	0.98	-0.98	-0.98
-0.389505	0.315672	0.98	-0.98	-0.98	-0.98	-0.98
0.122320	-0.873737	-0.98	-0.98	-0.98	0.98	-0.98
0.256844	0.852124	-0.98	0.98	-0.98	-0.98	-0.98
-0.371141	0.657587	0.98	-0.98	-0.98	-0.98	-0.98
-0.144342	0.711142	0.98	-0.98	-0.98	-0.98	-0.98
-0.327459	0.883385	0.98	-0.98	-0.98	-0.98	-0.98
-0.201936	0.992520	0.98	-0.98	-0.98	-0.98	-0.98
-0.845268	-0.529024	-0.98	-0.98	0.98	-0.98	-0.98
0.777067	0.173149	-0.98	0.98	-0.98	-0.98	-0.98
0.951930	0.510082	-0.98	0.98	-0.98	-0.98	-0.98
0.634161	0.911180	-0.98	0.98	-0.98	-0.98	-0.98
0.374046	-0.951277	-0.98	-0.98	-0.98	0.98	-0.98
-0.622693	0.332908	0.98	-0.98	-0.98	-0.98	-0.98
-0.878301	-0.668906	-0.98	-0.98	0.98	-0.98	-0.98
0.338050	-0.480095	-0.98	-0.98	-0.98	0.98	-0.98
0.255750	0.417138	-0.98	0.98	-0.98	-0.98	-0.98
0.493357	0.692151	-0.98	0.98	-0.98	-0.98	-0.98
0.176797	0.809676	-0.98	0.98	-0.98	-0.98	-0.98
-0.632993	0.668132	0.98	-0.98	-0.98	-0.98	-0.98
0.047778	-0.023802	-0.98	-0.98	-0.98	-0.98	0.98
0.787626	0.922959	-0.98	0.98	-0.98	-0.98	-0.98
0.123206	0.907590	-0.98	0.98	-0.98	-0.98	-0.98
-0.879835	-0.760336	-0.98	-0.98	0.98	-0.98	-0.98
-0.644219	0.234295	0.98	-0.98	-0.98	-0.98	-0.98
0.631759	0.099336	-0.98	-0.98	-0.98	-0.98	0.98
0.459862	0.729961	-0.98	0.98	-0.98	-0.98	-0.98
0.097492	-0.237050	-0.98	-0.98	-0.98	-0.98	0.98
0.495847	-0.612184	-0.98	-0.98	-0.98	0.98	-0.98
-0.502563	0.960731	0.98	-0.98	-0.98	-0.98	-0.98
0.137923	0.208158	-0.98	0.98	-0.98	-0.98	-0.98
0.691978	-0.660631	-0.98	-0.98	-0.98	0.98	-0.98
-0.341260	0.071265	-0.98	-0.98	-0.98	-0.98	0.98
0.053675	0.879955	-0.98	-0.98	-0.98	-0.98	0.98
-0.693189	0.503229	0.98	-0.98	-0.98	-0.98	-0.98
-0.645079	0.578317	0.98	-0.98	-0.98	-0.98	-0.98
0.489766	0.450254	-0.98	0.98	-0.98	-0.98	-0.98
0.905036	-0.625248	-0.98	-0.98	-0.98	0.98	-0.98
0.677295	-0.054707	-0.98	-0.98	-0.98	-0.98	0.98
0.122160	0.033035	-0.98	-0.98	-0.98	-0.98	0.98
0.433162	-0.835482	-0.98	-0.98	-0.98	0.98	-0.98
0.236173	-0.579158	-0.98	-0.98	-0.98	0.98	-0.98
-0.023029	0.248515	-0.98	-0.98	-0.98	-0.98	0.98
0.020215	-0.065642	-0.98	-0.98	-0.98	-0.98	0.98
-0.189108	-0.035997	-0.98	-0.98	-0.98	-0.98	0.98
-0.539918	0.239590	0.98	-0.98	-0.98	-0.98	-0.98
0.056114	0.804413	-0.98	-0.98	-0.98	-0.98	0.98
0.753365	-0.630954	-0.98	-0.98	-0.98	0.98	-0.98
-0.826101	-0.487010	-0.98	-0.98	0.98	-0.98	-0.98
-0.646192	0.463417	0.98	-0.98	-0.98	-0.98	-0.98
-0.754730	-0.757651	-0.98	-0.98	0.98	-0.98	-0.98
-0.642648	0.774679	0.98	-0.98	-0.98	-0.98	-0.98
-0.403589	-0.895266	-0.98	-0.98	0.98	-0.98	-0.98
-0.079694	-0.831775	-0.98	-0.98	-0.98	-0.98	0.98
-0.852240	-0.697282	-0.98	-0.98	0.98	-0.98	-0.98
0.257861	-0.451084	-0.98	-0.98	-0.98	0.98	-0.98
0.914599	-0.101889	-0.98	-0.98	-0.98	0.98	-0.98
-0.645649	-0.460315	-0.98	-0.98	0.98	-0.98	-0.98
0.605932	-0.481075	-0.98	-0.98	-0.98	0.98	-0.98
0.617013	-0.176129	-0.98	-0.98	-0.98	0.98	-0.98
0.673255	0.281886	-0.98	0.98	-0.98	-0.98	-0.98
0.758709	-0.580513	-0.98	-0.98	-0.98	0.98	-0.98
0.792218	0.038575	-0.98	-0.98	-0.98	-0.98	0.98
0.309303	-0.573815	-0.98	-0.98	-0.98	0.98	-0.98
0.618912	-0.747556	-0.98	-0.98	-0.98	0.98	-0.98
-0.035986	-0.579957	-0.98	-0.98	-0.98	-0.98	0.98
-0.928011	-0.952151	-0.98	-0.98	0.98	-0.98	-0.98
0.418484	-0.879602	-0.98	-0.98	-0.98	0.98	-0.98
-0.699787	-0.377858	-0.98	-0.98	0.98	-0.98	-0.98
0.483376	0.699941	-0.98	0.98	-0.98	-0.98	-0.98
-0.580348	-0.075833	-0.98	-0.98	-0.98	-0.98	0.98
0.659156	-0.425314	-0.98	-0.98	-0.98	0.98	-0.98
0.065868	-0.303348	-0.98	-0.98	-0.98	-0.98	0.98
-0.812600	-0.966989	-0.98	-0.98	0.98	-0.98	-0.98
-0.011589	0.723415	-0.98	-0.98	-0.98	-0.98	0.98
0.190362	0.410218	-0.98	0.98	-0.98	-0.98	-0.98
-0.812238	-0.666825	-0.98	-0.98	0.98	-0.98	-0.98
-0.771505	0.099992	-0.98	-0.98	-0.98	-0.98	0.98
-0.893347	0.246337	0.98	-0.98	-0.98	-0.98	-0.98
0.939679	0.858005	-0.98	0.98	-0.98	-0.98	-0.98
-0.416805	0.587337	0.98	-0.98	-0.98	-0.98	-0.98
-0.822164	-0.893888	-0.98	-0.98	0.98	-0.98	-0.98
0.126999	-0.687553	-0.98	-0.98	-0.98	0.98	-0.98
0.549851	-0.671959	-0.98	-0.98	-0.98	0.98	-0.98
-0.228365	0.024797	-0.98	-0.98	-0.98	-0.98	0.98
-0.835798	0.292432	0.98	-0.98	-0.98	-0.98	-0.98
0.214667	-0.531536	-0.98	-0.98	-0.98	0.98	-0.98
0.528647	-0.501446	-0.98	-0.98	-0.98	0.98	-0.98
0.011152	0.785174	-0.98	-0.98	-0.98	-0.98	0.98
0.938405	0.715977	-0.98	0.98	-0.98	-0.98	-0.98
-0.545735	-0.186970	-0.98	-0.98	0.98	-0.98	-0.98
-0.590829	0.772563	0.98	-0.98	-0.98	-0.98	-0.98
-0.516280	0.692940	0.98	-0.98	-0.98	-0.98	-0.98
-0.342353	-0.277896	-0.98	-0.98	0.98	-0.98	-0.98
0.093702	-0.332189	-0.98	-0.98	-0.98	-0.98	0.98
0.480009	-0.349258	-0.98	-0.98	-0.98	0.98	-0.98
-0.434118	0.082690	-0.98	-0.98	-0.98	-0.98	0.98
-0.350180	-0.717158	-0.98	-0.98	0.98	-0.98	-0.98
0.536071	0.095708	-0.98	-0.98	-0.98	-0.98	0.98
-0.645576	0.818934	0.98	-0.98	-0.98	-0.98	-0.98
0.209174	0.289197	-0.98	0.98	-0.98	-0.98	-0.98
0.022295	-0.257632	-0.98	-0.98	-0.98	-0.98	0.98
0.567313	-0.007259	-0.98	-0.98	-0.98	-0.98	0.98
-0.440167	0.502518	0.98	-0.98	-0.98	-0.98	-0.98
-0.298573	0.696866	0.98	-0.98	-0.98	-0.98	-0.98
0.391415	0.422473	-0.98	0.98	-0.98	-0.98	-0.98
0.413405	-0.741390	-0.98	-0.98	-0.98	0.98	-0.98
-0.378873	0.939483	0.98	-0.98	-0.98	-0.98	-0.98
0.223705	0.698956	-0.98	0.98	-0.98	-0.98	-0.98
-0.219443	0.411119	0.98	-0.98	-0.98	-0.98	-0.98
-0.296651	-0.664357	-0.98	-0.98	0.98	-0.98	-0.98
0.940481	0.365199	-0.98	0.98	-0.98	-0.98	-0.98
-0.009263	-0.035812	-0.98	-0.98	-0.98	-0.98	0.98
-0.960621	0.454815	0.98	-0.98	-0.98	-0.98	-0.98
-0.976631	-0.429604	-0.98	-0.98	0.98	-0.98	-0.98
0.897455	0.190606	-0.98	0.98	-0.98	-0.98	-0.98
0.277924	0.279862	-0.98	0.98	-0.98	-0.98	-0.98
0.959931	0.088208	-0.98	-0.98	-0.98	-0.98	0.98
0.876356	-0.187748	-0.98	-0.98	-0.98	0.98	-0.98
-0.664171	-0.966374	-0.98	-0.98	0.98	-0.98	-0.98
-0.652304	0.940824	0.98	-0.98	-0.98	-0.98	-0.98
-0.892214	0.296172	0.98	-0.98	-0.98	-0.98	-0.98
0.143928	0.506412	-0.98	0.98	-0.98	-0.98	-0.98
0.010898	-0.112095	-0.98	-0.98	-0.98	-0.98	0.98
-0.605113	0.566476	0.98	-0.98	-0.98	-0.98	-0.98
0.652395	0.632166	-0.98	0.98	-0.98	-0.98	-0.98
-0.329540	-0.589555	-0.98	-0.98	0.98	-0.98	-0.98
0.586157	-0.252159	-0.98	-0.98	-0.98	0.98	-0.98
0.134998	-0.994190	-0.98	-0.98	-0.98	0.98	-0.98
0.610520	0.601025	-0.98	0.98	-0.98	-0.98	-0.98
0.350533	-0.157942	-0.98	-0.98	-0.98	0.98	-0.98
-0.738581	0.710331	0.98	-0.98	-0.98	-0.98	-0.98
-0.703428	0.656655	0.98	-0.98	-0.98	-0.98	-0.98
-0.744043	0.759109	0.98	-0.98	-0.98	-0.98	-0.98
-0.299960	0.701616	0.98	-0.98	-0.98	-0.98	-0.98
-0.341034	-0.047945	-0.98	-0.98	-0.98	-0.98	0.98
-0.431304	-0.523665	-0.98	-0.98	0.98	-0.98	-0.98
0.775509	-0.093297	-0.98	-0.98	-0.98	-0.98	0.98
-0.646910	-0.038120	-0.98	-0.98	-0.98	-0.98	0.98
-0.103225	-0.085413	-0.98	-0.98	-0.98	-0.98	0.98
-0.704657	-0.865238	-0.98	-0.98	0.98	-0.98	-0.98
-0.612257	0.808334	0.98	-0.98	-0.98	-0.98	-0.98
0.364013	-0.513227	-0.98	-0.98	-0.98	0.98	-0.98
-0.256663	-0.652737	-0.98	-0.98	0.98	-0.98	-0.98
0.998888	-0.684832	-0.98	-0.98	-0.98	0.98	-0.98
-0.140082	0.029743	-0.98	-0.98	-0.98	-0.98	0.98
-0.541313	0.805541	0.98	-0.98	-0.98	-0.98	-0.98
0.776628	0.218460	-0.98	0.98	-0.98	-0.98	-0.98
-0.776830	-0.308654	-0.98	-0.98	0.98	-0.98	-0.98
0.514770	0.257207	-0.98	0.98	-0.98	-0.98	-0.98
0.244115	-0.877823	-0.98	-0.98	-0.98	0.98	-0.98
0.115233	-0.056635	-0.98	-0.98	-0.98	-0.98	0.98
-0.207493	-0.098615	-0.98	-0.98	-0.98	-0.98	0.98
-0.682351	-0.540016	-0.98	-0.98	0.98	-0.98	-0.98
-0.177470	0.339686	0.98	-0.98	-0.98	-0.98	-0.98
0.447549	-0.004512	-0.98	-0.98	-0.98	-0.98	0.98
-0.196814	0.871119	0.98	-0.98	-0.98	-0.98	-0.98
-0.374430	-0.149864	-0.98	-0.98	0.98	-0.98	-0.98
-0.752164	-0.900947	-0.98	-0.98	0.98	-0.98	-0.98
0.604769	0.230283	-0.98	0.98	-0.98	-0.98	-0.98
0.770975	0.067031	-0.98	-0.98	-0.98	-0.98	0.98
-0.991805	-0.413756	-0.98	-0.98	0.98	-0.98	-0.98
0.518710	0.916056	-0.98	0.98	-0.98	-0.98	-0.98
-0.799323	-0.582590	-0.98	-0.98	0.98	-0.98	-0.98
-0.272519	-0.998868	-0.98	-0.98	0.98	-0.98	-0.98
-0.712915	-0.306065	-0.98	-0.98	0.98	-0.98	-0.98
0.200367	-0.107576	-0.98	-0.98	-0.98	0.98	-0.98
-0.484638	-0.151515	-0.98	-0.98	0.98	-0.98	-0.98
-0.443248	-0.384883	-0.98	-0.98	0.98	-0.98	-0.98
-0.058062	-0.515362	-0.98	-0.98	-0.98	-0.98	0.98
-0.114519	-0.092321	-0.98	-0.98	-0.98	-0.98	0.98
-0.840923	-0.281831	-0.98	-0.98	0.98	-0.98	-0.98
0.488117	0.157232	-0.98	0.98	-0.98	-0.98	-0.98
0.055152	-0.072205	-0.98	-0.98	-0.98	-0.98	0.98
0.940900	-0.863704	-0.98	-0.98	-0.98	0.98	-0.98
0.826486	-0.032573	-0.98	-0.98	-0.98	-0.98	0.98
-0.328605	-0.502824	-0.98	-0.98	0.98	-0.98	-0.98
0.102150	0.859165	-0.98	0.98	-0.98	-0.98	-0.98
-0.801005	0.406635	0.98	-0.98	-0.98	-0.98	-0.98
-0.723624	0.311987	0.98	-0.98	-0.98	-0.98	-0.98
0.026450	0.116240	-0.98	-0.98	-0.98	-0.98	0.98
0.356108	0.470471	-0.98	0.98	-0.98	-0.98	-0.98
0.144457	-0.618115	-0.98	-0.98	-0.98	0.98	-0.98
0.097591	0.400806	-0.98	-0.98	-0.98	-0.98	0.98
-0.729933	0.878921	0.98	-0.98	-0.98	-0.98	-0.98
-0.418917	0.197629	0.98	-0.98	-0.98	-0.98	-0.98
0.584448	0.723922	-0.98	0.98	-0.98	-0.98	-0.98
-0.470075	0.207754	0.98	-0.98	-0.98	-0.98	-0.98
0.679155	-0.578699	-0.98	-0.98	-0.98	0.98	-0.98
-0.355451	0.465089	0.98	-0.98	-0.98	-0.98	-0.98
0.893665	0.703856	-0.98	0.98	-0.98	-0.98	-0.98
-0.260563	-0.217595	-0.98	-0.98	0.98	-0.98	-0.98
0.613035	-0.825478	-0.98	-0.98	-0.98	0.98	-0.98
-0.935917	0.534704	0.98	-0.98	-0.98	-0.98	-0.98
0.639980	-0.079416	-0.98	-0.98	-0.98	-0.98	0.98
-0.523833	0.335316	0.98	-0.98	-0.98	-0.98	-0.98
-0.245556	0.033901	-0.98	-0.98	-0.98	-0.98	0.98
-0.600400	0.430051	0.98	-0.98	-0.98	-0.98	-0.98
0.266858	-0.827763	-0.98	-0.98	-0.98	0.98	-0.98
0.266734	-0.826297	-0.98	-0.98	-0.98	0.98	-0.98
0.164656	0.895689	-0.98	0.98	-0.98	-0.98	-0.98
0.182843	0.687162	-0.98	0.98	-0.98	-0.98	-0.98
-0.867245	-0.553629	-0.98	-0.98	0.98	-0.98	-0.98
0.306433	0.459017	-0.98	0.98	-0.98	-0.98	-0.98
-0.924581	0.029713	-0.98	-0.98	-0.98	-0.98	0.98
-0.232975	0.026061	-0.98	-0.98	-0.98	-0.98	0.98
0.965597	-0.103524	-0.98	-0.98	-0.98	0.98	-0.98
0.896214	0.136826	-0.98	0.98	-0.98	-0.98	-0.98
-0.696817	-0.888161	-0.98	-0.98	0.98	-0.98	-0.98
0.179725	0.918664	-0.98	0.98	-0.98	-0.98	-0.98
0.336952	0.460674	-0.98	0.98	-0.98	-0.98	-0.98
0.388579	0.060007	-0.98	-0.98	-0.98	-0.98	0.98
-0.208811	0.853518	0.98	-0.98	-0.98	-0.98	-0.98
-0.840316	-0.419786	-0.98	-0.98	0.98	-0.98	-0.98
0.509361	-0.419368	-0.98	-0.98	-0.98	0.98	-0.98
0.175464	0.033058	-0.98	-0.98	-0.98	-0.98	0.98
-0.942658	0.252852	0.98	-0.98	-0.98	-0.98	-0.98
-0.199773	-0.650485	-0.98	-0.98	0.98	-0.98	-0.98
-0.145791	0.053317	-0.98	-0.98	-0.98	-0.98	0.98
-0.212285	-0.754716	-0.98	-0.98	0.98	-0.98	-0.98
0.635988	0.727978	-0.98	0.98	-0.98	-0.98	-0.98
0.646403	-0.876198	-0.98	-0.98	-0.98	0.98	-0.98
-0.696804	-0.267474	-0.98	-0.98	0.98	-0.98	-0.98
-0.275682	0.768637	0.98	-0.98	-0.98	-0.98	-0.98
0.390179	0.011720	-0.98	-0.98	-0.98	-0.98	0.98
0.580010	0.894149	-0.98	0.98	-0.98	-0.98	-0.98
0.464180	0.446445	-0.98	0.98	-0.98	-0.98	-0.98
-0.005042	0.003951	-0.98	-0.98	-0.98	-0.98	0.98
-0.175954	0.308171	0.98	-0.98	-0.98	-0.98	-0.98
0.356399	0.391978	-0.98	0.98	-0.98	-0.98	-0.98
-0.967380	-0.746907	-0.98	-0.98	0.98	-0.98	-0.98
0.847562	0.110720	-0.98	0.98	-0.98	-0.98	-0.98
-0.537042	-0.441599	-0.98	-0.98	0.98	-0.98	-0.98
0.703392	-0.006074	-0.98	-0.98	-0.98	-0.98	0.98
-0.435045	-0.170979	-0.98	-0.98	0.98	-0.98	-0.98
0.021759	0.363731	-0.98	-0.98	-0.98	-0.98	0.98
0.300270	0.762923	-0.98	0.98	-0.98	-0.98	-0.98
0.370902	-0.261742	-0.98	-0.98	-0.98	0.98	-0.98
0.703804	-0.737856	-0.98	-0.98	-0.98	0.98	-0.98
-0.251265	-0.707250	-0.98	-0.98	0.98	-0.98	-0.98
0.525404	-0.564198	-0.98	-0.98	-0.98	0.98	-0.98
0.252084	0.321454	-0.98	0.98	-0.98	-0.98	-0.98
0.056663	-0.098244	-0.98	-0.98	-0.98	-0.98	0.98
-0.495789	-0.660284	-0.98	-0.98	0.98	-0.98	-0.98
-0.718498	-0.348709	-0.98	-0.98	0.98	-0.98	-0.98
-0.068354	-0.968817	-0.98	-0.98	-0.98	-0.98	0.98
-0.362714	0.431365	0.98	-0.98	-0.98	-0.98	-0.98
0.428937	-0.531990	-0.98	-0.98	-0.98	0.98	-0.98
0.869953	0.749878	-0.98	0.98	-0.98	-0.98	-0.98
0.707434	0.040991	-0.98	-0.98	-0.98	-0.98	0.98
0.645562	-0.661179	-0.98	-0.98	-0.98	0.98	-0.98
-0.420830	-0.878617	-0.98	-0.98	0.98	-0.98	-0.98
-0.029093	-0.117929	-0.98	-0.98	-0.98	-0.98	0.98
-0.093168	-0.181846	-0.98	-0.98	-0.98	-0.98	0.98
0.854138	-0.314416	-0.98	-0.98	-0.98	0.98	-0.98
-0.043442	0.970385	-0.98	-0.98	-0.98	-0.98	0.98
-0.438703	-0.926507	-0.98	-0.98	0.98	-0.98	-0.98
-0.286800	0.631709	0.98	-0.98	-0.98	-0.98	-0.98
-0.805782	-0.897896	-0.98	-0.98	0.98	-0.98	-0.98
-0.435990	0.105566	0.98	-0.98	-0.98	-0.98	-0.98
-0.310039	0.117820	0.98	-0.98	-0.98	-0.98	-0.98
0.598312	-0.915984	-0.98	-0.98	-0.98	0.98	-0.98
0.656065	-0.818863	-0.98	-0.98	-0.98	0.98	-0.98
-0.894987	-0.985694	-0.98	-0.98	0.98	-0.98	-0.98
-0.705698	-0.329907	-0.98	-0.98	0.98	-0.98	-0.98
0.699046	-0.116065	-0.98	-0.98	-0.98	0.98	-0.98
-0.451838	-0.033715	-0.98	-0.98	-0.98	-0.98	0.98
-0.308335	-0.772197	-0.98	-0.98	0.98	-0.98	-0.98
0.508222	-0.443353	-0.98	-0.98	-0.98	0.98	-0.98
0.292527	-0.822613	-0.98	-0.98	-0.98	0.98	-0.98
0.034637	0.427713	-0.98	-0.98	-0.98	-0.98	0.98
0.691172	0.481118	-0.98	0.98	-0.98	-0.98	-0.98
0.387103	-0.593507	-0.98	-0.98	-0.98	0.98	-0.98
0.116219	-0.580199	-0.98	-0.98	-0.98	0.98	-0.98
0.249227	-0.910890	-0.98	-0.98	-0.98	0.98	-0.98
0.416467	-0.010913	-0.98	-0.98	-0.98	-0.98	0.98
0.491047	-0.216573	-0.98	-0.98	-0.98	0.98	-0.98
0.395535	0.667608	-0.98	0.98	-0.98	-0.98	-0.98
0.298984	-0.149075	-0.98	-0.98	-0.98	0.98	-0.98
-0.138279	-0.310391	-0.98	-0.98	0.98	-0.98	-0.98
-0.489692	0.774194	0.98	-0.98	-0.98	-0.98	-0.98
0.824567	0.876931	-0.98	0.98	-0.98	-0.98	-0.98
0.951556	-0.176519	-0.98	-0.98	-0.98	0.98	-0.98
-0.547554	0.078214	-0.98	-0.98	-0.98	-0.98	0.98
0.715837	0.196874	-0.98	0.98	-0.98	-0.98	-0.98
-0.058140	0.416675	-0.98	-0.98	-0.98	-0.98	0.98
-0.414109	-0.850558	-0.98	-0.98	0.98	-0.98	-0.98
-0.087992	-0.146660	-0.98	-0.98	-0.98	-0.98	0.98
-0.158908	-0.865153	-0.98	-0.98	0.98	-0.98	-0.98
-0.951861	0.652932	0.98	-0.98	-0.98	-0.98	-0.98
-0.538185	-0.959967	-0.98	-0.98	0.98	-0.98	-0.98
0.773484	0.170740	-0.98	0.98	-0.98	-0.98	-0.98
-0.601053	0.961928	0.98	-0.98	-0.98	-0.98	-0.98
0.385936	-0.223129	-0.98	-0.98	-0.98	0.98	-0.98
-0.291176	-0.763021	-0.98	-0.98	0.98	-0.98	-0.98
0.393319	-0.623341	-0.98	-0.98	-0.98	0.98	-0.98
0.389908	0.560776	-0.98	0.98	-0.98	-0.98	-0.98
-0.925373	0.381644	0.98	-0.98	-0.98	-0.98	-0.98
0.588586	0.017680	-0.98	-0.98	-0.98	-0.98	0.98
0.846676	-0.927465	-0.98	-0.98	-0.98	0.98	-0.98
0.295619	0.189869	-0.98	0.98	-0.98	-0.98	-0.98
-0.619606	-0.156681	-0.98	-0.98	0.98	-0.98	-0.98
-0.102512	0.256059	0.98	-0.98	-0.98	-0.98	-0.98
-0.403016	-0.744946	-0.98	-0.98	0.98	-0.98	-0.98
0.476308	0.229866	-0.98	0.98	-0.98	-0.98	-0.98
-0.410458	-0.794491	-0.98	-0.98	0.98	-0.98	-0.98
-0.472217	-0.488508	-0.98	-0.98	0.98	-0.98	-0.98
0.678088	-0.115371	-0.98	-0.98	-0.98	0.98	-0.98
0.576142	0.223329	-0.98	0.98	-0.98	-0.98	-0.98
0.694945	-0.518336	-0.98	-0.98	-0.98	0.98	-0.98
-0.391597	0.825508	0.98	-0.98	-0.98	-0.98	-0.98
-0.397588	-0.879018	-0.98	-0.98	0.98	-0.98	-0.98
-0.929732	0.189970	0.98	-0.98	-0.98	-0.98	-0.98
-0.982312	0.815724	0.98	-0.98	-0.98	-0.98	-0.98
0.970251	0.724914	-0.98	0.98	-0.98	-0.98	-0.98
0.355375	-0.657984	-0.98	-0.98	-0.98	0.98	-0.98
0.661680	0.265050	-0.98	0.98	-0.98	-0.98	-0.98
-0.362386	-0.037713	-0.98	-0.98	-0.98	-0.98	0.98
0.995265	0.086198	-0.98	-0.98	-0.98	-0.98	0.98
0.576066	0.576016	-0.98	0.98	-0.98	-0.98	-0.98
0.309002	0.967392	-0.98	0.98	-0.98	-0.98	-0.98
0.174186	0.455175	-0.98	0.98	-0.98	-0.98	-0.98
-0.729281	-0.170086	-0.98	-0.98	0.98	-0.98	-0.98
0.610028	0.759242	-0.98	0.98	-0.98	-0.98	-0.98
-0.119733	0.396783	0.98	-0.98	-0.98	-0.98	-0.98
-0.992432	-0.176816	-0.98	-0.98	0.98	-0.98	-0.98
-0.634866	-0.125356	-0.98	-0.98	0.98	-0.98	-0.98
0.897982	0.892082	-0.98	0.98	-0.98	-0.98	-0.98
0.945549	-0.120056	-0.98	-0.98	-0.98	0.98	-0.98
0.885671	0.588946	-0.98	0.98	-0.98	-0.98	-0.98
-0.017819	0.069341	-0.98	-0.98	-0.98	-0.98	0.98
-0.339404	-0.636824	-0.98	-0.98	0.98	-0.98	-0.98
-0.424120	0.235055	0.98	-0.98	-0.98	-0.98	-0.98
-0.456967	-0.234124	-0.98	-0.98	0.98	-0.98	-0.98
0.360073	-0.937963	-0.98	-0.98	-0.98	0.98	-0.98
0.103281	-0.190439	-0.98	-0.98	-0.98	0.98	-0.98
0.666558	0.422150	-0.98	0.98	-0.98	-0.98	-0.98
-0.742825	0.425784	0.98	-0.98	-0.98	-0.98	-0.98
0.583880	-0.052167	-0.98	-0.98	-0.98	-0.98	0.98
0.484969	0.629075	-0.98	0.98	-0.98	-0.98	-0.98
0.813445	-0.548817	-0.98	-0.98	-0.98	0.98	-0.98
-0.383604	-0.795353	-0.98	-0.98	0.98	-0.98	-0.98
-0.701381	0.079605	-0.98	-0.98	-0.98	-0.98	0.98
-0.118602	0.024711	-0.98	-0.98	-0.98	-0.98	0.98
0.212675	-0.386063	-0.98	-0.98	-0.98	0.98	-0.98
-0.186016	-0.791311	-0.98	-0.98	0.98	-0.98	-0.98
-0.998275	0.525851	0.98	-0.98	-0.98	-0.98	-0.98
-0.589692	-0.655797	-0.98	-0.98	0.98	-0.98	-0.98
0.808467	-0.196577	-0.98	-0.98	-0.98	0.98	-0.98
0.622682	0.167178	-0.98	0.98	-0.98	-0.98	-0.98
-0.254574	-0.137879	-0.98	-0.98	0.98	-0.98	-0.98
0.785489	0.207195	-0.98	0.98	-0.98	-0.98	-0.98
0.276504	0.661463	-0.98	0.98	-0.98	-0.98	-0.98
-0.584838	-0.660017	-0.98	-0.98	0.98	-0.98	-0.98
0.895843	-0.108164	-0.98	-0.98	-0.98	0.98	-0.98
-0.018674	0.427479	-0.98	-0.98	-0.98	-0.98	0.98
0.745296	-0.362478	-0.98	-0.98	-0.98	0.98	-0.98
0.097315	0.129302	-0.98	-0.98	-0.98	-0.98	0.98
0.338505	0.337299	-0.98	0.98	-0.98	-0.98	-0.98
-0.615184	0.955228	0.98	-0.98	-0.98	-0.98	-0.98
0.750697	-0.601985	-0.98	-0.98	-0.98	0.98	-0.98
-0.577943	-0.790041	-0.98	-0.98	0.98	-0.98	-0.98
0.353212	-0.203805	-0.98	-0.98	-0.98	0.98	-0.98
-0.866739	-0.987299	-0.98	-0.98	0.98	-0.98	-0.98
0.099348	-0.182086	-0.98	-0.98	-0.98	-0.98	0.98
-0.708476	-0.704535	-0.98	-0.98	0.98	-0.98	-0.98
-0.555285	-0.078081	-0.98	-0.98	-0.98	-0.98	0.98
-0.056666	-0.275972	-0.98	-0.98	-0.98	-0.98	0.98
-0.467136	-0.870584	-0.98	-0.98	0.98	-0.98	-0.98
-0.971665	0.752571	0.98	-0.98	-0.98	-0.98	-0.98
-0.140369	0.883339	0.98	-0.98	-0.98	-0.98	-0.98
0.659521	0.756195	-0.98	0.98	-0.98	-0.98	-0.98
0.923664	-0.407032	-0.98	-0.98	-0.98	0.98	-0.98
-0.736125	-0.449440	-0.98	-0.98	0.98	-0.98	-0.98
0.953099	0.899321	-0.98	0.98	-0.98	-0.98	-0.98
-0.321989	0.930231	0.98	-0.98	-0.98	-0.98	-0.98
-0.126714	0.300348	0.98	-0.98	-0.98	-0.98	-0.98
-0.825931	0.564192	0.98	-0.98	-0.98	-0.98	-0.98
0.861307	-0.726628	-0.98	-0.98	-0.98	0.98	-0.98
0.988150	-0.271266	-0.98	-0.98	-0.98	0.98	-0.98
0.640360	-0.388687	-0.98	-0.98	-0.98	0.98	-0.98
0.754804	0.847822	-0.98	0.98	-0.98	-0.98	-0.98
-0.558342	0.007576	-0.98	-0.98	-0.98	-0.98	0.98
0.907938	0.272695	-0.98	0.98	-0.98	-0.98	-0.98
-0.965149	-0.646887	-0.98	-0.98	0.98	-0.98	-0.98
0.479382	-0.625904	-0.98	-0.98	-0.98	0.98	-0.98
0.490751	-0.056440	-0.98	-0.98	-0.98	-0.98	0.98
0.232373	-0.904864	-0.98	-0.98	-0.98	0.98	-0.98
0.083942	0.273775	-0.98	-0.98	-0.98	-0.98	0.98
0.851164	-0.450841	-0.98	-0.98	-0.98	0.98	-0.98
-0.647865	-0.046834	-0.98	-0.98	-0.98	-0.98	0.98
0.246639	0.404498	-0.98	0.98	-0.98	-0.98	-0.98
-0.769328	-0.578337	-0.98	-0.98	0.98	-0.98	-0.98
0.056297	0.581524	-0.98	-0.98	-0.98	-0.98	0.98
-0.459491	-0.691452	-0.98	-0.98	0.98	-0.98	-0.98
-0.863192	0.381072	0.98	-0.98	-0.98	-0.98	-0.98
0.993227	0.619314	-0.98	0.98	-0.98	-0.98	-0.98
-0.594273	-0.437685	-0.98	-0.98	0.98	-0.98	-0.98
0.443704	-0.015482	-0.98	-0.98	-0.98	-0.98	0.98
0.531636	0.030290	-0.98	-0.98	-0.98	-0.98	0.98
0.139364	-0.988921	-0.98	-0.98	-0.98	0.98	-0.98
-0.002147	0.914240	-0.98	-0.98	-0.98	-0.98	0.98
0.990328	0.319425	-0.98	0.98	-0.98	-0.98	-0.98
0.530300	-0.932219	-0.98	-0.98	-0.98	0.98	-0.98
0.222685	0.265655	-0.98	0.98	-0.98	-0.98	-0.98
-0.812880	-0.495400	-0.98	-0.98	0.98	-0.98	-0.98
0.422494	0.525329	-0.98	0.98	-0.98	-0.98	-0.98
-0.376548	0.648719	0.98	-0.98	-0.98	-0.98	-0.98
-0.506959	-0.062441	-0.98	-0.98	-0.98	-0.98	0.98
-0.273796	-0.710518	-0.98	-0.98	0.98	-0.98	-0.98
-0.910487	0.168142	0.98	-0.98	-0.98	-0.98	-0.98
0.458827	0.202050	-0.98	0.98	-0.98	-0.98	-0.98
-0.962299	-0.999820	-0.98	-0.98	0.98	-0.98	-0.98
-0.393175	-0.909987	-0.98	-0.98	0.98	-0.98	-0.98
-0.916500	-0.125667	-0.98	-0.98	0.98	-0.98	-0.98
0.365099	0.045904	-0.98	-0.98	-0.98	-0.98	0.98
0.388677	0.374663	-0.98	0.98	-0.98	-0.98	-0.98
0.779971	0.431579	-0.98	0.98	-0.98	-0.98	-0.98
-0.507010	0.833923	0.98	-0.98	-0.98	-0.98	-0.98
-0.268556	-0.555977	-0.98	-0.98	0.98	-0.98	-0.98
-0.051290	-0.355676	-0.98	-0.98	-0.98	-0.98	0.98
0.943024	-0.512797	-0.98	-0.98	-0.98	0.98	-0.98
0.405223	-0.046677	-0.98	-0.98	-0.98	-0.98	0.98
0.566304	0.774536	-0.98	0.98	-0.98	-0.98	-0.98
0.451867	0.161536	-0.98	0.98	-0.98	-0.98	-0.98
-0.365377	0.238002	0.98	-0.98	-0.98	-0.98	-0.98
-0.446162	-0.798625	-0.98	-0.98	0.98	-0.98	-0.98
-0.663988	-0.133690	-0.98	-0.98	0.98	-0.98	-0.98
0.172997	-0.339039	-0.98	-0.98	-0.98	0.98	-0.98
-0.612789	-0.877067	-0.98	-0.98	0.98	-0.98	-0.98
-0.610827	0.259070	0.98	-0.98	-0.98	-0.98	-0.98
-0.495437	0.859123	0.98	-0.98	-0.98	-0.98	-0.98
-0.888755	0.267599	0.98	-0.98	-0.98	-0.98	-0.98
0.337360	0.120963	-0.98	0.98	-0.98	-0.98	-0.98
0.021670	-0.243811	-0.98	-0.98	-0.98	-0.98	0.98
0.596254	-0.493330	-0.98	-0.98	-0.98	0.98	-0.98
-0.219312	-0.950794	-0.98	-0.98	0.98	-0.98	-0.98
-0.522686	-0.188120	-0.98	-0.98	0.98	-0.98	-0.98
-0.565784	-0.630841	-0.98	-0.98	0.98	-0.98	-0.98
0.753234	-0.740919	-0.98	-0.98	-0.98	0.98	-0.98
0.551063	0.064560	-0.98	-0.98	-0.98	-0.98	0.98
-0.381863	0.798131	0.98	-0.98	-0.98	-0.98	-0.98
0.174796	0.494849	-0.98	0.98	-0.98	-0.98	-0.98
0.323328	-0.486686	-0.98	-0.98	-0.98	0.98	-0.98
-0.943776	-0.856747	-0.98	-0.98	0.98	-0.98	-0.98
-0.743597	0.568944	0.98	-0.98	-0.98	-0.98	-0.98
-0.025703	-0.084627	-0.98	-0.98	-0.98	-0.98	0.98
-0.143278	0.979016	0.98	-0.98	-0.98	-0.98	-0.98
-0.514980	-0.258345	-0.98	-0.98	0.98	-0.98	-0.98
0.523709	-0.345370	-0.98	-0.98	-0.98	0.98	-0.98
-0.874264	0.145416	0.98	-0.98	-0.98	-0.98	-0.98
-0.664049	0.471144	0.98	-0.98	-0.98	-0.98	-0.98
0.934863	-0.220896	-0.98	-0.98	-0.98	0.98	-0.98
0.038919	-0.701228	-0.98	-0.98	-0.98	-0.98	0.98
0.120736	0.004427	-0.98	-0.98	-0.98	-0.98	0.98
0.081251	-0.040405	-0.98	-0.98	-0.98	-0.98	0.98
0.338297	-0.477140	-0.98	-0.98	-0.98	0.98	-0.98
-0.219553	-0.192776	-0.98	-0.98	0.98	-0.98	-0.98
0.516120	-0.819592	-0.98	-0.98	-0.98	0.98	-0.98
0.852247	-0.510582	-0.98	-0.98	-0.98	0.98	-0.98
0.721462	-0.217337	-0.98	-0.98	-0.98	0.98	-0.98
0.857983	-0.421785	-0.98	-0.98	-0.98	0.98	-0.98
-0.951253	-0.176910	-0.98	-0.98	0.98	-0.98	-0.98
-0.884601	-0.537568	-0.98	-0.98	0.98	-0.98	-0.98
0.533813	0.069599	-0.98	-0.98	-0.98	-0.98	0.98
0.102491	0.950542	-0.98	0.98	-0.98	-0.98	-0.98
0.973026	-0.431439	-0.98	-0.98	-0.98	0.98	-0.98
0.155285	0.679390	-0.98	0.98	-0.98	-0.98	-0.98
0.744481	0.517662	-0.98	0.98	-0.98	-0.98	-0.98
-0.442220	-0.115505	-0.98	-0.98	0.98	-0.98	-0.98
-0.787020	0.254921	0.98	-0.98	-0.98	-0.98	-0.98
-0.744807	0.001843	-0.98	-0.98	-0.98	-0.98	0.98
-0.139527	-0.568211	-0.98	-0.98	0.98	-0.98	-0.98
-0.830144	0.042765	-0.98	-0.98	-0.98	-0.98	0.98
-0.912532	-0.525846	-0.98	-0.98	0.98	-0.98	-0.98
0.864738	-0.365968	-0.98	-0.98	-0.98	0.98	-0.98
-0.505870	-0.680550	-0.98	-0.98	0.98	-0.98	-0.98
0.080579	-0.410570	-0.98	-0.98	-0.98	-0.98	0.98
-0.325537	-0.217922	-0.98	-0.98	0.98	-0.98	-0.98
-0.263122	-0.657735	-0.98	-0.98	0.98	-0.98	-0.98
-0.266650	0.481667	0.98	-0.98	-0.98	-0.98	-0.98
-0.714566	-0.927177	-0.98	-0.98	0.98	-0.98	-0.98
0.377172	-0.039206	-0.98	-0.98	-0.98	-0.98	0.98
-0.296556	0.676955	0.98	-0.98	-0.98	-0.98	-0.98
0.727915	-0.769539	-0.98	-0.98	-0.98	0.98	-0.98
0.116545	0.863026	-0.98	0.98	-0.98	-0.98	-0.98
0.857570	-0.449489	-0.98	-0.98	-0.98	0.98	-0.98
0.948119	0.759831	-0.98	0.98	-0.98	-0.98	-0.98
0.621816	0.619001	-0.98	0.98	-0.98	-0.98	-0.98
-0.629160	-0.164910	-0.98	-0.98	0.98	-0.98	-0.98
-0.920164	0.700571	0.98	-0.98	-0.98	-0.98	-0.98
0.458081	0.128143	-0.98	0.98	-0.98	-0.98	-0.98
0.118274	0.129649	-0.98	0.98	-0.98	-0.98	-0.98
-0.891071	0.601996	0.98	-0.98	-0.98	-0.98	-0.98
0.704266	0.070627	-0.98	-0.98	-0.98	-0.98	0.98
0.298229	-0.401594	-0.98	-0.98	-0.98	0.98	-0.98
-0.114191	-0.684408	-0.98	-0.98	0.98	-0.98	-0.98
-0.548020	0.555387	0.98	-0.98	-0.98	-0.98	-0.98
-0.821097	-0.125100	-0.98	-0.98	0.98	-0.98	-0.98
0.393200	-0.865815	-0.98	-0.98	-0.98	0.98	-0.98
0.002235	0.376221	-0.98	-0.98	-0.98	-0.98	0.98
0.559832	0.154043	-0.98	0.98	-0.98	-0.98	-0.98
0.449141	0.738213	-0.98	0.98	-0.98	-0.98	-0.98
0.966259	0.051001	-0.98	-0.98	-0.98	-0.98	0.98
0.846034	0.145008	-0.98	0.98	-0.98	-0.98	-0.98
-0.646874	0.498145	0.98	-0.98	-0.98	-0.98	-0.98
-0.337785	-0.160329	-0.98	-0.98	0.98	-0.98	-0.98
-0.164227	-0.286992	-0.98	-0.98	0.98	-0.98	-0.98
-0.078389	-0.796603	-0.98	-0.98	-0.98	-0.98	0.98
-0.346979	0.852259	0.98	-0.98	-0.98	-0.98	-0.98
0.584184	0.551368	-0.98	0.98	-0.98	-0.98	-0.98
-0.471168	-0.503444	-0.98	-0.98	0.98	-0.98	-0.98
-0.610234	0.576719	0.98	-0.98	-0.98	-0.98	-0.98
-0.646711	0.841222	0.98	-0.98	-0.98	-0.98	-0.98
-0.774248	-0.973933	-0.98	-0.98	0.98	-0.98	-0.98
0.643443	0.146478	-0.98	0.98	-0.98	-0.98	-0.98
0.436241	0.830494	-0.98	0.98	-0.98	-0.98	-0.98
-0.943818	0.318924	0.98	-0.98	-0.98	-0.98	-0.98
-0.938540	0.783385	0.98	-0.98	-0.98	-0.98	-0.98
0.665931	0.050232	-0.98	-0.98	-0.98	-0.98	0.98
-0.516460	0.473927	0.98	-0.98	-0.98	-0.98	-0.98
0.380692	0.429477	-0.98	0.98	-0.98	-0.98	-0.98
0.587617	-0.212152	-0.98	-0.98	-0.98	0.98	-0.98
0.175931	0.599959	-0.98	0.98	-0.98	-0.98	-0.98
-0.215300	-0.509817	-0.98	-0.98	0.98	-0.98	-0.98
-0.686585	-0.793770	-0.98	-0.98	0.98	-0.98	-0.98
0.146538	-0.720786	-0.98	-0.98	-0.98	0.98	-0.98
0.116543	-0.553931	-0.98	-0.98	-0.98	0.98	-0.98
0.608379	-0.369528	-0.98	-0.98	-0.98	0.98	-0.98
0.230708	0.360765	-0.98	0.98	-0.98	-0.98	-0.98
0.674810	-0.292982	-0.98	-0.98	-0.98	0.98	-0.98
-0.880490	-0.154319	-0.98	-0.98	0.98	-0.98	-0.98
-0.774605	-0.111270	-0.98	-0.98	0.98	-0.98	-0.98
0.670020	0.972477	-0.98	0.98	-0.98	-0.98	-0.98
-0.119166	-0.947909	-0.98	-0.98	0.98	-0.98	-0.98
-0.489555	0.405305	0.98	-0.98	-0.98	-0.98	-0.98
-0.689701	0.678140	0.98	-0.98	-0.98	-0.98	-0.98
0.595012	0.920642	-0.98	0.98	-0.98	-0.98	-0.98
0.211418	0.486033	-0.98	0.98	-0.98	-0.98	-0.98
0.064103	-0.456392	-0.98	-0.98	-0.98	-0.98	0.98
0.387828	-0.856219	-0.98	-0.98	-0.98	0.98	-0.98
0.682994	-0.073155	-0.98	-0.98	-0.98	-0.98	0.98
0.845382	-0.641004	-0.98	-0.98	-0.98	0.98	-0.98
0.078918	0.718438	-0.98	-0.98	-0.98	-0.98	0.98
0.826897	0.302509	-0.98	0.98	-0.98	-0.98	-0.98
-0.382712	-0.640678	-0.98	-0.98	0.98	-0.98	-0.98
0.256750	-0.679687	-0.98	-0.98	-0.98	0.98	-0.98
-0.913704	0.056392	-0.98	-0.98	-0.98	-0.98	0.98
-0.245549	-0.398191	-0.98	-0.98	0.98	-0.98	-0.98
-0.414632	-0.486853	-0.98	-0.98	0.98	-0.98	-0.98
0.908201	-0.254045	-0.98	-0.98	-0.98	0.98	-0.98
0.797826	0.308168	-0.98	0.98	-0.98	-0.98	-0.98
0.890037	-0.560528	-0.98	-0.98	-0.98	0.98	-0.98
0.961950	-0.690919	-0.98	-0.98	-0.98	0.98	-0.98
-0.696040	0.025652	-0.98	-0.98	-0.98	-0.98	0.98
-0.329232	0.605451	0.98	-0.98	-0.98	-0.98	-0.98
0.152795	0.878144	-0.98	0.98	-0.98	-0.98	-0.98
0.955509	-0.877855	-0.98	-0.98	-0.98	0.98	-0.98
0.800033	0.140953	-0.98	0.98	-0.98	-0.98	-0.98
0.286066	0.299472	-0.98	0.98	-0.98	-0.98	-0.98
-0.742799	0.027249	-0.98	-0.98	-0.98	-0.98	0.98
0.068295	0.902502	-0.98	-0.98	-0.98	-0.98	0.98
-0.941261	0.263809	0.98	-0.98	-0.98	-0.98	-0.98
0.299976	-0.640825	-0.98	-0.98	-0.98	0.98	-0.98
-0.076711	0.729242	-0.98	-0.98	-0.98	-0.98	0.98
0.133237	0.055421	-0.98	-0.98	-0.98	-0.98	0.98
0.776240	-0.874575	-0.98	-0.98	-0.98	0.98	-0.98
-0.412169	0.663289	0.98	-0.98	-0.98	-0.98	-0.98
0.680597	0.735592	-0.98	0.98	-0.98	-0.98	-0.98
-0.505135	0.273293	0.98	-0.98	-0.98	-0.98	-0.98
0.480142	-0.521945	-0.98	-0.98	-0.98	0.98	-0.98
-0.725895	0.777988	0.98	-0.98	-0.98	-0.98	-0.98
0.727039	0.860259	-0.98	0.98	-0.98	-0.98	-0.98
0.172755	-0.436668	-0.98	-0.98	-0.98	0.98	-0.98
-0.368004	-0.971357	-0.98	-0.98	0.98	-0.98	-0.98
-0.378789	0.468445	0.98	-0.98	-0.98	-0.98	-0.98
0.336716	0.080224	-0.98	-0.98	-0.98	-0.98	0.98
0.806401	-0.563598	-0.98	-0.98	-0.98	0.98	-0.98
-0.855234	0.791996	0.98	-0.98	-0.98	-0.98	-0.98
0.717961	-0.125805	-0.98	-0.98	-0.98	0.98	-0.98
0.947578	0.619143	-0.98	0.98	-0.98	-0.98	-0.98
0.638212	-0.576602	-0.98	-0.98	-0.98	0.98	-0.98
-0.156084	0.236137	0.98	-0.98	-0.98	-0.98	-0.98
0.292337	0.101125	-0.98	0.98	-0.98	-0.98	-0.98
0.533086	-0.535250	-0.98	-0.98	-0.98	0.98	-0.98
0.622763	0.993551	-0.98	0.98	-0.98	-0.98	-0.98
0.683939	0.262703	-0.98	0.98	-0.98	-0.98	-0.98
0.973596	0.722676	-0.98	0.98	-0.98	-0.98	-0.98
0.800671	0.590447	-0.98	0.98	-0.98	-0.98	-0.98
0.563340	0.815485	-0.98	0.98	-0.98	-0.98	-0.98
-0.782411	0.945522	0.98	-0.98	-0.98	-0.98	-0.98
-0.878131	-0.954431	-0.98	-0.98	0.98	-0.98	-0.98
0.001143	-0.265234	-0.98	-0.98	-0.98	-0.98	0.98
0.077735	0.175618	-0.98	-0.98	-0.98	-0.98	0.98
0.137030	-0.599710	-0.98	-0.98	-0.98	0.98	-0.98
0.791187	0.082834	-0.98	-0.98	-0.98	-0.98	0.98
0.197018	0.877195	-0.98	0.98	-0.98	-0.98	-0.98
0.235719	0.223915	-0.98	0.98	-0.98	-0.98	-0.98
0.114015	-0.689019	-0.98	-0.98	-0.98	0.98	-0.98
0.121299	0.485097	-0.98	0.98	-0.98	-0.98	-0.98
0.669796	0.099126	-0.98	-0.98	-0.98	-0.98	0.98
-0.724502	0.529145	0.98	-0.98	-0.98	-0.98	-0.98
0.912364	-0.010360	-0.98	-0.98	-0.98	-0.98	0.98
-0.877913	0.407763	0.98	-0.98	-0.98	-0.98	-0.98
-0.461520	-0.049095	-0.98	-0.98	-0.98	-0.98	0.98
-0.846690	-0.544766	-0.98	-0.98	0.98	-0.98	-0.98
0.435074	-0.290606	-0.98	-0.98	-0.98	0.98	-0.98
0.725165	-0.131199	-0.98	-0.98	-0.98	0.98	-0.98
-0.812940	-0.525676	-0.98	-0.98	0.98	-0.98	-0.98
-0.669611	0.506256	0.98	-0.98	-0.98	-0.98	-0.98
0.416723	0.712021	-0.98	0.98	-0.98	-0.98	-0.98
0.711931	-0.101731	-0.98	-0.98	-0.98	0.98	-0.98
-0.547277	-0.279429	-0.98	-0.98	0.98	-0.98	-0.98
0.193387	0.465006	-0.98	0.98	-0.98	-0.98	-0.98
-0.689834	-0.765013	-0.98	-0.98	0.98	-0.98	-0.98
-0.077028	-0.093026	-0.98	-0.98	-0.98	-0.98	0.98
-0.574206	0.365519	0.98	-0.98	-0.98	-0.98	-0.98
-0.172277	0.937312	0.98	-0.98	-0.98	-0.98	-0.98
0.157604	0.653554	-0.98	0.98	-0.98	-0.98	-0.98
0.503413	0.177150	-0.98	0.98	-0.98	-0.98	-0.98
0.049810	0.364746	-0.98	-0.98	-0.98	-0.98	0.98
0.003219	-0.376845	-0.98	-0.98	-0.98	-0.98	0.98
-0.993900	0.145223	0.98	-0.98	-0.98	-0.98	-0.98
-0.484080	0.506537	0.98	-0.98	-0.98	-0.98	-0.98
-0.285052	-0.631409	-0.98	-0.98	0.98	-0.98	-0.98
0.932906	-0.030820	-0.98	-0.98	-0.98	-0.98	0.98
-0.507282	-0.218218	-0.98	-0.98	0.98	-0.98	-0.98
-0.705574	0.368277	0.98	-0.98	-0.98	-0.98	-0.98
-0.469361	-0.873491	-0.98	-0.98	0.98	-0.98	-0.98
0.931681	0.691952	-0.98	0.98	-0.98	-0.98	-0.98
0.317562	-0.809379	-0.98	-0.98	-0.98	0.98	-0.98
0.203710	0.289162	-0.98	0.98	-0.98	-0.98	-0.98
0.320604	-0.886233	-0.98	-0.98	-0.98	0.98	-0.98
0.845814	0.645713	-0.98	0.98	-0.98	-0.98	-0.98
-0.631006	0.199639	0.98	-0.98	-0.98	-0.98	-0.98
0.049100	-0.623054	-0.98	-0.98	-0.98	-0.98	0.98
0.146820	0.928800	-0.98	0.98	-0.98	-0.98	-0.98
0.797055	0.134182	-0.98	0.98	-0.98	-0.98	-0.98
-0.272184	0.195710	0.98	-0.98	-0.98	-0.98	-0.98
-0.294382	0.217855	0.98	-0.98	-0.98	-0.98	-0.98
-0.210788	-0.682741	-0.98	-0.98	0.98	-0.98	-0.98
0.907517	0.314655	-0.98	0.98	-0.98	-0.98	-0.98
0.904248	-0.442422	-0.98	-0.98	-0.98	0.98	-0.98
-0.547195	0.825735	0.98	-0.98	-0.98	-0.98	-0.98
-0.649556	0.876799	0.98	-0.98	-0.98	-0.98	-0.98
-0.555188	-0.732615	-0.98	-0.98	0.98	-0.98	-0.98
0.217665	0.194122	-0.98	0.98	-0.98	-0.98	-0.98
-0.576496	-0.143086	-0.98	-0.98	0.98	-0.98	-0.98
0.533924	-0.850585	-0.98	-0.98	-0.98	0.98	-0.98
-0.963213	-0.642155	-0.98	-0.98	0.98	-0.98	-0.98
-0.058577	-0.602372	-0.98	-0.98	-0.98	-0.98	0.98
-0.271430	0.064003	-0.98	-0.98	-0.98	-0.98	0.98
-0.640559	-0.583534	-0.98	-0.98	0.98	-0.98	-0.98
-0.124158	-0.000581	-0.98	-0.98	-0.98	-0.98	0.98
-0.913372	0.363356	0.98	-0.98	-0.98	-0.98	-0.98
-0.321993	-0.726549	-0.98	-0.98	0.98	-0.98	-0.98
0.862035	-0.461916	-0.98	-0.98	-0.98	0.98	-0.98
0.597268	0.237060	-0.98	0.98	-0.98	-0.98	-0.98
0.301401	0.859902	-0.98	0.98	-0.98	-0.98	-0.98
-0.117411	0.353320	0.98	-0.98	-0.98	-0.98	-0.98
0.399507	0.556282	-0.98	0.98	-0.98	-0.98	-0.98
-0.600968	-0.743252	-0.98	-0.98	0.98	-0.98	-0.98
0.932101	-0.098352	-0.98	-0.98	-0.98	-0.98	0.98
0.161535	0.840484	-0.98	0.98	-0.98	-0.98	-0.98
-0.134094	0.116064	0.98	-0.98	-0.98	-0.98	-0.98
0.571272	0.110733	-0.98	0.98	-0.98	-0.98	-0.98
-0.115772	0.065032	-0.98	-0.98	-0.98	-0.98	0.98
0.129598	-0.743848	-0.98	-0.98	-0.98	0.98	-0.98
0.620682	0.321294	-0.98	0.98	-0.98	-0.98	-0.98
-0.481356	0.102008	0.98	-0.98	-0.98	-0.98	-0.98
-0.106765	0.800009	0.98	-0.98	-0.98	-0.98	-0.98
0.028776	-0.703264	-0.98	-0.98	-0.98	-0.98	0.98
-0.394177	-0.934928	-0.98	-0.98	0.98	-0.98	-0.98
0.640373	0.817705	-0.98	0.98	-0.98	-0.98	-0.98
-0.753235	-0.318049	-0.98	-0.98	0.98	-0.98	-0.98
0.703795	-0.457923	-0.98	-0.98	-0.98	0.98	-0.98
0.154271	0.906118	-0.98	0.98	-0.98	-0.98	-0.98
-0.860503	-0.583389	-0.98	-0.98	0.98	-0.98	-0.98
0.218849	0.324392	-0.98	0.98	-0.98	-0.98	-0.98
-0.503523	0.331181	0.98	-0.98	-0.98	-0.98	-0.98
0.856337	-0.079687	-0.98	-0.98	-0.98	-0.98	0.98
-0.782781	-0.195834	-0.98	-0.98	0.98	-0.98	-0.98
-0.162582	0.184793	0.98	-0.98	-0.98	-0.98	-0.98
-0.662417	0.641531	0.98	-0.98	-0.98	-0.98	-0.98
-0.753312	0.911578	0.98	-0.98	-0.98	-0.98	-0.98
0.540784	0.997582	-0.98	0.98	-0.98	-0.98	-0.98
-0.991287	-0.758716	-0.98	-0.98	0.98	-0.98	-0.98
-0.326518	0.509579	0.98	-0.98	-0.98	-0.98	-0.98
0.468827	-0.027002	-0.98	-0.98	-0.98	-0.98	0.98
-0.432887	0.982693	0.98	-0.98	-0.98	-0.98	-0.98
-0.577827	-0.827815	-0.98	-0.98	0.98	-0.98	-0.98
0.679363	-0.307725	-0.98	-0.98	-0.98	0.98	-0.98
0.262046	0.918393	-0.98	0.98	-0.98	-0.98	-0.98
-0.969571	0.864859	0.98	-0.98	-0.98	-0.98	-0.98
0.387559	-0.877388	-0.98	-0.98	-0.98	0.98	-0.98
-0.852476	-0.716173	-0.98	-0.98	0.98	-0.98	-0.98
-0.414765	-0.542947	-0.98	-0.98	0.98	-0.98	-0.98
0.251662	0.683086	-0.98	0.98	-0.98	-0.98	-0.98
-0.206166	-0.995895	-0.98	-0.98	0.98	-0.98	-0.98
-0.146230	-0.438087	-0.98	-0.98	0.98	-0.98	-0.98
0.594957	-0.007375	-0.98	-0.98	-0.98	-0.98	0.98
-0.978815	0.630052	0.98	-0.98	-0.98	-0.98	-0.98
-0.754427	0.139706	0.98	-0.98	-0.98	-0.98	-0.98
0.485092	-0.927963	-0.98	-0.98	-0.98	0.98	-0.98
-0.580883	-0.923925	-0.98	-0.98	0.98	-0.98	-0.98
0.476900	0.735845	-0.98	0.98	-0.98	-0.98	-0.98
-0.829655	0.207964	0.98	-0.98	-0.98	-0.98	-0.98
0.473437	-0.614418	-0.98	-0.98	-0.98	0.98	-0.98
-0.926373	-0.730845	-0.98	-0.98	0.98	-0.98	-0.98
0.948988	-0.725897	-0.98	-0.98	-0.98	0.98	-0.98
-0.213206	0.410727	0.98	-0.98	-0.98	-0.98	-0.98
0.862396	-0.412534	-0.98	-0.98	-0.98	0.98	-0.98
0.305728	0.588618	-0.98	0.98	-0.98	-0.98	-0.98
0.325311	0.923146	-0.98	0.98	-0.98	-0.98	-0.98
-0.233722	-0.273845	-0.98	-0.98	0.98	-0.98	-0.98
-0.867494	-0.601088	-0.98	-0.98	0.98	-0.98	-0.98
0.543000	-0.328411	-0.98	-0.98	-0.98	0.98	-0.98
0.515433	0.011606	-0.98	-0.98	-0.98	-0.98	0.98
0.167293	-0.436176	-0.98	-0.98	-0.98	0.98	-0.98
-0.609854	0.005093	-0.98	-0.98	-0.98	-0.98	0.98
-0.282546	-0.920349	-0.98	-0.98	0.98	-0.98	-0.98
-0.054547	-0.542608	-0.98	-0.98	-0.98	-0.98	0.98
-0.196097	0.099196	-0.98	-0.98	-0.98	-0.98	0.98
0.047180	-0.706421	-0.98	-0.98	-0.98	-0.98	0.98
-0.796496	0.626627	0.98	-0.98	-0.98	-0.98	-0.98
0.803564	-0.991027	-0.98	-0.98	-0.98	0.98	-0.98
-0.121231	-0.198007	-0.98	-0.98	0.98	-0.98	-0.98
-0.572695	0.670019	0.98	-0.98	-0.98	-0.98	-0.98
-0.493267	0.171654	0.98	-0.98	-0.98	-0.98	-0.98
0.225356	-0.311204	-0.98	-0.98	-0.98	0.98	-0.98
0.522750	-0.100307	-0.98	-0.98	-0.98	0.98	-0.98
0.496893	-0.466231	-0.98	-0.98	-0.98	0.98	-0.98
0.293028	0.421649	-0.98	0.98	-0.98	-0.98	-0.98
-0.898284	0.401861	0.98	-0.98	-0.98	-0.98	-0.98
-0.316493	-0.681056	-0.98	-0.98	0.98	-0.98	-0.98
-0.346348	0.809310	0.98	-0.98	-0.98	-0.98	-0.98
-0.622114	-0.443070	-0.98	-0.98	0.98	-0.98	-0.98
0.464947	-0.663895	-0.98	-0.98	-0.98	0.98	-0.98
0.079496	0.381674	-0.98	-0.98	-0.98	-0.98	0.98
-0.853309	-0.611082	-0.98	-0.98	0.98	-0.98	-0.98
-0.103775	0.539723	0.98	-0.98	-0.98	-0.98	-0.98
-0.695540	0.725681	0.98	-0.98	-0.98	-0.98	-0.98
-0.258851	-0.284628	-0.98	-0.98	0.98	-0.98	-0.98
-0.233490	-0.678377	-0.98	-0.98	0.98	-0.98	-0.98
0.820824	-0.638553	-0.98	-0.98	-0.98	0.98	-0.98
-0.799139	-0.311497	-0.98	-0.98	0.98	-0.98	-0.98
-0.398877	0.369215	0.98	-0.98	-0.98	-0.98	-0.98
-0.153496	-0.101593	-0.98	-0.98	0.98	-0.98	-0.98
0.638240	-0.687364	-0.98	-0.98	-0.98	0.98	-0.98
-0.389782	-0.704488	-0.98	-0.98	0.98	-0.98	-0.98
0.095803	-0.509356	-0.98	-0.98	-0.98	-0.98	0.98
0.994368	0.495213	-0.98	0.98	-0.98	-0.98	-0.98
-0.109645	-0.671879	-0.98	-0.98	0.98	-0.98	-0.98
-0.495009	-0.930700	-0.98	-0.98	0.98	-0.98	-0.98
0.893351	0.470899	-0.98	0.98	-0.98	-0.98	-0.98
-0.348718	0.192472	0.98	-0.98	-0.98	-0.98	-0.98
-0.585007	0.443825	0.98	-0.98	-0.98	-0.98	-0.98
0.836826	-0.278978	-0.98	-0.98	-0.98	0.98	-0.98
0.724396	-0.762900	-0.98	-0.98	-0.98	0.98	-0.98
-0.441035	-0.482587	-0.98	-0.98	0.98	-0.98	-0.98
0.919368	0.681265	-0.98	0.98	-0.98	-0.98	-0.98
0.504565	0.587909	-0.98	0.98	-0.98	-0.98	-0.98
-0.081685	0.542109	-0.98	-0.98	-0.98	-0.98	0.98
-0.446242	0.872003	0.98	-0.98	-0.98	-0.98	-0.98
-0.403875	-0.088997	-0.98	-0.98	-0.98	-0.98	0.98
0.675683	-0.063889	-0.98	-0.98	-0.98	-0.98	0.98
0.557673	0.607506	-0.98	0.98	-0.98	-0.98	-0.98
-0.538256	0.506612	0.98	-0.98	-0.98	-0.98	-0.98
0.595768	-0.499136	-0.98	-0.98	-0.98	0.98	-0.98
-0.070773	0.769660	-0.98	-0.98	-0.98	-0.98	0.98
-0.636511	-0.109497	-0.98	-0.98	0.98	-0.98	-0.98
0.727818	-0.835066	-0.98	-0.98	-0.98	0.98	-0.98
0.399049	0.160263	-0.98	0.98	-0.98	-0.98	-0.98
0.532538	0.555080	-0.98	0.98	-0.98	-0.98	-0.98
0.488796	0.023174	-0.98	-0.98	-0.98	-0.98	0.98
-0.441195	0.451696	0.98	-0.98	-0.98	-0.98	-0.98
0.546064	-0.516753	-0.98	-0.98	-0.98	0.98	-0.98
-0.630521	0.317587	0.98	-0.98	-0.98	-0.98	-0.98
0.989960	0.334594	-0.98	0.98	-0.98	-0.98	-0.98
0.073678	0.700168	-0.98	-0.98	-0.98	-0.98	0.98
-0.854280	0.720754	0.98	-0.98	-0.98	-0.98	-0.98
0.539739	0.871955	-0.98	0.98	-0.98	-0.98	-0.98
0.740790	0.983501	-0.98	0.98	-0.98	-0.98	-0.98
-0.568614	-0.197167	-0.98	-0.98	0.98	-0.98	-0.98
-0.939517	0.182870	0.98	-0.98	-0.98	-0.98	-0.98
-0.226871	-0.401876	-0.98	-0.98	0.98	-0.98	-0.98
-0.014434	-0.006281	-0.98	-0.98	-0.98	-0.98	0.98
0.968063	0.321646	-0.98	0.98	-0.98	-0.98	-0.98
0.669914	-0.034522	-0.98	-0.98	-0.98	-0.98	0.98
0.073186	-0.593767	-0.98	-0.98	-0.98	-0.98	0.98
-0.318196	0.275214	0.98	-0.98	-0.98	-0.98	-0.98
-0.104992	0.471804	0.98	-0.98	-0.98	-0.98	-0.98
-0.403503	0.094404	-0.98	-0.98	-0.98	-0.98	0.98
-0.354604	0.268202	0.98	-0.98	-0.98	-0.98	-0.98
0.012241	0.974813	-0.98	-0.98	-0.98	-0.98	0.98
0.955643	0.054152	-0.98	-0.98	-0.98	-0.98	0.98
-0.888930	0.116180	0.98	-0.98	-0.98	-0.98	-0.98
0.734124	-0.631683	-0.98	-0.98	-0.98	0.98	-0.98
-0.731340	0.631105	0.98	-0.98	-0.98	-0.98	-0.98
-0.685535	0.721694	0.98	-0.98	-0.98	-0.98	-0.98
0.323648	0.270765	-0.98	0.98	-0.98	-0.98	-0.98
0.333890	-0.412744	-0.98	-0.98	-0.98	0.98	-0.98
0.574411	0.361711	-0.98	0.98	-0.98	-0.98	-0.98
0.627555	0.025797	-0.98	-0.98	-0.98	-0.98	0.98
0.633852	0.817504	-0.98	0.98	-0.98	-0.98	-0.98
0.082819	0.534483	-0.98	-0.98	-0.98	-0.98	0.98
0.506973	-0.876675	-0.98	-0.98	-0.98	0.98	-0.98
-0.976289	0.726497	0.98	-0.98	-0.98	-0.98	-0.98
-0.922758	0.403884	0.98	-0.98	-0.98	-0.98	-0.98
0.908978	-0.544587	-0.98	-0.98	-0.98	0.98	-0.98
-0.865768	-0.196089	-0.98	-0.98	0.98	-0.98	-0.98
0.351393	-0.707068	-0.98	-0.98	-0.98	0.98	-0.98
0.668698	0.356753	-0.98	0.98	-0.98	-0.98	-0.98
-0.123971	-0.615802	-0.98	-0.98	0.98	-0.98	-0.98
-0.201524	-0.996660	-0.98	-0.98	0.98	-0.98	-0.98
-0.974223	-0.698919	-0.98	-0.98	0.98	-0.98	-0.98
-0.237117	0.875648	0.98	-0.98	-0.98	-0.98	-0.98
0.498534	0.445231	-0.98	0.98	-0.98	-0.98	-0.98
0.803258	-0.785643	-0.98	-0.98	-0.98	0.98	-0.98
0.216594	-0.269499	-0.98	-0.98	-0.98	0.98	-0.98
0.978049	0.170082	-0.98	0.98	-0.98	-0.98	-0.98
0.326813	-0.891556	-0.98	-0.98	-0.98	0.98	-0.98
0.528092	0.899509	-0.98	0.98	-0.98	-0.98	-0.98
0.231366	-0.883817	-0.98	-0.98	-0.98	0.98	-0.98
0.009585	0.980959	-0.98	-0.98	-0.98	-0.98	0.98
0.486630	0.031564	-0.98	-0.98	-0.98	-0.98	0.98
-0.807687	-0.348931	-0.98	-0.98	0.98	-0.98	-0.98
-0.485011	0.889866	0.98	-0.98	-0.98	-0.98	-0.98
-0.320568	-0.507362	-0.98	-0.98	0.98	-0.98	-0.98
0.415598	-0.227415	-0.98	-0.98	-0.98	0.98	-0.98
-0.192106	0.471954	0.98	-0.98	-0.98	-0.98	-0.98
0.048506	-0.045545	-0.98	-0.98	-0.98	-0.98	0.98
-0.205642	0.708916	0.98	-0.98	-0.98	-0.98	-0.98
0.138218	0.584479	-0.98	0.98	-0.98	-0.98	-0.98
-0.244230	0.543511	0.98	-0.98	-0.98	-0.98	-0.98
-0.015186	-0.969763	-0.98	-0.98	-0.98	-0.98	0.98
0.810507	0.365447	-0.98	0.98	-0.98	-0.98	-0.98
0.258541	0.005394	-0.98	-0.98	-0.98	-0.98	0.98
0.408654	-0.822375	-0.98	-0.98	-0.98	0.98	-0.98
-0.277108	0.153222	0.98	-0.98	-0.98	-0.98	-0.98
-0.487893	-0.954571	-0.98	-0.98	0.98	-0.98	-0.98
-0.946550	0.941781	0.98	-0.98	-0.98	-0.98	-0.98
0.294683	-0.683651	-0.98	-0.98	-0.98	0.98	-0.98
0.193894	0.950968	-0.98	0.98	-0.98	-0.98	-0.98
-0.501860	-0.105026	-0.98	-0.98	0.98	-0.98	-0.98
-0.013738	0.026899	-0.98	-0.98	-0.98	-0.98	0.98
0.671712	-0.787756	-0.98	-0.98	-0.98	0.98	-0.98
-0.014943	0.065083	-0.98	-0.98	-0.98	-0.98	0.98
-0.097215	0.901509	-0.98	-0.98	-0.98	-0.98	0.98
-0.424960	-0.794693	-0.98	-0.98	0.98	-0.98	-0.98
0.014278	-0.930357	-0.98	-0.98	-0.98	-0.98	0.98
0.552709	0.031300	-0.98	-0.98	-0.98	-0.98	0.98
0.393505	-0.638143	-0.98	-0.98	-0.98	0.98	-0.98
-0.516383	-0.780346	-0.98	-0.98	0.98	-0.98	-0.98
0.319878	-0.686165	-0.98	-0.98	-0.98	0.98	-0.98
0.445503	0.110432	-0.98	0.98	-0.98	-0.98	-0.98
0.204578	0.701557	-0.98	0.98	-0.98	-0.98	-0.98
-0.027506	-0.718097	-0.98	-0.98	-0.98	-0.98	0.98
-0.141017	-0.725206	-0.98	-0.98	0.98	-0.98	-0.98
-0.815664	-0.250736	-0.98	-0.98	0.98	-0.98	-0.98
-0.333448	0.807681	0.98	-0.98	-0.98	-0.98	-0.98
-0.211322	0.996907	0.98	-0.98	-0.98	-0.98	-0.98
-0.609431	0.935242	0.98	-0.98	-0.98	-0.98	-0.98
0.982197	0.255233	-0.98	0.98	-0.98	-0.98	-0.98
-0.521834	0.018712	-0.98	-0.98	-0.98	-0.98	0.98
-0.511727	0.092676	-0.98	-0.98	-0.98	-0.98	0.98
0.072888	0.617958	-0.98	-0.98	-0.98	-0.98	0.98
-0.220434	0.377630	0.98	-0.98	-0.98	-0.98	-0.98
0.691076	-0.942882	-0.98	-0.98	-0.98	0.98	-0.98
-0.010405	-0.324756	-0.98	-0.98	-0.98	-0.98	0.98
0.071311	0.374210	-0.98	-0.98	-0.98	-0.98	0.98
0.509814	-0.852650	-0.98	-0.98	-0.98	0.98	-0.98
-0.249622	0.292251	0.98	-0.98	-0.98	-0.98	-0.98
0.440282	-0.673232	-0.98	-0.98	-0.98	0.98	-0.98
-0.072028	-0.704674	-0.98	-0.98	-0.98	-0.98	0.98
0.060976	-0.167517	-0.98	-0.98	-0.98	-0.98	0.98
-0.255943	-0.835812	-0.98	-0.98	0.98	-0.98	-0.98
0.166039	-0.915118	-0.98	-0.98	-0.98	0.98	-0.98
-0.659745	-0.888453	-0.98	-0.98	0.98	-0.98	-0.98
-0.485725	0.761001	0.98	-0.98	-0.98	-0.98	-0.98
0.403262	-0.651937	-0.98	-0.98	-0.98	0.98	-0.98
0.492773	-0.150503	-0.98	-0.98	-0.98	0.98	-0.98
0.513895	-0.360044	-0.98	-0.98	-0.98	0.98	-0.98
-0.822380	0.332170	0.98	-0.98	-0.98	-0.98	-0.98
0.555113	-0.418794	-0.98	-0.98	-0.98	0.98	-0.98
-0.915664	-0.824503	-0.98	-0.98	0.98	-0.98	-0.98
0.432843	0.575135	-0.98	0.98	-0.98	-0.98	-0.98
0.520388	0.508605	-0.98	0.98	-0.98	-0.98	-0.98
0.577528	0.434108	-0.98	0.98	-0.98	-0.98	-0.98
0.549367	-0.145868	-0.98	-0.98	-0.98	0.98	-0.98
-0.478798	-0.971839	-0.98	-0.98	0.98	-0.98	-0.98
-0.934046	0.956378	0.98	-0.98	-0.98	-0.98	-0.98
-0.045193	0.836371	-0.98	-0.98	-0.98	-0.98	0.98
0.097829	-0.776193	-0.98	-0.98	-0.98	-0.98	0.98
-0.435129	0.668996	0.98	-0.98	-0.98	-0.98	-0.98
-0.206613	-0.116981	-0.98	-0.98	0.98	-0.98	-0.98
-0.127203	0.037793	-0.98	-0.98	-0.98	-0.98	0.98
-0.351027	-0.509371	-0.98	-0.98	0.98	-0.98	-0.98
-0.728931	0.307067	0.98	-0.98	-0.98	-0.98	-0.98
-0.735615	-0.883200	-0.98	-0.98	0.98	-0.98	-0.98
-0.073950	0.703143	-0.98	-0.98	-0.98	-0.98	0.98
0.114856	0.080425	-0.98	-0.98	-0.98	-0.98	0.98
0.709262	0.836752	-0.98	0.98	-0.98	-0.98	-0.98
-0.237664	0.716421	0.98	-0.98	-0.98	-0.98	-0.98
0.343232	-0.444967	-0.98	-0.98	-0.98	0.98	-0.98
-0.503759	0.829803	0.98	-0.98	-0.98	-0.98	-0.98
-0.401261	-0.972385	-0.98	-0.98	0.98	-0.98	-0.98
-0.625975	0.693485	0.98	-0.98	-0.98	-0.98	-0.98
0.844547	-0.213794	-0.98	-0.98	-0.98	0.98	-0.98
0.310880	-0.253148	-0.98	-0.98	-0.98	0.98	-0.98
-0.704206	-0.774479	-0.98	-0.98	0.98	-0.98	-0.98
-0.549043	0.252011	0.98	-0.98	-0.98	-0.98	-0.98
0.809602	-0.553062	-0.98	-0.98	-0.98	0.98	-0.98
0.658971	-0.910495	-0.98	-0.98	-0.98	0.98	-0.98
0.121363	0.873598	-0.98	0.98	-0.98	-0.98	-0.98
0.546378	-0.489698	-0.98	-0.98	-0.98	0.98	-0.98
0.104206	0.206279	-0.98	0.98	-0.98	-0.98	-0.98
0.354900	0.175360	-0.98	0.98	-0.98	-0.98	-0.98
-0.830442	-0.211862	-0.98	-0.98	0.98	-0.98	-0.98
0.800372	-0.549998	-0.98	-0.98	-0.98	0.98	-0.98
-0.708529	-0.605477	-0.98	-0.98	0.98	-0.98	-0.98
0.667448	-0.780431	-0.98	-0.98	-0.98	0.98	-0.98
-0.920492	-0.812968	-0.98	-0.98	0.98	-0.98	-0.98
0.928904	-0.546754	-0.98	-0.98	-0.98	0.98	-0.98
-0.922022	-0.610293	-0.98	-0.98	0.98	-0.98	-0.98
0.509254	0.183871	-0.98	0.98	-0.98	-0.98	-0.98
0.074677	-0.673484	-0.98	-0.98	-0.98	-0.98	0.98
-0.824558	0.398906	0.98	-0.98	-0.98	-0.98	-0.98
-0.857675	0.856635	0.98	-0.98	-0.98	-0.98	-0.98
-0.298525	0.631030	0.98	-0.98	-0.98	-0.98	-0.98
0.010347	0.097795	-0.98	-0.98	-0.98	-0.98	0.98
0.507870	-0.491393	-0.98	-0.98	-0.98	0.98	-0.98
0.482475	0.250483	-0.98	0.98	-0.98	-0.98	-0.98
-0.565804	0.641939	0.98	-0.98	-0.98	-0.98	-0.98
0.161138	0.336524	-0.98	0.98	-0.98	-0.98	-0.98
-0.309391	-0.002480	-0.98	-0.98	-0.98	-0.98	0.98
0.497138	-0.346732	-0.98	-0.98	-0.98	0.98	-0.98
0.343769	-0.781506	-0.98	-0.98	-0.98	0.98	-0.98
-0.552302	0.474427	0.98	-0.98	-0.98	-0.98	-0.98
-0.828323	-0.368781	-0.98	-0.98	0.98	-0.98	-0.98
-0.151162	0.269043	0.98	-0.98	-0.98	-0.98	-0.98
0.239228	-0.066132	-0.98	-0.98	-0.98	-0.98	0.98
0.466259	-0.517283	-0.98	-0.98	-0.98	0.98	-0.98
-0.803634	-0.321304	-0.98	-0.98	0.98	-0.98	-0.98
-0.793612	-0.654590	-0.98	-0.98	0.98	-0.98	-0.98
0.532077	-0.762562	-0.98	-0.98	-0.98	0.98	-0.98
0.057042	0.066438	-0.98	-0.98	-0.98	-0.98	0.98
-0.830110	-0.029892	-0.98	-0.98	-0.98	-0.98	0.98
-0.642927	-0.608330	-0.98	-0.98	0.98	-0.98	-0.98
-0.032220	0.111366	-0.98	-0.98	-0.98	-0.98	0.98
0.216942	-0.381836	-0.98	-0.98	-0.98	0.98	-0.98
-0.840295	0.196744	0.98	-0.98	-0.98	-0.98	-0.98
-0.813276	-0.339515	-0.98	-0.98	0.98	-0.98	-0.98
-0.087546	0.113313	-0.98	-0.98	-0.98	-0.98	0.98
0.337090	0.292363	-0.98	0.98	-0.98	-0.98	-0.98
-0.625251	0.492734	0.98	-0.98	-0.98	-0.98	-0.98
-0.512476	-0.900204	-0.98	-0.98	0.98	-0.98	-0.98
0.609481	-0.177426	-0.98	-0.98	-0.98	0.98	-0.98
0.990039	0.425679	-0.98	0.98	-0.98	-0.98	-0.98
0.454670	0.379543	-0.98	0.98	-0.98	-0.98	-0.98
-0.092842	0.601227	-0.98	-0.98	-0.98	-0.98	0.98
0.009622	-0.056615	-0.98	-0.98	-0.98	-0.98	0.98
-0.364613	-0.888816	-0.98	-0.98	0.98	-0.98	-0.98
0.167649	-0.065363	-0.98	-0.98	-0.98	-0.98	0.98
0.779521	0.022470	-0.98	-0.98	-0.98	-0.98	0.98
-0.334239	-0.151947	-0.98	-0.98	0.98	-0.98	-0.98
-0.223882	0.403968	0.98	-0.98	-0.98	-0.98	-0.98
0.563760	0.788019	-0.98	0.98	-0.98	-0.98	-0.98
-0.823286	0.770314	0.98	-0.98	-0.98	-0.98	-0.98
-0.692409	0.659640	0.98	-0.98	-0.98	-0.98	-0.98
-0.266796	0.443402	0.98	-0.98	-0.98	-0.98	-0.98
-0.713667	-0.829288	-0.98	-0.98	0.98	-0.98	-0.98
0.977135	0.130117	-0.98	0.98	-0.98	-0.98	-0.98
0.692147	-0.745800	-0.98	-0.98	-0.98	0.98	-0.98
0.773128	0.249377	-0.98	0.98	-0.98	-0.98	-0.98
-0.595164	-0.985011	-0.98	-0.98	0.98	-0.98	-0.98
-0.596696	-0.333542	-0.98	-0.98	0.98	-0.98	-0.98
-0.300240	0.540906	0.98	-0.98	-0.98	-0.98	-0.98
0.682079	-0.568915	-0.98	-0.98	-0.98	0.98	-0.98
0.285941	-0.420115	-0.98	-0.98	-0.98	0.98	-0.98
-0.433239	0.870723	0.98	-0.98	-0.98	-0.98	-0.98
0.779092	0.273417	-0.98	0.98	-0.98	-0.98	-0.98
0.878425	0.180352	-0.98	0.98	-0.98	-0.98	-0.98
-0.332225	-0.050332	-0.98	-0.98	-0.98	-0.98	0.98
0.722942	-0.191078	-0.98	-0.98	-0.98	0.98	-0.98
0.933907	0.570195	-0.98	0.98	-0.98	-0.98	-0.98
0.692122	0.125229	-0.98	0.98	-0.98	-0.98	-0.98
0.273470	-0.087797	-0.98	-0.98	-0.98	-0.98	0.98
-0.102023	-0.708870	-0.98	-0.98	0.98	-0.98	-0.98
0.002040	-0.715461	-0.98	-0.98	-0.98	-0.98	0.98
0.782110	0.609831	-0.98	0.98	-0.98	-0.98	-0.98
0.937098	-0.623028	-0.98	-0.98	-0.98	0.98	-0.98
0.109014	0.777169	-0.98	0.98	-0.98	-0.98	-0.98
-0.668862	-0.594664	-0.98	-0.98	0.98	-0.98	-0.98
-0.206459	-0.847735	-0.98	-0.98	0.98	-0.98	-0.98
-0.435893	0.345460	0.98	-0.98	-0.98	-0.98	-0.98
0.908198	-0.173513	-0.98	-0.98	-0.98	0.98	-0.98
-0.555962	0.768660	0.98	-0.98	-0.98	-0.98	-0.98
-0.081354	-0.333049	-0.98	-0.98	-0.98	-0.98	0.98
-0.233519	0.424759	0.98	-0.98	-0.98	-0.98	-0.98
0.435161	0.024110	-0.98	-0.98	-0.98	-0.98	0.98
-0.567139	-0.681076	-0.98	-0.98	0.98	-0.98	-0.98
0.397379	-0.900366	-0.98	-0.98	-0.98	0.98	-0.98
0.742060	0.317255	-0.98	0.98	-0.98	-0.98	-0.98
0.964527	-0.596560	-0.98	-0.98	-0.98	0.98	-0.98
0.922247	-0.077480	-0.98	-0.98	-0.98	-0.98	0.98
-0.666788	-0.467085	-0.98	-0.98	0.98	-0.98	-0.98
-0.155686	0.562733	0.98	-0.98	-0.98	-0.98	-0.98
-0.260628	0.159135	0.98	-0.98	-0.98	-0.98	-0.98
-0.430701	-0.902160	-0.98	-0.98	0.98	-0.98	-0.98
-0.493311	-0.078102	-0.98	-0.98	-0.98	-0.98	0.98
0.921711	-0.024143	-0.98	-0.98	-0.98	-0.98	0.98
-0.542807	-0.925410	-0.98	-0.98	0.98	-0.98	-0.98
0.782419	-0.697757	-0.98	-0.98	-0.98	0.98	-0.98
0.059491	0.523163	-0.98	-0.98	-0.98	-0.98	0.98
-0.978810	0.103169	0.98	-0.98	-0.98	-0.98	-0.98
0.211559	0.182008	-0.98	0.98	-0.98	-0.98	-0.98
0.284393	0.670635	-0.98	0.98	-0.98	-0.98	-0.98
-0.384820	0.275757	0.98	-0.98	-0.98	-0.98	-0.98
-0.727899	-0.133391	-0.98	-0.98	0.98	-0.98	-0.98
-0.559257	-0.995099	-0.98	-0.98	0.98	-0.98	-0.98
0.257156	0.879661	-0.98	0.98	-0.98	-0.98	-0.98
-0.258438	-0.748226	-0.98	-0.98	0.98	-0.98	-0.98
-0.063245	0.951826	-0.98	-0.98	-0.98	-0.98	0.98
-0.807808	0.672560	0.98	-0.98	-0.98	-0.98	-0.98
0.864337	-0.167637	-0.98	-0.98	-0.98	0.98	-0.98
-0.331958	-0.024972	-0.98	-0.98	-0.98	-0.98	0.98
-0.918631	0.883471	0.98	-0.98	-0.98	-0.98	-0.98
-0.674215	-0.441353	-0.98	-0.98	0.98	-0.98	-0.98
-0.807241	0.828963	0.98	-0.98	-0.98	-0.98	-0.98
0.856896	-0.814182	-0.98	-0.98	-0.98	0.98	-0.98
0.940782	0.924495	-0.98	0.98	-0.98	-0.98	-0.98
0.688083	0.094664	-0.98	-0.98	-0.98	-0.98	0.98
-0.494162	-0.637346	-0.98	-0.98	0.98	-0.98	-0.98
0.623431	-0.503996	-0.98	-0.98	-0.98	0.98	-0.98
0.251739	-0.114415	-0.98	-0.98	-0.98	0.98	-0.98
0.125643	-0.262330	-0.98	-0.98	-0.98	0.98	-0.98
-0.794618	0.925661	0.98	-0.98	-0.98	-0.98	-0.98
-0.695678	0.105523	0.98	-0.98	-0.98	-0.98	-0.98
-0.333659	0.832228	0.98	-0.98	-0.98	-0.98	-0.98
-0.833428	-0.789840	-0.98	-0.98	0.98	-0.98	-0.98
-0.377299	0.324342	0.98	-0.98	-0.98	-0.98	-0.98
0.546278	0.956994	-0.98	0.98	-0.98	-0.98	-0.98
-0.139854	-0.928092	-0.98	-0.98	0.98	-0.98	-0.98
-0.294386	-0.085731	-0.98	-0.98	-0.98	-0.98	0.98
0.044255	0.205116	-0.98	-0.98	-0.98	-0.98	0.98
0.508472	0.010452	-0.98	-0.98	-0.98	-0.98	0.98
0.086129	0.805635	-0.98	-0.98	-0.98	-0.98	0.98
-0.616179	-0.676912	-0.98	-0.98	0.98	-0.98	-0.98
0.284227	-0.066881	-0.98	-0.98	-0.98	-0.98	0.98
-0.813340	0.141428	0.98	-0.98	-0.98	-0.98	-0.98
0.763406	0.762979	-0.98	0.98	-0.98	-0.98	-0.98
-0.975379	-0.891809	-0.98	-0.98	0.98	-0.98	-0.98
-0.385923	-0.298573	-0.98	-0.98	0.98	-0.98	-0.98
-0.070679	0.661726	-0.98	-0.98	-0.98	-0.98	0.98
-0.081143	-0.615961	-0.98	-0.98	-0.98	-0.98	0.98
0.334958	-0.319620	-0.98	-0.98	-0.98	0.98	-0.98
0.089073	0.056592	-0.98	-0.98	-0.98	-0.98	0.98
0.588175	0.007097	-0.98	-0.98	-0.98	-0.98	0.98
-0.822988	0.836542	0.98	-0.98	-0.98	-0.98	-0.98
-0.831730	-0.099105	-0.98	-0.98	-0.98	-0.98	0.98
0.219280	0.100332	-0.98	0.98	-0.98	-0.98	-0.98
-0.545503	0.668070	0.98	-0.98	-0.98	-0.98	-0.98
0.664220	0.207740	-0.98	0.98	-0.98	-0.98	-0.98
-0.994960	-0.941869	-0.98	-0.98	0.98	-0.98	-0.98
0.370600	-0.796635	-0.98	-0.98	-0.98	0.98	-0.98
0.162001	0.105179	-0.98	0.98	-0.98	-0.98	-0.98
0.952606	0.949739	-0.98	0.98	-0.98	-0.98	-0.98
0.392111	-0.988662	-0.98	-0.98	-0.98	0.98	-0.98
-0.100432	-0.513202	-0.98	-0.98	0.98	-0.98	-0.98
0.535072	-0.629425	-0.98	-0.98	-0.98	0.98	-0.98
0.061402	-0.171568	-0.98	-0.98	-0.98	-0.98	0.98
0.727930	0.173311	-0.98	0.98	-0.98	-0.98	-0.98
0.863479	-0.549031	-0.98	-0.98	-0.98	0.98	-0.98
-0.675800	0.951375	0.98	-0.98	-0.98	-0.98	-0.98
-0.009815	-0.774270	-0.98	-0.98	-0.98	-0.98	0.98
0.187480	-0.007352	-0.98	-0.98	-0.98	-0.98	0.98
-0.340327	-0.582915	-0.98	-0.98	0.98	-0.98	-0.98
0.494702	0.689213	-0.98	0.98	-0.98	-0.98	-0.98
-0.965192	0.609547	0.98	-0.98	-0.98	-0.98	-0.98
-0.281003	-0.918441	-0.98	-0.98	0.98	-0.98	-0.98
0.088685	0.682705	-0.98	-0.98	-0.98	-0.98	0.98
0.771943	0.191531	-0.98	0.98	-0.98	-0.98	-0.98
0.807861	0.580150	-0.98	0.98	-0.98	-0.98	-0.98
-0.183353	0.171918	0.98	-0.98	-0.98	-0.98	-0.98
-0.766479	-0.157141	-0.98	-0.98	0.98	-0.98	-0.98
0.410292	0.272824	-0.98	0.98	-0.98	-0.98	-0.98
0.989311	-0.071765	-0.98	-0.98	-0.98	-0.98	0.98
0.446962	0.889812	-0.98	0.98	-0.98	-0.98	-0.98
0.733573	-0.285462	-0.98	-0.98	-0.98	0.98	-0.98
-0.657914	0.738086	0.98	-0.98	-0.98	-0.98	-0.98
-0.798734	0.549964	0.98	-0.98	-0.98	-0.98	-0.98
0.757175	-0.294844	-0.98	-0.98	-0.98	0.98	-0.98
-0.314936	-0.341927	-0.98	-0.98	0.98	-0.98	-0.98
0.449237	-0.427205	-0.98	-0.98	-0.98	0.98	-0.98
0.953060	-0.059314	-0.98	-0.98	-0.98	-0.98	0.98
-0.978875	-0.305814	-0.98	-0.98	0.98	-0.98	-0.98
0.711198	0.184061	-0.98	0.98	-0.98	-0.98	-0.98
0.407126	-0.087954	-0.98	-0.98	-0.98	-0.98	0.98
-0.195445	-0.472482	-0.98	-0.98	0.98	-0.98	-0.98
0.514610	0.002406	-0.98	-0.98	-0.98	-0.98	0.98
0.329205	-0.140419	-0.98	-0.98	-0.98	0.98	-0.98
-0.341280	-0.213164	-0.98	-0.98	0.98	-0.98	-0.98
0.284955	-0.044555	-0.98	-0.98	-0.98	-0.98	0.98
0.727675	-0.334979	-0.98	-0.98	-0.98	0.98	-0.98
-0.764369	0.348539	0.98	-0.98	-0.98	-0.98	-0.98
-0.570271	0.386173	0.98	-0.98	-0.98	-0.98	-0.98
0.267982	0.053363	-0.98	-0.98	-0.98	-0.98	0.98
-0.020176	0.718452	-0.98	-0.98	-0.98	-0.98	0.98
-0.812793	-0.941402	-0.98	-0.98	0.98	-0.98	-0.98
0.842038	0.369145	-0.98	0.98	-0.98	-0.98	-0.98
0.468658	-0.605103	-0.98	-0.98	-0.98	0.98	-0.98
-0.250117	-0.234370	-0.98	-0.98	0.98	-0.98	-0.98
0.107677	-0.357538	-0.98	-0.98	-0.98	0.98	-0.98
-0.503120	-0.355177	-0.98	-0.98	0.98	-0.98	-0.98
-0.919205	0.300622	0.98	-0.98	-0.98	-0.98	-0.98
-0.195031	0.849485	0.98	-0.98	-0.98	-0.98	-0.98
-0.022649	-0.065233	-0.98	-0.98	-0.98	-0.98	0.98
-0.618899	-0.999902	-0.98	-0.98	0.98	-0.98	-0.98
0.593986	-0.104807	-0.98	-0.98	-0.98	0.98	-0.98
-0.121971	0.913696	0.98	-0.98	-0.98	-0.98	-0.98
-0.970636	-0.965909	-0.98	-0.98	0.98	-0.98	-0.98
-0.795292	0.107786	0.98	-0.98	-0.98	-0.98	-0.98
0.424075	0.284765	-0.98	0.98	-0.98	-0.98	-0.98
0.651097	0.059863	-0.98	-0.98	-0.98	-0.98	0.98
0.420111	-0.000480	-0.98	-0.98	-0.98	-0.98	0.98
-0.134332	-0.560857	-0.98	-0.98	0.98	-0.98	-0.98
0.816688	-0.091557	-0.98	-0.98	-0.98	-0.98	0.98
0.534363	0.985111	-0.98	0.98	-0.98	-0.98	-0.98
0.051276	0.743214	-0.98	-0.98	-0.98	-0.98	0.98
0.997842	0.223509	-0.98	0.98	-0.98	-0.98	-0.98
0.612629	0.375738	-0.98	0.98	-0.98	-0.98	-0.98
0.303920	0.590640	-0.98	0.98	-0.98	-0.98	-0.98
0.751623	-0.475969	-0.98	-0.98	-0.98	0.98	-0.98
-0.421788	0.636907	0.98	-0.98	-0.98	-0.98	-0.98
-0.684164	-0.719853	-0.98	-0.98	0.98	-0.98	-0.98
-0.805871	-0.740648	-0.98	-0.98	0.98	-0.98	-0.98
0.601270	-0.761848	-0.98	-0.98	-0.98	0.98	-0.98
0.562285	-0.691745	-0.98	-0.98	-0.98	0.98	-0.98
-0.446267	0.151824	0.98	-0.98	-0.98	-0.98	-0.98
0.139853	-0.035214	-0.98	-0.98	-0.98	-0.98	0.98
-0.299907	-0.890311	-0.98	-0.98	0.98	-0.98	-0.98
-0.103841	-0.663900	-0.98	-0.98	0.98	-0.98	-0.98
-0.147424	0.810865	0.98	-0.98	-0.98	-0.98	-0.98
-0.115080	-0.314919	-0.98	-0.98	0.98	-0.98	-0.98
0.816638	-0.717022	-0.98	-0.98	-0.98	0.98	-0.98
0.608217	0.664152	-0.98	0.98	-0.98	-0.98	-0.98
0.264210	-0.169409	-0.98	-0.98	-0.98	0.98	-0.98
-0.879794	0.580681	0.98	-0.98	-0.98	-0.98	-0.98
0.050776	-0.987151	-0.98	-0.98	-0.98	-0.98	0.98
-0.855951	0.157843	0.98	-0.98	-0.98	-0.98	-0.98
-0.620605	0.564707	0.98	-0.98	-0.98	-0.98	-0.98
-0.571760	-0.128251	-0.98	-0.98	0.98	-0.98	-0.98
0.609372	-0.943902	-0.98	-0.98	-0.98	0.98	-0.98
-0.897498	-0.055977	-0.98	-0.98	-0.98	-0.98	0.98
0.131326	-0.964064	-0.98	-0.98	-0.98	0.98	-0.98
-0.871236	0.974834	0.98	-0.98	-0.98	-0.98	-0.98
0.879012	-0.054981	-0.98	-0.98	-0.98	-0.98	0.98
-0.678018	-0.629630	-0.98	-0.98	0.98	-0.98	-0.98
0.305437	0.226373	-0.98	0.98	-0.98	-0.98	-0.98
0.298089	-0.751769	-0.98	-0.98	-0.98	0.98	-0.98
0.843995	0.225519	-0.98	0.98	-0.98	-0.98	-0.98
-0.487957	0.079716	-0.98	-0.98	-0.98	-0.98	0.98
0.755417	-0.718881	-0.98	-0.98	-0.98	0.98	-0.98
0.355358	-0.043147	-0.98	-0.98	-0.98	-0.98	0.98
0.386045	0.344760	-0.98	0.98	-0.98	-0.98	-0.98
0.704191	0.969749	-0.98	0.98	-0.98	-0.98	-0.98
0.628749	0.619246	-0.98	0.98	-0.98	-0.98	-0.98
-0.058429	-0.519936	-0.98	-0.98	-0.98	-0.98	0.98
0.147148	-0.890540	-0.98	-0.98	-0.98	0.98	-0.98
0.200822	0.415588	-0.98	0.98	-0.98	-0.98	-0.98
0.556399	0.592045	-0.98	0.98	-0.98	-0.98	-0.98
-0.153102	-0.206197	-0.98	-0.98	0.98	-0.98	-0.98
-0.618612	0.275368	0.98	-0.98	-0.98	-0.98	-0.98
-0.048988	0.084157	-0.98	-0.98	-0.98	-0.98	0.98
0.885464	0.274755	-0.98	0.98	-0.98	-0.98	-0.98
0.860003	0.739344	-0.98	0.98	-0.98	-0.98	-0.98
-0.578677	0.758844	0.98	-0.98	-0.98	-0.98	-0.98
-0.385297	0.006187	-0.98	-0.98	-0.98	-0.98	0.98
-0.518865	-0.444594	-0.98	-0.98	0.98	-0.98	-0.98
-0.422252	-0.910252	-0.98	-0.98	0.98	-0.98	-0.98
0.800111	-0.698246	-0.98	-0.98	-0.98	0.98	-0.98
-0.310691	0.862946	0.98	-0.98	-0.98	-0.98	-0.98
-0.547389	0.853079	0.98	-0.98	-0.98	-0.98	-0.98
0.010840	-0.990023	-0.98	-0.98	-0.98	-0.98	0.98
-0.135203	-0.445989	-0.98	-0.98	0.98	-0.98	-0.98
-0.287065	-0.597058	-0.98	-0.98	0.98	-0.98	-0.98
0.893517	-0.522851	-0.98	-0.98	-0.98	0.98	-0.98
0.430182	0.645650	-0.98	0.98	-0.98	-0.98	-0.98
0.463296	-0.879024	-0.98	-0.98	-0.98	0.98	-0.98
-0.396284	-0.579253	-0.98	-0.98	0.98	-0.98	-0.98
-0.248381	-0.237365	-0.98	-0.98	0.98	-0.98	-0.98
-0.939896	-0.924239	-0.98	-0.98	0.98	-0.98	-0.98
-0.590581	0.718900	0.98	-0.98	-0.98	-0.98	-0.98
0.214367	0.137010	-0.98	0.98	-0.98	-0.98	-0.98
0.710370	0.916427	-0.98	0.98	-0.98	-0.98	-0.98
-0.005415	-0.100413	-0.98	-0.98	-0.98	-0.98	0.98
0.947524	-0.379236	-0.98	-0.98	-0.98	0.98	-0.98
0.123016	0.265531	-0.98	0.98	-0.98	-0.98	-0.98
0.488445	-0.537543	-0.98	-0.98	-0.98	0.98	-0.98
0.559326	-0.895503	-0.98	-0.98	-0.98	0.98	-0.98
-0.573877	0.680859	0.98	-0.98	-0.98	-0.98	-0.98
0.140049	-0.185195	-0.98	-0.98	-0.98	0.98	-0.98
-0.106711	0.940934	0.98	-0.98	-0.98	-0.98	-0.98
0.988323	0.903032	-0.98	0.98	-0.98	-0.98	-0.98
-0.506210	-0.245839	-0.98	-0.98	0.98	-0.98	-0.98
0.013490	0.532454	-0.98	-0.98	-0.98	-0.98	0.98
-0.689137	-0.977353	-0.98	-0.98	0.98	-0.98	-0.98
-0.828983	0.969244	0.98	-0.98	-0.98	-0.98	-0.98
-0.966314	-0.207528	-0.98	-0.98	0.98	-0.98	-0.98
-0.622132	-0.526573	-0.98	-0.98	0.98	-0.98	-0.98
0.725505	-0.322833	-0.98	-0.98	-0.98	0.98	-0.98
0.149068	0.291631	-0.98	0.98	-0.98	-0.98	-0.98
-0.268801	0.757360	0.98	-0.98	-0.98	-0.98	-0.98
0.324638	-0.048026	-0.98	-0.98	-0.98	-0.98	0.98
-0.566686	-0.442165	-0.98	-0.98	0.98	-0.98	-0.98
-0.196448	-0.218478	-0.98	-0.98	0.98	-0.98	-0.98
0.449984	0.470145	-0.98	0.98	-0.98	-0.98	-0.98
0.369534	-0.169252	-0.98	-0.98	-0.98	0.98	-0.98
-0.657528	-0.485587	-0.98	-0.98	0.98	-0.98	-0.98
0.424772	-0.611573	-0.98	-0.98	-0.98	0.98	-0.98
0.324658	-0.777680	-0.98	-0.98	-0.98	0.98	-0.98
0.500214	-0.262732	-0.98	-0.98	-0.98	0.98	-0.98
-0.187940	-0.430702	-0.98	-0.98	0.98	-0.98	-0.98
-0.048178	-0.908401	-0.98	-0.98	-0.98	-0.98	0.98
-0.980162	0.473249	0.98	-0.98	-0.98	-0.98	-0.98
-0.498530	-0.594177	-0.98	-0.98	0.98	-0.98	-0.98
0.640601	0.422853	-0.98	0.98	-0.98	-0.98	-0.98
-0.824148	0.638277	0.98	-0.98	-0.98	-0.98	-0.98
0.779262	0.691019	-0.98	0.98	-0.98	-0.98	-0.98
0.246316	-0.592186	-0.98	-0.98	-0.98	0.98	-0.98
-0.973716	0.508665	0.98	-0.98	-0.98	-0.98	-0.98
0.259458	0.697626	-0.98	0.98	-0.98	-0.98	-0.98
-0.788762	-0.550170	-0.98	-0.98	0.98	-0.98	-0.98
-0.264187	-0.536861	-0.98	-0.98	0.98	-0.98	-0.98
0.705606	0.337509	-0.98	0.98	-0.98	-0.98	-0.98
-0.162468	0.640931	0.98	-0.98	-0.98	-0.98	-0.98
-0.922498	0.967938	0.98	-0.98	-0.98	-0.98	-0.98
0.753595	0.980434	-0.98	0.98	-0.98	-0.98	-0.98
-0.825629	0.161764	0.98	-0.98	-0.98	-0.98	-0.98
0.185185	-0.147089	-0.98	-0.98	-0.98	0.98	-0.98
-0.609928	0.054965	-0.98	-0.98	-0.98	-0.98	0.98
-0.383878	-0.496338	-0.98	-0.98	0.98	-0.98	-0.98
-0.989419	0.839018	0.98	-0.98	-0.98	-0.98	-0.98
0.565860	0.457927	-0.98	0.98	-0.98	-0.98	-0.98
0.640248	0.252023	-0.98	0.98	-0.98	-0.98	-0.98
0.483881	0.006448	-0.98	-0.98	-0.98	-0.98	0.98
-0.991713	-0.736312	-0.98	-0.98	0.98	-0.98	-0.98
0.886852	0.682741	-0.98	0.98	-0.98	-0.98	-0.98
-0.591167	0.690585	0.98	-0.98	-0.98	-0.98	-0.98
-0.198826	-0.900552	-0.98	-0.98	0.98	-0.98	-0.98
0.318857	-0.184877	-0.98	-0.98	-0.98	0.98	-0.98
-0.423913	-0.175149	-0.98	-0.98	0.98	-0.98	-0.98
-0.891268	-0.547378	-0.98	-0.98	0.98	-0.98	-0.98
0.974778	-0.531468	-0.98	-0.98	-0.98	0.98	-0.98
0.173453	0.839893	-0.98	0.98	-0.98	-0.98	-0.98
0.799316	0.570602	-0.98	0.98	-0.98	-0.98	-0.98
0.706817	0.191091	-0.98	0.98	-0.98	-0.98	-0.98
-0.049624	-0.642271	-0.98	-0.98	-0.98	-0.98	0.98
0.393963	0.727645	-0.98	0.98	-0.98	-0.98	-0.98
0.689549	0.320877	-0.98	0.98	-0.98	-0.98	-0.98
-0.040058	-0.356453	-0.98	-0.98	-0.98	-0.98	0.98
-0.831918	0.399033	0.98	-0.98	-0.98	-0.98	-0.98
0.941392	0.879879	-0.98	0.98	-0.98	-0.98	-0.98
0.179231	0.364185	-0.98	0.98	-0.98	-0.98	-0.98
-0.537034	-0.932812	-0.98	-0.98	0.98	-0.98	-0.98
-0.160073	-0.031992	-0.98	-0.98	-0.98	-0.98	0.98
-0.307433	-0.329267	-0.98	-0.98	0.98	-0.98	-0.98
0.742926	0.784600	-0.98	0.98	-0.98	-0.98	-0.98
-0.591673	-0.968455	-0.98	-0.98	0.98	-0.98	-0.98
0.112922	0.499055	-0.98	0.98	-0.98	-0.98	-0.98
-0.688619	0.974904	0.98	-0.98	-0.98	-0.98	-0.98
0.292926	-0.303637	-0.98	-0.98	-0.98	0.98	-0.98
-0.897162	0.653649	0.98	-0.98	-0.98	-0.98	-0.98
-0.660016	0.637252	0.98	-0.98	-0.98	-0.98	-0.98
0.965891	0.770313	-0.98	0.98	-0.98	-0.98	-0.98
-0.551990	0.087389	-0.98	-0.98	-0.98	-0.98	0.98
-0.364142	-0.417745	-0.98	-0.98	0.98	-0.98	-0.98
0.594759	0.450866	-0.98	0.98	-0.98	-0.98	-0.98
-0.736821	0.263659	0.98	-0.98	-0.98	-0.98	-0.98
0.671962	0.009133	-0.98	-0.98	-0.98	-0.98	0.98
0.411725	0.417922	-0.98	0.98	-0.98	-0.98	-0.98
0.675775	0.533516	-0.98	0.98	-0.98	-0.98	-0.98
0.713876	-0.207128	-0.98	-0.98	-0.98	0.98	-0.98
0.099803	0.350800	-0.98	-0.98	-0.98	-0.98	0.98
0.061532	-0.715520	-0.98	-0.98	-0.98	-0.98	0.98
0.022217	0.664300	-0.98	-0.98	-0.98	-0.98	0.98
0.053414	0.258323	-0.98	-0.98	-0.98	-0.98	0.98
0.937014	0.382511	-0.98	0.98	-0.98	-0.98	-0.98
0.946951	-0.170069	-0.98	-0.98	-0.98	0.98	-0.98
-0.220259	0.346716	0.98	-0.98	-0.98	-0.98	-0.98
-0.617132	0.784761	0.98	-0.98	-0.98	-0.98	-0.98
0.322665	-0.851659	-0.98	-0.98	-0.98	0.98	-0.98
0.006271	-0.017448	-0.98	-0.98	-0.98	-0.98	0.98
-0.943025	-0.880124	-0.98	-0.98	0.98	-0.98	-0.98
-0.361128	-0.300116	-0.98	-0.98	0.98	-0.98	-0.98
-0.342779	-0.210862	-0.98	-0.98	0.98	-0.98	-0.98
-0.748905	-0.527822	-0.98	-0.98	0.98	-0.98	-0.98
-0.027473	0.522150	-0.98	-0.98	-0.98	-0.98	0.98
-0.804450	-0.173054	-0.98	-0.98	0.98	-0.98	-0.98
0.370806	0.740651	-0.98	0.98	-0.98	-0.98	-0.98
0.368246	0.829711	-0.98	0.98	-0.98	-0.98	-0.98
0.263741	-0.218281	-0.98	-0.98	-0.98	0.98	-0.98
-0.799431	0.149306	0.98	-0.98	-0.98	-0.98	-0.98
-0.065154	0.765116	-0.98	-0.98	-0.98	-0.98	0.98
-0.166462	0.544029	0.98	-0.98	-0.98	-0.98	-0.98
0.563108	0.119135	-0.98	0.98	-0.98	-0.98	-0.98
-0.635764	-0.125674	-0.98	-0.98	0.98	-0.98	-0.98
0.716188	0.766629	-0.98	0.98	-0.98	-0.98	-0.98
-0.391417	0.499600	0.98	-0.98	-0.98	-0.98	-0.98
0.355283	-0.791144	-0.98	-0.98	-0.98	0.98	-0.98
0.073554	-0.991325	-0.98	-0.98	-0.98	-0.98	0.98
-0.304258	-0.523748	-0.98	-0.98	0.98	-0.98	-0.98
0.269444	0.079911	-0.98	-0.98	-0.98	-0.98	0.98
0.119246	-0.284200	-0.98	-0.98	-0.98	0.98	-0.98
0.625970	-0.933557	-0.98	-0.98	-0.98	0.98	-0.98
-0.790231	0.855369	0.98	-0.98	-0.98	-0.98	-0.98
0.025118	0.467322	-0.98	-0.98	-0.98	-0.98	0.98
-0.498062	0.527065	0.98	-0.98	-0.98	-0.98	-0.98
0.825861	0.050712	-0.98	-0.98	-0.98	-0.98	0.98
0.325761	0.914285	-0.98	0.98	-0.98	-0.98	-0.98
0.482227	0.568136	-0.98	0.98	-0.98	-0.98	-0.98
0.135273	-0.995133	-0.98	-0.98	-0.98	0.98	-0.98
-0.180419	0.480073	0.98	-0.98	-0.98	-0.98	-0.98
0.118793	0.420655	-0.98	0.98	-0.98	-0.98	-0.98
-0.028196	-0.479681	-0.98	-0.98	-0.98	-0.98	0.98
-0.962978	-0.165392	-0.98	-0.98	0.98	-0.98	-0.98
0.127863	-0.548382	-0.98	-0.98	-0.98	0.98	-0.98
-0.893003	-0.700813	-0.98	-0.98	0.98	-0.98	-0.98
-0.060848	-0.749183	-0.98	-0.98	-0.98	-0.98	0.98
0.187843	-0.564629	-0.98	-0.98	-0.98	0.98	-0.98
-0.001394	0.504034	-0.98	-0.98	-0.98	-0.98	0.98
0.956023	-0.016218	-0.98	-0.98	-0.98	-0.98	0.98
-0.369738	0.966264	0.98	-0.98	-0.98	-0.98	-0.98
0.418031	-0.070054	-0.98	-0.98	-0.98	-0.98	0.98
-0.925663	0.003140	-0.98	-0.98	-0.98	-0.98	0.98
0.865140	0.702044	-0.98	0.98	-0.98	-0.98	-0.98
-0.337328	-0.238279	-0.98	-0.98	0.98	-0.98	-0.98
-0.047388	-0.931999	-0.98	-0.98	-0.98	-0.98	0.98
-0.646098	-0.538408	-0.98	-0.98	0.98	-0.98	-0.98
-0.061281	0.261289	-0.98	-0.98	-0.98	-0.98	0.98
-0.200655	0.545533	0.98	-0.98	-0.98	-0.98	-0.98
-0.480534	0.749655	0.98	-0.98	-0.98	-0.98	-0.98
-0.169880	-0.893191	-0.98	-0.98	0.98	-0.98	-0.98
-0.449280	0.068365	-0.98	-0.98	-0.98	-0.98	0.98
-0.397552	0.457398	0.98	-0.98	-0.98	-0.98	-0.98
0.403534	-0.392612	-0.98	-0.98	-0.98	0.98	-0.98
-0.936326	-0.725774	-0.98	-0.98	0.98	-0.98	-0.98
-0.907750	-0.894554	-0.98	-0.98	0.98	-0.98	-0.98
-0.113357	-0.208354	-0.98	-0.98	0.98	-0.98	-0.98
0.950795	-0.493394	-0.98	-0.98	-0.98	0.98	-0.98
0.484260	0.148171	-0.98	0.98	-0.98	-0.98	-0.98
-0.936711	-0.011483	-0.98	-0.98	-0.98	-0.98	0.98
0.681997	-0.372229	-0.98	-0.98	-0.98	0.98	-0.98
-0.623585	-0.299342	-0.98	-0.98	0.98	-0.98	-0.98
0.203997	0.042474	-0.98	-0.98	-0.98	-0.98	0.98
0.232978	-0.280831	-0.98	-0.98	-0.98	0.98	-0.98
-0.722959	-0.206372	-0.98	-0.98	0.98	-0.98	-0.98
-0.554887	0.236518	0.98	-0.98	-0.98	-0.98	-0.98
0.832431	0.808635	-0.98	0.98	-0.98	-0.98	-0.98
0.659354	-0.038072	-0.98	-0.98	-0.98	-0.98	0.98
0.236457	-0.143928	-0.98	-0.98	-0.98	0.98	-0.98
-0.555772	-0.505334	-0.98	-0.98	0.98	-0.98	-0.98
-0.338618	0.343556	0.98	-0.98	-0.98	-0.98	-0.98
0.103067	-0.431955	-0.98	-0.98	-0.98	0.98	-0.98
-0.957744	0.755636	0.98	-0.98	-0.98	-0.98	-0.98
-0.568012	-0.950189	-0.98	-0.98	0.98	-0.98	-0.98
-0.140096	0.368003	0.98	-0.98	-0.98	-0.98	-0.98
0.956712	0.868364	-0.98	0.98	-0.98	-0.98	-0.98
0.966869	-0.079983	-0.98	-0.98	-0.98	-0.98	0.98
-0.936261	-0.731146	-0.98	-0.98	0.98	-0.98	-0.98
0.774028	0.786907	-0.98	0.98	-0.98	-0.98	-0.98
-0.874918	0.156686	0.98	-0.98	-0.98	-0.98	-0.98
0.556634	0.505969	-0.98	0.98	-0.98	-0.98	-0.98
-0.367042	0.536186	0.98	-0.98	-0.98	-0.98	-0.98
0.440863	0.650501	-0.98	0.98	-0.98	-0.98	-0.98
-0.445546	-0.056587	-0.98	-0.98	-0.98	-0.98	0.98
-0.470020	0.106461	0.98	-0.98	-0.98	-0.98	-0.98
-0.014099	0.044202	-0.98	-0.98	-0.98	-0.98	0.98
0.949617	0.234199	-0.98	0.98	-0.98	-0.98	-0.98
0.194655	-0.910353	-0.98	-0.98	-0.98	0.98	-0.98
-0.311619	-0.995689	-0.98	-0.98	0.98	-0.98	-0.98
-0.184540	-0.583861	-0.98	-0.98	0.98	-0.98	-0.98
0.937264	-0.250385	-0.98	-0.98	-0.98	0.98	-0.98
-0.202304	-0.122984	-0.98	-0.98	0.98	-0.98	-0.98
-0.650402	0.408642	0.98	-0.98	-0.98	-0.98	-0.98
-0.117116	-0.822774	-0.98	-0.98	0.98	-0.98	-0.98
-0.082638	-0.171768	-0.98	-0.98	-0.98	-0.98	0.98
-0.514900	-0.559274	-0.98	-0.98	0.98	-0.98	-0.98
0.508011	-0.834010	-0.98	-0.98	-0.98	0.98	-0.98
0.809494	0.503113	-0.98	0.98	-0.98	-0.98	-0.98
0.929292	-0.074383	-0.98	-0.98	-0.98	-0.98	0.98
-0.587815	0.679929	0.98	-0.98	-0.98	-0.98	-0.98
-0.742629	0.883617	0.98	-0.98	-0.98	-0.98	-0.98
-0.228030	0.178879	0.98	-0.98	-0.98	-0.98	-0.98
-0.204140	-0.984319	-0.98	-0.98	0.98	-0.98	-0.98
-0.400702	-0.484659	-0.98	-0.98	0.98	-0.98	-0.98
0.569908	-0.308016	-0.98	-0.98	-0.98	0.98	-0.98
-0.076933	-0.369274	-0.98	-0.98	-0.98	-0.98	0.98
0.530812	0.714557	-0.98	0.98	-0.98	-0.98	-0.98
-0.939708	-0.750661	-0.98	-0.98	0.98	-0.98	-0.98
-0.559265	-0.291078	-0.98	-0.98	0.98	-0.98	-0.98
0.088125	0.392934	-0.98	-0.98	-0.98	-0.98	0.98
-0.609942	-0.782882	-0.98	-0.98	0.98	-0.98	-0.98
-0.096047	0.659468	-0.98	-0.98	-0.98	-0.98	0.98
0.444702	0.827641	-0.98	0.98	-0.98	-0.98	-0.98
0.985404	0.684284	-0.98	0.98	-0.98	-0.98	-0.98
0.449054	-0.718469	-0.98	-0.98	-0.98	0.98	-0.98
0.368856	0.921070	-0.98	0.98	-0.98	-0.98	-0.98
-0.411336	-0.797282	-0.98	-0.98	0.98	-0.98	-0.98
-0.418707	0.406777	0.98	-0.98	-0.98	-0.98	-0.98
0.112797	0.665138	-0.98	0.98	-0.98	-0.98	-0.98
0.596043	-0.414174	-0.98	-0.98	-0.98	0.98	-0.98
-0.346138	0.552055	0.98	-0.98	-0.98	-0.98	-0.98
0.040260	-0.599127	-0.98	-0.98	-0.98	-0.98	0.98
0.927711	0.393701	-0.98	0.98	-0.98	-0.98	-0.98
-0.948773	-0.737501	-0.98	-0.98	0.98	-0.98	-0.98
0.781725	-0.397121	-0.98	-0.98	-0.98	0.98	-0.98
0.483448	0.094817	-0.98	-0.98	-0.98	-0.98	0.98
-0.336891	0.583138	0.98	-0.98	-0.98	-0.98	-0.98
-0.884851	-0.500135	-0.98	-0.98	0.98	-0.98	-0.98
0.382469	0.945135	-0.98	0.98	-0.98	-0.98	-0.98
-0.784673	-0.392006	-0.98	-0.98	0.98	-0.98	-0.98
-0.136683	0.675200	0.98	-0.98	-0.98	-0.98	-0.98
0.667622	-0.969161	-0.98	-0.98	-0.98	0.98	-0.98
-0.223089	-0.129191	-0.98	-0.98	0.98	-0.98	-0.98
0.047991	0.126784	-0.98	-0.98	-0.98	-0.98	0.98
-0.104879	0.207562	0.98	-0.98	-0.98	-0.98	-0.98
0.737695	0.995673	-0.98	0.98	-0.98	-0.98	-0.98
0.094287	-0.100614	-0.98	-0.98	-0.98	-0.98	0.98
-0.750061	0.627682	0.98	-0.98	-0.98	-0.98	-0.98
-0.760514	-0.404577	-0.98	-0.98	0.98	-0.98	-0.98
0.507127	0.165073	-0.98	0.98	-0.98	-0.98	-0.98
-0.732551	-0.543158	-0.98	-0.98	0.98	-0.98	-0.98
-0.225201	-0.655959	-0.98	-0.98	0.98	-0.98	-0.98
-0.809211	-0.200524	-0.98	-0.98	0.98	-0.98	-0.98
-0.121275	0.420371	0.98	-0.98	-0.98	-0.98	-0.98
-0.796663	-0.386561	-0.98	-0.98	0.98	-0.98	-0.98
-0.000409	-0.698124	-0.98	-0.98	-0.98	-0.98	0.98
0.284227	0.911025	-0.98	0.98	-0.98	-0.98	-0.98
-0.252634	-0.926624	-0.98	-0.98	0.98	-0.98	-0.98
-0.185068	-0.484852	-0.98	-0.98	0.98	-0.98	-0.98
0.508840	-0.408315	-0.98	-0.98	-0.98	0.98	-0.98
0.190391	0.404423	-0.98	0.98	-0.98	-0.98	-0.98
0.430353	-0.654884	-0.98	-0.98	-0.98	0.98	-0.98
-0.735295	-0.168421	-0.98	-0.98	0.98	-0.98	-0.98
-0.988494	0.849670	0.98	-0.98	-0.98	-0.98	-0.98
-0.246627	-0.943949	-0.98	-0.98	0.98	-0.98	-0.98
-0.136492	0.548616	0.98	-0.98	-0.98	-0.98	-0.98
0.904610	0.523576	-0.98	0.98	-0.98	-0.98	-0.98
-0.147153	0.702438	0.98	-0.98	-0.98	-0.98	-0.98
0.180734	0.805539	-0.98	0.98	-0.98	-0.98	-0.98
-0.950629	0.524390	0.98	-0.98	-0.98	-0.98	-0.98
0.933734	0.646707	-0.98	0.98	-0.98	-0.98	-0.98
0.491124	-0.603496	-0.98	-0.98	-0.98	0.98	-0.98
0.695115	-0.762725	-0.98	-0.98	-0.98	0.98	-0.98
0.638741	-0.655640	-0.98	-0.98	-0.98	0.98	-0.98
-0.663519	-0.510618	-0.98	-0.98	0.98	-0.98	-0.98
-0.495263	-0.299402	-0.98	-0.98	0.98	-0.98	-0.98
0.610022	-0.263997	-0.98	-0.98	-0.98	0.98	-0.98
-0.436749	0.239608	0.98	-0.98	-0.98	-0.98	-0.98
0.406912	0.334448	-0.98	0.98	-0.98	-0.98	-0.98
0.766624	0.173103	-0.98	0.98	-0.98	-0.98	-0.98
0.867524	-0.762599	-0.98	-0.98	-0.98	0.98	-0.98
0.943935	0.913254	-0.98	0.98	-0.98	-0.98	-0.98
0.662721	0.151499	-0.98	0.98	-0.98	-0.98	-0.98
-0.067007	-0.599378	-0.98	-0.98	-0.98	-0.98	0.98
-0.148072	0.821837	0.98	-0.98	-0.98	-0.98	-0.98
0.155717	0.176621	-0.98	0.98	-0.98	-0.98	-0.98
-0.666842	0.739526	0.98	-0.98	-0.98	-0.98	-0.98
-0.933923	0.699992	0.98	-0.98	-0.98	-0.98	-0.98
0.070483	-0.704520	-0.98	-0.98	-0.98	-0.98	0.98
-0.554615	0.540293	0.98	-0.98	-0.98	-0.98	-0.98
-0.422270	0.334741	0.98	-0.98	-0.98	-0.98	-0.98
-0.528286	-0.617042	-0.98	-0.98	0.98	-0.98	-0.98
-0.019051	-0.606868	-0.98	-0.98	-0.98	-0.98	0.98
0.063761	0.631413	-0.98	-0.98	-0.98	-0.98	0.98
-0.620229	-0.355962	-0.98	-0.98	0.98	-0.98	-0.98
-0.201207	-0.824995	-0.98	-0.98	0.98	-0.98	-0.98
-0.405980	0.997257	0.98	-0.98	-0.98	-0.98	-0.98
0.323559	-0.068920	-0.98	-0.98	-0.98	-0.98	0.98
0.013888	0.935742	-0.98	-0.98	-0.98	-0.98	0.98
0.215451	0.429353	-0.98	0.98	-0.98	-0.98	-0.98
0.844664	-0.852263	-0.98	-0.98	-0.98	0.98	-0.98
-0.109579	0.313241	0.98	-0.98	-0.98	-0.98	-0.98
0.977270	0.847966	-0.98	0.98	-0.98	-0.98	-0.98
0.769543	-0.128096	-0.98	-0.98	-0.98	0.98	-0.98
-0.295826	0.568789	0.98	-0.98	-0.98	-0.98	-0.98
0.602084	0.776620	-0.98	0.98	-0.98	-0.98	-0.98
0.952473	0.958130	-0.98	0.98	-0.98	-0.98	-0.98
0.918834	0.650693	-0.98	0.98	-0.98	-0.98	-0.98
-0.741615	0.086877	-0.98	-0.98	-0.98	-0.98	0.98
0.466524	-0.673907	-0.98	-0.98	-0.98	0.98	-0.98
-0.182460	0.100654	0.98	-0.98	-0.98	-0.98	-0.98
0.652189	0.446591	-0.98	0.98	-0.98	-0.98	-0.98
0.035976	-0.495249	-0.98	-0.98	-0.98	-0.98	0.98
-0.803981	-0.920384	-0.98	-0.98	0.98	-0.98	-0.98
-0.166425	-0.491594	-0.98	-0.98	0.98	-0.98	-0.98
-0.265579	-0.020458	-0.98	-0.98	-0.98	-0.98	0.98
-0.594775	0.048360	-0.98	-0.98	-0.98	-0.98	0.98
0.376277	-0.571485	-0.98	-0.98	-0.98	0.98	-0.98
0.105560	-0.397876	-0.98	-0.98	-0.98	0.98	-0.98
-0.479258	0.574342	0.98	-0.98	-0.98	-0.98	-0.98
-0.983196	-0.473865	-0.98	-0.98	0.98	-0.98	-0.98
-0.250174	-0.339599	-0.98	-0.98	0.98	-0.98	-0.98
0.179630	-0.156702	-0.98	-0.98	-0.98	0.98	-0.98
0.467707	0.013664	-0.98	-0.98	-0.98	-0.98	0.98
-0.767763	-0.048704	-0.98	-0.98	-0.98	-0.98	0.98
0.708065	0.840749	-0.98	0.98	-0.98	-0.98	-0.98
-0.912498	-0.461651	-0.98	-0.98	0.98	-0.98	-0.98
0.190940	-0.933139	-0.98	-0.98	-0.98	0.98	-0.98
-0.263639	-0.796073	-0.98	-0.98	0.98	-0.98	-0.98
0.352867	0.399573	-0.98	0.98	-0.98	-0.98	-0.98
0.617999	-0.969821	-0.98	-0.98	-0.98	0.98	-0.98
0.153657	0.136981	-0.98	0.98	-0.98	-0.98	-0.98
0.912747	-0.255361	-0.98	-0.98	-0.98	0.98	-0.98
-0.344036	0.409990	0.98	-0.98	-0.98	-0.98	-0.98
-0.584486	0.751657	0.98	-0.98	-0.98	-0.98	-0.98
-0.673092	-0.583883	-0.98	-0.98	0.98	-0.98	-0.98
-0.571820	-0.652949	-0.98	-0.98	0.98	-0.98	-0.98
-0.116810	-0.957023	-0.98	-0.98	0.98	-0.98	-0.98
-0.486701	0.154803	0.98	-0.98	-0.98	-0.98	-0.98
0.970850	0.535467	-0.98	0.98	-0.98	-0.98	-0.98
0.043123	0.531916	-0.98	-0.98	-0.98	-0.98	0.98
0.140946	-0.735256	-0.98	-0.98	-0.98	0.98	-0.98
-0.920794	0.133202	0.98	-0.98	-0.98	-0.98	-0.98
-0.443471	-0.948095	-0.98	-0.98	0.98	-0.98	-0.98
-0.099522	0.721072	-0.98	-0.98	-0.98	-0.98	0.98
-0.151347	-0.599602	-0.98	-0.98	0.98	-0.98	-0.98
-0.563901	0.827380	0.98	-0.98	-0.98	-0.98	-0.98
-0.465532	0.703417	0.98	-0.98	-0.98	-0.98	-0.98
0.686347	-0.878102	-0.98	-0.98	-0.98	0.98	-0.98
0.402344	0.250530	-0.98	0.98	-0.98	-0.98	-0.98
0.895482	0.760958	-0.98	0.98	-0.98	-0.98	-0.98
0.264712	-0.055091	-0.98	-0.98	-0.98	-0.98	0.98
-0.950846	0.794096	0.98	-0.98	-0.98	-0.98	-0.98
0.643828	0.347047	-0.98	0.98	-0.98	-0.98	-0.98
0.610486	-0.812269	-0.98	-0.98	-0.98	0.98	-0.98
0.597518	0.369353	-0.98	0.98	-0.98	-0.98	-0.98
-0.329462	-0.469599	-0.98	-0.98	0.98	-0.98	-0.98
-0.693489	0.629939	0.98	-0.98	-0.98	-0.98	-0.98
-0.048239	0.123249	-0.98	-0.98	-0.98	-0.98	0.98
0.758512	-0.557045	-0.98	-0.98	-0.98	0.98	-0.98
-0.784930	0.812412	0.98	-0.98	-0.98	-0.98	-0.98
-0.537003	0.269377	0.98	-0.98	-0.98	-0.98	-0.98
0.981885	-0.933862	-0.98	-0.98	-0.98	0.98	-0.98
-0.169581	-0.318737	-0.98	-0.98	0.98	-0.98	-0.98
-0.728825	-0.911727	-0.98	-0.98	0.98	-0.98	-0.98
-0.074691	-0.586345	-0.98	-0.98	-0.98	-0.98	0.98
-0.329051	0.010979	-0.98	-0.98	-0.98	-0.98	0.98
0.853585	-0.216186	-0.98	-0.98	-0.98	0.98	-0.98
-0.182273	-0.551838	-0.98	-0.98	0.98	-0.98	-0.98
0.083991	0.467193	-0.98	-0.98	-0.98	-0.98	0.98
0.316732	-0.737453	-0.98	-0.98	-0.98	0.98	-0.98
0.042562	-0.435254	-0.98	-0.98	-0.98	-0.98	0.98
-0.019769	0.186782	-0.98	-0.98	-0.98	-0.98	0.98
0.508420	-0.893694	-0.98	-0.98	-0.98	0.98	-0.98
-0.958023	-0.759215	-0.98	-0.98	0.98	-0.98	-0.98
-0.085079	-0.587601	-0.98	-0.98	-0.98	-0.98	0.98
0.076431	-0.985213	-0.98	-0.98	-0.98	-0.98	0.98
-0.728639	0.677285	0.98	-0.98	-0.98	-0.98	-0.98
0.459674	-0.747709	-0.98	-0.98	-0.98	0.98	-0.98
0.059485	-0.617409	-0.98	-0.98	-0.98	-0.98	0.98
-0.599684	0.540036	0.98	-0.98	-0.98	-0.98	-0.98
0.248537	-0.186682	-0.98	-0.98	-0.98	0.98	-0.98
-0.636989	0.669107	0.98	-0.98	-0.98	-0.98	-0.98
0.975449	-0.124585	-0.98	-0.98	-0.98	0.98	-0.98
-0.910069	-0.875575	-0.98	-0.98	0.98	-0.98	-0.98
-0.767990	-0.137814	-0.98	-0.98	0.98	-0.98	-0.98
-0.337747	-0.564880	-0.98	-0.98	0.98	-0.98	-0.98
0.391510	-0.072613	-0.98	-0.98	-0.98	-0.98	0.98
-0.416923	0.984688	0.98	-0.98	-0.98	-0.98	-0.98
0.555970	0.999288	-0.98	0.98	-0.98	-0.98	-0.98
0.645953	0.900575	-0.98	0.98	-0.98	-0.98	-0.98
0.432696	-0.359056	-0.98	-0.98	-0.98	0.98	-0.98
-0.564341	0.393705	0.98	-0.98	-0.98	-0.98	-0.98
0.342790	-0.000253	-0.98	-0.98	-0.98	-0.98	0.98
0.929512	0.934195	-0.98	0.98	-0.98	-0.98	-0.98
0.332203	0.308198	-0.98	0.98	-0.98	-0.98	-0.98
-0.078924	-0.853162	-0.98	-0.98	-0.98	-0.98	0.98
0.718956	-0.057681	-0.98	-0.98	-0.98	-0.98	0.98
-0.721462	0.006318	-0.98	-0.98	-0.98	-0.98	0.98
0.287163	0.899766	-0.98	0.98	-0.98	-0.98	-0.98
-0.012740	0.604629	-0.98	-0.98	-0.98	-0.98	0.98
0.588593	-0.790654	-0.98	-0.98	-0.98	0.98	-0.98
0.002529	0.155497	-0.98	-0.98	-0.98	-0.98	0.98
-0.931992	0.708296	0.98	-0.98	-0.98	-0.98	-0.98
0.376480	-0.153780	-0.98	-0.98	-0.98	0.98	-0.98
-0.018984	0.705550	-0.98	-0.98	-0.98	-0.98	0.98
0.293878	-0.515551	-0.98	-0.98	-0.98	0.98	-0.98
-0.500268	0.418442	0.98	-0.98	-0.98	-0.98	-0.98
-0.999094	-0.945481	-0.98	-0.98	0.98	-0.98	-0.98
-0.950132	0.121945	0.98	-0.98	-0.98	-0.98	-0.98
0.923157	0.323655	-0.98	0.98	-0.98	-0.98	-0.98
-0.836672	0.177841	0.98	-0.98	-0.98	-0.98	-0.98
-0.941677	-0.016042	-0.98	-0.98	-0.98	-0.98	0.98
0.579653	0.529546	-0.98	0.98	-0.98	-0.98	-0.98
0.524126	-0.328587	-0.98	-0.98	-0.98	0.98	-0.98
-0.632078	0.916054	0.98	-0.98	-0.98	-0.98	-0.98
0.880129	-0.904082	-0.98	-0.98	-0.98	0.98	-0.98
-0.286117	0.323087	0.98	-0.98	-0.98	-0.98	-0.98
-0.332810	0.427555	0.98	-0.98	-0.98	-0.98	-0.98
0.017373	0.580988	-0.98	-0.98	-0.98	-0.98	0.98
0.656718	-0.044024	-0.98	-0.98	-0.98	-0.98	0.98
-0.310783	-0.774139	-0.98	-0.98	0.98	-0.98	-0.98
-0.150310	-0.195266	-0.98	-0.98	0.98	-0.98	-0.98
0.228107	0.238754	-0.98	0.98	-0.98	-0.98	-0.98
-0.306438	0.787988	0.98	-0.98	-0.98	-0.98	-0.98
0.442024	0.344288	-0.98	0.98	-0.98	-0.98	-0.98
-0.597582	-0.672797	-0.98	-0.98	0.98	-0.98	-0.98
-0.782502	0.456765	0.98	-0.98	-0.98	-0.98	-0.98
-0.306077	-0.164084	-0.98	-0.98	0.98	-0.98	-0.98
0.705099	0.361829	-0.98	0.98	-0.98	-0.98	-0.98
-0.981319	-0.256746	-0.98	-0.98	0.98	-0.98	-0.98
-0.691902	-0.395072	-0.98	-0.98	0.98	-0.98	-0.98
0.152576	0.043656	-0.98	-0.98	-0.98	-0.98	0.98
-0.631310	-0.682489	-0.98	-0.98	0.98	-0.98	-0.98
-0.595130	0.829730	0.98	-0.98	-0.98	-0.98	-0.98
0.101411	-0.080891	-0.98	-0.98	-0.98	-0.98	0.98
0.852881	0.622744	-0.98	0.98	-0.98	-0.98	-0.98
-0.392579	0.097596	-0.98	-0.98	-0.98	-0.98	0.98
-0.737109	-0.587486	-0.98	-0.98	0.98	-0.98	-0.98
-0.372959	-0.267080	-0.98	-0.98	0.98	-0.98	-0.98
0.808953	-0.731168	-0.98	-0.98	-0.98	0.98	-0.98
-0.863981	0.131993	0.98	-0.98	-0.98	-0.98	-0.98
-0.458695	0.432433	0.98	-0.98	-0.98	-0.98	-0.98
0.569052	0.283513	-0.98	0.98	-0.98	-0.98	-0.98
-0.367473	0.378936	0.98	-0.98	-0.98	-0.98	-0.98
0.234527	-0.931584	-0.98	-0.98	-0.98	0.98	-0.98
0.884726	0.972699	-0.98	0.98	-0.98	-0.98	-0.98
-0.946464	0.423579	0.98	-0.98	-0.98	-0.98	-0.98
0.599928	0.763497	-0.98	0.98	-0.98	-0.98	-0.98
-0.769310	-0.197397	-0.98	-0.98	0.98	-0.98	-0.98
0.515610	-0.549184	-0.98	-0.98	-0.98	0.98	-0.98
-0.482183	-0.413154	-0.98	-0.98	0.98	-0.98	-0.98
0.167376	0.879720	-0.98	0.98	-0.98	-0.98	-0.98
0.837004	0.074387	-0.98	-0.98	-0.98	-0.98	0.98
-0.135664	-0.043061	-0.98	-0.98	-0.98	-0.98	0.98
0.710135	-0.562458	-0.98	-0.98	-0.98	0.98	-0.98
0.208203	-0.722770	-0.98	-0.98	-0.98	0.98	-0.98
0.012490	-0.227727	-0.98	-0.98	-0.98	-0.98	0.98
-0.455053	-0.285851	-0.98	-0.98	0.98	-0.98	-0.98
-0.869320	0.130331	0.98	-0.98	-0.98	-0.98	-0.98
0.312631	0.487577	-0.98	0.98	-0.98	-0.98	-0.98
-0.724578	0.971068	0.98	-0.98	-0.98	-0.98	-0.98
0.780849	0.820558	-0.98	0.98	-0.98	-0.98	-0.98
0.653726	0.277238	-0.98	0.98	-0.98	-0.98	-0.98
-0.533599	0.060345	-0.98	-0.98	-0.98	-0.98	0.98
0.725445	0.786440	-0.98	0.98	-0.98	-0.98	-0.98
-0.951268	-0.830153	-0.98	-0.98	0.98	-0.98	-0.98
-0.865245	-0.210574	-0.98	-0.98	0.98	-0.98	-0.98
-0.933874	0.423480	0.98	-0.98	-0.98	-0.98	-0.98
-0.012054	-0.749745	-0.98	-0.98	-0.98	-0.98	0.98
0.578057	-0.559312	-0.98	-0.98	-0.98	0.98	-0.98
-0.394691	0.028037	-0.98	-0.98	-0.98	-0.98	0.98
-0.646300	-0.818824	-0.98	-0.98	0.98	-0.98	-0.98
-0.624537	0.389551	0.98	-0.98	-0.98	-0.98	-0.98
-0.593395	0.592760	0.98	-0.98	-0.98	-0.98	-0.98
-0.199479	0.642248	0.98	-0.98	-0.98	-0.98	-0.98
-0.708363	0.936384	0.98	-0.98	-0.98	-0.98	-0.98
-0.258375	-0.209520	-0.98	-0.98	0.98	-0.98	-0.98
-0.632312	0.913569	0.98	-0.98	-0.98	-0.98	-0.98
-0.868394	-0.124033	-0.98	-0.98	0.98	-0.98	-0.98
-0.827050	0.314824	0.98	-0.98	-0.98	-0.98	-0.98
0.600581	-0.871392	-0.98	-0.98	-0.98	0.98	-0.98
0.057071	-0.485905	-0.98	-0.98	-0.98	-0.98	0.98
-0.909720	-0.804392	-0.98	-0.98	0.98	-0.98	-0.98
0.057457	0.349921	-0.98	-0.98	-0.98	-0.98	0.98
-0.849809	0.730913	0.98	-0.98	-0.98	-0.98	-0.98
0.293886	0.330771	-0.98	0.98	-0.98	-0.98	-0.98
-0.608086	0.784436	0.98	-0.98	-0.98	-0.98	-0.98
-0.812545	0.281009	0.98	-0.98	-0.98	-0.98	-0.98
-0.819627	-0.180188	-0.98	-0.98	0.98	-0.98	-0.98
-0.148112	-0.485299	-0.98	-0.98	0.98	-0.98	-0.98
0.541431	-0.535256	-0.98	-0.98	-0.98	0.98	-0.98
0.024409	0.265584	-0.98	-0.98	-0.98	-0.98	0.98
-0.910048	-0.563851	-0.98	-0.98	0.98	-0.98	-0.98
-0.879261	-0.881730	-0.98	-0.98	0.98	-0.98	-0.98
-0.557653	0.404138	0.98	-0.98	-0.98	-0.98	-0.98
0.902845	-0.275342	-0.98	-0.98	-0.98	0.98	-0.98
0.228023	0.150831	-0.98	0.98	-0.98	-0.98	-0.98
-0.021700	0.891739	-0.98	-0.98	-0.98	-0.98	0.98
-0.960098	-0.901200	-0.98	-0.98	0.98	-0.98	-0.98
-0.753370	0.898407	0.98	-0.98	-0.98	-0.98	-0.98
0.179367	0.642375	-0.98	0.98	-0.98	-0.98	-0.98
-0.461148	0.066962	-0.98	-0.98	-0.98	-0.98	0.98
0.156183	-0.069414	-0.98	-0.98	-0.98	-0.98	0.98
-0.603400	0.333978	0.98	-0.98	-0.98	-0.98	-0.98
0.416981	-0.640642	-0.98	-0.98	-0.98	0.98	-0.98
0.231371	-0.021791	-0.98	-0.98	-0.98	-0.98	0.98
-0.209893	-0.840437	-0.98	-0.98	0.98	-0.98	-0.98
-0.393102	-0.806427	-0.98	-0.98	0.98	-0.98	-0.98
0.497512	0.751972	-0.98	0.98	-0.98	-0.98	-0.98
0.949789	-0.262077	-0.98	-0.98	-0.98	0.98	-0.98
0.226969	-0.062204	-0.98	-0.98	-0.98	-0.98	0.98
0.881006	0.410818	-0.98	0.98	-0.98	-0.98	-0.98
-0.807277	-0.312844	-0.98	-0.98	0.98	-0.98	-0.98
0.489028	0.453371	-0.98	0.98	-0.98	-0.98	-0.98
-0.415684	-0.492006	-0.98	-0.98	0.98	-0.98	-0.98
-0.702505	-0.149236	-0.98	-0.98	0.98	-0.98	-0.98
-0.113146	-0.261338	-0.98	-0.98	0.98	-0.98	-0.98
0.113201	-0.318380	-0.98	-0.98	-0.98	0.98	-0.98
-0.433493	0.197871	0.98	-0.98	-0.98	-0.98	-0.98
-0.794128	-0.282863	-0.98	-0.98	0.98	-0.98	-0.98
-0.384002	0.479125	0.98	-0.98	-0.98	-0.98	-0.98
-0.373857	0.261500	0.98	-0.98	-0.98	-0.98	-0.98
0.995737	-0.454243	-0.98	-0.98	-0.98	0.98	-0.98
0.595734	-0.777504	-0.98	-0.98	-0.98	0.98	-0.98
0.254173	0.625653	-0.98	0.98	-0.98	-0.98	-0.98
-0.940021	-0.481753	-0.98	-0.98	0.98	-0.98	-0.98
-0.457872	0.328305	0.98	-0.98	-0.98	-0.98	-0.98
-0.516321	0.670166	0.98	-0.98	-0.98	-0.98	-0.98
0.761962	0.282766	-0.98	0.98	-0.98	-0.98	-0.98
0.810250	-0.062846	-0.98	-0.98	-0.98	-0.98	0.98
0.944507	0.539897	-0.98	0.98	-0.98	-0.98	-0.98
-0.656220	0.492719	0.98	-0.98	-0.98	-0.98	-0.98
0.157588	0.118575	-0.98	0.98	-0.98	-0.98	-0.98
0.280017	-0.686499	-0.98	-0.98	-0.98	0.98	-0.98
0.277088	-0.002247	-0.98	-0.98	-0.98	-0.98	0.98
-0.765180	-0.485600	-0.98	-0.98	0.98	-0.98	-0.98
0.086840	0.549546	-0.98	-0.98	-0.98	-0.98	0.98
0.000942	0.080020	-0.98	-0.98	-0.98	-0.98	0.98
-0.249379	-0.974488	-0.98	-0.98	0.98	-0.98	-0.98
0.644186	0.556681	-0.98	0.98	-0.98	-0.98	-0.98
-0.927074	0.716689	0.98	-0.98	-0.98	-0.98	-0.98
-0.084887	0.342139	-0.98	-0.98	-0.98	-0.98	0.98
0.437305	0.038857	-0.98	-0.98	-0.98	-0.98	0.98
-0.980240	-0.762918	-0.98	-0.98	0.98	-0.98	-0.98
0.677134	0.557194	-0.98	0.98	-0.98	-0.98	-0.98
0.760685	0.200215	-0.98	0.98	-0.98	-0.98	-0.98
-0.452419	-0.460961	-0.98	-0.98	0.98	-0.98	-0.98
0.945039	0.895784	-0.98	0.98	-0.98	-0.98	-0.98
0.768145	0.241725	-0.98	0.98	-0.98	-0.98	-0.98
0.774204	0.919432	-0.98	0.98	-0.98	-0.98	-0.98
0.402372	-0.773051	-0.98	-0.98	-0.98	0.98	-0.98
0.520797	-0.280669	-0.98	-0.98	-0.98	0.98	-0.98
0.063348	-0.195454	-0.98	-0.98	-0.98	-0.98	0.98
-0.591960	0.768663	0.98	-0.98	-0.98	-0.98	-0.98
0.446149	-0.468988	-0.98	-0.98	-0.98	0.98	-0.98
-0.531753	0.329866	0.98	-0.98	-0.98	-0.98	-0.98
0.609616	-0.212203	-0.98	-0.98	-0.98	0.98	-0.98
-0.322652	0.991325	0.98	-0.98	-0.98	-0.98	-0.98
0.901179	-0.233777	-0.98	-0.98	-0.98	0.98	-0.98
-0.184456	0.541590	0.98	-0.98	-0.98	-0.98	-0.98
0.254868	-0.255265	-0.98	-0.98	-0.98	0.98	-0.98
-0.301010	0.249621	0.98	-0.98	-0.98	-0.98	-0.98
-0.372067	0.040865	-0.98	-0.98	-0.98	-0.98	0.98
0.999227	0.533994	-0.98	0.98	-0.98	-0.98	-0.98
-0.478816	-0.331914	-0.98	-0.98	0.98	-0.98	-0.98
-0.755613	-0.347611	-0.98	-0.98	0.98	-0.98	-0.98
0.845450	0.239895	-0.98	0.98	-0.98	-0.98	-0.98
0.986520	-0.844086	-0.98	-0.98	-0.98	0.98	-0.98
-0.945403	0.936921	0.98	-0.98	-0.98	-0.98	-0.98
0.062660	0.059310	-0.98	-0.98	-0.98	-0.98	0.98
-0.593258	0.480463	0.98	-0.98	-0.98	-0.98	-0.98
0.409242	0.492823	-0.98	0.98	-0.98	-0.98	-0.98
0.317814	0.596204	-0.98	0.98	-0.98	-0.98	-0.98
0.073216	-0.030569	-0.98	-0.98	-0.98	-0.98	0.98
-0.118001	0.868873	0.98	-0.98	-0.98	-0.98	-0.98
0.749450	-0.533916	-0.98	-0.98	-0.98	0.98	-0.98
-0.750572	-0.255424	-0.98	-0.98	0.98	-0.98	-0.98
0.986368	0.948283	-0.98	0.98	-0.98	-0.98	-0.98
-0.850556	-0.030988	-0.98	-0.98	-0.98	-0.98	0.98
0.569125	0.726967	-0.98	0.98	-0.98	-0.98	-0.98
-0.390916	0.078439	-0.98	-0.98	-0.98	-0.98	0.98
-0.000787	0.881777	-0.98	-0.98	-0.98	-0.98	0.98
0.904886	0.859975	-0.98	0.98	-0.98	-0.98	-0.98
0.518367	0.540302	-0.98	0.98	-0.98	-0.98	-0.98
0.738009	0.708635	-0.98	0.98	-0.98	-0.98	-0.98
-0.935682	-0.848573	-0.98	-0.98	0.98	-0.98	-0.98
0.498360	-0.974244	-0.98	-0.98	-0.98	0.98	-0.98
0.802790	-0.610794	-0.98	-0.98	-0.98	0.98	-0.98
0.652327	0.729090	-0.98	0.98	-0.98	-0.98	-0.98
-0.548214	-0.310921	-0.98	-0.98	0.98	-0.98	-0.98
0.065942	-0.494509	-0.98	-0.98	-0.98	-0.98	0.98
-0.270745	0.085591	-0.98	-0.98	-0.98	-0.98	0.98
-0.196150	0.464449	0.98	-0.98	-0.98	-0.98	-0.98
-0.754689	-0.730691	-0.98	-0.98	0.98	-0.98	-0.98
0.841521	-0.456473	-0.98	-0.98	-0.98	0.98	-0.98
0.807360	-0.196399	-0.98	-0.98	-0.98	0.98	-0.98
-0.783878	0.866854	0.98	-0.98	-0.98	-0.98	-0.98
-0.895089	-0.259525	-0.98	-0.98	0.98	-0.98	-0.98
0.767352	0.771352	-0.98	0.98	-0.98	-0.98	-0.98
0.438679	-0.937814	-0.98	-0.98	-0.98	0.98	-0.98
0.939094	-0.375907	-0.98	-0.98	-0.98	0.98	-0.98
0.192245	0.169384	-0.98	0.98	-0.98	-0.98	-0.98
-0.800182	0.763021	0.98	-0.98	-0.98	-0.98	-0.98
0.685457	0.499871	-0.98	0.98	-0.98	-0.98	-0.98
0.391930	0.825890	-0.98	0.98	-0.98	-0.98	-0.98
0.618647	-0.022927	-0.98	-0.98	-0.98	-0.98	0.98
0.583320	0.589407	-0.98	0.98	-0.98	-0.98	-0.98
-0.039156	0.945762	-0.98	-0.98	-0.98	-0.98	0.98
0.951107	0.875655	-0.98	0.98	-0.98	-0.98	-0.98
-0.484092	0.862714	0.98	-0.98	-0.98	-0.98	-0.98
0.095123	0.559117	-0.98	-0.98	-0.98	-0.98	0.98
-0.127025	0.015071	-0.98	-0.98	-0.98	-0.98	0.98
-0.953646	-0.694424	-0.98	-0.98	0.98	-0.98	-0.98
-0.146962	0.199803	0.98	-0.98	-0.98	-0.98	-0.98
-0.762206	0.616339	0.98	-0.98	-0.98	-0.98	-0.98
0.686760	-0.388361	-0.98	-0.98	-0.98	0.98	-0.98
0.764095	-0.613664	-0.98	-0.98	-0.98	0.98	-0.98
-0.150973	0.138966	0.98	-0.98	-0.98	-0.98	-0.98
-0.381078	0.346783	0.98	-0.98	-0.98	-0.98	-0.98
0.804710	-0.661815	-0.98	-0.98	-0.98	0.98	-0.98
0.375549	0.866988	-0.98	0.98	-0.98	-0.98	-0.98
0.185142	0.707407	-0.98	0.98	-0.98	-0.98	-0.98
0.885681	-0.377261	-0.98	-0.98	-0.98	0.98	-0.98
0.086740	0.236414	-0.98	-0.98	-0.98	-0.98	0.98
-0.361617	0.894230	0.98	-0.98	-0.98	-0.98	-0.98
0.269133	0.720178	-0.98	0.98	-0.98	-0.98	-0.98
-0.271643	0.087347	-0.98	-0.98	-0.98	-0.98	0.98
0.216115	0.743927	-0.98	0.98	-0.98	-0.98	-0.98
-0.945614	0.968988	0.98	-0.98	-0.98	-0.98	-0.98
0.910039	0.149869	-0.98	0.98	-0.98	-0.98	-0.98
0.844956	0.464454	-0.98	0.98	-0.98	-0.98	-0.98
0.757672	-0.240576	-0.98	-0.98	-0.98	0.98	-0.98
0.602273	0.640051	-0.98	0.98	-0.98	-0.98	-0.98
0.354432	0.968987	-0.98	0.98	-0.98	-0.98	-0.98
-0.019967	0.731078	-0.98	-0.98	-0.98	-0.98	0.98
-0.355287	-0.659667	-0.98	-0.98	0.98	-0.98	-0.98
-0.243112	0.901365	0.98	-0.98	-0.98	-0.98	-0.98
0.050828	-0.760819	-0.98	-0.98	-0.98	-0.98	0.98
-0.703271	-0.828896	-0.98	-0.98	0.98	-0.98	-0.98
-0.747523	0.588957	0.98	-0.98	-0.98	-0.98	-0.98
0.450186	0.373480	-0.98	0.98	-0.98	-0.98	-0.98
0.103416	-0.447797	-0.98	-0.98	-0.98	0.98	-0.98
-0.484538	-0.387052	-0.98	-0.98	0.98	-0.98	-0.98
0.043682	0.114432	-0.98	-0.98	-0.98	-0.98	0.98
0.432699	-0.747716	-0.98	-0.98	-0.98	0.98	-0.98
-0.762449	0.863367	0.98	-0.98	-0.98	-0.98	-0.98
-0.732047	-0.088574	-0.98	-0.98	-0.98	-0.98	0.98
0.267715	0.145532	-0.98	0.98	-0.98	-0.98	-0.98
-0.816321	0.425728	0.98	-0.98	-0.98	-0.98	-0.98
0.641346	-0.562023	-0.98	-0.98	-0.98	0.98	-0.98
-0.082269	0.935261	-0.98	-0.98	-0.98	-0.98	0.98
0.238829	-0.266246	-0.98	-0.98	-0.98	0.98	-0.98
0.263186	0.227787	-0.98	0.98	-0.98	-0.98	-0.98
-0.426208	-0.928032	-0.98	-0.98	0.98	-0.98	-0.98
-0.872643	-0.771199	-0.98	-0.98	0.98	-0.98	-0.98
-0.187017	-0.476234	-0.98	-0.98	0.98	-0.98	-0.98
0.797199	-0.612478	-0.98	-0.98	-0.98	0.98	-0.98
-0.168683	0.154373	0.98	-0.98	-0.98	-0.98	-0.98
0.666627	0.107431	-0.98	0.98	-0.98	-0.98	-0.98
-0.045539	-0.944103	-0.98	-0.98	-0.98	-0.98	0.98
-0.177097	0.040772	-0.98	-0.98	-0.98	-0.98	0.98
-0.312913	0.763941	0.98	-0.98	-0.98	-0.98	-0.98
-0.063789	-0.850921	-0.98	-0.98	-0.98	-0.98	0.98
0.589951	-0.646845	-0.98	-0.98	-0.98	0.98	-0.98
0.491090	0.649738	-0.98	0.98	-0.98	-0.98	-0.98
0.950006	0.074817	-0.98	-0.98	-0.98	-0.98	0.98
-0.078011	0.009598	-0.98	-0.98	-0.98	-0.98	0.98
-0.528575	-0.621104	-0.98	-0.98	0.98	-0.98	-0.98
0.361769	0.195242	-0.98	0.98	-0.98	-0.98	-0.98
0.011777	0.876232	-0.98	-0.98	-0.98	-0.98	0.98
-0.664178	0.880760	0.98	-0.98	-0.98	-0.98	-0.98
0.102133	-0.403614	-0.98	-0.98	-0.98	0.98	-0.98
0.031357	0.667971	-0.98	-0.98	-0.98	-0.98	0.98
-0.210222	0.460459	0.98	-0.98	-0.98	-0.98	-0.98
-0.249662	-0.619274	-0.98	-0.98	0.98	-0.98	-0.98
0.625478	0.816807	-0.98	0.98	-0.98	-0.98	-0.98
0.331968	-0.434207	-0.98	-0.98	-0.98	0.98	-0.98
0.880542	0.385995	-0.98	0.98	-0.98	-0.98	-0.98
-0.729506	0.705680	0.98	-0.98	-0.98	-0.98	-0.98
-0.263574	-0.704786	-0.98	-0.98	0.98	-0.98	-0.98
-0.066856	-0.947844	-0.98	-0.98	-0.98	-0.98	0.98
0.298220	0.777920	-0.98	0.98	-0.98	-0.98	-0.98
0.157521	-0.638906	-0.98	-0.98	-0.98	0.98	-0.98
0.010281	-0.463952	-0.98	-0.98	-0.98	-0.98	0.98
-0.935677	0.546215	0.98	-0.98	-0.98	-0.98	-0.98
-0.142901	-0.703868	-0.98	-0.98	0.98	-0.98	-0.98
-0.544898	0.442068	0.98	-0.98	-0.98	-0.98	-0.98
0.799858	-0.333345	-0.98	-0.98	-0.98	0.98	-0.98
0.130047	0.887194	-0.98	0.98	-0.98	-0.98	-0.98
0.207941	0.784016	-0.98	0.98	-0.98	-0.98	-0.98
0.722230	-0.843688	-0.98	-0.98	-0.98	0.98	-0.98
-0.351035	-0.764727	-0.98	-0.98	0.98	-0.98	-0.98
-0.006181	0.264590	-0.98	-0.98	-0.98	-0.98	0.98
-0.718024	0.253791	0.98	-0.98	-0.98	-0.98	-0.98
0.070202	0.428535	-0.98	-0.98	-0.98	-0.98	0.98
0.416790	0.935399	-0.98	0.98	-0.98	-0.98	-0.98
-0.950529	0.952315	0.98	-0.98	-0.98	-0.98	-0.98
-0.043744	-0.809320	-0.98	-0.98	-0.98	-0.98	0.98
-0.464034	0.450932	0.98	-0.98	-0.98	-0.98	-0.98
-0.584122	-0.620149	-0.98	-0.98	0.98	-0.98	-0.98
0.293631	0.962539	-0.98	0.98	-0.98	-0.98	-0.98
0.253957	-0.838845	-0.98	-0.98	-0.98	0.98	-0.98
-0.996647	0.931177	0.98	-0.98	-0.98	-0.98	-0.98
-0.608601	-0.145453	-0.98	-0.98	0.98	-0.98	-0.98
-0.263808	-0.040942	-0.98	-0.98	-0.98	-0.98	0.98
-0.369356	-0.332490	-0.98	-0.98	0.98	-0.98	-0.98
-0.192867	-0.671044	-0.98	-0.98	0.98	-0.98	-0.98
0.329260	-0.479998	-0.98	-0.98	-0.98	0.98	-0.98
0.113168	0.653620	-0.98	0.98	-0.98	-0.98	-0.98
-0.902962	0.115016	0.98	-0.98	-0.98	-0.98	-0.98
0.826514	-0.706968	-0.98	-0.98	-0.98	0.98	-0.98
-0.759523	-0.588257	-0.98	-0.98	0.98	-0.98	-0.98
0.100991	-0.769089	-0.98	-0.98	-0.98	0.98	-0.98
0.264459	-0.562010	-0.98	-0.98	-0.98	0.98	-0.98
-0.298574	0.352926	0.98	-0.98	-0.98	-0.98	-0.98
0.618519	-0.275122	-0.98	-0.98	-0.98	0.98	-0.98
0.311956	0.892629	-0.98	0.98	-0.98	-0.98	-0.98
0.635364	0.563869	-0.98	0.98	-0.98	-0.98	-0.98
0.752615	0.051589	-0.98	-0.98	-0.98	-0.98	0.98
0.745730	0.214011	-0.98	0.98	-0.98	-0.98	-0.98
0.298119	0.717852	-0.98	0.98	-0.98	-0.98	-0.98
-0.551103	0.898744	0.98	-0.98	-0.98	-0.98	-0.98
0.209321	-0.543350	-0.98	-0.98	-0.98	0.98	-0.98
0.194252	0.868385	-0.98	0.98	-0.98	-0.98	-0.98
-0.186454	0.265798	0.98	-0.98	-0.98	-0.98	-0.98
-0.376274	-0.834024	-0.98	-0.98	0.98	-0.98	-0.98
0.122701	0.919813	-0.98	0.98	-0.98	-0.98	-0.98
0.723324	0.654481	-0.98	0.98	-0.98	-0.98	-0.98
-0.345307	-0.058690	-0.98	-0.98	-0.98	-0.98	0.98
0.383806	-0.680039	-0.98	-0.98	-0.98	0.98	-0.98
0.395092	0.221040	-0.98	0.98	-0.98	-0.98	-0.98
0.903066	-0.361304	-0.98	-0.98	-0.98	0.98	-0.98
0.238310	-0.099686	-0.98	-0.98	-0.98	-0.98	0.98
0.236921	0.699618	-0.98	0.98	-0.98	-0.98	-0.98
0.263143	-0.701289	-0.98	-0.98	-0.98	0.98	-0.98
0.565084	-0.045142	-0.98	-0.98	-0.98	-0.98	0.98
-0.114700	0.140285	0.98	-0.98	-0.98	-0.98	-0.98
0.217550	0.727884	-0.98	0.98	-0.98	-0.98	-0.98
0.153801	-0.229786	-0.98	-0.98	-0.98	0.98	-0.98
0.141762	-0.071132	-0.98	-0.98	-0.98	-0.98	0.98
-0.002438	-0.303516	-0.98	-0.98	-0.98	-0.98	0.98
-0.016989	0.755360	-0.98	-0.98	-0.98	-0.98	0.98
-0.606813	-0.452579	-0.98	-0.98	0.98	-0.98	-0.98
0.621750	0.544108	-0.98	0.98	-0.98	-0.98	-0.98
0.487480	-0.089664	-0.98	-0.98	-0.98	-0.98	0.98
0.442949	0.758127	-0.98	0.98	-0.98	-0.98	-0.98
0.539710	0.775247	-0.98	0.98	-0.98	-0.98	-0.98
0.416680	-0.475554	-0.98	-0.98	-0.98	0.98	-0.98
0.415283	-0.860399	-0.98	-0.98	-0.98	0.98	-0.98
-0.496205	-0.572049	-0.98	-0.98	0.98	-0.98	-0.98
0.819723	-0.628562	-0.98	-0.98	-0.98	0.98	-0.98
0.942499	-0.343952	-0.98	-0.98	-0.98	0.98	-0.98
0.803203	0.567790	-0.98	0.98	-0.98	-0.98	-0.98
-0.921314	0.650561	0.98	-0.98	-0.98	-0.98	-0.98
0.251266	-0.539142	-0.98	-0.98	-0.98	0.98	-0.98
0.036957	0.239598	-0.98	-0.98	-0.98	-0.98	0.98
0.626423	0.026677	-0.98	-0.98	-0.98	-0.98	0.98
-0.766685	-0.213683	-0.98	-0.98	0.98	-0.98	-0.98
0.909862	-0.821608	-0.98	-0.98	-0.98	0.98	-0.98
-0.331810	0.898733	0.98	-0.98	-0.98	-0.98	-0.98
0.043582	0.197026	-0.98	-0.98	-0.98	-0.98	0.98
0.442768	-0.291110	-0.98	-0.98	-0.98	0.98	-0.98
0.073561	-0.595733	-0.98	-0.98	-0.98	-0.98	0.98
-0.668381	0.321988	0.98	-0.98	-0.98	-0.98	-0.98
0.417812	0.557147	-0.98	0.98	-0.98	-0.98	-0.98
0.663200	-0.388319	-0.98	-0.98	-0.98	0.98	-0.98
0.321860	0.637009	-0.98	0.98	-0.98	-0.98	-0.98
0.870158	-0.739864	-0.98	-0.98	-0.98	0.98	-0.98
0.005314	-0.615465	-0.98	-0.98	-0.98	-0.98	0.98
0.738830	0.422890	-0.98	0.98	-0.98	-0.98	-0.98
-0.639171	0.945875	0.98	-0.98	-0.98	-0.98	-0.98
-0.027059	0.690333	-0.98	-0.98	-0.98	-0.98	0.98
-0.188130	0.509042	0.98	-0.98	-0.98	-0.98	-0.98
-0.701430	-0.536507	-0.98	-0.98	0.98	-0.98	-0.98
0.854095	0.029742	-0.98	-0.98	-0.98	-0.98	0.98
0.725327	0.591254	-0.98	0.98	-0.98	-0.98	-0.98
-0.978493	-0.968205	-0.98	-0.98	0.98	-0.98	-0.98
-0.291150	0.579826	0.98	-0.98	-0.98	-0.98	-0.98
0.663698	0.814206	-0.98	0.98	-0.98	-0.98	-0.98
0.417936	0.096922	-0.98	-0.98	-0.98	-0.98	0.98
0.379269	-0.979454	-0.98	-0.98	-0.98	0.98	-0.98
-0.988818	0.289994	0.98	-0.98	-0.98	-0.98	-0.98
-0.265087	0.342007	0.98	-0.98	-0.98	-0.98	-0.98
0.238829	0.972070	-0.98	0.98	-0.98	-0.98	-0.98
0.265871	-0.652193	-0.98	-0.98	-0.98	0.98	-0.98
0.482305	-0.444583	-0.98	-0.98	-0.98	0.98	-0.98
-0.292100	0.293315	0.98	-0.98	-0.98	-0.98	-0.98
0.265526	0.307854	-0.98	0.98	-0.98	-0.98	-0.98
0.881341	-0.852722	-0.98	-0.98	-0.98	0.98	-0.98
0.122679	0.449208	-0.98	0.98	-0.98	-0.98	-0.98
-0.681991	0.022144	-0.98	-0.98	-0.98	-0.98	0.98
-0.446740	-0.337192	-0.98	-0.98	0.98	-0.98	-0.98
0.475309	-0.111400	-0.98	-0.98	-0.98	0.98	-0.98
0.854432	0.027944	-0.98	-0.98	-0.98	-0.98	0.98
-0.219339	0.240964	0.98	-0.98	-0.98	-0.98	-0.98
0.110025	0.071890	-0.98	-0.98	-0.98	-0.98	0.98
-0.917133	0.546347	0.98	-0.98	-0.98	-0.98	-0.98
0.732189	-0.755708	-0.98	-0.98	-0.98	0.98	-0.98
0.069626	-0.769727	-0.98	-0.98	-0.98	-0.98	0.98
-0.524148	0.539818	0.98	-0.98	-0.98	-0.98	-0.98
-0.206141	0.414916	0.98	-0.98	-0.98	-0.98	-0.98
0.873375	0.054131	-0.98	-0.98	-0.98	-0.98	0.98
0.333336	-0.962409	-0.98	-0.98	-0.98	0.98	-0.98
0.133956	-0.641804	-0.98	-0.98	-0.98	0.98	-0.98
-0.646180	-0.610579	-0.98	-0.98	0.98	-0.98	-0.98
-0.171138	-0.432357	-0.98	-0.98	0.98	-0.98	-0.98
0.045150	0.546055	-0.98	-0.98	-0.98	-0.98	0.98
-0.460354	-0.385980	-0.98	-0.98	0.98	-0.98	-0.98
-0.703216	0.069114	-0.98	-0.98	-0.98	-0.98	0.98
-0.455597	0.923362	0.98	-0.98	-0.98	-0.98	-0.98
-0.395461	-0.964996	-0.98	-0.98	0.98	-0.98	-0.98
0.884847	0.649929	-0.98	0.98	-0.98	-0.98	-0.98
-0.810673	-0.119602	-0.98	-0.98	0.98	-0.98	-0.98
-0.492336	0.332102	0.98	-0.98	-0.98	-0.98	-0.98
0.249197	-0.963359	-0.98	-0.98	-0.98	0.98	-0.98
-0.197440	-0.351018	-0.98	-0.98	0.98	-0.98	-0.98
0.236872	0.415810	-0.98	0.98	-0.98	-0.98	-0.98
-0.721361	-0.745253	-0.98	-0.98	0.98	-0.98	-0.98
-0.474926	-0.524373	-0.98	-0.98	0.98	-0.98	-0.98
0.527027	-0.476327	-0.98	-0.98	-0.98	0.98	-0.98
0.427565	-0.708507	-0.98	-0.98	-0.98	0.98	-0.98
0.226540	0.597522	-0.98	0.98	-0.98	-0.98	-0.98
-0.527325	-0.378341	-0.98	-0.98	0.98	-0.98	-0.98
-0.862316	0.170438	0.98	-0.98	-0.98	-0.98	-0.98
-0.194924	-0.842745	-0.98	-0.98	0.98	-0.98	-0.98
0.297907	0.685355	-0.98	0.98	-0.98	-0.98	-0.98
0.280822	-0.366007	-0.98	-0.98	-0.98	0.98	-0.98
-0.903916	0.800147	0.98	-0.98	-0.98	-0.98	-0.98
0.854613	0.658773	-0.98	0.98	-0.98	-0.98	-0.98
0.900023	-0.140035	-0.98	-0.98	-0.98	0.98	-0.98
-0.329904	-0.324267	-0.98	-0.98	0.98	-0.98	-0.98
-0.869478	0.009414	-0.98	-0.98	-0.98	-0.98	0.98
-0.952065	-0.656664	-0.98	-0.98	0.98	-0.98	-0.98
-0.295061	-0.217968	-0.98	-0.98	0.98	-0.98	-0.98
0.219079	-0.717642	-0.98	-0.98	-0.98	0.98	-0.98
0.126187	-0.145672	-0.98	-0.98	-0.98	0.98	-0.98
0.871885	-0.097419	-0.98	-0.98	-0.98	-0.98	0.98
0.022258	-0.878683	-0.98	-0.98	-0.98	-0.98	0.98
0.424402	-0.586157	-0.98	-0.98	-0.98	0.98	-0.98
-0.364542	-0.276065	-0.98	-0.98	0.98	-0.98	-0.98
-0.871003	-0.030769	-0.98	-0.98	-0.98	-0.98	0.98
0.060363	0.208432	-0.98	-0.98	-0.98	-0.98	0.98
-0.995840	0.732846	0.98	-0.98	-0.98	-0.98	-0.98
-0.499261	-0.407845	-0.98	-0.98	0.98	-0.98	-0.98
0.841289	0.448016	-0.98	0.98	-0.98	-0.98	-0.98
-0.231630	-0.839653	-0.98	-0.98	0.98	-0.98	-0.98
-0.336465	-0.391838	-0.98	-0.98	0.98	-0.98	-0.98
-0.958073	-0.921028	-0.98	-0.98	0.98	-0.98	-0.98
0.162657	0.694285	-0.98	0.98	-0.98	-0.98	-0.98
-0.814445	0.918026	0.98	-0.98	-0.98	-0.98	-0.98
0.974767	-0.039482	-0.98	-0.98	-0.98	-0.98	0.98
0.564890	-0.626015	-0.98	-0.98	-0.98	0.98	-0.98
0.144140	-0.145144	-0.98	-0.98	-0.98	0.98	-0.98
-0.480770	0.896396	0.98	-0.98	-0.98	-0.98	-0.98
-0.583364	-0.420283	-0.98	-0.98	0.98	-0.98	-0.98
-0.834845	-0.090043	-0.98	-0.98	-0.98	-0.98	0.98
-0.153231	-0.043482	-0.98	-0.98	-0.98	-0.98	0.98
0.948875	0.765555	-0.98	0.98	-0.98	-0.98	-0.98
0.051928	0.507721	-0.98	-0.98	-0.98	-0.98	0.98
-0.532861	-0.838778	-0.98	-0.98	0.98	-0.98	-0.98
-0.262433	-0.507897	-0.98	-0.98	0.98	-0.98	-0.98
0.505677	-0.465067	-0.98	-0.98	-0.98	0.98	-0.98
0.964253	-0.222701	-0.98	-0.98	-0.98	0.98	-0.98
0.515738	0.784136	-0.98	0.98	-0.98	-0.98	-0.98
0.469464	-0.506209	-0.98	-0.98	-0.98	0.98	-0.98
0.368773	0.504573	-0.98	0.98	-0.98	-0.98	-0.98
0.534174	-0.084179	-0.98	-0.98	-0.98	-0.98	0.98
-0.115388	-0.994905	-0.98	-0.98	0.98	-0.98	-0.98
0.561309	0.204324	-0.98	0.98	-0.98	-0.98	-0.98
0.123538	0.450437	-0.98	0.98	-0.98	-0.98	-0.98
0.139506	0.497544	-0.98	0.98	-0.98	-0.98	-0.98
-0.224414	0.627278	0.98	-0.98	-0.98	-0.98	-0.98
0.570502	-0.658660	-0.98	-0.98	-0.98	0.98	-0.98
0.347240	-0.603763	-0.98	-0.98	-0.98	0.98	-0.98
0.075848	0.907651	-0.98	-0.98	-0.98	-0.98	0.98
-0.398884	-0.404896	-0.98	-0.98	0.98	-0.98	-0.98
0.621395	0.191400	-0.98	0.98	-0.98	-0.98	-0.98
0.788510	-0.688009	-0.98	-0.98	-0.98	0.98	-0.98
-0.908065	-0.681456	-0.98	-0.98	0.98	-0.98	-0.98
-0.861329	0.884940	0.98	-0.98	-0.98	-0.98	-0.98
-0.732506	0.415757	0.98	-0.98	-0.98	-0.98	-0.98
0.354279	-0.747157	-0.98	-0.98	-0.98	0.98	-0.98
-0.149464	-0.892339	-0.98	-0.98	0.98	-0.98	-0.98
-0.708045	-0.689339	-0.98	-0.98	0.98	-0.98	-0.98
0.921287	0.998189	-0.98	0.98	-0.98	-0.98	-0.98
-0.856616	0.125747	0.98	-0.98	-0.98	-0.98	-0.98
0.676361	0.301691	-0.98	0.98	-0.98	-0.98	-0.98
0.307555	0.358968	-0.98	0.98	-0.98	-0.98	-0.98
-0.417109	0.015290	-0.98	-0.98	-0.98	-0.98	0.98
-0.035222	-0.047158	-0.98	-0.98	-0.98	-0.98	0.98
0.772624	0.495041	-0.98	0.98	-0.98	-0.98	-0.98
-0.486996	-0.967067	-0.98	-0.98	0.98	-0.98	-0.98
-0.372998	0.297050	0.98	-0.98	-0.98	-0.98	-0.98
-0.198239	-0.782816	-0.98	-0.98	0.98	-0.98	-0.98
-0.444360	-0.590681	-0.98	-0.98	0.98	-0.98	-0.98
-0.051373	0.584605	-0.98	-0.98	-0.98	-0.98	0.98
0.144494	-0.387924	-0.98	-0.98	-0.98	0.98	-0.98
-0.541869	-0.785989	-0.98	-0.98	0.98	-0.98	-0.98
0.778105	-0.879602	-0.98	-0.98	-0.98	0.98	-0.98
0.993856	0.382149	-0.98	0.98	-0.98	-0.98	-0.98
-0.243917	0.961734	0.98	-0.98	-0.98	-0.98	-0.98
0.207618	-0.148779	-0.98	-0.98	-0.98	0.98	-0.98
-0.151124	-0.485287	-0.98	-0.98	0.98	-0.98	-0.98
0.389674	-0.460277	-0.98	-0.98	-0.98	0.98	-0.98
0.490787	0.591022	-0.98	0.98	-0.98	-0.98	-0.98
-0.161331	-0.220912	-0.98	-0.98	0.98	-0.98	-0.98
-0.600612	0.157095	0.98	-0.98	-0.98	-0.98	-0.98
-0.166373	0.383299	0.98	-0.98	-0.98	-0.98	-0.98
0.505523	0.554044	-0.98	0.98	-0.98	-0.98	-0.98
-0.980441	-0.328373	-0.98	-0.98	0.98	-0.98	-0.98
-0.984827	0.692836	0.98	-0.98	-0.98	-0.98	-0.98
-0.736463	-0.239951	-0.98	-0.98	0.98	-0.98	-0.98
-0.050068	-0.462352	-0.98	-0.98	-0.98	-0.98	0.98
-0.717224	0.659980	0.98	-0.98	-0.98	-0.98	-0.98
-0.343524	-0.032117	-0.98	-0.98	-0.98	-0.98	0.98
-0.183377	0.105212	0.98	-0.98	-0.98	-0.98	-0.98
-0.791650	0.599193	0.98	-0.98	-0.98	-0.98	-0.98
-0.618540	-0.088970	-0.98	-0.98	-0.98	-0.98	0.98
-0.398020	-0.776320	-0.98	-0.98	0.98	-0.98	-0.98
-0.804774	-0.762323	-0.98	-0.98	0.98	-0.98	-0.98
0.993427	-0.721988	-0.98	-0.98	-0.98	0.98	-0.98
0.739679	-0.030878	-0.98	-0.98	-0.98	-0.98	0.98
-0.560911	0.296812	0.98	-0.98	-0.98	-0.98	-0.98
0.927400	-0.963174	-0.98	-0.98	-0.98	0.98	-0.98
-0.930795	0.695638	0.98	-0.98	-0.98	-0.98	-0.98
-0.552732	0.725226	0.98	-0.98	-0.98	-0.98	-0.98
-0.681560	0.278837	0.98	-0.98	-0.98	-0.98	-0.98
-0.199273	-0.400743	-0.98	-0.98	0.98	-0.98	-0.98
-0.397868	0.688973	0.98	-0.98	-0.98	-0.98	-0.98
0.168901	-0.680859	-0.98	-0.98	-0.98	0.98	-0.98
-0.072025	0.722076	-0.98	-0.98	-0.98	-0.98	0.98
-0.686625	-0.945833	-0.98	-0.98	0.98	-0.98	-0.98
-0.267765	-0.105664	-0.98	-0.98	0.98	-0.98	-0.98
-0.775523	-0.691056	-0.98	-0.98	0.98	-0.98	-0.98
0.853452	0.790042	-0.98	0.98	-0.98	-0.98	-0.98
-0.984977	0.390139	0.98	-0.98	-0.98	-0.98	-0.98
0.030998	-0.488864	-0.98	-0.98	-0.98	-0.98	0.98
-0.513367	0.133230	0.98	-0.98	-0.98	-0.98	-0.98
0.621896	0.132110	-0.98	0.98	-0.98	-0.98	-0.98
-0.365666	-0.661031	-0.98	-0.98	0.98	-0.98	-0.98
0.087990	0.092407	-0.98	-0.98	-0.98	-0.98	0.98
0.769692	0.707026	-0.98	0.98	-0.98	-0.98	-0.98
0.445143	-0.324813	-0.98	-0.98	-0.98	0.98	-0.98
0.256390	0.025774	-0.98	-0.98	-0.98	-0.98	0.98
-0.548481	-0.784457	-0.98	-0.98	0.98	-0.98	-0.98
-0.388843	-0.168713	-0.98	-0.98	0.98	-0.98	-0.98
-0.536323	0.297041	0.98	-0.98	-0.98	-0.98	-0.98
0.744792	0.191917	-0.98	0.98	-0.98	-0.98	-0.98
-0.657181	-0.442020	-0.98	-0.98	0.98	-0.98	-0.98
-0.058036	-0.110756	-0.98	-0.98	-0.98	-0.98	0.98
0.974481	0.752992	-0.98	0.98	-0.98	-0.98	-0.98
0.747079	-0.582768	-0.98	-0.98	-0.98	0.98	-0.98
-0.650685	-0.487311	-0.98	-0.98	0.98	-0.98	-0.98
-0.407049	-0.109921	-0.98	-0.98	0.98	-0.98	-0.98
-0.064687	-0.192495	-0.98	-0.98	-0.98	-0.98	0.98
-0.626833	0.573518	0.98	-0.98	-0.98	-0.98	-0.98
0.294345	0.337252	-0.98	0.98	-0.98	-0.98	-0.98
0.571815	0.290522	-0.98	0.98	-0.98	-0.98	-0.98
0.717816	-0.445094	-0.98	-0.98	-0.98	0.98	-0.98
-0.291180	0.605198	0.98	-0.98	-0.98	-0.98	-0.98
-0.631748	0.702608	0.98	-0.98	-0.98	-0.98	-0.98
0.869230	0.829795	-0.98	0.98	-0.98	-0.98	-0.98
-0.836088	0.850269	0.98	-0.98	-0.98	-0.98	-0.98
-0.969607	-0.558981	-0.98	-0.98	0.98	-0.98	-0.98
0.454888	-0.138476	-0.98	-0.98	-0.98	0.98	-0.98
0.780338	0.315915	-0.98	0.98	-0.98	-0.98	-0.98
0.821473	0.831807	-0.98	0.98	-0.98	-0.98	-0.98
-0.888456	-0.986201	-0.98	-0.98	0.98	-0.98	-0.98
-0.004466	0.708095	-0.98	-0.98	-0.98	-0.98	0.98
0.702200	-0.711124	-0.98	-0.98	-0.98	0.98	-0.98
0.228876	-0.677416	-0.98	-0.98	-0.98	0.98	-0.98
-0.409785	-0.312230	-0.98	-0.98	0.98	-0.98	-0.98
0.123284	0.709291	-0.98	0.98	-0.98	-0.98	-0.98
0.933301	-0.248599	-0.98	-0.98	-0.98	0.98	-0.98
0.830790	0.638471	-0.98	0.98	-0.98	-0.98	-0.98
-0.263162	0.790397	0.98	-0.98	-0.98	-0.98	-0.98
0.734551	-0.620209	-0.98	-0.98	-0.98	0.98	-0.98
-0.248234	-0.442429	-0.98	-0.98	0.98	-0.98	-0.98
-0.963709	0.904139	0.98	-0.98	-0.98	-0.98	-0.98
-0.075950	0.248026	-0.98	-0.98	-0.98	-0.98	0.98
-0.370364	0.805662	0.98	-0.98	-0.98	-0.98	-0.98
-0.966143	0.570082	0.98	-0.98	-0.98	-0.98	-0.98
0.220586	-0.241127	-0.98	-0.98	-0.98	0.98	-0.98
-0.806271	0.236473	0.98	-0.98	-0.98	-0.98	-0.98
-0.136371	-0.349055	-0.98	-0.98	0.98	-0.98	-0.98
0.086233	-0.126455	-0.98	-0.98	-0.98	-0.98	0.98
-0.513202	0.205930	0.98	-0.98	-0.98	-0.98	-0.98
0.949974	0.311494	-0.98	0.98	-0.98	-0.98	-0.98
0.500343	-0.647423	-0.98	-0.98	-0.98	0.98	-0.98
-0.237890	-0.792141	-0.98	-0.98	0.98	-0.98	-0.98
-0.512052	0.345328	0.98	-0.98	-0.98	-0.98	-0.98
0.595806	-0.105038	-0.98	-0.98	-0.98	0.98	-0.98
0.903852	-0.320963	-0.98	-0.98	-0.98	0.98	-0.98
0.254427	-0.417652	-0.98	-0.98	-0.98	0.98	-0.98
0.305756	0.240124	-0.98	0.98	-0.98	-0.98	-0.98
0.058445	-0.688364	-0.98	-0.98	-0.98	-0.98	0.98
0.080535	0.694890	-0.98	-0.98	-0.98	-0.98	0.98
-0.978683	-0.774166	-0.98	-0.98	0.98	-0.98	-0.98
-0.874552	0.776748	0.98	-0.98	-0.98	-0.98	-0.98
-0.531977	0.189616	0.98	-0.98	-0.98	-0.98	-0.98
0.126423	-0.305383	-0.98	-0.98	-0.98	0.98	-0.98
0.169574	0.733981	-0.98	0.98	-0.98	-0.98	-0.98
0.420420	-0.875250	-0.98	-0.98	-0.98	0.98	-0.98
0.366732	0.537906	-0.98	0.98	-0.98	-0.98	-0.98
0.134617	-0.531832	-0.98	-0.98	-0.98	0.98	-0.98
0.103258	-0.040427	-0.98	-0.98	-0.98	-0.98	0.98
0.939520	-0.049362	-0.98	-0.98	-0.98	-0.98	0.98
0.936997	-0.098870	-0.98	-0.98	-0.98	-0.98	0.98
-0.238685	0.659519	0.98	-0.98	-0.98	-0.98	-0.98
-0.169190	-0.278142	-0.98	-0.98	0.98	-0.98	-0.98
-0.199282	0.909225	0.98	-0.98	-0.98	-0.98	-0.98
-0.622021	-0.326663	-0.98	-0.98	0.98	-0.98	-0.98
-0.388697	0.539926	0.98	-0.98	-0.98	-0.98	-0.98
0.069928	-0.174234	-0.98	-0.98	-0.98	-0.98	0.98
-0.784689	-0.673561	-0.98	-0.98	0.98	-0.98	-0.98
-0.260354	0.280875	0.98	-0.98	-0.98	-0.98	-0.98
0.120366	0.908544	-0.98	0.98	-0.98	-0.98	-0.98
0.938926	0.486481	-0.98	0.98	-0.98	-0.98	-0.98
-0.836550	0.507558	0.98	-0.98	-0.98	-0.98	-0.98
0.120385	0.695398	-0.98	0.98	-0.98	-0.98	-0.98
0.677637	-0.467456	-0.98	-0.98	-0.98	0.98	-0.98
0.693133	0.196125	-0.98	0.98	-0.98	-0.98	-0.98
-0.298567	0.769035	0.98	-0.98	-0.98	-0.98	-0.98
-0.779633	0.716800	0.98	-0.98	-0.98	-0.98	-0.98
-0.932475	-0.093728	-0.98	-0.98	-0.98	-0.98	0.98
-0.952596	0.206793	0.98	-0.98	-0.98	-0.98	-0.98
0.654370	0.428600	-0.98	0.98	-0.98	-0.98	-0.98
-0.256633	-0.240542	-0.98	-0.98	0.98	-0.98	-0.98
-0.399653	0.267198	0.98	-0.98	-0.98	-0.98	-0.98
0.953964	0.346212	-0.98	0.98	-0.98	-0.98	-0.98
0.989749	-0.277233	-0.98	-0.98	-0.98	0.98	-0.98
0.794646	-0.068190	-0.98	-0.98	-0.98	-0.98	0.98
0.535732	-0.122539	-0.98	-0.98	-0.98	0.98	-0.98
-0.889797	-0.903868	-0.98	-0.98	0.98	-0.98	-0.98
-0.408454	-0.166698	-0.98	-0.98	0.98	-0.98	-0.98
-0.373949	0.233649	0.98	-0.98	-0.98	-0.98	-0.98
-0.094316	0.364304	-0.98	-0.98	-0.98	-0.98	0.98
-0.745245	0.361989	0.98	-0.98	-0.98	-0.98	-0.98
0.825734	0.685306	-0.98	0.98	-0.98	-0.98	-0.98
-0.824890	-0.504857	-0.98	-0.98	0.98	-0.98	-0.98
0.076950	-0.824987	-0.98	-0.98	-0.98	-0.98	0.98
0.998453	-0.004510	-0.98	-0.98	-0.98	-0.98	0.98
-0.576678	0.516090	0.98	-0.98	-0.98	-0.98	-0.98
-0.607003	-0.468289	-0.98	-0.98	0.98	-0.98	-0.98
-0.825132	-0.060952	-0.98	-0.98	-0.98	-0.98	0.98
0.553887	0.884622	-0.98	0.98	-0.98	-0.98	-0.98
-0.743690	0.891066	0.98	-0.98	-0.98	-0.98	-0.98
-0.892394	-0.059383	-0.98	-0.98	-0.98	-0.98	0.98
-0.779783	-0.162142	-0.98	-0.98	0.98	-0.98	-0.98
0.790797	-0.336274	-0.98	-0.98	-0.98	0.98	-0.98
0.400330	-0.629762	-0.98	-0.98	-0.98	0.98	-0.98
-0.306539	0.254793	0.98	-0.98	-0.98	-0.98	-0.98
0.401832	0.396488	-0.98	0.98	-0.98	-0.98	-0.98
0.270737	0.829866	-0.98	0.98	-0.98	-0.98	-0.98
-0.769950	0.143012	0.98	-0.98	-0.98	-0.98	-0.98
0.872585	0.045733	-0.98	-0.98	-0.98	-0.98	0.98
-0.772255	-0.665352	-0.98	-0.98	0.98	-0.98	-0.98
-0.299493	-0.619447	-0.98	-0.98	0.98	-0.98	-0.98
-0.155878	-0.889587	-0.98	-0.98	0.98	-0.98	-0.98
-0.170598	-0.379687	-0.98	-0.98	0.98	-0.98	-0.98
-0.242828	-0.558977	-0.98	-0.98	0.98	-0.98	-0.98
0.060461	-0.450872	-0.98	-0.98	-0.98	-0.98	0.98
0.369279	-0.396203	-0.98	-0.98	-0.98	0.98	-0.98
0.845968	-0.948299	-0.98	-0.98	-0.98	0.98	-0.98
-0.521744	0.338893	0.98	-0.98	-0.98	-0.98	-0.98
0.459590	-0.263580	-0.98	-0.98	-0.98	0.98	-0.98
0.563040	0.426513	-0.98	0.98	-0.98	-0.98	-0.98
0.156629	-0.837084	-0.98	-0.98	-0.98	0.98	-0.98
-0.451507	-0.447429	-0.98	-0.98	0.98	-0.98	-0.98
-0.280304	-0.779917	-0.98	-0.98	0.98	-0.98	-0.98
0.343239	0.423947	-0.98	0.98	-0.98	-0.98	-0.98
-0.943587	0.005772	-0.98	-0.98	-0.98	-0.98	0.98
0.004099	0.600924	-0.98	-0.98	-0.98	-0.98	0.98
0.866878	-0.314698	-0.98	-0.98	-0.98	0.98	-0.98
-0.293070	-0.444114	-0.98	-0.98	0.98	-0.98	-0.98
0.855919	0.667306	-0.98	0.98	-0.98	-0.98	-0.98
-0.526785	0.175230	0.98	-0.98	-0.98	-0.98	-0.98
0.778522	0.624450	-0.98	0.98	-0.98	-0.98	-0.98
0.235634	0.376497	-0.98	0.98	-0.98	-0.98	-0.98
-0.547170	-0.472767	-0.98	-0.98	0.98	-0.98	-0.98
-0.262526	-0.609406	-0.98	-0.98	0.98	-0.98	-0.98
0.398088	-0.898505	-0.98	-0.98	-0.98	0.98	-0.98
-0.756191	0.022788	-0.98	-0.98	-0.98	-0.98	0.98
-0.938904	-0.955880	-0.98	-0.98	0.98	-0.98	-0.98
-0.681315	-0.760236	-0.98	-0.98	0.98	-0.98	-0.98
-0.018969	0.983337	-0.98	-0.98	-0.98	-0.98	0.98
0.951644	-0.050716	-0.98	-0.98	-0.98	-0.98	0.98
0.408242	0.779457	-0.98	0.98	-0.98	-0.98	-0.98
0.597024	-0.022475	-0.98	-0.98	-0.98	-0.98	0.98
-0.433642	0.743378	0.98	-0.98	-0.98	-0.98	-0.98
0.968649	0.916263	-0.98	0.98	-0.98	-0.98	-0.98
-0.228933	-0.437712	-0.98	-0.98	0.98	-0.98	-0.98
0.807445	0.505089	-0.98	0.98	-0.98	-0.98	-0.98
0.629850	0.339285	-0.98	0.98	-0.98	-0.98	-0.98
-0.619082	0.014206	-0.98	-0.98	-0.98	-0.98	0.98
0.863754	-0.504485	-0.98	-0.98	-0.98	0.98	-0.98
-0.280963	-0.137746	-0.98	-0.98	0.98	-0.98	-0.98
-0.489709	-0.990328	-0.98	-0.98	0.98	-0.98	-0.98
-0.467319	0.241097	0.98	-0.98	-0.98	-0.98	-0.98
0.699389	0.332693	-0.98	0.98	-0.98	-0.98	-0.98
0.609952	-0.106010	-0.98	-0.98	-0.98	0.98	-0.98
0.584555	-0.461166	-0.98	-0.98	-0.98	0.98	-0.98
0.827489	-0.837812	-0.98	-0.98	-0.98	0.98	-0.98
0.893770	0.459076	-0.98	0.98	-0.98	-0.98	-0.98
-0.836236	0.202686	0.98	-0.98	-0.98	-0.98	-0.98
-0.396951	-0.939975	-0.98	-0.98	0.98	-0.98	-0.98
-0.682928	-0.341136	-0.98	-0.98	0.98	-0.98	-0.98
-0.763396	-0.168428	-0.98	-0.98	0.98	-0.98	-0.98
-0.414179	-0.405093	-0.98	-0.98	0.98	-0.98	-0.98
0.847211	0.788840	-0.98	0.98	-0.98	-0.98	-0.98
0.020929	-0.032237	-0.98	-0.98	-0.98	-0.98	0.98
-0.001594	0.864533	-0.98	-0.98	-0.98	-0.98	0.98
-0.489655	-0.859350	-0.98	-0.98	0.98	-0.98	-0.98
-0.792533	-0.750664	-0.98	-0.98	0.98	-0.98	-0.98
-0.283086	-0.058130	-0.98	-0.98	-0.98	-0.98	0.98
0.034755	-0.571996	-0.98	-0.98	-0.98	-0.98	0.98
-0.246508	-0.552279	-0.98	-0.98	0.98	-0.98	-0.98
-0.115499	-0.617217	-0.98	-0.98	0.98	-0.98	-0.98
0.952631	-0.299905	-0.98	-0.98	-0.98	0.98	-0.98
0.841575	-0.660381	-0.98	-0.98	-0.98	0.98	-0.98
-0.598034	0.088574	-0.98	-0.98	-0.98	-0.98	0.98
-0.045319	0.455422	-0.98	-0.98	-0.98	-0.98	0.98
0.340443	-0.342000	-0.98	-0.98	-0.98	0.98	-0.98
-0.676547	0.045447	-0.98	-0.98	-0.98	-0.98	0.98
0.015611	-0.184592	-0.98	-0.98	-0.98	-0.98	0.98
-0.170825	-0.795987	-0.98	-0.98	0.98	-0.98	-0.98
0.736684	-0.458205	-0.98	-0.98	-0.98	0.98	-0.98
0.238927	0.977898	-0.98	0.98	-0.98	-0.98	-0.98
-0.653609	-0.971546	-0.98	-0.98	0.98	-0.98	-0.98
0.118854	-0.203471	-0.98	-0.98	-0.98	0.98	-0.98
0.409688	0.480737	-0.98	0.98	-0.98	-0.98	-0.98
-0.406201	0.293697	0.98	-0.98	-0.98	-0.98	-0.98
-0.886750	0.457459	0.98	-0.98	-0.98	-0.98	-0.98
-0.036748	0.080618	-0.98	-0.98	-0.98	-0.98	0.98
0.954871	-0.819061	-0.98	-0.98	-0.98	0.98	-0.98
0.072075	0.375210	-0.98	-0.98	-0.98	-0.98	0.98
0.695137	0.564734	-0.98	0.98	-0.98	-0.98	-0.98
0.292785	0.050946	-0.98	-0.98	-0.98	-0.98	0.98
0.591674	-0.941678	-0.98	-0.98	-0.98	0.98	-0.98
-0.130423	-0.514194	-0.98	-0.98	0.98	-0.98	-0.98
0.489606	-0.161436	-0.98	-0.98	-0.98	0.98	-0.98
0.748592	0.643814	-0.98	0.98	-0.98	-0.98	-0.98
-0.711322	-0.395731	-0.98	-0.98	0.98	-0.98	-0.98
-0.173886	0.658646	0.98	-0.98	-0.98	-0.98	-0.98
-0.766887	0.461218	0.98	-0.98	-0.98	-0.98	-0.98
0.693599	0.395377	-0.98	0.98	-0.98	-0.98	-0.98
0.491128	0.291242	-0.98	0.98	-0.98	-0.98	-0.98
-0.479990	0.863537	0.98	-0.98	-0.98	-0.98	-0.98
0.223320	-0.575999	-0.98	-0.98	-0.98	0.98	-0.98
-0.514332	0.283849	0.98	-0.98	-0.98	-0.98	-0.98
0.602194	-0.153926	-0.98	-0.98	-0.98	0.98	-0.98
-0.470445	-0.148670	-0.98	-0.98	0.98	-0.98	-0.98
0.513127	-0.816051	-0.98	-0.98	-0.98	0.98	-0.98
-0.373070	-0.705951	-0.98	-0.98	0.98	-0.98	-0.98
-0.480968	0.457069	0.98	-0.98	-0.98	-0.98	-0.98
-0.684310	-0.565784	-0.98	-0.98	0.98	-0.98	-0.98
-0.740597	-0.177564	-0.98	-0.98	0.98	-0.98	-0.98
-0.754363	0.651399	0.98	-0.98	-0.98	-0.98	-0.98
-0.974511	-0.139884	-0.98	-0.98	0.98	-0.98	-0.98
-0.857549	-0.604295	-0.98	-0.98	0.98	-0.98	-0.98
0.407705	-0.808493	-0.98	-0.98	-0.98	0.98	-0.98
-0.662359	0.775961	0.98	-0.98	-0.98	-0.98	-0.98
0.294625	0.998049	-0.98	0.98	-0.98	-0.98	-0.98
-0.888998	-0.680187	-0.98	-0.98	0.98	-0.98	-0.98
-0.179739	-0.881391	-0.98	-0.98	0.98	-0.98	-0.98
-0.161409	0.899282	0.98	-0.98	-0.98	-0.98	-0.98
-0.729376	-0.139790	-0.98	-0.98	0.98	-0.98	-0.98
-0.573618	-0.826630	-0.98	-0.98	0.98	-0.98	-0.98
0.210408	-0.762555	-0.98	-0.98	-0.98	0.98	-0.98
0.018844	0.425688	-0.98	-0.98	-0.98	-0.98	0.98
-0.169096	0.311623	0.98	-0.98	-0.98	-0.98	-0.98
0.677502	0.007736	-0.98	-0.98	-0.98	-0.98	0.98
0.003280	0.313926	-0.98	-0.98	-0.98	-0.98	0.98
0.259666	0.911088	-0.98	0.98	-0.98	-0.98	-0.98
-0.537686	0.670419	0.98	-0.98	-0.98	-0.98	-0.98
-0.784982	0.671001	0.98	-0.98	-0.98	-0.98	-0.98
-0.119986	-0.511875	-0.98	-0.98	0.98	-0.98	-0.98
0.424666	-0.126974	-0.98	-0.98	-0.98	0.98	-0.98
-0.985190	-0.189694	-0.98	-0.98	0.98	-0.98	-0.98
-0.766124	-0.505044	-0.98	-0.98	0.98	-0.98	-0.98
0.938652	-0.786445	-0.98	-0.98	-0.98	0.98	-0.98
-0.183828	-0.806173	-0.98	-0.98	0.98	-0.98	-0.98
-0.893025	0.963016	0.98	-0.98	-0.98	-0.98	-0.98
0.878668	-0.407102	-0.98	-0.98	-0.98	0.98	-0.98
-0.383507	-0.393888	-0.98	-0.98	0.98	-0.98	-0.98
-0.095676	0.294053	-0.98	-0.98	-0.98	-0.98	0.98
-0.730070	-0.967659	-0.98	-0.98	0.98	-0.98	-0.98
0.034977	0.287451	-0.98	-0.98	-0.98	-0.98	0.98
0.129296	0.001280	-0.98	-0.98	-0.98	-0.98	0.98
-0.755519	-0.477227	-0.98	-0.98	0.98	-0.98	-0.98
0.221160	0.321263	-0.98	0.98	-0.98	-0.98	-0.98
-0.760012	0.942232	0.98	-0.98	-0.98	-0.98	-0.98
0.316092	-0.973937	-0.98	-0.98	-0.98	0.98	-0.98
-0.668125	-0.831619	-0.98	-0.98	0.98	-0.98	-0.98
-0.652874	-0.422142	-0.98	-0.98	0.98	-0.98	-0.98
-0.431208	-0.701520	-0.98	-0.98	0.98	-0.98	-0.98
0.359437	0.826641	-0.98	0.98	-0.98	-0.98	-0.98
-0.928918	0.269428	0.98	-0.98	-0.98	-0.98	-0.98
0.212167	0.194364	-0.98	0.98	-0.98	-0.98	-0.98
-0.715257	-0.103756	-0.98	-0.98	0.98	-0.98	-0.98
0.994517	-0.407193	-0.98	-0.98	-0.98	0.98	-0.98
0.754512	-0.658259	-0.98	-0.98	-0.98	0.98	-0.98
-0.721104	0.829951	0.98	-0.98	-0.98	-0.98	-0.98
-0.881441	0.965495	0.98	-0.98	-0.98	-0.98	-0.98
-0.914740	0.322767	0.98	-0.98	-0.98	-0.98	-0.98
0.885302	-0.643449	-0.98	-0.98	-0.98	0.98	-0.98
0.432238	-0.024622	-0.98	-0.98	-0.98	-0.98	0.98
0.947608	0.791394	-0.98	0.98	-0.98	-0.98	-0.98
-0.833313	-0.922138	-0.98	-0.98	0.98	-0.98	-0.98
-0.216197	0.157416	0.98	-0.98	-0.98	-0.98	-0.98
0.202728	0.885856	-0.98	0.98	-0.98	-0.98	-0.98
-0.168156	0.805360	0.98	-0.98	-0.98	-0.98	-0.98
-0.918855	0.244585	0.98	-0.98	-0.98	-0.98	-0.98
-0.044451	-0.785889	-0.98	-0.98	-0.98	-0.98	0.98
-0.494667	-0.996561	-0.98	-0.98	0.98	-0.98	-0.98
0.092258	0.878211	-0.98	-0.98	-0.98	-0.98	0.98
-0.689296	0.729651	0.98	-0.98	-0.98	-0.98	-0.98
-0.483920	-0.061923	-0.98	-0.98	-0.98	-0.98	0.98
0.052856	-0.073624	-0.98	-0.98	-0.98	-0.98	0.98
0.234603	-0.463465	-0.98	-0.98	-0.98	0.98	-0.98
0.846090	0.398379	-0.98	0.98	-0.98	-0.98	-0.98
0.544249	-0.546358	-0.98	-0.98	-0.98	0.98	-0.98
0.258559	-0.771265	-0.98	-0.98	-0.98	0.98	-0.98
-0.961446	-0.509371	-0.98	-0.98	0.98	-0.98	-0.98
0.869755	-0.955982	-0.98	-0.98	-0.98	0.98	-0.98
0.243365	0.299532	-0.98	0.98	-0.98	-0.98	-0.98
-0.069713	0.639920	-0.98	-0.98	-0.98	-0.98	0.98
-0.334296	-0.264318	-0.98	-0.98	0.98	-0.98	-0.98
-0.619278	-0.493977	-0.98	-0.98	0.98	-0.98	-0.98
0.701257	0.182309	-0.98	0.98	-0.98	-0.98	-0.98
0.673436	-0.835448	-0.98	-0.98	-0.98	0.98	-0.98
0.812352	0.472501	-0.98	0.98	-0.98	-0.98	-0.98
0.720709	-0.628381	-0.98	-0.98	-0.98	0.98	-0.98
0.795521	0.767634	-0.98	0.98	-0.98	-0.98	-0.98
0.396113	-0.441587	-0.98	-0.98	-0.98	0.98	-0.98
0.885603	-0.303216	-0.98	-0.98	-0.98	0.98	-0.98
0.096951	0.814005	-0.98	-0.98	-0.98	-0.98	0.98
0.788946	-0.407698	-0.98	-0.98	-0.98	0.98	-0.98
0.234810	0.621697	-0.98	0.98	-0.98	-0.98	-0.98
0.524723	-0.027986	-0.98	-0.98	-0.98	-0.98	0.98
-0.346046	-0.309619	-0.98	-0.98	0.98	-0.98	-0.98
0.739880	0.753716	-0.98	0.98	-0.98	-0.98	-0.98
-0.376333	0.798705	0.98	-0.98	-0.98	-0.98	-0.98
-0.497257	0.727770	0.98	-0.98	-0.98	-0.98	-0.98
0.702942	-0.341867	-0.98	-0.98	-0.98	0.98	-0.98
-0.421000	0.979850	0.98	-0.98	-0.98	-0.98	-0.98
0.514726	-0.706503	-0.98	-0.98	-0.98	0.98	-0.98
-0.484548	-0.567293	-0.98	-0.98	0.98	-0.98	-0.98
0.405337	0.445320	-0.98	0.98	-0.98	-0.98	-0.98
0.599339	0.442905	-0.98	0.98	-0.98	-0.98	-0.98
0.040736	0.119507	-0.98	-0.98	-0.98	-0.98	0.98
0.977996	0.974220	-0.98	0.98	-0.98	-0.98	-0.98
0.718809	-0.608100	-0.98	-0.98	-0.98	0.98	-0.98
-0.174651	-0.697003	-0.98	-0.98	0.98	-0.98	-0.98
0.418978	0.868191	-0.98	0.98	-0.98	-0.98	-0.98
-0.197862	-0.071208	-0.98	-0.98	-0.98	-0.98	0.98
0.283484	-0.590680	-0.98	-0.98	-0.98	0.98	-0.98
-0.839074	-0.363668	-0.98	-0.98	0.98	-0.98	-0.98
0.409559	0.252481	-0.98	0.98	-0.98	-0.98	-0.98
0.101726	-0.754778	-0.98	-0.98	-0.98	0.98	-0.98
0.993005	-0.562150	-0.98	-0.98	-0.98	0.98	-0.98
0.170149	0.431222	-0.98	0.98	-0.98	-0.98	-0.98
-0.034876	-0.253599	-0.98	-0.98	-0.98	-0.98	0.98
-0.381073	-0.638617	-0.98	-0.98	0.98	-0.98	-0.98
0.753738	0.624516	-0.98	0.98	-0.98	-0.98	-0.98
-0.137498	-0.972859	-0.98	-0.98	0.98	-0.98	-0.98
-0.039607	0.267654	-0.98	-0.98	-0.98	-0.98	0.98
-0.819191	-0.563960	-0.98	-0.98	0.98	-0.98	-0.98
0.814952	-0.833160	-0.98	-0.98	-0.98	0.98	-0.98
0.094578	-0.368259	-0.98	-0.98	-0.98	-0.98	0.98
0.461075	-0.152347	-0.98	-0.98	-0.98	0.98	-0.98
-0.431885	-0.551709	-0.98	-0.98	0.98	-0.98	-0.98
0.855208	0.987062	-0.98	0.98	-0.98	-0.98	-0.98
0.793852	-0.080985	-0.98	-0.98	-0.98	-0.98	0.98
0.297226	0.552072	-0.98	0.98	-0.98	-0.98	-0.98
0.327125	0.219527	-0.98	0.98	-0.98	-0.98	-0.98
-0.093385	0.168799	-0.98	-0.98	-0.98	-0.98	0.98
0.975133	0.245209	-0.98	0.98	-0.98	-0.98	-0.98
-0.536217	-0.275539	-0.98	-0.98	0.98	-0.98	-0.98
0.227651	-0.369320	-0.98	-0.98	-0.98	0.98	-0.98
-0.866725	-0.417951	-0.98	-0.98	0.98	-0.98	-0.98
0.558845	-0.088199	-0.98	-0.98	-0.98	-0.98	0.98
0.471625	0.478461	-0.98	0.98	-0.98	-0.98	-0.98
0.297685	0.838662	-0.98	0.98	-0.98	-0.98	-0.98
0.277436	0.918457	-0.98	0.98	-0.98	-0.98	-0.98
0.137142	-0.964965	-0.98	-0.98	-0.98	0.98	-0.98
0.855863	-0.945466	-0.98	-0.98	-0.98	0.98	-0.98
-0.531614	0.020044	-0.98	-0.98	-0.98	-0.98	0.98
0.051933	-0.601430	-0.98	-0.98	-0.98	-0.98	0.98
-0.594707	-0.783248	-0.98	-0.98	0.98	-0.98	-0.98
0.121375	-0.651455	-0.98	-0.98	-0.98	0.98	-0.98
0.700910	0.348177	-0.98	0.98	-0.98	-0.98	-0.98
-0.479235	-0.186313	-0.98	-0.98	0.98	-0.98	-0.98
-0.947185	0.797408	0.98	-0.98	-0.98	-0.98	-0.98
0.441562	0.644653	-0.98	0.98	-0.98	-0.98	-0.98
-0.052437	-0.469129	-0.98	-0.98	-0.98	-0.98	0.98
0.505593	0.687221	-0.98	0.98	-0.98	-0.98	-0.98
-0.262829	-0.589428	-0.98	-0.98	0.98	-0.98	-0.98
0.609271	0.459149	-0.98	0.98	-0.98	-0.98	-0.98
-0.187050	-0.823811	-0.98	-0.98	0.98	-0.98	-0.98
0.846047	-0.332748	-0.98	-0.98	-0.98	0.98	-0.98
-0.475578	0.788735	0.98	-0.98	-0.98	-0.98	-0.98
0.016544	0.557575	-0.98	-0.98	-0.98	-0.98	0.98
-0.592181	-0.080931	-0.98	-0.98	-0.98	-0.98	0.98
0.011904	-0.281871	-0.98	-0.98	-0.98	-0.98	0.98
-0.493761	-0.013555	-0.98	-0.98	-0.98	-0.98	0.98
0.757682	-0.603463	-0.98	-0.98	-0.98	0.98	-0.98
0.406991	-0.198441	-0.98	-0.98	-0.98	0.98	-0.98
-0.380255	-0.243291	-0.98	-0.98	0.98	-0.98	-0.98
0.430365	-0.939871	-0.98	-0.98	-0.98	0.98	-0.98
0.138914	0.056452	-0.98	-0.98	-0.98	-0.98	0.98
-0.466134	-0.644146	-0.98	-0.98	0.98	-0.98	-0.98
-0.199531	0.550750	0.98	-0.98	-0.98	-0.98	-0.98
0.479551	0.918428	-0.98	0.98	-0.98	-0.98	-0.98
0.869312	-0.523453	-0.98	-0.98	-0.98	0.98	-0.98
-0.483005	0.863308	0.98	-0.98	-0.98	-0.98	-0.98
-0.612663	-0.244330	-0.98	-0.98	0.98	-0.98	-0.98
0.823343	0.011846	-0.98	-0.98	-0.98	-0.98	0.98
-0.111390	0.470426	0.98	-0.98	-0.98	-0.98	-0.98
0.244637	-0.676147	-0.98	-0.98	-0.98	0.98	-0.98
-0.332849	0.264649	0.98	-0.98	-0.98	-0.98	-0.98
-0.821038	0.018016	-0.98	-0.98	-0.98	-0.98	0.98
-0.766131	0.982068	0.98	-0.98	-0.98	-0.98	-0.98
0.791429	-0.704777	-0.98	-0.98	-0.98	0.98	-0.98
0.443066	-0.194849	-0.98	-0.98	-0.98	0.98	-0.98
0.458830	-0.940516	-0.98	-0.98	-0.98	0.98	-0.98
-0.565421	-0.599754	-0.98	-0.98	0.98	-0.98	-0.98
-0.663510	-0.058797	-0.98	-0.98	-0.98	-0.98	0.98
0.262055	0.318197	-0.98	0.98	-0.98	-0.98	-0.98
-0.615651	0.472343	0.98	-0.98	-0.98	-0.98	-0.98
0.464083	-0.137840	-0.98	-0.98	-0.98	0.98	-0.98
-0.854359	0.178873	0.98	-0.98	-0.98	-0.98	-0.98
-0.045620	0.481583	-0.98	-0.98	-0.98	-0.98	0.98
0.308006	-0.654864	-0.98	-0.98	-0.98	0.98	-0.98
-0.446037	0.611095	0.98	-0.98	-0.98	-0.98	-0.98
0.891075	0.653116	-0.98	0.98	-0.98	-0.98	-0.98
0.844482	0.016776	-0.98	-0.98	-0.98	-0.98	0.98
0.783702	0.430027	-0.98	0.98	-0.98	-0.98	-0.98
0.290944	0.618186	-0.98	0.98	-0.98	-0.98	-0.98
-0.294422	0.180597	0.98	-0.98	-0.98	-0.98	-0.98
-0.644044	0.500205	0.98	-0.98	-0.98	-0.98	-0.98
-0.268998	-0.368104	-0.98	-0.98	0.98	-0.98	-0.98
-0.788555	0.623548	0.98	-0.98	-0.98	-0.98	-0.98
0.402422	0.524379	-0.98	0.98	-0.98	-0.98	-0.98
0.876207	-0.402038	-0.98	-0.98	-0.98	0.98	-0.98
-0.508002	0.029293	-0.98	-0.98	-0.98	-0.98	0.98
0.021056	0.406143	-0.98	-0.98	-0.98	-0.98	0.98
-0.069268	0.777713	-0.98	-0.98	-0.98	-0.98	0.98
0.112018	0.403735	-0.98	0.98	-0.98	-0.98	-0.98
0.472999	0.833510	-0.98	0.98	-0.98	-0.98	-0.98
0.137857	-0.642234	-0.98	-0.98	-0.98	0.98	-0.98
0.923557	-0.149970	-0.98	-0.98	-0.98	0.98	-0.98
0.758894	0.442748	-0.98	0.98	-0.98	-0.98	-0.98
0.577846	-0.845328	-0.98	-0.98	-0.98	0.98	-0.98
-0.637766	0.438525	0.98	-0.98	-0.98	-0.98	-0.98
0.016290	0.672017	-0.98	-0.98	-0.98	-0.98	0.98
0.283588	0.472789	-0.98	0.98	-0.98	-0.98	-0.98
-0.119662	-0.937122	-0.98	-0.98	0.98	-0.98	-0.98
-0.378970	0.261973	0.98	-0.98	-0.98	-0.98	-0.98
-0.153343	0.026712	-0.98	-0.98	-0.98	-0.98	0.98
-0.070986	-0.272502	-0.98	-0.98	-0.98	-0.98	0.98
0.355436	0.178688	-0.98	0.98	-0.98	-0.98	-0.98
-0.238770	0.172246	0.98	-0.98	-0.98	-0.98	-0.98
-0.170437	0.147624	0.98	-0.98	-0.98	-0.98	-0.98
0.604396	-0.945215	-0.98	-0.98	-0.98	0.98	-0.98
0.524046	-0.972150	-0.98	-0.98	-0.98	0.98	-0.98
0.916257	0.975406	-0.98	0.98	-0.98	-0.98	-0.98
0.521503	-0.190016	-0.98	-0.98	-0.98	0.98	-0.98
-0.557973	-0.693986	-0.98	-0.98	0.98	-0.98	-0.98
-0.187980	-0.399999	-0.98	-0.98	0.98	-0.98	-0.98
0.376456	-0.731144	-0.98	-0.98	-0.98	0.98	-0.98
-0.792866	0.560368	0.98	-0.98	-0.98	-0.98	-0.98
0.880359	-0.439638	-0.98	-0.98	-0.98	0.98	-0.98
0.179420	0.429573	-0.98	0.98	-0.98	-0.98	-0.98
-0.645417	-0.338099	-0.98	-0.98	0.98	-0.98	-0.98
-0.728524	-0.754961	-0.98	-0.98	0.98	-0.98	-0.98
-0.463388	0.304572	0.98	-0.98	-0.98	-0.98	-0.98
-0.204114	0.756595	0.98	-0.98	-0.98	-0.98	-0.98
0.547433	0.613574	-0.98	0.98	-0.98	-0.98	-0.98
0.019277	-0.804577	-0.98	-0.98	-0.98	-0.98	0.98
-0.791192	0.433707	0.98	-0.98	-0.98	-0.98	-0.98
-0.064841	0.736346	-0.98	-0.98	-0.98	-0.98	0.98
0.721353	0.358356	-0.98	0.98	-0.98	-0.98	-0.98
0.454166	-0.592840	-0.98	-0.98	-0.98	0.98	-0.98
0.569224	0.872238	-0.98	0.98	-0.98	-0.98	-0.98
-0.942857	0.762744	0.98	-0.98	-0.98	-0.98	-0.98
0.387928	0.752968	-0.98	0.98	-0.98	-0.98	-0.98
0.451695	0.115276	-0.98	0.98	-0.98	-0.98	-0.98
0.338584	-0.079529	-0.98	-0.98	-0.98	-0.98	0.98
0.362917	0.801928	-0.98	0.98	-0.98	-0.98	-0.98
0.393026	-0.527304	-0.98	-0.98	-0.98	0.98	-0.98
-0.177367	-0.754063	-0.98	-0.98	0.98	-0.98	-0.98
-0.592864	-0.265964	-0.98	-0.98	0.98	-0.98	-0.98
-0.592924	0.715707	0.98	-0.98	-0.98	-0.98	-0.98
-0.606556	-0.742939	-0.98	-0.98	0.98	-0.98	-0.98
0.598669	-0.009660	-0.98	-0.98	-0.98	-0.98	0.98
-0.942224	-0.545374	-0.98	-0.98	0.98	-0.98	-0.98
-0.306180	-0.032198	-0.98	-0.98	-0.98	-0.98	0.98
-0.066412	0.597742	-0.98	-0.98	-0.98	-0.98	0.98
-0.849242	-0.814467	-0.98	-0.98	0.98	-0.98	-0.98
0.417265	0.420982	-0.98	0.98	-0.98	-0.98	-0.98
-0.170656	-0.096798	-0.98	-0.98	-0.98	-0.98	0.98
0.065762	0.840899	-0.98	-0.98	-0.98	-0.98	0.98
-0.203841	-0.265989	-0.98	-0.98	0.98	-0.98	-0.98
0.247860	-0.596210	-0.98	-0.98	-0.98	0.98	-0.98
-0.363502	-0.756805	-0.98	-0.98	0.98	-0.98	-0.98
-0.754581	0.434133	0.98	-0.98	-0.98	-0.98	-0.98
-0.468551	0.560405	0.98	-0.98	-0.98	-0.98	-0.98
0.626927	0.262645	-0.98	0.98	-0.98	-0.98	-0.98
-0.971696	0.984558	0.98	-0.98	-0.98	-0.98	-0.98
0.246157	0.442065	-0.98	0.98	-0.98	-0.98	-0.98
0.040033	0.548835	-0.98	-0.98	-0.98	-0.98	0.98
0.182906	0.849739	-0.98	0.98	-0.98	-0.98	-0.98
0.191300	0.262719	-0.98	0.98	-0.98	-0.98	-0.98
-0.243715	0.055370	-0.98	-0.98	-0.98	-0.98	0.98
-0.242000	-0.227679	-0.98	-0.98	0.98	-0.98	-0.98
0.964340	0.072613	-0.98	-0.98	-0.98	-0.98	0.98
-0.290377	-0.238751	-0.98	-0.98	0.98	-0.98	-0.98
0.531935	0.778400	-0.98	0.98	-0.98	-0.98	-0.98
0.785608	0.238678	-0.98	0.98	-0.98	-0.98	-0.98
0.181838	-0.967667	-0.98	-0.98	-0.98	0.98	-0.98
0.465568	-0.550050	-0.98	-0.98	-0.98	0.98	-0.98
-0.759881	0.870804	0.98	-0.98	-0.98	-0.98	-0.98
0.251439	-0.502292	-0.98	-0.98	-0.98	0.98	-0.98
0.103941	0.727646	-0.98	0.98	-0.98	-0.98	-0.98
-0.117606	-0.278866	-0.98	-0.98	0.98	-0.98	-0.98
0.315938	-0.672775	-0.98	-0.98	-0.98	0.98	-0.98
-0.433187	-0.903629	-0.98	-0.98	0.98	-0.98	-0.98
-0.442573	0.691836	0.98	-0.98	-0.98	-0.98	-0.98
-0.554808	-0.321285	-0.98	-0.98	0.98	-0.98	-0.98
0.622483	0.859007	-0.98	0.98	-0.98	-0.98	-0.98
-0.569445	-0.217634	-0.98	-0.98	0.98	-0.98	-0.98
0.531315	-0.976772	-0.98	-0.98	-0.98	0.98	-0.98
0.030950	-0.281210	-0.98	-0.98	-0.98	-0.98	0.98
0.514034	0.442420	-0.98	0.98	-0.98	-0.98	-0.98
-0.902680	-0.799445	-0.98	-0.98	0.98	-0.98	-0.98
-0.634360	-0.832329	-0.98	-0.98	0.98	-0.98	-0.98
0.888045	0.349596	-0.98	0.98	-0.98	-0.98	-0.98
0.031585	0.637028	-0.98	-0.98	-0.98	-0.98	0.98
0.809827	0.891360	-0.98	0.98	-0.98	-0.98	-0.98
-0.703169	-0.224381	-0.98	-0.98	0.98	-0.98	-0.98
-0.699616	0.574246	0.98	-0.98	-0.98	-0.98	-0.98
-0.661683	-0.072434	-0.98	-0.98	-0.98	-0.98	0.98
0.565698	0.099791	-0.98	-0.98	-0.98	-0.98	0.98
0.517440	-0.198452	-0.98	-0.98	-0.98	0.98	-0.98
-0.662297	-0.505321	-0.98	-0.98	0.98	-0.98	-0.98
-0.677284	-0.470538	-0.98	-0.98	0.98	-0.98	-0.98
0.895811	0.586791	-0.98	0.98	-0.98	-0.98	-0.98
-0.224300	-0.884724	-0.98	-0.98	0.98	-0.98	-0.98
0.755547	0.496699	-0.98	0.98	-0.98	-0.98	-0.98
-0.888770	0.173855	0.98	-0.98	-0.98	-0.98	-0.98
0.750742	0.238166	-0.98	0.98	-0.98	-0.98	-0.98
-0.041044	-0.752947	-0.98	-0.98	-0.98	-0.98	0.98
0.801590	0.117165	-0.98	0.98	-0.98	-0.98	-0.98
-0.237056	0.360453	0.98	-0.98	-0.98	-0.98	-0.98
-0.746675	0.859051	0.98	-0.98	-0.98	-0.98	-0.98
0.803290	-0.682936	-0.98	-0.98	-0.98	0.98	-0.98
-0.965535	0.950403	0.98	-0.98	-0.98	-0.98	-0.98
-0.927244	0.319864	0.98	-0.98	-0.98	-0.98	-0.98
0.173074	-0.383746	-0.98	-0.98	-0.98	0.98	-0.98
0.422900	-0.753520	-0.98	-0.98	-0.98	0.98	-0.98
0.623291	0.519888	-0.98	0.98	-0.98	-0.98	-0.98
0.464311	0.048591	-0.98	-0.98	-0.98	-0.98	0.98
0.324645	-0.785470	-0.98	-0.98	-0.98	0.98	-0.98
-0.527032	0.057282	-0.98	-0.98	-0.98	-0.98	0.98
-0.008093	0.170192	-0.98	-0.98	-0.98	-0.98	0.98
-0.870933	-0.493528	-0.98	-0.98	0.98	-0.98	-0.98
0.584090	-0.816776	-0.98	-0.98	-0.98	0.98	-0.98
-0.628166	-0.235530	-0.98	-0.98	0.98	-0.98	-0.98
0.648442	-0.242854	-0.98	-0.98	-0.98	0.98	-0.98
0.880229	-0.066299	-0.98	-0.98	-0.98	-0.98	0.98
0.863969	0.153905	-0.98	0.98	-0.98	-0.98	-0.98
-0.086818	-0.707459	-0.98	-0.98	-0.98	-0.98	0.98
-0.480765	-0.677669	-0.98	-0.98	0.98	-0.98	-0.98
0.489718	0.808927	-0.98	0.98	-0.98	-0.98	-0.98
0.597488	0.061259	-0.98	-0.98	-0.98	-0.98	0.98
-0.474404	0.998947	0.98	-0.98	-0.98	-0.98	-0.98
-0.647298	0.853726	0.98	-0.98	-0.98	-0.98	-0.98
-0.923791	-0.113230	-0.98	-0.98	0.98	-0.98	-0.98
-0.678293	-0.150522	-0.98	-0.98	0.98	-0.98	-0.98
-0.069073	-0.925120	-0.98	-0.98	-0.98	-0.98	0.98
0.841195	-0.326420	-0.98	-0.98	-0.98	0.98	-0.98
0.476719	-0.630417	-0.98	-0.98	-0.98	0.98	-0.98
-0.096793	-0.381222	-0.98	-0.98	-0.98	-0.98	0.98
-0.868479	0.417993	0.98	-0.98	-0.98	-0.98	-0.98
0.602480	0.283189	-0.98	0.98	-0.98	-0.98	-0.98
0.189563	-0.617401	-0.98	-0.98	-0.98	0.98	-0.98
-0.170653	0.733056	0.98	-0.98	-0.98	-0.98	-0.98
0.627287	-0.952104	-0.98	-0.98	-0.98	0.98	-0.98
-0.336929	-0.888896	-0.98	-0.98	0.98	-0.98	-0.98
-0.303822	-0.265445	-0.98	-0.98	0.98	-0.98	-0.98
-0.292364	0.850180	0.98	-0.98	-0.98	-0.98	-0.98
0.669706	0.802907	-0.98	0.98	-0.98	-0.98	-0.98
0.372246	-0.592697	-0.98	-0.98	-0.98	0.98	-0.98
-0.724951	0.561955	0.98	-0.98	-0.98	-0.98	-0.98
0.141551	0.545955	-0.98	0.98	-0.98	-0.98	-0.98
0.586801	-0.152694	-0.98	-0.98	-0.98	0.98	-0.98
0.715715	0.478647	-0.98	0.98	-0.98	-0.98	-0.98
-0.450565	0.759753	0.98	-0.98	-0.98	-0.98	-0.98
-0.125957	-0.558082	-0.98	-0.98	0.98	-0.98	-0.98
0.354072	0.753332	-0.98	0.98	-0.98	-0.98	-0.98
0.715103	-0.054729	-0.98	-0.98	-0.98	-0.98	0.98
0.158359	-0.879971	-0.98	-0.98	-0.98	0.98	-0.98
-0.496491	-0.697344	-0.98	-0.98	0.98	-0.98	-0.98
0.187179	0.961619	-0.98	0.98	-0.98	-0.98	-0.98
-0.482073	0.533512	0.98	-0.98	-0.98	-0.98	-0.98
0.507051	-0.434476	-0.98	-0.98	-0.98	0.98	-0.98
0.155133	-0.742128	-0.98	-0.98	-0.98	0.98	-0.98
0.621503	-0.558392	-0.98	-0.98	-0.98	0.98	-0.98
0.655456	0.688175	-0.98	0.98	-0.98	-0.98	-0.98
-0.120023	0.275800	0.98	-0.98	-0.98	-0.98	-0.98
0.227366	-0.348249	-0.98	-0.98	-0.98	0.98	-0.98
-0.045738	-0.222809	-0.98	-0.98	-0.98	-0.98	0.98
-0.502012	-0.764406	-0.98	-0.98	0.98	-0.98	-0.98
-0.245226	-0.548622	-0.98	-0.98	0.98	-0.98	-0.98
0.517885	-0.340204	-0.98	-0.98	-0.98	0.98	-0.98
0.394662	0.713999	-0.98	0.98	-0.98	-0.98	-0.98
-0.228566	-0.861654	-0.98	-0.98	0.98	-0.98	-0.98
0.635384	0.251317	-0.98	0.98	-0.98	-0.98	-0.98
-0.576047	0.203128	0.98	-0.98	-0.98	-0.98	-0.98
-0.078307	0.488734	-0.98	-0.98	-0.98	-0.98	0.98
-0.523325	0.537752	0.98	-0.98	-0.98	-0.98	-0.98
-0.301780	0.279662	0.98	-0.98	-0.98	-0.98	-0.98
-0.748799	0.716895	0.98	-0.98	-0.98	-0.98	-0.98
0.947232	-0.238025	-0.98	-0.98	-0.98	0.98	-0.98
-0.098285	-0.916206	-0.98	-0.98	-0.98	-0.98	0.98
0.013307	0.692149	-0.98	-0.98	-0.98	-0.98	0.98
0.101916	0.906243	-0.98	0.98	-0.98	-0.98	-0.98
0.281850	-0.364912	-0.98	-0.98	-0.98	0.98	-0.98
0.911574	-0.953159	-0.98	-0.98	-0.98	0.98	-0.98
-0.408277	-0.989931	-0.98	-0.98	0.98	-0.98	-0.98
-0.062804	0.079876	-0.98	-0.98	-0.98	-0.98	0.98
0.924732	0.633276	-0.98	0.98	-0.98	-0.98	-0.98
-0.017031	-0.046849	-0.98	-0.98	-0.98	-0.98	0.98
0.101426	0.166319	-0.98	0.98	-0.98	-0.98	-0.98
-0.529249	-0.590311	-0.98	-0.98	0.98	-0.98	-0.98
0.660281	-0.709917	-0.98	-0.98	-0.98	0.98	-0.98
0.906061	-0.622750	-0.98	-0.98	-0.98	0.98	-0.98
-0.562192	0.668658	0.98	-0.98	-0.98	-0.98	-0.98
-0.206359	-0.479697	-0.98	-0.98	0.98	-0.98	-0.98
0.227840	0.038012	-0.98	-0.98	-0.98	-0.98	0.98
0.823232	0.963233	-0.98	0.98	-0.98	-0.98	-0.98
-0.752449	-0.910148	-0.98	-0.98	0.98	-0.98	-0.98
0.178295	-0.739335	-0.98	-0.98	-0.98	0.98	-0.98
-0.525975	-0.692150	-0.98	-0.98	0.98	-0.98	-0.98
-0.248446	-0.242214	-0.98	-0.98	0.98	-0.98	-0.98
0.292903	0.206579	-0.98	0.98	-0.98	-0.98	-0.98
-0.116613	-0.185928	-0.98	-0.98	0.98	-0.98	-0.98
0.545248	-0.140285	-0.98	-0.98	-0.98	0.98	-0.98
-0.856827	0.886304	0.98	-0.98	-0.98	-0.98	-0.98
0.955550	-0.006248	-0.98	-0.98	-0.98	-0.98	0.98
-0.376768	0.679011	0.98	-0.98	-0.98	-0.98	-0.98
-0.265881	-0.173927	-0.98	-0.98	0.98	-0.98	-0.98
0.893773	-0.886532	-0.98	-0.98	-0.98	0.98	-0.98
-0.604917	0.656774	0.98	-0.98	-0.98	-0.98	-0.98
-0.850755	0.481909	0.98	-0.98	-0.98	-0.98	-0.98
-0.121252	0.634384	0.98	-0.98	-0.98	-0.98	-0.98
-0.538125	0.762368	0.98	-0.98	-0.98	-0.98	-0.98
0.939104	0.247770	-0.98	0.98	-0.98	-0.98	-0.98
0.480634	0.479311	-0.98	0.98	-0.98	-0.98	-0.98
-0.590302	-0.475415	-0.98	-0.98	0.98	-0.98	-0.98
-0.475905	0.175154	0.98	-0.98	-0.98	-0.98	-0.98
0.070502	-0.374730	-0.98	-0.98	-0.98	-0.98	0.98
-0.140595	0.129173	0.98	-0.98	-0.98	-0.98	-0.98
0.611416	-0.405573	-0.98	-0.98	-0.98	0.98	-0.98
0.062320	-0.525375	-0.98	-0.98	-0.98	-0.98	0.98
-0.033742	-0.347451	-0.98	-0.98	-0.98	-0.98	0.98
-0.703261	0.562297	0.98	-0.98	-0.98	-0.98	-0.98
-0.209600	0.030717	-0.98	-0.98	-0.98	-0.98	0.98
0.285453	0.509854	-0.98	0.98	-0.98	-0.98	-0.98
-0.635686	-0.748845	-0.98	-0.98	0.98	-0.98	-0.98
0.478768	-0.687458	-0.98	-0.98	-0.98	0.98	-0.98
-0.564547	0.220316	0.98	-0.98	-0.98	-0.98	-0.98
-0.938251	-0.480760	-0.98	-0.98	0.98	-0.98	-0.98
0.448694	0.957159	-0.98	0.98	-0.98	-0.98	-0.98
0.778931	-0.543200	-0.98	-0.98	-0.98	0.98	-0.98
0.599067	0.253170	-0.98	0.98	-0.98	-0.98	-0.98
-0.440966	0.155635	0.98	-0.98	-0.98	-0.98	-0.98
0.177828	-0.939166	-0.98	-0.98	-0.98	0.98	-0.98
0.363580	-0.935101	-0.98	-0.98	-0.98	0.98	-0.98
0.240437	0.375928	-0.98	0.98	-0.98	-0.98	-0.98
-0.596999	0.920479	0.98	-0.98	-0.98	-0.98	-0.98
-0.302741	-0.367815	-0.98	-0.98	0.98	-0.98	-0.98
-0.338974	0.657093	0.98	-0.98	-0.98	-0.98	-0.98
-0.206108	-0.782126	-0.98	-0.98	0.98	-0.98	-0.98
-0.389874	-0.725637	-0.98	-0.98	0.98	-0.98	-0.98
0.201503	0.103261	-0.98	0.98	-0.98	-0.98	-0.98
0.914574	-0.080076	-0.98	-0.98	-0.98	-0.98	0.98
-0.623625	0.904845	0.98	-0.98	-0.98	-0.98	-0.98
-0.921727	0.477612	0.98	-0.98	-0.98	-0.98	-0.98
0.708859	0.247117	-0.98	0.98	-0.98	-0.98	-0.98
0.011604	0.543703	-0.98	-0.98	-0.98	-0.98	0.98
0.302123	0.642139	-0.98	0.98	-0.98	-0.98	-0.98
-0.101683	0.190580	0.98	-0.98	-0.98	-0.98	-0.98
-0.583100	-0.095243	-0.98	-0.98	-0.98	-0.98	0.98
-0.586904	-0.907327	-0.98	-0.98	0.98	-0.98	-0.98
0.428896	-0.396989	-0.98	-0.98	-0.98	0.98	-0.98
0.012892	0.599194	-0.98	-0.98	-0.98	-0.98	0.98
0.424880	-0.378892	-0.98	-0.98	-0.98	0.98	-0.98
0.787033	0.604635	-0.98	0.98	-0.98	-0.98	-0.98
-0.997974	-0.308811	-0.98	-0.98	0.98	-0.98	-0.98
-0.951774	0.165297	0.98	-0.98	-0.98	-0.98	-0.98
-0.906871	0.942600	0.98	-0.98	-0.98	-0.98	-0.98
-0.150989	-0.206053	-0.98	-0.98	0.98	-0.98	-0.98
-0.514883	0.061648	-0.98	-0.98	-0.98	-0.98	0.98
0.642431	0.782238	-0.98	0.98	-0.98	-0.98	-0.98
-0.500008	0.287229	0.98	-0.98	-0.98	-0.98	-0.98
0.531295	-0.482574	-0.98	-0.98	-0.98	0.98	-0.98
-0.180674	-0.254493	-0.98	-0.98	0.98	-0.98	-0.98
0.872222	0.803808	-0.98	0.98	-0.98	-0.98	-0.98
-0.497129	-0.520192	-0.98	-0.98	0.98	-0.98	-0.98
-0.471735	0.119751	0.98	-0.98	-0.98	-0.98	-0.98
-0.433348	0.450532	0.98	-0.98	-0.98	-0.98	-0.98
-0.719235	0.800094	0.98	-0.98	-0.98	-0.98	-0.98
0.000444	-0.015772	-0.98	-0.98	-0.98	-0.98	0.98
-0.715265	0.038477	-0.98	-0.98	-0.98	-0.98	0.98
0.455699	-0.780115	-0.98	-0.98	-0.98	0.98	-0.98
-0.022726	0.576815	-0.98	-0.98	-0.98	-0.98	0.98
-0.038838	0.416697	-0.98	-0.98	-0.98	-0.98	0.98
-0.113528	-0.067371	-0.98	-0.98	-0.98	-0.98	0.98
0.367036	0.026837	-0.98	-0.98	-0.98	-0.98	0.98
0.335842	0.952197	-0.98	0.98	-0.98	-0.98	-0.98
0.336040	0.343293	-0.98	0.98	-0.98	-0.98	-0.98
-0.811118	0.359598	0.98	-0.98	-0.98	-0.98	-0.98
0.976480	-0.049521	-0.98	-0.98	-0.98	-0.98	0.98
0.408117	0.693135	-0.98	0.98	-0.98	-0.98	-0.98
-0.349557	0.558847	0.98	-0.98	-0.98	-0.98	-0.98
0.741170	-0.129899	-0.98	-0.98	-0.98	0.98	-0.98
0.146813	0.470782	-0.98	0.98	-0.98	-0.98	-0.98
0.640429	-0.000586	-0.98	-0.98	-0.98	-0.98	0.98
-0.399817	0.742269	0.98	-0.98	-0.98	-0.98	-0.98
0.678153	-0.130396	-0.98	-0.98	-0.98	0.98	-0.98
-0.928260	-0.571866	-0.98	-0.98	0.98	-0.98	-0.98
0.189675	-0.152084	-0.98	-0.98	-0.98	0.98	-0.98
0.574969	-0.997969	-0.98	-0.98	-0.98	0.98	-0.98
0.927124	-0.656132	-0.98	-0.98	-0.98	0.98	-0.98
-0.713378	-0.362666	-0.98	-0.98	0.98	-0.98	-0.98
0.067755	0.792501	-0.98	-0.98	-0.98	-0.98	0.98
-0.141206	-0.409693	-0.98	-0.98	0.98	-0.98	-0.98
0.953516	-0.766870	-0.98	-0.98	-0.98	0.98	-0.98
-0.046393	0.754199	-0.98	-0.98	-0.98	-0.98	0.98
0.899885	-0.389770	-0.98	-0.98	-0.98	0.98	-0.98
-0.219205	-0.208717	-0.98	-0.98	0.98	-0.98	-0.98
0.931543	-0.063908	-0.98	-0.98	-0.98	-0.98	0.98
0.727645	0.864200	-0.98	0.98	-0.98	-0.98	-0.98
-0.655259	-0.617517	-0.98	-0.98	0.98	-0.98	-0.98
-0.280722	-0.409101	-0.98	-0.98	0.98	-0.98	-0.98
-0.870449	0.445469	0.98	-0.98	-0.98	-0.98	-0.98
0.839539	0.371923	-0.98	0.98	-0.98	-0.98	-0.98
0.610912	-0.000548	-0.98	-0.98	-0.98	-0.98	0.98
-0.102345	0.121562	0.98	-0.98	-0.98	-0.98	-0.98
-0.228057	-0.456814	-0.98	-0.98	0.98	-0.98	-0.98
-0.088355	0.026886	-0.98	-0.98	-0.98	-0.98	0.98
-0.973117	-0.869597	-0.98	-0.98	0.98	-0.98	-0.98
-0.296502	0.286647	0.98	-0.98	-0.98	-0.98	-0.98
0.985438	-0.158308	-0.98	-0.98	-0.98	0.98	-0.98
-0.301550	0.624604	0.98	-0.98	-0.98	-0.98	-0.98
0.816460	-0.710192	-0.98	-0.98	-0.98	0.98	-0.98
-0.750647	-0.276666	-0.98	-0.98	0.98	-0.98	-0.98
0.668437	-0.705406	-0.98	-0.98	-0.98	0.98	-0.98
-0.476634	-0.888182	-0.98	-0.98	0.98	-0.98	-0.98
0.604657	0.211592	-0.98	0.98	-0.98	-0.98	-0.98
-0.651437	-0.680782	-0.98	-0.98	0.98	-0.98	-0.98
-0.583834	-0.346524	-0.98	-0.98	0.98	-0.98	-0.98
-0.186236	0.945422	0.98	-0.98	-0.98	-0.98	-0.98
0.478365	0.186136	-0.98	0.98	-0.98	-0.98	-0.98
0.007648	-0.559686	-0.98	-0.98	-0.98	-0.98	0.98
-0.127518	0.201760	0.98	-0.98	-0.98	-0.98	-0.98
-0.353040	-0.039412	-0.98	-0.98	-0.98	-0.98	0.98
0.742284	-0.799471	-0.98	-0.98	-0.98	0.98	-0.98
-0.019889	-0.309543	-0.98	-0.98	-0.98	-0.98	0.98
-0.902009	-0.232686	-0.98	-0.98	0.98	-0.98	-0.98
-0.014085	-0.039157	-0.98	-0.98	-0.98	-0.98	0.98
-0.899659	-0.813084	-0.98	-0.98	0.98	-0.98	-0.98
-0.194165	-0.161300	-0.98	-0.98	0.98	-0.98	-0.98
-0.988056	-0.983692	-0.98	-0.98	0.98	-0.98	-0.98
-0.332623	-0.552311	-0.98	-0.98	0.98	-0.98	-0.98
-0.831640	0.924205	0.98	-0.98	-0.98	-0.98	-0.98
0.250863	-0.734715	-0.98	-0.98	-0.98	0.98	-0.98
0.883898	0.699193	-0.98	0.98	-0.98	-0.98	-0.98
0.488534	0.619672	-0.98	0.98	-0.98	-0.98	-0.98
0.615440	0.260326	-0.98	0.98	-0.98	-0.98	-0.98
0.714886	0.606298	-0.98	0.98	-0.98	-0.98	-0.98
0.681676	-0.978440	-0.98	-0.98	-0.98	0.98	-0.98
-0.247766	0.154972	0.98	-0.98	-0.98	-0.98	-0.98
0.180095	0.013793	-0.98	-0.98	-0.98	-0.98	0.98
-0.112917	-0.768438	-0.98	-0.98	0.98	-0.98	-0.98
-0.196354	0.287749	0.98	-0.98	-0.98	-0.98	-0.98
-0.149701	0.254088	0.98	-0.98	-0.98	-0.98	-0.98
0.387315	0.132431	-0.98	0.98	-0.98	-0.98	-0.98
-0.440211	0.061986	-0.98	-0.98	-0.98	-0.98	0.98
0.432087	-0.349512	-0.98	-0.98	-0.98	0.98	-0.98
0.914937	0.741852	-0.98	0.98	-0.98	-0.98	-0.98
-0.632706	0.640297	0.98	-0.98	-0.98	-0.98	-0.98
0.698946	0.494931	-0.98	0.98	-0.98	-0.98	-0.98
0.417138	-0.582632	-0.98	-0.98	-0.98	0.98	-0.98
-0.522317	0.897399	0.98	-0.98	-0.98	-0.98	-0.98
-0.601170	0.523508	0.98	-0.98	-0.98	-0.98	-0.98
-0.879111	-0.629775	-0.98	-0.98	0.98	-0.98	-0.98
-0.005788	0.823156	-0.98	-0.98	-0.98	-0.98	0.98
0.980922	-0.063999	-0.98	-0.98	-0.98	-0.98	0.98
0.494587	-0.083138	-0.98	-0.98	-0.98	-0.98	0.98
-0.926001	0.632879	0.98	-0.98	-0.98	-0.98	-0.98
-0.403188	-0.649098	-0.98	-0.98	0.98	-0.98	-0.98
-0.870215	0.358914	0.98	-0.98	-0.98	-0.98	-0.98
0.774172	0.349079	-0.98	0.98	-0.98	-0.98	-0.98
-0.530319	0.927250	0.98	-0.98	-0.98	-0.98	-0.98
-0.884795	0.345957	0.98	-0.98	-0.98	-0.98	-0.98
-0.695493	-0.701887	-0.98	-0.98	0.98	-0.98	-0.98
-0.197654	-0.904090	-0.98	-0.98	0.98	-0.98	-0.98
-0.814941	-0.360077	-0.98	-0.98	0.98	-0.98	-0.98
-0.995998	0.495296	0.98	-0.98	-0.98	-0.98	-0.98
0.732191	-0.776705	-0.98	-0.98	-0.98	0.98	-0.98
-0.953773	-0.013114	-0.98	-0.98	-0.98	-0.98	0.98
0.404197	-0.363628	-0.98	-0.98	-0.98	0.98	-0.98
0.228483	-0.813688	-0.98	-0.98	-0.98	0.98	-0.98
-0.156710	0.361732	0.98	-0.98	-0.98	-0.98	-0.98
0.111822	0.182062	-0.98	0.98	-0.98	-0.98	-0.98
-0.473875	0.542736	0.98	-0.98	-0.98	-0.98	-0.98
-0.696196	-0.599330	-0.98	-0.98	0.98	-0.98	-0.98
-0.242254	0.779311	0.98	-0.98	-0.98	-0.98	-0.98
-0.486123	0.256890	0.98	-0.98	-0.98	-0.98	-0.98
0.365152	0.380502	-0.98	0.98	-0.98	-0.98	-0.98
0.256094	-0.590286	-0.98	-0.98	-0.98	0.98	-0.98
0.313336	-0.159993	-0.98	-0.98	-0.98	0.98	-0.98
-0.748425	0.727457	0.98	-0.98	-0.98	-0.98	-0.98
-0.049709	-0.872893	-0.98	-0.98	-0.98	-0.98	0.98
0.482611	0.614298	-0.98	0.98	-0.98	-0.98	-0.98
0.717332	-0.582517	-0.98	-0.98	-0.98	0.98	-0.98
0.645405	-0.245028	-0.98	-0.98	-0.98	0.98	-0.98
0.227253	-0.053545	-0.98	-0.98	-0.98	-0.98	0.98
-0.910238	-0.996380	-0.98	-0.98	0.98	-0.98	-0.98
0.583130	0.270573	-0.98	0.98	-0.98	-0.98	-0.98
0.278140	-0.256327	-0.98	-0.98	-0.98	0.98	-0.98
-0.366495	0.828134	0.98	-0.98	-0.98	-0.98	-0.98
0.154509	-0.335958	-0.98	-0.98	-0.98	0.98	-0.98
0.311874	-0.558859	-0.98	-0.98	-0.98	0.98	-0.98
-0.599055	-0.090208	-0.98	-0.98	-0.98	-0.98	0.98
-0.684858	0.113684	0.98	-0.98	-0.98	-0.98	-0.98
-0.132126	-0.930929	-0.98	-0.98	0.98	-0.98	-0.98
0.298959	-0.234527	-0.98	-0.98	-0.98	0.98	-0.98
0.587849	-0.978309	-0.98	-0.98	-0.98	0.98	-0.98
-0.325109	0.474407	0.98	-0.98	-0.98	-0.98	-0.98
0.806719	0.707730	-0.98	0.98	-0.98	-0.98	-0.98
-0.819427	-0.830077	-0.98	-0.98	0.98	-0.98	-0.98
-0.444576	0.860409	0.98	-0.98	-0.98	-0.98	-0.98
-0.317639	0.752606	0.98	-0.98	-0.98	-0.98	-0.98
-0.088135	-0.421510	-0.98	-0.98	-0.98	-0.98	0.98
-0.729009	0.926588	0.98	-0.98	-0.98	-0.98	-0.98
-0.674021	-0.894463	-0.98	-0.98	0.98	-0.98	-0.98
0.456226	0.393066	-0.98	0.98	-0.98	-0.98	-0.98
0.958844	0.943898	-0.98	0.98	-0.98	-0.98	-0.98
-0.251116	0.592428	0.98	-0.98	-0.98	-0.98	-0.98
0.921216	-0.125451	-0.98	-0.98	-0.98	0.98	-0.98
-0.968097	0.292194	0.98	-0.98	-0.98	-0.98	-0.98
-0.667033	-0.497090	-0.98	-0.98	0.98	-0.98	-0.98
0.449278	0.537368	-0.98	0.98	-0.98	-0.98	-0.98
-0.455797	0.589357	0.98	-0.98	-0.98	-0.98	-0.98
-0.730074	-0.304905	-0.98	-0.98	0.98	-0.98	-0.98
-0.265417	-0.873426	-0.98	-0.98	0.98	-0.98	-0.98
-0.657880	-0.056710	-0.98	-0.98	-0.98	-0.98	0.98
0.430825	-0.936974	-0.98	-0.98	-0.98	0.98	-0.98
-0.432617	0.687044	0.98	-0.98	-0.98	-0.98	-0.98
0.835189	-0.997229	-0.98	-0.98	-0.98	0.98	-0.98
0.593781	0.335259	-0.98	0.98	-0.98	-0.98	-0.98
-0.298847	-0.961735	-0.98	-0.98	0.98	-0.98	-0.98
-0.696072	0.655363	0.98	-0.98	-0.98	-0.98	-0.98
0.242986	0.114067	-0.98	0.98	-0.98	-0.98	-0.98
-0.900823	-0.933306	-0.98	-0.98	0.98	-0.98	-0.98
0.066629	0.121130	-0.98	-0.98	-0.98	-0.98	0.98
0.885453	-0.610471	-0.98	-0.98	-0.98	0.98	-0.98
0.839046	0.613771	-0.98	0.98	-0.98	-0.98	-0.98
0.637702	0.785524	-0.98	0.98	-0.98	-0.98	-0.98
-0.931215	0.092773	-0.98	-0.98	-0.98	-0.98	0.98
-0.596404	0.856287	0.98	-0.98	-0.98	-0.98	-0.98
-0.746865	-0.783008	-0.98	-0.98	0.98	-0.98	-0.98
0.892670	0.413073	-0.98	0.98	-0.98	-0.98	-0.98
-0.849047	0.836550	0.98	-0.98	-0.98	-0.98	-0.98
0.582303	-0.729358	-0.98	-0.98	-0.98	0.98	-0.98
-0.537608	0.206597	0.98	-0.98	-0.98	-0.98	-0.98
-0.265613	0.160977	0.98	-0.98	-0.98	-0.98	-0.98
0.012120	0.414865	-0.98	-0.98	-0.98	-0.98	0.98
0.106138	-0.402088	-0.98	-0.98	-0.98	0.98	-0.98
0.503241	0.038248	-0.98	-0.98	-0.98	-0.98	0.98
-0.194379	0.378447	0.98	-0.98	-0.98	-0.98	-0.98
0.647599	-0.432133	-0.98	-0.98	-0.98	0.98	-0.98
-0.474087	0.096296	-0.98	-0.98	-0.98	-0.98	0.98
0.853732	-0.614396	-0.98	-0.98	-0.98	0.98	-0.98
0.816933	-0.223308	-0.98	-0.98	-0.98	0.98	-0.98
0.083247	-0.970442	-0.98	-0.98	-0.98	-0.98	0.98
-0.209429	0.566561	0.98	-0.98	-0.98	-0.98	-0.98
-0.267175	0.617186	0.98	-0.98	-0.98	-0.98	-0.98
0.159092	0.753073	-0.98	0.98	-0.98	-0.98	-0.98
0.146689	-0.499080	-0.98	-0.98	-0.98	0.98	-0.98
-0.693248	0.831999	0.98	-0.98	-0.98	-0.98	-0.98
0.745365	-0.212521	-0.98	-0.98	-0.98	0.98	-0.98
-0.388772	0.625907	0.98	-0.98	-0.98	-0.98	-0.98
-0.056377	0.270273	-0.98	-0.98	-0.98	-0.98	0.98
-0.670473	0.477497	0.98	-0.98	-0.98	-0.98	-0.98
-0.209934	0.579156	0.98	-0.98	-0.98	-0.98	-0.98
0.491412	-0.933835	-0.98	-0.98	-0.98	0.98	-0.98
-0.453545	0.684416	0.98	-0.98	-0.98	-0.98	-0.98
-0.950747	0.639642	0.98	-0.98	-0.98	-0.98	-0.98
0.228917	0.586163	-0.98	0.98	-0.98	-0.98	-0.98
0.585685	0.689753	-0.98	0.98	-0.98	-0.98	-0.98
0.665888	0.391573	-0.98	0.98	-0.98	-0.98	-0.98
-0.938015	0.113312	0.98	-0.98	-0.98	-0.98	-0.98
0.657155	-0.937423	-0.98	-0.98	-0.98	0.98	-0.98
-0.465207	0.538703	0.98	-0.98	-0.98	-0.98	-0.98
0.185811	0.252450	-0.98	0.98	-0.98	-0.98	-0.98
0.021645	0.420006	-0.98	-0.98	-0.98	-0.98	0.98
0.580033	0.460582	-0.98	0.98	-0.98	-0.98	-0.98
-0.440812	0.059079	-0.98	-0.98	-0.98	-0.98	0.98
-0.637313	0.131459	0.98	-0.98	-0.98	-0.98	-0.98
-0.508304	0.440063	0.98	-0.98	-0.98	-0.98	-0.98
-0.386704	0.823243	0.98	-0.98	-0.98	-0.98	-0.98
0.357747	0.910040	-0.98	0.98	-0.98	-0.98	-0.98
-0.446448	-0.070912	-0.98	-0.98	-0.98	-0.98	0.98
0.344718	0.502189	-0.98	0.98	-0.98	-0.98	-0.98
0.999033	0.040777	-0.98	-0.98	-0.98	-0.98	0.98
-0.623870	0.223790	0.98	-0.98	-0.98	-0.98	-0.98
-0.036189	-0.575797	-0.98	-0.98	-0.98	-0.98	0.98
-0.408673	0.508675	0.98	-0.98	-0.98	-0.98	-0.98
0.120721	-0.820753	-0.98	-0.98	-0.98	0.98	-0.98
-0.727169	0.991553	0.98	-0.98	-0.98	-0.98	-0.98
0.772699	0.479506	-0.98	0.98	-0.98	-0.98	-0.98
0.206278	-0.778417	-0.98	-0.98	-0.98	0.98	-0.98
-0.717207	0.783075	0.98	-0.98	-0.98	-0.98	-0.98
0.448144	0.343344	-0.98	0.98	-0.98	-0.98	-0.98
0.781910	-0.922309	-0.98	-0.98	-0.98	0.98	-0.98
-0.056147	-0.910752	-0.98	-0.98	-0.98	-0.98	0.98
0.858583	0.885285	-0.98	0.98	-0.98	-0.98	-0.98
0.742831	0.271002	-0.98	0.98	-0.98	-0.98	-0.98
0.039046	-0.350611	-0.98	-0.98	-0.98	-0.98	0.98
0.467415	0.099710	-0.98	-0.98	-0.98	-0.98	0.98
-0.054118	0.381729	-0.98	-0.98	-0.98	-0.98	0.98
-0.092660	0.598574	-0.98	-0.98	-0.98	-0.98	0.98
0.744330	-0.469293	-0.98	-0.98	-0.98	0.98	-0.98
-0.965221	0.708494	0.98	-0.98	-0.98	-0.98	-0.98
-0.907872	0.913412	0.98	-0.98	-0.98	-0.98	-0.98
0.566771	0.001895	-0.98	-0.98	-0.98	-0.98	0.98
0.215001	0.057507	-0.98	-0.98	-0.98	-0.98	0.98
0.907216	-0.718447	-0.98	-0.98	-0.98	0.98	-0.98
-0.872700	-0.040328	-0.98	-0.98	-0.98	-0.98	0.98
0.988223	0.788954	-0.98	0.98	-0.98	-0.98	-0.98
0.379218	-0.005283	-0.98	-0.98	-0.98	-0.98	0.98
0.180379	0.825573	-0.98	0.98	-0.98	-0.98	-0.98
0.628892	0.349990	-0.98	0.98	-0.98	-0.98	-0.98
-0.580008	0.856552	0.98	-0.98	-0.98	-0.98	-0.98
0.638591	0.140974	-0.98	0.98	-0.98	-0.98	-0.98
-0.481951	-0.082236	-0.98	-0.98	-0.98	-0.98	0.98
0.767820	0.061783	-0.98	-0.98	-0.98	-0.98	0.98
0.069024	-0.122498	-0.98	-0.98	-0.98	-0.98	0.98
-0.138286	-0.064818	-0.98	-0.98	-0.98	-0.98	0.98
-0.470291	0.296804	0.98	-0.98	-0.98	-0.98	-0.98
0.048868	0.165327	-0.98	-0.98	-0.98	-0.98	0.98
-0.750567	0.572285	0.98	-0.98	-0.98	-0.98	-0.98
-0.279604	0.610041	0.98	-0.98	-0.98	-0.98	-0.98
-0.767104	0.572531	0.98	-0.98	-0.98	-0.98	-0.98
0.133159	0.608584	-0.98	0.98	-0.98	-0.98	-0.98
0.794120	0.970721	-0.98	0.98	-0.98	-0.98	-0.98
-0.791212	0.999911	0.98	-0.98	-0.98	-0.98	-0.98
0.760985	0.059723	-0.98	-0.98	-0.98	-0.98	0.98
-0.186378	0.956269	0.98	-0.98	-0.98	-0.98	-0.98
-0.464990	0.999512	0.98	-0.98	-0.98	-0.98	-0.98
0.268247	0.513853	-0.98	0.98	-0.98	-0.98	-0.98
-0.033186	0.711587	-0.98	-0.98	-0.98	-0.98	0.98
-0.047628	0.515720	-0.98	-0.98	-0.98	-0.98	0.98
-0.882660	0.459984	0.98	-0.98	-0.98	-0.98	-0.98
0.150032	0.632725	-0.98	0.98	-0.98	-0.98	-0.98
0.702447	-0.789141	-0.98	-0.98	-0.98	0.98	-0.98
0.706217	0.883427	-0.98	0.98	-0.98	-0.98	-0.98
0.977815	-0.643847	-0.98	-0.98	-0.98	0.98	-0.98
0.803910	-0.253693	-0.98	-0.98	-0.98	0.98	-0.98
0.049704	0.522426	-0.98	-0.98	-0.98	-0.98	0.98
0.062576	0.003971	-0.98	-0.98	-0.98	-0.98	0.98
0.297799	-0.174547	-0.98	-0.98	-0.98	0.98	-0.98
0.433269	0.052977	-0.98	-0.98	-0.98	-0.98	0.98
0.938001	-0.114683	-0.98	-0.98	-0.98	0.98	-0.98
0.019177	0.516952	-0.98	-0.98	-0.98	-0.98	0.98
0.730282	-0.674207	-0.98	-0.98	-0.98	0.98	-0.98
0.670275	-0.372379	-0.98	-0.98	-0.98	0.98	-0.98
0.489049	0.098049	-0.98	-0.98	-0.98	-0.98	0.98
0.110744	-0.871042	-0.98	-0.98	-0.98	0.98	-0.98
0.030447	-0.065252	-0.98	-0.98	-0.98	-0.98	0.98
0.047082	0.079870	-0.98	-0.98	-0.98	-0.98	0.98
-0.746503	0.856952	0.98	-0.98	-0.98	-0.98	-0.98
0.977514	0.115321	-0.98	0.98	-0.98	-0.98	-0.98
0.715699	-0.777514	-0.98	-0.98	-0.98	0.98	-0.98
0.897017	0.535028	-0.98	0.98	-0.98	-0.98	-0.98
-0.982535	0.976385	0.98	-0.98	-0.98	-0.98	-0.98
0.889775	-0.754777	-0.98	-0.98	-0.98	0.98	-0.98
0.962331	-0.584500	-0.98	-0.98	-0.98	0.98	-0.98
0.992273	-0.884365	-0.98	-0.98	-0.98	0.98	-0.98
0.736419	0.407920	-0.98	0.98	-0.98	-0.98	-0.98
-0.754652	0.057679	-0.98	-0.98	-0.98	-0.98	0.98
-0.366193	0.666451	0.98	-0.98	-0.98	-0.98	-0.98
0.957798	0.942303	-0.98	0.98	-0.98	-0.98	-0.98
-0.163815	0.802689	0.98	-0.98	-0.98	-0.98	-0.98
0.853827	-0.596840	-0.98	-0.98	-0.98	0.98	-0.98
-0.724400	0.997693	0.98	-0.98	-0.98	-0.98	-0.98
-0.439032	0.034250	-0.98	-0.98	-0.98	-0.98	0.98
-0.884780	0.048683	-0.98	-0.98	-0.98	-0.98	0.98
-0.352809	0.972875	0.98	-0.98	-0.98	-0.98	-0.98
-0.727957	0.484484	0.98	-0.98	-0.98	-0.98	-0.98
0.497323	-0.656207	-0.98	-0.98	-0.98	0.98	-0.98
-0.991248	0.361996	0.98	-0.98	-0.98	-0.98	-0.98
0.944972	-0.174711	-0.98	-0.98	-0.98	0.98	-0.98
-0.645328	0.550298	0.98	-0.98	-0.98	-0.98	-0.98
0.084445	-0.548495	-0.98	-0.98	-0.98	-0.98	0.98
0.529176	0.921344	-0.98	0.98	-0.98	-0.98	-0.98
0.404063	-0.475244	-0.98	-0.98	-0.98	0.98	-0.98
0.846921	-0.572652	-0.98	-0.98	-0.98	0.98	-0.98
-0.846506	-0.064019	-0.98	-0.98	-0.98	-0.98	0.98
0.788018	-0.964479	-0.98	-0.98	-0.98	0.98	-0.98
-0.068879	0.973905	-0.98	-0.98	-0.98	-0.98	0.98
0.300917	-0.958904	-0.98	-0.98	-0.98	0.98	-0.98
-0.439094	0.851506	0.98	-0.98	-0.98	-0.98	-0.98
0.331565	0.797654	-0.98	0.98	-0.98	-0.98	-0.98
0.901979	0.678056	-0.98	0.98	-0.98	-0.98	-0.98
0.851814	-0.066645	-0.98	-0.98	-0.98	-0.98	0.98
0.468562	0.083474	-0.98	-0.98	-0.98	-0.98	0.98
0.907277	0.057330	-0.98	-0.98	-0.98	-0.98	0.98
0.985449	0.850873	-0.98	0.98	-0.98	-0.98	-0.98
-0.249614	0.436289	0.98	-0.98	-0.98	-0.98	-0.98
-0.246295	0.390351	0.98	-0.98	-0.98	-0.98	-0.98
-0.475750	0.464218	0.98	-0.98	-0.98	-0.98	-0.98
0.343704	0.946572	-0.98	0.98	-0.98	-0.98	-0.98
0.675136	-0.659816	-0.98	-0.98	-0.98	0.98	-0.98
-0.085786	0.426958	-0.98	-0.98	-0.98	-0.98	0.98
0.684518	-0.526339	-0.98	-0.98	-0.98	0.98	-0.98
0.517886	0.088688	-0.98	-0.98	-0.98	-0.98	0.98
0.269588	-0.492600	-0.98	-0.98	-0.98	0.98	-0.98
0.668647	0.998236	-0.98	0.98	-0.98	-0.98	-0.98
0.881230	-0.926893	-0.98	-0.98	-0.98	0.98	-0.98
0.075464	0.376903	-0.98	-0.98	-0.98	-0.98	0.98
0.066311	-0.899350	-0.98	-0.98	-0.98	-0.98	0.98
0.396071	0.431998	-0.98	0.98	-0.98	-0.98	-0.98
-0.884544	0.043759	-0.98	-0.98	-0.98	-0.98	0.98
-0.094336	0.438591	-0.98	-0.98	-0.98	-0.98	0.98
0.389636	-0.516610	-0.98	-0.98	-0.98	0.98	-0.98
0.474506	-0.198634	-0.98	-0.98	-0.98	0.98	-0.98
0.459293	0.240108	-0.98	0.98	-0.98	-0.98	-0.98
-0.946345	0.854608	0.98	-0.98	-0.98	-0.98	-0.98
-0.264663	0.057371	-0.98	-0.98	-0.98	-0.98	0.98
-0.846874	0.254833	0.98	-0.98	-0.98	-0.98	-0.98
-0.353765	0.226375	0.98	-0.98	-0.98	-0.98	-0.98
0.786568	0.810040	-0.98	0.98	-0.98	-0.98	-0.98
-0.178148	0.978910	0.98	-0.98	-0.98	-0.98	-0.98
-0.070214	-0.912374	-0.98	-0.98	-0.98	-0.98	0.98
-0.202401	0.198538	0.98	-0.98	-0.98	-0.98	-0.98
0.548088	-0.990079	-0.98	-0.98	-0.98	0.98	-0.98
-0.080592	0.661202	-0.98	-0.98	-0.98	-0.98	0.98
-0.859670	0.955680	0.98	-0.98	-0.98	-0.98	-0.98
-0.820753	0.900239	0.98	-0.98	-0.98	-0.98	-0.98
-0.645594	-0.029731	-0.98	-0.98	-0.98	-0.98	0.98
-0.968334	0.376373	0.98	-0.98	-0.98	-0.98	-0.98
0.784494	-0.085373	-0.98	-0.98	-0.98	-0.98	0.98
-0.725726	0.117768	0.98	-0.98	-0.98	-0.98	-0.98
-0.699048	0.629455	0.98	-0.98	-0.98	-0.98	-0.98
0.432885	0.098819	-0.98	-0.98	-0.98	-0.98	0.98
-0.129894	0.654126	0.98	-0.98	-0.98	-0.98	-0.98
-0.516795	0.799293	0.98	-0.98	-0.98	-0.98	-0.98
-0.966710	0.592033	0.98	-0.98	-0.98	-0.98	-0.98
-0.134760	0.713329	0.98	-0.98	-0.98	-0.98	-0.98
0.048830	0.001364	-0.98	-0.98	-0.98	-0.98	0.98
-0.403249	0.328088	0.98	-0.98	-0.98	-0.98	-0.98
-0.870529	0.992330	0.98	-0.98	-0.98	-0.98	-0.98
0.038991	0.605836	-0.98	-0.98	-0.98	-0.98	0.98
-0.208666	0.448979	0.98	-0.98	-0.98	-0.98	-0.98
-0.107992	0.596441	0.98	-0.98	-0.98	-0.98	-0.98
-0.273593	0.027702	-0.98	-0.98	-0.98	-0.98	0.98
-0.762469	0.018414	-0.98	-0.98	-0.98	-0.98	0.98
-0.229712	0.093607	-0.98	-0.98	-0.98	-0.98	0.98
-0.051328	0.320862	-0.98	-0.98	-0.98	-0.98	0.98
-0.401973	-0.013953	-0.98	-0.98	-0.98	-0.98	0.98
0.011255	0.216067	-0.98	-0.98	-0.98	-0.98	0.98
-0.397097	-0.099600	-0.98	-0.98	-0.98	-0.98	0.98
-0.049468	-0.439964	-0.98	-0.98	-0.98	-0.98	0.98
-0.072528	-0.186087	-0.98	-0.98	-0.98	-0.98	0.98
-0.116573	0.075348	-0.98	-0.98	-0.98	-0.98	0.98
0.043034	-0.126722	-0.98	-0.98	-0.98	-0.98	0.98
-0.721806	0.049770	-0.98	-0.98	-0.98	-0.98	0.98
-0.099278	0.039868	-0.98	-0.98	-0.98	-0.98	0.98
0.018625	-0.609933	-0.98	-0.98	-0.98	-0.98	0.98
0.089848	0.044934	-0.98	-0.98	-0.98	-0.98	0.98
