-0.325491	-0.639679	-0.98	-0.98	0.98	-0.98	-0.98
-0.174649	-0.405794	-0.98	-0.98	0.98	-0.98	-0.98
0.756466	0.027059	-0.98	-0.98	-0.98	-0.98	0.98
0.474742	0.603720	-0.98	0.98	-0.98	-0.98	-0.98
0.606685	0.948565	-0.98	0.98	-0.98	-0.98	-0.98
0.122345	-0.835061	-0.98	-0.98	-0.98	0.98	-0.98
0.191263	0.903557	-0.98	0.98	-0.98	-0.98	-0.98
-0.905983	-0.343536	-0.98	-0.98	0.98	-0.98	-0.98
0.224549	-0.550535	-0.98	-0.98	-0.98	0.98	-0.98
-0.577838	-0.613686	-0.98	-0.98	0.98	-0.98	-0.98
-0.903579	0.733562	0.98	-0.98	-0.98	-0.98	-0.98
0.041559	0.446414	-0.98	-0.98	-0.98	-0.98	0.98
0.377379	-0.137516	-0.98	-0.98	-0.98	0.98	-0.98
0.537171	0.397279	-0.98	0.98	-0.98	-0.98	-0.98
-0.675041	0.344202	0.98	-0.98	-0.98	-0.98	-0.98
-0.695108	0.961607	0.98	-0.98	-0.98	-0.98	-0.98
-0.587468	-0.349050	-0.98	-0.98	0.98	-0.98	-0.98
0.061416	-0.256933	-0.98	-0.98	-0.98	-0.98	0.98
-0.566966	-0.610900	-0.98	-0.98	0.98	-0.98	-0.98
0.176428	-0.427681	-0.98	-0.98	-0.98	0.98	-0.98
0.666495	-0.037352	-0.98	-0.98	-0.98	-0.98	0.98
0.768833	0.877791	-0.98	0.98	-0.98	-0.98	-0.98
0.256692	0.327276	-0.98	0.98	-0.98	-0.98	-0.98
0.701317	0.899684	-0.98	0.98	-0.98	-0.98	-0.98
0.372758	-0.940906	-0.98	-0.98	-0.98	0.98	-0.98
-0.096728	0.715502	-0.98	-0.98	-0.98	-0.98	0.98
-0.764814	0.499905	0.98	-0.98	-0.98	-0.98	-0.98
0.497981	0.497901	-0.98	0.98	-0.98	-0.98	-0.98
-0.171046	0.658633	0.98	-0.98	-0.98	-0.98	-0.98
-0.581661	0.194219	0.98	-0.98	-0.98	-0.98	-0.98
0.254616	0.571317	-0.98	0.98	-0.98	-0.98	-0.98
0.615633	-0.057020	-0.98	-0.98	-0.98	-0.98	0.98
0.089058	0.303529	-0.98	-0.98	-0.98	-0.98	0.98
-0.694458	-0.569868	-0.98	-0.98	0.98	-0.98	-0.98
-0.126876	0.123042	0.98	-0.98	-0.98	-0.98	-0.98
-0.008695	0.152280	-0.98	-0.98	-0.98	-0.98	0.98
0.229255	-0.491869	-0.98	-0.98	-0.98	0.98	-0.98
0.454164	0.030826	-0.98	-0.98	-0.98	-0.98	0.98
-0.153993	0.135277	0.98	-0.98	-0.98	-0.98	-0.98
0.845168	0.062281	-0.98	-0.98	-0.98	-0.98	0.98
0.315791	-0.344073	-0.98	-0.98	-0.98	0.98	-0.98
0.753824	-0.469890	-0.98	-0.98	-0.98	0.98	-0.98
-0.886919	-0.094582	-0.98	-0.98	-0.98	-0.98	0.98
0.391494	-0.658470	-0.98	-0.98	-0.98	0.98	-0.98
-0.487310	-0.471575	-0.98	-0.98	0.98	-0.98	-0.98
-0.221533	0.610816	0.98	-0.98	-0.98	-0.98	-0.98
-0.355037	-0.007247	-0.98	-0.98	-0.98	-0.98	0.98
-0.721068	-0.848406	-0.98	-0.98	0.98	-0.98	-0.98
0.933227	0.175994	-0.98	0.98	-0.98	-0.98	-0.98
-0.086775	-0.877158	-0.98	-0.98	-0.98	-0.98	0.98
0.845418	-0.327602	-0.98	-0.98	-0.98	0.98	-0.98
-0.622093	-0.959720	-0.98	-0.98	0.98	-0.98	-0.98
-0.121585	-0.722840	-0.98	-0.98	0.98	-0.98	-0.98
0.330314	0.900713	-0.98	0.98	-0.98	-0.98	-0.98
-0.451214	0.619704	0.98	-0.98	-0.98	-0.98	-0.98
-0.397861	-0.758630	-0.98	-0.98	0.98	-0.98	-0.98
0.974686	0.585718	-0.98	0.98	-0.98	-0.98	-0.98
-0.565831	-0.249262	-0.98	-0.98	0.98	-0.98	-0.98
-0.434794	0.742223	0.98	-0.98	-0.98	-0.98	-0.98
0.247928	0.879390	-0.98	0.98	-0.98	-0.98	-0.98
-0.176975	0.018232	-0.98	-0.98	-0.98	-0.98	0.98
-0.005641	0.060352	-0.98	-0.98	-0.98	-0.98	0.98
-0.927251	0.516854	0.98	-0.98	-0.98	-0.98	-0.98
-0.916707	-0.600891	-0.98	-0.98	0.98	-0.98	-0.98
0.886899	0.652301	-0.98	0.98	-0.98	-0.98	-0.98
0.170645	-0.659126	-0.98	-0.98	-0.98	0.98	-0.98
0.288011	-0.889875	-0.98	-0.98	-0.98	0.98	-0.98
0.342120	0.071355	-0.98	-0.98	-0.98	-0.98	0.98
0.216537	-0.454381	-0.98	-0.98	-0.98	0.98	-0.98
0.105492	-0.339469	-0.98	-0.98	-0.98	0.98	-0.98
-0.877873	0.565753	0.98	-0.98	-0.98	-0.98	-0.98
0.658125	-0.900584	-0.98	-0.98	-0.98	0.98	-0.98
0.649864	0.185175	-0.98	0.98	-0.98	-0.98	-0.98
-0.182281	-0.382533	-0.98	-0.98	0.98	-0.98	-0.98
-0.119824	-0.959882	-0.98	-0.98	0.98	-0.98	-0.98
0.484069	0.442744	-0.98	0.98	-0.98	-0.98	-0.98
-0.874610	-0.795419	-0.98	-0.98	0.98	-0.98	-0.98
-0.070163	0.442425	-0.98	-0.98	-0.98	-0.98	0.98
0.341497	-0.733740	-0.98	-0.98	-0.98	0.98	-0.98
-0.240639	-0.070456	-0.98	-0.98	-0.98	-0.98	0.98
0.410190	0.523552	-0.98	0.98	-0.98	-0.98	-0.98
-0.230572	-0.220148	-0.98	-0.98	0.98	-0.98	-0.98
0.142870	0.335420	-0.98	0.98	-0.98	-0.98	-0.98
-0.028473	-0.747076	-0.98	-0.98	-0.98	-0.98	0.98
-0.283883	-0.375672	-0.98	-0.98	0.98	-0.98	-0.98
-0.702102	-0.629594	-0.98	-0.98	0.98	-0.98	-0.98
-0.102335	-0.596251	-0.98	-0.98	0.98	-0.98	-0.98
0.067347	0.607329	-0.98	-0.98	-0.98	-0.98	0.98
-0.042272	-0.845486	-0.98	-0.98	-0.98	-0.98	0.98
0.092228	-0.990773	-0.98	-0.98	-0.98	-0.98	0.98
0.005315	-0.348607	-0.98	-0.98	-0.98	-0.98	0.98
0.652023	0.959192	-0.98	0.98	-0.98	-0.98	-0.98
-0.659372	0.737627	0.98	-0.98	-0.98	-0.98	-0.98
0.712146	-0.224631	-0.98	-0.98	-0.98	0.98	-0.98
0.908148	-0.811128	-0.98	-0.98	-0.98	0.98	-0.98
0.333435	-0.447938	-0.98	-0.98	-0.98	0.98	-0.98
-0.153002	-0.807660	-0.98	-0.98	0.98	-0.98	-0.98
-0.198107	-0.990354	-0.98	-0.98	0.98	-0.98	-0.98
0.290071	-0.228234	-0.98	-0.98	-0.98	0.98	-0.98
0.677577	-0.424170	-0.98	-0.98	-0.98	0.98	-0.98
-0.774522	0.271583	0.98	-0.98	-0.98	-0.98	-0.98
-0.398134	0.180860	0.98	-0.98	-0.98	-0.98	-0.98
-0.770720	-0.388750	-0.98	-0.98	0.98	-0.98	-0.98
0.493240	-0.720442	-0.98	-0.98	-0.98	0.98	-0.98
0.764904	0.444790	-0.98	0.98	-0.98	-0.98	-0.98
0.344933	-0.914251	-0.98	-0.98	-0.98	0.98	-0.98
-0.965645	-0.767967	-0.98	-0.98	0.98	-0.98	-0.98
0.489611	0.788616	-0.98	0.98	-0.98	-0.98	-0.98
-0.468048	0.286599	0.98	-0.98	-0.98	-0.98	-0.98
0.818755	0.937081	-0.98	0.98	-0.98	-0.98	-0.98
-0.711139	-0.595747	-0.98	-0.98	0.98	-0.98	-0.98
-0.666178	0.136148	0.98	-0.98	-0.98	-0.98	-0.98
0.994447	0.490118	-0.98	0.98	-0.98	-0.98	-0.98
0.171752	0.096645	-0.98	-0.98	-0.98	-0.98	0.98
-0.613869	-0.958382	-0.98	-0.98	0.98	-0.98	-0.98
0.529453	-0.638227	-0.98	-0.98	-0.98	0.98	-0.98
0.428477	-0.498869	-0.98	-0.98	-0.98	0.98	-0.98
-0.859634	-0.896182	-0.98	-0.98	0.98	-0.98	-0.98
-0.863720	-0.210792	-0.98	-0.98	0.98	-0.98	-0.98
-0.195872	-0.331461	-0.98	-0.98	0.98	-0.98	-0.98
0.867109	-0.217752	-0.98	-0.98	-0.98	0.98	-0.98
0.702596	-0.412186	-0.98	-0.98	-0.98	0.98	-0.98
0.974097	0.000988	-0.98	-0.98	-0.98	-0.98	0.98
-0.371673	0.936023	0.98	-0.98	-0.98	-0.98	-0.98
0.423573	-0.385652	-0.98	-0.98	-0.98	0.98	-0.98
0.536824	0.976822	-0.98	0.98	-0.98	-0.98	-0.98
-0.093992	0.100523	-0.98	-0.98	-0.98	-0.98	0.98
0.832364	0.214813	-0.98	0.98	-0.98	-0.98	-0.98
-0.569281	-0.246588	-0.98	-0.98	0.98	-0.98	-0.98
-0.133177	0.346011	0.98	-0.98	-0.98	-0.98	-0.98
-0.279551	0.362021	0.98	-0.98	-0.98	-0.98	-0.98
0.396599	-0.424923	-0.98	-0.98	-0.98	0.98	-0.98
-0.511129	0.814961	0.98	-0.98	-0.98	-0.98	-0.98
-0.569577	-0.234938	-0.98	-0.98	0.98	-0.98	-0.98
0.071613	0.358315	-0.98	-0.98	-0.98	-0.98	0.98
-0.968604	-0.096437	-0.98	-0.98	-0.98	-0.98	0.98
-0.917508	-0.365124	-0.98	-0.98	0.98	-0.98	-0.98
0.437953	-0.333411	-0.98	-0.98	-0.98	0.98	-0.98
-0.636056	-0.214736	-0.98	-0.98	0.98	-0.98	-0.98
-0.858386	0.893609	0.98	-0.98	-0.98	-0.98	-0.98
-0.878670	0.213750	0.98	-0.98	-0.98	-0.98	-0.98
-0.274822	-0.433371	-0.98	-0.98	0.98	-0.98	-0.98
0.067031	-0.589492	-0.98	-0.98	-0.98	-0.98	0.98
0.225340	0.479418	-0.98	0.98	-0.98	-0.98	-0.98
0.392941	0.287553	-0.98	0.98	-0.98	-0.98	-0.98
-0.725955	-0.980143	-0.98	-0.98	0.98	-0.98	-0.98
0.741795	0.993126	-0.98	0.98	-0.98	-0.98	-0.98
0.971806	0.565638	-0.98	0.98	-0.98	-0.98	-0.98
-0.586763	0.455149	0.98	-0.98	-0.98	-0.98	-0.98
0.715294	-0.154693	-0.98	-0.98	-0.98	0.98	-0.98
-0.431323	-0.239206	-0.98	-0.98	0.98	-0.98	-0.98
0.425910	0.012879	-0.98	-0.98	-0.98	-0.98	0.98
0.145886	0.048753	-0.98	-0.98	-0.98	-0.98	0.98
0.483014	-0.931908	-0.98	-0.98	-0.98	0.98	-0.98
-0.060364	-0.803961	-0.98	-0.98	-0.98	-0.98	0.98
-0.559992	0.170046	0.98	-0.98	-0.98	-0.98	-0.98
0.165388	-0.745635	-0.98	-0.98	-0.98	0.98	-0.98
0.663250	0.048920	-0.98	-0.98	-0.98	-0.98	0.98
0.072903	-0.591943	-0.98	-0.98	-0.98	-0.98	0.98
-0.213248	0.153705	0.98	-0.98	-0.98	-0.98	-0.98
-0.333292	0.753614	0.98	-0.98	-0.98	-0.98	-0.98
-0.528927	-0.540549	-0.98	-0.98	0.98	-0.98	-0.98
-0.554831	0.860708	0.98	-0.98	-0.98	-0.98	-0.98
0.030277	0.889612	-0.98	-0.98	-0.98	-0.98	0.98
-0.494829	-0.517122	-0.98	-0.98	0.98	-0.98	-0.98
0.680650	0.351775	-0.98	0.98	-0.98	-0.98	-0.98
-0.966267	-0.683093	-0.98	-0.98	0.98	-0.98	-0.98
0.219855	0.995092	-0.98	0.98	-0.98	-0.98	-0.98
0.193088	0.116663	-0.98	0.98	-0.98	-0.98	-0.98
-0.800360	-0.808246	-0.98	-0.98	0.98	-0.98	-0.98
-0.389184	-0.012773	-0.98	-0.98	-0.98	-0.98	0.98
-0.160473	0.880718	0.98	-0.98	-0.98	-0.98	-0.98
0.746094	-0.921649	-0.98	-0.98	-0.98	0.98	-0.98
0.325449	-0.944682	-0.98	-0.98	-0.98	0.98	-0.98
0.438429	0.402379	-0.98	0.98	-0.98	-0.98	-0.98
-0.528826	-0.382694	-0.98	-0.98	0.98	-0.98	-0.98
0.850015	0.154565	-0.98	0.98	-0.98	-0.98	-0.98
0.576632	0.665724	-0.98	0.98	-0.98	-0.98	-0.98
-0.741076	-0.684970	-0.98	-0.98	0.98	-0.98	-0.98
-0.919029	0.014901	-0.98	-0.98	-0.98	-0.98	0.98
0.881833	0.200462	-0.98	0.98	-0.98	-0.98	-0.98
0.526411	0.653317	-0.98	0.98	-0.98	-0.98	-0.98
0.196050	0.861379	-0.98	0.98	-0.98	-0.98	-0.98
0.595016	-0.103127	-0.98	-0.98	-0.98	0.98	-0.98
-0.467407	0.558539	0.98	-0.98	-0.98	-0.98	-0.98
-0.581138	-0.142881	-0.98	-0.98	0.98	-0.98	-0.98
0.400964	-0.620104	-0.98	-0.98	-0.98	0.98	-0.98
-0.108613	-0.273795	-0.98	-0.98	0.98	-0.98	-0.98
-0.337278	0.261149	0.98	-0.98	-0.98	-0.98	-0.98
-0.999750	-0.594801	-0.98	-0.98	0.98	-0.98	-0.98
-0.295562	0.333647	0.98	-0.98	-0.98	-0.98	-0.98
-0.758158	0.612230	0.98	-0.98	-0.98	-0.98	-0.98
-0.554334	-0.523520	-0.98	-0.98	0.98	-0.98	-0.98
-0.187310	-0.411837	-0.98	-0.98	0.98	-0.98	-0.98
-0.259555	0.416523	0.98	-0.98	-0.98	-0.98	-0.98
-0.731689	-0.835112	-0.98	-0.98	0.98	-0.98	-0.98
-0.194019	0.809446	0.98	-0.98	-0.98	-0.98	-0.98
-0.575685	-0.057759	-0.98	-0.98	-0.98	-0.98	0.98
0.850959	0.347817	-0.98	0.98	-0.98	-0.98	-0.98
-0.831004	0.228839	0.98	-0.98	-0.98	-0.98	-0.98
-0.886783	-0.555820	-0.98	-0.98	0.98	-0.98	-0.98
0.408875	-0.880267	-0.98	-0.98	-0.98	0.98	-0.98
0.746790	0.267171	-0.98	0.98	-0.98	-0.98	-0.98
-0.423675	-0.351379	-0.98	-0.98	0.98	-0.98	-0.98
0.834619	-0.079333	-0.98	-0.98	-0.98	-0.98	0.98
0.445333	-0.588885	-0.98	-0.98	-0.98	0.98	-0.98
0.638819	-0.733056	-0.98	-0.98	-0.98	0.98	-0.98
0.035179	0.694961	-0.98	-0.98	-0.98	-0.98	0.98
0.881116	0.983229	-0.98	0.98	-0.98	-0.98	-0.98
-0.691186	-0.194633	-0.98	-0.98	0.98	-0.98	-0.98
-0.675504	-0.539040	-0.98	-0.98	0.98	-0.98	-0.98
-0.074617	0.124582	-0.98	-0.98	-0.98	-0.98	0.98
0.439715	0.891697	-0.98	0.98	-0.98	-0.98	-0.98
-0.669261	-0.968268	-0.98	-0.98	0.98	-0.98	-0.98
-0.691899	0.532541	0.98	-0.98	-0.98	-0.98	-0.98
0.132977	0.742012	-0.98	0.98	-0.98	-0.98	-0.98
-0.526477	0.894450	0.98	-0.98	-0.98	-0.98	-0.98
0.862570	0.597044	-0.98	0.98	-0.98	-0.98	-0.98
-0.831943	0.177942	0.98	-0.98	-0.98	-0.98	-0.98
-0.744610	-0.229644	-0.98	-0.98	0.98	-0.98	-0.98
-0.580705	0.616388	0.98	-0.98	-0.98	-0.98	-0.98
0.512141	-0.667650	-0.98	-0.98	-0.98	0.98	-0.98
0.170523	0.165909	-0.98	0.98	-0.98	-0.98	-0.98
-0.564318	-0.806159	-0.98	-0.98	0.98	-0.98	-0.98
-0.677915	0.648294	0.98	-0.98	-0.98	-0.98	-0.98
-0.806206	-0.732004	-0.98	-0.98	0.98	-0.98	-0.98
0.777002	0.957172	-0.98	0.98	-0.98	-0.98	-0.98
-0.169785	-0.011360	-0.98	-0.98	-0.98	-0.98	0.98
-0.414457	-0.405117	-0.98	-0.98	0.98	-0.98	-0.98
0.761472	-0.662481	-0.98	-0.98	-0.98	0.98	-0.98
-0.759157	-0.987575	-0.98	-0.98	0.98	-0.98	-0.98
-0.884504	0.090337	-0.98	-0.98	-0.98	-0.98	0.98
0.294348	-0.053496	-0.98	-0.98	-0.98	-0.98	0.98
-0.180618	0.761582	0.98	-0.98	-0.98	-0.98	-0.98
0.623116	0.903442	-0.98	0.98	-0.98	-0.98	-0.98
0.427318	-0.685986	-0.98	-0.98	-0.98	0.98	-0.98
-0.927684	-0.860727	-0.98	-0.98	0.98	-0.98	-0.98
0.664728	0.131434	-0.98	0.98	-0.98	-0.98	-0.98
0.289556	-0.673009	-0.98	-0.98	-0.98	0.98	-0.98
-0.301816	-0.226126	-0.98	-0.98	0.98	-0.98	-0.98
0.749829	0.859817	-0.98	0.98	-0.98	-0.98	-0.98
-0.223789	0.798331	0.98	-0.98	-0.98	-0.98	-0.98
0.230371	-0.291157	-0.98	-0.98	-0.98	0.98	-0.98
0.132916	-0.180551	-0.98	-0.98	-0.98	0.98	-0.98
-0.865514	0.833361	0.98	-0.98	-0.98	-0.98	-0.98
0.240272	-0.880013	-0.98	-0.98	-0.98	0.98	-0.98
0.149958	0.138590	-0.98	0.98	-0.98	-0.98	-0.98
0.776003	0.908680	-0.98	0.98	-0.98	-0.98	-0.98
0.166924	0.962512	-0.98	0.98	-0.98	-0.98	-0.98
0.131160	0.776382	-0.98	0.98	-0.98	-0.98	-0.98
-0.372548	0.862133	0.98	-0.98	-0.98	-0.98	-0.98
-0.180605	-0.406073	-0.98	-0.98	0.98	-0.98	-0.98
-0.329540	0.055453	-0.98	-0.98	-0.98	-0.98	0.98
-0.515955	0.008856	-0.98	-0.98	-0.98	-0.98	0.98
-0.926715	-0.841672	-0.98	-0.98	0.98	-0.98	-0.98
-0.200001	0.271118	0.98	-0.98	-0.98	-0.98	-0.98
0.988308	0.419814	-0.98	0.98	-0.98	-0.98	-0.98
0.103397	0.119220	-0.98	0.98	-0.98	-0.98	-0.98
-0.682932	-0.891013	-0.98	-0.98	0.98	-0.98	-0.98
-0.948770	-0.611024	-0.98	-0.98	0.98	-0.98	-0.98
-0.313176	0.198979	0.98	-0.98	-0.98	-0.98	-0.98
-0.135448	-0.628582	-0.98	-0.98	0.98	-0.98	-0.98
-0.919788	0.314529	0.98	-0.98	-0.98	-0.98	-0.98
-0.769775	0.125501	0.98	-0.98	-0.98	-0.98	-0.98
0.941019	0.013432	-0.98	-0.98	-0.98	-0.98	0.98
-0.169112	0.727010	0.98	-0.98	-0.98	-0.98	-0.98
-0.852990	0.422263	0.98	-0.98	-0.98	-0.98	-0.98
0.881236	0.154734	-0.98	0.98	-0.98	-0.98	-0.98
-0.002227	-0.572304	-0.98	-0.98	-0.98	-0.98	0.98
0.701992	0.020591	-0.98	-0.98	-0.98	-0.98	0.98
0.766915	-0.286956	-0.98	-0.98	-0.98	0.98	-0.98
-0.701979	-0.460924	-0.98	-0.98	0.98	-0.98	-0.98
0.763867	0.620178	-0.98	0.98	-0.98	-0.98	-0.98
0.437024	-0.237522	-0.98	-0.98	-0.98	0.98	-0.98
-0.737596	0.204718	0.98	-0.98	-0.98	-0.98	-0.98
-0.403715	-0.331045	-0.98	-0.98	0.98	-0.98	-0.98
0.662196	-0.713155	-0.98	-0.98	-0.98	0.98	-0.98
0.164281	0.338541	-0.98	0.98	-0.98	-0.98	-0.98
0.303201	-0.857223	-0.98	-0.98	-0.98	0.98	-0.98
-0.811571	0.954651	0.98	-0.98	-0.98	-0.98	-0.98
0.672541	0.246584	-0.98	0.98	-0.98	-0.98	-0.98
0.187606	-0.313615	-0.98	-0.98	-0.98	0.98	-0.98
-0.595510	0.353587	0.98	-0.98	-0.98	-0.98	-0.98
-0.224711	-0.891257	-0.98	-0.98	0.98	-0.98	-0.98
0.985194	0.167431	-0.98	0.98	-0.98	-0.98	-0.98
-0.861193	-0.115610	-0.98	-0.98	0.98	-0.98	-0.98
-0.859283	-0.393416	-0.98	-0.98	0.98	-0.98	-0.98
-0.648837	-0.615788	-0.98	-0.98	0.98	-0.98	-0.98
-0.521792	0.141755	0.98	-0.98	-0.98	-0.98	-0.98
0.527125	-0.276904	-0.98	-0.98	-0.98	0.98	-0.98
0.519827	0.843216	-0.98	0.98	-0.98	-0.98	-0.98
0.908320	-0.873131	-0.98	-0.98	-0.98	0.98	-0.98
-0.312875	-0.487668	-0.98	-0.98	0.98	-0.98	-0.98
-0.114841	0.393653	0.98	-0.98	-0.98	-0.98	-0.98
-0.134084	0.043161	-0.98	-0.98	-0.98	-0.98	0.98
-0.277889	0.826481	0.98	-0.98	-0.98	-0.98	-0.98
0.780955	-0.744292	-0.98	-0.98	-0.98	0.98	-0.98
0.107179	-0.927493	-0.98	-0.98	-0.98	0.98	-0.98
-0.946426	-0.152367	-0.98	-0.98	0.98	-0.98	-0.98
0.515548	-0.696855	-0.98	-0.98	-0.98	0.98	-0.98
-0.071960	-0.382361	-0.98	-0.98	-0.98	-0.98	0.98
-0.757512	-0.892852	-0.98	-0.98	0.98	-0.98	-0.98
0.951990	0.039938	-0.98	-0.98	-0.98	-0.98	0.98
-0.114118	-0.341282	-0.98	-0.98	0.98	-0.98	-0.98
-0.339780	-0.847971	-0.98	-0.98	0.98	-0.98	-0.98
0.923844	0.232581	-0.98	0.98	-0.98	-0.98	-0.98
-0.549575	-0.417772	-0.98	-0.98	0.98	-0.98	-0.98
0.468342	-0.711874	-0.98	-0.98	-0.98	0.98	-0.98
0.986804	-0.245638	-0.98	-0.98	-0.98	0.98	-0.98
0.985717	0.890759	-0.98	0.98	-0.98	-0.98	-0.98
0.841678	0.051004	-0.98	-0.98	-0.98	-0.98	0.98
-0.194092	0.495276	0.98	-0.98	-0.98	-0.98	-0.98
0.735006	-0.059289	-0.98	-0.98	-0.98	-0.98	0.98
-0.515624	-0.312675	-0.98	-0.98	0.98	-0.98	-0.98
0.325117	0.495705	-0.98	0.98	-0.98	-0.98	-0.98
-0.859900	-0.183758	-0.98	-0.98	0.98	-0.98	-0.98
0.561900	-0.905985	-0.98	-0.98	-0.98	0.98	-0.98
-0.316269	-0.976220	-0.98	-0.98	0.98	-0.98	-0.98
-0.279653	0.879578	0.98	-0.98	-0.98	-0.98	-0.98
0.453363	-0.916321	-0.98	-0.98	-0.98	0.98	-0.98
-0.884677	0.322610	0.98	-0.98	-0.98	-0.98	-0.98
-0.614589	-0.218667	-0.98	-0.98	0.98	-0.98	-0.98
-0.571262	0.557798	0.98	-0.98	-0.98	-0.98	-0.98
-0.314405	0.202684	0.98	-0.98	-0.98	-0.98	-0.98
0.289417	-0.407022	-0.98	-0.98	-0.98	0.98	-0.98
0.141328	0.138834	-0.98	0.98	-0.98	-0.98	-0.98
0.943691	0.591301	-0.98	0.98	-0.98	-0.98	-0.98
-0.312182	0.857889	0.98	-0.98	-0.98	-0.98	-0.98
0.395836	0.206732	-0.98	0.98	-0.98	-0.98	-0.98
0.653571	-0.345158	-0.98	-0.98	-0.98	0.98	-0.98
-0.099497	-0.596136	-0.98	-0.98	-0.98	-0.98	0.98
0.787956	-0.881201	-0.98	-0.98	-0.98	0.98	-0.98
0.632441	0.406577	-0.98	0.98	-0.98	-0.98	-0.98
0.554923	-0.913681	-0.98	-0.98	-0.98	0.98	-0.98
-0.051110	0.470242	-0.98	-0.98	-0.98	-0.98	0.98
-0.831991	0.291026	0.98	-0.98	-0.98	-0.98	-0.98
0.431368	0.741639	-0.98	0.98	-0.98	-0.98	-0.98
0.655810	0.234972	-0.98	0.98	-0.98	-0.98	-0.98
0.316916	0.772802	-0.98	0.98	-0.98	-0.98	-0.98
-0.124384	0.109871	0.98	-0.98	-0.98	-0.98	-0.98
0.315783	-0.951707	-0.98	-0.98	-0.98	0.98	-0.98
-0.713031	0.816891	0.98	-0.98	-0.98	-0.98	-0.98
-0.449460	0.663862	0.98	-0.98	-0.98	-0.98	-0.98
0.073564	0.877383	-0.98	-0.98	-0.98	-0.98	0.98
0.014803	0.361029	-0.98	-0.98	-0.98	-0.98	0.98
0.980907	-0.754448	-0.98	-0.98	-0.98	0.98	-0.98
-0.506678	-0.141879	-0.98	-0.98	0.98	-0.98	-0.98
0.842168	0.991625	-0.98	0.98	-0.98	-0.98	-0.98
-0.033214	-0.148438	-0.98	-0.98	-0.98	-0.98	0.98
0.598174	0.215743	-0.98	0.98	-0.98	-0.98	-0.98
0.181265	0.034267	-0.98	-0.98	-0.98	-0.98	0.98
-0.830345	0.258995	0.98	-0.98	-0.98	-0.98	-0.98
0.720406	0.422537	-0.98	0.98	-0.98	-0.98	-0.98
0.300823	-0.156637	-0.98	-0.98	-0.98	0.98	-0.98
0.353464	0.575905	-0.98	0.98	-0.98	-0.98	-0.98
0.771408	-0.717732	-0.98	-0.98	-0.98	0.98	-0.98
-0.242095	0.247498	0.98	-0.98	-0.98	-0.98	-0.98
-0.131608	0.278088	0.98	-0.98	-0.98	-0.98	-0.98
0.297314	-0.717404	-0.98	-0.98	-0.98	0.98	-0.98
-0.461617	-0.470417	-0.98	-0.98	0.98	-0.98	-0.98
-0.839111	0.257223	0.98	-0.98	-0.98	-0.98	-0.98
-0.404672	0.986173	0.98	-0.98	-0.98	-0.98	-0.98
-0.120853	-0.571473	-0.98	-0.98	0.98	-0.98	-0.98
-0.649715	0.584619	0.98	-0.98	-0.98	-0.98	-0.98
0.283002	-0.824744	-0.98	-0.98	-0.98	0.98	-0.98
0.364184	0.516205	-0.98	0.98	-0.98	-0.98	-0.98
-0.972047	-0.364050	-0.98	-0.98	0.98	-0.98	-0.98
-0.102241	-0.880213	-0.98	-0.98	0.98	-0.98	-0.98
0.925256	0.480897	-0.98	0.98	-0.98	-0.98	-0.98
-0.241768	-0.568516	-0.98	-0.98	0.98	-0.98	-0.98
-0.780784	-0.322984	-0.98	-0.98	0.98	-0.98	-0.98
-0.560826	-0.488477	-0.98	-0.98	0.98	-0.98	-0.98
0.621732	-0.435366	-0.98	-0.98	-0.98	0.98	-0.98
0.286544	0.001146	-0.98	-0.98	-0.98	-0.98	0.98
-0.716574	-0.093203	-0.98	-0.98	-0.98	-0.98	0.98
0.936871	-0.839520	-0.98	-0.98	-0.98	0.98	-0.98
-0.758576	0.943918	0.98	-0.98	-0.98	-0.98	-0.98
0.022868	0.542900	-0.98	-0.98	-0.98	-0.98	0.98
-0.529275	-0.044466	-0.98	-0.98	-0.98	-0.98	0.98
-0.255691	0.899018	0.98	-0.98	-0.98	-0.98	-0.98
-0.875301	-0.865918	-0.98	-0.98	0.98	-0.98	-0.98
-0.260928	-0.274562	-0.98	-0.98	0.98	-0.98	-0.98
0.719102	-0.655346	-0.98	-0.98	-0.98	0.98	-0.98
0.895709	-0.274513	-0.98	-0.98	-0.98	0.98	-0.98
0.010524	0.971145	-0.98	-0.98	-0.98	-0.98	0.98
-0.382000	0.185190	0.98	-0.98	-0.98	-0.98	-0.98
0.494548	0.020905	-0.98	-0.98	-0.98	-0.98	0.98
-0.947910	-0.648343	-0.98	-0.98	0.98	-0.98	-0.98
0.635210	0.614525	-0.98	0.98	-0.98	-0.98	-0.98
0.383656	0.274210	-0.98	0.98	-0.98	-0.98	-0.98
0.330895	0.982868	-0.98	0.98	-0.98	-0.98	-0.98
0.116379	-0.880608	-0.98	-0.98	-0.98	0.98	-0.98
0.475208	-0.140318	-0.98	-0.98	-0.98	0.98	-0.98
-0.466285	-0.193762	-0.98	-0.98	0.98	-0.98	-0.98
-0.402185	0.120828	0.98	-0.98	-0.98	-0.98	-0.98
0.459799	0.380161	-0.98	0.98	-0.98	-0.98	-0.98
0.514325	0.644589	-0.98	0.98	-0.98	-0.98	-0.98
-0.084937	0.482815	-0.98	-0.98	-0.98	-0.98	0.98
-0.406944	0.809910	0.98	-0.98	-0.98	-0.98	-0.98
-0.197279	-0.872551	-0.98	-0.98	0.98	-0.98	-0.98
0.598066	-0.927975	-0.98	-0.98	-0.98	0.98	-0.98
0.171897	0.553825	-0.98	0.98	-0.98	-0.98	-0.98
0.710454	-0.246180	-0.98	-0.98	-0.98	0.98	-0.98
0.848355	0.883568	-0.98	0.98	-0.98	-0.98	-0.98
0.785966	-0.180890	-0.98	-0.98	-0.98	0.98	-0.98
-0.011797	0.580567	-0.98	-0.98	-0.98	-0.98	0.98
-0.969729	-0.386443	-0.98	-0.98	0.98	-0.98	-0.98
-0.297921	0.681471	0.98	-0.98	-0.98	-0.98	-0.98
0.229490	-0.929030	-0.98	-0.98	-0.98	0.98	-0.98
0.404966	0.336465	-0.98	0.98	-0.98	-0.98	-0.98
-0.978178	0.688994	0.98	-0.98	-0.98	-0.98	-0.98
0.761696	0.952467	-0.98	0.98	-0.98	-0.98	-0.98
-0.681539	0.274119	0.98	-0.98	-0.98	-0.98	-0.98
-0.189991	-0.442304	-0.98	-0.98	0.98	-0.98	-0.98
0.612623	-0.479077	-0.98	-0.98	-0.98	0.98	-0.98
0.525996	0.840120	-0.98	0.98	-0.98	-0.98	-0.98
-0.158357	-0.677486	-0.98	-0.98	0.98	-0.98	-0.98
-0.012537	-0.272572	-0.98	-0.98	-0.98	-0.98	0.98
-0.829294	0.158025	0.98	-0.98	-0.98	-0.98	-0.98
0.829007	0.147257	-0.98	0.98	-0.98	-0.98	-0.98
0.476196	0.965289	-0.98	0.98	-0.98	-0.98	-0.98
-0.307205	-0.441294	-0.98	-0.98	0.98	-0.98	-0.98
-0.152977	0.426132	0.98	-0.98	-0.98	-0.98	-0.98
0.581008	0.779957	-0.98	0.98	-0.98	-0.98	-0.98
0.664819	-0.485154	-0.98	-0.98	-0.98	0.98	-0.98
0.467777	0.319651	-0.98	0.98	-0.98	-0.98	-0.98
-0.095046	-0.123069	-0.98	-0.98	-0.98	-0.98	0.98
-0.552231	0.438621	0.98	-0.98	-0.98	-0.98	-0.98
-0.549006	0.150759	0.98	-0.98	-0.98	-0.98	-0.98
0.337603	-0.072921	-0.98	-0.98	-0.98	-0.98	0.98
-0.407308	0.751523	0.98	-0.98	-0.98	-0.98	-0.98
0.308852	-0.286863	-0.98	-0.98	-0.98	0.98	-0.98
-0.854019	-0.035795	-0.98	-0.98	-0.98	-0.98	0.98
0.182122	-0.484315	-0.98	-0.98	-0.98	0.98	-0.98
-0.250956	0.158998	0.98	-0.98	-0.98	-0.98	-0.98
-0.303344	-0.421854	-0.98	-0.98	0.98	-0.98	-0.98
-0.991928	0.833796	0.98	-0.98	-0.98	-0.98	-0.98
-0.606492	-0.336295	-0.98	-0.98	0.98	-0.98	-0.98
0.527004	-0.244000	-0.98	-0.98	-0.98	0.98	-0.98
-0.329748	-0.773863	-0.98	-0.98	0.98	-0.98	-0.98
0.400453	-0.337587	-0.98	-0.98	-0.98	0.98	-0.98
0.576676	0.379216	-0.98	0.98	-0.98	-0.98	-0.98
-0.116417	-0.062961	-0.98	-0.98	-0.98	-0.98	0.98
0.988369	-0.864648	-0.98	-0.98	-0.98	0.98	-0.98
-0.349383	-0.743015	-0.98	-0.98	0.98	-0.98	-0.98
0.851791	0.731512	-0.98	0.98	-0.98	-0.98	-0.98
-0.922490	0.882038	0.98	-0.98	-0.98	-0.98	-0.98
-0.438139	-0.468616	-0.98	-0.98	0.98	-0.98	-0.98
0.425928	-0.416744	-0.98	-0.98	-0.98	0.98	-0.98
0.802015	0.588467	-0.98	0.98	-0.98	-0.98	-0.98
0.765685	-0.579280	-0.98	-0.98	-0.98	0.98	-0.98
0.563795	-0.115105	-0.98	-0.98	-0.98	0.98	-0.98
-0.653768	0.560453	0.98	-0.98	-0.98	-0.98	-0.98
-0.805674	-0.133469	-0.98	-0.98	0.98	-0.98	-0.98
-0.725670	0.560543	0.98	-0.98	-0.98	-0.98	-0.98
-0.271908	0.438052	0.98	-0.98	-0.98	-0.98	-0.98
0.446160	-0.442039	-0.98	-0.98	-0.98	0.98	-0.98
0.470601	-0.297356	-0.98	-0.98	-0.98	0.98	-0.98
-0.407946	-0.266964	-0.98	-0.98	0.98	-0.98	-0.98
-0.552694	-0.498672	-0.98	-0.98	0.98	-0.98	-0.98
-0.831093	-0.007599	-0.98	-0.98	-0.98	-0.98	0.98
0.377963	-0.653497	-0.98	-0.98	-0.98	0.98	-0.98
0.950277	-0.789741	-0.98	-0.98	-0.98	0.98	-0.98
0.747641	-0.076543	-0.98	-0.98	-0.98	-0.98	0.98
-0.117019	0.164420	0.98	-0.98	-0.98	-0.98	-0.98
0.464684	0.787011	-0.98	0.98	-0.98	-0.98	-0.98
0.566850	0.662937	-0.98	0.98	-0.98	-0.98	-0.98
-0.569021	0.504959	0.98	-0.98	-0.98	-0.98	-0.98
0.574219	0.650099	-0.98	0.98	-0.98	-0.98	-0.98
-0.811950	-0.431856	-0.98	-0.98	0.98	-0.98	-0.98
0.541061	-0.811946	-0.98	-0.98	-0.98	0.98	-0.98
-0.313501	0.867685	0.98	-0.98	-0.98	-0.98	-0.98
0.252661	0.706406	-0.98	0.98	-0.98	-0.98	-0.98
-0.307508	0.877013	0.98	-0.98	-0.98	-0.98	-0.98
0.344803	-0.994020	-0.98	-0.98	-0.98	0.98	-0.98
-0.597674	0.295351	0.98	-0.98	-0.98	-0.98	-0.98
0.330869	0.711676	-0.98	0.98	-0.98	-0.98	-0.98
0.971114	0.122480	-0.98	0.98	-0.98	-0.98	-0.98
-0.514584	-0.427241	-0.98	-0.98	0.98	-0.98	-0.98
0.682778	0.167809	-0.98	0.98	-0.98	-0.98	-0.98
-0.555751	-0.002366	-0.98	-0.98	-0.98	-0.98	0.98
0.555063	0.173830	-0.98	0.98	-0.98	-0.98	-0.98
0.134913	0.672600	-0.98	0.98	-0.98	-0.98	-0.98
-0.428875	-0.725018	-0.98	-0.98	0.98	-0.98	-0.98
0.247027	-0.795685	-0.98	-0.98	-0.98	0.98	-0.98
-0.356837	0.538694	0.98	-0.98	-0.98	-0.98	-0.98
0.087565	0.035696	-0.98	-0.98	-0.98	-0.98	0.98
0.638708	-0.614364	-0.98	-0.98	-0.98	0.98	-0.98
0.784719	-0.450766	-0.98	-0.98	-0.98	0.98	-0.98
-0.057624	-0.851166	-0.98	-0.98	-0.98	-0.98	0.98
0.216880	-0.207744	-0.98	-0.98	-0.98	0.98	-0.98
-0.237775	0.533278	0.98	-0.98	-0.98	-0.98	-0.98
-0.825385	-0.386237	-0.98	-0.98	0.98	-0.98	-0.98
-0.203551	0.588579	0.98	-0.98	-0.98	-0.98	-0.98
0.366366	-0.625224	-0.98	-0.98	-0.98	0.98	-0.98
-0.636566	-0.068537	-0.98	-0.98	-0.98	-0.98	0.98
0.375054	0.808573	-0.98	0.98	-0.98	-0.98	-0.98
0.409889	0.701872	-0.98	0.98	-0.98	-0.98	-0.98
-0.245640	0.543761	0.98	-0.98	-0.98	-0.98	-0.98
-0.272072	-0.761249	-0.98	-0.98	0.98	-0.98	-0.98
0.138407	-0.264991	-0.98	-0.98	-0.98	0.98	-0.98
0.415225	0.191080	-0.98	0.98	-0.98	-0.98	-0.98
0.193097	-0.414683	-0.98	-0.98	-0.98	0.98	-0.98
0.649052	0.464223	-0.98	0.98	-0.98	-0.98	-0.98
-0.441378	0.986916	0.98	-0.98	-0.98	-0.98	-0.98
-0.434180	0.830961	0.98	-0.98	-0.98	-0.98	-0.98
-0.730279	-0.152577	-0.98	-0.98	0.98	-0.98	-0.98
0.009443	0.811540	-0.98	-0.98	-0.98	-0.98	0.98
0.448508	0.168809	-0.98	0.98	-0.98	-0.98	-0.98
-0.555545	0.944916	0.98	-0.98	-0.98	-0.98	-0.98
-0.708374	-0.506104	-0.98	-0.98	0.98	-0.98	-0.98
-0.149172	0.612370	0.98	-0.98	-0.98	-0.98	-0.98
0.730614	-0.268691	-0.98	-0.98	-0.98	0.98	-0.98
0.662706	-0.362742	-0.98	-0.98	-0.98	0.98	-0.98
0.020023	0.638996	-0.98	-0.98	-0.98	-0.98	0.98
-0.341653	-0.283784	-0.98	-0.98	0.98	-0.98	-0.98
0.761897	-0.913041	-0.98	-0.98	-0.98	0.98	-0.98
-0.776384	0.861373	0.98	-0.98	-0.98	-0.98	-0.98
0.616675	0.618703	-0.98	0.98	-0.98	-0.98	-0.98
-0.793450	-0.377101	-0.98	-0.98	0.98	-0.98	-0.98
-0.074169	0.458345	-0.98	-0.98	-0.98	-0.98	0.98
0.828956	0.700659	-0.98	0.98	-0.98	-0.98	-0.98
-0.312686	-0.914514	-0.98	-0.98	0.98	-0.98	-0.98
-0.361054	0.065777	-0.98	-0.98	-0.98	-0.98	0.98
-0.979697	0.297098	0.98	-0.98	-0.98	-0.98	-0.98
-0.811046	0.709688	0.98	-0.98	-0.98	-0.98	-0.98
-0.801285	-0.879320	-0.98	-0.98	0.98	-0.98	-0.98
0.173263	0.085553	-0.98	-0.98	-0.98	-0.98	0.98
0.109601	0.970443	-0.98	0.98	-0.98	-0.98	-0.98
-0.300588	-0.504223	-0.98	-0.98	0.98	-0.98	-0.98
-0.843030	0.504905	0.98	-0.98	-0.98	-0.98	-0.98
0.597773	-0.713654	-0.98	-0.98	-0.98	0.98	-0.98
-0.630496	0.621028	0.98	-0.98	-0.98	-0.98	-0.98
0.868782	0.702887	-0.98	0.98	-0.98	-0.98	-0.98
-0.496375	0.192366	0.98	-0.98	-0.98	-0.98	-0.98
-0.934041	-0.908522	-0.98	-0.98	0.98	-0.98	-0.98
-0.510942	-0.282660	-0.98	-0.98	0.98	-0.98	-0.98
0.640904	0.005239	-0.98	-0.98	-0.98	-0.98	0.98
-0.854835	0.254359	0.98	-0.98	-0.98	-0.98	-0.98
0.653678	-0.537681	-0.98	-0.98	-0.98	0.98	-0.98
0.628545	0.366263	-0.98	0.98	-0.98	-0.98	-0.98
-0.530626	0.409270	0.98	-0.98	-0.98	-0.98	-0.98
-0.071062	0.075803	-0.98	-0.98	-0.98	-0.98	0.98
0.032469	-0.384498	-0.98	-0.98	-0.98	-0.98	0.98
0.992125	-0.587139	-0.98	-0.98	-0.98	0.98	-0.98
-0.608340	0.101523	0.98	-0.98	-0.98	-0.98	-0.98
0.851179	0.716957	-0.98	0.98	-0.98	-0.98	-0.98
-0.192647	0.812704	0.98	-0.98	-0.98	-0.98	-0.98
-0.690634	0.384342	0.98	-0.98	-0.98	-0.98	-0.98
0.816464	-0.249377	-0.98	-0.98	-0.98	0.98	-0.98
0.174558	0.305575	-0.98	0.98	-0.98	-0.98	-0.98
-0.691923	-0.586341	-0.98	-0.98	0.98	-0.98	-0.98
-0.077292	0.319542	-0.98	-0.98	-0.98	-0.98	0.98
0.167727	0.472541	-0.98	0.98	-0.98	-0.98	-0.98
-0.155504	0.910244	0.98	-0.98	-0.98	-0.98	-0.98
-0.000741	-0.103652	-0.98	-0.98	-0.98	-0.98	0.98
0.060887	0.978927	-0.98	-0.98	-0.98	-0.98	0.98
0.146978	-0.079998	-0.98	-0.98	-0.98	-0.98	0.98
0.797938	0.956690	-0.98	0.98	-0.98	-0.98	-0.98
-0.787517	0.826318	0.98	-0.98	-0.98	-0.98	-0.98
-0.628591	0.504283	0.98	-0.98	-0.98	-0.98	-0.98
0.754594	-0.088389	-0.98	-0.98	-0.98	-0.98	0.98
-0.841721	-0.402896	-0.98	-0.98	0.98	-0.98	-0.98
-0.348376	0.744883	0.98	-0.98	-0.98	-0.98	-0.98
-0.880771	-0.089583	-0.98	-0.98	-0.98	-0.98	0.98
-0.756021	-0.995101	-0.98	-0.98	0.98	-0.98	-0.98
-0.486625	0.846032	0.98	-0.98	-0.98	-0.98	-0.98
-0.277638	-0.688135	-0.98	-0.98	0.98	-0.98	-0.98
0.318060	0.622898	-0.98	0.98	-0.98	-0.98	-0.98
0.241896	-0.482472	-0.98	-0.98	-0.98	0.98	-0.98
0.959896	0.555056	-0.98	0.98	-0.98	-0.98	-0.98
0.796744	0.968068	-0.98	0.98	-0.98	-0.98	-0.98
-0.060625	0.265743	-0.98	-0.98	-0.98	-0.98	0.98
-0.344788	0.605897	0.98	-0.98	-0.98	-0.98	-0.98
-0.263719	-0.363092	-0.98	-0.98	0.98	-0.98	-0.98
0.264734	0.119115	-0.98	0.98	-0.98	-0.98	-0.98
0.320524	0.078385	-0.98	-0.98	-0.98	-0.98	0.98
0.079486	0.348364	-0.98	-0.98	-0.98	-0.98	0.98
-0.538997	-0.053567	-0.98	-0.98	-0.98	-0.98	0.98
0.674472	-0.413494	-0.98	-0.98	-0.98	0.98	-0.98
0.558858	-0.761806	-0.98	-0.98	-0.98	0.98	-0.98
-0.480346	0.057831	-0.98	-0.98	-0.98	-0.98	0.98
-0.851821	-0.770363	-0.98	-0.98	0.98	-0.98	-0.98
-0.896602	0.082041	-0.98	-0.98	-0.98	-0.98	0.98
0.127094	-0.061029	-0.98	-0.98	-0.98	-0.98	0.98
-0.265401	-0.980972	-0.98	-0.98	0.98	-0.98	-0.98
-0.045489	0.978917	-0.98	-0.98	-0.98	-0.98	0.98
0.863805	0.173748	-0.98	0.98	-0.98	-0.98	-0.98
-0.001839	0.359744	-0.98	-0.98	-0.98	-0.98	0.98
0.848758	-0.900290	-0.98	-0.98	-0.98	0.98	-0.98
0.200983	0.327255	-0.98	0.98	-0.98	-0.98	-0.98
-0.566904	0.903923	0.98	-0.98	-0.98	-0.98	-0.98
0.858384	0.120683	-0.98	0.98	-0.98	-0.98	-0.98
0.652918	0.870149	-0.98	0.98	-0.98	-0.98	-0.98
0.915856	-0.405868	-0.98	-0.98	-0.98	0.98	-0.98
0.469614	0.720977	-0.98	0.98	-0.98	-0.98	-0.98
-0.321388	0.082550	-0.98	-0.98	-0.98	-0.98	0.98
-0.365901	-0.085625	-0.98	-0.98	-0.98	-0.98	0.98
-0.053345	-0.505927	-0.98	-0.98	-0.98	-0.98	0.98
0.836526	0.974914	-0.98	0.98	-0.98	-0.98	-0.98
0.411061	0.698212	-0.98	0.98	-0.98	-0.98	-0.98
0.043723	-0.078432	-0.98	-0.98	-0.98	-0.98	0.98
-0.678375	-0.108820	-0.98	-0.98	0.98	-0.98	-0.98
0.540432	0.506692	-0.98	0.98	-0.98	-0.98	-0.98
-0.538363	-0.448152	-0.98	-0.98	0.98	-0.98	-0.98
0.717010	0.699041	-0.98	0.98	-0.98	-0.98	-0.98
0.947271	-0.092793	-0.98	-0.98	-0.98	-0.98	0.98
-0.009555	0.543154	-0.98	-0.98	-0.98	-0.98	0.98
-0.840182	-0.208135	-0.98	-0.98	0.98	-0.98	-0.98
-0.933294	0.526373	0.98	-0.98	-0.98	-0.98	-0.98
-0.277347	-0.494178	-0.98	-0.98	0.98	-0.98	-0.98
0.140586	-0.612715	-0.98	-0.98	-0.98	0.98	-0.98
-0.809167	0.955413	0.98	-0.98	-0.98	-0.98	-0.98
-0.803515	-0.390861	-0.98	-0.98	0.98	-0.98	-0.98
0.873963	0.908920	-0.98	0.98	-0.98	-0.98	-0.98
0.215629	0.730068	-0.98	0.98	-0.98	-0.98	-0.98
0.281059	-0.432740	-0.98	-0.98	-0.98	0.98	-0.98
0.193493	0.935507	-0.98	0.98	-0.98	-0.98	-0.98
-0.983049	0.429126	0.98	-0.98	-0.98	-0.98	-0.98
0.589080	-0.218903	-0.98	-0.98	-0.98	0.98	-0.98
-0.397410	-0.472551	-0.98	-0.98	0.98	-0.98	-0.98
-0.002465	0.659248	-0.98	-0.98	-0.98	-0.98	0.98
-0.858791	-0.300890	-0.98	-0.98	0.98	-0.98	-0.98
-0.280120	0.014162	-0.98	-0.98	-0.98	-0.98	0.98
0.301464	-0.231325	-0.98	-0.98	-0.98	0.98	-0.98
-0.765333	0.712604	0.98	-0.98	-0.98	-0.98	-0.98
0.607543	0.168570	-0.98	0.98	-0.98	-0.98	-0.98
-0.216664	-0.151244	-0.98	-0.98	0.98	-0.98	-0.98
0.813288	-0.121669	-0.98	-0.98	-0.98	0.98	-0.98
0.289570	-0.022593	-0.98	-0.98	-0.98	-0.98	0.98
-0.361184	0.301551	0.98	-0.98	-0.98	-0.98	-0.98
-0.117434	0.046570	-0.98	-0.98	-0.98	-0.98	0.98
-0.027030	-0.363740	-0.98	-0.98	-0.98	-0.98	0.98
0.828413	-0.283909	-0.98	-0.98	-0.98	0.98	-0.98
0.213964	-0.295207	-0.98	-0.98	-0.98	0.98	-0.98
-0.110705	-0.983352	-0.98	-0.98	0.98	-0.98	-0.98
0.285627	0.963760	-0.98	0.98	-0.98	-0.98	-0.98
0.353601	-0.908634	-0.98	-0.98	-0.98	0.98	-0.98
-0.235199	-0.545565	-0.98	-0.98	0.98	-0.98	-0.98
-0.235455	0.040516	-0.98	-0.98	-0.98	-0.98	0.98
-0.904320	-0.981442	-0.98	-0.98	0.98	-0.98	-0.98
-0.391053	0.075906	-0.98	-0.98	-0.98	-0.98	0.98
0.370179	0.989846	-0.98	0.98	-0.98	-0.98	-0.98
0.206707	-0.376633	-0.98	-0.98	-0.98	0.98	-0.98
-0.135334	0.748390	0.98	-0.98	-0.98	-0.98	-0.98
0.360302	0.658532	-0.98	0.98	-0.98	-0.98	-0.98
0.559552	0.816177	-0.98	0.98	-0.98	-0.98	-0.98
-0.488630	-0.258170	-0.98	-0.98	0.98	-0.98	-0.98
0.573010	-0.280365	-0.98	-0.98	-0.98	0.98	-0.98
0.786287	0.419517	-0.98	0.98	-0.98	-0.98	-0.98
0.062589	0.879684	-0.98	-0.98	-0.98	-0.98	0.98
0.861991	-0.735126	-0.98	-0.98	-0.98	0.98	-0.98
0.155472	-0.323477	-0.98	-0.98	-0.98	0.98	-0.98
-0.239868	0.527257	0.98	-0.98	-0.98	-0.98	-0.98
-0.129627	-0.016637	-0.98	-0.98	-0.98	-0.98	0.98
0.445755	-0.380319	-0.98	-0.98	-0.98	0.98	-0.98
-0.282150	0.346136	0.98	-0.98	-0.98	-0.98	-0.98
0.134612	-0.546813	-0.98	-0.98	-0.98	0.98	-0.98
-0.693086	-0.337075	-0.98	-0.98	0.98	-0.98	-0.98
-0.759623	0.640283	0.98	-0.98	-0.98	-0.98	-0.98
-0.930893	-0.585200	-0.98	-0.98	0.98	-0.98	-0.98
-0.940442	-0.057468	-0.98	-0.98	-0.98	-0.98	0.98
-0.664602	-0.380562	-0.98	-0.98	0.98	-0.98	-0.98
-0.892714	-0.311345	-0.98	-0.98	0.98	-0.98	-0.98
-0.157492	0.937047	0.98	-0.98	-0.98	-0.98	-0.98
-0.354065	-0.984327	-0.98	-0.98	0.98	-0.98	-0.98
0.840122	-0.206690	-0.98	-0.98	-0.98	0.98	-0.98
0.890416	-0.591862	-0.98	-0.98	-0.98	0.98	-0.98
-0.484150	0.301028	0.98	-0.98	-0.98	-0.98	-0.98
-0.150718	0.221862	0.98	-0.98	-0.98	-0.98	-0.98
0.549191	0.661843	-0.98	0.98	-0.98	-0.98	-0.98
0.668179	-0.203691	-0.98	-0.98	-0.98	0.98	-0.98
0.518391	0.331639	-0.98	0.98	-0.98	-0.98	-0.98
-0.646658	-0.657686	-0.98	-0.98	0.98	-0.98	-0.98
0.570341	0.300218	-0.98	0.98	-0.98	-0.98	-0.98
0.176216	-0.854807	-0.98	-0.98	-0.98	0.98	-0.98
-0.327552	-0.130462	-0.98	-0.98	0.98	-0.98	-0.98
-0.837878	0.404281	0.98	-0.98	-0.98	-0.98	-0.98
-0.675287	-0.892523	-0.98	-0.98	0.98	-0.98	-0.98
0.878226	-0.208804	-0.98	-0.98	-0.98	0.98	-0.98
-0.596444	-0.688495	-0.98	-0.98	0.98	-0.98	-0.98
-0.023091	-0.981176	-0.98	-0.98	-0.98	-0.98	0.98
-0.042979	-0.573519	-0.98	-0.98	-0.98	-0.98	0.98
-0.136620	0.360103	0.98	-0.98	-0.98	-0.98	-0.98
-0.362943	-0.613866	-0.98	-0.98	0.98	-0.98	-0.98
0.418870	-0.569496	-0.98	-0.98	-0.98	0.98	-0.98
0.827345	0.554767	-0.98	0.98	-0.98	-0.98	-0.98
-0.303273	-0.564084	-0.98	-0.98	0.98	-0.98	-0.98
-0.657822	-0.625268	-0.98	-0.98	0.98	-0.98	-0.98
-0.293335	-0.348591	-0.98	-0.98	0.98	-0.98	-0.98
-0.401801	0.726875	0.98	-0.98	-0.98	-0.98	-0.98
0.581367	-0.238381	-0.98	-0.98	-0.98	0.98	-0.98
0.542844	-0.138510	-0.98	-0.98	-0.98	0.98	-0.98
0.390072	0.351543	-0.98	0.98	-0.98	-0.98	-0.98
0.269333	0.663972	-0.98	0.98	-0.98	-0.98	-0.98
-0.351364	-0.702204	-0.98	-0.98	0.98	-0.98	-0.98
-0.347527	-0.137824	-0.98	-0.98	0.98	-0.98	-0.98
-0.584384	0.416523	0.98	-0.98	-0.98	-0.98	-0.98
0.830812	0.830187	-0.98	0.98	-0.98	-0.98	-0.98
-0.929275	0.163878	0.98	-0.98	-0.98	-0.98	-0.98
0.308542	0.312151	-0.98	0.98	-0.98	-0.98	-0.98
-0.831038	0.676062	0.98	-0.98	-0.98	-0.98	-0.98
0.292271	0.238409	-0.98	0.98	-0.98	-0.98	-0.98
0.329237	-0.825422	-0.98	-0.98	-0.98	0.98	-0.98
0.239255	-0.139045	-0.98	-0.98	-0.98	0.98	-0.98
-0.044303	-0.496903	-0.98	-0.98	-0.98	-0.98	0.98
-0.616105	-0.286345	-0.98	-0.98	0.98	-0.98	-0.98
0.035227	0.493568	-0.98	-0.98	-0.98	-0.98	0.98
0.679459	0.704543	-0.98	0.98	-0.98	-0.98	-0.98
0.564098	0.634447	-0.98	0.98	-0.98	-0.98	-0.98
-0.818691	-0.980817	-0.98	-0.98	0.98	-0.98	-0.98
-0.604417	0.704514	0.98	-0.98	-0.98	-0.98	-0.98
0.998929	0.277814	-0.98	0.98	-0.98	-0.98	-0.98
-0.022182	-0.771206	-0.98	-0.98	-0.98	-0.98	0.98
0.619151	0.761927	-0.98	0.98	-0.98	-0.98	-0.98
-0.210652	-0.856392	-0.98	-0.98	0.98	-0.98	-0.98
0.836623	0.689919	-0.98	0.98	-0.98	-0.98	-0.98
-0.680475	0.109100	0.98	-0.98	-0.98	-0.98	-0.98
0.632295	-0.266419	-0.98	-0.98	-0.98	0.98	-0.98
0.191976	0.776987	-0.98	0.98	-0.98	-0.98	-0.98
0.982738	-0.539280	-0.98	-0.98	-0.98	0.98	-0.98
-0.065882	0.000774	-0.98	-0.98	-0.98	-0.98	0.98
0.433323	0.256169	-0.98	0.98	-0.98	-0.98	-0.98
0.901198	0.625820	-0.98	0.98	-0.98	-0.98	-0.98
0.223233	0.055975	-0.98	-0.98	-0.98	-0.98	0.98
-0.768395	0.517138	0.98	-0.98	-0.98	-0.98	-0.98
-0.744202	0.859549	0.98	-0.98	-0.98	-0.98	-0.98
0.210446	-0.259383	-0.98	-0.98	-0.98	0.98	-0.98
-0.475514	-0.575506	-0.98	-0.98	0.98	-0.98	-0.98
0.559821	0.543627	-0.98	0.98	-0.98	-0.98	-0.98
0.572993	0.836857	-0.98	0.98	-0.98	-0.98	-0.98
-0.711052	0.124477	0.98	-0.98	-0.98	-0.98	-0.98
0.224029	0.737346	-0.98	0.98	-0.98	-0.98	-0.98
-0.599908	0.599162	0.98	-0.98	-0.98	-0.98	-0.98
-0.822409	-0.638339	-0.98	-0.98	0.98	-0.98	-0.98
-0.472125	0.418753	0.98	-0.98	-0.98	-0.98	-0.98
0.544161	-0.910644	-0.98	-0.98	-0.98	0.98	-0.98
-0.769898	0.726516	0.98	-0.98	-0.98	-0.98	-0.98
0.147279	-0.107251	-0.98	-0.98	-0.98	0.98	-0.98
0.717192	-0.626227	-0.98	-0.98	-0.98	0.98	-0.98
-0.206387	-0.585231	-0.98	-0.98	0.98	-0.98	-0.98
-0.664544	0.009105	-0.98	-0.98	-0.98	-0.98	0.98
0.907872	-0.936664	-0.98	-0.98	-0.98	0.98	-0.98
0.007954	0.357373	-0.98	-0.98	-0.98	-0.98	0.98
-0.522537	-0.085958	-0.98	-0.98	-0.98	-0.98	0.98
0.468108	-0.354708	-0.98	-0.98	-0.98	0.98	-0.98
0.967922	0.692646	-0.98	0.98	-0.98	-0.98	-0.98
0.266456	0.686218	-0.98	0.98	-0.98	-0.98	-0.98
0.717878	-0.777749	-0.98	-0.98	-0.98	0.98	-0.98
-0.367130	0.417261	0.98	-0.98	-0.98	-0.98	-0.98
0.300353	0.066619	-0.98	-0.98	-0.98	-0.98	0.98
0.921037	0.516593	-0.98	0.98	-0.98	-0.98	-0.98
-0.954177	-0.180600	-0.98	-0.98	0.98	-0.98	-0.98
-0.435118	0.907940	0.98	-0.98	-0.98	-0.98	-0.98
-0.990475	-0.209265	-0.98	-0.98	0.98	-0.98	-0.98
0.814210	-0.346736	-0.98	-0.98	-0.98	0.98	-0.98
0.408111	0.707235	-0.98	0.98	-0.98	-0.98	-0.98
-0.656939	0.025932	-0.98	-0.98	-0.98	-0.98	0.98
-0.893663	0.053774	-0.98	-0.98	-0.98	-0.98	0.98
0.149468	0.618042	-0.98	0.98	-0.98	-0.98	-0.98
0.519784	0.654303	-0.98	0.98	-0.98	-0.98	-0.98
0.610057	-0.707506	-0.98	-0.98	-0.98	0.98	-0.98
-0.275384	0.034189	-0.98	-0.98	-0.98	-0.98	0.98
0.458669	0.472516	-0.98	0.98	-0.98	-0.98	-0.98
0.324465	0.890970	-0.98	0.98	-0.98	-0.98	-0.98
-0.305278	0.369226	0.98	-0.98	-0.98	-0.98	-0.98
0.696765	-0.424287	-0.98	-0.98	-0.98	0.98	-0.98
0.602362	0.820070	-0.98	0.98	-0.98	-0.98	-0.98
0.581564	-0.355318	-0.98	-0.98	-0.98	0.98	-0.98
-0.825739	0.116536	0.98	-0.98	-0.98	-0.98	-0.98
-0.627790	0.270573	0.98	-0.98	-0.98	-0.98	-0.98
0.673472	-0.779402	-0.98	-0.98	-0.98	0.98	-0.98
-0.825772	0.697998	0.98	-0.98	-0.98	-0.98	-0.98
-0.005051	-0.540735	-0.98	-0.98	-0.98	-0.98	0.98
0.303487	0.861681	-0.98	0.98	-0.98	-0.98	-0.98
-0.482291	-0.249581	-0.98	-0.98	0.98	-0.98	-0.98
0.994235	0.827624	-0.98	0.98	-0.98	-0.98	-0.98
0.123782	-0.292442	-0.98	-0.98	-0.98	0.98	-0.98
0.670539	-0.529869	-0.98	-0.98	-0.98	0.98	-0.98
-0.989931	-0.948632	-0.98	-0.98	0.98	-0.98	-0.98
-0.754138	0.566648	0.98	-0.98	-0.98	-0.98	-0.98
-0.763442	0.935673	0.98	-0.98	-0.98	-0.98	-0.98
-0.394974	-0.373891	-0.98	-0.98	0.98	-0.98	-0.98
-0.390037	-0.906948	-0.98	-0.98	0.98	-0.98	-0.98
0.499356	-0.137048	-0.98	-0.98	-0.98	0.98	-0.98
0.584072	0.386163	-0.98	0.98	-0.98	-0.98	-0.98
-0.338610	0.350095	0.98	-0.98	-0.98	-0.98	-0.98
-0.631656	-0.245950	-0.98	-0.98	0.98	-0.98	-0.98
0.417320	-0.754483	-0.98	-0.98	-0.98	0.98	-0.98
-0.387409	-0.042472	-0.98	-0.98	-0.98	-0.98	0.98
-0.657844	-0.436905	-0.98	-0.98	0.98	-0.98	-0.98
0.945452	-0.334184	-0.98	-0.98	-0.98	0.98	-0.98
-0.556030	-0.541160	-0.98	-0.98	0.98	-0.98	-0.98
0.607995	0.272602	-0.98	0.98	-0.98	-0.98	-0.98
-0.637670	-0.374367	-0.98	-0.98	0.98	-0.98	-0.98
0.830555	-0.295056	-0.98	-0.98	-0.98	0.98	-0.98
0.752788	0.628712	-0.98	0.98	-0.98	-0.98	-0.98
-0.559935	0.571257	0.98	-0.98	-0.98	-0.98	-0.98
-0.251374	0.909692	0.98	-0.98	-0.98	-0.98	-0.98
0.674139	-0.765659	-0.98	-0.98	-0.98	0.98	-0.98
0.984920	0.379130	-0.98	0.98	-0.98	-0.98	-0.98
-0.082993	-0.565900	-0.98	-0.98	-0.98	-0.98	0.98
0.116302	0.157126	-0.98	0.98	-0.98	-0.98	-0.98
-0.528750	-0.189081	-0.98	-0.98	0.98	-0.98	-0.98
0.187860	0.239857	-0.98	0.98	-0.98	-0.98	-0.98
-0.596914	0.487202	0.98	-0.98	-0.98	-0.98	-0.98
-0.266681	-0.798821	-0.98	-0.98	0.98	-0.98	-0.98
0.144527	0.085756	-0.98	-0.98	-0.98	-0.98	0.98
0.494028	0.743207	-0.98	0.98	-0.98	-0.98	-0.98
0.393536	-0.871214	-0.98	-0.98	-0.98	0.98	-0.98
0.097544	-0.916829	-0.98	-0.98	-0.98	-0.98	0.98
-0.127889	-0.588433	-0.98	-0.98	0.98	-0.98	-0.98
-0.042541	0.516051	-0.98	-0.98	-0.98	-0.98	0.98
-0.418790	0.352731	0.98	-0.98	-0.98	-0.98	-0.98
-0.255484	-0.956953	-0.98	-0.98	0.98	-0.98	-0.98
-0.247463	0.355220	0.98	-0.98	-0.98	-0.98	-0.98
0.381971	-0.691516	-0.98	-0.98	-0.98	0.98	-0.98
-0.151805	-0.663648	-0.98	-0.98	0.98	-0.98	-0.98
0.412749	0.933029	-0.98	0.98	-0.98	-0.98	-0.98
0.120161	-0.036069	-0.98	-0.98	-0.98	-0.98	0.98
-0.955949	0.214109	0.98	-0.98	-0.98	-0.98	-0.98
-0.076752	-0.564433	-0.98	-0.98	-0.98	-0.98	0.98
0.918131	-0.542785	-0.98	-0.98	-0.98	0.98	-0.98
-0.789753	-0.477001	-0.98	-0.98	0.98	-0.98	-0.98
0.574341	-0.190313	-0.98	-0.98	-0.98	0.98	-0.98
-0.165921	0.488883	0.98	-0.98	-0.98	-0.98	-0.98
0.705636	-0.891188	-0.98	-0.98	-0.98	0.98	-0.98
0.795755	-0.845616	-0.98	-0.98	-0.98	0.98	-0.98
-0.554865	-0.184918	-0.98	-0.98	0.98	-0.98	-0.98
0.750613	-0.007840	-0.98	-0.98	-0.98	-0.98	0.98
0.418866	0.007754	-0.98	-0.98	-0.98	-0.98	0.98
0.997871	-0.028034	-0.98	-0.98	-0.98	-0.98	0.98
0.888024	0.902303	-0.98	0.98	-0.98	-0.98	-0.98
0.001618	-0.563879	-0.98	-0.98	-0.98	-0.98	0.98
-0.675186	-0.785665	-0.98	-0.98	0.98	-0.98	-0.98
0.535106	0.001938	-0.98	-0.98	-0.98	-0.98	0.98
-0.553573	0.107737	0.98	-0.98	-0.98	-0.98	-0.98
0.961039	-0.949905	-0.98	-0.98	-0.98	0.98	-0.98
0.601156	-0.368195	-0.98	-0.98	-0.98	0.98	-0.98
-0.739717	-0.835978	-0.98	-0.98	0.98	-0.98	-0.98
0.345471	0.190656	-0.98	0.98	-0.98	-0.98	-0.98
-0.225406	0.588411	0.98	-0.98	-0.98	-0.98	-0.98
0.291695	0.604235	-0.98	0.98	-0.98	-0.98	-0.98
0.065404	-0.505644	-0.98	-0.98	-0.98	-0.98	0.98
-0.124999	0.602361	0.98	-0.98	-0.98	-0.98	-0.98
-0.546817	0.736359	0.98	-0.98	-0.98	-0.98	-0.98
0.897983	0.765299	-0.98	0.98	-0.98	-0.98	-0.98
0.072761	0.051244	-0.98	-0.98	-0.98	-0.98	0.98
-0.670635	0.723041	0.98	-0.98	-0.98	-0.98	-0.98
0.799670	-0.159629	-0.98	-0.98	-0.98	0.98	-0.98
-0.452586	-0.597523	-0.98	-0.98	0.98	-0.98	-0.98
0.870571	0.565895	-0.98	0.98	-0.98	-0.98	-0.98
0.856570	0.149816	-0.98	0.98	-0.98	-0.98	-0.98
-0.834961	0.126045	0.98	-0.98	-0.98	-0.98	-0.98
0.886276	-0.599144	-0.98	-0.98	-0.98	0.98	-0.98
0.253996	-0.992862	-0.98	-0.98	-0.98	0.98	-0.98
0.422643	-0.260311	-0.98	-0.98	-0.98	0.98	-0.98
-0.884926	-0.772285	-0.98	-0.98	0.98	-0.98	-0.98
-0.272322	-0.608337	-0.98	-0.98	0.98	-0.98	-0.98
0.630301	-0.565356	-0.98	-0.98	-0.98	0.98	-0.98
0.739020	0.852059	-0.98	0.98	-0.98	-0.98	-0.98
-0.667089	0.415550	0.98	-0.98	-0.98	-0.98	-0.98
-0.720978	-0.854779	-0.98	-0.98	0.98	-0.98	-0.98
-0.831458	0.155555	0.98	-0.98	-0.98	-0.98	-0.98
0.828844	0.522654	-0.98	0.98	-0.98	-0.98	-0.98
0.793441	-0.480321	-0.98	-0.98	-0.98	0.98	-0.98
-0.470247	-0.845590	-0.98	-0.98	0.98	-0.98	-0.98
-0.027464	-0.395404	-0.98	-0.98	-0.98	-0.98	0.98
-0.500043	-0.393831	-0.98	-0.98	0.98	-0.98	-0.98
-0.421155	-0.339366	-0.98	-0.98	0.98	-0.98	-0.98
-0.558930	0.531859	0.98	-0.98	-0.98	-0.98	-0.98
0.888118	-0.512232	-0.98	-0.98	-0.98	0.98	-0.98
0.928110	0.212951	-0.98	0.98	-0.98	-0.98	-0.98
-0.861678	0.820888	0.98	-0.98	-0.98	-0.98	-0.98
-0.346332	-0.759990	-0.98	-0.98	0.98	-0.98	-0.98
-0.823343	0.480650	0.98	-0.98	-0.98	-0.98	-0.98
-0.150106	0.836770	0.98	-0.98	-0.98	-0.98	-0.98
-0.741739	-0.644434	-0.98	-0.98	0.98	-0.98	-0.98
-0.884610	-0.890260	-0.98	-0.98	0.98	-0.98	-0.98
0.739769	0.180856	-0.98	0.98	-0.98	-0.98	-0.98
-0.536281	0.025764	-0.98	-0.98	-0.98	-0.98	0.98
-0.239847	-0.526895	-0.98	-0.98	0.98	-0.98	-0.98
0.165429	-0.639349	-0.98	-0.98	-0.98	0.98	-0.98
-0.335489	0.792174	0.98	-0.98	-0.98	-0.98	-0.98
0.377452	-0.502676	-0.98	-0.98	-0.98	0.98	-0.98
0.500111	-0.165219	-0.98	-0.98	-0.98	0.98	-0.98
-0.045351	-0.964216	-0.98	-0.98	-0.98	-0.98	0.98
-0.113337	-0.839540	-0.98	-0.98	0.98	-0.98	-0.98
0.827565	-0.789248	-0.98	-0.98	-0.98	0.98	-0.98
-0.361369	-0.073922	-0.98	-0.98	-0.98	-0.98	0.98
0.715484	0.499751	-0.98	0.98	-0.98	-0.98	-0.98
0.323963	-0.924555	-0.98	-0.98	-0.98	0.98	-0.98
-0.572491	-0.064044	-0.98	-0.98	-0.98	-0.98	0.98
0.151255	-0.458700	-0.98	-0.98	-0.98	0.98	-0.98
0.963152	0.120130	-0.98	0.98	-0.98	-0.98	-0.98
0.004940	-0.542195	-0.98	-0.98	-0.98	-0.98	0.98
0.339094	0.855336	-0.98	0.98	-0.98	-0.98	-0.98
0.824495	-0.360936	-0.98	-0.98	-0.98	0.98	-0.98
-0.350710	0.594259	0.98	-0.98	-0.98	-0.98	-0.98
0.771747	0.696729	-0.98	0.98	-0.98	-0.98	-0.98
-0.802030	-0.769947	-0.98	-0.98	0.98	-0.98	-0.98
0.035318	-0.714703	-0.98	-0.98	-0.98	-0.98	0.98
0.880201	-0.726126	-0.98	-0.98	-0.98	0.98	-0.98
-0.253596	-0.842546	-0.98	-0.98	0.98	-0.98	-0.98
-0.764922	-0.343092	-0.98	-0.98	0.98	-0.98	-0.98
-0.733248	-0.496447	-0.98	-0.98	0.98	-0.98	-0.98
-0.567896	0.155854	0.98	-0.98	-0.98	-0.98	-0.98
-0.201823	-0.331538	-0.98	-0.98	0.98	-0.98	-0.98
0.467152	-0.738375	-0.98	-0.98	-0.98	0.98	-0.98
-0.206153	-0.839697	-0.98	-0.98	0.98	-0.98	-0.98
-0.761816	0.695631	0.98	-0.98	-0.98	-0.98	-0.98
-0.928272	-0.239540	-0.98	-0.98	0.98	-0.98	-0.98
0.622325	0.628047	-0.98	0.98	-0.98	-0.98	-0.98
-0.391120	0.084389	-0.98	-0.98	-0.98	-0.98	0.98
-0.749147	0.464553	0.98	-0.98	-0.98	-0.98	-0.98
0.249045	-0.167206	-0.98	-0.98	-0.98	0.98	-0.98
-0.982563	0.552053	0.98	-0.98	-0.98	-0.98	-0.98
0.194306	0.287293	-0.98	0.98	-0.98	-0.98	-0.98
-0.554573	0.328667	0.98	-0.98	-0.98	-0.98	-0.98
0.126012	-0.199972	-0.98	-0.98	-0.98	0.98	-0.98
0.599233	0.987678	-0.98	0.98	-0.98	-0.98	-0.98
-0.345653	-0.447118	-0.98	-0.98	0.98	-0.98	-0.98
0.764338	-0.035129	-0.98	-0.98	-0.98	-0.98	0.98
-0.409511	-0.921093	-0.98	-0.98	0.98	-0.98	-0.98
-0.261859	0.542912	0.98	-0.98	-0.98	-0.98	-0.98
0.809947	0.335484	-0.98	0.98	-0.98	-0.98	-0.98
-0.459026	0.845202	0.98	-0.98	-0.98	-0.98	-0.98
0.866505	-0.800034	-0.98	-0.98	-0.98	0.98	-0.98
0.797059	0.641434	-0.98	0.98	-0.98	-0.98	-0.98
0.395476	-0.146705	-0.98	-0.98	-0.98	0.98	-0.98
-0.633147	0.281453	0.98	-0.98	-0.98	-0.98	-0.98
0.285537	0.717143	-0.98	0.98	-0.98	-0.98	-0.98
-0.900519	0.405685	0.98	-0.98	-0.98	-0.98	-0.98
-0.518490	-0.435799	-0.98	-0.98	0.98	-0.98	-0.98
0.442571	0.784568	-0.98	0.98	-0.98	-0.98	-0.98
0.532673	-0.187112	-0.98	-0.98	-0.98	0.98	-0.98
-0.668368	0.424491	0.98	-0.98	-0.98	-0.98	-0.98
-0.078352	0.013624	-0.98	-0.98	-0.98	-0.98	0.98
0.056763	0.000471	-0.98	-0.98	-0.98	-0.98	0.98
0.603917	-0.465003	-0.98	-0.98	-0.98	0.98	-0.98
0.551083	-0.823142	-0.98	-0.98	-0.98	0.98	-0.98
-0.597080	-0.567038	-0.98	-0.98	0.98	-0.98	-0.98
-0.561108	0.813041	0.98	-0.98	-0.98	-0.98	-0.98
0.474560	-0.426198	-0.98	-0.98	-0.98	0.98	-0.98
0.150099	0.300389	-0.98	0.98	-0.98	-0.98	-0.98
-0.521053	-0.710581	-0.98	-0.98	0.98	-0.98	-0.98
0.380641	0.564211	-0.98	0.98	-0.98	-0.98	-0.98
0.248521	0.581357	-0.98	0.98	-0.98	-0.98	-0.98
-0.563295	-0.824118	-0.98	-0.98	0.98	-0.98	-0.98
0.460967	0.917145	-0.98	0.98	-0.98	-0.98	-0.98
0.968671	0.106048	-0.98	0.98	-0.98	-0.98	-0.98
-0.664271	0.129286	0.98	-0.98	-0.98	-0.98	-0.98
0.801408	-0.769210	-0.98	-0.98	-0.98	0.98	-0.98
-0.850724	0.619512	0.98	-0.98	-0.98	-0.98	-0.98
0.122016	-0.801180	-0.98	-0.98	-0.98	0.98	-0.98
-0.081833	0.787377	-0.98	-0.98	-0.98	-0.98	0.98
-0.365924	-0.900075	-0.98	-0.98	0.98	-0.98	-0.98
-0.161644	0.431890	0.98	-0.98	-0.98	-0.98	-0.98
-0.008723	0.873517	-0.98	-0.98	-0.98	-0.98	0.98
0.727947	0.127819	-0.98	0.98	-0.98	-0.98	-0.98
0.292854	0.815467	-0.98	0.98	-0.98	-0.98	-0.98
0.113437	0.207217	-0.98	0.98	-0.98	-0.98	-0.98
-0.830615	-0.115921	-0.98	-0.98	0.98	-0.98	-0.98
-0.886305	-0.329398	-0.98	-0.98	0.98	-0.98	-0.98
0.626380	0.882944	-0.98	0.98	-0.98	-0.98	-0.98
-0.103777	0.759096	0.98	-0.98	-0.98	-0.98	-0.98
-0.443581	-0.254245	-0.98	-0.98	0.98	-0.98	-0.98
-0.138751	0.510631	0.98	-0.98	-0.98	-0.98	-0.98
0.659833	-0.002946	-0.98	-0.98	-0.98	-0.98	0.98
0.731614	0.138689	-0.98	0.98	-0.98	-0.98	-0.98
-0.953347	-0.482961	-0.98	-0.98	0.98	-0.98	-0.98
-0.712266	0.569803	0.98	-0.98	-0.98	-0.98	-0.98
-0.669501	0.577797	0.98	-0.98	-0.98	-0.98	-0.98
-0.605618	0.339986	0.98	-0.98	-0.98	-0.98	-0.98
0.552922	0.829593	-0.98	0.98	-0.98	-0.98	-0.98
0.533032	-0.650676	-0.98	-0.98	-0.98	0.98	-0.98
0.125160	-0.732755	-0.98	-0.98	-0.98	0.98	-0.98
0.092601	0.206248	-0.98	-0.98	-0.98	-0.98	0.98
-0.252704	0.321761	0.98	-0.98	-0.98	-0.98	-0.98
0.501826	-0.455066	-0.98	-0.98	-0.98	0.98	-0.98
0.005579	-0.694397	-0.98	-0.98	-0.98	-0.98	0.98
-0.485701	-0.726494	-0.98	-0.98	0.98	-0.98	-0.98
-0.093682	0.597415	-0.98	-0.98	-0.98	-0.98	0.98
-0.238748	-0.432654	-0.98	-0.98	0.98	-0.98	-0.98
-0.098273	-0.452578	-0.98	-0.98	-0.98	-0.98	0.98
0.544338	-0.546056	-0.98	-0.98	-0.98	0.98	-0.98
0.985323	-0.333305	-0.98	-0.98	-0.98	0.98	-0.98
0.011009	0.548024	-0.98	-0.98	-0.98	-0.98	0.98
0.988329	-0.005487	-0.98	-0.98	-0.98	-0.98	0.98
-0.296071	0.135246	0.98	-0.98	-0.98	-0.98	-0.98
-0.084912	0.088102	-0.98	-0.98	-0.98	-0.98	0.98
-0.585584	-0.359307	-0.98	-0.98	0.98	-0.98	-0.98
-0.888895	-0.740526	-0.98	-0.98	0.98	-0.98	-0.98
-0.075781	-0.208318	-0.98	-0.98	-0.98	-0.98	0.98
-0.211327	0.084980	-0.98	-0.98	-0.98	-0.98	0.98
0.856037	0.464547	-0.98	0.98	-0.98	-0.98	-0.98
-0.864769	0.884544	0.98	-0.98	-0.98	-0.98	-0.98
-0.443705	-0.854029	-0.98	-0.98	0.98	-0.98	-0.98
0.921871	0.103086	-0.98	0.98	-0.98	-0.98	-0.98
-0.197440	0.463107	0.98	-0.98	-0.98	-0.98	-0.98
0.649596	-0.238645	-0.98	-0.98	-0.98	0.98	-0.98
-0.422097	-0.825280	-0.98	-0.98	0.98	-0.98	-0.98
-0.525613	-0.559085	-0.98	-0.98	0.98	-0.98	-0.98
0.222046	-0.421883	-0.98	-0.98	-0.98	0.98	-0.98
0.530801	0.548593	-0.98	0.98	-0.98	-0.98	-0.98
-0.985971	-0.052894	-0.98	-0.98	-0.98	-0.98	0.98
0.561883	-0.773297	-0.98	-0.98	-0.98	0.98	-0.98
0.183203	0.052269	-0.98	-0.98	-0.98	-0.98	0.98
0.189028	0.692581	-0.98	0.98	-0.98	-0.98	-0.98
0.742351	-0.118965	-0.98	-0.98	-0.98	0.98	-0.98
-0.435351	-0.238601	-0.98	-0.98	0.98	-0.98	-0.98
0.749721	0.685922	-0.98	0.98	-0.98	-0.98	-0.98
0.894305	0.376135	-0.98	0.98	-0.98	-0.98	-0.98
-0.472866	-0.615407	-0.98	-0.98	0.98	-0.98	-0.98
-0.543292	0.290757	0.98	-0.98	-0.98	-0.98	-0.98
0.680069	-0.818292	-0.98	-0.98	-0.98	0.98	-0.98
0.375933	-0.868059	-0.98	-0.98	-0.98	0.98	-0.98
0.208702	-0.094999	-0.98	-0.98	-0.98	-0.98	0.98
0.752502	0.721462	-0.98	0.98	-0.98	-0.98	-0.98
-0.930040	-0.378133	-0.98	-0.98	0.98	-0.98	-0.98
0.312068	-0.000086	-0.98	-0.98	-0.98	-0.98	0.98
-0.039006	-0.555229	-0.98	-0.98	-0.98	-0.98	0.98
0.404936	0.402450	-0.98	0.98	-0.98	-0.98	-0.98
0.315296	0.694545	-0.98	0.98	-0.98	-0.98	-0.98
0.844382	0.214510	-0.98	0.98	-0.98	-0.98	-0.98
-0.982609	0.689769	0.98	-0.98	-0.98	-0.98	-0.98
0.677494	0.878064	-0.98	0.98	-0.98	-0.98	-0.98
0.060355	-0.860972	-0.98	-0.98	-0.98	-0.98	0.98
-0.834486	-0.483281	-0.98	-0.98	0.98	-0.98	-0.98
0.328831	-0.381493	-0.98	-0.98	-0.98	0.98	-0.98
-0.714808	0.033581	-0.98	-0.98	-0.98	-0.98	0.98
-0.419588	-0.038480	-0.98	-0.98	-0.98	-0.98	0.98
0.516318	-0.303333	-0.98	-0.98	-0.98	0.98	-0.98
0.819921	-0.526136	-0.98	-0.98	-0.98	0.98	-0.98
0.546009	-0.044863	-0.98	-0.98	-0.98	-0.98	0.98
-0.889749	-0.251556	-0.98	-0.98	0.98	-0.98	-0.98
-0.155832	-0.434618	-0.98	-0.98	0.98	-0.98	-0.98
-0.336761	-0.755720	-0.98	-0.98	0.98	-0.98	-0.98
-0.655596	0.807782	0.98	-0.98	-0.98	-0.98	-0.98
-0.913536	0.513472	0.98	-0.98	-0.98	-0.98	-0.98
-0.691359	0.115302	0.98	-0.98	-0.98	-0.98	-0.98
0.780317	0.379163	-0.98	0.98	-0.98	-0.98	-0.98
-0.510760	-0.191336	-0.98	-0.98	0.98	-0.98	-0.98
0.684825	-0.287594	-0.98	-0.98	-0.98	0.98	-0.98
-0.690929	-0.604537	-0.98	-0.98	0.98	-0.98	-0.98
0.821358	0.013036	-0.98	-0.98	-0.98	-0.98	0.98
-0.492600	0.286695	0.98	-0.98	-0.98	-0.98	-0.98
0.218199	-0.223728	-0.98	-0.98	-0.98	0.98	-0.98
-0.682775	-0.100415	-0.98	-0.98	0.98	-0.98	-0.98
0.621439	0.043430	-0.98	-0.98	-0.98	-0.98	0.98
0.271595	-0.514589	-0.98	-0.98	-0.98	0.98	-0.98
0.264964	0.653896	-0.98	0.98	-0.98	-0.98	-0.98
-0.661703	0.145758	0.98	-0.98	-0.98	-0.98	-0.98
-0.400024	-0.859761	-0.98	-0.98	0.98	-0.98	-0.98
-0.666288	0.532043	0.98	-0.98	-0.98	-0.98	-0.98
0.978797	0.395770	-0.98	0.98	-0.98	-0.98	-0.98
-0.946462	-0.409975	-0.98	-0.98	0.98	-0.98	-0.98
-0.238933	-0.386820	-0.98	-0.98	0.98	-0.98	-0.98
0.448649	-0.994676	-0.98	-0.98	-0.98	0.98	-0.98
-0.914190	-0.156895	-0.98	-0.98	0.98	-0.98	-0.98
0.681807	-0.160673	-0.98	-0.98	-0.98	0.98	-0.98
-0.234293	0.090206	-0.98	-0.98	-0.98	-0.98	0.98
-0.317887	-0.789157	-0.98	-0.98	0.98	-0.98	-0.98
-0.871874	0.405314	0.98	-0.98	-0.98	-0.98	-0.98
-0.652190	-0.423899	-0.98	-0.98	0.98	-0.98	-0.98
-0.156224	0.738604	0.98	-0.98	-0.98	-0.98	-0.98
0.455025	-0.869129	-0.98	-0.98	-0.98	0.98	-0.98
0.478782	-0.176736	-0.98	-0.98	-0.98	0.98	-0.98
0.547948	-0.876916	-0.98	-0.98	-0.98	0.98	-0.98
0.740080	-0.064212	-0.98	-0.98	-0.98	-0.98	0.98
-0.211179	-0.559200	-0.98	-0.98	0.98	-0.98	-0.98
0.005119	-0.896279	-0.98	-0.98	-0.98	-0.98	0.98
-0.871421	-0.134392	-0.98	-0.98	0.98	-0.98	-0.98
-0.492099	0.944669	0.98	-0.98	-0.98	-0.98	-0.98
0.202162	-0.214454	-0.98	-0.98	-0.98	0.98	-0.98
0.560816	0.750582	-0.98	0.98	-0.98	-0.98	-0.98
0.953260	0.699572	-0.98	0.98	-0.98	-0.98	-0.98
0.056034	-0.855265	-0.98	-0.98	-0.98	-0.98	0.98
0.928914	-0.874080	-0.98	-0.98	-0.98	0.98	-0.98
0.303505	-0.550680	-0.98	-0.98	-0.98	0.98	-0.98
-0.698200	0.024546	-0.98	-0.98	-0.98	-0.98	0.98
-0.873135	-0.220460	-0.98	-0.98	0.98	-0.98	-0.98
0.672550	-0.003457	-0.98	-0.98	-0.98	-0.98	0.98
-0.268677	-0.606746	-0.98	-0.98	0.98	-0.98	-0.98
0.145986	-0.390931	-0.98	-0.98	-0.98	0.98	-0.98
0.977489	0.365037	-0.98	0.98	-0.98	-0.98	-0.98
0.470008	0.201261	-0.98	0.98	-0.98	-0.98	-0.98
0.568056	0.914718	-0.98	0.98	-0.98	-0.98	-0.98
0.157187	-0.620222	-0.98	-0.98	-0.98	0.98	-0.98
-0.484340	0.631072	0.98	-0.98	-0.98	-0.98	-0.98
-0.781485	0.591375	0.98	-0.98	-0.98	-0.98	-0.98
0.856621	-0.478802	-0.98	-0.98	-0.98	0.98	-0.98
0.693551	-0.385411	-0.98	-0.98	-0.98	0.98	-0.98
-0.968896	-0.725740	-0.98	-0.98	0.98	-0.98	-0.98
-0.910095	-0.282927	-0.98	-0.98	0.98	-0.98	-0.98
-0.775828	0.967117	0.98	-0.98	-0.98	-0.98	-0.98
-0.796588	-0.998052	-0.98	-0.98	0.98	-0.98	-0.98
-0.097825	0.050290	-0.98	-0.98	-0.98	-0.98	0.98
0.900563	-0.393380	-0.98	-0.98	-0.98	0.98	-0.98
0.144104	0.979949	-0.98	0.98	-0.98	-0.98	-0.98
-0.104551	0.930768	0.98	-0.98	-0.98	-0.98	-0.98
-0.428306	0.342392	0.98	-0.98	-0.98	-0.98	-0.98
-0.101672	-0.662952	-0.98	-0.98	0.98	-0.98	-0.98
-0.021911	-0.020169	-0.98	-0.98	-0.98	-0.98	0.98
0.655387	-0.090679	-0.98	-0.98	-0.98	-0.98	0.98
0.525250	0.774053	-0.98	0.98	-0.98	-0.98	-0.98
-0.210370	0.598665	0.98	-0.98	-0.98	-0.98	-0.98
0.560351	-0.469683	-0.98	-0.98	-0.98	0.98	-0.98
0.404951	0.343137	-0.98	0.98	-0.98	-0.98	-0.98
0.347172	0.294981	-0.98	0.98	-0.98	-0.98	-0.98
0.146638	-0.124041	-0.98	-0.98	-0.98	0.98	-0.98
-0.333754	-0.775604	-0.98	-0.98	0.98	-0.98	-0.98
0.140394	-0.607137	-0.98	-0.98	-0.98	0.98	-0.98
-0.284466	-0.091693	-0.98	-0.98	-0.98	-0.98	0.98
0.949349	0.478545	-0.98	0.98	-0.98	-0.98	-0.98
-0.032297	-0.166449	-0.98	-0.98	-0.98	-0.98	0.98
-0.921668	0.056714	-0.98	-0.98	-0.98	-0.98	0.98
-0.985632	0.908855	0.98	-0.98	-0.98	-0.98	-0.98
0.246159	-0.643897	-0.98	-0.98	-0.98	0.98	-0.98
0.856016	-0.928706	-0.98	-0.98	-0.98	0.98	-0.98
0.920814	0.802794	-0.98	0.98	-0.98	-0.98	-0.98
0.445787	0.478456	-0.98	0.98	-0.98	-0.98	-0.98
0.089295	-0.974131	-0.98	-0.98	-0.98	-0.98	0.98
0.568748	0.142979	-0.98	0.98	-0.98	-0.98	-0.98
0.374216	0.478432	-0.98	0.98	-0.98	-0.98	-0.98
0.876657	0.757508	-0.98	0.98	-0.98	-0.98	-0.98
0.946038	-0.997009	-0.98	-0.98	-0.98	0.98	-0.98
-0.349375	-0.273362	-0.98	-0.98	0.98	-0.98	-0.98
-0.672357	-0.927717	-0.98	-0.98	0.98	-0.98	-0.98
0.611609	-0.024795	-0.98	-0.98	-0.98	-0.98	0.98
0.733873	0.353191	-0.98	0.98	-0.98	-0.98	-0.98
-0.733893	0.083380	-0.98	-0.98	-0.98	-0.98	0.98
0.463484	0.855761	-0.98	0.98	-0.98	-0.98	-0.98
-0.437091	0.066064	-0.98	-0.98	-0.98	-0.98	0.98
0.162600	0.796608	-0.98	0.98	-0.98	-0.98	-0.98
-0.265420	0.044668	-0.98	-0.98	-0.98	-0.98	0.98
0.030030	-0.291614	-0.98	-0.98	-0.98	-0.98	0.98
0.168197	-0.290472	-0.98	-0.98	-0.98	0.98	-0.98
0.588536	0.656714	-0.98	0.98	-0.98	-0.98	-0.98
-0.645239	-0.958708	-0.98	-0.98	0.98	-0.98	-0.98
0.005509	0.731070	-0.98	-0.98	-0.98	-0.98	0.98
0.008609	-0.673706	-0.98	-0.98	-0.98	-0.98	0.98
-0.597190	-0.965308	-0.98	-0.98	0.98	-0.98	-0.98
0.821816	0.340309	-0.98	0.98	-0.98	-0.98	-0.98
-0.419839	-0.424394	-0.98	-0.98	0.98	-0.98	-0.98
0.687371	0.526415	-0.98	0.98	-0.98	-0.98	-0.98
-0.819684	0.214491	0.98	-0.98	-0.98	-0.98	-0.98
-0.197611	-0.577403	-0.98	-0.98	0.98	-0.98	-0.98
0.241535	0.049508	-0.98	-0.98	-0.98	-0.98	0.98
-0.632762	-0.813603	-0.98	-0.98	0.98	-0.98	-0.98
-0.626432	-0.845004	-0.98	-0.98	0.98	-0.98	-0.98
-0.322696	-0.818821	-0.98	-0.98	0.98	-0.98	-0.98
0.442343	-0.172429	-0.98	-0.98	-0.98	0.98	-0.98
-0.250747	-0.911672	-0.98	-0.98	0.98	-0.98	-0.98
0.332162	0.447118	-0.98	0.98	-0.98	-0.98	-0.98
0.195785	0.341280	-0.98	0.98	-0.98	-0.98	-0.98
0.440177	-0.072699	-0.98	-0.98	-0.98	-0.98	0.98
0.084902	-0.968090	-0.98	-0.98	-0.98	-0.98	0.98
-0.276733	0.980858	0.98	-0.98	-0.98	-0.98	-0.98
0.540204	0.505919	-0.98	0.98	-0.98	-0.98	-0.98
0.419824	-0.759118	-0.98	-0.98	-0.98	0.98	-0.98
0.300933	0.666063	-0.98	0.98	-0.98	-0.98	-0.98
-0.930480	0.017761	-0.98	-0.98	-0.98	-0.98	0.98
0.719345	-0.948565	-0.98	-0.98	-0.98	0.98	-0.98
0.913034	-0.252379	-0.98	-0.98	-0.98	0.98	-0.98
-0.345180	0.884261	0.98	-0.98	-0.98	-0.98	-0.98
-0.829482	0.965671	0.98	-0.98	-0.98	-0.98	-0.98
-0.686410	0.389555	0.98	-0.98	-0.98	-0.98	-0.98
0.011624	-0.306629	-0.98	-0.98	-0.98	-0.98	0.98
0.638974	-0.286645	-0.98	-0.98	-0.98	0.98	-0.98
0.076029	0.626386	-0.98	-0.98	-0.98	-0.98	0.98
-0.679466	-0.382737	-0.98	-0.98	0.98	-0.98	-0.98
0.543818	0.524333	-0.98	0.98	-0.98	-0.98	-0.98
0.434674	-0.251636	-0.98	-0.98	-0.98	0.98	-0.98
0.218186	-0.830962	-0.98	-0.98	-0.98	0.98	-0.98
0.673345	0.278279	-0.98	0.98	-0.98	-0.98	-0.98
-0.276531	-0.293503	-0.98	-0.98	0.98	-0.98	-0.98
0.679176	-0.743493	-0.98	-0.98	-0.98	0.98	-0.98
-0.260909	0.902533	0.98	-0.98	-0.98	-0.98	-0.98
0.523354	-0.155906	-0.98	-0.98	-0.98	0.98	-0.98
0.111113	-0.021990	-0.98	-0.98	-0.98	-0.98	0.98
0.992429	0.565744	-0.98	0.98	-0.98	-0.98	-0.98
0.717946	-0.112558	-0.98	-0.98	-0.98	0.98	-0.98
0.899318	-0.100151	-0.98	-0.98	-0.98	0.98	-0.98
0.452615	-0.722612	-0.98	-0.98	-0.98	0.98	-0.98
-0.030380	-0.469204	-0.98	-0.98	-0.98	-0.98	0.98
0.202209	-0.329871	-0.98	-0.98	-0.98	0.98	-0.98
-0.171877	-0.221562	-0.98	-0.98	0.98	-0.98	-0.98
0.266286	-0.358594	-0.98	-0.98	-0.98	0.98	-0.98
-0.680156	-0.070610	-0.98	-0.98	-0.98	-0.98	0.98
-0.850082	-0.175276	-0.98	-0.98	0.98	-0.98	-0.98
0.546266	-0.991660	-0.98	-0.98	-0.98	0.98	-0.98
0.850651	-0.624000	-0.98	-0.98	-0.98	0.98	-0.98
0.522507	0.296046	-0.98	0.98	-0.98	-0.98	-0.98
-0.177345	0.558527	0.98	-0.98	-0.98	-0.98	-0.98
0.670827	0.105159	-0.98	0.98	-0.98	-0.98	-0.98
0.981301	-0.560989	-0.98	-0.98	-0.98	0.98	-0.98
-0.514717	0.591983	0.98	-0.98	-0.98	-0.98	-0.98
0.463737	0.355836	-0.98	0.98	-0.98	-0.98	-0.98
-0.606437	-0.564323	-0.98	-0.98	0.98	-0.98	-0.98
0.501862	-0.121871	-0.98	-0.98	-0.98	0.98	-0.98
0.680964	-0.839252	-0.98	-0.98	-0.98	0.98	-0.98
0.463654	-0.891342	-0.98	-0.98	-0.98	0.98	-0.98
0.196180	-0.264392	-0.98	-0.98	-0.98	0.98	-0.98
-0.372105	-0.133736	-0.98	-0.98	0.98	-0.98	-0.98
0.116600	-0.988880	-0.98	-0.98	-0.98	0.98	-0.98
0.247525	-0.838162	-0.98	-0.98	-0.98	0.98	-0.98
0.261133	-0.910526	-0.98	-0.98	-0.98	0.98	-0.98
0.863155	-0.768527	-0.98	-0.98	-0.98	0.98	-0.98
-0.649308	-0.224904	-0.98	-0.98	0.98	-0.98	-0.98
-0.866304	-0.923048	-0.98	-0.98	0.98	-0.98	-0.98
-0.629166	0.302962	0.98	-0.98	-0.98	-0.98	-0.98
-0.038798	-0.227616	-0.98	-0.98	-0.98	-0.98	0.98
0.604417	0.123740	-0.98	0.98	-0.98	-0.98	-0.98
0.223037	-0.741566	-0.98	-0.98	-0.98	0.98	-0.98
-0.037176	0.235743	-0.98	-0.98	-0.98	-0.98	0.98
0.545532	0.704156	-0.98	0.98	-0.98	-0.98	-0.98
0.709179	0.418585	-0.98	0.98	-0.98	-0.98	-0.98
-0.228471	-0.036289	-0.98	-0.98	-0.98	-0.98	0.98
-0.791587	-0.912591	-0.98	-0.98	0.98	-0.98	-0.98
-0.553128	-0.340550	-0.98	-0.98	0.98	-0.98	-0.98
0.986860	-0.440433	-0.98	-0.98	-0.98	0.98	-0.98
0.076240	-0.422293	-0.98	-0.98	-0.98	-0.98	0.98
-0.597713	0.681651	0.98	-0.98	-0.98	-0.98	-0.98
0.654257	0.526428	-0.98	0.98	-0.98	-0.98	-0.98
-0.754379	-0.243660	-0.98	-0.98	0.98	-0.98	-0.98
0.599928	0.113999	-0.98	0.98	-0.98	-0.98	-0.98
0.350873	-0.347940	-0.98	-0.98	-0.98	0.98	-0.98
0.312105	0.809571	-0.98	0.98	-0.98	-0.98	-0.98
0.328611	-0.013858	-0.98	-0.98	-0.98	-0.98	0.98
-0.859498	0.931294	0.98	-0.98	-0.98	-0.98	-0.98
-0.494976	-0.365333	-0.98	-0.98	0.98	-0.98	-0.98
0.787055	-0.539417	-0.98	-0.98	-0.98	0.98	-0.98
-0.419545	-0.552242	-0.98	-0.98	0.98	-0.98	-0.98
-0.364365	-0.501818	-0.98	-0.98	0.98	-0.98	-0.98
0.922292	-0.038003	-0.98	-0.98	-0.98	-0.98	0.98
0.215798	0.403478	-0.98	0.98	-0.98	-0.98	-0.98
0.087932	-0.203293	-0.98	-0.98	-0.98	-0.98	0.98
-0.460213	-0.140831	-0.98	-0.98	0.98	-0.98	-0.98
0.737374	0.785882	-0.98	0.98	-0.98	-0.98	-0.98
-0.955990	0.305532	0.98	-0.98	-0.98	-0.98	-0.98
-0.295920	0.101703	0.98	-0.98	-0.98	-0.98	-0.98
-0.998027	0.084486	-0.98	-0.98	-0.98	-0.98	0.98
0.266874	0.683447	-0.98	0.98	-0.98	-0.98	-0.98
-0.993343	-0.699299	-0.98	-0.98	0.98	-0.98	-0.98
-0.374329	-0.077575	-0.98	-0.98	-0.98	-0.98	0.98
-0.791496	-0.637419	-0.98	-0.98	0.98	-0.98	-0.98
0.278152	-0.383825	-0.98	-0.98	-0.98	0.98	-0.98
0.592386	0.552147	-0.98	0.98	-0.98	-0.98	-0.98
-0.415959	0.678544	0.98	-0.98	-0.98	-0.98	-0.98
-0.175692	0.728308	0.98	-0.98	-0.98	-0.98	-0.98
0.083542	-0.957798	-0.98	-0.98	-0.98	-0.98	0.98
0.127959	-0.919419	-0.98	-0.98	-0.98	0.98	-0.98
-0.467887	-0.565077	-0.98	-0.98	0.98	-0.98	-0.98
-0.281222	0.596278	0.98	-0.98	-0.98	-0.98	-0.98
-0.290855	-0.770985	-0.98	-0.98	0.98	-0.98	-0.98
-0.847584	0.651101	0.98	-0.98	-0.98	-0.98	-0.98
-0.267971	-0.357292	-0.98	-0.98	0.98	-0.98	-0.98
0.313784	0.317555	-0.98	0.98	-0.98	-0.98	-0.98
0.304000	0.387047	-0.98	0.98	-0.98	-0.98	-0.98
0.333860	0.868857	-0.98	0.98	-0.98	-0.98	-0.98
0.757895	0.691272	-0.98	0.98	-0.98	-0.98	-0.98
-0.976598	-0.637201	-0.98	-0.98	0.98	-0.98	-0.98
-0.511626	-0.765399	-0.98	-0.98	0.98	-0.98	-0.98
0.921523	0.151063	-0.98	0.98	-0.98	-0.98	-0.98
-0.331468	0.583668	0.98	-0.98	-0.98	-0.98	-0.98
-0.894258	0.834721	0.98	-0.98	-0.98	-0.98	-0.98
0.539286	-0.564911	-0.98	-0.98	-0.98	0.98	-0.98
-0.542198	-0.799916	-0.98	-0.98	0.98	-0.98	-0.98
0.307107	-0.111770	-0.98	-0.98	-0.98	0.98	-0.98
-0.651824	-0.242952	-0.98	-0.98	0.98	-0.98	-0.98
0.936047	0.909820	-0.98	0.98	-0.98	-0.98	-0.98
0.248691	0.754392	-0.98	0.98	-0.98	-0.98	-0.98
0.020552	-0.755572	-0.98	-0.98	-0.98	-0.98	0.98
-0.825453	-0.222462	-0.98	-0.98	0.98	-0.98	-0.98
0.700136	-0.319637	-0.98	-0.98	-0.98	0.98	-0.98
0.074629	0.062877	-0.98	-0.98	-0.98	-0.98	0.98
-0.740120	0.189856	0.98	-0.98	-0.98	-0.98	-0.98
0.975244	-0.782587	-0.98	-0.98	-0.98	0.98	-0.98
0.010129	-0.890594	-0.98	-0.98	-0.98	-0.98	0.98
0.307289	0.545788	-0.98	0.98	-0.98	-0.98	-0.98
-0.715264	-0.768116	-0.98	-0.98	0.98	-0.98	-0.98
0.980492	-0.410156	-0.98	-0.98	-0.98	0.98	-0.98
-0.756373	-0.293532	-0.98	-0.98	0.98	-0.98	-0.98
0.202003	0.107166	-0.98	0.98	-0.98	-0.98	-0.98
-0.929717	0.959459	0.98	-0.98	-0.98	-0.98	-0.98
0.531701	0.194030	-0.98	0.98	-0.98	-0.98	-0.98
0.517797	-0.402172	-0.98	-0.98	-0.98	0.98	-0.98
0.574696	0.498389	-0.98	0.98	-0.98	-0.98	-0.98
-0.699470	-0.544017	-0.98	-0.98	0.98	-0.98	-0.98
-0.249011	-0.951152	-0.98	-0.98	0.98	-0.98	-0.98
-0.864359	-0.158282	-0.98	-0.98	0.98	-0.98	-0.98
-0.253812	-0.474898	-0.98	-0.98	0.98	-0.98	-0.98
-0.164494	-0.605741	-0.98	-0.98	0.98	-0.98	-0.98
0.837358	0.926195	-0.98	0.98	-0.98	-0.98	-0.98
-0.861333	0.424165	0.98	-0.98	-0.98	-0.98	-0.98
-0.185348	0.158797	0.98	-0.98	-0.98	-0.98	-0.98
-0.415017	0.194255	0.98	-0.98	-0.98	-0.98	-0.98
0.462435	0.308986	-0.98	0.98	-0.98	-0.98	-0.98
0.548538	-0.805901	-0.98	-0.98	-0.98	0.98	-0.98
-0.945792	-0.615145	-0.98	-0.98	0.98	-0.98	-0.98
-0.350276	0.200189	0.98	-0.98	-0.98	-0.98	-0.98
0.863633	0.076582	-0.98	-0.98	-0.98	-0.98	0.98
0.169743	0.072597	-0.98	-0.98	-0.98	-0.98	0.98
-0.125655	0.009755	-0.98	-0.98	-0.98	-0.98	0.98
0.011218	0.355394	-0.98	-0.98	-0.98	-0.98	0.98
0.645738	0.861677	-0.98	0.98	-0.98	-0.98	-0.98
0.131562	-0.918858	-0.98	-0.98	-0.98	0.98	-0.98
-0.654372	0.533923	0.98	-0.98	-0.98	-0.98	-0.98
0.878128	0.524292	-0.98	0.98	-0.98	-0.98	-0.98
0.473204	-0.831338	-0.98	-0.98	-0.98	0.98	-0.98
0.434750	-0.805909	-0.98	-0.98	-0.98	0.98	-0.98
0.432780	0.094284	-0.98	-0.98	-0.98	-0.98	0.98
0.910335	-0.179161	-0.98	-0.98	-0.98	0.98	-0.98
-0.808450	-0.045948	-0.98	-0.98	-0.98	-0.98	0.98
-0.532050	-0.091586	-0.98	-0.98	-0.98	-0.98	0.98
-0.200210	-0.608086	-0.98	-0.98	0.98	-0.98	-0.98
0.019674	-0.322466	-0.98	-0.98	-0.98	-0.98	0.98
-0.644232	0.610451	0.98	-0.98	-0.98	-0.98	-0.98
0.536438	-0.020092	-0.98	-0.98	-0.98	-0.98	0.98
-0.793702	-0.894602	-0.98	-0.98	0.98	-0.98	-0.98
-0.140398	0.907265	0.98	-0.98	-0.98	-0.98	-0.98
-0.343580	0.528103	0.98	-0.98	-0.98	-0.98	-0.98
-0.921848	-0.430737	-0.98	-0.98	0.98	-0.98	-0.98
0.898106	0.833870	-0.98	0.98	-0.98	-0.98	-0.98
-0.703381	0.837609	0.98	-0.98	-0.98	-0.98	-0.98
-0.769934	0.379055	0.98	-0.98	-0.98	-0.98	-0.98
-0.830776	-0.864895	-0.98	-0.98	0.98	-0.98	-0.98
0.465055	0.464458	-0.98	0.98	-0.98	-0.98	-0.98
-0.166294	0.010935	-0.98	-0.98	-0.98	-0.98	0.98
-0.337173	0.048673	-0.98	-0.98	-0.98	-0.98	0.98
-0.986517	-0.763450	-0.98	-0.98	0.98	-0.98	-0.98
-0.191424	-0.469280	-0.98	-0.98	0.98	-0.98	-0.98
-0.844867	-0.674579	-0.98	-0.98	0.98	-0.98	-0.98
-0.045866	0.848764	-0.98	-0.98	-0.98	-0.98	0.98
0.248352	0.707767	-0.98	0.98	-0.98	-0.98	-0.98
0.721374	-0.024131	-0.98	-0.98	-0.98	-0.98	0.98
0.917154	-0.722008	-0.98	-0.98	-0.98	0.98	-0.98
0.239556	-0.100305	-0.98	-0.98	-0.98	0.98	-0.98
0.444106	0.072323	-0.98	-0.98	-0.98	-0.98	0.98
-0.964812	0.800971	0.98	-0.98	-0.98	-0.98	-0.98
0.487513	0.590572	-0.98	0.98	-0.98	-0.98	-0.98
0.967646	-0.283893	-0.98	-0.98	-0.98	0.98	-0.98
0.756356	0.659126	-0.98	0.98	-0.98	-0.98	-0.98
0.479584	0.634754	-0.98	0.98	-0.98	-0.98	-0.98
0.295214	0.405839	-0.98	0.98	-0.98	-0.98	-0.98
-0.555572	0.658840	0.98	-0.98	-0.98	-0.98	-0.98
-0.207695	-0.724539	-0.98	-0.98	0.98	-0.98	-0.98
0.703273	-0.996747	-0.98	-0.98	-0.98	0.98	-0.98
0.869451	0.371501	-0.98	0.98	-0.98	-0.98	-0.98
0.535124	-0.145046	-0.98	-0.98	-0.98	0.98	-0.98
0.823295	-0.443049	-0.98	-0.98	-0.98	0.98	-0.98
-0.413427	0.573131	0.98	-0.98	-0.98	-0.98	-0.98
0.579075	0.073715	-0.98	-0.98	-0.98	-0.98	0.98
0.547187	0.544102	-0.98	0.98	-0.98	-0.98	-0.98
-0.344958	0.462355	0.98	-0.98	-0.98	-0.98	-0.98
0.013659	0.833990	-0.98	-0.98	-0.98	-0.98	0.98
-0.554603	0.162958	0.98	-0.98	-0.98	-0.98	-0.98
0.104018	0.623496	-0.98	0.98	-0.98	-0.98	-0.98
0.276390	-0.895317	-0.98	-0.98	-0.98	0.98	-0.98
0.993930	0.021278	-0.98	-0.98	-0.98	-0.98	0.98
-0.057067	0.460281	-0.98	-0.98	-0.98	-0.98	0.98
0.083141	0.424230	-0.98	-0.98	-0.98	-0.98	0.98
-0.209242	-0.528804	-0.98	-0.98	0.98	-0.98	-0.98
-0.245937	-0.558077	-0.98	-0.98	0.98	-0.98	-0.98
0.487000	-0.082350	-0.98	-0.98	-0.98	-0.98	0.98
-0.129223	0.550962	0.98	-0.98	-0.98	-0.98	-0.98
0.634348	0.295863	-0.98	0.98	-0.98	-0.98	-0.98
-0.258933	-0.879955	-0.98	-0.98	0.98	-0.98	-0.98
-0.521915	-0.853010	-0.98	-0.98	0.98	-0.98	-0.98
-0.798503	0.000218	-0.98	-0.98	-0.98	-0.98	0.98
-0.268214	-0.342957	-0.98	-0.98	0.98	-0.98	-0.98
0.879972	0.055383	-0.98	-0.98	-0.98	-0.98	0.98
-0.107968	-0.752247	-0.98	-0.98	0.98	-0.98	-0.98
0.753254	-0.108185	-0.98	-0.98	-0.98	0.98	-0.98
-0.597659	-0.735023	-0.98	-0.98	0.98	-0.98	-0.98
-0.751348	-0.116870	-0.98	-0.98	0.98	-0.98	-0.98
0.725766	-0.615227	-0.98	-0.98	-0.98	0.98	-0.98
0.279824	0.882224	-0.98	0.98	-0.98	-0.98	-0.98
0.065547	0.064829	-0.98	-0.98	-0.98	-0.98	0.98
0.446881	-0.564985	-0.98	-0.98	-0.98	0.98	-0.98
0.442984	-0.874288	-0.98	-0.98	-0.98	0.98	-0.98
-0.992582	-0.066261	-0.98	-0.98	-0.98	-0.98	0.98
-0.299631	-0.505131	-0.98	-0.98	0.98	-0.98	-0.98
-0.376803	0.102594	0.98	-0.98	-0.98	-0.98	-0.98
-0.199061	0.940356	0.98	-0.98	-0.98	-0.98	-0.98
0.777964	0.735042	-0.98	0.98	-0.98	-0.98	-0.98
0.946133	-0.771565	-0.98	-0.98	-0.98	0.98	-0.98
-0.404426	-0.507074	-0.98	-0.98	0.98	-0.98	-0.98
0.083385	-0.785424	-0.98	-0.98	-0.98	-0.98	0.98
-0.135553	0.005509	-0.98	-0.98	-0.98	-0.98	0.98
-0.398735	-0.701630	-0.98	-0.98	0.98	-0.98	-0.98
-0.978312	-0.641659	-0.98	-0.98	0.98	-0.98	-0.98
-0.805857	-0.286106	-0.98	-0.98	0.98	-0.98	-0.98
-0.715663	0.410144	0.98	-0.98	-0.98	-0.98	-0.98
0.349169	-0.849035	-0.98	-0.98	-0.98	0.98	-0.98
0.748294	-0.217769	-0.98	-0.98	-0.98	0.98	-0.98
0.909607	0.963150	-0.98	0.98	-0.98	-0.98	-0.98
-0.988972	0.709622	0.98	-0.98	-0.98	-0.98	-0.98
-0.210579	-0.668111	-0.98	-0.98	0.98	-0.98	-0.98
-0.667558	0.769895	0.98	-0.98	-0.98	-0.98	-0.98
0.314649	-0.103773	-0.98	-0.98	-0.98	0.98	-0.98
-0.495491	0.753276	0.98	-0.98	-0.98	-0.98	-0.98
-0.571041	-0.535494	-0.98	-0.98	0.98	-0.98	-0.98
-0.056135	0.169718	-0.98	-0.98	-0.98	-0.98	0.98
0.140173	0.876828	-0.98	0.98	-0.98	-0.98	-0.98
0.261687	0.251214	-0.98	0.98	-0.98	-0.98	-0.98
-0.376127	-0.316621	-0.98	-0.98	0.98	-0.98	-0.98
0.886212	0.485180	-0.98	0.98	-0.98	-0.98	-0.98
0.347442	0.383288	-0.98	0.98	-0.98	-0.98	-0.98
0.989350	0.589062	-0.98	0.98	-0.98	-0.98	-0.98
-0.137578	-0.104807	-0.98	-0.98	0.98	-0.98	-0.98
-0.881493	0.235583	0.98	-0.98	-0.98	-0.98	-0.98
-0.226894	0.148725	0.98	-0.98	-0.98	-0.98	-0.98
-0.856777	0.899316	0.98	-0.98	-0.98	-0.98	-0.98
0.864260	-0.975852	-0.98	-0.98	-0.98	0.98	-0.98
-0.390832	-0.807515	-0.98	-0.98	0.98	-0.98	-0.98
0.881891	0.921967	-0.98	0.98	-0.98	-0.98	-0.98
-0.437917	0.674870	0.98	-0.98	-0.98	-0.98	-0.98
0.162547	-0.786065	-0.98	-0.98	-0.98	0.98	-0.98
0.034234	0.139896	-0.98	-0.98	-0.98	-0.98	0.98
-0.520754	0.478322	0.98	-0.98	-0.98	-0.98	-0.98
0.954013	-0.624547	-0.98	-0.98	-0.98	0.98	-0.98
0.066421	0.537450	-0.98	-0.98	-0.98	-0.98	0.98
-0.617066	0.617156	0.98	-0.98	-0.98	-0.98	-0.98
-0.119563	-0.595203	-0.98	-0.98	0.98	-0.98	-0.98
-0.063513	0.331091	-0.98	-0.98	-0.98	-0.98	0.98
-0.400157	-0.998159	-0.98	-0.98	0.98	-0.98	-0.98
-0.444130	-0.671618	-0.98	-0.98	0.98	-0.98	-0.98
-0.499270	0.083440	-0.98	-0.98	-0.98	-0.98	0.98
-0.609654	-0.647286	-0.98	-0.98	0.98	-0.98	-0.98
0.207398	-0.967474	-0.98	-0.98	-0.98	0.98	-0.98
0.216565	-0.388426	-0.98	-0.98	-0.98	0.98	-0.98
-0.271855	-0.565914	-0.98	-0.98	0.98	-0.98	-0.98
0.559059	0.004766	-0.98	-0.98	-0.98	-0.98	0.98
0.100214	-0.876900	-0.98	-0.98	-0.98	0.98	-0.98
0.724325	-0.980283	-0.98	-0.98	-0.98	0.98	-0.98
-0.358633	-0.041339	-0.98	-0.98	-0.98	-0.98	0.98
0.903393	-0.498056	-0.98	-0.98	-0.98	0.98	-0.98
0.683824	0.159886	-0.98	0.98	-0.98	-0.98	-0.98
0.088548	0.534279	-0.98	-0.98	-0.98	-0.98	0.98
-0.276869	-0.008469	-0.98	-0.98	-0.98	-0.98	0.98
-0.976931	-0.652212	-0.98	-0.98	0.98	-0.98	-0.98
-0.498896	0.836683	0.98	-0.98	-0.98	-0.98	-0.98
0.534417	-0.822462	-0.98	-0.98	-0.98	0.98	-0.98
-0.124437	0.065532	-0.98	-0.98	-0.98	-0.98	0.98
-0.454186	-0.577269	-0.98	-0.98	0.98	-0.98	-0.98
0.750622	0.044616	-0.98	-0.98	-0.98	-0.98	0.98
0.776049	0.885365	-0.98	0.98	-0.98	-0.98	-0.98
0.802078	-0.415290	-0.98	-0.98	-0.98	0.98	-0.98
0.001820	-0.092047	-0.98	-0.98	-0.98	-0.98	0.98
-0.960316	0.503578	0.98	-0.98	-0.98	-0.98	-0.98
-0.731231	-0.691153	-0.98	-0.98	0.98	-0.98	-0.98
-0.961833	0.722091	0.98	-0.98	-0.98	-0.98	-0.98
-0.219478	0.480335	0.98	-0.98	-0.98	-0.98	-0.98
-0.181529	-0.824011	-0.98	-0.98	0.98	-0.98	-0.98
0.574634	0.546737	-0.98	0.98	-0.98	-0.98	-0.98
0.122309	-0.678239	-0.98	-0.98	-0.98	0.98	-0.98
0.427547	-0.129461	-0.98	-0.98	-0.98	0.98	-0.98
0.681707	0.398287	-0.98	0.98	-0.98	-0.98	-0.98
-0.455515	0.528241	0.98	-0.98	-0.98	-0.98	-0.98
-0.328868	-0.397805	-0.98	-0.98	0.98	-0.98	-0.98
0.835885	-0.425510	-0.98	-0.98	-0.98	0.98	-0.98
0.358472	-0.135873	-0.98	-0.98	-0.98	0.98	-0.98
-0.240139	-0.991442	-0.98	-0.98	0.98	-0.98	-0.98
-0.498025	-0.715239	-0.98	-0.98	0.98	-0.98	-0.98
0.631763	0.542459	-0.98	0.98	-0.98	-0.98	-0.98
0.214784	-0.270196	-0.98	-0.98	-0.98	0.98	-0.98
-0.163712	-0.067523	-0.98	-0.98	-0.98	-0.98	0.98
-0.603831	0.169817	0.98	-0.98	-0.98	-0.98	-0.98
0.546166	0.208998	-0.98	0.98	-0.98	-0.98	-0.98
0.867338	0.246339	-0.98	0.98	-0.98	-0.98	-0.98
-0.693512	0.165610	0.98	-0.98	-0.98	-0.98	-0.98
-0.124112	-0.953858	-0.98	-0.98	0.98	-0.98	-0.98
0.351014	0.201738	-0.98	0.98	-0.98	-0.98	-0.98
0.934311	0.838755	-0.98	0.98	-0.98	-0.98	-0.98
0.728149	0.903114	-0.98	0.98	-0.98	-0.98	-0.98
-0.832500	-0.211459	-0.98	-0.98	0.98	-0.98	-0.98
-0.502718	0.404965	0.98	-0.98	-0.98	-0.98	-0.98
0.824992	-0.486294	-0.98	-0.98	-0.98	0.98	-0.98
-0.051930	-0.429303	-0.98	-0.98	-0.98	-0.98	0.98
0.714923	0.755369	-0.98	0.98	-0.98	-0.98	-0.98
0.679093	0.745500	-0.98	0.98	-0.98	-0.98	-0.98
0.319717	-0.720152	-0.98	-0.98	-0.98	0.98	-0.98
-0.139104	0.387934	0.98	-0.98	-0.98	-0.98	-0.98
0.101581	-0.111192	-0.98	-0.98	-0.98	0.98	-0.98
0.513422	0.892706	-0.98	0.98	-0.98	-0.98	-0.98
0.601672	0.683890	-0.98	0.98	-0.98	-0.98	-0.98
-0.423978	0.901147	0.98	-0.98	-0.98	-0.98	-0.98
-0.106788	-0.421250	-0.98	-0.98	0.98	-0.98	-0.98
0.189667	-0.315758	-0.98	-0.98	-0.98	0.98	-0.98
0.247464	-0.244499	-0.98	-0.98	-0.98	0.98	-0.98
-0.424520	-0.421086	-0.98	-0.98	0.98	-0.98	-0.98
0.495334	-0.653780	-0.98	-0.98	-0.98	0.98	-0.98
-0.411828	0.393092	0.98	-0.98	-0.98	-0.98	-0.98
0.431793	0.061697	-0.98	-0.98	-0.98	-0.98	0.98
0.889478	-0.371633	-0.98	-0.98	-0.98	0.98	-0.98
-0.259192	0.942679	0.98	-0.98	-0.98	-0.98	-0.98
0.289869	0.718083	-0.98	0.98	-0.98	-0.98	-0.98
0.269314	-0.656484	-0.98	-0.98	-0.98	0.98	-0.98
0.725476	0.199484	-0.98	0.98	-0.98	-0.98	-0.98
-0.102850	-0.850389	-0.98	-0.98	0.98	-0.98	-0.98
0.200537	-0.546398	-0.98	-0.98	-0.98	0.98	-0.98
0.374521	0.608111	-0.98	0.98	-0.98	-0.98	-0.98
-0.398579	0.684915	0.98	-0.98	-0.98	-0.98	-0.98
0.949819	-0.202482	-0.98	-0.98	-0.98	0.98	-0.98
0.034271	-0.288464	-0.98	-0.98	-0.98	-0.98	0.98
-0.431371	-0.445429	-0.98	-0.98	0.98	-0.98	-0.98
0.292046	-0.057256	-0.98	-0.98	-0.98	-0.98	0.98
-0.931202	-0.262069	-0.98	-0.98	0.98	-0.98	-0.98
-0.641459	-0.990671	-0.98	-0.98	0.98	-0.98	-0.98
-0.915052	-0.572163	-0.98	-0.98	0.98	-0.98	-0.98
-0.980837	-0.710928	-0.98	-0.98	0.98	-0.98	-0.98
-0.793280	-0.543209	-0.98	-0.98	0.98	-0.98	-0.98
-0.750323	0.072722	-0.98	-0.98	-0.98	-0.98	0.98
-0.944518	0.934129	0.98	-0.98	-0.98	-0.98	-0.98
-0.428528	0.692956	0.98	-0.98	-0.98	-0.98	-0.98
0.394951	-0.017939	-0.98	-0.98	-0.98	-0.98	0.98
0.123530	0.924968	-0.98	0.98	-0.98	-0.98	-0.98
0.167840	-0.983286	-0.98	-0.98	-0.98	0.98	-0.98
0.769932	0.354955	-0.98	0.98	-0.98	-0.98	-0.98
-0.564027	0.571865	0.98	-0.98	-0.98	-0.98	-0.98
0.413164	-0.486369	-0.98	-0.98	-0.98	0.98	-0.98
-0.982773	-0.611082	-0.98	-0.98	0.98	-0.98	-0.98
-0.350396	0.750895	0.98	-0.98	-0.98	-0.98	-0.98
-0.529265	0.839031	0.98	-0.98	-0.98	-0.98	-0.98
-0.850496	-0.682631	-0.98	-0.98	0.98	-0.98	-0.98
-0.546061	-0.840063	-0.98	-0.98	0.98	-0.98	-0.98
0.198307	0.696451	-0.98	0.98	-0.98	-0.98	-0.98
0.839383	0.848748	-0.98	0.98	-0.98	-0.98	-0.98
0.451815	0.056072	-0.98	-0.98	-0.98	-0.98	0.98
0.108361	-0.288176	-0.98	-0.98	-0.98	0.98	-0.98
0.446025	0.036668	-0.98	-0.98	-0.98	-0.98	0.98
-0.013365	-0.238123	-0.98	-0.98	-0.98	-0.98	0.98
0.278802	-0.657070	-0.98	-0.98	-0.98	0.98	-0.98
0.714644	-0.826779	-0.98	-0.98	-0.98	0.98	-0.98
-0.766944	-0.879800	-0.98	-0.98	0.98	-0.98	-0.98
-0.402138	-0.691941	-0.98	-0.98	0.98	-0.98	-0.98
-0.231945	0.339777	0.98	-0.98	-0.98	-0.98	-0.98
0.969823	0.293448	-0.98	0.98	-0.98	-0.98	-0.98
0.331662	0.279661	-0.98	0.98	-0.98	-0.98	-0.98
-0.030413	-0.424301	-0.98	-0.98	-0.98	-0.98	0.98
-0.829945	0.478772	0.98	-0.98	-0.98	-0.98	-0.98
-0.172572	0.014777	-0.98	-0.98	-0.98	-0.98	0.98
0.376954	-0.055308	-0.98	-0.98	-0.98	-0.98	0.98
0.146482	-0.676901	-0.98	-0.98	-0.98	0.98	-0.98
-0.508145	-0.428589	-0.98	-0.98	0.98	-0.98	-0.98
-0.223188	-0.048855	-0.98	-0.98	-0.98	-0.98	0.98
-0.750165	0.603098	0.98	-0.98	-0.98	-0.98	-0.98
0.175967	-0.292130	-0.98	-0.98	-0.98	0.98	-0.98
-0.901082	-0.321591	-0.98	-0.98	0.98	-0.98	-0.98
0.701506	-0.245720	-0.98	-0.98	-0.98	0.98	-0.98
0.337652	-0.141879	-0.98	-0.98	-0.98	0.98	-0.98
0.872439	-0.240225	-0.98	-0.98	-0.98	0.98	-0.98
0.289273	-0.255876	-0.98	-0.98	-0.98	0.98	-0.98
0.779161	0.826524	-0.98	0.98	-0.98	-0.98	-0.98
0.619984	-0.283475	-0.98	-0.98	-0.98	0.98	-0.98
0.514302	0.555078	-0.98	0.98	-0.98	-0.98	-0.98
-0.513693	-0.084794	-0.98	-0.98	-0.98	-0.98	0.98
0.520459	0.528070	-0.98	0.98	-0.98	-0.98	-0.98
0.084376	-0.609552	-0.98	-0.98	-0.98	-0.98	0.98
0.019381	0.801098	-0.98	-0.98	-0.98	-0.98	0.98
0.592255	-0.732400	-0.98	-0.98	-0.98	0.98	-0.98
-0.512835	0.281971	0.98	-0.98	-0.98	-0.98	-0.98
-0.716862	-0.589064	-0.98	-0.98	0.98	-0.98	-0.98
0.805782	0.784555	-0.98	0.98	-0.98	-0.98	-0.98
0.669335	0.704806	-0.98	0.98	-0.98	-0.98	-0.98
0.355635	-0.131915	-0.98	-0.98	-0.98	0.98	-0.98
0.659411	0.210070	-0.98	0.98	-0.98	-0.98	-0.98
0.684042	0.495698	-0.98	0.98	-0.98	-0.98	-0.98
-0.278505	0.670029	0.98	-0.98	-0.98	-0.98	-0.98
0.176245	-0.182890	-0.98	-0.98	-0.98	0.98	-0.98
0.449807	-0.999453	-0.98	-0.98	-0.98	0.98	-0.98
-0.823308	-0.253608	-0.98	-0.98	0.98	-0.98	-0.98
-0.659291	0.182391	0.98	-0.98	-0.98	-0.98	-0.98
0.421372	-0.434154	-0.98	-0.98	-0.98	0.98	-0.98
-0.144198	0.297461	0.98	-0.98	-0.98	-0.98	-0.98
0.420224	-0.634189	-0.98	-0.98	-0.98	0.98	-0.98
0.981051	0.802135	-0.98	0.98	-0.98	-0.98	-0.98
0.031268	0.949863	-0.98	-0.98	-0.98	-0.98	0.98
-0.559757	-0.296810	-0.98	-0.98	0.98	-0.98	-0.98
0.290272	-0.845439	-0.98	-0.98	-0.98	0.98	-0.98
-0.652808	-0.165361	-0.98	-0.98	0.98	-0.98	-0.98
0.951963	0.911606	-0.98	0.98	-0.98	-0.98	-0.98
0.157289	-0.474088	-0.98	-0.98	-0.98	0.98	-0.98
0.324305	-0.480890	-0.98	-0.98	-0.98	0.98	-0.98
-0.476080	0.781791	0.98	-0.98	-0.98	-0.98	-0.98
-0.792339	0.707195	0.98	-0.98	-0.98	-0.98	-0.98
-0.010127	-0.501179	-0.98	-0.98	-0.98	-0.98	0.98
0.043353	-0.201348	-0.98	-0.98	-0.98	-0.98	0.98
0.284056	-0.453389	-0.98	-0.98	-0.98	0.98	-0.98
0.353166	0.110063	-0.98	0.98	-0.98	-0.98	-0.98
0.644337	0.216095	-0.98	0.98	-0.98	-0.98	-0.98
0.611873	-0.930535	-0.98	-0.98	-0.98	0.98	-0.98
-0.265591	0.977665	0.98	-0.98	-0.98	-0.98	-0.98
-0.814257	-0.647693	-0.98	-0.98	0.98	-0.98	-0.98
-0.746199	-0.211172	-0.98	-0.98	0.98	-0.98	-0.98
0.649790	0.638004	-0.98	0.98	-0.98	-0.98	-0.98
0.073186	-0.074221	-0.98	-0.98	-0.98	-0.98	0.98
-0.760200	-0.415998	-0.98	-0.98	0.98	-0.98	-0.98
-0.837163	-0.224486	-0.98	-0.98	0.98	-0.98	-0.98
0.203172	-0.283200	-0.98	-0.98	-0.98	0.98	-0.98
0.630764	0.140292	-0.98	0.98	-0.98	-0.98	-0.98
-0.369219	0.925317	0.98	-0.98	-0.98	-0.98	-0.98
0.884333	0.590816	-0.98	0.98	-0.98	-0.98	-0.98
-0.561622	0.372674	0.98	-0.98	-0.98	-0.98	-0.98
-0.358468	0.789687	0.98	-0.98	-0.98	-0.98	-0.98
0.614679	-0.448971	-0.98	-0.98	-0.98	0.98	-0.98
-0.283198	-0.337839	-0.98	-0.98	0.98	-0.98	-0.98
0.171307	-0.569218	-0.98	-0.98	-0.98	0.98	-0.98
-0.239716	0.518587	0.98	-0.98	-0.98	-0.98	-0.98
0.662725	0.189488	-0.98	0.98	-0.98	-0.98	-0.98
0.160515	0.408714	-0.98	0.98	-0.98	-0.98	-0.98
0.024758	0.760278	-0.98	-0.98	-0.98	-0.98	0.98
0.151153	0.901276	-0.98	0.98	-0.98	-0.98	-0.98
-0.817939	0.732996	0.98	-0.98	-0.98	-0.98	-0.98
0.728934	-0.675207	-0.98	-0.98	-0.98	0.98	-0.98
0.590917	-0.000032	-0.98	-0.98	-0.98	-0.98	0.98
-0.658760	0.749760	0.98	-0.98	-0.98	-0.98	-0.98
0.919678	0.226059	-0.98	0.98	-0.98	-0.98	-0.98
0.934022	-0.286334	-0.98	-0.98	-0.98	0.98	-0.98
0.551352	-0.664761	-0.98	-0.98	-0.98	0.98	-0.98
0.259423	-0.742083	-0.98	-0.98	-0.98	0.98	-0.98
0.146815	0.477320	-0.98	0.98	-0.98	-0.98	-0.98
0.704330	-0.886583	-0.98	-0.98	-0.98	0.98	-0.98
0.816488	-0.977751	-0.98	-0.98	-0.98	0.98	-0.98
-0.833235	0.322306	0.98	-0.98	-0.98	-0.98	-0.98
0.524403	-0.168829	-0.98	-0.98	-0.98	0.98	-0.98
0.323911	0.937333	-0.98	0.98	-0.98	-0.98	-0.98
-0.118424	0.341546	0.98	-0.98	-0.98	-0.98	-0.98
-0.769992	0.036471	-0.98	-0.98	-0.98	-0.98	0.98
-0.949522	0.374426	0.98	-0.98	-0.98	-0.98	-0.98
0.681790	-0.953057	-0.98	-0.98	-0.98	0.98	-0.98
0.316561	0.598163	-0.98	0.98	-0.98	-0.98	-0.98
0.624497	-0.017606	-0.98	-0.98	-0.98	-0.98	0.98
0.652631	-0.332211	-0.98	-0.98	-0.98	0.98	-0.98
0.579927	0.093466	-0.98	-0.98	-0.98	-0.98	0.98
0.650142	0.272468	-0.98	0.98	-0.98	-0.98	-0.98
0.823910	0.258672	-0.98	0.98	-0.98	-0.98	-0.98
0.887466	-0.650161	-0.98	-0.98	-0.98	0.98	-0.98
-0.487600	-0.054594	-0.98	-0.98	-0.98	-0.98	0.98
0.387359	-0.176576	-0.98	-0.98	-0.98	0.98	-0.98
0.234533	-0.066997	-0.98	-0.98	-0.98	-0.98	0.98
0.662775	0.916628	-0.98	0.98	-0.98	-0.98	-0.98
0.549171	0.972369	-0.98	0.98	-0.98	-0.98	-0.98
-0.425519	-0.514248	-0.98	-0.98	0.98	-0.98	-0.98
0.007854	-0.753542	-0.98	-0.98	-0.98	-0.98	0.98
-0.503365	-0.365897	-0.98	-0.98	0.98	-0.98	-0.98
-0.924164	0.983495	0.98	-0.98	-0.98	-0.98	-0.98
-0.821754	-0.281617	-0.98	-0.98	0.98	-0.98	-0.98
0.147560	0.209803	-0.98	0.98	-0.98	-0.98	-0.98
0.775488	-0.515735	-0.98	-0.98	-0.98	0.98	-0.98
-0.526065	0.941202	0.98	-0.98	-0.98	-0.98	-0.98
0.469461	-0.821521	-0.98	-0.98	-0.98	0.98	-0.98
-0.762151	0.521462	0.98	-0.98	-0.98	-0.98	-0.98
-0.836597	0.167824	0.98	-0.98	-0.98	-0.98	-0.98
0.431337	0.531714	-0.98	0.98	-0.98	-0.98	-0.98
0.254512	0.868646	-0.98	0.98	-0.98	-0.98	-0.98
0.806340	-0.429951	-0.98	-0.98	-0.98	0.98	-0.98
-0.068397	-0.043434	-0.98	-0.98	-0.98	-0.98	0.98
-0.842146	-0.299473	-0.98	-0.98	0.98	-0.98	-0.98
0.508590	0.710673	-0.98	0.98	-0.98	-0.98	-0.98
-0.493478	0.474927	0.98	-0.98	-0.98	-0.98	-0.98
-0.964625	-0.929535	-0.98	-0.98	0.98	-0.98	-0.98
-0.947378	0.874068	0.98	-0.98	-0.98	-0.98	-0.98
-0.635987	0.584960	0.98	-0.98	-0.98	-0.98	-0.98
0.079958	-0.174784	-0.98	-0.98	-0.98	-0.98	0.98
-0.858693	-0.056977	-0.98	-0.98	-0.98	-0.98	0.98
-0.122353	-0.839535	-0.98	-0.98	0.98	-0.98	-0.98
-0.156929	0.752280	0.98	-0.98	-0.98	-0.98	-0.98
-0.272554	0.631966	0.98	-0.98	-0.98	-0.98	-0.98
0.746691	-0.783881	-0.98	-0.98	-0.98	0.98	-0.98
-0.637879	0.063191	-0.98	-0.98	-0.98	-0.98	0.98
-0.281343	-0.327312	-0.98	-0.98	0.98	-0.98	-0.98
-0.734096	0.805717	0.98	-0.98	-0.98	-0.98	-0.98
-0.234578	-0.817359	-0.98	-0.98	0.98	-0.98	-0.98
-0.183326	-0.516550	-0.98	-0.98	0.98	-0.98	-0.98
0.422034	-0.753990	-0.98	-0.98	-0.98	0.98	-0.98
0.775302	0.991701	-0.98	0.98	-0.98	-0.98	-0.98
0.829412	-0.944910	-0.98	-0.98	-0.98	0.98	-0.98
-0.005271	-0.788233	-0.98	-0.98	-0.98	-0.98	0.98
-0.964744	0.757042	0.98	-0.98	-0.98	-0.98	-0.98
-0.425455	-0.776785	-0.98	-0.98	0.98	-0.98	-0.98
0.551071	0.864346	-0.98	0.98	-0.98	-0.98	-0.98
-0.732269	-0.318481	-0.98	-0.98	0.98	-0.98	-0.98
-0.398496	-0.321736	-0.98	-0.98	0.98	-0.98	-0.98
-0.526497	0.724312	0.98	-0.98	-0.98	-0.98	-0.98
-0.699145	0.325044	0.98	-0.98	-0.98	-0.98	-0.98
-0.782579	-0.968704	-0.98	-0.98	0.98	-0.98	-0.98
-0.463388	-0.563294	-0.98	-0.98	0.98	-0.98	-0.98
-0.638063	-0.097468	-0.98	-0.98	-0.98	-0.98	0.98
0.168366	-0.018405	-0.98	-0.98	-0.98	-0.98	0.98
-0.037040	-0.007474	-0.98	-0.98	-0.98	-0.98	0.98
0.374718	-0.576747	-0.98	-0.98	-0.98	0.98	-0.98
-0.757156	0.570168	0.98	-0.98	-0.98	-0.98	-0.98
0.637457	0.602154	-0.98	0.98	-0.98	-0.98	-0.98
-0.847389	-0.300566	-0.98	-0.98	0.98	-0.98	-0.98
0.515355	-0.860512	-0.98	-0.98	-0.98	0.98	-0.98
-0.065555	0.156593	-0.98	-0.98	-0.98	-0.98	0.98
0.940674	-0.361865	-0.98	-0.98	-0.98	0.98	-0.98
0.271551	0.111033	-0.98	0.98	-0.98	-0.98	-0.98
0.781197	-0.373224	-0.98	-0.98	-0.98	0.98	-0.98
-0.278464	-0.119762	-0.98	-0.98	0.98	-0.98	-0.98
0.385794	0.246387	-0.98	0.98	-0.98	-0.98	-0.98
-0.716748	0.478180	0.98	-0.98	-0.98	-0.98	-0.98
-0.441259	-0.896681	-0.98	-0.98	0.98	-0.98	-0.98
0.240798	0.020360	-0.98	-0.98	-0.98	-0.98	0.98
-0.776076	0.813779	0.98	-0.98	-0.98	-0.98	-0.98
-0.199731	-0.468034	-0.98	-0.98	0.98	-0.98	-0.98
0.928224	-0.210097	-0.98	-0.98	-0.98	0.98	-0.98
-0.745219	-0.249206	-0.98	-0.98	0.98	-0.98	-0.98
0.876628	0.284911	-0.98	0.98	-0.98	-0.98	-0.98
-0.839797	-0.565611	-0.98	-0.98	0.98	-0.98	-0.98
-0.480106	0.886416	0.98	-0.98	-0.98	-0.98	-0.98
0.865675	-0.063067	-0.98	-0.98	-0.98	-0.98	0.98
-0.843387	-0.854080	-0.98	-0.98	0.98	-0.98	-0.98
-0.629825	0.440659	0.98	-0.98	-0.98	-0.98	-0.98
0.923337	0.572799	-0.98	0.98	-0.98	-0.98	-0.98
-0.039671	0.477238	-0.98	-0.98	-0.98	-0.98	0.98
-0.766767	-0.483902	-0.98	-0.98	0.98	-0.98	-0.98
-0.417120	-0.308996	-0.98	-0.98	0.98	-0.98	-0.98
0.064867	-0.850391	-0.98	-0.98	-0.98	-0.98	0.98
0.493890	0.951340	-0.98	0.98	-0.98	-0.98	-0.98
0.030780	0.834146	-0.98	-0.98	-0.98	-0.98	0.98
0.555091	-0.481193	-0.98	-0.98	-0.98	0.98	-0.98
-0.968099	-0.584773	-0.98	-0.98	0.98	-0.98	-0.98
-0.498979	0.791682	0.98	-0.98	-0.98	-0.98	-0.98
-0.915947	-0.446552	-0.98	-0.98	0.98	-0.98	-0.98
0.131742	0.357761	-0.98	0.98	-0.98	-0.98	-0.98
-0.425347	0.507499	0.98	-0.98	-0.98	-0.98	-0.98
0.489842	0.144073	-0.98	0.98	-0.98	-0.98	-0.98
-0.179858	0.763343	0.98	-0.98	-0.98	-0.98	-0.98
-0.089361	-0.419975	-0.98	-0.98	-0.98	-0.98	0.98
0.767923	0.747408	-0.98	0.98	-0.98	-0.98	-0.98
-0.935195	-0.148298	-0.98	-0.98	0.98	-0.98	-0.98
0.117300	-0.221198	-0.98	-0.98	-0.98	0.98	-0.98
0.584570	0.102997	-0.98	0.98	-0.98	-0.98	-0.98
-0.135460	-0.158616	-0.98	-0.98	0.98	-0.98	-0.98
-0.141695	0.049500	-0.98	-0.98	-0.98	-0.98	0.98
0.833318	-0.851808	-0.98	-0.98	-0.98	0.98	-0.98
-0.851166	-0.239642	-0.98	-0.98	0.98	-0.98	-0.98
0.614531	0.903010	-0.98	0.98	-0.98	-0.98	-0.98
0.484929	0.996569	-0.98	0.98	-0.98	-0.98	-0.98
0.136887	-0.227387	-0.98	-0.98	-0.98	0.98	-0.98
-0.569973	0.498072	0.98	-0.98	-0.98	-0.98	-0.98
-0.801062	0.769018	0.98	-0.98	-0.98	-0.98	-0.98
-0.988924	-0.300536	-0.98	-0.98	0.98	-0.98	-0.98
-0.521641	-0.256459	-0.98	-0.98	0.98	-0.98	-0.98
0.856246	0.416435	-0.98	0.98	-0.98	-0.98	-0.98
0.925227	-0.166719	-0.98	-0.98	-0.98	0.98	-0.98
-0.946070	-0.272376	-0.98	-0.98	0.98	-0.98	-0.98
0.781514	-0.681649	-0.98	-0.98	-0.98	0.98	-0.98
-0.563893	-0.076240	-0.98	-0.98	-0.98	-0.98	0.98
-0.979367	0.475780	0.98	-0.98	-0.98	-0.98	-0.98
0.841446	-0.585089	-0.98	-0.98	-0.98	0.98	-0.98
0.616901	0.012225	-0.98	-0.98	-0.98	-0.98	0.98
0.208945	0.176766	-0.98	0.98	-0.98	-0.98	-0.98
-0.876940	0.449209	0.98	-0.98	-0.98	-0.98	-0.98
-0.608749	-0.004362	-0.98	-0.98	-0.98	-0.98	0.98
-0.671719	0.229824	0.98	-0.98	-0.98	-0.98	-0.98
0.612280	0.607631	-0.98	0.98	-0.98	-0.98	-0.98
-0.759988	0.258895	0.98	-0.98	-0.98	-0.98	-0.98
0.450877	-0.436233	-0.98	-0.98	-0.98	0.98	-0.98
-0.081010	0.687135	-0.98	-0.98	-0.98	-0.98	0.98
0.597995	-0.974483	-0.98	-0.98	-0.98	0.98	-0.98
-0.416482	0.699892	0.98	-0.98	-0.98	-0.98	-0.98
-0.380767	0.112784	0.98	-0.98	-0.98	-0.98	-0.98
0.440643	0.544336	-0.98	0.98	-0.98	-0.98	-0.98
-0.131730	-0.397773	-0.98	-0.98	0.98	-0.98	-0.98
0.628215	0.073903	-0.98	-0.98	-0.98	-0.98	0.98
0.563478	0.399135	-0.98	0.98	-0.98	-0.98	-0.98
0.953072	-0.247088	-0.98	-0.98	-0.98	0.98	-0.98
0.282378	-0.374453	-0.98	-0.98	-0.98	0.98	-0.98
0.024863	0.973165	-0.98	-0.98	-0.98	-0.98	0.98
0.796459	0.656295	-0.98	0.98	-0.98	-0.98	-0.98
0.687238	0.549030	-0.98	0.98	-0.98	-0.98	-0.98
-0.557380	-0.504356	-0.98	-0.98	0.98	-0.98	-0.98
0.781557	-0.086948	-0.98	-0.98	-0.98	-0.98	0.98
-0.655929	-0.870829	-0.98	-0.98	0.98	-0.98	-0.98
-0.890134	-0.310390	-0.98	-0.98	0.98	-0.98	-0.98
0.091350	-0.519962	-0.98	-0.98	-0.98	-0.98	0.98
0.254995	0.757542	-0.98	0.98	-0.98	-0.98	-0.98
0.731322	0.289241	-0.98	0.98	-0.98	-0.98	-0.98
-0.559887	-0.588939	-0.98	-0.98	0.98	-0.98	-0.98
-0.165327	0.343132	0.98	-0.98	-0.98	-0.98	-0.98
0.902307	-0.605706	-0.98	-0.98	-0.98	0.98	-0.98
0.489007	0.930400	-0.98	0.98	-0.98	-0.98	-0.98
-0.205661	0.948821	0.98	-0.98	-0.98	-0.98	-0.98
-0.154957	0.010681	-0.98	-0.98	-0.98	-0.98	0.98
0.056314	-0.384882	-0.98	-0.98	-0.98	-0.98	0.98
-0.688099	0.750805	0.98	-0.98	-0.98	-0.98	-0.98
0.531732	0.401523	-0.98	0.98	-0.98	-0.98	-0.98
-0.591567	0.698557	0.98	-0.98	-0.98	-0.98	-0.98
0.558248	0.026523	-0.98	-0.98	-0.98	-0.98	0.98
0.184606	0.264479	-0.98	0.98	-0.98	-0.98	-0.98
0.160832	-0.906262	-0.98	-0.98	-0.98	0.98	-0.98
-0.895097	0.668169	0.98	-0.98	-0.98	-0.98	-0.98
0.658612	0.085727	-0.98	-0.98	-0.98	-0.98	0.98
0.615814	0.733278	-0.98	0.98	-0.98	-0.98	-0.98
-0.881486	0.366190	0.98	-0.98	-0.98	-0.98	-0.98
-0.969809	0.037902	-0.98	-0.98	-0.98	-0.98	0.98
0.316149	0.081019	-0.98	-0.98	-0.98	-0.98	0.98
-0.655530	-0.681838	-0.98	-0.98	0.98	-0.98	-0.98
-0.913728	0.335711	0.98	-0.98	-0.98	-0.98	-0.98
-0.126196	0.200409	0.98	-0.98	-0.98	-0.98	-0.98
0.218688	0.441726	-0.98	0.98	-0.98	-0.98	-0.98
0.067932	-0.917767	-0.98	-0.98	-0.98	-0.98	0.98
0.391957	0.283124	-0.98	0.98	-0.98	-0.98	-0.98
0.884212	0.927323	-0.98	0.98	-0.98	-0.98	-0.98
-0.221708	-0.548436	-0.98	-0.98	0.98	-0.98	-0.98
0.787809	0.262790	-0.98	0.98	-0.98	-0.98	-0.98
-0.851284	-0.661647	-0.98	-0.98	0.98	-0.98	-0.98
-0.212496	0.545133	0.98	-0.98	-0.98	-0.98	-0.98
-0.007105	0.209882	-0.98	-0.98	-0.98	-0.98	0.98
-0.780113	0.651812	0.98	-0.98	-0.98	-0.98	-0.98
0.728795	0.157377	-0.98	0.98	-0.98	-0.98	-0.98
0.413538	0.222828	-0.98	0.98	-0.98	-0.98	-0.98
0.214624	0.500342	-0.98	0.98	-0.98	-0.98	-0.98
-0.355105	-0.298084	-0.98	-0.98	0.98	-0.98	-0.98
-0.678883	-0.269112	-0.98	-0.98	0.98	-0.98	-0.98
0.474312	-0.428333	-0.98	-0.98	-0.98	0.98	-0.98
0.584133	0.084416	-0.98	-0.98	-0.98	-0.98	0.98
-0.351797	-0.057484	-0.98	-0.98	-0.98	-0.98	0.98
-0.581801	-0.499451	-0.98	-0.98	0.98	-0.98	-0.98
0.038313	-0.089079	-0.98	-0.98	-0.98	-0.98	0.98
0.565002	-0.792121	-0.98	-0.98	-0.98	0.98	-0.98
0.341218	-0.829989	-0.98	-0.98	-0.98	0.98	-0.98
0.972173	0.621389	-0.98	0.98	-0.98	-0.98	-0.98
-0.000456	-0.429540	-0.98	-0.98	-0.98	-0.98	0.98
0.898973	-0.512526	-0.98	-0.98	-0.98	0.98	-0.98
0.422174	0.550171	-0.98	0.98	-0.98	-0.98	-0.98
-0.994098	-0.544965	-0.98	-0.98	0.98	-0.98	-0.98
0.823727	-0.475756	-0.98	-0.98	-0.98	0.98	-0.98
-0.112273	-0.544754	-0.98	-0.98	0.98	-0.98	-0.98
0.046039	0.188556	-0.98	-0.98	-0.98	-0.98	0.98
-0.002755	0.295115	-0.98	-0.98	-0.98	-0.98	0.98
0.693101	-0.388742	-0.98	-0.98	-0.98	0.98	-0.98
0.221514	-0.695139	-0.98	-0.98	-0.98	0.98	-0.98
-0.534828	-0.083843	-0.98	-0.98	-0.98	-0.98	0.98
-0.579733	-0.952706	-0.98	-0.98	0.98	-0.98	-0.98
0.640466	0.906613	-0.98	0.98	-0.98	-0.98	-0.98
0.594348	-0.636906	-0.98	-0.98	-0.98	0.98	-0.98
0.186157	0.423345	-0.98	0.98	-0.98	-0.98	-0.98
-0.751625	0.295804	0.98	-0.98	-0.98	-0.98	-0.98
0.475918	-0.656090	-0.98	-0.98	-0.98	0.98	-0.98
-0.779737	-0.019244	-0.98	-0.98	-0.98	-0.98	0.98
-0.129522	0.052972	-0.98	-0.98	-0.98	-0.98	0.98
0.820796	-0.905955	-0.98	-0.98	-0.98	0.98	-0.98
-0.127926	-0.025910	-0.98	-0.98	-0.98	-0.98	0.98
-0.525914	0.957483	0.98	-0.98	-0.98	-0.98	-0.98
-0.371077	-0.416046	-0.98	-0.98	0.98	-0.98	-0.98
0.564749	-0.096045	-0.98	-0.98	-0.98	-0.98	0.98
0.492894	0.744743	-0.98	0.98	-0.98	-0.98	-0.98
0.060503	-0.164316	-0.98	-0.98	-0.98	-0.98	0.98
0.509830	0.714818	-0.98	0.98	-0.98	-0.98	-0.98
-0.546505	0.791844	0.98	-0.98	-0.98	-0.98	-0.98
0.359114	0.778330	-0.98	0.98	-0.98	-0.98	-0.98
0.892259	-0.467173	-0.98	-0.98	-0.98	0.98	-0.98
0.814704	-0.909961	-0.98	-0.98	-0.98	0.98	-0.98
-0.586089	-0.450780	-0.98	-0.98	0.98	-0.98	-0.98
0.541633	-0.295104	-0.98	-0.98	-0.98	0.98	-0.98
-0.206435	-0.988104	-0.98	-0.98	0.98	-0.98	-0.98
-0.997008	-0.888755	-0.98	-0.98	0.98	-0.98	-0.98
0.147831	0.817653	-0.98	0.98	-0.98	-0.98	-0.98
-0.837595	0.643118	0.98	-0.98	-0.98	-0.98	-0.98
0.264520	-0.752406	-0.98	-0.98	-0.98	0.98	-0.98
-0.396199	-0.638468	-0.98	-0.98	0.98	-0.98	-0.98
0.314300	0.053996	-0.98	-0.98	-0.98	-0.98	0.98
-0.187925	-0.811751	-0.98	-0.98	0.98	-0.98	-0.98
-0.402189	0.206344	0.98	-0.98	-0.98	-0.98	-0.98
0.997453	0.636605	-0.98	0.98	-0.98	-0.98	-0.98
-0.502931	-0.523213	-0.98	-0.98	0.98	-0.98	-0.98
0.872190	0.785061	-0.98	0.98	-0.98	-0.98	-0.98
0.805867	-0.422183	-0.98	-0.98	-0.98	0.98	-0.98
-0.505187	0.468880	0.98	-0.98	-0.98	-0.98	-0.98
-0.959077	0.698257	0.98	-0.98	-0.98	-0.98	-0.98
-0.242778	0.438770	0.98	-0.98	-0.98	-0.98	-0.98
-0.415179	0.327457	0.98	-0.98	-0.98	-0.98	-0.98
0.089671	-0.047831	-0.98	-0.98	-0.98	-0.98	0.98
0.247468	-0.250635	-0.98	-0.98	-0.98	0.98	-0.98
0.514582	-0.495128	-0.98	-0.98	-0.98	0.98	-0.98
0.938783	0.747258	-0.98	0.98	-0.98	-0.98	-0.98
-0.079868	0.084736	-0.98	-0.98	-0.98	-0.98	0.98
-0.133604	-0.418185	-0.98	-0.98	0.98	-0.98	-0.98
-0.599005	0.796040	0.98	-0.98	-0.98	-0.98	-0.98
-0.942426	-0.895332	-0.98	-0.98	0.98	-0.98	-0.98
0.373466	0.039659	-0.98	-0.98	-0.98	-0.98	0.98
-0.336551	0.054966	-0.98	-0.98	-0.98	-0.98	0.98
-0.604542	0.799282	0.98	-0.98	-0.98	-0.98	-0.98
0.259703	-0.865003	-0.98	-0.98	-0.98	0.98	-0.98
-0.329329	-0.565075	-0.98	-0.98	0.98	-0.98	-0.98
0.080028	0.841740	-0.98	-0.98	-0.98	-0.98	0.98
0.985062	0.939905	-0.98	0.98	-0.98	-0.98	-0.98
-0.742498	-0.869398	-0.98	-0.98	0.98	-0.98	-0.98
0.398234	-0.942559	-0.98	-0.98	-0.98	0.98	-0.98
-0.406617	-0.202667	-0.98	-0.98	0.98	-0.98	-0.98
-0.722313	-0.706072	-0.98	-0.98	0.98	-0.98	-0.98
-0.771302	-0.602313	-0.98	-0.98	0.98	-0.98	-0.98
-0.379141	-0.854695	-0.98	-0.98	0.98	-0.98	-0.98
-0.001507	0.089054	-0.98	-0.98	-0.98	-0.98	0.98
0.093690	0.757322	-0.98	-0.98	-0.98	-0.98	0.98
0.440719	-0.787432	-0.98	-0.98	-0.98	0.98	-0.98
0.992564	-0.287328	-0.98	-0.98	-0.98	0.98	-0.98
-0.432988	-0.438295	-0.98	-0.98	0.98	-0.98	-0.98
0.432602	-0.893956	-0.98	-0.98	-0.98	0.98	-0.98
0.257899	0.732916	-0.98	0.98	-0.98	-0.98	-0.98
0.367962	-0.850722	-0.98	-0.98	-0.98	0.98	-0.98
0.883539	-0.066852	-0.98	-0.98	-0.98	-0.98	0.98
0.256339	-0.260672	-0.98	-0.98	-0.98	0.98	-0.98
0.548156	0.994355	-0.98	0.98	-0.98	-0.98	-0.98
0.984863	-0.619874	-0.98	-0.98	-0.98	0.98	-0.98
0.202033	-0.018639	-0.98	-0.98	-0.98	-0.98	0.98
-0.047641	0.019394	-0.98	-0.98	-0.98	-0.98	0.98
0.475274	0.103618	-0.98	0.98	-0.98	-0.98	-0.98
0.880499	0.648906	-0.98	0.98	-0.98	-0.98	-0.98
-0.398994	-0.440455	-0.98	-0.98	0.98	-0.98	-0.98
0.382906	-0.173918	-0.98	-0.98	-0.98	0.98	-0.98
-0.203343	-0.288148	-0.98	-0.98	0.98	-0.98	-0.98
-0.960834	-0.334926	-0.98	-0.98	0.98	-0.98	-0.98
-0.550529	-0.027596	-0.98	-0.98	-0.98	-0.98	0.98
-0.121254	0.830963	0.98	-0.98	-0.98	-0.98	-0.98
-0.535251	0.364637	0.98	-0.98	-0.98	-0.98	-0.98
0.821513	0.915786	-0.98	0.98	-0.98	-0.98	-0.98
0.255826	0.748476	-0.98	0.98	-0.98	-0.98	-0.98
0.253553	-0.500444	-0.98	-0.98	-0.98	0.98	-0.98
0.545376	-0.853203	-0.98	-0.98	-0.98	0.98	-0.98
0.755685	0.654486	-0.98	0.98	-0.98	-0.98	-0.98
0.340760	0.015466	-0.98	-0.98	-0.98	-0.98	0.98
-0.931432	0.860395	0.98	-0.98	-0.98	-0.98	-0.98
-0.641266	-0.081542	-0.98	-0.98	-0.98	-0.98	0.98
-0.672518	-0.924656	-0.98	-0.98	0.98	-0.98	-0.98
0.399876	0.893389	-0.98	0.98	-0.98	-0.98	-0.98
0.745881	-0.653398	-0.98	-0.98	-0.98	0.98	-0.98
-0.619929	-0.993629	-0.98	-0.98	0.98	-0.98	-0.98
-0.530319	0.462102	0.98	-0.98	-0.98	-0.98	-0.98
0.395967	0.401999	-0.98	0.98	-0.98	-0.98	-0.98
-0.754834	0.978785	0.98	-0.98	-0.98	-0.98	-0.98
-0.661872	-0.334871	-0.98	-0.98	0.98	-0.98	-0.98
-0.634267	-0.724572	-0.98	-0.98	0.98	-0.98	-0.98
-0.219791	-0.362845	-0.98	-0.98	0.98	-0.98	-0.98
0.089024	0.460332	-0.98	-0.98	-0.98	-0.98	0.98
0.559000	-0.463694	-0.98	-0.98	-0.98	0.98	-0.98
0.786008	0.344844	-0.98	0.98	-0.98	-0.98	-0.98
0.190986	0.883850	-0.98	0.98	-0.98	-0.98	-0.98
-0.055025	0.568598	-0.98	-0.98	-0.98	-0.98	0.98
-0.607196	-0.924678	-0.98	-0.98	0.98	-0.98	-0.98
0.840745	0.648451	-0.98	0.98	-0.98	-0.98	-0.98
-0.372141	-0.439112	-0.98	-0.98	0.98	-0.98	-0.98
0.520134	-0.346718	-0.98	-0.98	-0.98	0.98	-0.98
0.433246	-0.253422	-0.98	-0.98	-0.98	0.98	-0.98
-0.523058	0.197630	0.98	-0.98	-0.98	-0.98	-0.98
-0.843114	0.825654	0.98	-0.98	-0.98	-0.98	-0.98
0.858506	-0.398019	-0.98	-0.98	-0.98	0.98	-0.98
0.223945	0.744531	-0.98	0.98	-0.98	-0.98	-0.98
-0.091280	0.940175	-0.98	-0.98	-0.98	-0.98	0.98
0.767553	-0.156967	-0.98	-0.98	-0.98	0.98	-0.98
-0.438053	-0.387520	-0.98	-0.98	0.98	-0.98	-0.98
-0.345349	-0.994326	-0.98	-0.98	0.98	-0.98	-0.98
-0.707189	-0.528108	-0.98	-0.98	0.98	-0.98	-0.98
-0.928589	0.888619	0.98	-0.98	-0.98	-0.98	-0.98
0.606500	0.897129	-0.98	0.98	-0.98	-0.98	-0.98
-0.751705	0.471749	0.98	-0.98	-0.98	-0.98	-0.98
-0.599753	-0.052106	-0.98	-0.98	-0.98	-0.98	0.98
-0.571933	-0.705287	-0.98	-0.98	0.98	-0.98	-0.98
0.874338	-0.708898	-0.98	-0.98	-0.98	0.98	-0.98
-0.886528	0.199885	0.98	-0.98	-0.98	-0.98	-0.98
0.636108	0.431321	-0.98	0.98	-0.98	-0.98	-0.98
0.567185	0.630542	-0.98	0.98	-0.98	-0.98	-0.98
0.112866	-0.521636	-0.98	-0.98	-0.98	0.98	-0.98
-0.248727	0.014448	-0.98	-0.98	-0.98	-0.98	0.98
-0.454643	0.349463	0.98	-0.98	-0.98	-0.98	-0.98
-0.290228	-0.254686	-0.98	-0.98	0.98	-0.98	-0.98
-0.994582	0.891211	0.98	-0.98	-0.98	-0.98	-0.98
-0.071052	0.200634	-0.98	-0.98	-0.98	-0.98	0.98
0.963178	-0.544477	-0.98	-0.98	-0.98	0.98	-0.98
0.539446	-0.661346	-0.98	-0.98	-0.98	0.98	-0.98
0.071616	-0.056372	-0.98	-0.98	-0.98	-0.98	0.98
-0.532026	0.741825	0.98	-0.98	-0.98	-0.98	-0.98
-0.219310	-0.925324	-0.98	-0.98	0.98	-0.98	-0.98
0.177566	0.504245	-0.98	0.98	-0.98	-0.98	-0.98
-0.224930	-0.171685	-0.98	-0.98	0.98	-0.98	-0.98
-0.820487	0.527154	0.98	-0.98	-0.98	-0.98	-0.98
-0.769734	0.406967	0.98	-0.98	-0.98	-0.98	-0.98
0.513490	-0.760025	-0.98	-0.98	-0.98	0.98	-0.98
-0.784018	0.170385	0.98	-0.98	-0.98	-0.98	-0.98
0.938684	-0.672065	-0.98	-0.98	-0.98	0.98	-0.98
-0.788417	-0.075550	-0.98	-0.98	-0.98	-0.98	0.98
0.490783	-0.331393	-0.98	-0.98	-0.98	0.98	-0.98
0.255139	-0.691935	-0.98	-0.98	-0.98	0.98	-0.98
-0.531218	0.974010	0.98	-0.98	-0.98	-0.98	-0.98
0.997724	0.392426	-0.98	0.98	-0.98	-0.98	-0.98
0.193535	-0.178407	-0.98	-0.98	-0.98	0.98	-0.98
0.006570	-0.859583	-0.98	-0.98	-0.98	-0.98	0.98
-0.513983	-0.106864	-0.98	-0.98	0.98	-0.98	-0.98
0.303300	0.285860	-0.98	0.98	-0.98	-0.98	-0.98
-0.010164	0.737618	-0.98	-0.98	-0.98	-0.98	0.98
-0.159478	0.257743	0.98	-0.98	-0.98	-0.98	-0.98
0.859157	0.253328	-0.98	0.98	-0.98	-0.98	-0.98
-0.570286	-0.834488	-0.98	-0.98	0.98	-0.98	-0.98
-0.066276	-0.045697	-0.98	-0.98	-0.98	-0.98	0.98
0.888579	0.019803	-0.98	-0.98	-0.98	-0.98	0.98
-0.816674	-0.885980	-0.98	-0.98	0.98	-0.98	-0.98
-0.987481	0.550612	0.98	-0.98	-0.98	-0.98	-0.98
-0.638444	0.469703	0.98	-0.98	-0.98	-0.98	-0.98
-0.479963	0.433149	0.98	-0.98	-0.98	-0.98	-0.98
0.390413	0.251251	-0.98	0.98	-0.98	-0.98	-0.98
-0.312122	0.500717	0.98	-0.98	-0.98	-0.98	-0.98
0.559355	0.800589	-0.98	0.98	-0.98	-0.98	-0.98
0.536723	-0.483170	-0.98	-0.98	-0.98	0.98	-0.98
-0.890132	0.468830	0.98	-0.98	-0.98	-0.98	-0.98
0.514421	-0.704911	-0.98	-0.98	-0.98	0.98	-0.98
0.358247	-0.063598	-0.98	-0.98	-0.98	-0.98	0.98
0.052464	0.451823	-0.98	-0.98	-0.98	-0.98	0.98
0.983552	-0.737940	-0.98	-0.98	-0.98	0.98	-0.98
-0.264588	0.128199	0.98	-0.98	-0.98	-0.98	-0.98
0.478322	0.724363	-0.98	0.98	-0.98	-0.98	-0.98
-0.977572	-0.048310	-0.98	-0.98	-0.98	-0.98	0.98
0.119888	-0.565779	-0.98	-0.98	-0.98	0.98	-0.98
0.058704	0.504154	-0.98	-0.98	-0.98	-0.98	0.98
0.700662	-0.654076	-0.98	-0.98	-0.98	0.98	-0.98
0.044822	0.744882	-0.98	-0.98	-0.98	-0.98	0.98
0.229125	0.479593	-0.98	0.98	-0.98	-0.98	-0.98
-0.228361	-0.276257	-0.98	-0.98	0.98	-0.98	-0.98
0.410419	0.754617	-0.98	0.98	-0.98	-0.98	-0.98
0.471169	0.424828	-0.98	0.98	-0.98	-0.98	-0.98
-0.154023	-0.939088	-0.98	-0.98	0.98	-0.98	-0.98
-0.570966	0.890128	0.98	-0.98	-0.98	-0.98	-0.98
-0.645129	-0.336710	-0.98	-0.98	0.98	-0.98	-0.98
0.010435	0.786446	-0.98	-0.98	-0.98	-0.98	0.98
-0.864266	-0.466271	-0.98	-0.98	0.98	-0.98	-0.98
-0.249427	-0.154138	-0.98	-0.98	0.98	-0.98	-0.98
-0.730411	-0.484205	-0.98	-0.98	0.98	-0.98	-0.98
0.168949	0.092796	-0.98	-0.98	-0.98	-0.98	0.98
-0.545128	0.247786	0.98	-0.98	-0.98	-0.98	-0.98
-0.598979	-0.982312	-0.98	-0.98	0.98	-0.98	-0.98
0.174109	-0.334048	-0.98	-0.98	-0.98	0.98	-0.98
-0.289974	-0.619596	-0.98	-0.98	0.98	-0.98	-0.98
0.462716	0.519490	-0.98	0.98	-0.98	-0.98	-0.98
-0.019185	0.550977	-0.98	-0.98	-0.98	-0.98	0.98
0.545995	-0.858724	-0.98	-0.98	-0.98	0.98	-0.98
0.400015	0.618693	-0.98	0.98	-0.98	-0.98	-0.98
-0.533001	-0.509084	-0.98	-0.98	0.98	-0.98	-0.98
-0.690585	-0.914200	-0.98	-0.98	0.98	-0.98	-0.98
-0.288557	0.921936	0.98	-0.98	-0.98	-0.98	-0.98
-0.550510	0.305557	0.98	-0.98	-0.98	-0.98	-0.98
-0.115665	0.029684	-0.98	-0.98	-0.98	-0.98	0.98
0.216855	-0.365865	-0.98	-0.98	-0.98	0.98	-0.98
-0.961869	0.561705	0.98	-0.98	-0.98	-0.98	-0.98
0.449423	0.732499	-0.98	0.98	-0.98	-0.98	-0.98
-0.589752	0.005198	-0.98	-0.98	-0.98	-0.98	0.98
-0.193772	-0.374562	-0.98	-0.98	0.98	-0.98	-0.98
-0.389867	0.583843	0.98	-0.98	-0.98	-0.98	-0.98
0.447619	0.548452	-0.98	0.98	-0.98	-0.98	-0.98
-0.052531	-0.758260	-0.98	-0.98	-0.98	-0.98	0.98
0.083612	-0.052219	-0.98	-0.98	-0.98	-0.98	0.98
0.983441	-0.009123	-0.98	-0.98	-0.98	-0.98	0.98
-0.252248	-0.328746	-0.98	-0.98	0.98	-0.98	-0.98
-0.413047	0.584898	0.98	-0.98	-0.98	-0.98	-0.98
0.806259	-0.471005	-0.98	-0.98	-0.98	0.98	-0.98
-0.775333	-0.189745	-0.98	-0.98	0.98	-0.98	-0.98
0.293763	0.826749	-0.98	0.98	-0.98	-0.98	-0.98
0.776205	-0.909103	-0.98	-0.98	-0.98	0.98	-0.98
-0.005396	0.785519	-0.98	-0.98	-0.98	-0.98	0.98
0.620027	-0.203777	-0.98	-0.98	-0.98	0.98	-0.98
-0.870006	0.114325	0.98	-0.98	-0.98	-0.98	-0.98
-0.258882	0.215609	0.98	-0.98	-0.98	-0.98	-0.98
-0.715415	-0.619469	-0.98	-0.98	0.98	-0.98	-0.98
-0.482694	-0.724959	-0.98	-0.98	0.98	-0.98	-0.98
-0.190015	-0.627897	-0.98	-0.98	0.98	-0.98	-0.98
-0.261068	0.060234	-0.98	-0.98	-0.98	-0.98	0.98
-0.627239	0.429609	0.98	-0.98	-0.98	-0.98	-0.98
0.103888	0.346182	-0.98	0.98	-0.98	-0.98	-0.98
0.328214	-0.649414	-0.98	-0.98	-0.98	0.98	-0.98
0.634929	-0.091500	-0.98	-0.98	-0.98	-0.98	0.98
-0.949381	0.678762	0.98	-0.98	-0.98	-0.98	-0.98
0.546390	-0.273931	-0.98	-0.98	-0.98	0.98	-0.98
0.471205	-0.826717	-0.98	-0.98	-0.98	0.98	-0.98
0.635469	-0.937829	-0.98	-0.98	-0.98	0.98	-0.98
0.589495	0.619035	-0.98	0.98	-0.98	-0.98	-0.98
-0.111273	0.049544	-0.98	-0.98	-0.98	-0.98	0.98
0.519437	-0.299286	-0.98	-0.98	-0.98	0.98	-0.98
-0.675353	-0.158622	-0.98	-0.98	0.98	-0.98	-0.98
-0.824305	-0.402087	-0.98	-0.98	0.98	-0.98	-0.98
0.919113	-0.605758	-0.98	-0.98	-0.98	0.98	-0.98
-0.718578	0.504189	0.98	-0.98	-0.98	-0.98	-0.98
-0.009773	0.071068	-0.98	-0.98	-0.98	-0.98	0.98
-0.866674	0.587477	0.98	-0.98	-0.98	-0.98	-0.98
-0.810408	-0.717562	-0.98	-0.98	0.98	-0.98	-0.98
0.047078	-0.038043	-0.98	-0.98	-0.98	-0.98	0.98
-0.332416	-0.453006	-0.98	-0.98	0.98	-0.98	-0.98
-0.214313	0.675657	0.98	-0.98	-0.98	-0.98	-0.98
-0.756030	0.483241	0.98	-0.98	-0.98	-0.98	-0.98
0.604452	0.300974	-0.98	0.98	-0.98	-0.98	-0.98
-0.083492	0.121123	-0.98	-0.98	-0.98	-0.98	0.98
-0.655293	0.938059	0.98	-0.98	-0.98	-0.98	-0.98
0.532385	0.943576	-0.98	0.98	-0.98	-0.98	-0.98
-0.083648	0.735229	-0.98	-0.98	-0.98	-0.98	0.98
0.382397	-0.770840	-0.98	-0.98	-0.98	0.98	-0.98
-0.581312	0.006102	-0.98	-0.98	-0.98	-0.98	0.98
-0.547602	-0.206470	-0.98	-0.98	0.98	-0.98	-0.98
-0.768247	-0.018041	-0.98	-0.98	-0.98	-0.98	0.98
0.528819	-0.655958	-0.98	-0.98	-0.98	0.98	-0.98
-0.674678	0.062664	-0.98	-0.98	-0.98	-0.98	0.98
0.052063	0.206141	-0.98	-0.98	-0.98	-0.98	0.98
0.169885	0.718088	-0.98	0.98	-0.98	-0.98	-0.98
0.139576	0.520493	-0.98	0.98	-0.98	-0.98	-0.98
-0.700144	0.973477	0.98	-0.98	-0.98	-0.98	-0.98
-0.095880	-0.386438	-0.98	-0.98	-0.98	-0.98	0.98
-0.549545	-0.986032	-0.98	-0.98	0.98	-0.98	-0.98
-0.824276	0.712560	0.98	-0.98	-0.98	-0.98	-0.98
-0.629439	0.669940	0.98	-0.98	-0.98	-0.98	-0.98
-0.542530	0.619076	0.98	-0.98	-0.98	-0.98	-0.98
-0.728440	0.983707	0.98	-0.98	-0.98	-0.98	-0.98
-0.803638	0.666047	0.98	-0.98	-0.98	-0.98	-0.98
-0.938593	-0.745451	-0.98	-0.98	0.98	-0.98	-0.98
-0.094097	0.686789	-0.98	-0.98	-0.98	-0.98	0.98
-0.156034	0.188596	0.98	-0.98	-0.98	-0.98	-0.98
0.013325	0.358480	-0.98	-0.98	-0.98	-0.98	0.98
0.170510	-0.164381	-0.98	-0.98	-0.98	0.98	-0.98
-0.566580	0.302877	0.98	-0.98	-0.98	-0.98	-0.98
-0.559047	0.625037	0.98	-0.98	-0.98	-0.98	-0.98
0.683060	0.499722	-0.98	0.98	-0.98	-0.98	-0.98
0.817751	-0.013919	-0.98	-0.98	-0.98	-0.98	0.98
0.464406	-0.623029	-0.98	-0.98	-0.98	0.98	-0.98
-0.839803	0.093173	-0.98	-0.98	-0.98	-0.98	0.98
0.462185	0.490545	-0.98	0.98	-0.98	-0.98	-0.98
-0.210782	0.749444	0.98	-0.98	-0.98	-0.98	-0.98
-0.011746	-0.541450	-0.98	-0.98	-0.98	-0.98	0.98
-0.012069	-0.388859	-0.98	-0.98	-0.98	-0.98	0.98
0.221318	0.775373	-0.98	0.98	-0.98	-0.98	-0.98
0.272783	0.343017	-0.98	0.98	-0.98	-0.98	-0.98
0.752742	0.841003	-0.98	0.98	-0.98	-0.98	-0.98
0.949155	0.894279	-0.98	0.98	-0.98	-0.98	-0.98
-0.795419	-0.850988	-0.98	-0.98	0.98	-0.98	-0.98
0.366351	-0.755716	-0.98	-0.98	-0.98	0.98	-0.98
0.785890	-0.958693	-0.98	-0.98	-0.98	0.98	-0.98
0.231945	-0.669106	-0.98	-0.98	-0.98	0.98	-0.98
-0.579572	-0.778589	-0.98	-0.98	0.98	-0.98	-0.98
0.553777	0.196781	-0.98	0.98	-0.98	-0.98	-0.98
0.750204	-0.520276	-0.98	-0.98	-0.98	0.98	-0.98
-0.351258	0.469290	0.98	-0.98	-0.98	-0.98	-0.98
-0.030897	-0.695231	-0.98	-0.98	-0.98	-0.98	0.98
0.605464	0.727946	-0.98	0.98	-0.98	-0.98	-0.98
0.124783	0.267038	-0.98	0.98	-0.98	-0.98	-0.98
0.227593	0.103677	-0.98	0.98	-0.98	-0.98	-0.98
0.435063	0.666172	-0.98	0.98	-0.98	-0.98	-0.98
0.331122	-0.145049	-0.98	-0.98	-0.98	0.98	-0.98
-0.973142	-0.622343	-0.98	-0.98	0.98	-0.98	-0.98
0.852099	-0.596589	-0.98	-0.98	-0.98	0.98	-0.98
-0.243880	-0.056972	-0.98	-0.98	-0.98	-0.98	0.98
0.545388	0.255618	-0.98	0.98	-0.98	-0.98	-0.98
0.570797	0.833336	-0.98	0.98	-0.98	-0.98	-0.98
0.190861	0.925852	-0.98	0.98	-0.98	-0.98	-0.98
0.676859	0.018406	-0.98	-0.98	-0.98	-0.98	0.98
0.908839	-0.760341	-0.98	-0.98	-0.98	0.98	-0.98
0.528064	-0.166442	-0.98	-0.98	-0.98	0.98	-0.98
0.944399	0.083729	-0.98	-0.98	-0.98	-0.98	0.98
-0.308348	-0.091764	-0.98	-0.98	-0.98	-0.98	0.98
0.514323	-0.133092	-0.98	-0.98	-0.98	0.98	-0.98
0.675838	0.448864	-0.98	0.98	-0.98	-0.98	-0.98
0.603517	0.534111	-0.98	0.98	-0.98	-0.98	-0.98
-0.288982	0.732645	0.98	-0.98	-0.98	-0.98	-0.98
0.977544	-0.839577	-0.98	-0.98	-0.98	0.98	-0.98
-0.505828	-0.887904	-0.98	-0.98	0.98	-0.98	-0.98
-0.742944	-0.708618	-0.98	-0.98	0.98	-0.98	-0.98
0.221045	0.862391	-0.98	0.98	-0.98	-0.98	-0.98
-0.619460	-0.114825	-0.98	-0.98	0.98	-0.98	-0.98
-0.864456	-0.208247	-0.98	-0.98	0.98	-0.98	-0.98
-0.044589	0.323136	-0.98	-0.98	-0.98	-0.98	0.98
0.388079	-0.941551	-0.98	-0.98	-0.98	0.98	-0.98
-0.054012	-0.939321	-0.98	-0.98	-0.98	-0.98	0.98
0.162567	-0.518396	-0.98	-0.98	-0.98	0.98	-0.98
0.597891	-0.162178	-0.98	-0.98	-0.98	0.98	-0.98
0.562542	0.626926	-0.98	0.98	-0.98	-0.98	-0.98
0.531468	0.514477	-0.98	0.98	-0.98	-0.98	-0.98
-0.622820	0.404974	0.98	-0.98	-0.98	-0.98	-0.98
-0.589440	-0.099927	-0.98	-0.98	-0.98	-0.98	0.98
-0.994753	0.669933	0.98	-0.98	-0.98	-0.98	-0.98
-0.869957	0.455502	0.98	-0.98	-0.98	-0.98	-0.98
0.422913	0.740438	-0.98	0.98	-0.98	-0.98	-0.98
-0.119260	-0.321736	-0.98	-0.98	0.98	-0.98	-0.98
0.836247	0.792652	-0.98	0.98	-0.98	-0.98	-0.98
0.458295	0.010309	-0.98	-0.98	-0.98	-0.98	0.98
0.972520	-0.562772	-0.98	-0.98	-0.98	0.98	-0.98
-0.587856	-0.925783	-0.98	-0.98	0.98	-0.98	-0.98
0.644496	0.827764	-0.98	0.98	-0.98	-0.98	-0.98
-0.151608	0.547123	0.98	-0.98	-0.98	-0.98	-0.98
0.653557	-0.643925	-0.98	-0.98	-0.98	0.98	-0.98
-0.563648	0.222147	0.98	-0.98	-0.98	-0.98	-0.98
-0.766637	-0.282523	-0.98	-0.98	0.98	-0.98	-0.98
0.449631	-0.963990	-0.98	-0.98	-0.98	0.98	-0.98
-0.245599	0.695143	0.98	-0.98	-0.98	-0.98	-0.98
0.468466	-0.687811	-0.98	-0.98	-0.98	0.98	-0.98
-0.099082	0.601428	-0.98	-0.98	-0.98	-0.98	0.98
0.578016	-0.730313	-0.98	-0.98	-0.98	0.98	-0.98
-0.493854	0.526382	0.98	-0.98	-0.98	-0.98	-0.98
-0.529614	-0.241022	-0.98	-0.98	0.98	-0.98	-0.98
-0.979975	-0.339094	-0.98	-0.98	0.98	-0.98	-0.98
0.344276	-0.992174	-0.98	-0.98	-0.98	0.98	-0.98
0.855092	0.268812	-0.98	0.98	-0.98	-0.98	-0.98
-0.481600	0.839783	0.98	-0.98	-0.98	-0.98	-0.98
-0.752233	-0.488266	-0.98	-0.98	0.98	-0.98	-0.98
0.048176	0.277994	-0.98	-0.98	-0.98	-0.98	0.98
-0.217843	0.952055	0.98	-0.98	-0.98	-0.98	-0.98
-0.307970	0.600676	0.98	-0.98	-0.98	-0.98	-0.98
-0.628105	0.040006	-0.98	-0.98	-0.98	-0.98	0.98
-0.369915	-0.593106	-0.98	-0.98	0.98	-0.98	-0.98
0.936682	-0.142536	-0.98	-0.98	-0.98	0.98	-0.98
0.612343	-0.476107	-0.98	-0.98	-0.98	0.98	-0.98
-0.220653	0.159231	0.98	-0.98	-0.98	-0.98	-0.98
-0.672902	0.960567	0.98	-0.98	-0.98	-0.98	-0.98
0.399730	0.426566	-0.98	0.98	-0.98	-0.98	-0.98
0.711998	-0.206589	-0.98	-0.98	-0.98	0.98	-0.98
-0.387544	0.793194	0.98	-0.98	-0.98	-0.98	-0.98
-0.492746	0.520084	0.98	-0.98	-0.98	-0.98	-0.98
-0.070787	0.673090	-0.98	-0.98	-0.98	-0.98	0.98
0.210388	0.586271	-0.98	0.98	-0.98	-0.98	-0.98
-0.552713	-0.412394	-0.98	-0.98	0.98	-0.98	-0.98
-0.223806	-0.489120	-0.98	-0.98	0.98	-0.98	-0.98
0.163499	-0.646015	-0.98	-0.98	-0.98	0.98	-0.98
-0.174862	-0.255507	-0.98	-0.98	0.98	-0.98	-0.98
-0.989099	-0.565158	-0.98	-0.98	0.98	-0.98	-0.98
-0.417608	-0.044658	-0.98	-0.98	-0.98	-0.98	0.98
-0.625632	0.331745	0.98	-0.98	-0.98	-0.98	-0.98
0.951066	-0.979093	-0.98	-0.98	-0.98	0.98	-0.98
-0.296948	-0.674592	-0.98	-0.98	0.98	-0.98	-0.98
0.915810	0.108711	-0.98	0.98	-0.98	-0.98	-0.98
-0.878017	-0.536387	-0.98	-0.98	0.98	-0.98	-0.98
0.678222	0.235108	-0.98	0.98	-0.98	-0.98	-0.98
0.642702	-0.094955	-0.98	-0.98	-0.98	-0.98	0.98
-0.963307	-0.323208	-0.98	-0.98	0.98	-0.98	-0.98
0.337664	0.588506	-0.98	0.98	-0.98	-0.98	-0.98
0.722713	0.924057	-0.98	0.98	-0.98	-0.98	-0.98
0.698300	-0.438487	-0.98	-0.98	-0.98	0.98	-0.98
-0.919851	-0.057181	-0.98	-0.98	-0.98	-0.98	0.98
-0.780616	0.750443	0.98	-0.98	-0.98	-0.98	-0.98
0.687922	0.805139	-0.98	0.98	-0.98	-0.98	-0.98
0.011976	-0.081160	-0.98	-0.98	-0.98	-0.98	0.98
0.828127	-0.548988	-0.98	-0.98	-0.98	0.98	-0.98
0.250621	-0.908440	-0.98	-0.98	-0.98	0.98	-0.98
0.360276	0.633516	-0.98	0.98	-0.98	-0.98	-0.98
-0.937622	0.201508	0.98	-0.98	-0.98	-0.98	-0.98
0.651625	-0.662846	-0.98	-0.98	-0.98	0.98	-0.98
0.389971	-0.276842	-0.98	-0.98	-0.98	0.98	-0.98
0.867743	0.027757	-0.98	-0.98	-0.98	-0.98	0.98
-0.062816	-0.245591	-0.98	-0.98	-0.98	-0.98	0.98
0.540434	-0.377116	-0.98	-0.98	-0.98	0.98	-0.98
0.277727	-0.509442	-0.98	-0.98	-0.98	0.98	-0.98
-0.056860	0.369048	-0.98	-0.98	-0.98	-0.98	0.98
-0.266992	-0.304371	-0.98	-0.98	0.98	-0.98	-0.98
-0.702334	0.904389	0.98	-0.98	-0.98	-0.98	-0.98
-0.201915	0.819059	0.98	-0.98	-0.98	-0.98	-0.98
0.334985	0.039198	-0.98	-0.98	-0.98	-0.98	0.98
-0.237473	0.811483	0.98	-0.98	-0.98	-0.98	-0.98
0.852945	0.750638	-0.98	0.98	-0.98	-0.98	-0.98
0.509366	-0.340153	-0.98	-0.98	-0.98	0.98	-0.98
-0.902022	0.697669	0.98	-0.98	-0.98	-0.98	-0.98
-0.541429	0.678930	0.98	-0.98	-0.98	-0.98	-0.98
-0.745601	0.732661	0.98	-0.98	-0.98	-0.98	-0.98
-0.683871	-0.968821	-0.98	-0.98	0.98	-0.98	-0.98
-0.037745	0.605997	-0.98	-0.98	-0.98	-0.98	0.98
-0.911844	0.688562	0.98	-0.98	-0.98	-0.98	-0.98
0.308028	-0.188210	-0.98	-0.98	-0.98	0.98	-0.98
0.620494	0.480521	-0.98	0.98	-0.98	-0.98	-0.98
-0.563627	0.125553	0.98	-0.98	-0.98	-0.98	-0.98
0.705154	0.180805	-0.98	0.98	-0.98	-0.98	-0.98
-0.976850	-0.423625	-0.98	-0.98	0.98	-0.98	-0.98
-0.068045	-0.414000	-0.98	-0.98	-0.98	-0.98	0.98
-0.227713	-0.753813	-0.98	-0.98	0.98	-0.98	-0.98
0.136933	0.400838	-0.98	0.98	-0.98	-0.98	-0.98
0.025092	-0.997407	-0.98	-0.98	-0.98	-0.98	0.98
-0.849943	0.024144	-0.98	-0.98	-0.98	-0.98	0.98
-0.928641	0.974466	0.98	-0.98	-0.98	-0.98	-0.98
-0.494627	-0.259102	-0.98	-0.98	0.98	-0.98	-0.98
0.730014	-0.894012	-0.98	-0.98	-0.98	0.98	-0.98
0.451792	0.738853	-0.98	0.98	-0.98	-0.98	-0.98
-0.696554	-0.840117	-0.98	-0.98	0.98	-0.98	-0.98
0.700065	-0.719296	-0.98	-0.98	-0.98	0.98	-0.98
0.007444	0.463985	-0.98	-0.98	-0.98	-0.98	0.98
0.562116	-0.040991	-0.98	-0.98	-0.98	-0.98	0.98
-0.014385	0.398455	-0.98	-0.98	-0.98	-0.98	0.98
-0.853844	0.163806	0.98	-0.98	-0.98	-0.98	-0.98
0.737336	0.730382	-0.98	0.98	-0.98	-0.98	-0.98
-0.867314	0.928741	0.98	-0.98	-0.98	-0.98	-0.98
-0.171476	-0.652074	-0.98	-0.98	0.98	-0.98	-0.98
0.635644	0.461468	-0.98	0.98	-0.98	-0.98	-0.98
0.632547	-0.889208	-0.98	-0.98	-0.98	0.98	-0.98
0.969287	-0.978449	-0.98	-0.98	-0.98	0.98	-0.98
0.979112	0.411681	-0.98	0.98	-0.98	-0.98	-0.98
0.820389	-0.259686	-0.98	-0.98	-0.98	0.98	-0.98
0.567635	0.406559	-0.98	0.98	-0.98	-0.98	-0.98
0.087770	0.985736	-0.98	-0.98	-0.98	-0.98	0.98
-0.508110	-0.836891	-0.98	-0.98	0.98	-0.98	-0.98
0.279953	-0.802449	-0.98	-0.98	-0.98	0.98	-0.98
-0.701839	-0.709446	-0.98	-0.98	0.98	-0.98	-0.98
0.863729	0.042647	-0.98	-0.98	-0.98	-0.98	0.98
-0.661013	0.348050	0.98	-0.98	-0.98	-0.98	-0.98
0.818262	0.195267	-0.98	0.98	-0.98	-0.98	-0.98
-0.953540	0.637176	0.98	-0.98	-0.98	-0.98	-0.98
0.404504	-0.272461	-0.98	-0.98	-0.98	0.98	-0.98
-0.845950	0.664689	0.98	-0.98	-0.98	-0.98	-0.98
0.787678	0.254166	-0.98	0.98	-0.98	-0.98	-0.98
-0.563409	0.620651	0.98	-0.98	-0.98	-0.98	-0.98
-0.942684	-0.593164	-0.98	-0.98	0.98	-0.98	-0.98
0.559276	-0.453071	-0.98	-0.98	-0.98	0.98	-0.98
-0.601949	-0.198403	-0.98	-0.98	0.98	-0.98	-0.98
-0.027472	0.717600	-0.98	-0.98	-0.98	-0.98	0.98
-0.695206	0.881468	0.98	-0.98	-0.98	-0.98	-0.98
0.972819	-0.010258	-0.98	-0.98	-0.98	-0.98	0.98
-0.830565	-0.963944	-0.98	-0.98	0.98	-0.98	-0.98
0.685751	-0.077920	-0.98	-0.98	-0.98	-0.98	0.98
-0.599481	-0.651973	-0.98	-0.98	0.98	-0.98	-0.98
-0.107114	0.839422	0.98	-0.98	-0.98	-0.98	-0.98
-0.950895	0.374231	0.98	-0.98	-0.98	-0.98	-0.98
-0.154482	-0.360645	-0.98	-0.98	0.98	-0.98	-0.98
0.333154	-0.919160	-0.98	-0.98	-0.98	0.98	-0.98
0.490809	0.331042	-0.98	0.98	-0.98	-0.98	-0.98
-0.128763	0.464380	0.98	-0.98	-0.98	-0.98	-0.98
0.048560	0.465576	-0.98	-0.98	-0.98	-0.98	0.98
0.814090	-0.434580	-0.98	-0.98	-0.98	0.98	-0.98
-0.958417	-0.377050	-0.98	-0.98	0.98	-0.98	-0.98
-0.352466	0.394475	0.98	-0.98	-0.98	-0.98	-0.98
-0.071503	-0.524995	-0.98	-0.98	-0.98	-0.98	0.98
0.747365	-0.510839	-0.98	-0.98	-0.98	0.98	-0.98
-0.292849	-0.935501	-0.98	-0.98	0.98	-0.98	-0.98
-0.212493	-0.024314	-0.98	-0.98	-0.98	-0.98	0.98
-0.316147	0.364926	0.98	-0.98	-0.98	-0.98	-0.98
-0.595660	-0.074714	-0.98	-0.98	-0.98	-0.98	0.98
-0.423043	-0.978694	-0.98	-0.98	0.98	-0.98	-0.98
-0.721717	0.125704	0.98	-0.98	-0.98	-0.98	-0.98
0.779232	0.124115	-0.98	0.98	-0.98	-0.98	-0.98
-0.857865	-0.454112	-0.98	-0.98	0.98	-0.98	-0.98
0.093689	0.964597	-0.98	-0.98	-0.98	-0.98	0.98
0.085844	0.015556	-0.98	-0.98	-0.98	-0.98	0.98
-0.386539	-0.979756	-0.98	-0.98	0.98	-0.98	-0.98
-0.803437	-0.669418	-0.98	-0.98	0.98	-0.98	-0.98
-0.909576	0.029534	-0.98	-0.98	-0.98	-0.98	0.98
0.699774	-0.771268	-0.98	-0.98	-0.98	0.98	-0.98
-0.173626	-0.508656	-0.98	-0.98	0.98	-0.98	-0.98
0.258596	0.620435	-0.98	0.98	-0.98	-0.98	-0.98
0.942066	-0.055991	-0.98	-0.98	-0.98	-0.98	0.98
-0.414506	0.010460	-0.98	-0.98	-0.98	-0.98	0.98
-0.287095	0.791829	0.98	-0.98	-0.98	-0.98	-0.98
-0.348764	0.157948	0.98	-0.98	-0.98	-0.98	-0.98
-0.965654	-0.744196	-0.98	-0.98	0.98	-0.98	-0.98
-0.150823	0.300817	0.98	-0.98	-0.98	-0.98	-0.98
0.902745	-0.384305	-0.98	-0.98	-0.98	0.98	-0.98
-0.666830	0.183315	0.98	-0.98	-0.98	-0.98	-0.98
0.241879	-0.892097	-0.98	-0.98	-0.98	0.98	-0.98
-0.221624	-0.977388	-0.98	-0.98	0.98	-0.98	-0.98
0.472400	0.568077	-0.98	0.98	-0.98	-0.98	-0.98
-0.402839	-0.004348	-0.98	-0.98	-0.98	-0.98	0.98
0.767621	0.226369	-0.98	0.98	-0.98	-0.98	-0.98
0.813892	0.816779	-0.98	0.98	-0.98	-0.98	-0.98
-0.140382	-0.485706	-0.98	-0.98	0.98	-0.98	-0.98
-0.294012	0.754764	0.98	-0.98	-0.98	-0.98	-0.98
-0.318318	0.154041	0.98	-0.98	-0.98	-0.98	-0.98
0.157277	0.555759	-0.98	0.98	-0.98	-0.98	-0.98
-0.741944	0.878427	0.98	-0.98	-0.98	-0.98	-0.98
-0.368399	-0.083986	-0.98	-0.98	-0.98	-0.98	0.98
0.179741	0.799564	-0.98	0.98	-0.98	-0.98	-0.98
0.110700	0.315443	-0.98	0.98	-0.98	-0.98	-0.98
0.819997	0.965345	-0.98	0.98	-0.98	-0.98	-0.98
-0.770483	-0.331787	-0.98	-0.98	0.98	-0.98	-0.98
-0.942907	0.069755	-0.98	-0.98	-0.98	-0.98	0.98
0.909535	-0.459357	-0.98	-0.98	-0.98	0.98	-0.98
0.008714	0.294412	-0.98	-0.98	-0.98	-0.98	0.98
0.559768	-0.084140	-0.98	-0.98	-0.98	-0.98	0.98
0.973728	0.034095	-0.98	-0.98	-0.98	-0.98	0.98
0.774035	0.165087	-0.98	0.98	-0.98	-0.98	-0.98
-0.568535	0.116774	0.98	-0.98	-0.98	-0.98	-0.98
0.051695	0.427836	-0.98	-0.98	-0.98	-0.98	0.98
0.522542	-0.849866	-0.98	-0.98	-0.98	0.98	-0.98
-0.745460	0.740082	0.98	-0.98	-0.98	-0.98	-0.98
0.034727	0.406963	-0.98	-0.98	-0.98	-0.98	0.98
0.582967	0.277702	-0.98	0.98	-0.98	-0.98	-0.98
0.671075	-0.595173	-0.98	-0.98	-0.98	0.98	-0.98
-0.109603	-0.396566	-0.98	-0.98	0.98	-0.98	-0.98
-0.231088	0.935345	0.98	-0.98	-0.98	-0.98	-0.98
-0.031878	-0.460566	-0.98	-0.98	-0.98	-0.98	0.98
-0.274516	-0.281462	-0.98	-0.98	0.98	-0.98	-0.98
-0.665592	-0.127277	-0.98	-0.98	0.98	-0.98	-0.98
-0.582990	-0.212687	-0.98	-0.98	0.98	-0.98	-0.98
0.294618	-0.364023	-0.98	-0.98	-0.98	0.98	-0.98
-0.731021	-0.568489	-0.98	-0.98	0.98	-0.98	-0.98
-0.077776	-0.187632	-0.98	-0.98	-0.98	-0.98	0.98
0.139890	-0.188619	-0.98	-0.98	-0.98	0.98	-0.98
-0.837684	0.514223	0.98	-0.98	-0.98	-0.98	-0.98
0.241156	0.996889	-0.98	0.98	-0.98	-0.98	-0.98
-0.443893	-0.749430	-0.98	-0.98	0.98	-0.98	-0.98
-0.751543	0.884430	0.98	-0.98	-0.98	-0.98	-0.98
-0.830856	0.659150	0.98	-0.98	-0.98	-0.98	-0.98
0.681244	0.104215	-0.98	0.98	-0.98	-0.98	-0.98
0.294202	0.130754	-0.98	0.98	-0.98	-0.98	-0.98
0.327127	0.403527	-0.98	0.98	-0.98	-0.98	-0.98
0.945980	0.853133	-0.98	0.98	-0.98	-0.98	-0.98
-0.173093	-0.814014	-0.98	-0.98	0.98	-0.98	-0.98
-0.323976	0.812037	0.98	-0.98	-0.98	-0.98	-0.98
-0.722088	0.682457	0.98	-0.98	-0.98	-0.98	-0.98
0.213098	-0.711179	-0.98	-0.98	-0.98	0.98	-0.98
0.761109	-0.752977	-0.98	-0.98	-0.98	0.98	-0.98
-0.847181	0.033886	-0.98	-0.98	-0.98	-0.98	0.98
0.124054	0.609623	-0.98	0.98	-0.98	-0.98	-0.98
-0.795969	-0.224042	-0.98	-0.98	0.98	-0.98	-0.98
-0.587200	0.055521	-0.98	-0.98	-0.98	-0.98	0.98
0.122092	-0.218773	-0.98	-0.98	-0.98	0.98	-0.98
-0.936183	-0.518191	-0.98	-0.98	0.98	-0.98	-0.98
-0.121093	0.114343	0.98	-0.98	-0.98	-0.98	-0.98
0.134301	0.523696	-0.98	0.98	-0.98	-0.98	-0.98
0.674635	0.612179	-0.98	0.98	-0.98	-0.98	-0.98
-0.033900	0.313892	-0.98	-0.98	-0.98	-0.98	0.98
0.485742	-0.891224	-0.98	-0.98	-0.98	0.98	-0.98
0.068650	-0.543184	-0.98	-0.98	-0.98	-0.98	0.98
-0.385086	0.140888	0.98	-0.98	-0.98	-0.98	-0.98
-0.648241	-0.928282	-0.98	-0.98	0.98	-0.98	-0.98
-0.696011	0.673995	0.98	-0.98	-0.98	-0.98	-0.98
-0.276553	0.611762	0.98	-0.98	-0.98	-0.98	-0.98
0.810308	-0.842505	-0.98	-0.98	-0.98	0.98	-0.98
-0.311211	-0.984351	-0.98	-0.98	0.98	-0.98	-0.98
-0.890369	0.770129	0.98	-0.98	-0.98	-0.98	-0.98
-0.854307	0.653580	0.98	-0.98	-0.98	-0.98	-0.98
0.893544	-0.443051	-0.98	-0.98	-0.98	0.98	-0.98
0.338066	0.783451	-0.98	0.98	-0.98	-0.98	-0.98
-0.302487	0.684484	0.98	-0.98	-0.98	-0.98	-0.98
-0.914575	-0.389743	-0.98	-0.98	0.98	-0.98	-0.98
-0.749270	-0.894730	-0.98	-0.98	0.98	-0.98	-0.98
-0.339004	0.894326	0.98	-0.98	-0.98	-0.98	-0.98
0.212249	-0.434275	-0.98	-0.98	-0.98	0.98	-0.98
0.888643	-0.341223	-0.98	-0.98	-0.98	0.98	-0.98
0.249074	-0.324776	-0.98	-0.98	-0.98	0.98	-0.98
-0.336423	0.570307	0.98	-0.98	-0.98	-0.98	-0.98
-0.565634	-0.249548	-0.98	-0.98	0.98	-0.98	-0.98
0.422157	-0.168316	-0.98	-0.98	-0.98	0.98	-0.98
0.848867	0.422042	-0.98	0.98	-0.98	-0.98	-0.98
0.482682	-0.891570	-0.98	-0.98	-0.98	0.98	-0.98
0.495883	-0.737733	-0.98	-0.98	-0.98	0.98	-0.98
-0.297465	0.739853	0.98	-0.98	-0.98	-0.98	-0.98
0.914570	0.723198	-0.98	0.98	-0.98	-0.98	-0.98
0.476020	0.734443	-0.98	0.98	-0.98	-0.98	-0.98
0.805909	0.231476	-0.98	0.98	-0.98	-0.98	-0.98
-0.372987	0.063204	-0.98	-0.98	-0.98	-0.98	0.98
0.392194	-0.086402	-0.98	-0.98	-0.98	-0.98	0.98
0.059708	-0.661288	-0.98	-0.98	-0.98	-0.98	0.98
-0.743148	0.359963	0.98	-0.98	-0.98	-0.98	-0.98
-0.173896	0.842902	0.98	-0.98	-0.98	-0.98	-0.98
0.736434	0.137583	-0.98	0.98	-0.98	-0.98	-0.98
-0.013125	-0.670536	-0.98	-0.98	-0.98	-0.98	0.98
-0.155040	-0.156864	-0.98	-0.98	0.98	-0.98	-0.98
0.290339	0.782346	-0.98	0.98	-0.98	-0.98	-0.98
0.862233	0.494687	-0.98	0.98	-0.98	-0.98	-0.98
0.188152	0.206393	-0.98	0.98	-0.98	-0.98	-0.98
-0.191308	0.260420	0.98	-0.98	-0.98	-0.98	-0.98
-0.341654	-0.016847	-0.98	-0.98	-0.98	-0.98	0.98
-0.057100	-0.494951	-0.98	-0.98	-0.98	-0.98	0.98
0.264662	0.294217	-0.98	0.98	-0.98	-0.98	-0.98
0.724459	0.401867	-0.98	0.98	-0.98	-0.98	-0.98
0.870276	-0.099496	-0.98	-0.98	-0.98	-0.98	0.98
0.819669	-0.900310	-0.98	-0.98	-0.98	0.98	-0.98
-0.856217	-0.503166	-0.98	-0.98	0.98	-0.98	-0.98
0.288931	0.504770	-0.98	0.98	-0.98	-0.98	-0.98
-0.343365	-0.744632	-0.98	-0.98	0.98	-0.98	-0.98
-0.002157	0.482998	-0.98	-0.98	-0.98	-0.98	0.98
-0.827695	-0.974534	-0.98	-0.98	0.98	-0.98	-0.98
-0.230496	0.211525	0.98	-0.98	-0.98	-0.98	-0.98
-0.601789	-0.005582	-0.98	-0.98	-0.98	-0.98	0.98
-0.547064	0.601862	0.98	-0.98	-0.98	-0.98	-0.98
-0.579650	0.554554	0.98	-0.98	-0.98	-0.98	-0.98
-0.914116	-0.339456	-0.98	-0.98	0.98	-0.98	-0.98
0.418813	0.380912	-0.98	0.98	-0.98	-0.98	-0.98
-0.822229	-0.878311	-0.98	-0.98	0.98	-0.98	-0.98
-0.111206	-0.341631	-0.98	-0.98	0.98	-0.98	-0.98
0.396264	-0.180986	-0.98	-0.98	-0.98	0.98	-0.98
-0.950308	0.371308	0.98	-0.98	-0.98	-0.98	-0.98
0.492496	-0.091260	-0.98	-0.98	-0.98	-0.98	0.98
0.833212	0.111274	-0.98	0.98	-0.98	-0.98	-0.98
-0.353003	0.055359	-0.98	-0.98	-0.98	-0.98	0.98
0.084422	-0.878568	-0.98	-0.98	-0.98	-0.98	0.98
-0.818559	0.140307	0.98	-0.98	-0.98	-0.98	-0.98
0.968473	-0.639109	-0.98	-0.98	-0.98	0.98	-0.98
0.981108	0.324813	-0.98	0.98	-0.98	-0.98	-0.98
0.135726	0.327479	-0.98	0.98	-0.98	-0.98	-0.98
-0.723824	-0.968607	-0.98	-0.98	0.98	-0.98	-0.98
-0.255675	-0.589313	-0.98	-0.98	0.98	-0.98	-0.98
0.622324	-0.070613	-0.98	-0.98	-0.98	-0.98	0.98
-0.930200	-0.802541	-0.98	-0.98	0.98	-0.98	-0.98
0.738984	0.045080	-0.98	-0.98	-0.98	-0.98	0.98
-0.609722	-0.662320	-0.98	-0.98	0.98	-0.98	-0.98
0.096803	0.245070	-0.98	-0.98	-0.98	-0.98	0.98
-0.249939	-0.814225	-0.98	-0.98	0.98	-0.98	-0.98
-0.897533	0.308771	0.98	-0.98	-0.98	-0.98	-0.98
-0.309778	0.602391	0.98	-0.98	-0.98	-0.98	-0.98
-0.171070	-0.756535	-0.98	-0.98	0.98	-0.98	-0.98
-0.096073	-0.944062	-0.98	-0.98	-0.98	-0.98	0.98
0.730603	0.959000	-0.98	0.98	-0.98	-0.98	-0.98
0.366772	-0.989926	-0.98	-0.98	-0.98	0.98	-0.98
0.388659	0.215049	-0.98	0.98	-0.98	-0.98	-0.98
-0.257978	0.239666	0.98	-0.98	-0.98	-0.98	-0.98
0.582062	0.715271	-0.98	0.98	-0.98	-0.98	-0.98
0.173735	-0.746901	-0.98	-0.98	-0.98	0.98	-0.98
0.346397	0.831069	-0.98	0.98	-0.98	-0.98	-0.98
0.469808	0.296174	-0.98	0.98	-0.98	-0.98	-0.98
-0.770395	0.587395	0.98	-0.98	-0.98	-0.98	-0.98
-0.435666	0.235640	0.98	-0.98	-0.98	-0.98	-0.98
0.670655	0.124967	-0.98	0.98	-0.98	-0.98	-0.98
-0.769630	-0.188704	-0.98	-0.98	0.98	-0.98	-0.98
0.522336	-0.328419	-0.98	-0.98	-0.98	0.98	-0.98
0.643133	0.263076	-0.98	0.98	-0.98	-0.98	-0.98
0.161935	0.923690	-0.98	0.98	-0.98	-0.98	-0.98
0.175716	0.495801	-0.98	0.98	-0.98	-0.98	-0.98
0.323984	0.897178	-0.98	0.98	-0.98	-0.98	-0.98
0.296207	-0.004407	-0.98	-0.98	-0.98	-0.98	0.98
-0.680874	-0.142572	-0.98	-0.98	0.98	-0.98	-0.98
0.612220	-0.442496	-0.98	-0.98	-0.98	0.98	-0.98
0.383612	0.992721	-0.98	0.98	-0.98	-0.98	-0.98
-0.989458	-0.573566	-0.98	-0.98	0.98	-0.98	-0.98
0.020927	-0.169544	-0.98	-0.98	-0.98	-0.98	0.98
0.191746	-0.254701	-0.98	-0.98	-0.98	0.98	-0.98
-0.530792	0.034939	-0.98	-0.98	-0.98	-0.98	0.98
-0.524700	-0.940236	-0.98	-0.98	0.98	-0.98	-0.98
0.467382	-0.519052	-0.98	-0.98	-0.98	0.98	-0.98
0.114652	0.435435	-0.98	0.98	-0.98	-0.98	-0.98
0.560119	0.758004	-0.98	0.98	-0.98	-0.98	-0.98
0.570727	0.584799	-0.98	0.98	-0.98	-0.98	-0.98
0.655954	-0.607505	-0.98	-0.98	-0.98	0.98	-0.98
0.320924	-0.106642	-0.98	-0.98	-0.98	0.98	-0.98
0.770897	-0.018371	-0.98	-0.98	-0.98	-0.98	0.98
-0.884797	0.697414	0.98	-0.98	-0.98	-0.98	-0.98
0.673278	-0.397039	-0.98	-0.98	-0.98	0.98	-0.98
-0.539630	-0.207222	-0.98	-0.98	0.98	-0.98	-0.98
-0.125245	-0.308170	-0.98	-0.98	0.98	-0.98	-0.98
-0.965907	-0.821564	-0.98	-0.98	0.98	-0.98	-0.98
0.960174	-0.263697	-0.98	-0.98	-0.98	0.98	-0.98
-0.146844	0.052568	-0.98	-0.98	-0.98	-0.98	0.98
0.684646	0.555690	-0.98	0.98	-0.98	-0.98	-0.98
-0.977888	-0.606025	-0.98	-0.98	0.98	-0.98	-0.98
0.425722	0.914320	-0.98	0.98	-0.98	-0.98	-0.98
0.862150	0.366679	-0.98	0.98	-0.98	-0.98	-0.98
-0.136224	0.056742	-0.98	-0.98	-0.98	-0.98	0.98
0.381127	0.207169	-0.98	0.98	-0.98	-0.98	-0.98
-0.295619	-0.208390	-0.98	-0.98	0.98	-0.98	-0.98
0.221093	-0.031919	-0.98	-0.98	-0.98	-0.98	0.98
-0.172956	0.243572	0.98	-0.98	-0.98	-0.98	-0.98
0.083121	-0.541024	-0.98	-0.98	-0.98	-0.98	0.98
-0.730255	-0.082070	-0.98	-0.98	-0.98	-0.98	0.98
0.075444	-0.672695	-0.98	-0.98	-0.98	-0.98	0.98
0.257114	-0.642664	-0.98	-0.98	-0.98	0.98	-0.98
0.695511	-0.383769	-0.98	-0.98	-0.98	0.98	-0.98
0.789759	0.274063	-0.98	0.98	-0.98	-0.98	-0.98
-0.707550	-0.212877	-0.98	-0.98	0.98	-0.98	-0.98
0.498678	-0.412586	-0.98	-0.98	-0.98	0.98	-0.98
-0.256804	-0.185781	-0.98	-0.98	0.98	-0.98	-0.98
0.333675	-0.079858	-0.98	-0.98	-0.98	-0.98	0.98
0.036740	0.712595	-0.98	-0.98	-0.98	-0.98	0.98
-0.595712	-0.670039	-0.98	-0.98	0.98	-0.98	-0.98
0.128477	0.118699	-0.98	0.98	-0.98	-0.98	-0.98
-0.613469	0.374098	0.98	-0.98	-0.98	-0.98	-0.98
-0.008848	0.739497	-0.98	-0.98	-0.98	-0.98	0.98
-0.724710	0.320987	0.98	-0.98	-0.98	-0.98	-0.98
-0.218029	-0.265893	-0.98	-0.98	0.98	-0.98	-0.98
-0.435706	0.963195	0.98	-0.98	-0.98	-0.98	-0.98
0.733124	-0.170879	-0.98	-0.98	-0.98	0.98	-0.98
-0.030887	0.358754	-0.98	-0.98	-0.98	-0.98	0.98
0.140400	-0.257404	-0.98	-0.98	-0.98	0.98	-0.98
0.992372	-0.614499	-0.98	-0.98	-0.98	0.98	-0.98
-0.177545	-0.323626	-0.98	-0.98	0.98	-0.98	-0.98
0.723224	-0.847774	-0.98	-0.98	-0.98	0.98	-0.98
-0.361737	-0.168136	-0.98	-0.98	0.98	-0.98	-0.98
0.212415	0.077997	-0.98	-0.98	-0.98	-0.98	0.98
0.899823	0.255656	-0.98	0.98	-0.98	-0.98	-0.98
-0.194341	-0.652587	-0.98	-0.98	0.98	-0.98	-0.98
-0.886128	-0.392029	-0.98	-0.98	0.98	-0.98	-0.98
0.413938	0.163744	-0.98	0.98	-0.98	-0.98	-0.98
0.966787	0.690455	-0.98	0.98	-0.98	-0.98	-0.98
0.762511	0.828181	-0.98	0.98	-0.98	-0.98	-0.98
0.510740	0.655661	-0.98	0.98	-0.98	-0.98	-0.98
0.814873	-0.569541	-0.98	-0.98	-0.98	0.98	-0.98
0.587748	0.578405	-0.98	0.98	-0.98	-0.98	-0.98
0.843388	-0.539599	-0.98	-0.98	-0.98	0.98	-0.98
-0.694398	0.198469	0.98	-0.98	-0.98	-0.98	-0.98
0.256596	0.651014	-0.98	0.98	-0.98	-0.98	-0.98
-0.375501	0.394882	0.98	-0.98	-0.98	-0.98	-0.98
0.568686	0.822332	-0.98	0.98	-0.98	-0.98	-0.98
-0.477274	-0.260743	-0.98	-0.98	0.98	-0.98	-0.98
-0.761839	0.165413	0.98	-0.98	-0.98	-0.98	-0.98
-0.764551	0.013268	-0.98	-0.98	-0.98	-0.98	0.98
-0.629158	-0.133712	-0.98	-0.98	0.98	-0.98	-0.98
-0.858492	-0.315006	-0.98	-0.98	0.98	-0.98	-0.98
0.475053	-0.719337	-0.98	-0.98	-0.98	0.98	-0.98
0.329922	0.963200	-0.98	0.98	-0.98	-0.98	-0.98
0.075948	-0.450657	-0.98	-0.98	-0.98	-0.98	0.98
0.140659	-0.721943	-0.98	-0.98	-0.98	0.98	-0.98
-0.213568	0.693812	0.98	-0.98	-0.98	-0.98	-0.98
-0.252744	0.853155	0.98	-0.98	-0.98	-0.98	-0.98
0.776728	0.060547	-0.98	-0.98	-0.98	-0.98	0.98
0.468768	0.618435	-0.98	0.98	-0.98	-0.98	-0.98
-0.799354	0.169186	0.98	-0.98	-0.98	-0.98	-0.98
-0.907353	0.194496	0.98	-0.98	-0.98	-0.98	-0.98
-0.254952	0.327623	0.98	-0.98	-0.98	-0.98	-0.98
0.519141	0.104771	-0.98	0.98	-0.98	-0.98	-0.98
-0.311995	-0.898483	-0.98	-0.98	0.98	-0.98	-0.98
0.359851	0.168443	-0.98	0.98	-0.98	-0.98	-0.98
-0.727357	0.458594	0.98	-0.98	-0.98	-0.98	-0.98
0.258310	0.478340	-0.98	0.98	-0.98	-0.98	-0.98
0.256573	0.455225	-0.98	0.98	-0.98	-0.98	-0.98
-0.865963	0.315586	0.98	-0.98	-0.98	-0.98	-0.98
-0.070328	0.848251	-0.98	-0.98	-0.98	-0.98	0.98
-0.023314	0.603448	-0.98	-0.98	-0.98	-0.98	0.98
0.206162	-0.725073	-0.98	-0.98	-0.98	0.98	-0.98
0.912989	0.769660	-0.98	0.98	-0.98	-0.98	-0.98
0.316439	-0.370862	-0.98	-0.98	-0.98	0.98	-0.98
-0.404025	-0.751097	-0.98	-0.98	0.98	-0.98	-0.98
-0.062656	-0.440492	-0.98	-0.98	-0.98	-0.98	0.98
-0.380952	-0.367541	-0.98	-0.98	0.98	-0.98	-0.98
-0.772485	0.011761	-0.98	-0.98	-0.98	-0.98	0.98
0.216573	-0.314669	-0.98	-0.98	-0.98	0.98	-0.98
0.184878	0.629347	-0.98	0.98	-0.98	-0.98	-0.98
0.792552	0.555079	-0.98	0.98	-0.98	-0.98	-0.98
0.180444	-0.827615	-0.98	-0.98	-0.98	0.98	-0.98
0.358518	0.573232	-0.98	0.98	-0.98	-0.98	-0.98
-0.019030	0.498650	-0.98	-0.98	-0.98	-0.98	0.98
-0.033737	0.500805	-0.98	-0.98	-0.98	-0.98	0.98
-0.267380	0.890340	0.98	-0.98	-0.98	-0.98	-0.98
0.915781	-0.957278	-0.98	-0.98	-0.98	0.98	-0.98
-0.867712	0.164788	0.98	-0.98	-0.98	-0.98	-0.98
-0.513083	-0.826805	-0.98	-0.98	0.98	-0.98	-0.98
-0.152496	0.229539	0.98	-0.98	-0.98	-0.98	-0.98
-0.595000	-0.676079	-0.98	-0.98	0.98	-0.98	-0.98
-0.240876	-0.033498	-0.98	-0.98	-0.98	-0.98	0.98
0.868146	0.221026	-0.98	0.98	-0.98	-0.98	-0.98
-0.446027	-0.172441	-0.98	-0.98	0.98	-0.98	-0.98
0.897715	0.248552	-0.98	0.98	-0.98	-0.98	-0.98
0.557589	0.165471	-0.98	0.98	-0.98	-0.98	-0.98
-0.624598	0.205815	0.98	-0.98	-0.98	-0.98	-0.98
-0.348466	0.931664	0.98	-0.98	-0.98	-0.98	-0.98
-0.831779	-0.744317	-0.98	-0.98	0.98	-0.98	-0.98
0.375898	-0.145033	-0.98	-0.98	-0.98	0.98	-0.98
0.645813	0.399645	-0.98	0.98	-0.98	-0.98	-0.98
-0.592733	0.878211	0.98	-0.98	-0.98	-0.98	-0.98
0.636173	-0.763458	-0.98	-0.98	-0.98	0.98	-0.98
-0.034494	-0.057104	-0.98	-0.98	-0.98	-0.98	0.98
-0.096004	-0.402988	-0.98	-0.98	-0.98	-0.98	0.98
0.291623	0.713781	-0.98	0.98	-0.98	-0.98	-0.98
-0.697273	0.962854	0.98	-0.98	-0.98	-0.98	-0.98
-0.123054	0.766134	0.98	-0.98	-0.98	-0.98	-0.98
-0.077092	0.980827	-0.98	-0.98	-0.98	-0.98	0.98
0.002304	0.392720	-0.98	-0.98	-0.98	-0.98	0.98
0.105884	0.297861	-0.98	0.98	-0.98	-0.98	-0.98
0.810117	0.027952	-0.98	-0.98	-0.98	-0.98	0.98
-0.087869	-0.294535	-0.98	-0.98	-0.98	-0.98	0.98
-0.799305	0.880725	0.98	-0.98	-0.98	-0.98	-0.98
0.422922	0.055577	-0.98	-0.98	-0.98	-0.98	0.98
-0.900416	0.325210	0.98	-0.98	-0.98	-0.98	-0.98
0.645869	-0.970848	-0.98	-0.98	-0.98	0.98	-0.98
0.504814	-0.472140	-0.98	-0.98	-0.98	0.98	-0.98
-0.011917	-0.844384	-0.98	-0.98	-0.98	-0.98	0.98
0.544844	-0.374167	-0.98	-0.98	-0.98	0.98	-0.98
0.813770	-0.646222	-0.98	-0.98	-0.98	0.98	-0.98
0.214632	-0.198147	-0.98	-0.98	-0.98	0.98	-0.98
0.875736	-0.474886	-0.98	-0.98	-0.98	0.98	-0.98
0.645561	-0.018090	-0.98	-0.98	-0.98	-0.98	0.98
-0.880598	0.700911	0.98	-0.98	-0.98	-0.98	-0.98
-0.183178	0.786686	0.98	-0.98	-0.98	-0.98	-0.98
-0.992971	-0.738121	-0.98	-0.98	0.98	-0.98	-0.98
0.662832	0.827649	-0.98	0.98	-0.98	-0.98	-0.98
0.996852	-0.560324	-0.98	-0.98	-0.98	0.98	-0.98
-0.134666	0.904307	0.98	-0.98	-0.98	-0.98	-0.98
0.093409	0.777882	-0.98	-0.98	-0.98	-0.98	0.98
0.962330	0.154806	-0.98	0.98	-0.98	-0.98	-0.98
-0.399818	0.746547	0.98	-0.98	-0.98	-0.98	-0.98
-0.649953	-0.835117	-0.98	-0.98	0.98	-0.98	-0.98
-0.353160	-0.802576	-0.98	-0.98	0.98	-0.98	-0.98
-0.211034	-0.936370	-0.98	-0.98	0.98	-0.98	-0.98
0.195770	-0.853414	-0.98	-0.98	-0.98	0.98	-0.98
0.544384	-0.898054	-0.98	-0.98	-0.98	0.98	-0.98
-0.166254	0.515606	0.98	-0.98	-0.98	-0.98	-0.98
-0.363331	-0.095073	-0.98	-0.98	-0.98	-0.98	0.98
-0.339294	-0.163168	-0.98	-0.98	0.98	-0.98	-0.98
0.977564	-0.356604	-0.98	-0.98	-0.98	0.98	-0.98
0.188204	-0.989239	-0.98	-0.98	-0.98	0.98	-0.98
-0.750357	0.696815	0.98	-0.98	-0.98	-0.98	-0.98
-0.733314	-0.666774	-0.98	-0.98	0.98	-0.98	-0.98
-0.094243	-0.793777	-0.98	-0.98	-0.98	-0.98	0.98
0.255432	0.090212	-0.98	-0.98	-0.98	-0.98	0.98
0.617199	-0.585857	-0.98	-0.98	-0.98	0.98	-0.98
0.542356	0.175126	-0.98	0.98	-0.98	-0.98	-0.98
0.922602	-0.398614	-0.98	-0.98	-0.98	0.98	-0.98
0.049310	-0.320352	-0.98	-0.98	-0.98	-0.98	0.98
0.489875	0.766397	-0.98	0.98	-0.98	-0.98	-0.98
0.192564	-0.155516	-0.98	-0.98	-0.98	0.98	-0.98
-0.961011	-0.619490	-0.98	-0.98	0.98	-0.98	-0.98
0.765670	0.682571	-0.98	0.98	-0.98	-0.98	-0.98
0.064799	0.360676	-0.98	-0.98	-0.98	-0.98	0.98
0.265220	-0.255894	-0.98	-0.98	-0.98	0.98	-0.98
0.651419	0.988193	-0.98	0.98	-0.98	-0.98	-0.98
-0.449412	-0.640630	-0.98	-0.98	0.98	-0.98	-0.98
0.092783	0.164823	-0.98	-0.98	-0.98	-0.98	0.98
0.822348	0.203276	-0.98	0.98	-0.98	-0.98	-0.98
-0.391454	-0.171452	-0.98	-0.98	0.98	-0.98	-0.98
0.088617	0.744960	-0.98	-0.98	-0.98	-0.98	0.98
-0.781743	0.737610	0.98	-0.98	-0.98	-0.98	-0.98
0.792635	0.423804	-0.98	0.98	-0.98	-0.98	-0.98
0.437142	0.890777	-0.98	0.98	-0.98	-0.98	-0.98
0.451889	0.835671	-0.98	0.98	-0.98	-0.98	-0.98
-0.881483	-0.617073	-0.98	-0.98	0.98	-0.98	-0.98
-0.116446	0.965056	0.98	-0.98	-0.98	-0.98	-0.98
0.535735	-0.474415	-0.98	-0.98	-0.98	0.98	-0.98
-0.361787	0.417724	0.98	-0.98	-0.98	-0.98	-0.98
0.100417	-0.172892	-0.98	-0.98	-0.98	0.98	-0.98
-0.320319	0.872385	0.98	-0.98	-0.98	-0.98	-0.98
0.326266	0.376818	-0.98	0.98	-0.98	-0.98	-0.98
-0.349848	-0.044171	-0.98	-0.98	-0.98	-0.98	0.98
0.758165	-0.545348	-0.98	-0.98	-0.98	0.98	-0.98
-0.321647	-0.204044	-0.98	-0.98	0.98	-0.98	-0.98
0.597530	-0.639498	-0.98	-0.98	-0.98	0.98	-0.98
-0.785609	-0.594642	-0.98	-0.98	0.98	-0.98	-0.98
0.949298	0.555984	-0.98	0.98	-0.98	-0.98	-0.98
-0.436937	0.581386	0.98	-0.98	-0.98	-0.98	-0.98
-0.626191	-0.075107	-0.98	-0.98	-0.98	-0.98	0.98
-0.477154	-0.338489	-0.98	-0.98	0.98	-0.98	-0.98
0.936763	0.290537	-0.98	0.98	-0.98	-0.98	-0.98
0.492725	-0.563555	-0.98	-0.98	-0.98	0.98	-0.98
-0.035906	0.588716	-0.98	-0.98	-0.98	-0.98	0.98
0.859584	0.698803	-0.98	0.98	-0.98	-0.98	-0.98
0.971417	0.279148	-0.98	0.98	-0.98	-0.98	-0.98
0.329514	0.519060	-0.98	0.98	-0.98	-0.98	-0.98
-0.094023	-0.513208	-0.98	-0.98	-0.98	-0.98	0.98
-0.425579	-0.681214	-0.98	-0.98	0.98	-0.98	-0.98
-0.584805	-0.807064	-0.98	-0.98	0.98	-0.98	-0.98
0.119249	0.959031	-0.98	0.98	-0.98	-0.98	-0.98
-0.796245	0.999270	0.98	-0.98	-0.98	-0.98	-0.98
0.933889	0.465891	-0.98	0.98	-0.98	-0.98	-0.98
0.245628	-0.204414	-0.98	-0.98	-0.98	0.98	-0.98
0.150833	-0.462370	-0.98	-0.98	-0.98	0.98	-0.98
0.620795	-0.186813	-0.98	-0.98	-0.98	0.98	-0.98
0.508095	-0.241264	-0.98	-0.98	-0.98	0.98	-0.98
-0.279967	0.687915	0.98	-0.98	-0.98	-0.98	-0.98
0.500717	0.914567	-0.98	0.98	-0.98	-0.98	-0.98
-0.663580	0.550042	0.98	-0.98	-0.98	-0.98	-0.98
-0.713304	0.029504	-0.98	-0.98	-0.98	-0.98	0.98
-0.134659	-0.874755	-0.98	-0.98	0.98	-0.98	-0.98
0.610105	0.304916	-0.98	0.98	-0.98	-0.98	-0.98
0.636828	-0.776578	-0.98	-0.98	-0.98	0.98	-0.98
-0.115590	0.728645	0.98	-0.98	-0.98	-0.98	-0.98
0.291242	0.284052	-0.98	0.98	-0.98	-0.98	-0.98
-0.708395	0.796005	0.98	-0.98	-0.98	-0.98	-0.98
-0.500571	0.729826	0.98	-0.98	-0.98	-0.98	-0.98
-0.935811	0.670818	0.98	-0.98	-0.98	-0.98	-0.98
-0.009741	0.968637	-0.98	-0.98	-0.98	-0.98	0.98
0.249251	-0.314944	-0.98	-0.98	-0.98	0.98	-0.98
-0.199603	-0.607748	-0.98	-0.98	0.98	-0.98	-0.98
0.619991	0.101774	-0.98	0.98	-0.98	-0.98	-0.98
0.404440	0.752333	-0.98	0.98	-0.98	-0.98	-0.98
0.114634	-0.252925	-0.98	-0.98	-0.98	0.98	-0.98
-0.214166	0.279109	0.98	-0.98	-0.98	-0.98	-0.98
-0.465790	-0.883081	-0.98	-0.98	0.98	-0.98	-0.98
0.398137	0.655570	-0.98	0.98	-0.98	-0.98	-0.98
-0.297730	0.369390	0.98	-0.98	-0.98	-0.98	-0.98
0.809257	0.075290	-0.98	-0.98	-0.98	-0.98	0.98
-0.701070	0.442506	0.98	-0.98	-0.98	-0.98	-0.98
0.853884	-0.518614	-0.98	-0.98	-0.98	0.98	-0.98
0.574583	-0.699977	-0.98	-0.98	-0.98	0.98	-0.98
-0.494067	0.774646	0.98	-0.98	-0.98	-0.98	-0.98
0.212214	-0.227943	-0.98	-0.98	-0.98	0.98	-0.98
0.428887	0.571829	-0.98	0.98	-0.98	-0.98	-0.98
0.776460	0.741676	-0.98	0.98	-0.98	-0.98	-0.98
0.030045	-0.575228	-0.98	-0.98	-0.98	-0.98	0.98
-0.522885	0.770453	0.98	-0.98	-0.98	-0.98	-0.98
0.422106	0.757736	-0.98	0.98	-0.98	-0.98	-0.98
0.016431	-0.031252	-0.98	-0.98	-0.98	-0.98	0.98
-0.741342	-0.373331	-0.98	-0.98	0.98	-0.98	-0.98
0.004208	-0.898084	-0.98	-0.98	-0.98	-0.98	0.98
-0.897694	-0.577285	-0.98	-0.98	0.98	-0.98	-0.98
-0.385939	-0.515318	-0.98	-0.98	0.98	-0.98	-0.98
0.457655	-0.503815	-0.98	-0.98	-0.98	0.98	-0.98
-0.424811	0.538143	0.98	-0.98	-0.98	-0.98	-0.98
0.575673	0.037624	-0.98	-0.98	-0.98	-0.98	0.98
0.029200	0.523570	-0.98	-0.98	-0.98	-0.98	0.98
-0.754345	0.458377	0.98	-0.98	-0.98	-0.98	-0.98
0.359574	-0.651209	-0.98	-0.98	-0.98	0.98	-0.98
0.112128	0.913641	-0.98	0.98	-0.98	-0.98	-0.98
-0.778391	0.916889	0.98	-0.98	-0.98	-0.98	-0.98
-0.670879	-0.896387	-0.98	-0.98	0.98	-0.98	-0.98
0.868646	0.249546	-0.98	0.98	-0.98	-0.98	-0.98
-0.239983	0.664225	0.98	-0.98	-0.98	-0.98	-0.98
0.945819	-0.077864	-0.98	-0.98	-0.98	-0.98	0.98
-0.178164	0.767598	0.98	-0.98	-0.98	-0.98	-0.98
-0.665099	-0.186839	-0.98	-0.98	0.98	-0.98	-0.98
-0.649339	-0.939438	-0.98	-0.98	0.98	-0.98	-0.98
-0.082183	0.500975	-0.98	-0.98	-0.98	-0.98	0.98
0.426550	0.376330	-0.98	0.98	-0.98	-0.98	-0.98
-0.289561	-0.127264	-0.98	-0.98	0.98	-0.98	-0.98
-0.123982	0.747729	0.98	-0.98	-0.98	-0.98	-0.98
-0.951331	-0.720889	-0.98	-0.98	0.98	-0.98	-0.98
0.262979	-0.840582	-0.98	-0.98	-0.98	0.98	-0.98
0.287494	0.472233	-0.98	0.98	-0.98	-0.98	-0.98
0.051147	0.892162	-0.98	-0.98	-0.98	-0.98	0.98
-0.360827	0.764173	0.98	-0.98	-0.98	-0.98	-0.98
-0.344690	0.541581	0.98	-0.98	-0.98	-0.98	-0.98
-0.522027	0.269280	0.98	-0.98	-0.98	-0.98	-0.98
-0.483286	-0.888398	-0.98	-0.98	0.98	-0.98	-0.98
0.266313	0.114124	-0.98	0.98	-0.98	-0.98	-0.98
0.700995	0.689649	-0.98	0.98	-0.98	-0.98	-0.98
0.338714	-0.177795	-0.98	-0.98	-0.98	0.98	-0.98
-0.993494	-0.988703	-0.98	-0.98	0.98	-0.98	-0.98
0.858554	-0.141588	-0.98	-0.98	-0.98	0.98	-0.98
-0.453637	0.369635	0.98	-0.98	-0.98	-0.98	-0.98
-0.170401	0.377849	0.98	-0.98	-0.98	-0.98	-0.98
0.504377	-0.991248	-0.98	-0.98	-0.98	0.98	-0.98
-0.421315	-0.626598	-0.98	-0.98	0.98	-0.98	-0.98
-0.505537	-0.643372	-0.98	-0.98	0.98	-0.98	-0.98
0.153764	0.434070	-0.98	0.98	-0.98	-0.98	-0.98
0.467742	-0.230710	-0.98	-0.98	-0.98	0.98	-0.98
-0.713304	0.830529	0.98	-0.98	-0.98	-0.98	-0.98
-0.115652	-0.498414	-0.98	-0.98	0.98	-0.98	-0.98
0.871328	0.193810	-0.98	0.98	-0.98	-0.98	-0.98
0.310565	-0.919012	-0.98	-0.98	-0.98	0.98	-0.98
0.732747	-0.798600	-0.98	-0.98	-0.98	0.98	-0.98
0.311910	-0.022407	-0.98	-0.98	-0.98	-0.98	0.98
0.554755	-0.824361	-0.98	-0.98	-0.98	0.98	-0.98
0.974952	-0.141117	-0.98	-0.98	-0.98	0.98	-0.98
-0.561559	-0.360762	-0.98	-0.98	0.98	-0.98	-0.98
0.132583	0.411232	-0.98	0.98	-0.98	-0.98	-0.98
-0.029486	0.179033	-0.98	-0.98	-0.98	-0.98	0.98
0.277438	0.339189	-0.98	0.98	-0.98	-0.98	-0.98
-0.258894	-0.764337	-0.98	-0.98	0.98	-0.98	-0.98
-0.866668	0.002584	-0.98	-0.98	-0.98	-0.98	0.98
-0.989589	0.482155	0.98	-0.98	-0.98	-0.98	-0.98
0.536524	0.688014	-0.98	0.98	-0.98	-0.98	-0.98
-0.155648	0.561934	0.98	-0.98	-0.98	-0.98	-0.98
0.691186	0.220038	-0.98	0.98	-0.98	-0.98	-0.98
0.390396	-0.394242	-0.98	-0.98	-0.98	0.98	-0.98
0.108464	0.779646	-0.98	0.98	-0.98	-0.98	-0.98
0.829492	0.507062	-0.98	0.98	-0.98	-0.98	-0.98
0.561607	-0.004332	-0.98	-0.98	-0.98	-0.98	0.98
0.717787	0.411785	-0.98	0.98	-0.98	-0.98	-0.98
0.390422	-0.005975	-0.98	-0.98	-0.98	-0.98	0.98
0.575227	-0.751591	-0.98	-0.98	-0.98	0.98	-0.98
-0.938084	-0.922828	-0.98	-0.98	0.98	-0.98	-0.98
-0.753813	-0.111537	-0.98	-0.98	0.98	-0.98	-0.98
-0.307156	-0.283244	-0.98	-0.98	0.98	-0.98	-0.98
0.444023	0.180459	-0.98	0.98	-0.98	-0.98	-0.98
0.746984	-0.806430	-0.98	-0.98	-0.98	0.98	-0.98
-0.874478	-0.519116	-0.98	-0.98	0.98	-0.98	-0.98
-0.203189	0.491629	0.98	-0.98	-0.98	-0.98	-0.98
-0.584072	0.306708	0.98	-0.98	-0.98	-0.98	-0.98
0.695764	0.854087	-0.98	0.98	-0.98	-0.98	-0.98
0.318355	0.226918	-0.98	0.98	-0.98	-0.98	-0.98
0.435424	-0.196348	-0.98	-0.98	-0.98	0.98	-0.98
-0.089582	-0.057768	-0.98	-0.98	-0.98	-0.98	0.98
-0.573558	-0.317247	-0.98	-0.98	0.98	-0.98	-0.98
-0.937435	-0.227699	-0.98	-0.98	0.98	-0.98	-0.98
-0.918468	-0.568839	-0.98	-0.98	0.98	-0.98	-0.98
0.227900	-0.814235	-0.98	-0.98	-0.98	0.98	-0.98
-0.964718	-0.360132	-0.98	-0.98	0.98	-0.98	-0.98
-0.150317	-0.812635	-0.98	-0.98	0.98	-0.98	-0.98
-0.398149	0.307346	0.98	-0.98	-0.98	-0.98	-0.98
0.168456	-0.617306	-0.98	-0.98	-0.98	0.98	-0.98
0.559763	0.872321	-0.98	0.98	-0.98	-0.98	-0.98
-0.924312	-0.931728	-0.98	-0.98	0.98	-0.98	-0.98
-0.126959	-0.060413	-0.98	-0.98	-0.98	-0.98	0.98
-0.260919	0.634189	0.98	-0.98	-0.98	-0.98	-0.98
0.163547	-0.481802	-0.98	-0.98	-0.98	0.98	-0.98
0.555405	0.613973	-0.98	0.98	-0.98	-0.98	-0.98
0.854156	0.066220	-0.98	-0.98	-0.98	-0.98	0.98
0.753568	-0.081461	-0.98	-0.98	-0.98	-0.98	0.98
-0.376537	0.631528	0.98	-0.98	-0.98	-0.98	-0.98
-0.563772	0.719520	0.98	-0.98	-0.98	-0.98	-0.98
0.810671	0.012412	-0.98	-0.98	-0.98	-0.98	0.98
0.359349	-0.178217	-0.98	-0.98	-0.98	0.98	-0.98
0.526891	0.172927	-0.98	0.98	-0.98	-0.98	-0.98
-0.955174	-0.796756	-0.98	-0.98	0.98	-0.98	-0.98
0.868764	-0.618000	-0.98	-0.98	-0.98	0.98	-0.98
0.538221	0.223240	-0.98	0.98	-0.98	-0.98	-0.98
0.400224	0.724956	-0.98	0.98	-0.98	-0.98	-0.98
-0.747684	0.330316	0.98	-0.98	-0.98	-0.98	-0.98
-0.115444	-0.327944	-0.98	-0.98	0.98	-0.98	-0.98
0.559173	0.793235	-0.98	0.98	-0.98	-0.98	-0.98
-0.751440	0.930808	0.98	-0.98	-0.98	-0.98	-0.98
-0.865205	0.118323	0.98	-0.98	-0.98	-0.98	-0.98
-0.620145	0.808585	0.98	-0.98	-0.98	-0.98	-0.98
-0.247724	-0.319556	-0.98	-0.98	0.98	-0.98	-0.98
0.317911	0.809242	-0.98	0.98	-0.98	-0.98	-0.98
0.982010	-0.071226	-0.98	-0.98	-0.98	-0.98	0.98
-0.885664	-0.792941	-0.98	-0.98	0.98	-0.98	-0.98
-0.244617	0.038597	-0.98	-0.98	-0.98	-0.98	0.98
-0.511727	0.256038	0.98	-0.98	-0.98	-0.98	-0.98
-0.358804	-0.392496	-0.98	-0.98	0.98	-0.98	-0.98
-0.970381	0.470442	0.98	-0.98	-0.98	-0.98	-0.98
0.235964	-0.326919	-0.98	-0.98	-0.98	0.98	-0.98
0.529528	0.964728	-0.98	0.98	-0.98	-0.98	-0.98
-0.907298	-0.617526	-0.98	-0.98	0.98	-0.98	-0.98
0.208438	-0.642164	-0.98	-0.98	-0.98	0.98	-0.98
-0.081781	-0.633250	-0.98	-0.98	-0.98	-0.98	0.98
0.189086	-0.994122	-0.98	-0.98	-0.98	0.98	-0.98
0.707389	-0.689518	-0.98	-0.98	-0.98	0.98	-0.98
0.194444	0.152863	-0.98	0.98	-0.98	-0.98	-0.98
0.258253	-0.842802	-0.98	-0.98	-0.98	0.98	-0.98
-0.318564	-0.074919	-0.98	-0.98	-0.98	-0.98	0.98
-0.241066	0.032720	-0.98	-0.98	-0.98	-0.98	0.98
0.870211	0.513497	-0.98	0.98	-0.98	-0.98	-0.98
0.698612	-0.911854	-0.98	-0.98	-0.98	0.98	-0.98
-0.596670	-0.651962	-0.98	-0.98	0.98	-0.98	-0.98
0.353118	-0.153366	-0.98	-0.98	-0.98	0.98	-0.98
0.782659	-0.398195	-0.98	-0.98	-0.98	0.98	-0.98
-0.915014	-0.442627	-0.98	-0.98	0.98	-0.98	-0.98
0.832913	-0.574114	-0.98	-0.98	-0.98	0.98	-0.98
0.105717	-0.423254	-0.98	-0.98	-0.98	0.98	-0.98
-0.583796	0.384863	0.98	-0.98	-0.98	-0.98	-0.98
-0.827925	0.706600	0.98	-0.98	-0.98	-0.98	-0.98
0.837681	-0.496433	-0.98	-0.98	-0.98	0.98	-0.98
-0.191840	-0.767760	-0.98	-0.98	0.98	-0.98	-0.98
-0.342278	0.618820	0.98	-0.98	-0.98	-0.98	-0.98
0.973760	-0.750508	-0.98	-0.98	-0.98	0.98	-0.98
0.575191	-0.478480	-0.98	-0.98	-0.98	0.98	-0.98
0.780048	-0.236793	-0.98	-0.98	-0.98	0.98	-0.98
-0.389711	-0.175946	-0.98	-0.98	0.98	-0.98	-0.98
0.289580	-0.013117	-0.98	-0.98	-0.98	-0.98	0.98
0.285570	-0.277726	-0.98	-0.98	-0.98	0.98	-0.98
-0.593071	-0.130156	-0.98	-0.98	0.98	-0.98	-0.98
-0.923738	-0.742496	-0.98	-0.98	0.98	-0.98	-0.98
0.404527	0.054533	-0.98	-0.98	-0.98	-0.98	0.98
-0.818627	0.782267	0.98	-0.98	-0.98	-0.98	-0.98
0.906131	0.010082	-0.98	-0.98	-0.98	-0.98	0.98
-0.722943	0.926915	0.98	-0.98	-0.98	-0.98	-0.98
-0.967684	-0.787336	-0.98	-0.98	0.98	-0.98	-0.98
0.147390	0.131786	-0.98	0.98	-0.98	-0.98	-0.98
0.779272	-0.095075	-0.98	-0.98	-0.98	-0.98	0.98
0.841966	-0.990874	-0.98	-0.98	-0.98	0.98	-0.98
0.184149	-0.763821	-0.98	-0.98	-0.98	0.98	-0.98
-0.907588	0.543221	0.98	-0.98	-0.98	-0.98	-0.98
0.536046	-0.797590	-0.98	-0.98	-0.98	0.98	-0.98
0.588814	-0.021232	-0.98	-0.98	-0.98	-0.98	0.98
-0.083493	-0.167652	-0.98	-0.98	-0.98	-0.98	0.98
-0.189075	0.678556	0.98	-0.98	-0.98	-0.98	-0.98
-0.367412	0.860668	0.98	-0.98	-0.98	-0.98	-0.98
-0.427217	-0.661048	-0.98	-0.98	0.98	-0.98	-0.98
-0.114100	-0.411746	-0.98	-0.98	0.98	-0.98	-0.98
-0.954161	0.925772	0.98	-0.98	-0.98	-0.98	-0.98
0.828721	0.559671	-0.98	0.98	-0.98	-0.98	-0.98
-0.598312	0.437997	0.98	-0.98	-0.98	-0.98	-0.98
-0.451150	-0.865944	-0.98	-0.98	0.98	-0.98	-0.98
-0.647431	0.001582	-0.98	-0.98	-0.98	-0.98	0.98
-0.022922	-0.928879	-0.98	-0.98	-0.98	-0.98	0.98
-0.104542	0.837481	0.98	-0.98	-0.98	-0.98	-0.98
-0.996103	0.942543	0.98	-0.98	-0.98	-0.98	-0.98
-0.292679	-0.296808	-0.98	-0.98	0.98	-0.98	-0.98
-0.935278	-0.398187	-0.98	-0.98	0.98	-0.98	-0.98
0.747279	-0.886385	-0.98	-0.98	-0.98	0.98	-0.98
0.709922	0.229096	-0.98	0.98	-0.98	-0.98	-0.98
-0.573480	-0.687112	-0.98	-0.98	0.98	-0.98	-0.98
-0.098776	0.276985	-0.98	-0.98	-0.98	-0.98	0.98
-0.489017	0.831899	0.98	-0.98	-0.98	-0.98	-0.98
-0.359770	-0.486217	-0.98	-0.98	0.98	-0.98	-0.98
0.172128	-0.261256	-0.98	-0.98	-0.98	0.98	-0.98
0.366835	0.411988	-0.98	0.98	-0.98	-0.98	-0.98
-0.747670	-0.892625	-0.98	-0.98	0.98	-0.98	-0.98
0.300159	-0.564730	-0.98	-0.98	-0.98	0.98	-0.98
-0.889980	-0.764466	-0.98	-0.98	0.98	-0.98	-0.98
0.847065	0.116972	-0.98	0.98	-0.98	-0.98	-0.98
-0.822161	0.856595	0.98	-0.98	-0.98	-0.98	-0.98
-0.898362	-0.956344	-0.98	-0.98	0.98	-0.98	-0.98
-0.376011	0.125975	0.98	-0.98	-0.98	-0.98	-0.98
0.124738	0.163044	-0.98	0.98	-0.98	-0.98	-0.98
0.004497	0.826524	-0.98	-0.98	-0.98	-0.98	0.98
-0.297543	-0.001517	-0.98	-0.98	-0.98	-0.98	0.98
0.172486	0.411301	-0.98	0.98	-0.98	-0.98	-0.98
-0.487802	0.263098	0.98	-0.98	-0.98	-0.98	-0.98
-0.483035	-0.029439	-0.98	-0.98	-0.98	-0.98	0.98
-0.618981	0.971864	0.98	-0.98	-0.98	-0.98	-0.98
0.451085	0.168622	-0.98	0.98	-0.98	-0.98	-0.98
0.788979	0.171912	-0.98	0.98	-0.98	-0.98	-0.98
0.765760	-0.535521	-0.98	-0.98	-0.98	0.98	-0.98
0.656365	0.193759	-0.98	0.98	-0.98	-0.98	-0.98
-0.688342	0.996743	0.98	-0.98	-0.98	-0.98	-0.98
0.508508	0.691967	-0.98	0.98	-0.98	-0.98	-0.98
-0.060920	0.046941	-0.98	-0.98	-0.98	-0.98	0.98
0.398306	0.329269	-0.98	0.98	-0.98	-0.98	-0.98
0.535825	0.948313	-0.98	0.98	-0.98	-0.98	-0.98
-0.744009	0.914088	0.98	-0.98	-0.98	-0.98	-0.98
-0.110665	-0.542573	-0.98	-0.98	0.98	-0.98	-0.98
0.821209	0.019091	-0.98	-0.98	-0.98	-0.98	0.98
-0.719096	-0.609086	-0.98	-0.98	0.98	-0.98	-0.98
0.083637	-0.353394	-0.98	-0.98	-0.98	-0.98	0.98
-0.421086	0.871503	0.98	-0.98	-0.98	-0.98	-0.98
0.027100	-0.057692	-0.98	-0.98	-0.98	-0.98	0.98
0.446162	-0.807195	-0.98	-0.98	-0.98	0.98	-0.98
0.581639	-0.620133	-0.98	-0.98	-0.98	0.98	-0.98
0.049247	-0.064998	-0.98	-0.98	-0.98	-0.98	0.98
-0.875231	0.082753	-0.98	-0.98	-0.98	-0.98	0.98
-0.919141	-0.699523	-0.98	-0.98	0.98	-0.98	-0.98
-0.272539	-0.501333	-0.98	-0.98	0.98	-0.98	-0.98
-0.220441	-0.021285	-0.98	-0.98	-0.98	-0.98	0.98
0.124791	-0.722584	-0.98	-0.98	-0.98	0.98	-0.98
-0.468979	-0.969886	-0.98	-0.98	0.98	-0.98	-0.98
-0.924466	-0.291352	-0.98	-0.98	0.98	-0.98	-0.98
0.557842	-0.013103	-0.98	-0.98	-0.98	-0.98	0.98
-0.724450	0.349290	0.98	-0.98	-0.98	-0.98	-0.98
0.541682	0.005802	-0.98	-0.98	-0.98	-0.98	0.98
-0.481766	-0.215173	-0.98	-0.98	0.98	-0.98	-0.98
-0.281769	0.760268	0.98	-0.98	-0.98	-0.98	-0.98
-0.421215	0.482372	0.98	-0.98	-0.98	-0.98	-0.98
0.441452	0.953461	-0.98	0.98	-0.98	-0.98	-0.98
-0.343312	0.154330	0.98	-0.98	-0.98	-0.98	-0.98
0.462162	0.150221	-0.98	0.98	-0.98	-0.98	-0.98
0.372289	-0.216857	-0.98	-0.98	-0.98	0.98	-0.98
-0.440932	-0.313031	-0.98	-0.98	0.98	-0.98	-0.98
0.488578	0.709592	-0.98	0.98	-0.98	-0.98	-0.98
-0.844255	0.835452	0.98	-0.98	-0.98	-0.98	-0.98
0.502760	0.287933	-0.98	0.98	-0.98	-0.98	-0.98
-0.572050	0.863902	0.98	-0.98	-0.98	-0.98	-0.98
0.211246	-0.397190	-0.98	-0.98	-0.98	0.98	-0.98
0.696248	0.699602	-0.98	0.98	-0.98	-0.98	-0.98
0.004079	-0.745937	-0.98	-0.98	-0.98	-0.98	0.98
-0.903386	0.043011	-0.98	-0.98	-0.98	-0.98	0.98
-0.236188	0.320292	0.98	-0.98	-0.98	-0.98	-0.98
0.118913	-0.307133	-0.98	-0.98	-0.98	0.98	-0.98
-0.841870	-0.143801	-0.98	-0.98	0.98	-0.98	-0.98
0.322648	0.672801	-0.98	0.98	-0.98	-0.98	-0.98
-0.622610	-0.719440	-0.98	-0.98	0.98	-0.98	-0.98
-0.103856	0.602593	0.98	-0.98	-0.98	-0.98	-0.98
0.515564	0.425736	-0.98	0.98	-0.98	-0.98	-0.98
-0.731593	0.475394	0.98	-0.98	-0.98	-0.98	-0.98
-0.552610	-0.228914	-0.98	-0.98	0.98	-0.98	-0.98
-0.019624	-0.741545	-0.98	-0.98	-0.98	-0.98	0.98
-0.709206	0.986615	0.98	-0.98	-0.98	-0.98	-0.98
-0.199395	0.048567	-0.98	-0.98	-0.98	-0.98	0.98
-0.157542	0.096930	-0.98	-0.98	-0.98	-0.98	0.98
-0.466358	-0.931208	-0.98	-0.98	0.98	-0.98	-0.98
-0.895274	0.129424	0.98	-0.98	-0.98	-0.98	-0.98
0.867243	-0.626465	-0.98	-0.98	-0.98	0.98	-0.98
0.021486	0.017110	-0.98	-0.98	-0.98	-0.98	0.98
-0.993431	-0.854479	-0.98	-0.98	0.98	-0.98	-0.98
-0.748169	-0.505326	-0.98	-0.98	0.98	-0.98	-0.98
0.477686	-0.160971	-0.98	-0.98	-0.98	0.98	-0.98
0.640594	0.461612	-0.98	0.98	-0.98	-0.98	-0.98
-0.199305	-0.747740	-0.98	-0.98	0.98	-0.98	-0.98
0.804716	-0.431899	-0.98	-0.98	-0.98	0.98	-0.98
-0.524206	0.393796	0.98	-0.98	-0.98	-0.98	-0.98
-0.882777	0.876198	0.98	-0.98	-0.98	-0.98	-0.98
0.837196	-0.152881	-0.98	-0.98	-0.98	0.98	-0.98
0.420191	0.112701	-0.98	0.98	-0.98	-0.98	-0.98
-0.203566	0.103158	0.98	-0.98	-0.98	-0.98	-0.98
-0.562231	-0.509999	-0.98	-0.98	0.98	-0.98	-0.98
0.419440	0.517466	-0.98	0.98	-0.98	-0.98	-0.98
0.817619	-0.091755	-0.98	-0.98	-0.98	-0.98	0.98
-0.068339	0.464115	-0.98	-0.98	-0.98	-0.98	0.98
-0.769975	0.555733	0.98	-0.98	-0.98	-0.98	-0.98
-0.997499	-0.537738	-0.98	-0.98	0.98	-0.98	-0.98
0.289360	-0.581542	-0.98	-0.98	-0.98	0.98	-0.98
-0.147309	-0.101046	-0.98	-0.98	0.98	-0.98	-0.98
0.693724	-0.378021	-0.98	-0.98	-0.98	0.98	-0.98
0.097053	0.069336	-0.98	-0.98	-0.98	-0.98	0.98
-0.632732	0.877093	0.98	-0.98	-0.98	-0.98	-0.98
-0.506844	0.849711	0.98	-0.98	-0.98	-0.98	-0.98
-0.548962	-0.939013	-0.98	-0.98	0.98	-0.98	-0.98
0.837821	0.972018	-0.98	0.98	-0.98	-0.98	-0.98
-0.959146	0.218292	0.98	-0.98	-0.98	-0.98	-0.98
-0.695235	-0.617465	-0.98	-0.98	0.98	-0.98	-0.98
0.153005	-0.356987	-0.98	-0.98	-0.98	0.98	-0.98
0.375069	0.473973	-0.98	0.98	-0.98	-0.98	-0.98
-0.457487	0.847331	0.98	-0.98	-0.98	-0.98	-0.98
0.907588	-0.876207	-0.98	-0.98	-0.98	0.98	-0.98
0.778753	-0.133290	-0.98	-0.98	-0.98	0.98	-0.98
0.134113	-0.743194	-0.98	-0.98	-0.98	0.98	-0.98
0.090906	0.039965	-0.98	-0.98	-0.98	-0.98	0.98
-0.121264	0.627691	0.98	-0.98	-0.98	-0.98	-0.98
0.025674	-0.999444	-0.98	-0.98	-0.98	-0.98	0.98
-0.928374	-0.615152	-0.98	-0.98	0.98	-0.98	-0.98
-0.515940	-0.322533	-0.98	-0.98	0.98	-0.98	-0.98
-0.974480	-0.377467	-0.98	-0.98	0.98	-0.98	-0.98
-0.743065	0.663918	0.98	-0.98	-0.98	-0.98	-0.98
0.368014	0.134529	-0.98	0.98	-0.98	-0.98	-0.98
0.861775	0.426201	-0.98	0.98	-0.98	-0.98	-0.98
-0.154558	-0.151266	-0.98	-0.98	0.98	-0.98	-0.98
-0.402475	0.151206	0.98	-0.98	-0.98	-0.98	-0.98
-0.902025	0.112332	0.98	-0.98	-0.98	-0.98	-0.98
-0.101062	-0.885262	-0.98	-0.98	0.98	-0.98	-0.98
-0.282293	-0.396728	-0.98	-0.98	0.98	-0.98	-0.98
0.616873	0.294278	-0.98	0.98	-0.98	-0.98	-0.98
0.527289	-0.871865	-0.98	-0.98	-0.98	0.98	-0.98
0.106838	0.035984	-0.98	-0.98	-0.98	-0.98	0.98
-0.382226	0.895796	0.98	-0.98	-0.98	-0.98	-0.98
0.079541	-0.941158	-0.98	-0.98	-0.98	-0.98	0.98
-0.474490	-0.539562	-0.98	-0.98	0.98	-0.98	-0.98
0.644295	-0.770171	-0.98	-0.98	-0.98	0.98	-0.98
-0.727020	-0.391028	-0.98	-0.98	0.98	-0.98	-0.98
-0.044691	0.275799	-0.98	-0.98	-0.98	-0.98	0.98
-0.540098	0.854652	0.98	-0.98	-0.98	-0.98	-0.98
0.550168	0.183048	-0.98	0.98	-0.98	-0.98	-0.98
-0.530966	0.805809	0.98	-0.98	-0.98	-0.98	-0.98
0.404698	0.530845	-0.98	0.98	-0.98	-0.98	-0.98
-0.375046	0.886918	0.98	-0.98	-0.98	-0.98	-0.98
-0.864532	-0.763732	-0.98	-0.98	0.98	-0.98	-0.98
-0.537598	0.155136	0.98	-0.98	-0.98	-0.98	-0.98
0.609605	-0.868997	-0.98	-0.98	-0.98	0.98	-0.98
-0.664271	0.430549	0.98	-0.98	-0.98	-0.98	-0.98
-0.016327	-0.739581	-0.98	-0.98	-0.98	-0.98	0.98
0.684062	-0.475221	-0.98	-0.98	-0.98	0.98	-0.98
-0.550631	0.645350	0.98	-0.98	-0.98	-0.98	-0.98
-0.331260	0.898300	0.98	-0.98	-0.98	-0.98	-0.98
-0.542715	0.958220	0.98	-0.98	-0.98	-0.98	-0.98
0.502637	0.496052	-0.98	0.98	-0.98	-0.98	-0.98
0.269337	0.577162	-0.98	0.98	-0.98	-0.98	-0.98
0.114725	0.207799	-0.98	0.98	-0.98	-0.98	-0.98
-0.030056	0.944549	-0.98	-0.98	-0.98	-0.98	0.98
-0.094080	0.343211	-0.98	-0.98	-0.98	-0.98	0.98
0.209101	0.438702	-0.98	0.98	-0.98	-0.98	-0.98
-0.647520	-0.588919	-0.98	-0.98	0.98	-0.98	-0.98
0.017573	-0.851375	-0.98	-0.98	-0.98	-0.98	0.98
-0.552113	-0.961337	-0.98	-0.98	0.98	-0.98	-0.98
-0.355672	0.722731	0.98	-0.98	-0.98	-0.98	-0.98
0.460108	0.742137	-0.98	0.98	-0.98	-0.98	-0.98
-0.184354	-0.382640	-0.98	-0.98	0.98	-0.98	-0.98
0.583372	0.133718	-0.98	0.98	-0.98	-0.98	-0.98
-0.986368	0.699402	0.98	-0.98	-0.98	-0.98	-0.98
0.875970	0.438765	-0.98	0.98	-0.98	-0.98	-0.98
-0.746460	0.714334	0.98	-0.98	-0.98	-0.98	-0.98
0.059812	-0.358183	-0.98	-0.98	-0.98	-0.98	0.98
0.408248	0.978225	-0.98	0.98	-0.98	-0.98	-0.98
0.800846	-0.593136	-0.98	-0.98	-0.98	0.98	-0.98
0.317798	-0.907737	-0.98	-0.98	-0.98	0.98	-0.98
0.376470	0.788965	-0.98	0.98	-0.98	-0.98	-0.98
0.460841	-0.971179	-0.98	-0.98	-0.98	0.98	-0.98
0.108812	0.477144	-0.98	0.98	-0.98	-0.98	-0.98
0.784667	-0.087059	-0.98	-0.98	-0.98	-0.98	0.98
0.764401	0.293629	-0.98	0.98	-0.98	-0.98	-0.98
0.126401	0.345826	-0.98	0.98	-0.98	-0.98	-0.98
0.469361	-0.165056	-0.98	-0.98	-0.98	0.98	-0.98
0.718745	0.532980	-0.98	0.98	-0.98	-0.98	-0.98
0.434640	0.559204	-0.98	0.98	-0.98	-0.98	-0.98
0.318965	0.589379	-0.98	0.98	-0.98	-0.98	-0.98
-0.827720	-0.755718	-0.98	-0.98	0.98	-0.98	-0.98
-0.175279	0.790005	0.98	-0.98	-0.98	-0.98	-0.98
-0.951686	-0.816111	-0.98	-0.98	0.98	-0.98	-0.98
0.585441	-0.918308	-0.98	-0.98	-0.98	0.98	-0.98
-0.803238	-0.190515	-0.98	-0.98	0.98	-0.98	-0.98
-0.584329	0.228435	0.98	-0.98	-0.98	-0.98	-0.98
-0.252680	0.039873	-0.98	-0.98	-0.98	-0.98	0.98
-0.278615	-0.758446	-0.98	-0.98	0.98	-0.98	-0.98
-0.632706	-0.225735	-0.98	-0.98	0.98	-0.98	-0.98
-0.551489	0.095397	-0.98	-0.98	-0.98	-0.98	0.98
-0.541546	0.017773	-0.98	-0.98	-0.98	-0.98	0.98
-0.462965	-0.450586	-0.98	-0.98	0.98	-0.98	-0.98
0.201960	0.433218	-0.98	0.98	-0.98	-0.98	-0.98
-0.858471	-0.502785	-0.98	-0.98	0.98	-0.98	-0.98
-0.733860	-0.031791	-0.98	-0.98	-0.98	-0.98	0.98
0.797496	0.204654	-0.98	0.98	-0.98	-0.98	-0.98
0.411407	-0.052710	-0.98	-0.98	-0.98	-0.98	0.98
0.338859	-0.865699	-0.98	-0.98	-0.98	0.98	-0.98
-0.102479	0.250992	0.98	-0.98	-0.98	-0.98	-0.98
-0.431599	-0.454212	-0.98	-0.98	0.98	-0.98	-0.98
0.461849	0.442374	-0.98	0.98	-0.98	-0.98	-0.98
0.417012	0.695747	-0.98	0.98	-0.98	-0.98	-0.98
-0.902335	-0.233078	-0.98	-0.98	0.98	-0.98	-0.98
0.767748	0.753940	-0.98	0.98	-0.98	-0.98	-0.98
0.952283	-0.388944	-0.98	-0.98	-0.98	0.98	-0.98
-0.185104	-0.986620	-0.98	-0.98	0.98	-0.98	-0.98
0.399869	-0.765857	-0.98	-0.98	-0.98	0.98	-0.98
0.247868	0.193768	-0.98	0.98	-0.98	-0.98	-0.98
-0.152669	-0.856666	-0.98	-0.98	0.98	-0.98	-0.98
0.019061	0.036337	-0.98	-0.98	-0.98	-0.98	0.98
0.039773	0.121947	-0.98	-0.98	-0.98	-0.98	0.98
0.434571	0.873082	-0.98	0.98	-0.98	-0.98	-0.98
0.875217	0.422747	-0.98	0.98	-0.98	-0.98	-0.98
0.597324	0.997115	-0.98	0.98	-0.98	-0.98	-0.98
0.056847	-0.903437	-0.98	-0.98	-0.98	-0.98	0.98
0.834608	-0.915391	-0.98	-0.98	-0.98	0.98	-0.98
0.595698	-0.177132	-0.98	-0.98	-0.98	0.98	-0.98
-0.834140	0.421978	0.98	-0.98	-0.98	-0.98	-0.98
0.249652	-0.457072	-0.98	-0.98	-0.98	0.98	-0.98
-0.662404	-0.641526	-0.98	-0.98	0.98	-0.98	-0.98
0.737238	0.889431	-0.98	0.98	-0.98	-0.98	-0.98
0.686857	-0.418323	-0.98	-0.98	-0.98	0.98	-0.98
-0.295682	-0.191591	-0.98	-0.98	0.98	-0.98	-0.98
0.876240	0.355751	-0.98	0.98	-0.98	-0.98	-0.98
-0.138992	0.508486	0.98	-0.98	-0.98	-0.98	-0.98
-0.928339	-0.780469	-0.98	-0.98	0.98	-0.98	-0.98
-0.238444	-0.106227	-0.98	-0.98	0.98	-0.98	-0.98
-0.423420	0.148821	0.98	-0.98	-0.98	-0.98	-0.98
-0.124399	0.320605	0.98	-0.98	-0.98	-0.98	-0.98
0.476380	0.799696	-0.98	0.98	-0.98	-0.98	-0.98
-0.528354	0.546132	0.98	-0.98	-0.98	-0.98	-0.98
0.432508	0.701177	-0.98	0.98	-0.98	-0.98	-0.98
0.558030	0.202912	-0.98	0.98	-0.98	-0.98	-0.98
-0.688670	0.864606	0.98	-0.98	-0.98	-0.98	-0.98
-0.558574	0.826785	0.98	-0.98	-0.98	-0.98	-0.98
-0.473974	0.604511	0.98	-0.98	-0.98	-0.98	-0.98
0.299715	0.012954	-0.98	-0.98	-0.98	-0.98	0.98
0.480394	0.264411	-0.98	0.98	-0.98	-0.98	-0.98
0.436656	0.760558	-0.98	0.98	-0.98	-0.98	-0.98
-0.140178	-0.208195	-0.98	-0.98	0.98	-0.98	-0.98
0.068417	0.513325	-0.98	-0.98	-0.98	-0.98	0.98
-0.117076	0.003171	-0.98	-0.98	-0.98	-0.98	0.98
0.734644	0.433802	-0.98	0.98	-0.98	-0.98	-0.98
0.628012	-0.953773	-0.98	-0.98	-0.98	0.98	-0.98
-0.233376	0.364096	0.98	-0.98	-0.98	-0.98	-0.98
0.720552	-0.056631	-0.98	-0.98	-0.98	-0.98	0.98
0.192280	0.934327	-0.98	0.98	-0.98	-0.98	-0.98
-0.524165	-0.721062	-0.98	-0.98	0.98	-0.98	-0.98
-0.740284	0.972921	0.98	-0.98	-0.98	-0.98	-0.98
0.842722	-0.442882	-0.98	-0.98	-0.98	0.98	-0.98
0.092413	0.792473	-0.98	-0.98	-0.98	-0.98	0.98
0.138672	-0.090873	-0.98	-0.98	-0.98	-0.98	0.98
-0.137320	-0.687902	-0.98	-0.98	0.98	-0.98	-0.98
0.142724	-0.050817	-0.98	-0.98	-0.98	-0.98	0.98
0.407684	0.968029	-0.98	0.98	-0.98	-0.98	-0.98
0.189614	-0.315815	-0.98	-0.98	-0.98	0.98	-0.98
-0.289977	0.191132	0.98	-0.98	-0.98	-0.98	-0.98
0.158478	0.070117	-0.98	-0.98	-0.98	-0.98	0.98
0.611119	0.703974	-0.98	0.98	-0.98	-0.98	-0.98
-0.267284	0.240404	0.98	-0.98	-0.98	-0.98	-0.98
0.089448	-0.717845	-0.98	-0.98	-0.98	-0.98	0.98
0.627915	0.797101	-0.98	0.98	-0.98	-0.98	-0.98
0.569131	0.419130	-0.98	0.98	-0.98	-0.98	-0.98
0.027700	-0.175872	-0.98	-0.98	-0.98	-0.98	0.98
-0.069911	0.774253	-0.98	-0.98	-0.98	-0.98	0.98
-0.493546	-0.576810	-0.98	-0.98	0.98	-0.98	-0.98
-0.459020	-0.806429	-0.98	-0.98	0.98	-0.98	-0.98
-0.672756	0.716310	0.98	-0.98	-0.98	-0.98	-0.98
-0.024858	-0.854613	-0.98	-0.98	-0.98	-0.98	0.98
-0.156145	-0.691441	-0.98	-0.98	0.98	-0.98	-0.98
0.237575	-0.116200	-0.98	-0.98	-0.98	0.98	-0.98
-0.360878	-0.071159	-0.98	-0.98	-0.98	-0.98	0.98
-0.966897	0.285392	0.98	-0.98	-0.98	-0.98	-0.98
-0.347778	0.260436	0.98	-0.98	-0.98	-0.98	-0.98
0.607216	-0.586624	-0.98	-0.98	-0.98	0.98	-0.98
0.882878	-0.314455	-0.98	-0.98	-0.98	0.98	-0.98
0.943002	-0.274589	-0.98	-0.98	-0.98	0.98	-0.98
-0.429072	0.786465	0.98	-0.98	-0.98	-0.98	-0.98
-0.351582	0.728387	0.98	-0.98	-0.98	-0.98	-0.98
0.095575	-0.643631	-0.98	-0.98	-0.98	-0.98	0.98
0.814563	-0.350955	-0.98	-0.98	-0.98	0.98	-0.98
0.096345	0.548914	-0.98	-0.98	-0.98	-0.98	0.98
-0.058783	0.070253	-0.98	-0.98	-0.98	-0.98	0.98
0.109787	0.928933	-0.98	0.98	-0.98	-0.98	-0.98
0.618761	0.510970	-0.98	0.98	-0.98	-0.98	-0.98
-0.247166	-0.025074	-0.98	-0.98	-0.98	-0.98	0.98
-0.630039	-0.987722	-0.98	-0.98	0.98	-0.98	-0.98
-0.270717	-0.048228	-0.98	-0.98	-0.98	-0.98	0.98
0.203487	0.809918	-0.98	0.98	-0.98	-0.98	-0.98
-0.863328	-0.664226	-0.98	-0.98	0.98	-0.98	-0.98
0.536340	-0.652749	-0.98	-0.98	-0.98	0.98	-0.98
0.000934	0.777545	-0.98	-0.98	-0.98	-0.98	0.98
0.017020	0.736451	-0.98	-0.98	-0.98	-0.98	0.98
0.954181	-0.793690	-0.98	-0.98	-0.98	0.98	-0.98
-0.062369	0.734146	-0.98	-0.98	-0.98	-0.98	0.98
0.828854	-0.351272	-0.98	-0.98	-0.98	0.98	-0.98
-0.633453	0.018651	-0.98	-0.98	-0.98	-0.98	0.98
0.534224	-0.507670	-0.98	-0.98	-0.98	0.98	-0.98
-0.555097	0.569859	0.98	-0.98	-0.98	-0.98	-0.98
-0.592409	-0.947021	-0.98	-0.98	0.98	-0.98	-0.98
-0.492158	0.495716	0.98	-0.98	-0.98	-0.98	-0.98
0.270051	0.508107	-0.98	0.98	-0.98	-0.98	-0.98
-0.570549	0.133289	0.98	-0.98	-0.98	-0.98	-0.98
-0.121053	-0.086602	-0.98	-0.98	-0.98	-0.98	0.98
0.671488	0.021975	-0.98	-0.98	-0.98	-0.98	0.98
-0.979326	0.026636	-0.98	-0.98	-0.98	-0.98	0.98
0.656811	0.089875	-0.98	-0.98	-0.98	-0.98	0.98
0.280036	0.880781	-0.98	0.98	-0.98	-0.98	-0.98
0.683335	-0.057165	-0.98	-0.98	-0.98	-0.98	0.98
-0.698742	-0.506536	-0.98	-0.98	0.98	-0.98	-0.98
-0.779298	-0.522961	-0.98	-0.98	0.98	-0.98	-0.98
-0.434775	-0.850348	-0.98	-0.98	0.98	-0.98	-0.98
-0.792820	-0.671684	-0.98	-0.98	0.98	-0.98	-0.98
0.508699	0.379037	-0.98	0.98	-0.98	-0.98	-0.98
0.292411	0.083342	-0.98	-0.98	-0.98	-0.98	0.98
0.455648	-0.045202	-0.98	-0.98	-0.98	-0.98	0.98
-0.317156	0.504752	0.98	-0.98	-0.98	-0.98	-0.98
-0.733496	0.072613	-0.98	-0.98	-0.98	-0.98	0.98
0.603456	0.495997	-0.98	0.98	-0.98	-0.98	-0.98
-0.268392	0.078946	-0.98	-0.98	-0.98	-0.98	0.98
-0.465048	0.460563	0.98	-0.98	-0.98	-0.98	-0.98
-0.197750	0.411377	0.98	-0.98	-0.98	-0.98	-0.98
0.053230	-0.811487	-0.98	-0.98	-0.98	-0.98	0.98
-0.580624	0.129780	0.98	-0.98	-0.98	-0.98	-0.98
-0.805217	-0.270981	-0.98	-0.98	0.98	-0.98	-0.98
0.570997	-0.225519	-0.98	-0.98	-0.98	0.98	-0.98
-0.476109	0.616917	0.98	-0.98	-0.98	-0.98	-0.98
0.074185	0.965648	-0.98	-0.98	-0.98	-0.98	0.98
0.281022	0.474670	-0.98	0.98	-0.98	-0.98	-0.98
0.912752	0.057138	-0.98	-0.98	-0.98	-0.98	0.98
0.391892	-0.179696	-0.98	-0.98	-0.98	0.98	-0.98
0.506118	0.432358	-0.98	0.98	-0.98	-0.98	-0.98
0.829966	0.660387	-0.98	0.98	-0.98	-0.98	-0.98
0.233790	0.500833	-0.98	0.98	-0.98	-0.98	-0.98
0.365003	-0.607395	-0.98	-0.98	-0.98	0.98	-0.98
0.750124	-0.928867	-0.98	-0.98	-0.98	0.98	-0.98
-0.786867	-0.836000	-0.98	-0.98	0.98	-0.98	-0.98
0.046882	0.631295	-0.98	-0.98	-0.98	-0.98	0.98
-0.253215	0.233963	0.98	-0.98	-0.98	-0.98	-0.98
0.192385	0.294293	-0.98	0.98	-0.98	-0.98	-0.98
0.357673	0.768899	-0.98	0.98	-0.98	-0.98	-0.98
-0.514851	-0.438970	-0.98	-0.98	0.98	-0.98	-0.98
0.395672	0.817007	-0.98	0.98	-0.98	-0.98	-0.98
-0.871247	0.042263	-0.98	-0.98	-0.98	-0.98	0.98
-0.355713	-0.916663	-0.98	-0.98	0.98	-0.98	-0.98
-0.129985	0.409819	0.98	-0.98	-0.98	-0.98	-0.98
0.221486	0.906024	-0.98	0.98	-0.98	-0.98	-0.98
-0.473236	-0.052602	-0.98	-0.98	-0.98	-0.98	0.98
-0.119380	-0.189519	-0.98	-0.98	0.98	-0.98	-0.98
0.003873	-0.538946	-0.98	-0.98	-0.98	-0.98	0.98
0.947668	0.331993	-0.98	0.98	-0.98	-0.98	-0.98
-0.201168	-0.212027	-0.98	-0.98	0.98	-0.98	-0.98
-0.448914	-0.914560	-0.98	-0.98	0.98	-0.98	-0.98
0.659284	-0.399293	-0.98	-0.98	-0.98	0.98	-0.98
0.632672	-0.637149	-0.98	-0.98	-0.98	0.98	-0.98
-0.177791	-0.189624	-0.98	-0.98	0.98	-0.98	-0.98
-0.632637	0.096900	-0.98	-0.98	-0.98	-0.98	0.98
-0.581295	0.561009	0.98	-0.98	-0.98	-0.98	-0.98
0.455594	-0.482244	-0.98	-0.98	-0.98	0.98	-0.98
-0.071927	-0.897801	-0.98	-0.98	-0.98	-0.98	0.98
0.745754	-0.531142	-0.98	-0.98	-0.98	0.98	-0.98
0.537401	-0.282321	-0.98	-0.98	-0.98	0.98	-0.98
-0.571897	0.264148	0.98	-0.98	-0.98	-0.98	-0.98
0.201028	0.585187	-0.98	0.98	-0.98	-0.98	-0.98
-0.593562	-0.551961	-0.98	-0.98	0.98	-0.98	-0.98
0.073972	0.299793	-0.98	-0.98	-0.98	-0.98	0.98
0.021327	0.396080	-0.98	-0.98	-0.98	-0.98	0.98
-0.063310	0.890126	-0.98	-0.98	-0.98	-0.98	0.98
0.401737	0.185480	-0.98	0.98	-0.98	-0.98	-0.98
0.013100	-0.530415	-0.98	-0.98	-0.98	-0.98	0.98
-0.164980	-0.278704	-0.98	-0.98	0.98	-0.98	-0.98
0.777699	0.555840	-0.98	0.98	-0.98	-0.98	-0.98
-0.541395	-0.129791	-0.98	-0.98	0.98	-0.98	-0.98
-0.299020	0.512944	0.98	-0.98	-0.98	-0.98	-0.98
0.746240	-0.269985	-0.98	-0.98	-0.98	0.98	-0.98
0.767379	-0.072759	-0.98	-0.98	-0.98	-0.98	0.98
0.532583	0.342393	-0.98	0.98	-0.98	-0.98	-0.98
0.358753	0.251950	-0.98	0.98	-0.98	-0.98	-0.98
-0.522324	-0.004892	-0.98	-0.98	-0.98	-0.98	0.98
-0.675565	0.692209	0.98	-0.98	-0.98	-0.98	-0.98
-0.275335	0.555181	0.98	-0.98	-0.98	-0.98	-0.98
0.398115	-0.946437	-0.98	-0.98	-0.98	0.98	-0.98
0.509051	-0.421908	-0.98	-0.98	-0.98	0.98	-0.98
0.957943	0.898824	-0.98	0.98	-0.98	-0.98	-0.98
0.716872	0.017509	-0.98	-0.98	-0.98	-0.98	0.98
0.860387	0.012150	-0.98	-0.98	-0.98	-0.98	0.98
-0.000996	0.614230	-0.98	-0.98	-0.98	-0.98	0.98
-0.594825	-0.706048	-0.98	-0.98	0.98	-0.98	-0.98
-0.740090	0.884227	0.98	-0.98	-0.98	-0.98	-0.98
-0.823392	-0.790762	-0.98	-0.98	0.98	-0.98	-0.98
0.401291	-0.114785	-0.98	-0.98	-0.98	0.98	-0.98
-0.368989	0.674400	0.98	-0.98	-0.98	-0.98	-0.98
0.100130	0.892382	-0.98	0.98	-0.98	-0.98	-0.98
-0.500826	-0.380338	-0.98	-0.98	0.98	-0.98	-0.98
-0.836702	0.544218	0.98	-0.98	-0.98	-0.98	-0.98
0.395310	0.597083	-0.98	0.98	-0.98	-0.98	-0.98
-0.446444	0.723367	0.98	-0.98	-0.98	-0.98	-0.98
-0.822792	-0.786109	-0.98	-0.98	0.98	-0.98	-0.98
-0.809466	-0.339170	-0.98	-0.98	0.98	-0.98	-0.98
-0.371878	0.570674	0.98	-0.98	-0.98	-0.98	-0.98
-0.714697	-0.732526	-0.98	-0.98	0.98	-0.98	-0.98
0.498686	0.878921	-0.98	0.98	-0.98	-0.98	-0.98
-0.022855	0.454832	-0.98	-0.98	-0.98	-0.98	0.98
0.830463	0.536911	-0.98	0.98	-0.98	-0.98	-0.98
-0.664285	0.684966	0.98	-0.98	-0.98	-0.98	-0.98
-0.429317	-0.313906	-0.98	-0.98	0.98	-0.98	-0.98
-0.915370	-0.040538	-0.98	-0.98	-0.98	-0.98	0.98
0.535018	-0.148166	-0.98	-0.98	-0.98	0.98	-0.98
-0.443664	0.676524	0.98	-0.98	-0.98	-0.98	-0.98
0.921660	0.839631	-0.98	0.98	-0.98	-0.98	-0.98
0.308115	-0.927875	-0.98	-0.98	-0.98	0.98	-0.98
0.678670	-0.849196	-0.98	-0.98	-0.98	0.98	-0.98
0.152681	0.318557	-0.98	0.98	-0.98	-0.98	-0.98
0.514429	0.062505	-0.98	-0.98	-0.98	-0.98	0.98
-0.676614	0.137000	0.98	-0.98	-0.98	-0.98	-0.98
0.110005	0.259771	-0.98	0.98	-0.98	-0.98	-0.98
-0.687220	0.916155	0.98	-0.98	-0.98	-0.98	-0.98
0.516966	-0.611967	-0.98	-0.98	-0.98	0.98	-0.98
0.239056	-0.620678	-0.98	-0.98	-0.98	0.98	-0.98
0.200976	-0.837691	-0.98	-0.98	-0.98	0.98	-0.98
0.451799	-0.273068	-0.98	-0.98	-0.98	0.98	-0.98
-0.344725	0.349141	0.98	-0.98	-0.98	-0.98	-0.98
0.678259	-0.148135	-0.98	-0.98	-0.98	0.98	-0.98
-0.948004	-0.971632	-0.98	-0.98	0.98	-0.98	-0.98
0.232002	-0.726190	-0.98	-0.98	-0.98	0.98	-0.98
0.802057	0.038277	-0.98	-0.98	-0.98	-0.98	0.98
-0.115324	-0.764482	-0.98	-0.98	0.98	-0.98	-0.98
0.817101	0.330887	-0.98	0.98	-0.98	-0.98	-0.98
-0.621936	0.454525	0.98	-0.98	-0.98	-0.98	-0.98
0.252241	0.272632	-0.98	0.98	-0.98	-0.98	-0.98
-0.183515	0.255972	0.98	-0.98	-0.98	-0.98	-0.98
0.633704	-0.101879	-0.98	-0.98	-0.98	0.98	-0.98
0.523632	0.350411	-0.98	0.98	-0.98	-0.98	-0.98
-0.941669	0.019903	-0.98	-0.98	-0.98	-0.98	0.98
0.109823	-0.163779	-0.98	-0.98	-0.98	0.98	-0.98
-0.536255	0.059206	-0.98	-0.98	-0.98	-0.98	0.98
0.723072	-0.513268	-0.98	-0.98	-0.98	0.98	-0.98
0.783958	-0.757656	-0.98	-0.98	-0.98	0.98	-0.98
-0.703613	-0.148753	-0.98	-0.98	0.98	-0.98	-0.98
-0.243636	-0.867125	-0.98	-0.98	0.98	-0.98	-0.98
-0.951755	-0.611087	-0.98	-0.98	0.98	-0.98	-0.98
-0.283486	0.986758	0.98	-0.98	-0.98	-0.98	-0.98
0.431091	-0.680278	-0.98	-0.98	-0.98	0.98	-0.98
-0.458177	0.515059	0.98	-0.98	-0.98	-0.98	-0.98
0.180310	-0.169926	-0.98	-0.98	-0.98	0.98	-0.98
0.911731	-0.403903	-0.98	-0.98	-0.98	0.98	-0.98
-0.104163	-0.657264	-0.98	-0.98	0.98	-0.98	-0.98
0.083597	0.614417	-0.98	-0.98	-0.98	-0.98	0.98
-0.650261	-0.914518	-0.98	-0.98	0.98	-0.98	-0.98
0.972643	-0.749620	-0.98	-0.98	-0.98	0.98	-0.98
0.889655	-0.279243	-0.98	-0.98	-0.98	0.98	-0.98
0.047346	0.651819	-0.98	-0.98	-0.98	-0.98	0.98
0.352630	-0.359689	-0.98	-0.98	-0.98	0.98	-0.98
-0.617118	-0.555109	-0.98	-0.98	0.98	-0.98	-0.98
0.251140	-0.649789	-0.98	-0.98	-0.98	0.98	-0.98
0.456775	0.545505	-0.98	0.98	-0.98	-0.98	-0.98
0.414938	0.528590	-0.98	0.98	-0.98	-0.98	-0.98
0.462401	-0.034903	-0.98	-0.98	-0.98	-0.98	0.98
-0.385583	-0.264427	-0.98	-0.98	0.98	-0.98	-0.98
0.421639	0.514738	-0.98	0.98	-0.98	-0.98	-0.98
-0.292306	0.372197	0.98	-0.98	-0.98	-0.98	-0.98
0.869968	-0.926632	-0.98	-0.98	-0.98	0.98	-0.98
0.370042	-0.899469	-0.98	-0.98	-0.98	0.98	-0.98
0.596890	-0.997329	-0.98	-0.98	-0.98	0.98	-0.98
-0.692109	-0.366676	-0.98	-0.98	0.98	-0.98	-0.98
0.416103	-0.698253	-0.98	-0.98	-0.98	0.98	-0.98
-0.772830	0.596637	0.98	-0.98	-0.98	-0.98	-0.98
0.234232	0.136168	-0.98	0.98	-0.98	-0.98	-0.98
-0.717921	-0.975279	-0.98	-0.98	0.98	-0.98	-0.98
-0.644397	-0.638785	-0.98	-0.98	0.98	-0.98	-0.98
-0.973810	-0.055223	-0.98	-0.98	-0.98	-0.98	0.98
-0.858335	-0.665819	-0.98	-0.98	0.98	-0.98	-0.98
-0.184019	-0.556365	-0.98	-0.98	0.98	-0.98	-0.98
-0.462784	-0.526449	-0.98	-0.98	0.98	-0.98	-0.98
-0.677331	-0.000058	-0.98	-0.98	-0.98	-0.98	0.98
0.392663	0.211375	-0.98	0.98	-0.98	-0.98	-0.98
0.576294	-0.593945	-0.98	-0.98	-0.98	0.98	-0.98
-0.200401	0.742842	0.98	-0.98	-0.98	-0.98	-0.98
0.215560	0.531751	-0.98	0.98	-0.98	-0.98	-0.98
-0.184794	0.106121	0.98	-0.98	-0.98	-0.98	-0.98
0.596257	0.900930	-0.98	0.98	-0.98	-0.98	-0.98
-0.746986	-0.297565	-0.98	-0.98	0.98	-0.98	-0.98
0.764836	-0.748343	-0.98	-0.98	-0.98	0.98	-0.98
-0.526732	-0.832214	-0.98	-0.98	0.98	-0.98	-0.98
-0.699304	-0.428362	-0.98	-0.98	0.98	-0.98	-0.98
0.414941	0.937202	-0.98	0.98	-0.98	-0.98	-0.98
-0.071190	0.420057	-0.98	-0.98	-0.98	-0.98	0.98
-0.624028	0.318064	0.98	-0.98	-0.98	-0.98	-0.98
-0.018202	-0.853860	-0.98	-0.98	-0.98	-0.98	0.98
-0.534592	0.828329	0.98	-0.98	-0.98	-0.98	-0.98
0.570050	-0.592640	-0.98	-0.98	-0.98	0.98	-0.98
0.705148	-0.965016	-0.98	-0.98	-0.98	0.98	-0.98
0.355391	-0.095685	-0.98	-0.98	-0.98	-0.98	0.98
0.515158	0.236678	-0.98	0.98	-0.98	-0.98	-0.98
0.444514	-0.838257	-0.98	-0.98	-0.98	0.98	-0.98
-0.680241	0.068284	-0.98	-0.98	-0.98	-0.98	0.98
0.664553	-0.097706	-0.98	-0.98	-0.98	-0.98	0.98
0.839566	-0.049490	-0.98	-0.98	-0.98	-0.98	0.98
-0.791543	-0.228933	-0.98	-0.98	0.98	-0.98	-0.98
0.330959	0.268234	-0.98	0.98	-0.98	-0.98	-0.98
-0.515404	0.828615	0.98	-0.98	-0.98	-0.98	-0.98
-0.322171	0.748189	0.98	-0.98	-0.98	-0.98	-0.98
0.344372	-0.108827	-0.98	-0.98	-0.98	0.98	-0.98
0.133450	-0.176704	-0.98	-0.98	-0.98	0.98	-0.98
0.207517	0.131016	-0.98	0.98	-0.98	-0.98	-0.98
-0.166376	0.932569	0.98	-0.98	-0.98	-0.98	-0.98
0.453058	0.407694	-0.98	0.98	-0.98	-0.98	-0.98
-0.204017	0.998427	0.98	-0.98	-0.98	-0.98	-0.98
0.320367	-0.845442	-0.98	-0.98	-0.98	0.98	-0.98
-0.058229	-0.720259	-0.98	-0.98	-0.98	-0.98	0.98
-0.077614	0.363989	-0.98	-0.98	-0.98	-0.98	0.98
0.336378	-0.252303	-0.98	-0.98	-0.98	0.98	-0.98
-0.465494	0.790863	0.98	-0.98	-0.98	-0.98	-0.98
-0.370218	-0.439237	-0.98	-0.98	0.98	-0.98	-0.98
-0.585469	-0.951342	-0.98	-0.98	0.98	-0.98	-0.98
-0.744201	0.428327	0.98	-0.98	-0.98	-0.98	-0.98
0.472473	0.893691	-0.98	0.98	-0.98	-0.98	-0.98
-0.938508	0.155036	0.98	-0.98	-0.98	-0.98	-0.98
0.726324	-0.790867	-0.98	-0.98	-0.98	0.98	-0.98
0.519510	-0.681467	-0.98	-0.98	-0.98	0.98	-0.98
0.467238	-0.953432	-0.98	-0.98	-0.98	0.98	-0.98
0.392216	-0.281812	-0.98	-0.98	-0.98	0.98	-0.98
0.172751	-0.276648	-0.98	-0.98	-0.98	0.98	-0.98
0.845844	-0.662179	-0.98	-0.98	-0.98	0.98	-0.98
0.183255	0.221837	-0.98	0.98	-0.98	-0.98	-0.98
-0.889181	0.109983	0.98	-0.98	-0.98	-0.98	-0.98
0.802566	-0.928789	-0.98	-0.98	-0.98	0.98	-0.98
-0.772427	-0.455315	-0.98	-0.98	0.98	-0.98	-0.98
-0.505655	0.101405	0.98	-0.98	-0.98	-0.98	-0.98
0.412826	-0.904883	-0.98	-0.98	-0.98	0.98	-0.98
0.816939	-0.958340	-0.98	-0.98	-0.98	0.98	-0.98
0.877652	0.328003	-0.98	0.98	-0.98	-0.98	-0.98
0.976618	-0.950827	-0.98	-0.98	-0.98	0.98	-0.98
0.749891	0.802074	-0.98	0.98	-0.98	-0.98	-0.98
-0.039332	-0.993227	-0.98	-0.98	-0.98	-0.98	0.98
-0.260549	0.459483	0.98	-0.98	-0.98	-0.98	-0.98
0.192612	0.228217	-0.98	0.98	-0.98	-0.98	-0.98
0.213625	-0.981645	-0.98	-0.98	-0.98	0.98	-0.98
0.847710	-0.147784	-0.98	-0.98	-0.98	0.98	-0.98
0.858062	0.372591	-0.98	0.98	-0.98	-0.98	-0.98
0.765882	-0.530030	-0.98	-0.98	-0.98	0.98	-0.98
0.545636	-0.636626	-0.98	-0.98	-0.98	0.98	-0.98
-0.149292	-0.200323	-0.98	-0.98	0.98	-0.98	-0.98
0.459581	-0.383660	-0.98	-0.98	-0.98	0.98	-0.98
-0.005917	-0.382897	-0.98	-0.98	-0.98	-0.98	0.98
-0.331989	-0.066801	-0.98	-0.98	-0.98	-0.98	0.98
0.814813	-0.403152	-0.98	-0.98	-0.98	0.98	-0.98
0.012193	-0.687995	-0.98	-0.98	-0.98	-0.98	0.98
0.067793	-0.659052	-0.98	-0.98	-0.98	-0.98	0.98
0.588517	-0.617840	-0.98	-0.98	-0.98	0.98	-0.98
-0.757299	-0.866000	-0.98	-0.98	0.98	-0.98	-0.98
-0.552921	0.142996	0.98	-0.98	-0.98	-0.98	-0.98
-0.079726	0.286585	-0.98	-0.98	-0.98	-0.98	0.98
-0.345668	0.962690	0.98	-0.98	-0.98	-0.98	-0.98
0.159949	-0.213645	-0.98	-0.98	-0.98	0.98	-0.98
0.977020	0.057438	-0.98	-0.98	-0.98	-0.98	0.98
-0.254110	0.469964	0.98	-0.98	-0.98	-0.98	-0.98
-0.373128	0.979740	0.98	-0.98	-0.98	-0.98	-0.98
0.304664	-0.444034	-0.98	-0.98	-0.98	0.98	-0.98
0.920953	-0.836005	-0.98	-0.98	-0.98	0.98	-0.98
0.170794	0.842081	-0.98	0.98	-0.98	-0.98	-0.98
0.137614	0.439713	-0.98	0.98	-0.98	-0.98	-0.98
-0.163012	-0.723471	-0.98	-0.98	0.98	-0.98	-0.98
-0.491373	-0.209982	-0.98	-0.98	0.98	-0.98	-0.98
-0.381045	-0.897899	-0.98	-0.98	0.98	-0.98	-0.98
0.514333	-0.218567	-0.98	-0.98	-0.98	0.98	-0.98
0.927804	-0.085706	-0.98	-0.98	-0.98	-0.98	0.98
-0.849192	0.223229	0.98	-0.98	-0.98	-0.98	-0.98
-0.490060	0.794924	0.98	-0.98	-0.98	-0.98	-0.98
0.336156	-0.162985	-0.98	-0.98	-0.98	0.98	-0.98
-0.672256	-0.020334	-0.98	-0.98	-0.98	-0.98	0.98
-0.150147	-0.419663	-0.98	-0.98	0.98	-0.98	-0.98
0.726373	-0.638303	-0.98	-0.98	-0.98	0.98	-0.98
0.552328	0.518831	-0.98	0.98	-0.98	-0.98	-0.98
-0.377019	-0.971676	-0.98	-0.98	0.98	-0.98	-0.98
0.366161	-0.441585	-0.98	-0.98	-0.98	0.98	-0.98
-0.071508	0.375906	-0.98	-0.98	-0.98	-0.98	0.98
0.258825	-0.572873	-0.98	-0.98	-0.98	0.98	-0.98
0.942722	-0.148089	-0.98	-0.98	-0.98	0.98	-0.98
-0.820740	-0.404167	-0.98	-0.98	0.98	-0.98	-0.98
0.041482	0.205424	-0.98	-0.98	-0.98	-0.98	0.98
-0.322307	-0.690787	-0.98	-0.98	0.98	-0.98	-0.98
-0.642102	0.747381	0.98	-0.98	-0.98	-0.98	-0.98
-0.986366	-0.869206	-0.98	-0.98	0.98	-0.98	-0.98
-0.397923	-0.932937	-0.98	-0.98	0.98	-0.98	-0.98
0.752950	-0.770727	-0.98	-0.98	-0.98	0.98	-0.98
-0.359120	0.460276	0.98	-0.98	-0.98	-0.98	-0.98
0.395867	-0.664126	-0.98	-0.98	-0.98	0.98	-0.98
0.379043	-0.288188	-0.98	-0.98	-0.98	0.98	-0.98
-0.802747	0.360613	0.98	-0.98	-0.98	-0.98	-0.98
0.150042	-0.151202	-0.98	-0.98	-0.98	0.98	-0.98
0.396116	0.829120	-0.98	0.98	-0.98	-0.98	-0.98
0.982715	0.810740	-0.98	0.98	-0.98	-0.98	-0.98
-0.644689	-0.122185	-0.98	-0.98	0.98	-0.98	-0.98
0.950652	0.169158	-0.98	0.98	-0.98	-0.98	-0.98
-0.070156	-0.486124	-0.98	-0.98	-0.98	-0.98	0.98
-0.556332	-0.212113	-0.98	-0.98	0.98	-0.98	-0.98
0.160621	0.347633	-0.98	0.98	-0.98	-0.98	-0.98
-0.154804	0.992397	0.98	-0.98	-0.98	-0.98	-0.98
0.306820	0.361157	-0.98	0.98	-0.98	-0.98	-0.98
-0.292700	0.371436	0.98	-0.98	-0.98	-0.98	-0.98
0.342047	-0.627825	-0.98	-0.98	-0.98	0.98	-0.98
0.378376	0.976125	-0.98	0.98	-0.98	-0.98	-0.98
0.426798	-0.138790	-0.98	-0.98	-0.98	0.98	-0.98
0.175827	-0.191037	-0.98	-0.98	-0.98	0.98	-0.98
0.971829	0.227787	-0.98	0.98	-0.98	-0.98	-0.98
-0.601477	-0.925065	-0.98	-0.98	0.98	-0.98	-0.98
0.291881	-0.488099	-0.98	-0.98	-0.98	0.98	-0.98
-0.782785	0.463268	0.98	-0.98	-0.98	-0.98	-0.98
0.998280	0.670035	-0.98	0.98	-0.98	-0.98	-0.98
0.877836	-0.607591	-0.98	-0.98	-0.98	0.98	-0.98
-0.948433	0.107457	0.98	-0.98	-0.98	-0.98	-0.98
-0.697223	-0.098864	-0.98	-0.98	-0.98	-0.98	0.98
-0.880442	-0.905513	-0.98	-0.98	0.98	-0.98	-0.98
0.805073	0.103636	-0.98	0.98	-0.98	-0.98	-0.98
-0.034483	-0.625015	-0.98	-0.98	-0.98	-0.98	0.98
0.221805	0.257490	-0.98	0.98	-0.98	-0.98	-0.98
0.631357	0.431159	-0.98	0.98	-0.98	-0.98	-0.98
0.068974	0.628488	-0.98	-0.98	-0.98	-0.98	0.98
-0.895650	-0.224607	-0.98	-0.98	0.98	-0.98	-0.98
-0.913053	0.383365	0.98	-0.98	-0.98	-0.98	-0.98
-0.071153	0.471815	-0.98	-0.98	-0.98	-0.98	0.98
-0.826531	-0.658000	-0.98	-0.98	0.98	-0.98	-0.98
-0.852251	-0.966305	-0.98	-0.98	0.98	-0.98	-0.98
-0.676457	0.409985	0.98	-0.98	-0.98	-0.98	-0.98
0.889280	0.893118	-0.98	0.98	-0.98	-0.98	-0.98
0.042953	0.901694	-0.98	-0.98	-0.98	-0.98	0.98
-0.310402	-0.587830	-0.98	-0.98	0.98	-0.98	-0.98
-0.100601	-0.165080	-0.98	-0.98	0.98	-0.98	-0.98
0.813857	-0.649474	-0.98	-0.98	-0.98	0.98	-0.98
0.587373	-0.994507	-0.98	-0.98	-0.98	0.98	-0.98
0.310175	0.135861	-0.98	0.98	-0.98	-0.98	-0.98
0.234045	-0.186648	-0.98	-0.98	-0.98	0.98	-0.98
-0.684701	0.141424	0.98	-0.98	-0.98	-0.98	-0.98
-0.534051	-0.714447	-0.98	-0.98	0.98	-0.98	-0.98
-0.674465	0.411768	0.98	-0.98	-0.98	-0.98	-0.98
-0.860913	0.519060	0.98	-0.98	-0.98	-0.98	-0.98
0.702149	0.143402	-0.98	0.98	-0.98	-0.98	-0.98
0.316496	-0.542482	-0.98	-0.98	-0.98	0.98	-0.98
-0.679480	-0.035348	-0.98	-0.98	-0.98	-0.98	0.98
-0.028159	0.802915	-0.98	-0.98	-0.98	-0.98	0.98
0.024290	-0.737981	-0.98	-0.98	-0.98	-0.98	0.98
0.190512	0.095830	-0.98	-0.98	-0.98	-0.98	0.98
-0.766046	-0.936513	-0.98	-0.98	0.98	-0.98	-0.98
0.915706	0.065670	-0.98	-0.98	-0.98	-0.98	0.98
-0.560625	-0.913111	-0.98	-0.98	0.98	-0.98	-0.98
0.442811	0.111555	-0.98	0.98	-0.98	-0.98	-0.98
0.412503	0.059593	-0.98	-0.98	-0.98	-0.98	0.98
0.476674	-0.966032	-0.98	-0.98	-0.98	0.98	-0.98
0.044169	0.330541	-0.98	-0.98	-0.98	-0.98	0.98
-0.331547	0.305729	0.98	-0.98	-0.98	-0.98	-0.98
-0.749665	0.239780	0.98	-0.98	-0.98	-0.98	-0.98
-0.669703	0.539801	0.98	-0.98	-0.98	-0.98	-0.98
-0.497907	-0.204429	-0.98	-0.98	0.98	-0.98	-0.98
0.777534	0.505687	-0.98	0.98	-0.98	-0.98	-0.98
-0.591104	-0.899123	-0.98	-0.98	0.98	-0.98	-0.98
-0.483803	-0.099799	-0.98	-0.98	-0.98	-0.98	0.98
0.514112	0.360911	-0.98	0.98	-0.98	-0.98	-0.98
0.636654	0.172009	-0.98	0.98	-0.98	-0.98	-0.98
0.425800	-0.009904	-0.98	-0.98	-0.98	-0.98	0.98
-0.076844	0.291043	-0.98	-0.98	-0.98	-0.98	0.98
-0.791949	-0.949849	-0.98	-0.98	0.98	-0.98	-0.98
0.888113	0.515450	-0.98	0.98	-0.98	-0.98	-0.98
0.161062	-0.243844	-0.98	-0.98	-0.98	0.98	-0.98
0.176207	0.578675	-0.98	0.98	-0.98	-0.98	-0.98
0.034196	0.322171	-0.98	-0.98	-0.98	-0.98	0.98
-0.629707	0.635654	0.98	-0.98	-0.98	-0.98	-0.98
0.813779	-0.499611	-0.98	-0.98	-0.98	0.98	-0.98
-0.980336	-0.082786	-0.98	-0.98	-0.98	-0.98	0.98
0.924709	-0.264466	-0.98	-0.98	-0.98	0.98	-0.98
0.342796	0.559804	-0.98	0.98	-0.98	-0.98	-0.98
-0.151967	-0.565722	-0.98	-0.98	0.98	-0.98	-0.98
0.695798	0.738789	-0.98	0.98	-0.98	-0.98	-0.98
0.509387	0.481113	-0.98	0.98	-0.98	-0.98	-0.98
-0.197934	0.634395	0.98	-0.98	-0.98	-0.98	-0.98
0.770122	-0.461849	-0.98	-0.98	-0.98	0.98	-0.98
0.682372	0.120124	-0.98	0.98	-0.98	-0.98	-0.98
-0.337642	0.783676	0.98	-0.98	-0.98	-0.98	-0.98
0.706365	0.013920	-0.98	-0.98	-0.98	-0.98	0.98
-0.808196	-0.113297	-0.98	-0.98	0.98	-0.98	-0.98
0.202028	-0.973323	-0.98	-0.98	-0.98	0.98	-0.98
-0.252924	-0.922391	-0.98	-0.98	0.98	-0.98	-0.98
0.508164	-0.734904	-0.98	-0.98	-0.98	0.98	-0.98
0.561341	-0.444797	-0.98	-0.98	-0.98	0.98	-0.98
-0.972628	-0.645172	-0.98	-0.98	0.98	-0.98	-0.98
0.161739	-0.689086	-0.98	-0.98	-0.98	0.98	-0.98
0.091008	-0.851285	-0.98	-0.98	-0.98	-0.98	0.98
-0.647001	0.763697	0.98	-0.98	-0.98	-0.98	-0.98
-0.072572	-0.435309	-0.98	-0.98	-0.98	-0.98	0.98
-0.428809	-0.635118	-0.98	-0.98	0.98	-0.98	-0.98
-0.514864	0.165693	0.98	-0.98	-0.98	-0.98	-0.98
0.195228	-0.393378	-0.98	-0.98	-0.98	0.98	-0.98
-0.226022	-0.370812	-0.98	-0.98	0.98	-0.98	-0.98
-0.381417	0.582014	0.98	-0.98	-0.98	-0.98	-0.98
-0.951560	0.599189	0.98	-0.98	-0.98	-0.98	-0.98
0.418003	0.689506	-0.98	0.98	-0.98	-0.98	-0.98
0.063914	0.001386	-0.98	-0.98	-0.98	-0.98	0.98
0.138403	-0.964881	-0.98	-0.98	-0.98	0.98	-0.98
0.165250	-0.377849	-0.98	-0.98	-0.98	0.98	-0.98
-0.537655	0.670487	0.98	-0.98	-0.98	-0.98	-0.98
-0.824799	0.730234	0.98	-0.98	-0.98	-0.98	-0.98
0.697770	-0.499069	-0.98	-0.98	-0.98	0.98	-0.98
-0.541655	0.013087	-0.98	-0.98	-0.98	-0.98	0.98
-0.550367	-0.251826	-0.98	-0.98	0.98	-0.98	-0.98
0.709624	-0.249657	-0.98	-0.98	-0.98	0.98	-0.98
0.425654	0.695724	-0.98	0.98	-0.98	-0.98	-0.98
-0.652618	-0.745242	-0.98	-0.98	0.98	-0.98	-0.98
-0.953432	0.731630	0.98	-0.98	-0.98	-0.98	-0.98
0.077887	0.658544	-0.98	-0.98	-0.98	-0.98	0.98
0.878194	0.725699	-0.98	0.98	-0.98	-0.98	-0.98
0.610590	-0.092397	-0.98	-0.98	-0.98	-0.98	0.98
-0.434009	0.944853	0.98	-0.98	-0.98	-0.98	-0.98
0.842741	0.907718	-0.98	0.98	-0.98	-0.98	-0.98
0.320526	-0.049872	-0.98	-0.98	-0.98	-0.98	0.98
0.877352	-0.136158	-0.98	-0.98	-0.98	0.98	-0.98
-0.052343	0.556545	-0.98	-0.98	-0.98	-0.98	0.98
0.209674	-0.593262	-0.98	-0.98	-0.98	0.98	-0.98
0.740781	0.277572	-0.98	0.98	-0.98	-0.98	-0.98
0.159999	0.048750	-0.98	-0.98	-0.98	-0.98	0.98
0.722588	-0.628059	-0.98	-0.98	-0.98	0.98	-0.98
-0.256000	0.333632	0.98	-0.98	-0.98	-0.98	-0.98
0.716305	0.674151	-0.98	0.98	-0.98	-0.98	-0.98
-0.834202	-0.807423	-0.98	-0.98	0.98	-0.98	-0.98
-0.221361	0.165558	0.98	-0.98	-0.98	-0.98	-0.98
-0.132058	0.625865	0.98	-0.98	-0.98	-0.98	-0.98
0.969181	0.464986	-0.98	0.98	-0.98	-0.98	-0.98
-0.256435	-0.966275	-0.98	-0.98	0.98	-0.98	-0.98
0.636362	-0.436142	-0.98	-0.98	-0.98	0.98	-0.98
-0.442963	0.659584	0.98	-0.98	-0.98	-0.98	-0.98
0.886635	-0.973695	-0.98	-0.98	-0.98	0.98	-0.98
-0.619722	0.862591	0.98	-0.98	-0.98	-0.98	-0.98
0.471864	0.734575	-0.98	0.98	-0.98	-0.98	-0.98
-0.648950	-0.265114	-0.98	-0.98	0.98	-0.98	-0.98
0.376535	0.865707	-0.98	0.98	-0.98	-0.98	-0.98
-0.523475	-0.341649	-0.98	-0.98	0.98	-0.98	-0.98
-0.441849	-0.964105	-0.98	-0.98	0.98	-0.98	-0.98
0.392955	-0.431616	-0.98	-0.98	-0.98	0.98	-0.98
0.595740	-0.229140	-0.98	-0.98	-0.98	0.98	-0.98
0.757443	-0.412393	-0.98	-0.98	-0.98	0.98	-0.98
0.872055	-0.433805	-0.98	-0.98	-0.98	0.98	-0.98
-0.128849	0.438089	0.98	-0.98	-0.98	-0.98	-0.98
0.443605	0.616207	-0.98	0.98	-0.98	-0.98	-0.98
0.577186	-0.153119	-0.98	-0.98	-0.98	0.98	-0.98
-0.728641	0.763642	0.98	-0.98	-0.98	-0.98	-0.98
-0.049897	-0.723008	-0.98	-0.98	-0.98	-0.98	0.98
0.489796	-0.799312	-0.98	-0.98	-0.98	0.98	-0.98
0.890178	-0.940750	-0.98	-0.98	-0.98	0.98	-0.98
-0.097876	-0.905201	-0.98	-0.98	-0.98	-0.98	0.98
0.148193	0.292242	-0.98	0.98	-0.98	-0.98	-0.98
0.006807	0.097858	-0.98	-0.98	-0.98	-0.98	0.98
-0.033660	0.877319	-0.98	-0.98	-0.98	-0.98	0.98
-0.159012	-0.797664	-0.98	-0.98	0.98	-0.98	-0.98
-0.225330	-0.797465	-0.98	-0.98	0.98	-0.98	-0.98
-0.131348	0.494133	0.98	-0.98	-0.98	-0.98	-0.98
-0.983737	0.465177	0.98	-0.98	-0.98	-0.98	-0.98
-0.621986	-0.997351	-0.98	-0.98	0.98	-0.98	-0.98
0.952677	-0.497296	-0.98	-0.98	-0.98	0.98	-0.98
-0.639553	0.561980	0.98	-0.98	-0.98	-0.98	-0.98
-0.961453	0.648491	0.98	-0.98	-0.98	-0.98	-0.98
-0.220231	-0.565150	-0.98	-0.98	0.98	-0.98	-0.98
0.383672	0.449466	-0.98	0.98	-0.98	-0.98	-0.98
0.519271	-0.514744	-0.98	-0.98	-0.98	0.98	-0.98
-0.809451	0.883209	0.98	-0.98	-0.98	-0.98	-0.98
0.375786	-0.544599	-0.98	-0.98	-0.98	0.98	-0.98
-0.715422	0.785960	0.98	-0.98	-0.98	-0.98	-0.98
0.542544	0.627335	-0.98	0.98	-0.98	-0.98	-0.98
-0.453960	-0.335376	-0.98	-0.98	0.98	-0.98	-0.98
-0.126562	0.113558	0.98	-0.98	-0.98	-0.98	-0.98
-0.404164	0.746727	0.98	-0.98	-0.98	-0.98	-0.98
0.613912	0.221080	-0.98	0.98	-0.98	-0.98	-0.98
-0.937604	0.411740	0.98	-0.98	-0.98	-0.98	-0.98
-0.135901	0.225609	0.98	-0.98	-0.98	-0.98	-0.98
0.183160	-0.859586	-0.98	-0.98	-0.98	0.98	-0.98
-0.619967	-0.068746	-0.98	-0.98	-0.98	-0.98	0.98
0.206883	0.927702	-0.98	0.98	-0.98	-0.98	-0.98
-0.678131	-0.564607	-0.98	-0.98	0.98	-0.98	-0.98
-0.729795	0.800888	0.98	-0.98	-0.98	-0.98	-0.98
-0.756437	-0.032694	-0.98	-0.98	-0.98	-0.98	0.98
-0.183957	0.778659	0.98	-0.98	-0.98	-0.98	-0.98
0.304079	0.892081	-0.98	0.98	-0.98	-0.98	-0.98
-0.919640	-0.941000	-0.98	-0.98	0.98	-0.98	-0.98
0.861352	0.857146	-0.98	0.98	-0.98	-0.98	-0.98
-0.034095	0.780971	-0.98	-0.98	-0.98	-0.98	0.98
-0.660250	0.770941	0.98	-0.98	-0.98	-0.98	-0.98
0.896458	0.110798	-0.98	0.98	-0.98	-0.98	-0.98
0.115984	0.792190	-0.98	0.98	-0.98	-0.98	-0.98
-0.048611	-0.387006	-0.98	-0.98	-0.98	-0.98	0.98
0.915291	0.640060	-0.98	0.98	-0.98	-0.98	-0.98
-0.141021	0.044290	-0.98	-0.98	-0.98	-0.98	0.98
-0.706750	-0.530263	-0.98	-0.98	0.98	-0.98	-0.98
-0.330541	-0.910155	-0.98	-0.98	0.98	-0.98	-0.98
-0.849508	-0.974774	-0.98	-0.98	0.98	-0.98	-0.98
0.485781	-0.560936	-0.98	-0.98	-0.98	0.98	-0.98
-0.412980	0.826402	0.98	-0.98	-0.98	-0.98	-0.98
0.319407	0.467455	-0.98	0.98	-0.98	-0.98	-0.98
-0.241620	-0.936510	-0.98	-0.98	0.98	-0.98	-0.98
0.256854	0.454061	-0.98	0.98	-0.98	-0.98	-0.98
0.950684	-0.721690	-0.98	-0.98	-0.98	0.98	-0.98
-0.131018	0.714393	0.98	-0.98	-0.98	-0.98	-0.98
-0.119192	-0.755319	-0.98	-0.98	0.98	-0.98	-0.98
0.490732	-0.006163	-0.98	-0.98	-0.98	-0.98	0.98
-0.064626	-0.586403	-0.98	-0.98	-0.98	-0.98	0.98
0.031682	0.214737	-0.98	-0.98	-0.98	-0.98	0.98
0.161471	0.387438	-0.98	0.98	-0.98	-0.98	-0.98
-0.398548	-0.998690	-0.98	-0.98	0.98	-0.98	-0.98
0.285810	-0.622764	-0.98	-0.98	-0.98	0.98	-0.98
0.293172	-0.909446	-0.98	-0.98	-0.98	0.98	-0.98
0.331943	-0.524383	-0.98	-0.98	-0.98	0.98	-0.98
-0.139409	-0.136656	-0.98	-0.98	0.98	-0.98	-0.98
0.606060	0.693671	-0.98	0.98	-0.98	-0.98	-0.98
0.968007	-0.086794	-0.98	-0.98	-0.98	-0.98	0.98
-0.214736	-0.438751	-0.98	-0.98	0.98	-0.98	-0.98
0.874980	-0.536106	-0.98	-0.98	-0.98	0.98	-0.98
-0.984386	0.645456	0.98	-0.98	-0.98	-0.98	-0.98
-0.174527	-0.290274	-0.98	-0.98	0.98	-0.98	-0.98
0.964576	0.234429	-0.98	0.98	-0.98	-0.98	-0.98
0.625079	-0.130081	-0.98	-0.98	-0.98	0.98	-0.98
-0.129352	0.821329	0.98	-0.98	-0.98	-0.98	-0.98
0.419862	0.343727	-0.98	0.98	-0.98	-0.98	-0.98
-0.914336	-0.477024	-0.98	-0.98	0.98	-0.98	-0.98
-0.833114	-0.619970	-0.98	-0.98	0.98	-0.98	-0.98
-0.551931	0.626598	0.98	-0.98	-0.98	-0.98	-0.98
0.692442	0.891378	-0.98	0.98	-0.98	-0.98	-0.98
-0.713358	-0.976615	-0.98	-0.98	0.98	-0.98	-0.98
0.158873	0.690358	-0.98	0.98	-0.98	-0.98	-0.98
0.094694	-0.626608	-0.98	-0.98	-0.98	-0.98	0.98
-0.379792	-0.722241	-0.98	-0.98	0.98	-0.98	-0.98
-0.315474	0.949615	0.98	-0.98	-0.98	-0.98	-0.98
-0.635525	-0.808246	-0.98	-0.98	0.98	-0.98	-0.98
-0.485386	-0.363949	-0.98	-0.98	0.98	-0.98	-0.98
-0.070913	-0.014660	-0.98	-0.98	-0.98	-0.98	0.98
-0.436090	0.351520	0.98	-0.98	-0.98	-0.98	-0.98
0.135385	-0.252468	-0.98	-0.98	-0.98	0.98	-0.98
-0.926249	0.730041	0.98	-0.98	-0.98	-0.98	-0.98
-0.447246	-0.151463	-0.98	-0.98	0.98	-0.98	-0.98
0.546446	0.077462	-0.98	-0.98	-0.98	-0.98	0.98
-0.734455	0.102512	0.98	-0.98	-0.98	-0.98	-0.98
-0.312563	-0.157024	-0.98	-0.98	0.98	-0.98	-0.98
-0.609704	-0.280182	-0.98	-0.98	0.98	-0.98	-0.98
-0.905058	0.444890	0.98	-0.98	-0.98	-0.98	-0.98
0.562822	0.520829	-0.98	0.98	-0.98	-0.98	-0.98
-0.453433	0.451486	0.98	-0.98	-0.98	-0.98	-0.98
0.175165	0.851247	-0.98	0.98	-0.98	-0.98	-0.98
-0.100222	-0.241614	-0.98	-0.98	0.98	-0.98	-0.98
0.616459	-0.180209	-0.98	-0.98	-0.98	0.98	-0.98
-0.668962	-0.089609	-0.98	-0.98	-0.98	-0.98	0.98
0.113811	-0.387421	-0.98	-0.98	-0.98	0.98	-0.98
0.658226	0.230225	-0.98	0.98	-0.98	-0.98	-0.98
-0.982395	0.388232	0.98	-0.98	-0.98	-0.98	-0.98
-0.687288	-0.201628	-0.98	-0.98	0.98	-0.98	-0.98
-0.563972	0.514973	0.98	-0.98	-0.98	-0.98	-0.98
-0.531751	0.182721	0.98	-0.98	-0.98	-0.98	-0.98
-0.254528	-0.226257	-0.98	-0.98	0.98	-0.98	-0.98
-0.623534	0.880959	0.98	-0.98	-0.98	-0.98	-0.98
-0.949232	-0.639760	-0.98	-0.98	0.98	-0.98	-0.98
-0.568263	0.187994	0.98	-0.98	-0.98	-0.98	-0.98
-0.467221	0.659059	0.98	-0.98	-0.98	-0.98	-0.98
-0.735329	0.589003	0.98	-0.98	-0.98	-0.98	-0.98
0.813956	0.950036	-0.98	0.98	-0.98	-0.98	-0.98
0.110608	0.009371	-0.98	-0.98	-0.98	-0.98	0.98
0.217332	0.632592	-0.98	0.98	-0.98	-0.98	-0.98
0.844361	0.736545	-0.98	0.98	-0.98	-0.98	-0.98
0.209474	-0.700156	-0.98	-0.98	-0.98	0.98	-0.98
-0.903858	0.280098	0.98	-0.98	-0.98	-0.98	-0.98
0.031780	-0.995285	-0.98	-0.98	-0.98	-0.98	0.98
-0.351137	0.317357	0.98	-0.98	-0.98	-0.98	-0.98
-0.978082	0.012006	-0.98	-0.98	-0.98	-0.98	0.98
0.089572	0.045481	-0.98	-0.98	-0.98	-0.98	0.98
-0.998909	-0.113852	-0.98	-0.98	0.98	-0.98	-0.98
-0.908217	-0.305575	-0.98	-0.98	0.98	-0.98	-0.98
-0.412019	0.435917	0.98	-0.98	-0.98	-0.98	-0.98
0.781658	-0.505937	-0.98	-0.98	-0.98	0.98	-0.98
-0.024241	-0.181811	-0.98	-0.98	-0.98	-0.98	0.98
-0.163771	-0.578831	-0.98	-0.98	0.98	-0.98	-0.98
0.247628	0.362551	-0.98	0.98	-0.98	-0.98	-0.98
-0.089077	-0.028043	-0.98	-0.98	-0.98	-0.98	0.98
-0.990012	0.405121	0.98	-0.98	-0.98	-0.98	-0.98
-0.080965	-0.652854	-0.98	-0.98	-0.98	-0.98	0.98
0.892729	0.171416	-0.98	0.98	-0.98	-0.98	-0.98
0.141682	-0.852208	-0.98	-0.98	-0.98	0.98	-0.98
0.361866	-0.608937	-0.98	-0.98	-0.98	0.98	-0.98
0.138108	0.905650	-0.98	0.98	-0.98	-0.98	-0.98
0.401347	-0.373332	-0.98	-0.98	-0.98	0.98	-0.98
-0.425675	-0.173722	-0.98	-0.98	0.98	-0.98	-0.98
-0.053977	-0.077874	-0.98	-0.98	-0.98	-0.98	0.98
-0.108829	-0.544882	-0.98	-0.98	0.98	-0.98	-0.98
-0.777990	-0.332476	-0.98	-0.98	0.98	-0.98	-0.98
0.968902	0.893542	-0.98	0.98	-0.98	-0.98	-0.98
-0.066990	0.725754	-0.98	-0.98	-0.98	-0.98	0.98
-0.876145	-0.545301	-0.98	-0.98	0.98	-0.98	-0.98
0.519349	-0.602044	-0.98	-0.98	-0.98	0.98	-0.98
-0.158549	-0.364811	-0.98	-0.98	0.98	-0.98	-0.98
-0.521936	0.974302	0.98	-0.98	-0.98	-0.98	-0.98
-0.525313	0.993924	0.98	-0.98	-0.98	-0.98	-0.98
-0.255256	-0.405837	-0.98	-0.98	0.98	-0.98	-0.98
0.089825	-0.367333	-0.98	-0.98	-0.98	-0.98	0.98
-0.080542	-0.985433	-0.98	-0.98	-0.98	-0.98	0.98
0.032419	-0.412033	-0.98	-0.98	-0.98	-0.98	0.98
-0.498701	-0.909812	-0.98	-0.98	0.98	-0.98	-0.98
0.790604	0.564450	-0.98	0.98	-0.98	-0.98	-0.98
-0.315196	0.723479	0.98	-0.98	-0.98	-0.98	-0.98
-0.369595	0.539079	0.98	-0.98	-0.98	-0.98	-0.98
0.872438	0.514479	-0.98	0.98	-0.98	-0.98	-0.98
-0.951050	0.389812	0.98	-0.98	-0.98	-0.98	-0.98
0.188117	-0.712116	-0.98	-0.98	-0.98	0.98	-0.98
0.771634	-0.192177	-0.98	-0.98	-0.98	0.98	-0.98
0.964804	0.614060	-0.98	0.98	-0.98	-0.98	-0.98
-0.402289	-0.396625	-0.98	-0.98	0.98	-0.98	-0.98
0.271168	-0.247252	-0.98	-0.98	-0.98	0.98	-0.98
0.967357	0.889469	-0.98	0.98	-0.98	-0.98	-0.98
0.870424	0.772399	-0.98	0.98	-0.98	-0.98	-0.98
0.446229	0.644573	-0.98	0.98	-0.98	-0.98	-0.98
0.223005	0.529546	-0.98	0.98	-0.98	-0.98	-0.98
0.300593	0.095076	-0.98	-0.98	-0.98	-0.98	0.98
-0.312380	0.011868	-0.98	-0.98	-0.98	-0.98	0.98
-0.694988	-0.875082	-0.98	-0.98	0.98	-0.98	-0.98
-0.865584	-0.235494	-0.98	-0.98	0.98	-0.98	-0.98
-0.139270	0.367642	0.98	-0.98	-0.98	-0.98	-0.98
0.432711	-0.643066	-0.98	-0.98	-0.98	0.98	-0.98
-0.985140	-0.862094	-0.98	-0.98	0.98	-0.98	-0.98
0.462081	0.314483	-0.98	0.98	-0.98	-0.98	-0.98
-0.982638	-0.354204	-0.98	-0.98	0.98	-0.98	-0.98
-0.022544	-0.826058	-0.98	-0.98	-0.98	-0.98	0.98
0.683188	0.256848	-0.98	0.98	-0.98	-0.98	-0.98
0.199281	-0.359911	-0.98	-0.98	-0.98	0.98	-0.98
0.046506	-0.401349	-0.98	-0.98	-0.98	-0.98	0.98
0.333256	-0.556022	-0.98	-0.98	-0.98	0.98	-0.98
-0.510234	0.574696	0.98	-0.98	-0.98	-0.98	-0.98
-0.925605	-0.293072	-0.98	-0.98	0.98	-0.98	-0.98
-0.329050	0.700699	0.98	-0.98	-0.98	-0.98	-0.98
0.315245	0.797975	-0.98	0.98	-0.98	-0.98	-0.98
0.159586	-0.261659	-0.98	-0.98	-0.98	0.98	-0.98
0.312810	-0.103683	-0.98	-0.98	-0.98	0.98	-0.98
-0.805085	-0.226659	-0.98	-0.98	0.98	-0.98	-0.98
-0.553500	0.737027	0.98	-0.98	-0.98	-0.98	-0.98
-0.215298	-0.404338	-0.98	-0.98	0.98	-0.98	-0.98
-0.089695	-0.555722	-0.98	-0.98	-0.98	-0.98	0.98
0.097445	-0.037846	-0.98	-0.98	-0.98	-0.98	0.98
0.525997	0.716357	-0.98	0.98	-0.98	-0.98	-0.98
0.372702	-0.480215	-0.98	-0.98	-0.98	0.98	-0.98
-0.251573	0.718413	0.98	-0.98	-0.98	-0.98	-0.98
-0.683836	-0.336321	-0.98	-0.98	0.98	-0.98	-0.98
-0.474631	-0.586645	-0.98	-0.98	0.98	-0.98	-0.98
0.310833	0.520668	-0.98	0.98	-0.98	-0.98	-0.98
-0.885715	0.956860	0.98	-0.98	-0.98	-0.98	-0.98
-0.443123	-0.749886	-0.98	-0.98	0.98	-0.98	-0.98
-0.429896	-0.810243	-0.98	-0.98	0.98	-0.98	-0.98
-0.527139	-0.614943	-0.98	-0.98	0.98	-0.98	-0.98
-0.291299	0.581189	0.98	-0.98	-0.98	-0.98	-0.98
0.520374	0.077810	-0.98	-0.98	-0.98	-0.98	0.98
-0.705517	-0.943130	-0.98	-0.98	0.98	-0.98	-0.98
0.282476	-0.883898	-0.98	-0.98	-0.98	0.98	-0.98
0.703027	-0.059358	-0.98	-0.98	-0.98	-0.98	0.98
-0.888657	0.742330	0.98	-0.98	-0.98	-0.98	-0.98
0.463587	0.437579	-0.98	0.98	-0.98	-0.98	-0.98
-0.050470	0.508659	-0.98	-0.98	-0.98	-0.98	0.98
0.436579	-0.677400	-0.98	-0.98	-0.98	0.98	-0.98
-0.005461	-0.959813	-0.98	-0.98	-0.98	-0.98	0.98
0.967270	0.353636	-0.98	0.98	-0.98	-0.98	-0.98
0.916342	0.114362	-0.98	0.98	-0.98	-0.98	-0.98
-0.042583	0.098174	-0.98	-0.98	-0.98	-0.98	0.98
-0.554317	-0.319886	-0.98	-0.98	0.98	-0.98	-0.98
-0.983035	-0.502164	-0.98	-0.98	0.98	-0.98	-0.98
-0.305351	0.419477	0.98	-0.98	-0.98	-0.98	-0.98
-0.016635	0.092128	-0.98	-0.98	-0.98	-0.98	0.98
-0.898336	0.672233	0.98	-0.98	-0.98	-0.98	-0.98
-0.546150	0.178208	0.98	-0.98	-0.98	-0.98	-0.98
-0.666120	-0.526178	-0.98	-0.98	0.98	-0.98	-0.98
-0.373302	-0.171039	-0.98	-0.98	0.98	-0.98	-0.98
-0.179503	0.592104	0.98	-0.98	-0.98	-0.98	-0.98
0.131417	-0.268485	-0.98	-0.98	-0.98	0.98	-0.98
-0.987142	-0.340381	-0.98	-0.98	0.98	-0.98	-0.98
0.878784	0.143079	-0.98	0.98	-0.98	-0.98	-0.98
0.153863	0.740606	-0.98	0.98	-0.98	-0.98	-0.98
0.864276	-0.864004	-0.98	-0.98	-0.98	0.98	-0.98
0.314246	-0.265090	-0.98	-0.98	-0.98	0.98	-0.98
0.448142	0.451297	-0.98	0.98	-0.98	-0.98	-0.98
0.258076	0.144774	-0.98	0.98	-0.98	-0.98	-0.98
-0.735689	0.873257	0.98	-0.98	-0.98	-0.98	-0.98
-0.318232	0.371690	0.98	-0.98	-0.98	-0.98	-0.98
0.565749	0.177383	-0.98	0.98	-0.98	-0.98	-0.98
-0.966229	0.820402	0.98	-0.98	-0.98	-0.98	-0.98
0.448960	-0.214117	-0.98	-0.98	-0.98	0.98	-0.98
-0.403687	0.672796	0.98	-0.98	-0.98	-0.98	-0.98
-0.907434	-0.047066	-0.98	-0.98	-0.98	-0.98	0.98
0.249483	-0.990001	-0.98	-0.98	-0.98	0.98	-0.98
-0.009778	0.082867	-0.98	-0.98	-0.98	-0.98	0.98
0.642021	-0.178137	-0.98	-0.98	-0.98	0.98	-0.98
-0.350930	0.087310	-0.98	-0.98	-0.98	-0.98	0.98
0.692008	-0.003087	-0.98	-0.98	-0.98	-0.98	0.98
0.437207	-0.781572	-0.98	-0.98	-0.98	0.98	-0.98
-0.897688	-0.125233	-0.98	-0.98	0.98	-0.98	-0.98
0.089972	0.807869	-0.98	-0.98	-0.98	-0.98	0.98
-0.397648	-0.691976	-0.98	-0.98	0.98	-0.98	-0.98
-0.646180	0.159336	0.98	-0.98	-0.98	-0.98	-0.98
-0.106954	-0.361371	-0.98	-0.98	0.98	-0.98	-0.98
0.181758	-0.806579	-0.98	-0.98	-0.98	0.98	-0.98
0.883003	0.844641	-0.98	0.98	-0.98	-0.98	-0.98
-0.017656	0.371011	-0.98	-0.98	-0.98	-0.98	0.98
-0.944263	0.251207	0.98	-0.98	-0.98	-0.98	-0.98
0.729856	-0.530147	-0.98	-0.98	-0.98	0.98	-0.98
-0.602061	0.700497	0.98	-0.98	-0.98	-0.98	-0.98
0.408031	-0.038333	-0.98	-0.98	-0.98	-0.98	0.98
0.943125	-0.180005	-0.98	-0.98	-0.98	0.98	-0.98
0.728655	0.380880	-0.98	0.98	-0.98	-0.98	-0.98
-0.979986	-0.823901	-0.98	-0.98	0.98	-0.98	-0.98
0.889836	0.604042	-0.98	0.98	-0.98	-0.98	-0.98
0.243015	0.020529	-0.98	-0.98	-0.98	-0.98	0.98
-0.326384	0.264147	0.98	-0.98	-0.98	-0.98	-0.98
0.660657	-0.861466	-0.98	-0.98	-0.98	0.98	-0.98
-0.980625	0.623146	0.98	-0.98	-0.98	-0.98	-0.98
0.696305	0.359963	-0.98	0.98	-0.98	-0.98	-0.98
0.936406	-0.042739	-0.98	-0.98	-0.98	-0.98	0.98
-0.385960	0.873317	0.98	-0.98	-0.98	-0.98	-0.98
-0.516787	-0.096266	-0.98	-0.98	-0.98	-0.98	0.98
-0.137156	-0.312788	-0.98	-0.98	0.98	-0.98	-0.98
0.143856	0.631368	-0.98	0.98	-0.98	-0.98	-0.98
0.059665	0.074562	-0.98	-0.98	-0.98	-0.98	0.98
0.962728	0.178850	-0.98	0.98	-0.98	-0.98	-0.98
0.585875	0.036175	-0.98	-0.98	-0.98	-0.98	0.98
-0.556010	0.829692	0.98	-0.98	-0.98	-0.98	-0.98
0.932059	-0.408721	-0.98	-0.98	-0.98	0.98	-0.98
0.047256	0.554110	-0.98	-0.98	-0.98	-0.98	0.98
-0.104336	0.171096	0.98	-0.98	-0.98	-0.98	-0.98
0.427923	-0.483589	-0.98	-0.98	-0.98	0.98	-0.98
-0.167586	0.508833	0.98	-0.98	-0.98	-0.98	-0.98
-0.304411	-0.556684	-0.98	-0.98	0.98	-0.98	-0.98
0.546557	0.691650	-0.98	0.98	-0.98	-0.98	-0.98
-0.663804	-0.275448	-0.98	-0.98	0.98	-0.98	-0.98
-0.216124	0.200287	0.98	-0.98	-0.98	-0.98	-0.98
-0.903180	-0.995520	-0.98	-0.98	0.98	-0.98	-0.98
-0.995797	-0.835908	-0.98	-0.98	0.98	-0.98	-0.98
0.961386	-0.662337	-0.98	-0.98	-0.98	0.98	-0.98
0.650838	-0.517300	-0.98	-0.98	-0.98	0.98	-0.98
0.435124	-0.217507	-0.98	-0.98	-0.98	0.98	-0.98
-0.458942	-0.986389	-0.98	-0.98	0.98	-0.98	-0.98
0.374798	-0.227140	-0.98	-0.98	-0.98	0.98	-0.98
-0.409905	0.246293	0.98	-0.98	-0.98	-0.98	-0.98
0.816117	0.534781	-0.98	0.98	-0.98	-0.98	-0.98
0.303621	-0.983739	-0.98	-0.98	-0.98	0.98	-0.98
0.452002	-0.533723	-0.98	-0.98	-0.98	0.98	-0.98
-0.012277	0.112267	-0.98	-0.98	-0.98	-0.98	0.98
-0.715863	0.334186	0.98	-0.98	-0.98	-0.98	-0.98
-0.849579	-0.239583	-0.98	-0.98	0.98	-0.98	-0.98
0.987296	0.985499	-0.98	0.98	-0.98	-0.98	-0.98
0.363246	0.055958	-0.98	-0.98	-0.98	-0.98	0.98
-0.243325	-0.530594	-0.98	-0.98	0.98	-0.98	-0.98
-0.357620	0.896929	0.98	-0.98	-0.98	-0.98	-0.98
-0.045207	-0.564791	-0.98	-0.98	-0.98	-0.98	0.98
-0.440605	-0.950242	-0.98	-0.98	0.98	-0.98	-0.98
0.018589	0.961352	-0.98	-0.98	-0.98	-0.98	0.98
-0.506605	-0.935743	-0.98	-0.98	0.98	-0.98	-0.98
0.567658	-0.420745	-0.98	-0.98	-0.98	0.98	-0.98
-0.898828	-0.667908	-0.98	-0.98	0.98	-0.98	-0.98
-0.724946	0.126649	0.98	-0.98	-0.98	-0.98	-0.98
0.127014	0.038378	-0.98	-0.98	-0.98	-0.98	0.98
0.082123	0.570628	-0.98	-0.98	-0.98	-0.98	0.98
-0.422131	0.959757	0.98	-0.98	-0.98	-0.98	-0.98
0.631003	-0.221151	-0.98	-0.98	-0.98	0.98	-0.98
-0.894686	-0.709624	-0.98	-0.98	0.98	-0.98	-0.98
-0.070148	0.656840	-0.98	-0.98	-0.98	-0.98	0.98
-0.609337	0.876788	0.98	-0.98	-0.98	-0.98	-0.98
-0.907375	0.640833	0.98	-0.98	-0.98	-0.98	-0.98
-0.630277	-0.173130	-0.98	-0.98	0.98	-0.98	-0.98
-0.853191	0.630768	0.98	-0.98	-0.98	-0.98	-0.98
-0.340932	-0.593727	-0.98	-0.98	0.98	-0.98	-0.98
0.317947	-0.357979	-0.98	-0.98	-0.98	0.98	-0.98
-0.534014	0.544872	0.98	-0.98	-0.98	-0.98	-0.98
0.581273	0.646754	-0.98	0.98	-0.98	-0.98	-0.98
0.107723	-0.552806	-0.98	-0.98	-0.98	0.98	-0.98
-0.151341	0.626210	0.98	-0.98	-0.98	-0.98	-0.98
-0.733442	-0.813448	-0.98	-0.98	0.98	-0.98	-0.98
-0.581633	-0.369999	-0.98	-0.98	0.98	-0.98	-0.98
-0.014702	0.439581	-0.98	-0.98	-0.98	-0.98	0.98
-0.160917	-0.427153	-0.98	-0.98	0.98	-0.98	-0.98
-0.503468	0.453326	0.98	-0.98	-0.98	-0.98	-0.98
-0.081503	-0.368645	-0.98	-0.98	-0.98	-0.98	0.98
-0.429345	-0.265714	-0.98	-0.98	0.98	-0.98	-0.98
-0.917833	-0.745110	-0.98	-0.98	0.98	-0.98	-0.98
-0.739981	0.487846	0.98	-0.98	-0.98	-0.98	-0.98
0.815175	-0.866991	-0.98	-0.98	-0.98	0.98	-0.98
-0.313883	0.926458	0.98	-0.98	-0.98	-0.98	-0.98
0.066869	-0.576976	-0.98	-0.98	-0.98	-0.98	0.98
0.980804	-0.778951	-0.98	-0.98	-0.98	0.98	-0.98
0.765217	0.312441	-0.98	0.98	-0.98	-0.98	-0.98
-0.112430	-0.357764	-0.98	-0.98	0.98	-0.98	-0.98
0.808687	-0.198819	-0.98	-0.98	-0.98	0.98	-0.98
-0.372561	0.698131	0.98	-0.98	-0.98	-0.98	-0.98
0.115343	-0.368048	-0.98	-0.98	-0.98	0.98	-0.98
0.101982	0.339238	-0.98	0.98	-0.98	-0.98	-0.98
-0.889070	0.949544	0.98	-0.98	-0.98	-0.98	-0.98
0.641292	0.719103	-0.98	0.98	-0.98	-0.98	-0.98
0.782025	-0.891227	-0.98	-0.98	-0.98	0.98	-0.98
0.756627	0.656572	-0.98	0.98	-0.98	-0.98	-0.98
-0.479366	0.249872	0.98	-0.98	-0.98	-0.98	-0.98
-0.171353	-0.667926	-0.98	-0.98	0.98	-0.98	-0.98
0.648112	-0.323196	-0.98	-0.98	-0.98	0.98	-0.98
0.699895	-0.889591	-0.98	-0.98	-0.98	0.98	-0.98
-0.799271	0.418238	0.98	-0.98	-0.98	-0.98	-0.98
0.385966	0.444523	-0.98	0.98	-0.98	-0.98	-0.98
0.844588	0.150960	-0.98	0.98	-0.98	-0.98	-0.98
0.062481	-0.311430	-0.98	-0.98	-0.98	-0.98	0.98
-0.366446	-0.654624	-0.98	-0.98	0.98	-0.98	-0.98
-0.970516	-0.674260	-0.98	-0.98	0.98	-0.98	-0.98
-0.605585	-0.592534	-0.98	-0.98	0.98	-0.98	-0.98
-0.697389	-0.956694	-0.98	-0.98	0.98	-0.98	-0.98
0.560398	0.276078	-0.98	0.98	-0.98	-0.98	-0.98
-0.249770	-0.719472	-0.98	-0.98	0.98	-0.98	-0.98
-0.618642	-0.366256	-0.98	-0.98	0.98	-0.98	-0.98
0.513140	0.205274	-0.98	0.98	-0.98	-0.98	-0.98
0.653289	0.307419	-0.98	0.98	-0.98	-0.98	-0.98
-0.112122	0.291859	0.98	-0.98	-0.98	-0.98	-0.98
-0.098879	0.253671	-0.98	-0.98	-0.98	-0.98	0.98
0.449225	-0.495413	-0.98	-0.98	-0.98	0.98	-0.98
-0.835216	-0.288384	-0.98	-0.98	0.98	-0.98	-0.98
0.710863	-0.272175	-0.98	-0.98	-0.98	0.98	-0.98
-0.608382	-0.885700	-0.98	-0.98	0.98	-0.98	-0.98
0.456152	0.480207	-0.98	0.98	-0.98	-0.98	-0.98
0.241790	-0.680496	-0.98	-0.98	-0.98	0.98	-0.98
-0.169457	-0.586152	-0.98	-0.98	0.98	-0.98	-0.98
0.052480	-0.574845	-0.98	-0.98	-0.98	-0.98	0.98
-0.940121	-0.766678	-0.98	-0.98	0.98	-0.98	-0.98
0.529105	-0.073793	-0.98	-0.98	-0.98	-0.98	0.98
0.994205	-0.779375	-0.98	-0.98	-0.98	0.98	-0.98
0.151412	0.859501	-0.98	0.98	-0.98	-0.98	-0.98
-0.229442	0.075972	-0.98	-0.98	-0.98	-0.98	0.98
-0.234695	0.831236	0.98	-0.98	-0.98	-0.98	-0.98
0.624191	0.100493	-0.98	0.98	-0.98	-0.98	-0.98
0.992379	-0.112664	-0.98	-0.98	-0.98	0.98	-0.98
-0.969579	0.071311	-0.98	-0.98	-0.98	-0.98	0.98
0.022550	0.976297	-0.98	-0.98	-0.98	-0.98	0.98
0.039965	0.095561	-0.98	-0.98	-0.98	-0.98	0.98
-0.761716	-0.033194	-0.98	-0.98	-0.98	-0.98	0.98
-0.607214	0.705589	0.98	-0.98	-0.98	-0.98	-0.98
-0.755424	-0.185516	-0.98	-0.98	0.98	-0.98	-0.98
0.792959	0.119966	-0.98	0.98	-0.98	-0.98	-0.98
0.333975	0.339497	-0.98	0.98	-0.98	-0.98	-0.98
0.784987	-0.874589	-0.98	-0.98	-0.98	0.98	-0.98
-0.131249	0.031985	-0.98	-0.98	-0.98	-0.98	0.98
-0.171548	-0.678144	-0.98	-0.98	0.98	-0.98	-0.98
-0.470336	-0.964224	-0.98	-0.98	0.98	-0.98	-0.98
-0.711378	-0.742976	-0.98	-0.98	0.98	-0.98	-0.98
-0.250536	-0.007580	-0.98	-0.98	-0.98	-0.98	0.98
-0.001454	0.209332	-0.98	-0.98	-0.98	-0.98	0.98
0.795661	0.610343	-0.98	0.98	-0.98	-0.98	-0.98
0.826062	-0.411889	-0.98	-0.98	-0.98	0.98	-0.98
-0.662729	0.821863	0.98	-0.98	-0.98	-0.98	-0.98
0.292674	-0.329895	-0.98	-0.98	-0.98	0.98	-0.98
0.827082	0.373803	-0.98	0.98	-0.98	-0.98	-0.98
-0.512031	0.151063	0.98	-0.98	-0.98	-0.98	-0.98
-0.020864	-0.012531	-0.98	-0.98	-0.98	-0.98	0.98
-0.553064	-0.390678	-0.98	-0.98	0.98	-0.98	-0.98
0.134585	0.905226	-0.98	0.98	-0.98	-0.98	-0.98
-0.710471	0.778666	0.98	-0.98	-0.98	-0.98	-0.98
0.116957	-0.290123	-0.98	-0.98	-0.98	0.98	-0.98
0.355957	0.262235	-0.98	0.98	-0.98	-0.98	-0.98
0.880918	-0.393277	-0.98	-0.98	-0.98	0.98	-0.98
-0.612130	0.314206	0.98	-0.98	-0.98	-0.98	-0.98
-0.410063	0.991721	0.98	-0.98	-0.98	-0.98	-0.98
-0.015093	-0.294882	-0.98	-0.98	-0.98	-0.98	0.98
-0.550343	0.814974	0.98	-0.98	-0.98	-0.98	-0.98
0.819506	0.152340	-0.98	0.98	-0.98	-0.98	-0.98
0.459404	-0.389025	-0.98	-0.98	-0.98	0.98	-0.98
0.810497	0.202720	-0.98	0.98	-0.98	-0.98	-0.98
0.341686	0.650479	-0.98	0.98	-0.98	-0.98	-0.98
-0.659079	-0.108732	-0.98	-0.98	0.98	-0.98	-0.98
0.227132	-0.658166	-0.98	-0.98	-0.98	0.98	-0.98
0.725999	0.420411	-0.98	0.98	-0.98	-0.98	-0.98
0.585193	-0.075500	-0.98	-0.98	-0.98	-0.98	0.98
0.271891	-0.619792	-0.98	-0.98	-0.98	0.98	-0.98
-0.636825	-0.516774	-0.98	-0.98	0.98	-0.98	-0.98
0.865107	0.511773	-0.98	0.98	-0.98	-0.98	-0.98
-0.588161	-0.295879	-0.98	-0.98	0.98	-0.98	-0.98
0.073067	0.797944	-0.98	-0.98	-0.98	-0.98	0.98
0.934686	0.914409	-0.98	0.98	-0.98	-0.98	-0.98
0.448121	0.347445	-0.98	0.98	-0.98	-0.98	-0.98
0.479159	0.909464	-0.98	0.98	-0.98	-0.98	-0.98
0.387433	-0.440179	-0.98	-0.98	-0.98	0.98	-0.98
0.535669	0.679419	-0.98	0.98	-0.98	-0.98	-0.98
0.792065	-0.012071	-0.98	-0.98	-0.98	-0.98	0.98
-0.984822	-0.475630	-0.98	-0.98	0.98	-0.98	-0.98
-0.937416	-0.356927	-0.98	-0.98	0.98	-0.98	-0.98
-0.505419	0.638125	0.98	-0.98	-0.98	-0.98	-0.98
0.286103	0.045947	-0.98	-0.98	-0.98	-0.98	0.98
-0.253804	0.007107	-0.98	-0.98	-0.98	-0.98	0.98
0.805359	0.973348	-0.98	0.98	-0.98	-0.98	-0.98
0.400022	0.686496	-0.98	0.98	-0.98	-0.98	-0.98
-0.285483	-0.349944	-0.98	-0.98	0.98	-0.98	-0.98
-0.435419	0.576899	0.98	-0.98	-0.98	-0.98	-0.98
0.786210	-0.573093	-0.98	-0.98	-0.98	0.98	-0.98
0.834193	-0.343068	-0.98	-0.98	-0.98	0.98	-0.98
-0.516778	0.946867	0.98	-0.98	-0.98	-0.98	-0.98
-0.262325	-0.951076	-0.98	-0.98	0.98	-0.98	-0.98
0.455121	-0.142501	-0.98	-0.98	-0.98	0.98	-0.98
0.153607	0.917786	-0.98	0.98	-0.98	-0.98	-0.98
0.167334	0.291266	-0.98	0.98	-0.98	-0.98	-0.98
-0.461925	0.594338	0.98	-0.98	-0.98	-0.98	-0.98
-0.325163	-0.901337	-0.98	-0.98	0.98	-0.98	-0.98
0.323633	0.454832	-0.98	0.98	-0.98	-0.98	-0.98
-0.576961	-0.713370	-0.98	-0.98	0.98	-0.98	-0.98
0.621850	0.038453	-0.98	-0.98	-0.98	-0.98	0.98
-0.417754	-0.537075	-0.98	-0.98	0.98	-0.98	-0.98
0.533042	-0.558914	-0.98	-0.98	-0.98	0.98	-0.98
-0.533091	-0.933267	-0.98	-0.98	0.98	-0.98	-0.98
-0.338844	-0.147779	-0.98	-0.98	0.98	-0.98	-0.98
-0.890631	0.145089	0.98	-0.98	-0.98	-0.98	-0.98
-0.422466	-0.861439	-0.98	-0.98	0.98	-0.98	-0.98
-0.550065	0.597090	0.98	-0.98	-0.98	-0.98	-0.98
0.682671	0.809951	-0.98	0.98	-0.98	-0.98	-0.98
0.879537	0.284972	-0.98	0.98	-0.98	-0.98	-0.98
0.434867	0.638460	-0.98	0.98	-0.98	-0.98	-0.98
-0.267408	-0.083800	-0.98	-0.98	-0.98	-0.98	0.98
0.120048	0.927927	-0.98	0.98	-0.98	-0.98	-0.98
0.604570	0.885611	-0.98	0.98	-0.98	-0.98	-0.98
0.976897	0.550417	-0.98	0.98	-0.98	-0.98	-0.98
0.868117	0.333495	-0.98	0.98	-0.98	-0.98	-0.98
-0.865460	0.410810	0.98	-0.98	-0.98	-0.98	-0.98
0.671464	-0.067182	-0.98	-0.98	-0.98	-0.98	0.98
0.428827	-0.000897	-0.98	-0.98	-0.98	-0.98	0.98
-0.461506	0.378012	0.98	-0.98	-0.98	-0.98	-0.98
0.847551	-0.282742	-0.98	-0.98	-0.98	0.98	-0.98
0.565918	-0.037413	-0.98	-0.98	-0.98	-0.98	0.98
0.467745	-0.180361	-0.98	-0.98	-0.98	0.98	-0.98
-0.644377	-0.546569	-0.98	-0.98	0.98	-0.98	-0.98
0.783898	-0.214263	-0.98	-0.98	-0.98	0.98	-0.98
-0.812327	0.154225	0.98	-0.98	-0.98	-0.98	-0.98
-0.322486	0.453775	0.98	-0.98	-0.98	-0.98	-0.98
-0.460212	0.722152	0.98	-0.98	-0.98	-0.98	-0.98
-0.853754	0.143106	0.98	-0.98	-0.98	-0.98	-0.98
0.890777	-0.115516	-0.98	-0.98	-0.98	0.98	-0.98
-0.519776	0.286759	0.98	-0.98	-0.98	-0.98	-0.98
0.579857	-0.127522	-0.98	-0.98	-0.98	0.98	-0.98
-0.458789	-0.300391	-0.98	-0.98	0.98	-0.98	-0.98
0.981547	0.281430	-0.98	0.98	-0.98	-0.98	-0.98
0.216392	-0.347309	-0.98	-0.98	-0.98	0.98	-0.98
0.944589	-0.198370	-0.98	-0.98	-0.98	0.98	-0.98
-0.313426	0.240364	0.98	-0.98	-0.98	-0.98	-0.98
-0.615072	0.526264	0.98	-0.98	-0.98	-0.98	-0.98
0.965399	0.538908	-0.98	0.98	-0.98	-0.98	-0.98
0.652676	-0.765177	-0.98	-0.98	-0.98	0.98	-0.98
-0.365274	-0.607813	-0.98	-0.98	0.98	-0.98	-0.98
0.641754	0.856291	-0.98	0.98	-0.98	-0.98	-0.98
0.283684	-0.169981	-0.98	-0.98	-0.98	0.98	-0.98
0.847789	-0.391278	-0.98	-0.98	-0.98	0.98	-0.98
-0.468953	0.750815	0.98	-0.98	-0.98	-0.98	-0.98
0.913915	-0.689220	-0.98	-0.98	-0.98	0.98	-0.98
0.318447	0.769386	-0.98	0.98	-0.98	-0.98	-0.98
-0.244821	0.175989	0.98	-0.98	-0.98	-0.98	-0.98
0.758121	0.527142	-0.98	0.98	-0.98	-0.98	-0.98
-0.724744	0.585785	0.98	-0.98	-0.98	-0.98	-0.98
-0.111303	-0.689013	-0.98	-0.98	0.98	-0.98	-0.98
0.735185	-0.199838	-0.98	-0.98	-0.98	0.98	-0.98
-0.399983	0.323137	0.98	-0.98	-0.98	-0.98	-0.98
-0.869993	0.688063	0.98	-0.98	-0.98	-0.98	-0.98
-0.488962	-0.316992	-0.98	-0.98	0.98	-0.98	-0.98
0.501430	-0.253804	-0.98	-0.98	-0.98	0.98	-0.98
-0.872993	0.644570	0.98	-0.98	-0.98	-0.98	-0.98
0.119937	-0.800663	-0.98	-0.98	-0.98	0.98	-0.98
-0.161327	-0.126803	-0.98	-0.98	0.98	-0.98	-0.98
-0.165081	-0.040915	-0.98	-0.98	-0.98	-0.98	0.98
0.636811	0.909817	-0.98	0.98	-0.98	-0.98	-0.98
-0.883164	-0.594139	-0.98	-0.98	0.98	-0.98	-0.98
0.557114	0.078229	-0.98	-0.98	-0.98	-0.98	0.98
0.618401	0.531566	-0.98	0.98	-0.98	-0.98	-0.98
-0.254155	-0.661143	-0.98	-0.98	0.98	-0.98	-0.98
0.239847	-0.529675	-0.98	-0.98	-0.98	0.98	-0.98
0.798105	0.062781	-0.98	-0.98	-0.98	-0.98	0.98
-0.674053	-0.188883	-0.98	-0.98	0.98	-0.98	-0.98
-0.150988	-0.772690	-0.98	-0.98	0.98	-0.98	-0.98
-0.652148	-0.183214	-0.98	-0.98	0.98	-0.98	-0.98
0.894669	-0.435249	-0.98	-0.98	-0.98	0.98	-0.98
0.067022	-0.366168	-0.98	-0.98	-0.98	-0.98	0.98
0.886734	0.505815	-0.98	0.98	-0.98	-0.98	-0.98
-0.844096	-0.354951	-0.98	-0.98	0.98	-0.98	-0.98
0.099908	-0.395371	-0.98	-0.98	-0.98	-0.98	0.98
0.700950	0.856415	-0.98	0.98	-0.98	-0.98	-0.98
-0.640768	0.638261	0.98	-0.98	-0.98	-0.98	-0.98
0.250399	-0.519478	-0.98	-0.98	-0.98	0.98	-0.98
-0.021768	0.424982	-0.98	-0.98	-0.98	-0.98	0.98
-0.646939	-0.969598	-0.98	-0.98	0.98	-0.98	-0.98
-0.708529	-0.571885	-0.98	-0.98	0.98	-0.98	-0.98
0.922707	-0.733623	-0.98	-0.98	-0.98	0.98	-0.98
0.932385	0.761150	-0.98	0.98	-0.98	-0.98	-0.98
0.631930	-0.948557	-0.98	-0.98	-0.98	0.98	-0.98
0.309652	-0.461685	-0.98	-0.98	-0.98	0.98	-0.98
0.270961	0.436582	-0.98	0.98	-0.98	-0.98	-0.98
0.155999	-0.288635	-0.98	-0.98	-0.98	0.98	-0.98
-0.738791	0.449577	0.98	-0.98	-0.98	-0.98	-0.98
-0.648431	0.585027	0.98	-0.98	-0.98	-0.98	-0.98
-0.109341	0.399024	0.98	-0.98	-0.98	-0.98	-0.98
0.336126	-0.569670	-0.98	-0.98	-0.98	0.98	-0.98
0.794906	0.863542	-0.98	0.98	-0.98	-0.98	-0.98
0.021122	-0.058038	-0.98	-0.98	-0.98	-0.98	0.98
0.111700	0.027581	-0.98	-0.98	-0.98	-0.98	0.98
-0.302926	-0.249024	-0.98	-0.98	0.98	-0.98	-0.98
-0.943558	-0.386589	-0.98	-0.98	0.98	-0.98	-0.98
-0.701345	0.783060	0.98	-0.98	-0.98	-0.98	-0.98
-0.252218	0.991816	0.98	-0.98	-0.98	-0.98	-0.98
-0.181727	0.975946	0.98	-0.98	-0.98	-0.98	-0.98
-0.115557	0.223116	0.98	-0.98	-0.98	-0.98	-0.98
-0.352043	-0.028384	-0.98	-0.98	-0.98	-0.98	0.98
0.411447	-0.953914	-0.98	-0.98	-0.98	0.98	-0.98
-0.861041	-0.929877	-0.98	-0.98	0.98	-0.98	-0.98
-0.525345	-0.966805	-0.98	-0.98	0.98	-0.98	-0.98
0.500244	-0.842467	-0.98	-0.98	-0.98	0.98	-0.98
0.761589	0.791067	-0.98	0.98	-0.98	-0.98	-0.98
0.269550	0.090626	-0.98	-0.98	-0.98	-0.98	0.98
0.184319	-0.354129	-0.98	-0.98	-0.98	0.98	-0.98
0.847940	0.687607	-0.98	0.98	-0.98	-0.98	-0.98
0.594992	0.024539	-0.98	-0.98	-0.98	-0.98	0.98
0.502755	-0.889942	-0.98	-0.98	-0.98	0.98	-0.98
0.680975	-0.859784	-0.98	-0.98	-0.98	0.98	-0.98
0.124356	0.492629	-0.98	0.98	-0.98	-0.98	-0.98
0.788959	0.038767	-0.98	-0.98	-0.98	-0.98	0.98
0.534147	-0.747975	-0.98	-0.98	-0.98	0.98	-0.98
0.361053	-0.278284	-0.98	-0.98	-0.98	0.98	-0.98
-0.069527	0.770217	-0.98	-0.98	-0.98	-0.98	0.98
0.255817	0.976565	-0.98	0.98	-0.98	-0.98	-0.98
-0.697881	-0.805083	-0.98	-0.98	0.98	-0.98	-0.98
-0.599638	-0.186474	-0.98	-0.98	0.98	-0.98	-0.98
-0.648555	-0.049164	-0.98	-0.98	-0.98	-0.98	0.98
-0.002830	0.615050	-0.98	-0.98	-0.98	-0.98	0.98
0.299214	-0.783771	-0.98	-0.98	-0.98	0.98	-0.98
-0.834869	-0.387327	-0.98	-0.98	0.98	-0.98	-0.98
0.351209	-0.652309	-0.98	-0.98	-0.98	0.98	-0.98
0.699549	-0.004532	-0.98	-0.98	-0.98	-0.98	0.98
-0.159727	0.547299	0.98	-0.98	-0.98	-0.98	-0.98
-0.784800	-0.437319	-0.98	-0.98	0.98	-0.98	-0.98
0.731841	0.558950	-0.98	0.98	-0.98	-0.98	-0.98
-0.067524	-0.640963	-0.98	-0.98	-0.98	-0.98	0.98
-0.258775	-0.312927	-0.98	-0.98	0.98	-0.98	-0.98
-0.060589	-0.633712	-0.98	-0.98	-0.98	-0.98	0.98
-0.629279	-0.336281	-0.98	-0.98	0.98	-0.98	-0.98
-0.675221	-0.852198	-0.98	-0.98	0.98	-0.98	-0.98
-0.017286	-0.982327	-0.98	-0.98	-0.98	-0.98	0.98
0.285291	0.274065	-0.98	0.98	-0.98	-0.98	-0.98
-0.683578	0.405603	0.98	-0.98	-0.98	-0.98	-0.98
-0.150151	0.513584	0.98	-0.98	-0.98	-0.98	-0.98
-0.857254	-0.808232	-0.98	-0.98	0.98	-0.98	-0.98
-0.171440	-0.550015	-0.98	-0.98	0.98	-0.98	-0.98
0.500415	0.529670	-0.98	0.98	-0.98	-0.98	-0.98
0.764295	0.613401	-0.98	0.98	-0.98	-0.98	-0.98
0.327191	-0.792055	-0.98	-0.98	-0.98	0.98	-0.98
-0.440677	-0.634328	-0.98	-0.98	0.98	-0.98	-0.98
-0.315283	-0.133040	-0.98	-0.98	0.98	-0.98	-0.98
-0.959478	0.077363	-0.98	-0.98	-0.98	-0.98	0.98
0.761148	-0.320530	-0.98	-0.98	-0.98	0.98	-0.98
-0.042040	-0.666953	-0.98	-0.98	-0.98	-0.98	0.98
0.218982	-0.562533	-0.98	-0.98	-0.98	0.98	-0.98
0.847161	0.701370	-0.98	0.98	-0.98	-0.98	-0.98
0.187151	-0.247420	-0.98	-0.98	-0.98	0.98	-0.98
0.211138	0.464248	-0.98	0.98	-0.98	-0.98	-0.98
0.539345	0.829481	-0.98	0.98	-0.98	-0.98	-0.98
-0.870506	0.520018	0.98	-0.98	-0.98	-0.98	-0.98
-0.529690	-0.632114	-0.98	-0.98	0.98	-0.98	-0.98
0.749327	0.213108	-0.98	0.98	-0.98	-0.98	-0.98
0.620150	-0.034430	-0.98	-0.98	-0.98	-0.98	0.98
-0.802639	-0.083672	-0.98	-0.98	-0.98	-0.98	0.98
-0.610898	-0.917879	-0.98	-0.98	0.98	-0.98	-0.98
-0.688766	-0.314198	-0.98	-0.98	0.98	-0.98	-0.98
0.608239	-0.696078	-0.98	-0.98	-0.98	0.98	-0.98
-0.613078	0.182076	0.98	-0.98	-0.98	-0.98	-0.98
0.837603	-0.164546	-0.98	-0.98	-0.98	0.98	-0.98
-0.218739	0.335600	0.98	-0.98	-0.98	-0.98	-0.98
-0.605370	0.582566	0.98	-0.98	-0.98	-0.98	-0.98
-0.467276	-0.494632	-0.98	-0.98	0.98	-0.98	-0.98
0.515751	0.355466	-0.98	0.98	-0.98	-0.98	-0.98
-0.344408	0.475531	0.98	-0.98	-0.98	-0.98	-0.98
0.544966	0.207825	-0.98	0.98	-0.98	-0.98	-0.98
0.925787	0.167194	-0.98	0.98	-0.98	-0.98	-0.98
0.552646	-0.862868	-0.98	-0.98	-0.98	0.98	-0.98
0.582692	0.763276	-0.98	0.98	-0.98	-0.98	-0.98
-0.919826	0.066460	-0.98	-0.98	-0.98	-0.98	0.98
-0.523707	-0.445840	-0.98	-0.98	0.98	-0.98	-0.98
-0.228892	0.148219	0.98	-0.98	-0.98	-0.98	-0.98
-0.541437	0.360194	0.98	-0.98	-0.98	-0.98	-0.98
-0.253608	-0.495363	-0.98	-0.98	0.98	-0.98	-0.98
-0.400190	0.958013	0.98	-0.98	-0.98	-0.98	-0.98
0.947857	-0.072655	-0.98	-0.98	-0.98	-0.98	0.98
-0.923276	0.785220	0.98	-0.98	-0.98	-0.98	-0.98
0.399127	-0.131892	-0.98	-0.98	-0.98	0.98	-0.98
-0.761800	0.124539	0.98	-0.98	-0.98	-0.98	-0.98
0.442065	-0.082754	-0.98	-0.98	-0.98	-0.98	0.98
-0.566846	0.570451	0.98	-0.98	-0.98	-0.98	-0.98
-0.191644	0.735526	0.98	-0.98	-0.98	-0.98	-0.98
0.709286	-0.791706	-0.98	-0.98	-0.98	0.98	-0.98
-0.088364	0.961643	-0.98	-0.98	-0.98	-0.98	0.98
0.323959	-0.742142	-0.98	-0.98	-0.98	0.98	-0.98
-0.991266	0.052108	-0.98	-0.98	-0.98	-0.98	0.98
0.234287	0.818029	-0.98	0.98	-0.98	-0.98	-0.98
-0.511963	0.788646	0.98	-0.98	-0.98	-0.98	-0.98
-0.542292	-0.014373	-0.98	-0.98	-0.98	-0.98	0.98
-0.269748	-0.490182	-0.98	-0.98	0.98	-0.98	-0.98
0.648149	0.015750	-0.98	-0.98	-0.98	-0.98	0.98
-0.759725	-0.583893	-0.98	-0.98	0.98	-0.98	-0.98
0.431336	-0.210831	-0.98	-0.98	-0.98	0.98	-0.98
0.346072	0.623343	-0.98	0.98	-0.98	-0.98	-0.98
0.009727	-0.537063	-0.98	-0.98	-0.98	-0.98	0.98
0.642264	0.212705	-0.98	0.98	-0.98	-0.98	-0.98
-0.515112	-0.470052	-0.98	-0.98	0.98	-0.98	-0.98
0.009394	-0.947838	-0.98	-0.98	-0.98	-0.98	0.98
0.777541	-0.224082	-0.98	-0.98	-0.98	0.98	-0.98
-0.092705	-0.790118	-0.98	-0.98	-0.98	-0.98	0.98
0.278315	-0.519604	-0.98	-0.98	-0.98	0.98	-0.98
0.515236	-0.769978	-0.98	-0.98	-0.98	0.98	-0.98
0.548667	-0.262273	-0.98	-0.98	-0.98	0.98	-0.98
-0.715748	-0.837746	-0.98	-0.98	0.98	-0.98	-0.98
-0.090257	-0.594506	-0.98	-0.98	-0.98	-0.98	0.98
-0.696362	-0.694582	-0.98	-0.98	0.98	-0.98	-0.98
0.489615	-0.140507	-0.98	-0.98	-0.98	0.98	-0.98
-0.153433	0.252713	0.98	-0.98	-0.98	-0.98	-0.98
0.654817	0.562898	-0.98	0.98	-0.98	-0.98	-0.98
0.999213	-0.447602	-0.98	-0.98	-0.98	0.98	-0.98
-0.382554	-0.109390	-0.98	-0.98	0.98	-0.98	-0.98
-0.058223	-0.505877	-0.98	-0.98	-0.98	-0.98	0.98
0.971097	0.755840	-0.98	0.98	-0.98	-0.98	-0.98
0.133555	-0.112091	-0.98	-0.98	-0.98	0.98	-0.98
-0.493593	-0.581031	-0.98	-0.98	0.98	-0.98	-0.98
0.707476	-0.795176	-0.98	-0.98	-0.98	0.98	-0.98
-0.338964	-0.303255	-0.98	-0.98	0.98	-0.98	-0.98
0.809709	-0.785872	-0.98	-0.98	-0.98	0.98	-0.98
0.839836	0.911085	-0.98	0.98	-0.98	-0.98	-0.98
0.098391	-0.269907	-0.98	-0.98	-0.98	-0.98	0.98
0.661681	-0.117047	-0.98	-0.98	-0.98	0.98	-0.98
-0.562155	-0.223890	-0.98	-0.98	0.98	-0.98	-0.98
-0.383465	0.611536	0.98	-0.98	-0.98	-0.98	-0.98
0.133580	-0.577314	-0.98	-0.98	-0.98	0.98	-0.98
0.064922	0.664400	-0.98	-0.98	-0.98	-0.98	0.98
0.188397	-0.945449	-0.98	-0.98	-0.98	0.98	-0.98
0.730180	-0.823401	-0.98	-0.98	-0.98	0.98	-0.98
0.223269	-0.968592	-0.98	-0.98	-0.98	0.98	-0.98
0.442258	-0.318065	-0.98	-0.98	-0.98	0.98	-0.98
0.612660	0.201499	-0.98	0.98	-0.98	-0.98	-0.98
-0.127902	0.393917	0.98	-0.98	-0.98	-0.98	-0.98
-0.240524	0.209564	0.98	-0.98	-0.98	-0.98	-0.98
-0.537336	-0.036529	-0.98	-0.98	-0.98	-0.98	0.98
0.408441	0.848696	-0.98	0.98	-0.98	-0.98	-0.98
0.123166	-0.174533	-0.98	-0.98	-0.98	0.98	-0.98
-0.215696	0.317743	0.98	-0.98	-0.98	-0.98	-0.98
-0.164045	0.351150	0.98	-0.98	-0.98	-0.98	-0.98
0.978788	-0.677419	-0.98	-0.98	-0.98	0.98	-0.98
-0.679509	-0.022226	-0.98	-0.98	-0.98	-0.98	0.98
0.530165	0.566712	-0.98	0.98	-0.98	-0.98	-0.98
0.422165	0.229897	-0.98	0.98	-0.98	-0.98	-0.98
0.745792	-0.545649	-0.98	-0.98	-0.98	0.98	-0.98
-0.643404	0.849393	0.98	-0.98	-0.98	-0.98	-0.98
-0.093701	-0.420483	-0.98	-0.98	-0.98	-0.98	0.98
-0.513848	0.493158	0.98	-0.98	-0.98	-0.98	-0.98
-0.134378	-0.592208	-0.98	-0.98	0.98	-0.98	-0.98
-0.342149	0.863982	0.98	-0.98	-0.98	-0.98	-0.98
-0.110170	0.254204	0.98	-0.98	-0.98	-0.98	-0.98
0.108281	-0.146799	-0.98	-0.98	-0.98	0.98	-0.98
-0.938748	0.300801	0.98	-0.98	-0.98	-0.98	-0.98
-0.627507	0.680115	0.98	-0.98	-0.98	-0.98	-0.98
-0.549736	0.012069	-0.98	-0.98	-0.98	-0.98	0.98
0.803456	-0.219642	-0.98	-0.98	-0.98	0.98	-0.98
-0.440353	0.814226	0.98	-0.98	-0.98	-0.98	-0.98
0.531957	-0.277217	-0.98	-0.98	-0.98	0.98	-0.98
-0.510468	0.658797	0.98	-0.98	-0.98	-0.98	-0.98
-0.284035	-0.356536	-0.98	-0.98	0.98	-0.98	-0.98
-0.250358	-0.136502	-0.98	-0.98	0.98	-0.98	-0.98
-0.115676	0.623599	0.98	-0.98	-0.98	-0.98	-0.98
0.502344	0.900447	-0.98	0.98	-0.98	-0.98	-0.98
0.068718	-0.391168	-0.98	-0.98	-0.98	-0.98	0.98
0.992857	-0.024744	-0.98	-0.98	-0.98	-0.98	0.98
-0.387974	-0.051975	-0.98	-0.98	-0.98	-0.98	0.98
0.522084	-0.215640	-0.98	-0.98	-0.98	0.98	-0.98
0.087090	0.284114	-0.98	-0.98	-0.98	-0.98	0.98
-0.184999	-0.102220	-0.98	-0.98	0.98	-0.98	-0.98
-0.892632	0.017198	-0.98	-0.98	-0.98	-0.98	0.98
-0.033068	-0.510028	-0.98	-0.98	-0.98	-0.98	0.98
-0.115153	0.128790	0.98	-0.98	-0.98	-0.98	-0.98
-0.719347	-0.229470	-0.98	-0.98	0.98	-0.98	-0.98
0.553780	-0.091925	-0.98	-0.98	-0.98	-0.98	0.98
-0.819229	-0.645289	-0.98	-0.98	0.98	-0.98	-0.98
-0.902678	-0.182132	-0.98	-0.98	0.98	-0.98	-0.98
0.277694	-0.915892	-0.98	-0.98	-0.98	0.98	-0.98
-0.473103	0.951721	0.98	-0.98	-0.98	-0.98	-0.98
-0.636394	-0.762368	-0.98	-0.98	0.98	-0.98	-0.98
-0.857500	0.926817	0.98	-0.98	-0.98	-0.98	-0.98
-0.669600	0.084198	-0.98	-0.98	-0.98	-0.98	0.98
-0.348878	-0.312969	-0.98	-0.98	0.98	-0.98	-0.98
-0.800307	-0.111794	-0.98	-0.98	0.98	-0.98	-0.98
-0.297148	0.288317	0.98	-0.98	-0.98	-0.98	-0.98
-0.597453	-0.026707	-0.98	-0.98	-0.98	-0.98	0.98
0.392083	-0.160293	-0.98	-0.98	-0.98	0.98	-0.98
-0.370879	0.965938	0.98	-0.98	-0.98	-0.98	-0.98
0.332186	0.096262	-0.98	-0.98	-0.98	-0.98	0.98
0.339533	0.885684	-0.98	0.98	-0.98	-0.98	-0.98
0.586498	0.218980	-0.98	0.98	-0.98	-0.98	-0.98
0.597758	0.063078	-0.98	-0.98	-0.98	-0.98	0.98
0.924885	-0.614165	-0.98	-0.98	-0.98	0.98	-0.98
-0.071486	-0.141083	-0.98	-0.98	-0.98	-0.98	0.98
-0.912258	0.579064	0.98	-0.98	-0.98	-0.98	-0.98
0.410526	0.666729	-0.98	0.98	-0.98	-0.98	-0.98
-0.962525	-0.026498	-0.98	-0.98	-0.98	-0.98	0.98
-0.612099	-0.292413	-0.98	-0.98	0.98	-0.98	-0.98
-0.176879	0.928907	0.98	-0.98	-0.98	-0.98	-0.98
-0.606922	0.039019	-0.98	-0.98	-0.98	-0.98	0.98
0.761574	0.749382	-0.98	0.98	-0.98	-0.98	-0.98
0.954953	0.086305	-0.98	-0.98	-0.98	-0.98	0.98
0.062481	0.146536	-0.98	-0.98	-0.98	-0.98	0.98
-0.523811	0.064631	-0.98	-0.98	-0.98	-0.98	0.98
-0.848727	-0.039232	-0.98	-0.98	-0.98	-0.98	0.98
0.442438	0.629825	-0.98	0.98	-0.98	-0.98	-0.98
-0.761187	0.796329	0.98	-0.98	-0.98	-0.98	-0.98
-0.425615	0.126809	0.98	-0.98	-0.98	-0.98	-0.98
-0.303249	0.545725	0.98	-0.98	-0.98	-0.98	-0.98
0.527717	-0.110645	-0.98	-0.98	-0.98	0.98	-0.98
0.847417	0.318318	-0.98	0.98	-0.98	-0.98	-0.98
-0.675019	0.676894	0.98	-0.98	-0.98	-0.98	-0.98
-0.526731	-0.255777	-0.98	-0.98	0.98	-0.98	-0.98
-0.843503	-0.332784	-0.98	-0.98	0.98	-0.98	-0.98
-0.661306	0.823292	0.98	-0.98	-0.98	-0.98	-0.98
-0.209334	0.395427	0.98	-0.98	-0.98	-0.98	-0.98
0.638567	0.732315	-0.98	0.98	-0.98	-0.98	-0.98
0.196492	-0.790837	-0.98	-0.98	-0.98	0.98	-0.98
0.222180	0.510529	-0.98	0.98	-0.98	-0.98	-0.98
-0.596313	-0.324744	-0.98	-0.98	0.98	-0.98	-0.98
-0.989354	-0.963556	-0.98	-0.98	0.98	-0.98	-0.98
-0.111731	0.639067	0.98	-0.98	-0.98	-0.98	-0.98
-0.507351	-0.825763	-0.98	-0.98	0.98	-0.98	-0.98
-0.902896	0.330109	0.98	-0.98	-0.98	-0.98	-0.98
-0.334938	-0.954691	-0.98	-0.98	0.98	-0.98	-0.98
0.473342	0.593084	-0.98	0.98	-0.98	-0.98	-0.98
-0.570051	-0.193354	-0.98	-0.98	0.98	-0.98	-0.98
0.077555	0.323045	-0.98	-0.98	-0.98	-0.98	0.98
0.676247	-0.911732	-0.98	-0.98	-0.98	0.98	-0.98
0.490641	-0.098751	-0.98	-0.98	-0.98	-0.98	0.98
-0.310591	-0.301215	-0.98	-0.98	0.98	-0.98	-0.98
-0.013391	-0.214257	-0.98	-0.98	-0.98	-0.98	0.98
0.175556	-0.364081	-0.98	-0.98	-0.98	0.98	-0.98
0.432863	-0.281849	-0.98	-0.98	-0.98	0.98	-0.98
0.191242	0.348931	-0.98	0.98	-0.98	-0.98	-0.98
-0.455956	0.983613	0.98	-0.98	-0.98	-0.98	-0.98
-0.864105	0.215224	0.98	-0.98	-0.98	-0.98	-0.98
-0.199524	-0.315684	-0.98	-0.98	0.98	-0.98	-0.98
-0.185648	0.393395	0.98	-0.98	-0.98	-0.98	-0.98
-0.407688	-0.758676	-0.98	-0.98	0.98	-0.98	-0.98
0.702571	0.718863	-0.98	0.98	-0.98	-0.98	-0.98
0.105946	0.341567	-0.98	0.98	-0.98	-0.98	-0.98
0.668471	-0.490512	-0.98	-0.98	-0.98	0.98	-0.98
0.674021	-0.392936	-0.98	-0.98	-0.98	0.98	-0.98
-0.886862	-0.182932	-0.98	-0.98	0.98	-0.98	-0.98
0.500340	0.501949	-0.98	0.98	-0.98	-0.98	-0.98
0.777897	-0.689487	-0.98	-0.98	-0.98	0.98	-0.98
0.192740	-0.397583	-0.98	-0.98	-0.98	0.98	-0.98
-0.486354	0.943682	0.98	-0.98	-0.98	-0.98	-0.98
-0.352444	0.993421	0.98	-0.98	-0.98	-0.98	-0.98
0.666437	-0.480572	-0.98	-0.98	-0.98	0.98	-0.98
-0.754584	-0.551553	-0.98	-0.98	0.98	-0.98	-0.98
-0.417495	0.631104	0.98	-0.98	-0.98	-0.98	-0.98
-0.327698	-0.572707	-0.98	-0.98	0.98	-0.98	-0.98
-0.191430	-0.515999	-0.98	-0.98	0.98	-0.98	-0.98
-0.643623	-0.424093	-0.98	-0.98	0.98	-0.98	-0.98
0.135688	0.866279	-0.98	0.98	-0.98	-0.98	-0.98
-0.974340	0.776170	0.98	-0.98	-0.98	-0.98	-0.98
0.922146	0.518510	-0.98	0.98	-0.98	-0.98	-0.98
0.269913	-0.685765	-0.98	-0.98	-0.98	0.98	-0.98
-0.943309	0.810208	0.98	-0.98	-0.98	-0.98	-0.98
0.226070	-0.430356	-0.98	-0.98	-0.98	0.98	-0.98
-0.218555	-0.174276	-0.98	-0.98	0.98	-0.98	-0.98
-0.196194	-0.068517	-0.98	-0.98	-0.98	-0.98	0.98
0.596943	-0.228465	-0.98	-0.98	-0.98	0.98	-0.98
-0.355552	0.492865	0.98	-0.98	-0.98	-0.98	-0.98
0.601420	0.358835	-0.98	0.98	-0.98	-0.98	-0.98
0.616725	0.167628	-0.98	0.98	-0.98	-0.98	-0.98
-0.950845	-0.041914	-0.98	-0.98	-0.98	-0.98	0.98
-0.239811	0.624496	0.98	-0.98	-0.98	-0.98	-0.98
-0.908657	-0.924479	-0.98	-0.98	0.98	-0.98	-0.98
-0.196477	-0.909578	-0.98	-0.98	0.98	-0.98	-0.98
-0.064034	-0.397225	-0.98	-0.98	-0.98	-0.98	0.98
0.048989	0.719858	-0.98	-0.98	-0.98	-0.98	0.98
0.677154	-0.550053	-0.98	-0.98	-0.98	0.98	-0.98
-0.360359	-0.776284	-0.98	-0.98	0.98	-0.98	-0.98
0.105067	-0.903714	-0.98	-0.98	-0.98	0.98	-0.98
-0.527967	0.910000	0.98	-0.98	-0.98	-0.98	-0.98
-0.272657	0.309142	0.98	-0.98	-0.98	-0.98	-0.98
-0.091411	0.333122	-0.98	-0.98	-0.98	-0.98	0.98
-0.770454	0.492909	0.98	-0.98	-0.98	-0.98	-0.98
0.121588	-0.503136	-0.98	-0.98	-0.98	0.98	-0.98
-0.208727	-0.550741	-0.98	-0.98	0.98	-0.98	-0.98
-0.022720	-0.149536	-0.98	-0.98	-0.98	-0.98	0.98
0.165035	-0.350393	-0.98	-0.98	-0.98	0.98	-0.98
0.313245	0.936743	-0.98	0.98	-0.98	-0.98	-0.98
0.513315	0.772818	-0.98	0.98	-0.98	-0.98	-0.98
-0.824068	-0.517775	-0.98	-0.98	0.98	-0.98	-0.98
-0.059636	0.793458	-0.98	-0.98	-0.98	-0.98	0.98
-0.278228	-0.078155	-0.98	-0.98	-0.98	-0.98	0.98
-0.251195	-0.474955	-0.98	-0.98	0.98	-0.98	-0.98
-0.573098	0.749573	0.98	-0.98	-0.98	-0.98	-0.98
0.852384	-0.654402	-0.98	-0.98	-0.98	0.98	-0.98
0.691386	0.848215	-0.98	0.98	-0.98	-0.98	-0.98
0.342156	-0.643745	-0.98	-0.98	-0.98	0.98	-0.98
0.633288	0.684146	-0.98	0.98	-0.98	-0.98	-0.98
-0.774083	-0.892808	-0.98	-0.98	0.98	-0.98	-0.98
0.048780	0.397271	-0.98	-0.98	-0.98	-0.98	0.98
-0.470015	0.389067	0.98	-0.98	-0.98	-0.98	-0.98
0.934829	0.770114	-0.98	0.98	-0.98	-0.98	-0.98
0.258355	-0.727714	-0.98	-0.98	-0.98	0.98	-0.98
-0.437052	-0.539164	-0.98	-0.98	0.98	-0.98	-0.98
-0.521409	-0.468791	-0.98	-0.98	0.98	-0.98	-0.98
0.927073	0.353518	-0.98	0.98	-0.98	-0.98	-0.98
0.828116	0.901934	-0.98	0.98	-0.98	-0.98	-0.98
-0.253720	0.545034	0.98	-0.98	-0.98	-0.98	-0.98
-0.621797	0.886285	0.98	-0.98	-0.98	-0.98	-0.98
0.789693	-0.567997	-0.98	-0.98	-0.98	0.98	-0.98
0.182848	-0.116457	-0.98	-0.98	-0.98	0.98	-0.98
-0.352142	-0.190212	-0.98	-0.98	0.98	-0.98	-0.98
0.232464	-0.158830	-0.98	-0.98	-0.98	0.98	-0.98
-0.901306	0.816734	0.98	-0.98	-0.98	-0.98	-0.98
-0.911473	0.935248	0.98	-0.98	-0.98	-0.98	-0.98
0.461882	0.706894	-0.98	0.98	-0.98	-0.98	-0.98
-0.296640	-0.704640	-0.98	-0.98	0.98	-0.98	-0.98
0.580281	-0.070188	-0.98	-0.98	-0.98	-0.98	0.98
-0.021714	0.225329	-0.98	-0.98	-0.98	-0.98	0.98
-0.741684	0.933812	0.98	-0.98	-0.98	-0.98	-0.98
0.888241	-0.046353	-0.98	-0.98	-0.98	-0.98	0.98
0.311453	-0.986952	-0.98	-0.98	-0.98	0.98	-0.98
0.667089	-0.730006	-0.98	-0.98	-0.98	0.98	-0.98
-0.522430	0.994437	0.98	-0.98	-0.98	-0.98	-0.98
0.235492	0.530705	-0.98	0.98	-0.98	-0.98	-0.98
0.167788	0.055905	-0.98	-0.98	-0.98	-0.98	0.98
-0.177049	0.765638	0.98	-0.98	-0.98	-0.98	-0.98
-0.122549	-0.624421	-0.98	-0.98	0.98	-0.98	-0.98
-0.406030	-0.173898	-0.98	-0.98	0.98	-0.98	-0.98
0.740691	-0.008440	-0.98	-0.98	-0.98	-0.98	0.98
-0.459090	0.928856	0.98	-0.98	-0.98	-0.98	-0.98
0.507219	-0.653356	-0.98	-0.98	-0.98	0.98	-0.98
-0.495261	-0.500009	-0.98	-0.98	0.98	-0.98	-0.98
-0.725949	0.446434	0.98	-0.98	-0.98	-0.98	-0.98
-0.517608	-0.021018	-0.98	-0.98	-0.98	-0.98	0.98
-0.917644	0.463631	0.98	-0.98	-0.98	-0.98	-0.98
-0.126188	0.434663	0.98	-0.98	-0.98	-0.98	-0.98
-0.443082	0.210089	0.98	-0.98	-0.98	-0.98	-0.98
-0.477366	-0.942896	-0.98	-0.98	0.98	-0.98	-0.98
-0.271952	-0.901493	-0.98	-0.98	0.98	-0.98	-0.98
0.242396	-0.745390	-0.98	-0.98	-0.98	0.98	-0.98
0.178255	-0.460617	-0.98	-0.98	-0.98	0.98	-0.98
-0.123014	-0.421599	-0.98	-0.98	0.98	-0.98	-0.98
-0.605277	-0.501506	-0.98	-0.98	0.98	-0.98	-0.98
0.165522	0.412661	-0.98	0.98	-0.98	-0.98	-0.98
0.016284	-0.282146	-0.98	-0.98	-0.98	-0.98	0.98
0.794701	-0.286362	-0.98	-0.98	-0.98	0.98	-0.98
0.089887	0.069260	-0.98	-0.98	-0.98	-0.98	0.98
-0.994810	0.316664	0.98	-0.98	-0.98	-0.98	-0.98
-0.745417	0.022983	-0.98	-0.98	-0.98	-0.98	0.98
-0.853161	-0.271986	-0.98	-0.98	0.98	-0.98	-0.98
-0.093281	-0.661884	-0.98	-0.98	-0.98	-0.98	0.98
0.985754	-0.588074	-0.98	-0.98	-0.98	0.98	-0.98
-0.207265	0.462060	0.98	-0.98	-0.98	-0.98	-0.98
-0.100382	0.018853	-0.98	-0.98	-0.98	-0.98	0.98
0.065601	-0.359080	-0.98	-0.98	-0.98	-0.98	0.98
-0.039790	0.067128	-0.98	-0.98	-0.98	-0.98	0.98
-0.177058	-0.448343	-0.98	-0.98	0.98	-0.98	-0.98
-0.706804	-0.494939	-0.98	-0.98	0.98	-0.98	-0.98
-0.309357	0.047069	-0.98	-0.98	-0.98	-0.98	0.98
-0.635919	-0.911903	-0.98	-0.98	0.98	-0.98	-0.98
0.431476	0.818236	-0.98	0.98	-0.98	-0.98	-0.98
0.697167	-0.575548	-0.98	-0.98	-0.98	0.98	-0.98
-0.099638	0.075865	-0.98	-0.98	-0.98	-0.98	0.98
0.502731	0.550059	-0.98	0.98	-0.98	-0.98	-0.98
0.130099	0.178015	-0.98	0.98	-0.98	-0.98	-0.98
0.518573	-0.226795	-0.98	-0.98	-0.98	0.98	-0.98
-0.254184	0.718076	0.98	-0.98	-0.98	-0.98	-0.98
-0.942121	0.201557	0.98	-0.98	-0.98	-0.98	-0.98
-0.212701	-0.229506	-0.98	-0.98	0.98	-0.98	-0.98
-0.681665	0.378270	0.98	-0.98	-0.98	-0.98	-0.98
-0.133423	0.057219	-0.98	-0.98	-0.98	-0.98	0.98
0.845570	-0.530172	-0.98	-0.98	-0.98	0.98	-0.98
0.205427	0.423428	-0.98	0.98	-0.98	-0.98	-0.98
-0.110543	-0.359884	-0.98	-0.98	0.98	-0.98	-0.98
0.406818	0.741215	-0.98	0.98	-0.98	-0.98	-0.98
0.408080	-0.833709	-0.98	-0.98	-0.98	0.98	-0.98
-0.776830	0.126719	0.98	-0.98	-0.98	-0.98	-0.98
-0.071497	-0.931441	-0.98	-0.98	-0.98	-0.98	0.98
0.712396	0.667877	-0.98	0.98	-0.98	-0.98	-0.98
-0.697776	0.703214	0.98	-0.98	-0.98	-0.98	-0.98
0.591858	0.024522	-0.98	-0.98	-0.98	-0.98	0.98
-0.880884	-0.431131	-0.98	-0.98	0.98	-0.98	-0.98
-0.287634	0.642551	0.98	-0.98	-0.98	-0.98	-0.98
0.376704	0.938199	-0.98	0.98	-0.98	-0.98	-0.98
0.861352	-0.095657	-0.98	-0.98	-0.98	-0.98	0.98
-0.433915	0.717900	0.98	-0.98	-0.98	-0.98	-0.98
0.734938	-0.628841	-0.98	-0.98	-0.98	0.98	-0.98
0.909863	-0.074377	-0.98	-0.98	-0.98	-0.98	0.98
-0.999181	-0.098723	-0.98	-0.98	-0.98	-0.98	0.98
-0.613453	-0.841066	-0.98	-0.98	0.98	-0.98	-0.98
0.366560	-0.136167	-0.98	-0.98	-0.98	0.98	-0.98
0.966147	0.628303	-0.98	0.98	-0.98	-0.98	-0.98
-0.476165	-0.479987	-0.98	-0.98	0.98	-0.98	-0.98
0.178169	-0.945372	-0.98	-0.98	-0.98	0.98	-0.98
0.510872	-0.743362	-0.98	-0.98	-0.98	0.98	-0.98
0.577915	0.650178	-0.98	0.98	-0.98	-0.98	-0.98
0.173791	-0.726944	-0.98	-0.98	-0.98	0.98	-0.98
0.291917	0.285009	-0.98	0.98	-0.98	-0.98	-0.98
0.465528	-0.992292	-0.98	-0.98	-0.98	0.98	-0.98
0.006192	-0.567601	-0.98	-0.98	-0.98	-0.98	0.98
-0.029952	0.974169	-0.98	-0.98	-0.98	-0.98	0.98
0.618621	-0.602135	-0.98	-0.98	-0.98	0.98	-0.98
-0.731298	-0.484090	-0.98	-0.98	0.98	-0.98	-0.98
0.981296	0.423073	-0.98	0.98	-0.98	-0.98	-0.98
0.543034	0.898963	-0.98	0.98	-0.98	-0.98	-0.98
0.969684	-0.010855	-0.98	-0.98	-0.98	-0.98	0.98
-0.359292	0.835765	0.98	-0.98	-0.98	-0.98	-0.98
-0.263692	0.173120	0.98	-0.98	-0.98	-0.98	-0.98
0.689583	-0.365016	-0.98	-0.98	-0.98	0.98	-0.98
0.198630	0.847841	-0.98	0.98	-0.98	-0.98	-0.98
0.891300	-0.429588	-0.98	-0.98	-0.98	0.98	-0.98
-0.274083	0.321293	0.98	-0.98	-0.98	-0.98	-0.98
-0.112761	-0.399530	-0.98	-0.98	0.98	-0.98	-0.98
-0.127355	0.606348	0.98	-0.98	-0.98	-0.98	-0.98
0.677681	-0.695284	-0.98	-0.98	-0.98	0.98	-0.98
-0.556845	0.006930	-0.98	-0.98	-0.98	-0.98	0.98
0.407548	-0.176848	-0.98	-0.98	-0.98	0.98	-0.98
0.888851	0.293994	-0.98	0.98	-0.98	-0.98	-0.98
0.515460	0.307969	-0.98	0.98	-0.98	-0.98	-0.98
-0.536641	0.482986	0.98	-0.98	-0.98	-0.98	-0.98
-0.701006	0.770020	0.98	-0.98	-0.98	-0.98	-0.98
0.393609	-0.467333	-0.98	-0.98	-0.98	0.98	-0.98
0.049588	0.816786	-0.98	-0.98	-0.98	-0.98	0.98
-0.753059	0.631553	0.98	-0.98	-0.98	-0.98	-0.98
-0.579510	0.953444	0.98	-0.98	-0.98	-0.98	-0.98
-0.265412	0.733326	0.98	-0.98	-0.98	-0.98	-0.98
0.100855	-0.112982	-0.98	-0.98	-0.98	0.98	-0.98
-0.293398	0.905812	0.98	-0.98	-0.98	-0.98	-0.98
0.106568	0.594444	-0.98	0.98	-0.98	-0.98	-0.98
-0.922490	0.550442	0.98	-0.98	-0.98	-0.98	-0.98
0.502584	0.894971	-0.98	0.98	-0.98	-0.98	-0.98
0.632766	0.911680	-0.98	0.98	-0.98	-0.98	-0.98
-0.762758	0.753594	0.98	-0.98	-0.98	-0.98	-0.98
0.129268	-0.381938	-0.98	-0.98	-0.98	0.98	-0.98
-0.155407	0.767169	0.98	-0.98	-0.98	-0.98	-0.98
0.737521	-0.356537	-0.98	-0.98	-0.98	0.98	-0.98
0.216179	0.697616	-0.98	0.98	-0.98	-0.98	-0.98
0.115717	0.242913	-0.98	0.98	-0.98	-0.98	-0.98
-0.027179	-0.003311	-0.98	-0.98	-0.98	-0.98	0.98
-0.482263	-0.040534	-0.98	-0.98	-0.98	-0.98	0.98
-0.304066	-0.523385	-0.98	-0.98	0.98	-0.98	-0.98
-0.260834	0.556167	0.98	-0.98	-0.98	-0.98	-0.98
-0.503539	-0.651177	-0.98	-0.98	0.98	-0.98	-0.98
-0.107136	-0.899851	-0.98	-0.98	0.98	-0.98	-0.98
0.936813	-0.995990	-0.98	-0.98	-0.98	0.98	-0.98
-0.739936	-0.014168	-0.98	-0.98	-0.98	-0.98	0.98
0.768389	-0.790819	-0.98	-0.98	-0.98	0.98	-0.98
0.245776	0.582793	-0.98	0.98	-0.98	-0.98	-0.98
0.856058	0.223804	-0.98	0.98	-0.98	-0.98	-0.98
-0.046665	-0.960313	-0.98	-0.98	-0.98	-0.98	0.98
-0.065206	-0.839484	-0.98	-0.98	-0.98	-0.98	0.98
-0.230648	-0.825449	-0.98	-0.98	0.98	-0.98	-0.98
0.743581	0.476254	-0.98	0.98	-0.98	-0.98	-0.98
-0.556793	-0.223386	-0.98	-0.98	0.98	-0.98	-0.98
0.774928	-0.609577	-0.98	-0.98	-0.98	0.98	-0.98
-0.961656	0.447911	0.98	-0.98	-0.98	-0.98	-0.98
0.147958	0.289977	-0.98	0.98	-0.98	-0.98	-0.98
-0.834330	0.889588	0.98	-0.98	-0.98	-0.98	-0.98
0.838442	0.606132	-0.98	0.98	-0.98	-0.98	-0.98
0.910693	-0.824177	-0.98	-0.98	-0.98	0.98	-0.98
-0.474281	0.037930	-0.98	-0.98	-0.98	-0.98	0.98
0.787242	0.685666	-0.98	0.98	-0.98	-0.98	-0.98
-0.319175	0.722434	0.98	-0.98	-0.98	-0.98	-0.98
-0.156251	0.356523	0.98	-0.98	-0.98	-0.98	-0.98
-0.725257	0.076565	-0.98	-0.98	-0.98	-0.98	0.98
-0.731130	-0.880560	-0.98	-0.98	0.98	-0.98	-0.98
-0.961684	0.349783	0.98	-0.98	-0.98	-0.98	-0.98
-0.912294	-0.813280	-0.98	-0.98	0.98	-0.98	-0.98
-0.464540	0.124992	0.98	-0.98	-0.98	-0.98	-0.98
0.052720	-0.355382	-0.98	-0.98	-0.98	-0.98	0.98
-0.060668	0.523691	-0.98	-0.98	-0.98	-0.98	0.98
0.887089	-0.814306	-0.98	-0.98	-0.98	0.98	-0.98
-0.863123	0.752271	0.98	-0.98	-0.98	-0.98	-0.98
-0.418845	0.579226	0.98	-0.98	-0.98	-0.98	-0.98
-0.738692	0.508392	0.98	-0.98	-0.98	-0.98	-0.98
0.009579	-0.909113	-0.98	-0.98	-0.98	-0.98	0.98
0.378648	0.365349	-0.98	0.98	-0.98	-0.98	-0.98
-0.192347	-0.256378	-0.98	-0.98	0.98	-0.98	-0.98
0.841961	-0.537443	-0.98	-0.98	-0.98	0.98	-0.98
-0.442241	0.127348	0.98	-0.98	-0.98	-0.98	-0.98
0.285632	0.438126	-0.98	0.98	-0.98	-0.98	-0.98
0.744054	0.673346	-0.98	0.98	-0.98	-0.98	-0.98
0.180991	0.819193	-0.98	0.98	-0.98	-0.98	-0.98
-0.696153	0.764751	0.98	-0.98	-0.98	-0.98	-0.98
0.598295	0.508426	-0.98	0.98	-0.98	-0.98	-0.98
-0.210059	0.667304	0.98	-0.98	-0.98	-0.98	-0.98
-0.339413	0.076443	-0.98	-0.98	-0.98	-0.98	0.98
-0.353710	-0.496502	-0.98	-0.98	0.98	-0.98	-0.98
-0.940137	0.641309	0.98	-0.98	-0.98	-0.98	-0.98
0.314875	0.251906	-0.98	0.98	-0.98	-0.98	-0.98
-0.837093	0.475640	0.98	-0.98	-0.98	-0.98	-0.98
-0.727396	0.593656	0.98	-0.98	-0.98	-0.98	-0.98
0.807197	0.515798	-0.98	0.98	-0.98	-0.98	-0.98
0.083697	0.731374	-0.98	-0.98	-0.98	-0.98	0.98
0.121897	-0.504347	-0.98	-0.98	-0.98	0.98	-0.98
0.202817	0.101899	-0.98	0.98	-0.98	-0.98	-0.98
0.269840	-0.265566	-0.98	-0.98	-0.98	0.98	-0.98
-0.912652	-0.653541	-0.98	-0.98	0.98	-0.98	-0.98
0.928301	0.985725	-0.98	0.98	-0.98	-0.98	-0.98
-0.123909	-0.842749	-0.98	-0.98	0.98	-0.98	-0.98
0.848448	-0.582984	-0.98	-0.98	-0.98	0.98	-0.98
0.673347	-0.168422	-0.98	-0.98	-0.98	0.98	-0.98
-0.944898	0.306299	0.98	-0.98	-0.98	-0.98	-0.98
0.905239	-0.288840	-0.98	-0.98	-0.98	0.98	-0.98
0.392031	-0.236306	-0.98	-0.98	-0.98	0.98	-0.98
0.827567	0.300296	-0.98	0.98	-0.98	-0.98	-0.98
0.895425	-0.243743	-0.98	-0.98	-0.98	0.98	-0.98
0.239274	-0.268106	-0.98	-0.98	-0.98	0.98	-0.98
-0.001584	0.426763	-0.98	-0.98	-0.98	-0.98	0.98
-0.079772	-0.396498	-0.98	-0.98	-0.98	-0.98	0.98
0.678549	0.118775	-0.98	0.98	-0.98	-0.98	-0.98
-0.731123	-0.576400	-0.98	-0.98	0.98	-0.98	-0.98
-0.953142	0.213201	0.98	-0.98	-0.98	-0.98	-0.98
-0.462335	-0.650401	-0.98	-0.98	0.98	-0.98	-0.98
0.819155	-0.746131	-0.98	-0.98	-0.98	0.98	-0.98
0.347219	0.438899	-0.98	0.98	-0.98	-0.98	-0.98
0.449869	-0.964841	-0.98	-0.98	-0.98	0.98	-0.98
0.659892	0.531916	-0.98	0.98	-0.98	-0.98	-0.98
0.173581	0.973506	-0.98	0.98	-0.98	-0.98	-0.98
-0.352811	0.327135	0.98	-0.98	-0.98	-0.98	-0.98
0.129993	0.888060	-0.98	0.98	-0.98	-0.98	-0.98
-0.558727	-0.402870	-0.98	-0.98	0.98	-0.98	-0.98
-0.324220	-0.019689	-0.98	-0.98	-0.98	-0.98	0.98
0.475372	0.272837	-0.98	0.98	-0.98	-0.98	-0.98
-0.903015	0.001265	-0.98	-0.98	-0.98	-0.98	0.98
0.040572	0.402884	-0.98	-0.98	-0.98	-0.98	0.98
-0.158336	0.298445	0.98	-0.98	-0.98	-0.98	-0.98
-0.951588	-0.934812	-0.98	-0.98	0.98	-0.98	-0.98
-0.074320	0.626383	-0.98	-0.98	-0.98	-0.98	0.98
-0.651507	-0.311720	-0.98	-0.98	0.98	-0.98	-0.98
-0.447007	-0.607169	-0.98	-0.98	0.98	-0.98	-0.98
0.102067	0.706689	-0.98	0.98	-0.98	-0.98	-0.98
0.331572	0.167588	-0.98	0.98	-0.98	-0.98	-0.98
0.659407	0.266164	-0.98	0.98	-0.98	-0.98	-0.98
-0.311491	0.937922	0.98	-0.98	-0.98	-0.98	-0.98
-0.051090	0.542743	-0.98	-0.98	-0.98	-0.98	0.98
-0.486076	0.572168	0.98	-0.98	-0.98	-0.98	-0.98
0.445697	0.766868	-0.98	0.98	-0.98	-0.98	-0.98
-0.744572	0.232955	0.98	-0.98	-0.98	-0.98	-0.98
-0.819541	0.232529	0.98	-0.98	-0.98	-0.98	-0.98
0.243273	0.240993	-0.98	0.98	-0.98	-0.98	-0.98
0.524329	-0.068207	-0.98	-0.98	-0.98	-0.98	0.98
-0.556510	0.479517	0.98	-0.98	-0.98	-0.98	-0.98
0.853907	0.882267	-0.98	0.98	-0.98	-0.98	-0.98
-0.958236	-0.485393	-0.98	-0.98	0.98	-0.98	-0.98
0.526009	-0.609684	-0.98	-0.98	-0.98	0.98	-0.98
0.883455	-0.092299	-0.98	-0.98	-0.98	-0.98	0.98
-0.062392	0.793245	-0.98	-0.98	-0.98	-0.98	0.98
-0.788371	0.541871	0.98	-0.98	-0.98	-0.98	-0.98
0.111345	-0.067113	-0.98	-0.98	-0.98	-0.98	0.98
0.711252	0.828804	-0.98	0.98	-0.98	-0.98	-0.98
-0.337210	0.059371	-0.98	-0.98	-0.98	-0.98	0.98
-0.575075	0.932906	0.98	-0.98	-0.98	-0.98	-0.98
-0.718890	0.250407	0.98	-0.98	-0.98	-0.98	-0.98
-0.382144	0.785347	0.98	-0.98	-0.98	-0.98	-0.98
0.494532	0.695770	-0.98	0.98	-0.98	-0.98	-0.98
-0.562295	-0.275785	-0.98	-0.98	0.98	-0.98	-0.98
0.728911	0.891753	-0.98	0.98	-0.98	-0.98	-0.98
-0.637097	0.944417	0.98	-0.98	-0.98	-0.98	-0.98
-0.142723	0.791533	0.98	-0.98	-0.98	-0.98	-0.98
0.650281	0.706658	-0.98	0.98	-0.98	-0.98	-0.98
-0.166956	-0.090730	-0.98	-0.98	-0.98	-0.98	0.98
0.217668	0.743414	-0.98	0.98	-0.98	-0.98	-0.98
0.648428	0.768733	-0.98	0.98	-0.98	-0.98	-0.98
0.834460	0.291574	-0.98	0.98	-0.98	-0.98	-0.98
-0.351778	0.221697	0.98	-0.98	-0.98	-0.98	-0.98
-0.474697	0.320408	0.98	-0.98	-0.98	-0.98	-0.98
-0.768503	0.861211	0.98	-0.98	-0.98	-0.98	-0.98
-0.971781	0.125179	0.98	-0.98	-0.98	-0.98	-0.98
0.671874	-0.800359	-0.98	-0.98	-0.98	0.98	-0.98
0.913455	0.417250	-0.98	0.98	-0.98	-0.98	-0.98
0.545462	-0.964049	-0.98	-0.98	-0.98	0.98	-0.98
-0.385524	0.285085	0.98	-0.98	-0.98	-0.98	-0.98
-0.853569	-0.156330	-0.98	-0.98	0.98	-0.98	-0.98
-0.068694	0.786942	-0.98	-0.98	-0.98	-0.98	0.98
0.259625	-0.929417	-0.98	-0.98	-0.98	0.98	-0.98
-0.830468	0.825941	0.98	-0.98	-0.98	-0.98	-0.98
-0.165196	0.624806	0.98	-0.98	-0.98	-0.98	-0.98
-0.046141	-0.528548	-0.98	-0.98	-0.98	-0.98	0.98
0.934697	-0.325762	-0.98	-0.98	-0.98	0.98	-0.98
0.360735	-0.767843	-0.98	-0.98	-0.98	0.98	-0.98
0.231527	0.896446	-0.98	0.98	-0.98	-0.98	-0.98
0.165213	-0.061165	-0.98	-0.98	-0.98	-0.98	0.98
0.803811	0.888421	-0.98	0.98	-0.98	-0.98	-0.98
0.784423	-0.745331	-0.98	-0.98	-0.98	0.98	-0.98
-0.232363	-0.417452	-0.98	-0.98	0.98	-0.98	-0.98
-0.247787	-0.038036	-0.98	-0.98	-0.98	-0.98	0.98
0.485099	-0.070666	-0.98	-0.98	-0.98	-0.98	0.98
0.957363	-0.377486	-0.98	-0.98	-0.98	0.98	-0.98
-0.026154	-0.682692	-0.98	-0.98	-0.98	-0.98	0.98
0.261217	0.538214	-0.98	0.98	-0.98	-0.98	-0.98
-0.904328	0.068329	-0.98	-0.98	-0.98	-0.98	0.98
0.961291	-0.906684	-0.98	-0.98	-0.98	0.98	-0.98
-0.471918	-0.999955	-0.98	-0.98	0.98	-0.98	-0.98
-0.296512	0.196387	0.98	-0.98	-0.98	-0.98	-0.98
0.697849	-0.024010	-0.98	-0.98	-0.98	-0.98	0.98
0.298407	0.240081	-0.98	0.98	-0.98	-0.98	-0.98
-0.681911	0.491666	0.98	-0.98	-0.98	-0.98	-0.98
-0.782356	0.822582	0.98	-0.98	-0.98	-0.98	-0.98
0.219806	0.948755	-0.98	0.98	-0.98	-0.98	-0.98
-0.706952	-0.330863	-0.98	-0.98	0.98	-0.98	-0.98
0.929805	0.668301	-0.98	0.98	-0.98	-0.98	-0.98
0.396789	-0.079337	-0.98	-0.98	-0.98	-0.98	0.98
0.906983	0.076010	-0.98	-0.98	-0.98	-0.98	0.98
0.877698	-0.862419	-0.98	-0.98	-0.98	0.98	-0.98
0.245533	0.641349	-0.98	0.98	-0.98	-0.98	-0.98
0.976852	0.581099	-0.98	0.98	-0.98	-0.98	-0.98
0.725054	0.522536	-0.98	0.98	-0.98	-0.98	-0.98
0.180157	0.922281	-0.98	0.98	-0.98	-0.98	-0.98
0.619164	-0.093312	-0.98	-0.98	-0.98	-0.98	0.98
-0.344700	-0.421658	-0.98	-0.98	0.98	-0.98	-0.98
-0.870186	-0.028352	-0.98	-0.98	-0.98	-0.98	0.98
-0.258902	0.440650	0.98	-0.98	-0.98	-0.98	-0.98
0.364493	-0.844264	-0.98	-0.98	-0.98	0.98	-0.98
-0.762688	0.055099	-0.98	-0.98	-0.98	-0.98	0.98
0.868885	0.202300	-0.98	0.98	-0.98	-0.98	-0.98
0.239823	-0.226383	-0.98	-0.98	-0.98	0.98	-0.98
-0.371599	-0.738253	-0.98	-0.98	0.98	-0.98	-0.98
-0.723366	-0.630265	-0.98	-0.98	0.98	-0.98	-0.98
0.452688	-0.384825	-0.98	-0.98	-0.98	0.98	-0.98
0.879669	-0.899374	-0.98	-0.98	-0.98	0.98	-0.98
-0.838850	0.781896	0.98	-0.98	-0.98	-0.98	-0.98
0.932142	-0.295928	-0.98	-0.98	-0.98	0.98	-0.98
0.572670	-0.515202	-0.98	-0.98	-0.98	0.98	-0.98
-0.742195	0.495678	0.98	-0.98	-0.98	-0.98	-0.98
0.264852	-0.077711	-0.98	-0.98	-0.98	-0.98	0.98
0.343782	0.534964	-0.98	0.98	-0.98	-0.98	-0.98
-0.371339	-0.290123	-0.98	-0.98	0.98	-0.98	-0.98
-0.892621	-0.100736	-0.98	-0.98	0.98	-0.98	-0.98
-0.431205	-0.319797	-0.98	-0.98	0.98	-0.98	-0.98
-0.162648	-0.186803	-0.98	-0.98	0.98	-0.98	-0.98
0.571924	-0.224473	-0.98	-0.98	-0.98	0.98	-0.98
0.776314	-0.380835	-0.98	-0.98	-0.98	0.98	-0.98
0.155817	-0.753082	-0.98	-0.98	-0.98	0.98	-0.98
-0.269290	0.701546	0.98	-0.98	-0.98	-0.98	-0.98
0.830705	0.391181	-0.98	0.98	-0.98	-0.98	-0.98
-0.606621	0.652809	0.98	-0.98	-0.98	-0.98	-0.98
0.045868	0.960075	-0.98	-0.98	-0.98	-0.98	0.98
-0.357392	0.506934	0.98	-0.98	-0.98	-0.98	-0.98
-0.746870	0.915797	0.98	-0.98	-0.98	-0.98	-0.98
0.674486	0.191832	-0.98	0.98	-0.98	-0.98	-0.98
0.367552	-0.905670	-0.98	-0.98	-0.98	0.98	-0.98
0.952265	-0.448525	-0.98	-0.98	-0.98	0.98	-0.98
-0.183220	0.043612	-0.98	-0.98	-0.98	-0.98	0.98
-0.507402	0.833002	0.98	-0.98	-0.98	-0.98	-0.98
0.188076	-0.071548	-0.98	-0.98	-0.98	-0.98	0.98
0.101712	-0.223899	-0.98	-0.98	-0.98	0.98	-0.98
-0.400626	0.112936	0.98	-0.98	-0.98	-0.98	-0.98
-0.319696	0.823054	0.98	-0.98	-0.98	-0.98	-0.98
-0.115313	0.727822	0.98	-0.98	-0.98	-0.98	-0.98
-0.717252	-0.063231	-0.98	-0.98	-0.98	-0.98	0.98
-0.527566	0.520163	0.98	-0.98	-0.98	-0.98	-0.98
-0.090065	0.179354	-0.98	-0.98	-0.98	-0.98	0.98
0.242980	0.328287	-0.98	0.98	-0.98	-0.98	-0.98
-0.138302	0.650689	0.98	-0.98	-0.98	-0.98	-0.98
0.592507	-0.182628	-0.98	-0.98	-0.98	0.98	-0.98
-0.016621	-0.566100	-0.98	-0.98	-0.98	-0.98	0.98
0.355835	-0.099657	-0.98	-0.98	-0.98	-0.98	0.98
0.096969	0.282722	-0.98	-0.98	-0.98	-0.98	0.98
0.106855	-0.641899	-0.98	-0.98	-0.98	0.98	-0.98
0.842432	-0.528734	-0.98	-0.98	-0.98	0.98	-0.98
-0.139534	0.572893	0.98	-0.98	-0.98	-0.98	-0.98
0.280874	-0.008053	-0.98	-0.98	-0.98	-0.98	0.98
0.845263	-0.743211	-0.98	-0.98	-0.98	0.98	-0.98
0.284046	-0.630262	-0.98	-0.98	-0.98	0.98	-0.98
-0.069981	0.753827	-0.98	-0.98	-0.98	-0.98	0.98
-0.095598	-0.408436	-0.98	-0.98	-0.98	-0.98	0.98
0.442124	-0.596237	-0.98	-0.98	-0.98	0.98	-0.98
-0.382085	0.516562	0.98	-0.98	-0.98	-0.98	-0.98
-0.900801	0.700045	0.98	-0.98	-0.98	-0.98	-0.98
-0.121708	0.522190	0.98	-0.98	-0.98	-0.98	-0.98
-0.515923	0.342113	0.98	-0.98	-0.98	-0.98	-0.98
-0.324255	0.503952	0.98	-0.98	-0.98	-0.98	-0.98
-0.950894	0.506841	0.98	-0.98	-0.98	-0.98	-0.98
-0.020802	-0.891895	-0.98	-0.98	-0.98	-0.98	0.98
0.013789	0.759109	-0.98	-0.98	-0.98	-0.98	0.98
-0.763843	0.016988	-0.98	-0.98	-0.98	-0.98	0.98
-0.537135	0.643308	0.98	-0.98	-0.98	-0.98	-0.98
-0.328350	0.126921	0.98	-0.98	-0.98	-0.98	-0.98
-0.353849	-0.036925	-0.98	-0.98	-0.98	-0.98	0.98
-0.063122	0.356963	-0.98	-0.98	-0.98	-0.98	0.98
-0.188454	-0.003964	-0.98	-0.98	-0.98	-0.98	0.98
0.367599	-0.048458	-0.98	-0.98	-0.98	-0.98	0.98
-0.785770	0.913743	0.98	-0.98	-0.98	-0.98	-0.98
-0.877102	0.748066	0.98	-0.98	-0.98	-0.98	-0.98
-0.406256	-0.091936	-0.98	-0.98	-0.98	-0.98	0.98
-0.091747	-0.073869	-0.98	-0.98	-0.98	-0.98	0.98
-0.801662	-0.041287	-0.98	-0.98	-0.98	-0.98	0.98
0.416322	-0.072089	-0.98	-0.98	-0.98	-0.98	0.98
-0.062450	-0.119565	-0.98	-0.98	-0.98	-0.98	0.98
0.083010	0.121483	-0.98	-0.98	-0.98	-0.98	0.98
-0.865726	0.053617	-0.98	-0.98	-0.98	-0.98	0.98
0.092361	-0.131542	-0.98	-0.98	-0.98	-0.98	0.98
-0.266356	0.057393	-0.98	-0.98	-0.98	-0.98	0.98
0.018006	0.901000	-0.98	-0.98	-0.98	-0.98	0.98
-0.266491	-0.090686	-0.98	-0.98	-0.98	-0.98	0.98
-0.828537	0.055999	-0.98	-0.98	-0.98	-0.98	0.98
0.046573	0.959545	-0.98	-0.98	-0.98	-0.98	0.98
0.402607	0.029833	-0.98	-0.98	-0.98	-0.98	0.98
0.032383	-0.842497	-0.98	-0.98	-0.98	-0.98	0.98
0.817442	-0.000030	-0.98	-0.98	-0.98	-0.98	0.98
-0.564209	-0.033938	-0.98	-0.98	-0.98	-0.98	0.98
-0.041179	0.393977	-0.98	-0.98	-0.98	-0.98	0.98
0.693945	-0.098329	-0.98	-0.98	-0.98	-0.98	0.98
0.024036	0.414485	-0.98	-0.98	-0.98	-0.98	0.98
-0.966572	0.060666	-0.98	-0.98	-0.98	-0.98	0.98
-0.067493	-0.562743	-0.98	-0.98	-0.98	-0.98	0.98
0.043969	0.377630	-0.98	-0.98	-0.98	-0.98	0.98
0.082065	-0.477032	-0.98	-0.98	-0.98	-0.98	0.98
0.135420	-0.029266	-0.98	-0.98	-0.98	-0.98	0.98
0.274526	0.050256	-0.98	-0.98	-0.98	-0.98	0.98
-0.665541	0.083173	-0.98	-0.98	-0.98	-0.98	0.98
-0.027936	0.752120	-0.98	-0.98	-0.98	-0.98	0.98
0.236280	-0.023302	-0.98	-0.98	-0.98	-0.98	0.98
0.901427	0.010399	-0.98	-0.98	-0.98	-0.98	0.98
0.563171	0.086302	-0.98	-0.98	-0.98	-0.98	0.98
-0.038729	0.174387	-0.98	-0.98	-0.98	-0.98	0.98
0.088547	0.186934	-0.98	-0.98	-0.98	-0.98	0.98
-0.079083	-0.221766	-0.98	-0.98	-0.98	-0.98	0.98
-0.031902	0.599260	-0.98	-0.98	-0.98	-0.98	0.98
-0.007686	0.987338	-0.98	-0.98	-0.98	-0.98	0.98
-0.084631	-0.933813	-0.98	-0.98	-0.98	-0.98	0.98
-0.037054	0.430220	-0.98	-0.98	-0.98	-0.98	0.98
-0.052739	-0.416503	-0.98	-0.98	-0.98	-0.98	0.98
0.034995	-0.296356	-0.98	-0.98	-0.98	-0.98	0.98
-0.350125	0.075627	-0.98	-0.98	-0.98	-0.98	0.98
-0.092637	0.026417	-0.98	-0.98	-0.98	-0.98	0.98
-0.060275	0.193569	-0.98	-0.98	-0.98	-0.98	0.98
0.049335	0.472031	-0.98	-0.98	-0.98	-0.98	0.98
-0.054976	-0.550252	-0.98	-0.98	-0.98	-0.98	0.98
-0.052848	0.446616	-0.98	-0.98	-0.98	-0.98	0.98
-0.038843	0.505222	-0.98	-0.98	-0.98	-0.98	0.98
-0.923874	-0.056948	-0.98	-0.98	-0.98	-0.98	0.98
-0.411410	-0.072186	-0.98	-0.98	-0.98	-0.98	0.98
-0.571086	-0.012529	-0.98	-0.98	-0.98	-0.98	0.98
-0.061738	0.443839	-0.98	-0.98	-0.98	-0.98	0.98
-0.040415	-0.704362	-0.98	-0.98	-0.98	-0.98	0.98
-0.471651	-0.079617	-0.98	-0.98	-0.98	-0.98	0.98
-0.199501	-0.079198	-0.98	-0.98	-0.98	-0.98	0.98
-0.926226	-0.029279	-0.98	-0.98	-0.98	-0.98	0.98
0.094547	-0.095442	-0.98	-0.98	-0.98	-0.98	0.98
-0.029781	-0.686598	-0.98	-0.98	-0.98	-0.98	0.98
0.001493	0.277449	-0.98	-0.98	-0.98	-0.98	0.98
0.583309	-0.056804	-0.98	-0.98	-0.98	-0.98	0.98
-0.023358	0.969183	-0.98	-0.98	-0.98	-0.98	0.98
0.762208	-0.006822	-0.98	-0.98	-0.98	-0.98	0.98
0.990630	-0.069546	-0.98	-0.98	-0.98	-0.98	0.98
-0.063612	0.670191	-0.98	-0.98	-0.98	-0.98	0.98
-0.045699	-0.663740	-0.98	-0.98	-0.98	-0.98	0.98
-0.089350	-0.399214	-0.98	-0.98	-0.98	-0.98	0.98
0.012077	0.524214	-0.98	-0.98	-0.98	-0.98	0.98
