00000000: 1c00 0000 5446 4c33 1400 2000 1c00 1800  ....TFL3.. .....
00000010: 1400 1000 0c00 0000 0800 0400 1400 0000  ................
00000020: 1c00 0000 1c00 0000 7400 0000 0077 0200  ........t....w..
00000030: 1077 0200 b827 0300 0300 0000 0000 0000  .w...'..........
00000040: 0200 0000 3400 0000 0400 0000 dcff ffff  ....4...........
00000050: 2300 0000 0400 0000 1300 0000 434f 4e56  #...........CONV
00000060: 4552 5349 4f4e 5f4d 4554 4144 4154 4100  ERSION_METADATA.
00000070: 0800 0c00 0800 0400 0800 0000 2200 0000  ............"...
00000080: 0400 0000 1300 0000 6d69 6e5f 7275 6e74  ........min_runt
00000090: 696d 655f 7665 7273 696f 6e00 2400 0000  ime_version.$...
000000a0: 8876 0200 8076 0200 6076 0200 4076 0200  .v...v..`v..@v..
000000b0: 2876 0200 1076 0200 f875 0200 e475 0200  (v...v...u...u..
000000c0: 8c75 0200 5c75 0200 0c73 0200 dc72 0200  .u..\u...s...r..
000000d0: 6c6f 0200 2c6f 0200 fc64 0200 8c64 0200  lo..,o...d...d..
000000e0: fc3b 0200 2c3b 0200 1c99 0100 0c81 0100  .;..,;..........
000000f0: fc00 0000 f400 0000 ec00 0000 e400 0000  ................
00000100: dc00 0000 d400 0000 cc00 0000 c400 0000  ................
00000110: bc00 0000 b400 0000 ac00 0000 a400 0000  ................
00000120: 9c00 0000 9400 0000 7400 0000 0400 0000  ........t.......
00000130: 2e8a fdff 0400 0000 6000 0000 0c00 0000  ........`.......
00000140: 0800 0e00 0800 0400 0800 0000 1000 0000  ................
00000150: 2800 0000 0000 0600 0800 0400 0600 0000  (...............
00000160: 0400 0000 0100 0000 eb03 0000 0c00 1800  ................
00000170: 1400 1000 0c00 0400 0c00 0000 f327 6eb6  .............'n.
00000180: 2d8c 28aa 0300 0000 0200 0000 0400 0000  -.(.............
00000190: 0600 0000 322e 3230 2e30 0000 9a8a fdff  ....2.20.0......
000001a0: 0400 0000 1000 0000 322e 332e 3000 0000  ........2.3.0...
000001b0: 0000 0000 0000 0000 64da fcff 68da fcff  ........d...h...
000001c0: 6cda fcff 70da fcff 74da fcff 78da fcff  l...p...t...x...
000001d0: 7cda fcff 80da fcff 84da fcff 88da fcff  |...............
000001e0: 8cda fcff 90da fcff 94da fcff ea8a fdff  ................
000001f0: 0400 0000 0080 0100 1f35 56f0 c4fa e6d7  .........5V.....
00000200: 220a 1672 f0ca 0727 2ab9 b0d8 0602 a78a  "..r...'*.......
00000210: 5248 dfd0 4f21 d8e5 c5a8 dcee e13a 0e13  RH..O!.......:..
00000220: a023 07ff ce31 3881 8db2 9895 1177 d6ee  .#...18......w..
00000230: 75ef 5611 ded9 3c97 181f 1c99 3f3d e0f8  u.V...<.....?=..
00000240: 02e0 b608 023c e8db 3ed2 d71c d0f6 eb29  .....<..>......)
00000250: e3e3 c3d7 0501 b3e5 2bf1 d4ee 1281 3230  ........+.....20
00000260: ffe5 f5fd 621a 0a01 be31 300b 0e28 f304  ....b....10..(..
00000270: ce1f 242f 07be e416 d80e 40a4 2a4d c22b  ..$/......@.*M.+
00000280: 49e8 bf26 9943 13e4 349a d9fc b1e6 c31e  I..&.C..4.......
00000290: ee41 c0a2 1ee2 96f8 29f7 ed22 1aa3 450a  .A......).."..E.
000002a0: e323 1e16 2dfe ef4b 8b34 1c2c 2d2d dcd3  .#..-..K.4.,--..
000002b0: c621 7f37 f2cf f512 2c99 ca31 f8e3 046c  .!.7....,..1...l
000002c0: 0803 18dc df54 5f10 e0d5 1607 457f ff01  .....T_.....E...
000002d0: fcbe fe52 c918 43d0 d817 0ad3 e05a f2db  ...R..C......Z..
000002e0: 0d3c cfeb b0d0 d41f 58e4 10ec f610 bf4d  .<......X......M
000002f0: 3cea b7d5 fce5 0abe 0cfe e6e5 5967 2b31  <...........Yg+1
00000300: d615 35f3 dce3 04fb 6218 c23e 4e05 0f0c  ..5.....b..>N...
00000310: 19e0 2e0c b264 f903 deb8 3317 21cb 47a1  .....d....3.!.G.
00000320: dda9 fa12 507f 12fd f0ee f211 fdfb 25cf  ....P.........%.
00000330: 30f8 d405 2fcb dea6 8104 1849 27f4 c623  0.../......I'..#
00000340: 2f0f d709 d112 0717 faf2 18f0 ba4a f4d1  /............J..
00000350: 17e5 0e32 ae1f 051e 05e2 fcee dde7 fd1b  ...2............
00000360: ab0e 2301 f69e 3619 2efb b3db 3aee f83f  ..#...6.....:..?
00000370: d4e7 36f9 cf00 d2ff 2cfa 03d1 10fd 55d1  ..6.....,.....U.
00000380: e001 eb32 d4ef 07ee bc1c fb0d 1000 1d0e  ...2............
00000390: 0011 4ad8 01fa 2afa 17e9 2123 0418 02ba  ..J...*...!#....
000003a0: 15f7 f758 0e7f f7d9 0f11 16f6 f737 2bbf  ...X.........7+.
000003b0: 1dde 02c7 1dd5 d6d2 06fa 08ca 53dd ef36  ............S..6
000003c0: ff18 44e3 19d6 f7d1 ef81 c413 e5dc 05ec  ..D.............
000003d0: 0cfa df03 09f7 ed35 2110 25fe 54e0 f41c  .......5!.%.T...
000003e0: df50 e4b1 eec9 e7f4 f7fd 1e13 233b e6f6  .P..........#;..
000003f0: dde8 ce49 21f1 19fd 28ff 23b2 192d 55ce  ...I!...(.#..-U.
00000400: f90a 0e0d e1d7 ffdb 88c7 ea2d f4e3 fb35  ...........-...5
00000410: 2a73 15b7 1d00 034b 2410 1051 38f4 1fc4  *s.....K$..Q8...
00000420: 030a c14a 1b48 01cb eef2 1f05 3332 1481  ...J.H......32..
00000430: d8ee 0d34 0cd4 08da 0a47 5cbb 195e aac3  ...4.....G\..^..
00000440: 3dbc a045 bc1f f513 55e4 f0ff a6c9 ba28  =..E....U......(
00000450: 1635 c4d8 48ea 86d8 15e7 c009 c5e5 1b40  .5..H..........@
00000460: ddea 191a 47fe 0a02 8120 1c28 fcfa d7d5  ....G.... .(....
00000470: fc24 762f fbd3 1f0a f817 ff7b dde1 f836  .$v/.......{...6
00000480: e736 220c 14ed 591b 430e 25f9 0142 05a8  .6"...Y.C.%..B..
00000490: 22e5 0f27 e5f6 54f9 f311 e9c7 de68 ef0e  "..'..T......h..
000004a0: f836 e4ce c2e2 031e 20c7 dcd7 01f8 e67f  .6...... .......
000004b0: 5108 b4df fa3d e720 814a 5d26 ba15 d7c6  Q....=. .J]&....
000004c0: 04af c2f6 0ac0 3723 cc3e 4fe0 f0a2 e236  ......7#.>O....6
000004d0: 2657 ee12 34e9 f117 1e6a f7e1 df2f b65e  &W..4....j.../.^
000004e0: 7cf8 2121 b3d1 ca28 f002 051b 11de 1ce2  |.!!...(........
000004f0: f020 411b d26e 4b38 4810 dc20 140f 3e31  . A..nK8H.. ..>1
00000500: c259 3c3b fa01 13e9 7f06 0a14 0136 22fa  .Y<;.........6".
00000510: f6b8 0e2e 161a 07d1 e0ab dd09 0818 24cd  ..............$.
00000520: e20b d5aa 2b42 1dca 08c5 cddc 121c d476  ....+B.........v
00000530: 16ef eebc 1617 0eff f02b e3d2 0f18 1036  .........+.....6
00000540: 8b2e 3e0a 08c0 f993 e319 e7ae 2292 0cd6  ..>........."...
00000550: 3b46 1903 4e5b ff06 0c1d ab07 1455 00dc  ;F..N[.......U..
00000560: 2ac8 d2dd dff5 1408 f0d1 cb12 3c00 e412  *...........<...
00000570: 7ff4 ec28 f55f d0da f29d c843 f889 134e  ...(._.....C...N
00000580: 3709 0be9 fe14 3d57 e8f5 dfec 3778 61d0  7.....=W....7xa.
00000590: bda2 2d18 81d2 52bf f2f2 68ba 091b d1d3  ..-...R...h.....
000005a0: db44 43ee cad1 be3c 4609 1416 ccf7 f748  .DC....<F......H
000005b0: 1a07 dc93 41f1 e527 cae2 11fe 1222 2725  ....A..'....."'%
000005c0: e7ce f5f1 dafa 2dc8 b812 15ee 2a0a 15f0  ......-.....*...
000005d0: 1f18 4b2a cd57 ec2a 1f1d 134d f71b 10cb  ..K*.W.*...M....
000005e0: 22cf 006e cb16 183a 181f 0d0c 0205 15b2  "..n...:........
000005f0: 2403 002f 1430 e481 0cf2 fae5 eab1 f7c0  $../.0..........
00000600: fd1c e75f e02d 1a2b f61d efdd f610 2e87  ..._.-.+........
00000610: 0894 1936 fff9 e7dd f1d2 13eb e630 2aea  ...6.........0*.
00000620: bf0e 2820 fa3a fadc f132 28e8 fc01 efcc  ..( .:...2(.....
00000630: 6bea e381 16e1 dacd 9605 3c39 cbf7 d2d3  k.........<9....
00000640: 3c04 0604 ffd8 1f36 e07f 08b9 2b3c 5188  <......6....+<Q.
00000650: 070c 0851 e53d 0f07 3d66 1c16 ab37 e432  ...Q.=..=f...7.2
00000660: 17d5 276e bad1 fe3f 021b e006 ff93 19cc  ..'n...?........
00000670: 72ea 222b 0e3f f8f5 06aa 0d07 c8ea 38d7  r."+.?........8.
00000680: 36d3 10aa ee2e e12d ac5b 1214 3e00 2a0b  6......-.[..>.*.
00000690: 03f8 4013 e614 400c e145 0616 0f5b 02b3  ..@...@..E...[..
000006a0: f920 007f 9814 2011 4939 2f1e acb0 088d  . .... .I9/.....
000006b0: f3b9 e903 1707 b587 04f5 23ca 22bf feef  ..........#."...
000006c0: e6f6 dd63 f7e9 1e16 c6b9 02e8 ff0c 0add  ...c............
000006d0: e7ca 02e8 08cc 1fc3 441d 2281 232f ec52  ........D.".#/.R
000006e0: 2465 33f2 2436 b0ff d920 3dfb d539 f229  $e3.$6... =..9.)
000006f0: 5e13 00c7 05ea 0921 ca07 fd66 eaeb 08fd  ^......!...f....
00000700: e81a 4fce 34dc 0603 fdf2 4139 0bfe d92d  ..O.4.....A9...-
00000710: 0418 2d35 ca48 227f eaa8 23eb f526 e7d5  ..-5.H"...#..&..
00000720: 941e b6f7 bffa 62c5 7ba1 90be 38f6 1f37  ......b.{...8..7
00000730: a9e0 e307 bc5e d9dd 2fea e9de 0eef 51f0  .....^../.....Q.
00000740: e020 1731 eaff 15f2 c6fe e42b ed07 18fb  . .1.......+....
00000750: ee01 26d7 12f0 1cf5 19e6 122b 0c27 3dd4  ..&........+.'=.
00000760: e611 e428 177f 0fc8 f6fb 09f8 0612 1cdd  ...(............
00000770: 08fb f2ce 1002 d6d4 13bf 0acb 3505 fffe  ............5...
00000780: 4fe8 c81b ea35 e6d9 28f7 e2ff 05fe f808  O....5..(.......
00000790: c8e8 f6e0 b5fa d3fb 1ab4 0ef6 3981 38cd  ............9.8.
000007a0: d700 2516 52fe 051b da67 2436 ea28 fd09  ..%.R....g$6.(..
000007b0: abfa fdfb 18a9 b614 200b 0210 cec8 7fbd  ........ .......
000007c0: e103 46fc 3faf 201b e215 1efa 14c8 16fa  ..F.?. .........
000007d0: 180c 4203 24cf 621b 024d 3ed2 1857 f3f2  ..B.$.b..M>..W..
000007e0: 0e45 0621 c348 cddc 40fd f3fa f507 23d2  .E.!.H..@.....#.
000007f0: 42cf c2cf fe49 f2fc ebca c373 a00c 2910  B....I.....s..).
00000800: 0dec 52e6 2cdc 76ef 7fed 6b11 0208 313b  ..R.,.v...k...1;
00000810: 5710 a647 355b 4106 0159 3708 1b53 1ae1  W..G5[A..Y7..S..
00000820: 2d63 d4ac c6b0 2735 50d2 d0f9 21cf b177  -c....'5P...!..w
00000830: f0cb f61a e25e 28d9 23ef dbe1 0fe4 3106  .....^(.#.....1.
00000840: b4fe 050c 08d0 d1dd 8106 031c 25cf 0620  ............%.. 
00000850: 1020 2ef3 0809 2515 25e5 0351 0729 17bc  . ....%.%..Q.)..
00000860: 26ef d709 fc3b 28d7 09e4 0ce8 0f16 00fc  &....;(.........
00000870: 2806 f714 ff16 f0b6 d93c fd69 dc26 2845  (........<.i.&(E
00000880: c936 5208 0ac2 0ab1 4bb2 4916 fcf5 01a9  .6R.....K.I.....
00000890: 6e00 2262 6a45 6a76 0301 f019 ea7f d5df  n."bjEjv........
000008a0: e737 e2d8 82e0 18d1 4eb7 8bae 03d6 0937  .7......N......7
000008b0: 4aac b601 e665 45be 48ea deb9 002c 16d7  J....eE.H....,..
000008c0: cf46 0902 13dc f7d6 a3cd d826 08f8 e913  .F.........&....
000008d0: 0d21 fed4 2f0d 0011 1506 c87f 20e1 12e4  .!../....... ...
000008e0: 270b aafb 2ded 13cd f3d4 0ef5 314a e5c7  '...-.......1J..
000008f0: e115 f42e 0ed8 fd00 37fa 1f99 1202 f622  ........7......"
00000900: 0403 0825 ee03 f9cb 18b6 cf05 e3d9 17fa  ...%............
00000910: d705 e4e2 2bfb c5fe 2512 10f7 3fd7 282f  ....+...%...?.(/
00000920: 1f26 faeb 13fd dd19 813e 2337 f627 f0d1  .&.......>#7.'..
00000930: ff34 2232 19e9 21e3 0bdb eac3 f61e e904  .4"2..!.........
00000940: c808 11f5 f0d3 efaf a715 e001 1ac4 1009  ................
00000950: 2b1e 0e0f 0c46 e411 0a0e e753 0c01 20ed  +....F.....S.. .
00000960: 47be c512 0bdf 32fb e6ec 0424 1409 dfc2  G.....2....$....
00000970: 0afe e642 0edb ec81 2ffd f4e4 2826 1398  ...B..../...(&..
00000980: f104 1aba 0d1b df3b aa6e fb5c 18f2 e45c  .......;.n.\...\
00000990: b914 7f1a 8baf 0a06 a2c0 11bb 0c06 e1b4  ................
000009a0: e6ce 1a54 eae4 e3f5 425f 4837 c8f9 6e92  ...T....B_H7..n.
000009b0: daeb aee2 21bd 1405 0af3 70e3 4c64 adc1  ....!.....p.Ld..
000009c0: 49e4 840d da30 0515 0f1a fb0c a70c f103  I....0..........
000009d0: 0ddf 11df e40c 8af3 0514 c3ed f9ae e935  ...............5
000009e0: f101 6363 21c0 fe38 9f7f 5237 d207 17a3  ..cc!..8..R7....
000009f0: cfff 1dfc 288d f0ec 1bda d9fd d3f7 b72f  ....(........../
00000a00: 271a fe3b 093b d254 324b aceb 3675 1086  '..;.;.T2K..6u..
00000a10: fac5 a84c 0a24 c881 f806 db1b d7f0 0a68  ...L.$.........h
00000a20: 189c 1ba6 39cc 2314 b4de ffe9 08b8 a944  ....9.#........D
00000a30: 575a 0a2f 28e2 49f7 42c2 9a68 db81 5319  WZ./(.I.B..h..S.
00000a40: e42a 551a 20da 211c f20b 0ddb 5032 51a7  .*U. .!.....P2Q.
00000a50: 24b4 0538 07df 58cb dce2 450c 154a 14ad  $..8..X...E..J..
00000a60: fafd e2c2 c757 0de7 45d9 11fb dbdc ff42  .....W..E......B
00000a70: 3ef9 8e86 202b 120c b943 7ad1 197f aeee  >... +...Cz.....
00000a80: ffe4 ce11 d8fc e2c6 18dc eeea bcaa 941b  ................
00000a90: 4364 deed 4a23 974d 2533 b82c ec03 f63d  Cd..J#.M%3.,...=
00000aa0: 08d6 e529 08ec 1bfe ac0c e80a 1fff ebcc  ...)............
00000ab0: f008 4662 ae0a 02dd c73a 7fea 3b6b d6c7  ..Fb.....:..;k..
00000ac0: 280d d814 cd00 f7ee eadd 021a a2e9 e726  (..............&
00000ad0: 082a 15cd 00ff e93f 291c fcfe 10e2 f33a  .*.....?)......:
00000ae0: df09 f34a 21fd f6ef 1628 11ff 2828 42d1  ...J!....(..((B.
00000af0: d6dd 113c fbc4 f110 0a12 fbf8 3cf3 17a1  ...<........<...
00000b00: 17db b9fd 1119 ef0f f97c 23fe 1bf0 0b4c  .........|#....L
00000b10: c2e3 6fcf 81ab 2cfa d3dd 1caf ffdf d1c7  ..o...,.........
00000b20: d8f8 4b53 251f f1fe 3842 3a07 e7da 2cff  ..KS%...8B:...,.
00000b30: cdf6 f398 ddd2 a95d 631b 2b85 4f39 22e0  .......]c.+.O9".
00000b40: 9335 0d60 03d1 ed9c 00c0 b24d bec6 ef07  .5.`.......M....
00000b50: 0b00 2592 3afe db15 3ec0 df19 44e9 5e0f  ..%.:...>...D.^.
00000b60: f022 9d1d 387f 30a7 8d1d 30f2 f453 0acb  ."..8.0...0..S..
00000b70: f50a e100 18c3 d5a2 28d3 00f6 4711 360b  ........(...G.6.
00000b80: 36ec ccf1 c355 cf01 fe26 f120 f932 dd1a  6....U...&. .2..
00000b90: cbde 3de2 a8dd 09fc d2bc 10e0 e417 f2a0  ..=.............
00000ba0: 8119 5a79 d926 f508 1a58 16cf d0e0 0914  ..Zy.&...X......
00000bb0: d8c0 ebaa 14f7 9cd5 3de2 b60f e9c7 7733  ........=.....w3
00000bc0: 0204 2df8 cd1d 170d f0f2 d9f5 432b 3bf7  ..-.........C+;.
00000bd0: ebeb 2cdb c6cb 48d0 bfcc 3ef0 3410 f881  ..,...H...>.4...
00000be0: 1419 0c1a e647 ce04 432a 1be5 f927 0b03  .....G..C*...'..
00000bf0: 00f4 f999 52cb ef11 cf75 4d44 c738 1d32  ....R....uMD.8.2
00000c00: ee3c df21 81f0 45be 1199 5ace e703 27cf  .<.!..E...Z...'.
00000c10: 521e 589c 32eb 4235 00eb ff09 45fe 0c9d  R.X.2.B5....E...
00000c20: de44 386c af7b fee4 0411 ace3 2948 4ed4  .D8l.{......)HN.
00000c30: 40b3 7ab4 21eb 2e11 22dc 0308 f709 9d20  @.z.!..."...... 
00000c40: 3c26 f552 d61d 1f35 2409 c5fb 0a6a 06b4  <&.R...5$....j..
00000c50: fcd1 b701 fffa 0081 1811 f9db fdee 1552  ...............R
00000c60: 1fea d6c7 44f5 ee02 cff3 1cff e6f7 bc2b  ....D..........+
00000c70: 672d 05fc 46bd 2327 cb12 f050 e0de c625  g-..F.#'...P...%
00000c80: 14d7 08df f011 4e09 18f6 7fa8 dcca e1ff  ......N.........
00000c90: 2016 a53c 371a d21c fa51 f401 ca47 dd38   ..<7....Q...G.8
00000ca0: 3b0b 1dd4 b196 fb50 f4e6 ec26 08be e305  ;......P...&....
00000cb0: f92e 3901 ba49 3554 3e22 0ac6 fa40 3b4b  ..9..I5T>"...@;K
00000cc0: ed7c 6d05 dbfc 22d5 53b3 e716 d21b 06d3  .|m...".S.......
00000cd0: 3c13 10f8 4d22 fe3c faf3 dc25 4563 78b5  <...M".<...%Ecx.
00000ce0: b54d 8e03 c874 46cf f5dc c1d2 0805 f0e4  .M...tF.........
00000cf0: 50ff da2a fd2f de81 f32a 2518 dfff 94f8  P..*./...*%.....
00000d00: 27e9 de0e 461c dc02 7cf9 fa08 c1f1 c934  '...F...|......4
00000d10: f0ec 8835 f611 a3fa d001 ca9e e6fa ce7f  ...5............
00000d20: cdf4 dfc7 27d6 0c01 ac05 d9fc 21f9 e23a  ....'.......!..:
00000d30: ff1a 2852 d500 05d9 d5e8 7a29 3f11 edc8  ..(R......z)?...
00000d40: 1ccf d623 e8e0 f2f6 dc09 d91c 1229 02be  ...#.........)..
00000d50: e925 49f0 9f0a fc1e 5713 2747 afed e01b  .%I.....W.'G....
00000d60: 62ef 2e78 e02f dd1f cf7f 4900 0964 698f  b..x./....I..di.
00000d70: f4d9 3717 49ce 35e9 fd38 05f5 2d49 aade  ..7.I.5..8..-I..
00000d80: 25c4 b013 e62f 0410 7f25 1709 ead7 9846  %..../...%.....F
00000d90: f821 edff ecf1 9de4 d3ba eccd bed2 f023  .!.............#
00000da0: d8ae 1506 44e7 fd30 c31e 0cf4 15e8 111c  ....D..0........
00000db0: e020 2f13 dadb f548 2714 05c2 fb18 fbe6  . /....H'.......
00000dc0: c727 47ed faf3 e6c7 b2fa fe0f 0bc7 2629  .'G...........&)
00000dd0: 393d 0bd9 3a44 e71f e41c ec74 3af5 2ffe  9=..:D.....t:./.
00000de0: 60e5 8109 2df7 21ea f3c5 2335 1638 fb99  `...-.!...#5.8..
00000df0: 38fa dd40 07b2 0dd3 de3b 352e 32fb eebd  8..@.....;5.2...
00000e00: 152e f310 0902 e7d3 a451 fff6 08d9 34f3  .........Q....4.
00000e10: 04f7 7fb4 c3be 382a ebd9 f60d 10f2 d6e8  ......8*........
00000e20: e405 e335 e11c 11e6 1938 190b ee0c 2db8  ...5.....8....-.
00000e30: ffcf e2f4 08d6 f01c 10b4 f31a 47bf e433  ............G..3
00000e40: 1e34 27f1 1c2b 0d27 0de8 b930 0b6e 2dde  .4'..+.'...0.n-.
00000e50: d099 1e4c 8100 110c 03e5 28df fe2f 0900  ...L......(../..
00000e60: bb10 e6fd eaf9 08f2 2f14 ffe6 07e4 e823  ......../......#
00000e70: 01dd bb07 38ea d9eb dd0e 4419 53c5 c3c0  ....8.....D.S...
00000e80: 2fda e501 3516 d248 a81d fac4 ffe8 113b  /...5..H.......;
00000e90: cd18 32ed c2a5 f2f3 e323 d7b4 09d9 cc0d  ..2......#......
00000ea0: eb15 5328 0aae c1e8 3131 6729 08fd 38a5  ..S(....11g)..8.
00000eb0: dd0e 12f3 2bbe 117f fb0a 0ce1 01e5 66f0  ....+.........f.
00000ec0: 35f7 c919 d616 cdd1 23d0 1409 b9f7 e2fb  5.......#.......
00000ed0: e82e 37ba f1c4 431e 4bde 46d7 0c00 10b3  ..7...C.K.F.....
00000ee0: fd59 7444 037f cb12 f94b ecd1 f216 533a  .YtD.....K....S:
00000ef0: daa0 f5ba c523 c800 2eb4 bd27 11c9 2a57  .....#.....'..*W
00000f00: f716 4cf6 f621 0fdf 21e6 03e7 4c7f 7ef9  ..L..!..!...L.~.
00000f10: cedf 1c23 a9fe 49d9 bfec 27d8 0d08 c6c4  ...#..I...'.....
00000f20: 1445 ddbd 05dd c4fb fbd5 23dc 0672 cd72  .E........#..r.r
00000f30: 13c6 e3e1 51c4 16f0 9f37 6ad7 2a7f 03bc  ....Q....7j.*...
00000f40: 3bcf e2db 06e0 b7db 0eee 0cf7 a4bc ab07  ;...............
00000f50: 405d 0512 2e0e c759 2d56 e14c d014 07eb  @].....Y-V.L....
00000f60: cbed f74a ecc4 12d6 260b b3f9 27fc 0893  ...J....&...'...
00000f70: eebd 3069 cb2a d3d1 781f 2ad9 eccc 17f4  ..0i.*..x.*.....
00000f80: c2f6 ce7f 1703 11f0 36cc 08e9 01e3 091e  ........6.......
00000f90: d7f8 d3db 55ba d6f8 e608 1c8c 30e9 0931  ....U.......0..1
00000fa0: 3116 18cc 4157 cded b5e7 4d1a da56 0fea  1...AW....M..V..
00000fb0: 144b 3300 f9ed 6023 05f0 ee42 db31 bf0f  .K3...`#...B.1..
00000fc0: 062d 190f e413 5022 7f32 22f7 db22 cae6  .-....P".2".."..
00000fd0: 110a cf35 193c cff0 d711 d1fd 9f40 0641  ...5.<.......@.A
00000fe0: bff6 ec15 f89d 2d28 bfb8 aef4 22da bb3f  ......-(...."..?
00000ff0: 261c 3106 ed40 04ed f608 5ea0 44ff 03ee  &.1..@....^.D...
00001000: 2ce4 ff30 dd01 1dc9 0193 e7f0 b4dd 0909  ,..0............
00001010: d749 eda7 10b2 c63f 4f1f 3ccd 4dc9 2915  .I.....?O.<.M.).
00001020: c376 3920 1f08 bdfe 923d 3c7f 113c 248d  .v9 .....=<..<$.
00001030: bc24 5331 3ed8 23f4 f056 69c8 f84b dcbb  .$S1>.#..Vi..K..
00001040: b700 e64e e7ba 23c5 a982 e8ec caa6 a41b  ...N..#.........
00001050: 3d5a e09f 7fde c94e 2d18 c109 3b12 0f22  =Z.....N-...;.."
00001060: 364a dd16 0319 f2c6 d4e9 1401 2f6a 119b  6J........../j..
00001070: 0817 4621 cce9 3c08 cf33 1fe4 1d0d 3dda  ..F!..<..3....=.
00001080: d224 ac78 fa01 05ca e2e7 e7d9 8fd6 08e6  .$.x............
00001090: dc02 1ec9 1703 0dc4 4d30 1eee 1ed8 2a15  ........M0....*.
000010a0: d418 fd1d 477f d0f4 c637 20f0 fe47 54f5  ....G....7 ..GT.
000010b0: 2aed ffa1 e4ec c4fc 01d8 c97e 15f8 071a  *..........~....
000010c0: 0104 d7fe f660 312f 404b 3c10 f76e f9f8  .....`1/@K<..n..
000010d0: dba8 2872 91f5 1bec d8af 01c4 c410 f1fd  ..(r............
000010e0: d707 fb0d 12d0 1309 3f06 d2ce 0fd7 f37f  ........?.......
000010f0: ee00 dca8 fcfd e729 74f6 f1b7 2912 ea23  .......)t...)..#
00001100: d504 3630 e5d5 fe90 e394 a431 f9be f3f8  ..60.......1....
00001110: 2c13 ecb6 1a23 ae2b 08c8 f60c 55a1 5f1c  ,....#.+....U._.
00001120: 241c cbc5 132f 0028 84e6 1633 e673 f6a9  $..../.(...3.s..
00001130: e43c 117a 2b81 7696 bcf1 013e efeb b627  .<.z+.v....>...'
00001140: 23ee 01db 0804 1b24 2d09 21cf 0c18 0ce2  #......$-.!.....
00001150: 0c04 bb4e fa14 fedc 045b 00e8 d112 d358  ...N.....[.....X
00001160: 31f2 12cd ee81 ed44 f2f2 f920 fccf c82e  1......D... ....
00001170: 2512 0534 ff10 1f37 bbff 34f3 1f08 c1f7  %..4...7..4.....
00001180: 07e4 de03 07da 1cfd 05cf 46ee cda5 0546  ..........F....F
00001190: 2740 b70b 4cf6 db3c 3d7f 0af3 16f5 d05f  '@..L..<=......_
000011a0: 2526 2afb 01a5 d53b b713 2159 15fe fdcd  %&*....;..!Y....
000011b0: f8e9 365c e012 3513 ecff ce2e 02cf 297f  ..6\..5.......).
000011c0: d24f 3b03 06e8 fade 27bf 02de fb06 0fbf  .O;.....'.......
000011d0: 22ee 0b33 f21c 310d dfe7 e314 054f f5d1  "..3..1......O..
000011e0: ca2d dcc7 b304 1bee 27aa adc2 2306 ee4d  .-......'...#..M
000011f0: 41dc c90d f426 f8d7 3afe 62c2 30c9 2b0f  A....&..:.b.0.+.
00001200: b726 2030 fc87 11d8 90b9 e8dd f1bb 770e  .& 0..........w.
00001210: bb3f 55ce dace e47c 0fc8 401b 6ddc eaa8  .?U....|..@.m...
00001220: 7139 fd1d 0d0f d4d9 dd0b 2a34 f544 3584  q9........*4.D5.
00001230: e552 f0e8 7fc8 11de 55bc b63c e9bd 3e45  .R......U..<..>E
00001240: a40a 7ffa 5bd6 f4e0 c501 fb46 4d3a 1c04  ....[......FM:..
00001250: b7f7 204a cf10 3937 cec7 19f1 083c 06bc  .. J..97.....<..
00001260: 0f22 ca9f f807 18db 41a6 decc 2b3a fd54  ."......A...+:.T
00001270: e714 a4fd 0156 3ab4 a6e1 bd4c e0e9 ed2b  .....V:....L...+
00001280: 42e2 538b 0f05 fc08 5cfb 3abe 2820 20bd  B.S.....\.:.(  .
00001290: 21e3 b151 f97f 160b fa30 3432 d6d7 fdd0  !..Q.....042....
000012a0: 1de6 27b2 c7a9 2539 16e0 c8fe 27d4 d84a  ..'...%9....'..J
000012b0: d9ed e303 ee53 0002 eeeb 0bff 050a 14c9  .....S..........
000012c0: 07f2 c7ed f9ea 00fe 811e 2201 fcf2 f935  .........."....5
000012d0: 1f2b 1615 f8df e331 1123 1e11 d92f bded  .+.....1.#.../..
000012e0: f0f1 0c55 f4e3 ddf9 170c fefe 09e2 0da4  ...U............
000012f0: f2fe 0be7 f2ee 01f7 3b17 0e81 2c00 249a  ........;...,.$.
00001300: d907 022c 03e7 b9c2 a0f5 d414 f6a9 fd23  ...,...........#
00001310: e83f 12c7 21ea d216 29f1 071a 59c9 05e9  .?..!...)...Y...
00001320: e908 e739 510d 14c1 dc20 0c12 173c 1c91  ...9Q.... ...<..
00001330: cd13 f60e 07c6 fbf1 6b3b 0fb0 0ef1 26ad  ........k;....&.
00001340: 13ed 1f1d 10ef c8d8 e4f6 fa42 15b5 c935  ...........B...5
00001350: e40c 23bb fccd d644 06c2 16f1 2707 1bc7  ..#....D....'...
00001360: cd27 ea3f fc7f 05ad 0b04 f8c0 f40e 29b5  .'.?..........).
00001370: b9ec fef8 c1f0 bcd5 260a 14b0 233d 1828  ........&...#=.(
00001380: f12a ebfa a6fc 14b9 aa81 ecf5 d6eb 1f20  .*............. 
00001390: 2b33 09ba 1004 122e 0c32 2543 7cd6 07be  +3.......2%C|...
000013a0: f245 d01f 00c6 dbf3 f715 4a21 2229 f6aa  .E........J!")..
000013b0: d202 1704 2591 0028 0b04 faec 1ef6 2bd6  ....%..(......+.
000013c0: e33e cc71 f5ed 652c f4dc 0403 defb f7fc  .>.q..e,........
000013d0: fdcf 38a7 ffad 4dc7 402e 06b6 2441 0829  ..8...M.@...$A.)
000013e0: f767 0c0c 3763 c1f0 0505 3d0c f20f 1050  .g..7c....=....P
000013f0: 4d20 c581 ba13 a57a eef4 7fa8 3147 ff94  M .....z....1G..
00001400: 69d8 9ad0 d143 d014 0329 100e c5e1 ed78  i....C...).....x
00001410: c959 15b7 d1e3 9302 e82e e30a 1993 22f5  .Y............".
00001420: bce7 1675 2cc6 09d7 f36f 2b55 0bb1 f389  ...u,....o+U....
00001430: 8ce1 4e17 d6a5 9a1e 0410 15e5 44d3 131d  ..N.........D...
00001440: e33e 5e38 12ab f9e9 0081 b215 f71a 11b4  .>^8............
00001450: 2ad1 cb17 2a1e 2711 5909 1f1f 1f18 132a  *...*.'.Y......*
00001460: d253 b4cd 12f7 07cf dfdd e9d7 072e dfea  .S..............
00001470: 4dff a446 35fa 1efd f3ff ef04 2ebe 26ee  M..F5.........&.
00001480: 1fde f125 0710 f347 1c24 ece6 0432 1fdd  ...%...G.$...2..
00001490: d397 1f04 c6c9 1fbe ecee 2ea7 f6f2 ddf6  ................
000014a0: cfff 7f08 22f8 c90e 0733 2307 cd15 2b1e  ...."....3#...+.
000014b0: 2310 f8a2 33db e440 04fa 2517 b016 1657  #...3..@..%....W
000014c0: 0108 6efd daed 4be0 de81 f3e3 1316 efd0  ..n...K.........
000014d0: 2765 cc19 3c6a cf34 2124 394e 0a3d fbf8  'e..<j.4!$9N.=..
000014e0: 2217 fbef a9d3 fd2a e691 c6ea 377a f0b6  "......*....7z..
000014f0: 5916 4b5a 2331 3aa1 0137 0313 1244 f9e5  Y.KZ#1:..7...D..
00001500: f224 df0c 0bfd 0a15 7f3c 1e50 c704 9f23  .$.......<.P...#
00001510: ffde 2d03 ef01 e00d c6ba cedc a927 020c  ..-..........'..
00001520: a007 d514 1022 3cc6 1ad4 bcab 07d3 0350  ....."<........P
00001530: e308 f5e2 bb1e cf04 e026 f849 de1a fb2e  .........&.I....
00001540: d613 edda f3fb 3d0a 4c40 50e7 f1ff 0506  ......=.L@P.....
00001550: 34f2 115e 0205 1918 ba3c ccee b67f f5fd  4..^.....<......
00001560: 2ff0 f00e bfc1 f444 3edd edd4 33ba ee30  /......D>...3..0
00001570: 3704 de04 d64e f625 00f2 b338 08a6 d666  7....N.%...8...f
00001580: bf0f 6103 1af0 0dda 0907 20d5 5f02 1fcc  ..a....... ._...
00001590: eddb ea7f 0323 22f0 dde4 01d3 df57 da06  .....#"......W..
000015a0: 30f5 f099 d4db fa27 079e d5fb 0002 d464  0......'.......d
000015b0: 5d0f da0a 004b 4cf2 e026 1f25 cd36 ecaa  ]....KL..&.%.6..
000015c0: 3ee0 f7bf 06e5 de45 147f 1ff9 e2bf cb3b  >......E.......;
000015d0: 313d f055 1416 e235 e041 df07 af58 b815  1=.U...5.A...X..
000015e0: dbe9 105b bfaa 2be2 3412 c5d3 fa92 08ea  ...[..+.4.......
000015f0: e4ce 0429 9a2b d7fe 4002 0f04 30e1 fabe  ...).+..@...0...
00001600: b813 60f4 55ab d607 18bb c557 f3f0 f21f  ..`.U......W....
00001610: aad3 e8c4 c0d9 ef18 189f 3e92 02a4 ee7c  ..........>....|
00001620: 0f0e c089 2ee5 0eb8 ddd1 fc2b f06a 16f1  ...........+.j..
00001630: bd0c 8160 43b1 3f0c 10c5 f1ed 4119 28f2  ...`C.?.....A.(.
00001640: 27e0 b5f9 ed2b 0f06 2a15 da17 0147 2509  '....+..*....G%.
00001650: b8b7 25c9 8104 0dcb 22d9 03f6 25af 3df8  ..%....."...%.=.
00001660: e5f1 2b46 4811 ee23 f84d 3025 b9f8 0b3a  ..+FH..#.M0%...:
00001670: e6f7 efd2 06aa b308 03ef bf5e f5fb 297f  ...........^..).
00001680: de08 54c5 0811 34d9 2bfa 2fef 0e19 1603  ..T...4.+./.....
00001690: f904 093d cb28 1d40 e9f8 1602 fa38 f3d6  ...=.(.@.....8..
000016a0: 0e14 e1d9 bfcb f746 22e4 d2f7 13c8 f95c  .......F"......\
000016b0: 1204 d209 174a 1c18 e2f5 d24d 2ef5 fc7f  .....J.....M....
000016c0: eb6b 75e7 f5e5 39ea 39d2 22f9 15f6 12bd  .ku...9.9.".....
000016d0: 2dd9 2569 d446 2b3f e407 0cf7 1268 09f1  -.%i.F+?.....h..
000016e0: c755 d2d3 9be6 1e23 38c2 ccd1 2c05 dc54  .U.....#8...,..T
000016f0: 5ae3 aaf8 0246 edf6 28fd c938 ec41 e1e2  Z....F..(..8.A..
00001700: f0e6 eafa 2055 2136 7f62 4d1d ec2a aa52  .... U!6.bM..*.R
00001710: fae8 cd33 e601 cf01 a2c9 bf04 9728 0c0f  ...3.........(..
00001720: d6bd e0e3 2cf5 2ce3 2dc6 d2e1 1cdb e147  ....,.,.-......G
00001730: c911 17ef cc2b f00f 06e6 2306 1be5 29c8  .....+....#...).
00001740: 32c0 b5fe d514 ef0a cf47 0bf2 06ff 37eb  2........G....7.
00001750: 0019 64ed b2e1 10fc f7de 443f e5df dbb0  ..d.......D?....
00001760: 03c0 5079 1649 e505 0046 2d2c e61d 4281  ..Py.I...F-,..B.
00001770: f1c3 27d4 2dcb d810 bf6f 1af4 5111 1104  ..'.-....o..Q...
00001780: 0033 915b dd10 d6b2 1d1d f9ce c734 d288  .3.[.........4..
00001790: cfd8 71d4 b115 4dc4 1f9b d4e1 e08d fcbd  ..q...M.........
000017a0: e8f4 7f34 4234 0ae2 1e62 c7d1 dd69 6c50  ...4B4...b...ilP
000017b0: 0fbc 0f90 3ad7 abf8 dae0 02ed 0226 ed21  ....:........&.!
000017c0: 14f5 31cc 05f3 f8d2 12f1 0ffc f3e7 c503  ..1.............
000017d0: 2138 c729 0249 b642 02f0 0d2f e100 f717  !8.).I.B.../....
000017e0: d419 effb dc81 2524 e5e1 c91b 23e4 d4de  ......%$....#...
000017f0: c50f 185d 0f27 1da2 40e3 a237 f3cc 1978  ...].'..@..7...x
00001800: f646 7ffb 280e 2906 50e1 cbfc 2f43 34c3  .F..(.).P.../C4.
00001810: efb1 f823 fc19 41da dfe7 1be3 1c4d 0bed  ...#..A......M..
00001820: d82c d3a0 c6f7 0511 12c5 dbec e011 d263  .,.............c
00001830: 3ffa aae7 3730 feda b21d 1048 034a f236  ?...70.....H.J.6
00001840: c347 34e6 18e7 e9ae 1e26 14fd fcf4 f3c4  .G4......&......
00001850: 3f16 3823 fe77 1b29 fd16 d242 b629 1115  ?.8#.w.)...B.)..
00001860: 22cf 830a c4dc 491c 1da6 81da f6ee ef35  ".....I........5
00001870: 4dec c94e db4f c6b2 fbd4 cff5 eef4 3474  M..N.O........4t
00001880: c725 53e8 f0d3 e9aa c6c2 e5ef 3005 e181  .%S.........0...
00001890: 3033 0543 2773 4241 23fd 2453 ea6d f9e3  03.C'sBA#.$S.m..
000018a0: 2919 e2da 9bf7 2ff6 09aa 9eb0 1012 e31b  )...../.........
000018b0: 70f3 cc33 2739 f883 fe12 a07f fd9a 4664  p..3'9........Fd
000018c0: 011c 5de1 2e00 511b 6f14 37fd 1816 40d4  ..]...Q.o.7...@.
000018d0: 15d6 ee57 c211 48ef c307 3fe5 db5c e1ed  ...W..H...?..\..
000018e0: eb33 efc6 ccfc ee2a 4cc8 a400 f9e7 f345  .3.....*L......E
000018f0: 4aef c0e0 f93a fc0c df25 f7e0 6c37 c5bf  J....:...%..l7..
00001900: 09d3 d0f2 2a30 ed05 7306 0337 c3eb b975  ....*0..s..7...u
00001910: d5ab 4bf0 abca f618 d7b3 d7a7 feb2 ed3f  ..K............?
00001920: c23c f1f4 53f6 fdd0 2d23 01e8 0404 0177  .<..S...-#.....w
00001930: 81c5 cedc d2ca c040 e3d8 1acd 2547 ed1b  .......@....%G..
00001940: 0835 fd01 d1cf e68c eaa0 fd20 d9f9 dfea  .5......... ....
00001950: 0d2d 0dfa b77b e048 38bb e85f 1f81 feec  .-...{.H8.._....
00001960: 1104 b9f4 23b7 5b0e f212 e320 3754 e13a  ....#.[.... 7T.:
00001970: c405 0052 04cc ec9c eacc 1cf8 6ff7 cc0a  ...R........o...
00001980: d9f4 0bf5 eff5 50bc c29f 5e5c f4e5 0f2f  ......P...^\.../
00001990: 111b 2f23 962f 1c55 3ff9 44eb 30b0 0bf9  ../#./.U?.D.0...
000019a0: 087f e615 2db1 510b 1f08 0116 3037 fd35  ....-.Q.....07.5
000019b0: cd0e f226 20d3 eec0 0625 120c b440 f8d9  ...& ....%...@..
000019c0: eee8 dd57 bb1a 54f6 7f05 34fc bbfb c919  ...W..T...4.....
000019d0: 0e42 bff9 78fd c715 f419 c815 f624 5211  .B..x........$R.
000019e0: 0017 f012 060b 1716 b4fa fbf6 3a22 daf4  ............:"..
000019f0: 051e 75e1 d823 3b03 24d8 16f8 aa0c e74a  ..u..#;.$......J
00001a00: 0706 361c e40e 511d e4c8 f0b2 3825 11be  ..6...Q.....8%..
00001a10: 2d2e 01e9 0a54 e91c e83b f5f5 f152 0dfc  -....T...;...R..
00001a20: 2a02 fe11 abf4 f92d cadc 03c9 2600 de10  *......-....&...
00001a30: 7f53 1808 0f2a 22d7 04ef f02c 8105 3fbe  .S...*"....,..?.
00001a40: bc1b 3de5 15ae 2907 e407 472a e4ed 0531  ..=...)...G*...1
00001a50: 2f29 e925 4a02 2c44 e546 1cd5 fc5b d711  /).%J.,D.F...[..
00001a60: 1d3a f6ed d9e9 08f7 30ac d1d5 28f3 fdfb  .:......0...(...
00001a70: e014 1825 0540 43e3 0aed a658 e6ea 4d63  ...%.@C....X..Mc
00001a80: 1c37 53d9 02d7 4cb1 4bf1 140b 2411 18b0  .7S...L.K...$...
00001a90: 4af7 f351 0531 4b37 f5f8 190d 1d6d 06c6  J..Q.1K7.....m..
00001aa0: c857 caef 81d4 0e2a 26ac b7d2 09d3 e051  .W.....*&......Q
00001ab0: 09d0 aff6 eb43 dda6 541d 2aeb f92b 87f9  .....C..T.*..+..
00001ac0: cbfd 25fc 252d fd32 d011 d14f fff1 2ed6  ..%.%-.2...O....
00001ad0: dcb9 e6d4 4fea cdf4 ea4f b0ee 273e 2c41  ....O....O..'>,A
00001ae0: 52d2 d7d2 0a1c e604 161e 7fc7 1d68 edc1  R............h..
00001af0: 4735 e528 55ec 5f1c 66e8 aace cad6 3570  G5.(U._.f.....5p
00001b00: f8ff 470c 05f0 28ef 740f 0d07 46e5 20a8  ..G...(.t...F. .
00001b10: cc28 ee18 0739 eedc d6dc 31dd 0ae9 3afc  .(...9....1...:.
00001b20: 2208 18a8 1cfe 122e 8111 fd2c fdf3 c020  "..........,... 
00001b30: 1f5c 330b 3225 47d3 ca12 26a5 377f e0e3  .\3.2%G...&.7...
00001b40: 2ee4 d8f7 b3e7 03ec d6a6 01fe c0ca d25e  ...............^
00001b50: 387a d1be 362c b144 2d21 0340 28d2 1b15  8z..6,.D-!.@(...
00001b60: ca0f 123d 10ec 0419 da0d 0912 3afd f895  ...=........:...
00001b70: d91f 4d5f efc4 09ec ad15 500a 382f 3522  ..M_......P.8/5"
00001b80: 0ed9 b52a b8f8 2cd2 be08 feda d73e 0fb5  ...*..,......>..
00001b90: 3719 5df9 0010 1008 24ee 1aeb ca22 0bc1  7.].....$...."..
00001ba0: 1403 757f d957 e61f 254d e7b2 2a08 41ef  ..u..W..%M..*.A.
00001bb0: 37ee 2dcb 5efe fcb5 2ddc d041 ff44 7f4e  7.-.^...-..A.D.N
00001bc0: d727 4cde caac 4bed 47ac 1e39 ed31 dc06  .'L...K.G..9.1..
00001bd0: 7f09 f616 3a5e 41ee e9d1 f733 fcf7 2aad  ....:^A....3..*.
00001be0: 08e4 eac4 ea17 15e2 3090 edf7 2554 e531  ........0...%T.1
00001bf0: 19cb d600 451b 47bb 6be4 93c0 2df5 1142  ....E.G.k...-..B
00001c00: bee3 4cd0 0742 afc0 5912 da1f 2710 ecf5  ..L..B..Y...'...
00001c10: bb81 df54 b443 e4ce cca3 fcf1 e4f3 0edf  ...T.C..........
00001c20: e0f2 f7b2 14d6 29d9 4bfd eae9 e729 ea65  ......).K....).e
00001c30: de0a e0fd 0fdc f5e6 ce21 66eb 1727 b8b2  .........!f..'..
00001c40: 35bf c6dd 2217 c3fe 0d47 2cf6 b9b2 d051  5..."....G,....Q
00001c50: fe50 d70a 25f0 9f4c 0b66 e103 efd6 e64f  .P..%..L.f.....O
00001c60: 21d3 2b39 0ac0 f324 ef47 2017 3bd3 2ca2  !.+9...$.G .;.,.
00001c70: c0fd 3c7f db11 1111 d72d 60ff 220c e481  ..<......-`."...
00001c80: 27f0 b4fe 32e7 df19 c613 0d16 bdb8 ca42  '...2..........B
00001c90: e63f 39b0 f996 0944 3927 f2d6 0a28 dd1d  .?9....D9'...(..
00001ca0: c22d fd6a ee36 09bf 3728 ffe2 12fa 23d6  .-.j.6..7(....#.
00001cb0: b5c2 06e7 a316 aa08 effc 1116 d657 1933  .............W.3
00001cc0: ea09 38f9 e1ce 2bee 500f 1110 f5f1 dfdf  ..8...+.P.......
00001cd0: 2a7f f826 3f56 1513 095b e311 e21e 0e07  *..&?V...[......
00001ce0: 4de0 faf4 efa8 1235 c2cf bb25 2004 cd11  M......5...% ...
00001cf0: 3504 0d5e 0f29 37cc ae10 0830 4329 dd0e  5..^.)7....0C)..
00001d00: 072b f0d7 e805 0bda 7fe0 280a c6e2 def9  .+........(.....
00001d10: 4bfb df25 fc3b f009 fa16 e226 bb08 0c1d  K..%.;.....&....
00001d20: b3f6 c106 ddec 1aed e3c4 9ace 04cf d73e  ...............>
00001d30: 26ac ea50 cc02 c3b5 2749 24e3 df58 3503  &..P....'I$..X5.
00001d40: a04f 3418 c9c1 3ce1 16c9 1331 e3f9 e12c  .O4...<....1...,
00001d50: 163d 08bc 3e2a 1df8 e0bb cc18 2c04 4bd9  .=..>*......,.K.
00001d60: ea15 c6c5 2e76 40c6 0a8b e1f4 2f7f 11e2  .....v@...../...
00001d70: 1f17 0bfe 09fa 13ca ec65 63e5 3218 dbb8  .........ec.2...
00001d80: 3f15 9447 c021 c318 02f2 9d28 b822 a4b9  ?..G.!.....(."..
00001d90: dc02 7181 ba93 3502 f5aa d9e5 19b2 22ed  ..q...5.......".
00001da0: 933d 1c49 0728 0ea0 3854 ffb4 fa3b 2e0c  .=.I.(..8T...;..
00001db0: bdd4 05ba f18b b54d 16d3 9e23 32b8 2edf  .......M...#2...
00001dc0: d8da 0ec9 4e17 ce1a dd73 220e 3700 2648  ....N....s".7.&H
00001dd0: bb94 312a a6c3 32d2 b4cb 1fa4 f5f6 bdce  ..1*..2.........
00001de0: 07ff 28eb f1e6 dedb 7f0a 29fc e0d7 2546  ..(.......)...%F
00001df0: deca c486 ec0a 003e 39b9 d40e d0e2 2572  .......>9.....%r
00001e00: 06f6 25ea f6f6 7f12 3bbc 0501 2d34 13c8  ..%.....;...-4..
00001e10: 2dc9 de27 ec10 1de9 ce15 1bcb 0171 12c8  -..'.........q..
00001e20: 1763 ed05 9303 d926 15e0 e2a8 feea b94a  .c.....&.......J
00001e30: 6706 c0d3 1742 18b0 14f8 3acc 1f54 140b  g....B....:..T..
00001e40: e0e3 f61c d0d4 f5e9 de05 f3f8 2ce6 ecf9  ............,...
00001e50: 312f 5af2 0439 0438 e0ee 17e5 f42b eab2  1/Z..9.8.....+..
00001e60: f9d5 254e ee29 fbe7 e704 eade 3141 1796  ..%N.)......1A..
00001e70: 3bd3 1e13 3eea f681 0124 1dad 37b8 00a2  ;...>....$..7...
00001e80: 0f9e cd15 1734 d228 ab3e d314 29c1 f943  .....4.(.>..)..C
00001e90: c3ea 5dc4 b681 f008 b6dc 21aa 28e4 00f7  ..].......!.(...
00001ea0: c118 205b 0d2f d3d7 333e 4212 e307 3c8d  .. [./..3>B...<.
00001eb0: c805 04d4 e5b2 c424 ddf1 3eef 36df e01a  .......$..>.6...
00001ec0: 0ef4 e22b 2d12 20f8 d7a1 cf12 db3d f6d7  ...+-. ......=..
00001ed0: f6d6 05e2 bafb 1b2f 7f1e 22e4 1200 0015  ......./..".....
00001ee0: ed46 f4ff 3421 f214 f90c e4e8 fb38 031c  .F..4!.......8..
00001ef0: f6e8 db08 fff4 a7eb f9f3 d041 93cc 1f03  ...........A....
00001f00: eebf 0fef 18ed 4b24 3f23 74d0 14c6 f32b  ......K$?#t....+
00001f10: 0d47 d23b 45f8 ee0d cb40 04ea b570 f9f9  .G.;E....@...p..
00001f20: 3e03 0fe5 b0ef f10c 01d6 d511 1ccb d80d  >...............
00001f30: 0f0f 3afe b27f 3a21 7fee f0b2 e517 e857  ..:...:!.......W
00001f40: e44d 156c d41a 250d f495 9f26 d927 fb87  .M.l..%....&.'..
00001f50: 04eb edca 4515 f3ba f9e8 ed0a 4ce8 5809  ....E.......L.X.
00001f60: e02b d3d7 1235 15e0 9504 3be2 fa42 f9df  .+...5....;..B..
00001f70: 5f68 faf2 48ca 1ce3 d90a fefe 40cd eca0  _h..H.......@...
00001f80: e4da d8e8 3804 c312 da7f 0fea 28e0 0f46  ....8.......(..F
00001f90: cfb7 6415 bdd7 29cd c7eb e9c1 e304 cf20  ..d...)........ 
00001fa0: f6c1 f82d 0918 00cb 6112 2907 d1cc 1a1b  ...-....a.).....
00001fb0: 05e6 b1c7 e1f2 d42a 43e9 a53c dd8f 552c  .......*C..<..U,
00001fc0: bf48 7fed 44d4 0af6 eeef 131e 360b 51ec  .H..D.......6.Q.
00001fd0: cfc8 1521 e90c 570f 06d6 47f9 1540 f1d0  ...!..W...G..@..
00001fe0: fb4d d5af e021 0edc 41b1 d20c ec1a 013a  .M...!..A......:
00001ff0: 20eb bbd7 1f32 fcda ef00 ae76 9ce4 3e03   ....2.....v..>.
00002000: bd05 36fb ee81 751a f7d0 6a1f f2de 0e41  ..6...u...j....A
00002010: 601d e115 2b40 475b 0e2d 48fa c54a d6e7  `...+@G[.-H..J..
00002020: 3a21 f3ca 9bf5 ed1d 7d9e a9d1 39f1 262a  :!......}...9.&*
00002030: fa0b ee12 e762 4309 c101 5c88 494c eccc  .....bC...\.IL..
00002040: 4ec5 93f5 dd10 f91c 20be d100 afb7 d87f  N....... .......
00002050: e050 d39b 0edf abf3 271d f928 3e83 1f14  .P......'..(>...
00002060: d40a 0821 68ee def8 bc3d 424d 3126 e69d  ...!h....=BM1&..
00002070: a602 5d5f 0aab ff1a cdfd 0061 e0c4 d994  ..]_.......a....
00002080: 17f5 07ff 55cf 0321 e672 50e9 09e2 1b21  ....U..!.rP....!
00002090: f92a 1754 0ad0 0150 1c37 23d0 c825 b11e  .*.T...P.7#..%..
000020a0: 1908 7020 bcd8 e4ff 4019 f0bc fa81 3cd9  ..p ....@.....<.
000020b0: abf6 19fc b850 f439 fc3e 01f0 0b26 17dc  .....P.9.>...&..
000020c0: cc1a a348 d01a 33e5 f81e 12f7 df33 d804  ...H..3......3..
000020d0: fa0c 19d5 22e8 f0d8 17d5 d104 d41a 31e6  ....".........1.
000020e0: 3bef f137 3b7f 01e2 fe06 fed5 3d31 190d  ;..7;.......=1..
000020f0: 3c00 2bc0 0704 d928 10dd c055 cfd3 3b17  <.+....(...U..;.
00002100: fde1 36f8 19f1 35fa 1c25 571b 241e 13eb  ..6...5..%W.$...
00002110: 23f2 0469 0219 3824 e71c 26c8 d37f f1e0  #..i..8$..&.....
00002120: 022e 01fd a5ed f819 43cb cac6 01c1 e43b  ........C......;
00002130: 38e0 d7e6 e962 16c7 0fe9 b62b 0aeb 7f08  8....b.....+....
00002140: 1715 e8fc b4d5 27ec 0ff6 6cf9 f3da 390e  ......'...l...9.
00002150: 2d0c 22e1 0715 42e5 fdbf 2110 0f06 218b  -."...B...!...!.
00002160: d323 192a dc44 1fea 08ef f62f e4ec 01f6  .#.*.D...../....
00002170: 00c8 229d 1605 ceb7 07ce 2241 b0ca e0cf  .."......."A....
00002180: 33bf f3e6 f428 226f 0570 5dc8 f7fb 48fc  3....("o.p]...H.
00002190: 050f e441 42b4 e0b0 ca51 22ee d21c c140  ...AB....Q"....@
000021a0: 3be1 3801 fce3 d406 df36 1b7f cabe ebc5  ;.8......6......
000021b0: 0a22 4ccf 173e 5e68 3fb6 cb0d 41c5 0cc2  ."L..>^h?...A...
000021c0: e401 e31f 2610 e22d c94e 15fd 221d 2e0c  ....&..-.N.."...
000021d0: bd92 450c 84cc 11b4 efb5 ffbd fe11 e1e8  ..E.............
000021e0: c00e 1720 3d1c 12d9 111e 281d c2e1 fb3a  ... =.....(....:
000021f0: 2603 b381 04df 9f0f 2ed0 bd0a d3fe db16  &...............
00002200: e6bb 34fc 3e09 e016 6f14 21f8 18ff 08fc  ..4.>...o.!.....
00002210: f50d 814f 4d3c e9c8 1052 0cfa d74a f25d  ...OM<...R...J.]
00002220: 5cce 0290 1bc0 f62d aacd dbe6 1dce ac52  \......-.......R
00002230: 5316 f969 d326 0e15 d640 46c4 1364 e9a7  S..i.&...@F..d..
00002240: d20f cae6 d4fd 33b8 c210 08df f08f b02a  ......3........*
00002250: 0f44 18bc 3832 eb27 4238 8162 ff14 4d11  .D..82.'B8.b..M.
00002260: 73e4 9e6e 1246 361f f423 3933 40f8 f9bf  s..n.F6..#93@...
00002270: d8e5 0c72 cef5 d6e7 f60c e561 e4f3 3a16  ...r.......a..:.
00002280: d002 2dfb 1cf5 23d5 1d23 2c06 13fb f6cd  ..-...#..#,.....
00002290: 12e4 2244 1315 4d39 f010 1ee7 d67f e204  .."D..M9........
000022a0: 100b d70a 9413 05f9 57db c1c5 0af2 1c37  ........W......7
000022b0: 31b9 bff2 e45f fcd7 d626 50e7 67fc ef96  1...._...&P.g...
000022c0: eb08 9dbb 17e7 be56 f4f2 e33b e4ec 3548  .......V...;..5H
000022d0: abaf 3e9f 99b5 1cab c6f7 1081 3195 da54  ..>.........1..T
000022e0: c7f6 f003 51e5 dbc3 49f4 3443 da3f 18bd  ....Q...I.4C.?..
000022f0: b1f3 0efb 2f82 ce4f cd27 4920 3af1 e1b4  ..../..O.'I :...
00002300: e327 df14 4fd3 ed3a 464d f41c c30f 17e9  .'..O..:FM......
00002310: eab6 17d5 c0e8 3ed7 1e04 d6c8 eedb bc7f  ......>.........
00002320: 00f0 bcb8 4af5 2bb1 190e 0800 e317 23fd  ....J.+.......#.
00002330: 13d8 ca23 29cd 2469 24e7 fe03 151a 1c1a  ...#).$i$.......
00002340: b077 0727 dde7 3c03 c0a5 c01d e448 02d1  .w.'..<......H..
00002350: 19de 16b4 ff24 27e9 17cd d720 1b05 51ed  .....$'.... ..Q.
00002360: d725 990a 087f 36c4 09c1 0ed0 ff33 1002  .%....6......3..
00002370: 4314 d4d0 0ddb cade 12cc f12f 4816 4e3e  C........../H.N>
00002380: 1522 fefb bcf6 18c9 25d3 d551 ed7f f4d3  ."......%..Q....
00002390: 26e2 43f5 a124 4dfa ff85 1de8 04fa 1c9f  &.C..$M.........
000023a0: 9a35 1614 ef1d 21e3 41e3 ddd1 0c15 f041  .5....!.A......A
000023b0: eaa3 bbb9 2fc9 c99a 12f8 a97f 1ebd 2661  ..../.........&a
000023c0: e24a 4927 09f2 31b5 edee 1214 2a3f 1396  .JI'..1.....*?..
000023d0: 2ed1 4350 c61a 602b e3c4 1ff1 f96d fdad  ..CP..`+.....m..
000023e0: e127 01e1 ac36 0fe4 4ad0 b7c0 0a1a 0e5e  .'...6..J......^
000023f0: 2ed1 9ca5 0e45 dbb3 51c5 db18 2502 3675  .....E..Q...%.6u
00002400: d9ff 2950 dc24 2fd7 baaa f715 487d 1ef7  ..)P.$/.....H}..
00002410: 0dc0 0cf8 f01d 2702 08c3 23d9 3604 3c8d  ......'...#.6.<.
00002420: 2d1e f2c5 1e42 152b 49dc 20b6 2f44 ec7f  -....B.+I. ./D..
00002430: 0814 b9e4 4700 4ff9 49a3 c2d3 390b 035b  ....G.O.I...9..[
00002440: 3312 2603 b72e ec1b 2a92 aa3d 2373 2ef6  3.&.....*..=#s..
00002450: c681 c1fe dc27 f896 01c0 18d4 0e9f 320a  .....'........2.
00002460: 010f 3095 57d5 0e12 b2ed 3f15 d513 c45b  ..0.W.....?....[
00002470: e505 ed04 6e8a 17c2 45d4 efd4 d6eb e14d  ....n...E......M
00002480: f3b9 44fa 3df9 28fa e7cb 22e2 40ca 0f19  ..D.=.(...".@...
00002490: fd3b c039 2f07 c22f 057b 07d2 1c62 be31  .;.9/../.{...b.1
000024a0: 7f1b e6aa fbaa bf5e 98fd 1f31 1823 c301  .......^...1.#..
000024b0: 6645 ff62 f12f 4acd c831 61c1 f47f d614  fE.b./J..1a.....
000024c0: 05f4 d928 b8fd 0ad9 239f fe0e b8d0 bb2e  ...(....#.......
000024d0: 3735 c7f3 3b17 b940 1f32 dd32 f9f1 3413  75..;..@.2.2..4.
000024e0: 0ffa fe1b 00df ea23 b209 fb1b 2e3a e4b0  .......#.....:..
000024f0: eb1b 4c4a dcf8 26ed fb26 0c2a 0dde ce36  ..LJ..&..&.*...6
00002500: ee18 4012 2f00 c4e6 1fc2 bdfc 090e cda4  ..@./...........
00002510: 3ba7 f00f 1a09 2400 e4e8 cac5 fe41 d834  ;.....$......A.4
00002520: a819 9f9a c020 1ebc 3ba7 e285 d2f8 df58  ..... ..;......X
00002530: 3dd2 81f8 bef8 d5e6 0fea fa59 8ed8 e826  =..........Y...&
00002540: ef02 4ecd 12a2 581f fb12 501c 0817 0ef9  ..N...X...P.....
00002550: 3326 c758 3533 1439 fe6e 19c5 d37f cd32  3&.X53.9.n.....2
00002560: 4c25 e9d2 9ac6 f24f 3ac0 d1e7 01bc 0024  L%.....O:......$
00002570: 3afe ed44 0157 32c4 104e 3bf8 1c2a 2481  :..D.W2..N;..*$.
00002580: bd2e ebe6 49ab f20a 046e 566d fa97 d346  ....I....nVm...F
00002590: f60d 75ea 0fde 2215 f7f5 e0e7 0001 d307  ..u...".........
000025a0: 0fd8 a712 5d3b 2cd9 27e9 e714 e90a 38c6  ....];,.'.....8.
000025b0: 1aff c700 ecf8 ecff e1f0 2ce2 2e1c 077f  ..........,.....
000025c0: 2cf5 57f4 0fd6 1cc8 18a5 d500 f1f3 c8b6  ,.W.............
000025d0: 5045 f91b c879 e63d 2e34 2239 e839 0df5  PE...y.=.4"9.9..
000025e0: f507 002d c5fd f41c edf9 adf1 3ce7 e513  ...-........<...
000025f0: 37ef c16b e71f ca9b 0d11 4db1 1e5c bc63  7..k......M..\.c
00002600: 2417 020c ba16 eb09 3fa4 9311 e51e ebd2  $.......?.......
00002610: f417 d3b9 1e42 b1dd ec01 eaee fef3 3b1b  .....B........;.
00002620: cdf3 dcd7 f8da 0305 810f d2f5 0914 d8b9  ................
00002630: 4237 1070 62aa 16c5 e713 5fb0 115c fae8  B7.pb....._..\..
00002640: 34d2 cbfb b6f8 1af6 f3d2 fb0b abf6 e53a  4..............:
00002650: 0d4d cab7 3ff7 9df0 1b31 f10e 12d6 2d1e  .M..?....1....-.
00002660: 1614 f751 14f8 f016 ca36 3136 2314 e5a3  ...Q.....616#...
00002670: bf0c 7f34 28d5 19f6 c732 34c5 103d 3d1c  ...4(....24..==.
00002680: 1915 b43e 9002 71a4 e0ee 14f6 ce0e e5de  ...>..q.........
00002690: 3f29 2f04 6e2a 4142 2524 2211 ec42 25b5  ?)/.n*AB%$"..B%.
000026a0: 1527 457f e376 bb15 f6f4 efeb 2323 29cc  .'E..v......##).
000026b0: 12d2 34b5 1712 0bac bffa 39fa f75c eb14  ..4.......9..\..
000026c0: 4b08 ee0d bd05 34e1 23ff 14dc dcf9 0ce4  K.....4.#.......
000026d0: 2c7f 06ec 2034 dc1c 1d4d e427 e716 1d06  ,... 4...M.'....
000026e0: 0efa 034a 00cc 0c44 ba30 f323 27f4 e6c4  ...J...D.0.#'...
000026f0: 18f8 503e fc0b f3f5 daf2 f160 2059 d939  ..P>.......` Y.9
00002700: d54c 22d6 0bcb 34e9 6efc 3733 f2fc 15c7  .L"...4.n.73....
00002710: 4015 050b ed7f 2af1 1607 ea2a adf6 062f  @.....*....*.../
00002720: 1cd9 a8d8 eecf 401a e789 b611 0df0 e733  ......@........3
00002730: 3ff3 de62 2201 06dc bb08 3bee 4834 1cda  ?..b".....;.H4..
00002740: ffbf c40a c8fa 10da a351 2cde ea18 04d7  .........Q,.....
00002750: 350b 4714 fc0d f10d 351c 0a09 d61b 0bf7  5.G.....5.......
00002760: 4deb 3d7c f236 fe1e 177f 0fe4 10e2 27d1  M.=|.6........'.
00002770: 33f2 f40a 4ff0 01d2 ade5 5a7f ae34 c8c2  3...O.....Z..4..
00002780: b639 0fde 3ea7 0f29 9110 2ee3 d5e4 c815  .9..>..)........
00002790: 4944 0047 1d4b ef76 383f d336 c84d 9c37  ID.G.K.v8?.6.M.7
000027a0: 4f9a d461 a01c 0cda 36b2 c5c0 40d0 40bf  O..a....6...@.@.
000027b0: 38e4 e449 8b7c d9f4 57c1 a819 f2df 7053  8..I.|..W.....pS
000027c0: d214 5101 00ca 4df3 22da f530 4244 eac8  ..Q...M."..0BD..
000027d0: 10fa e912 0c73 17ca 00c2 22f5 c93a 1cd4  .....s...."..:..
000027e0: 1b1a c3cd 0632 18db 1b81 d7d9 fe20 cb6f  .....2....... .o
000027f0: 4e1b e3fa 2c19 27b8 ad0d 2315 0520 0fb5  N...,.'...#.. ..
00002800: 21d1 f4ec 13cf fa14 bb1a 29dc f6c6 0b61  !.........)....a
00002810: 1f29 362e f80c f67f 042e 15ff 0229 aa14  .)6..........)..
00002820: f424 084b cbc3 eaf8 2712 f9fe 28e6 1bb4  .$.K....'...(...
00002830: d8d2 181a c03c f7f9 f708 e9f4 270e 4c51  .....<......'.LQ
00002840: 08e5 2c1e b2fa 37ac 0481 f928 e91e c2ea  ..,...7....(....
00002850: fc42 02d1 171e 292b 21c3 211a 150c 0f99  .B....)+!.!.....
00002860: 0d66 2c0a f423 d21c 08de cff3 2778 261a  .f,..#......'x&.
00002870: dfb9 2eea 41ff 0bc9 011d 2b1a 58ef 049f  ....A.....+.X...
00002880: 022a caeb 5abc dc0e 0e50 fb14 eeb3 ef35  .*..Z....P.....5
00002890: c7ea 72d3 819e 0708 e3bd e0e2 07d4 c72d  ..r............-
000028a0: cefe cb11 260d 0caa 45fd f40d f300 1b3f  ....&...E......?
000028b0: bbbc c2f8 ebd7 9d1b d218 34f3 460d 09bf  ..........4.F...
000028c0: dbaf e926 3de3 d1cd c812 4b2e fba8 e17f  ...&=.....K.....
000028d0: 2601 4b58 f60d 406d 3107 2b01 18f9 d401  &.KX..@m1.+.....
000028e0: 1514 1509 03dc 0116 3e37 072d f616 3ef4  ........>7.-..>.
000028f0: 9fd6 d339 dc14 03d0 12e7 f2e7 ec45 f871  ...9.........E.q
00002900: fa3b 0314 a719 3be8 3581 c905 d83a e2d5  .;....;.5....:..
00002910: 3427 b7e4 2e3e e9df 0202 c550 0efd 51eb  4'...>.....P..Q.
00002920: f10f cbe7 faf9 0d18 b0ba fcf1 202b ce0d  ............ +..
00002930: 3426 132c f8d4 08df 0def 0216 cc0e e033  4&.,...........3
00002940: f12d 370a 0d05 3b1c 4ff5 f42f d230 f106  .-7...;.O../.0..
00002950: fdfc 8a3a 1f17 f9eb 2228 110f 0607 0b56  ...:...."(.....V
00002960: 2cf0 aec1 46d4 022d efc3 d01d 4005 f812  ,...F..-....@...
00002970: 2c37 d77f 2c02 5c24 eade 0c90 104e cd20  ,7..,.\$.....N. 
00002980: e2f8 ad31 983f 14cc ece1 fdca ef01 1a4e  ...1.?.........N
00002990: d557 9de8 003c a3c9 3845 cb4c fdaa 4d10  .W...<..8E.L..M.
000029a0: 68c5 e425 40f9 fc40 950f 3f71 4016 ecc9  h..%@..@..?q@...
000029b0: f52a 7f61 0bef 3721 fb19 0367 f0b2 e0ae  .*.a..7!...g....
000029c0: ebf3 3220 7ff9 cd20 0f78 1bf5 12fe f215  ..2 ... .x......
000029d0: c7d1 1e40 d7c0 1b25 ebf3 f899 dc25 b24a  ...@...%.....%.J
000029e0: f102 ead0 efdd eed7 49fa e2ec e3c1 243c  ........I.....$<
000029f0: e4de caf4 ce2a fe29 e6d1 ce69 1ad6 3ee3  .....*.)...i..>.
00002a00: d4e7 4bc5 3ae4 06c8 d803 390f 17f8 1f15  ..K.:.....9.....
00002a10: 0fb9 ff3a eb26 6b26 00f6 34f3 041e edd9  ...:.&k&..4.....
00002a20: f834 eff7 c612 18de 7f9f f7fb d508 262c  .4............&,
00002a30: f2bc b1d9 cd20 fbc1 d635 65ba 3146 eab4  ..... ...5e.1F..
00002a40: 5cbe 8130 98ee dc04 f0f5 fb0c c2e6 b409  \..0............
00002a50: 432b f5f9 27db ad2b 1a1e ebf9 0d02 f4fa  C+..'..+........
00002a60: a211 545c ebf2 0401 dc6d 25f2 f3ea 01ab  ..T\.....m%.....
00002a70: f5c8 3015 d5d7 f0c3 0108 0106 e551 be2a  ..0..........Q.*
00002a80: d401 e1d0 e00c 36f4 24bd 3018 f5e3 ce5a  ......6.$.0....Z
00002a90: 3048 b9e7 185e d83b ff52 e02b eb1d 1b1a  0H...^.;.R.+....
00002aa0: 2510 b11b f7e2 0843 bcb5 0527 1b08 f0df  %......C...'....
00002ab0: 1131 257f af29 e0c3 4fb8 d72d 0503 293a  .1%..)..O..-..):
00002ac0: f905 43ed f114 31fd e605 2427 477f 1af3  ..C...1...$'G...
00002ad0: 01b4 fd41 eb1f 24fe f2f9 ffde ec48 ebe8  ...A..$......H..
00002ae0: 2316 e100 ce2b 0c05 22c6 25e3 d514 e943  #....+..".%....C
00002af0: 57d4 ab06 3114 05af e0f6 0ec8 3700 5bc3  W...1.......7.[.
00002b00: f5dc 9f09 bbdd fad0 cc0b 05f6 d901 08eb  ................
00002b10: 04ce 63d2 dd16 51ed 14e1 1e1a ccde 0f91  ..c...Q.........
00002b20: 1212 747f ef11 e116 4330 00fe d52e 5502  ..t.....C0....U.
00002b30: 2ab7 e3aa efe9 d2f2 f9f6 3401 220e 52da  *.........4.".R.
00002b40: d024 d636 accb 46dc ad0d 2bfa e80e 32e6  .$.6..F...+...2.
00002b50: 20fa 5dd8 0ff0 3418 23e5 15e8 0e25 1ac8   .]...4.#....%..
00002b60: 1a36 e963 cb7f e404 2214 1ee3 fe25 26d4  .6.c...."....%&.
00002b70: 3ed1 feb4 2fec cdd0 9227 72ce 547f d0d2  >.../....'r.T...
00002b80: 3fe8 9c16 c9f2 f6df 2ece e812 9adf e146  ?..............F
00002b90: 0340 f7e3 ee19 e613 5125 ec43 fe99 fa43  .@......Q%.C...C
00002ba0: e1f1 243b 3fb6 0e12 be3e 0346 2719 0edc  ..$;?....>.F'...
00002bb0: 98dc 4b47 edd3 f909 bdff 043d 0034 26dd  ..KG.......=.4&.
00002bc0: cc51 0020 f3c3 7ffe c8a8 6212 c0e1 fb00  .Q. ......b.....
00002bd0: 0c11 53dd 0119 6355 6309 1308 0415 e6f2  ..S...cUc.......
00002be0: 197a bb1a b81b 0bdc 2fc8 04f8 f431 1d3b  .z....../....1.;
00002bf0: 08e3 e5a0 ac2e bb2a f9c8 dc58 44b8 2e1b  .......*...XD...
00002c00: 14c7 32a4 36f1 d502 de51 0305 4b1f 44ff  ..2.6....Q..K.D.
00002c10: 09a3 4b54 81e0 3ceb de19 1ab6 e467 a1e8  ..KT..<......g..
00002c20: 1701 291b c2f1 c602 7331 f5c6 b9ba fb4b  ..).....s1.....K
00002c30: 4aae 8bee f206 ccd9 4122 fad6 0efc fe16  J.......A"......
00002c40: f850 2518 270b f5d4 34e0 b92a fc21 ce81  .P%.'...4..*.!..
00002c50: 032f 12e1 e36a dd03 fdb4 f21c c4e6 1d39  ./...j.........9
00002c60: bf10 a2ed 1a26 5a82 f7e5 b89e f8f8 c84c  .....&Z........L
00002c70: 34ff b328 08bd 0cb0 fbef 13d2 4fed f6d7  4..(........O...
00002c80: 17bf d426 e80d e9f7 ba47 feda 1906 2de7  ...&.....G....-.
00002c90: 19e1 1d0a edf1 dae7 17e1 2cc0 f3e8 e1d5  ..........,.....
00002ca0: f7b6 7f5a 1d1c d30e d56a 2e37 d5e8 46b4  ...Z.....j.7..F.
00002cb0: 01fb 0cc7 6fac f0e7 0f0a f9f5 e86c 0f1e  ....o........l..
00002cc0: fc18 f7e1 a4e7 73df 2997 154c d026 c551  ......s.)..L.&.Q
00002cd0: 0e53 c1e1 0874 bcfd e3fd 0d24 01de 7ffe  .S...t.....$....
00002ce0: 1a1a 92f5 423d 1c0f fbc6 fd22 0fea ccf7  ....B=....."....
00002cf0: f44c 3d48 14e5 64ee e1f7 ea03 ce35 e055  .L=H..d......5.U
00002d00: 2210 3bf6 e111 30de 7fac 0fe7 bddf e8ea  ".;...0.........
00002d10: 3653 8619 5c3d c242 0644 d14a fb1c 1312  6S..\=.B.D.J....
00002d20: e525 fdc0 c8af ec20 98d0 dc04 4103 d200  .%..... ....A...
00002d30: 0421 345e c52e 22f3 f816 6db0 3ee8 ee81  .!4^.."...m.>...
00002d40: 2907 9723 fbf2 c536 d1e7 ba26 d6f5 f20c  )..#...6...&....
00002d50: cadc 2890 e086 09df 0bf1 1dc8 3d89 cb11  ..(.........=...
00002d60: bdfc 3821 3514 dcb1 f54e 3f0f e84e 44c1  ..8!5....N?..ND.
00002d70: b9cb 3cd9 0f8c e62b 3cd4 bd25 d611 5053  ..<....+<..%..PS
00002d80: 8876 722a fcb7 4eca f5b6 bc13 263b 0581  .vr*..N.....&;..
00002d90: 6dcf e723 3559 0d01 f79b f72e f600 43bd  m..#5Y........C.
00002da0: fc01 bda2 df44 2fb2 2081 e5cf 0359 ea20  .....D/. ....Y. 
00002db0: 4822 ddf9 2f08 3a92 ce48 7fce 5101 0016  H"../.:..H..Q...
00002dc0: 300b e90b 0717 badc 1252 d426 e9e6 b5d5  0........R.&....
00002dd0: d056 3f2a b80e ee38 002e e2eb ef7d 2a13  .V?*...8.....}*.
00002de0: 93e1 ba61 0134 1df4 f72a 8e00 14da 07c7  ...a.4...*......
00002df0: 41ec cf45 bf26 89a6 b342 0641 66e3 f218  A..E.&...B.Af...
00002e00: b12f 0b81 57e5 2aef 007a 51fb f0cc 5472  ./..W.*..zQ...Tr
00002e10: f6e3 35d6 cc34 f919 b6f9 03ec f1fa ff66  ..5..4.........f
00002e20: fea9 9efd 000b 220b 4fba 0b55 23ea 31b4  ......".O..U#.1.
00002e30: feea d74a 3b10 d227 04c6 b46e 1181 1b34  ...J;..'...n...4
00002e40: c242 2fe8 301c 5910 0944 5922 4a34 4fe2  .B/.0.Y..DY"J4O.
00002e50: d689 252d b211 6408 fff0 32f8 eb5c 0ce1  ..%-..d...2..\..
00002e60: f719 aeee c551 0de1 78be d910 f3d7 f443  .....Q..x......C
00002e70: 34dd a5b2 f447 c8ea cd2e 5cad fc7f 90f5  4....G....\.....
00002e80: 2005 c62e cd30 e1f3 29b3 c2ea b6c8 d316   ....0..).......
00002e90: 1149 cfc2 3c0a ac04 3331 af2c 17aa 164c  .I..<...31.,...L
00002ea0: 0fd6 02f0 2fd9 110f 8225 141e 3524 e7d9  ..../....%..5$..
00002eb0: e725 515f 01d2 0b28 0d01 da5e f9c6 36e1  .%Q_...(...^..6.
00002ec0: b513 33d9 54b7 e510 f457 3922 41f7 0700  ..3.T....W9"A...
00002ed0: 07c0 5545 d603 7712 dec5 0ef0 d34f b5cf  ..UE..w......O..
00002ee0: ec0f e3f7 c910 23c1 7fc0 ceaf efd3 0f6d  ......#........m
00002ef0: 0cb5 91db e63b ece3 4cff e0bc 04f5 3801  .....;..L.....8.
00002f00: e614 102d e023 1ed0 e9b9 c810 0c07 d819  ...-.#..........
00002f10: 0bc4 29a4 dfde 1ff8 f3a3 ebf0 7fce 4ec3  ..)...........N.
00002f20: 916d c2e9 f62e 0dd7 3cfa 01cf 0c68 ff05  .m......<....h..
00002f30: ccd8 d0b2 f89d c612 d3e4 0ded 5bf5 41f9  ............[.A.
00002f40: 10c2 a10c d620 f2c6 a710 0efe 1a32 eefb  ..... .......2..
00002f50: 11d3 5c15 caf9 1b0a 05e6 31cb d6ef 03a0  ..\.......1.....
00002f60: ecf9 737f fb3f dd18 4471 28de f70b 4e08  ..s..?..Dq(...N.
00002f70: eea0 e0b8 25ee d3b0 0c04 fa3f e4a3 f98a  ....%......?....
00002f80: f4e1 f13d 2e19 d333 812f 42e9 fef6 0e43  ...=...3./B....C
00002f90: c7dd 4cf0 fd82 390c dcf0 009b 2d0b cb0e  ..L...9.....-...
00002fa0: 1d12 461a 0c14 e6d3 3d34 4d18 c40b 45fa  ..F.....=4M...E.
00002fb0: c8da fd81 04eb 364a 613c 3ca3 7f42 8ab2  ......6Ja<<..B..
00002fc0: dd32 a605 0828 8dd6 042f 980f 03f8 abec  .2...(.../......
00002fd0: 0694 45d8 bcb2 d211 e0c4 8987 13bb ad20  ..E............ 
00002fe0: afe0 cf25 1cf6 19d1 014e 42b8 f510 0f4f  ...%.....NB....O
00002ff0: 0af9 b605 b78b 8be4 7f07 3ae0 01eb 0030  ..........:....0
00003000: 09c8 361c 13f4 fcf4 d9b2 b826 25ef 0b17  ..6........&%...
00003010: e22f e0cb 040a b13d 2901 110d 5a26 27f7  ./.....=)...Z&'.
00003020: f620 132d 0050 f909 bffa 2907 1b3d 0490  . .-.P....)..=..
00003030: f729 1f3f 3cfd f3a0 0109 e8ab ad35 7b23  .).?<........5{#
00003040: 1fe2 6e96 c0cb 0cf2 c8a4 0508 f8f5 f21e  ..n.............
00003050: 0c58 f9ec 1917 dd6b 330e 330e 4d48 1097  .X.....k3.3.MH..
00003060: 812e 38fa a6f0 ec18 03bf eade 15e6 17b3  ..8.............
00003070: ea4b 49fe f041 08e3 35de af25 209f 3624  .KI..A..5..% .6$
00003080: fc26 1bfd 171d 01f0 f5fa f00b 322b 29e0  .&..........2+).
00003090: e194 2f00 bce7 4fc1 dda7 23dd 1106 10bf  ../...O...#.....
000030a0: b13b efc9 f542 fae9 38ea 08df dcfa f741  .;...B..8......A
000030b0: 0ff4 b281 0eed cf11 d6e0 ac7f c9d3 2d14  ..............-.
000030c0: bc2f 4ed5 2af1 17de dd1b 61f9 3d10 3cda  ./N.*.....a.=.<.
000030d0: 2017 0a26 ed4a 6227 0f08 1f50 d21b 16e7   ..&.Jb'...P....
000030e0: 2a0f aada b508 2e00 49be de1f e0fe f608  *.......I.......
000030f0: 15ef cbf7 e865 f4de f8ff 10c7 4d19 cedb  .....e......M...
00003100: ecb9 be05 fc34 b507 8139 d1ea 2000 e329  .....4...9.. ..)
00003110: d8f0 60e9 a2e5 ee04 e8fa d1e6 13d7 fbe3  ..`.............
00003120: 20d5 3c5b 32f1 fb29 2a4a 59ff 0eef 25f8   .<[2..)*JY...%.
00003130: ff23 dbcd 00c8 ba35 0434 1dfb ef27 db46  .#.....5.4...'.F
00003140: d43e 0e19 f9e6 0afc 1116 ef26 a816 f921  .>.........&...!
00003150: eef1 1631 111f 0b0c 0c2f f6e2 d07f 0529  ...1...../.....)
00003160: ecbe edfc fefc f237 eec2 b3f2 3608 06da  .......7....6...
00003170: 7011 ed3a 4527 e7b4 d627 13ac 1f4d c8df  p..:E'...'...M..
00003180: 111b d729 bdfa 0ac3 cd9b d71b d9e1 b617  ...)............
00003190: 2333 ff81 11f1 0830 1401 dd12 3dd9 3113  #3.....0....=.1.
000031a0: df27 a32a 1734 1fe2 f3ed 12f4 2e23 07db  .'.*.4.......#..
000031b0: c0f6 132e c2b3 d7ef 0320 7bab 6100 e098  ......... {.a...
000031c0: 24bc a727 122e c4fd aef6 dd33 ebe1 f175  $..'.......3...u
000031d0: d3d4 5e84 d181 e927 ffe0 ceac 4dd6 ff1a  ..^....'....M...
000031e0: b53a e557 204d ede3 015b 5be0 c120 53c9  .:.W M...[[.. S.
000031f0: c4d4 f702 bd8f a2f6 12f6 42eb bf1e f77f  ..........B.....
00003200: f30c 67fd c729 443a 0cca 9918 147e c1e7  ..g..)D:.....~..
00003210: b3ee 00ac ca69 0401 1de1 e6c7 fe20 2408  .....i....... $.
00003220: 3f23 ad22 1315 fa24 dbc9 f503 0d60 d739  ?#."...$.....`.9
00003230: 215a 3950 5fe1 f1cf f82e 2dcd 1d1b dd87  !Z9P_.....-.....
00003240: edc8 d230 1e08 01dd ed45 0516 2197 f87f  ...0.....E..!...
00003250: ee05 2fed 1698 c94c 3620 0083 3707 bd2b  ../....L6 ..7..+
00003260: 4530 1504 40f6 e3f0 ff4a 3c08 3c2b 00fc  E0..@....J<.<+..
00003270: bedc 41e2 f6ec 0f06 d7e7 d529 eaf3 315c  ..A........)..1\
00003280: 2be0 1fab 090f 24d0 1c0c 1dec 15fa e8e0  +.....$.........
00003290: 4119 ef61 ff35 0e3c 0539 0b25 e27f 18da  A..a.5.<.9.%....
000032a0: f11e ef1b 8be0 f140 1ef9 b6dc ffb0 eb1c  .......@........
000032b0: 19da ca25 d960 d8ab e4e9 21f7 0032 acea  ...%.`....!..2..
000032c0: 5ad9 09ce e530 4fd9 cf3f 0cc6 2f10 271a  Z....0O..?../.'.
000032d0: f74d 13e9 ff02 ca38 ee7f fedb f217 e6f7  .M.....8........
000032e0: 29fc 302e d1d6 e66f d430 3821 18cb fbd9  ).0....o.08!....
000032f0: 153f 3012 2427 2117 2b33 021c a4fc 2e0e  .?0.$'!.+3......
00003300: e7fa 34cd 40aa 3112 7f75 4ffc 1ded e9ec  ..4.@.1..uO.....
00003310: 0c4c 0243 4af2 1300 b14c 06c1 c759 cc25  .L.CJ....L...Y.%
00003320: 3cd6 eec3 e9af fd16 16cf ed16 2dd7 ee22  <...........-.."
00003330: 4128 1e18 0a70 7f28 eaeb 5cbd 370e edc5  A(...p.(..\.7...
00003340: 2ed7 da19 f80a ddf8 921f 2ff1 fe9c ef64  ........../....d
00003350: f441 2f1b d5c5 b67f 22d1 0913 4103 cfe4  .A/....."...A...
00003360: b50b 1c51 f30e 1cd6 d562 286b 1eee f9a4  ...Q.....b(k....
00003370: b4cd 3cf6 dc09 c1c3 f9e2 1a2e 52ee d633  ..<.........R..3
00003380: 0d20 fd6f dc15 3ee5 8520 00b3 4347 42b2  . .o..>.. ..CGB.
00003390: 33f1 70fa a0db ef36 09d3 f3a3 1113 ec9d  3.p....6........
000033a0: 08e7 6d1e e844 ec39 d946 2003 2003 20ea  ..m..D.9.F . . .
000033b0: 4714 0a89 7ffd c3a2 e009 36d3 0042 b13a  G.........6..B.:
000033c0: 4226 e53f b534 01da 081e dc9e 03d7 f7ab  B&.?.4..........
000033d0: 1a6c eef6 0d0d 990e e13e 9b21 f92f 2ef7  .l.......>.!./..
000033e0: eebc 0334 dff6 1542 9731 f023 26d9 bf95  ...4...B.1.#&...
000033f0: 7f26 3735 f7ff e8d1 e334 27de 36eb 1785  .&75.....4'.6...
00003400: 11d9 b60c 02e8 c40f de0a 18fc ffb4 0009  ................
00003410: dcf0 57f7 e781 1205 f9c8 20e5 1a01 e2f9  ..W....... .....
00003420: 9956 0549 f330 ffb4 342a 030f d809 2ddc  .V.I.0..4*....-.
00003430: e6ce edb9 dbf6 f33d e1e8 fd58 f0d1 e604  .......=...X....
00003440: f3da 38e8 05f8 2613 8118 5bd2 23f5 2521  ..8...&...[.#.%!
00003450: fa0c fb2a 0601 0851 0653 20d3 f65f c8fd  ...*...Q.S .._..
00003460: 4fdf 3114 b715 cf38 3cf2 1722 f5ea 2ec8  O.1....8<.."....
00003470: 3b09 070a f861 2fef f305 1cee 4034 1210  ;....a/.....@4..
00003480: f512 e1de 10f1 2fee eda6 e82e bc08 c304  ....../.........
00003490: 22e5 1bb2 f4fd 20fb 3e0b cf14 0f2f 2b0f  "..... .>..../+.
000034a0: c363 8127 cc35 14e4 28ea 18c9 e60b e527  .c.'.5..(......'
000034b0: 0be4 c7f0 d6e4 aee6 a127 1fd8 1d3d d824  .........'...=.$
000034c0: 15ed ae22 c942 1adf d565 fcb4 03cf 1ad1  ...".B...e......
000034d0: 0635 71db abf3 daf8 fd37 bcfb db2f 4909  .5q......7.../I.
000034e0: 0ac3 1963 ddea f074 0739 e904 1df8 21e6  ...c...t.9....!.
000034f0: 400f 1721 e5fb 81f7 dd2d 62ec 602f b937  @..!.....-b.`/.7
00003500: 0448 e808 1826 c49d 3d07 8d0c e4fc d5c5  .H...&..=.......
00003510: 1dd9 1fc7 ce1c fefa 0e10 9e0f 0b1a 1427  ...............'
00003520: ae0e 8103 1632 17f3 f5f1 c4a5 0b34 d515  .....2.......4..
00003530: 3dc2 bf4b e7be a19f 34b4 8139 f8ed 6c67  =..K....4..9..lg
00003540: de29 58dd f5e6 50c8 22fc 44f8 3922 0eeb  .)X...P.".D.9"..
00003550: 2509 eb29 fc56 36ce ebf2 fe27 f53e 19a6  %..).V6....'.>..
00003560: 3308 c6c1 da16 080d 12a0 f507 0bf8 bb5c  3..............\
00003570: 3704 ecf3 1c37 1bc9 2cd8 f322 23dc 180f  7....7..,.."#...
00003580: 0216 f02f f224 f9fd cdd8 e0f7 1a37 11c9  .../.$.......7..
00003590: e8c8 33c7 c7d6 35d5 079f f5c8 09fb 02b5  ..3...5.........
000035a0: ce20 1d20 e944 f3e5 0010 14d4 c020 123a  . . .D....... .:
000035b0: 0de7 fc81 1be1 cae6 39d3 ece1 28fd d817  ........9...(...
000035c0: df1b 0345 da10 2b03 8121 1bd5 2206 3d18  ...E..+..!..".=.
000035d0: 1203 59f3 efe8 f02b e2ed f3c2 3c37 e79d  ..Y....+....<7..
000035e0: 04a4 3e2d 025f e213 cb21 3456 18fd 32b9  ..>-._...!4V..2.
000035f0: 2a01 199d 79f8 c095 37ec fedf cb13 dd50  *...y...7......P
00003600: b75c 5348 eced 7ffd b6b3 e1d2 1637 0db8  .\SH.........7..
00003610: 08f7 e7f7 fa66 ef2c eed9 d42e 311e 6fb9  .....f.,....1.o.
00003620: 32f6 b9e7 e54e 1004 cfea 0a01 2e19 e2fc  2....N..........
00003630: 7c36 e5e4 302e f5c5 21e5 47c5 f833 1542  |6..0...!.G..3.B
00003640: 060b 632b 05c5 dcfc 03a7 8127 3d1b 12a6  ..c+.......'=...
00003650: 3106 dc49 fd3d f2e5 1312 0aeb 3b33 eef6  1..I.=......;3..
00003660: 3728 cbc1 de00 0301 f60a d9d5 023f b710  7(...........?..
00003670: 6cfb ce63 4af1 64b0 0f0c 030e df53 2c4a  l..cJ.d......S,J
00003680: 05c8 0c2a d519 0501 4ba6 ae14 033d d0c4  ...*....K....=..
00003690: 43ee 200b 1926 13e6 bdd4 ccf2 1d46 04d9  C. ..&.......F..
000036a0: b141 ff09 d581 ff1c f7cc eea4 ef3d d82f  .A...........=./
000036b0: 3d0c dae7 fecb fefa e2cc 3922 47e7 c300  =.........9"G...
000036c0: 1c0c f824 3007 0fe5 e0a1 0903 0931 41e1  ...$0........1A.
000036d0: cdde 2be7 9d12 2f31 7f05 23e2 07f5 0af1  ..+.../1..#.....
000036e0: fc49 1608 fb4a ef17 f106 ebdb f712 f55c  .I...J.........\
000036f0: e6b1 f900 e410 8faa 7fb0 8d32 9985 19fb  ...........2....
00003700: c3eb 4307 442e 07fd e002 1909 7d11 030d  ..C.D.......}...
00003710: c8d4 ea20 fbe7 2009 e4df 21f0 0214 deb6  ... .. ...!.....
00003720: 472f eec7 eb39 f4f1 32d9 20de f50b fe75  G/...9..2. ....u
00003730: f21b d9d2 b05f 0e07 2bdb fdd9 cb27 ef7f  ....._..+....'..
00003740: 0736 1929 cc23 51ff 0ec8 d1f2 d32e f6ce  .6.).#Q.........
00003750: 0909 bd04 2419 cf0a 151a f53b 1e25 5be7  ....$......;.%[.
00003760: 1906 dbe8 ed21 0a2f b806 f91a 12ff cef3  .....!./........
00003770: 3156 2fff 2719 f7d6 ea1e 1fbe 4c2e 0f8c  1V/.'.......L...
00003780: 32ec 8134 efe9 ab19 245c 0c0f bdb7 e935  2..4....$\.....5
00003790: f02c 4ec1 eb95 c5c6 f2c0 e1d3 efa4 e923  .,N............#
000037a0: ccd6 4634 61e4 06b2 cb3c 1d0e e8f0 17ce  ..F4a....<......
000037b0: a8eb 48c7 f7a7 e63f aee2 0936 f505 2bb3  ..H....?...6..+.
000037c0: 1cc9 05d9 12ae 2321 f43a 7f0b e9c7 1832  ......#!.:.....2
000037d0: 2652 1856 0811 1c53 086f 48ee bc3e b829  &R.V...S.oH..>.)
000037e0: 0f0a 355d cabd ee11 3e06 ed28 15cb 1caa  ..5]....>..(....
000037f0: ffea 1a22 f945 23f1 b111 54d4 304a e4c0  ...".E#...T.0J..
00003800: 4ec2 a80f d513 f1ec f19a 2109 9be1 d34e  N.........!....N
00003810: 2768 c4cb 55e0 c52a 2c30 e221 e1d6 093e  'h..U..*,0.!...>
00003820: 10f3 0528 2510 d4f0 bc1e 0e20 0d0b 08a2  ...(%...... ....
00003830: c0e2 7f50 b2d8 22f6 3338 1c81 3004 0adc  ...P..".38..0...
00003840: f3e6 bf18 d774 b3d9 0600 9deb 2c11 c814  .....t......,...
00003850: c8d4 13c2 dfd0 f0d6 cdd0 d91e 3daf 29cb  ............=.).
00003860: d7ed edec 2222 2de6 e943 381b ec5b f2e7  ....""-..C8..[..
00003870: e9e7 03f7 d29c cf2a e1f8 af53 e8bc 3554  .......*...S..5T
00003880: e3f8 32c8 e014 3cfc f360 58c7 5528 651f  ..2...<..`X.U(e.
00003890: db0f 3a43 af08 2b29 ac1b 13e5 f47f 1995  ..:C..+)........
000038a0: 17ff 2818 d21e cc66 0dcb ca1f 24dd 1116  ..(....f....$...
000038b0: 4c03 06ea f56c e6ac d5fc 21ea 41eb dbd2  L....l....!.A...
000038c0: 161e 8172 bc0c 40f9 c1ea d5b3 ff34 08e7  ...r..@......4..
000038d0: f609 f4e8 f7c9 c8db 2ec2 0cd0 f9bf 4def  ..............M.
000038e0: 21dc 581a 4451 e217 c964 18f9 4cfd 19e5  !.X.DQ...d..L...
000038f0: 0b37 6eac 21de eb42 0202 5eb6 244b 88f0  .7n.!..B..^.$K..
00003900: 36a1 b427 5c21 c0fc 270c a511 bdf4 d3da  6..'\!..'.......
00003910: 0fcb a53f 02fd ba2e 7f21 d818 d3e9 ee46  ...?.....!.....F
00003920: 07ea e20a 04f9 00f5 f156 18f1 edc3 ec5a  .........V.....Z
00003930: cd01 e557 dfea f00a 1a0c fe12 46a8 1daf  ...W........F...
00003940: 17d8 d135 0cf3 c829 fd3d 290d 360f 0eee  ...5...).=).6...
00003950: f2a9 570d c2a5 32fa e9b4 149d fdf2 d2db  ..W...2.........
00003960: c72e 3c00 2347 199f 3d2c 00db d6f5 093a  ..<.#G..=,.....:
00003970: 0bbe d981 dce1 ba01 0221 1db6 f323 35aa  .........!...#5.
00003980: f2d6 15d2 15e7 f63e a00b 2216 e8af e744  .......>.."....D
00003990: cf31 10e3 ffa8 0b07 001e 15f9 2d07 e6d5  .1..........-...
000039a0: 0f0d 1a24 15e8 f7f6 2433 2a49 f137 2c9b  ...$....$3*I.7,.
000039b0: cb27 32f2 1013 337f 1921 0021 44b6 f2ba  .'2...3..!.!D...
000039c0: c248 ce6e 1ad2 2dfc ae75 3ed4 0d09 1c05  .H.n..-..u>.....
000039d0: f9c8 5bfd a8b0 2614 07b7 e8cb e641 fb02  ..[...&......A..
000039e0: c7f4 2648 096c 17dc f8f8 fd1d 12f9 30f8  ..&H.l........0.
000039f0: 24dc fa83 f202 81f1 32d7 d3e7 ffec 0e3a  $.......2......:
00003a00: eb18 3106 16f5 e313 4acd a338 0c31 fab6  ..1.....J..8.1..
00003a10: ff9e d939 fb20 11b5 20c3 1b08 eeda 022d  ...9. .. ......-
00003a20: e90c d881 45df 0ed4 fbd8 deed ea26 cd68  ....E........&.h
00003a30: 1105 c70f 4cd4 2efe e9d8 d72c 16a3 1b20  ....L......,... 
00003a40: d2db a0fe 0234 5ff0 132d 32fd 26ee f6dd  .....4_..-2.&...
00003a50: 14bf 5bf7 98b1 34d6 d8f2 c511 d26c 4be6  ..[...4......lK.
00003a60: 085d 923c c33c 1dee 3b1e 06b1 08d7 e65a  .].<.<..;......Z
00003a70: 0dfc d9a4 da41 81ef db35 24c5 087f 0609  .....A...5$.....
00003a80: 0b2b d608 a424 e7dc 2b0b ff05 b5f8 b0c6  .+...$..+.......
00003a90: 275a 1607 1502 f30f 0cef b669 d6ed 2af7  'Z.........i..*.
00003aa0: e6f9 162d 13b0 34e9 e724 e409 1426 07e9  ...-..4..$...&..
00003ab0: ec13 1827 15bc 1d2c ef00 572a 4f56 b0ab  ...'...,..W*OV..
00003ac0: f8fe f70a 2b23 c944 ecf0 c640 9736 c2e5  ....+#.D...@.6..
00003ad0: ddc0 069a e705 e0c6 1bf6 9cb7 d181 014e  ...............N
00003ae0: 0ef5 dbf4 6518 04a0 1e00 38f9 e642 0def  ....e.....8..B..
00003af0: d921 130b 21ad 243c 031d 3e19 4924 ac24  .!..!.$<..>.I$.$
00003b00: d17f 4029 0fdc f0ef 37d5 dd34 e526 19d9  ..@)....7..4.&..
00003b10: c7f8 c403 fe2d dd13 2efb 1ae3 cbde bf4d  .....-.........M
00003b20: 24c6 fcb9 75e9 f52f b5ea dd5a 156c 2dc5  $...u../...Z.l-.
00003b30: 2914 f847 77e1 4c21 01e2 19fa 0319 cd79  )..Gw.L!.......y
00003b40: d74f 0a42 df14 5d18 f6ce afeb 0438 138a  .O.B..]......8..
00003b50: 0be5 f7b7 ef31 f1c7 27e4 c226 0f14 6a10  .....1..'..&..j.
00003b60: 0bff 89ea 0a67 15f7 a9ea fae8 0516 b1fd  .....g..........
00003b70: 7f54 04dd 2ef4 e0ec a90d 18fd 693f a758  .T..........i?.X
00003b80: e14d ae23 b62d 268b dcbf 0cbc acee cabc  .M.#.-&.........
00003b90: 65f9 0ce3 1427 1b4a 3003 a50f fd49 4f0d  e....'.J0....IO.
00003ba0: 9e14 8efe b75f 0915 fcff c481 2de7 f32b  ....._......-..+
00003bb0: 38d1 c709 ad29 8eac 22d7 cc5a fcf9 cc7f  8....).."..Z....
00003bc0: bf3a 5203 1955 2bd5 031e feec 254f 25c7  .:R..U+.....%O%.
00003bd0: f9d6 2c23 b023 332e 031f d7e6 e263 f5f7  ..,#.#3......c..
00003be0: 79fb a701 c6f9 f949 1900 dbe2 f718 016d  y......I.......m
00003bf0: 2b1f a3f5 0825 c9d8 f539 0512 3ab9 10b4  +....%...9..:...
00003c00: e633 1718 25ec c108 0b65 e51b 10ed 2eeb  .3..%....e......
00003c10: bed9 7f0d a9af 57b7 cbb5 079b 16f2 d926  ......W........&
00003c20: e208 0be1 28f5 17b2 3c05 f625 ed41 3926  ....(...<..%.A9&
00003c30: f0df c9b2 31d6 f659 4a87 ece2 1926 3735  ....1..YJ....&75
00003c40: 2be6 e3cf adeb 27fa 2d93 b767 e95f 0b1d  +.....'.-..g._..
00003c50: 1cef 92f6 ff4c d681 1d05 3409 29af 60fe  .....L....4.).`.
00003c60: 25ea fec5 4625 ec1b b0eb 0b1c df14 bc22  %...F%........."
00003c70: f915 1824 5d91 35aa 34e4 9443 b9b8 6a01  ...$].5.4..C..j.
00003c80: d4ef 6298 22ec 3dfc 2019 4c29 22fa 0e0a  ..b.".=. .L)"...
00003c90: 19d1 ff5b 2212 4a20 dc0c 27d8 fb56 d1cd  ...[".J ..'..V..
00003ca0: 056e ccd6 c0ba fafe 7fa1 efd4 ebea 016e  .n.............n
00003cb0: f807 b3d6 bb3e 4305 1cef e71e 1ce0 c9d3  .....>C.........
00003cc0: f81f 1037 0def 27ee 7f37 1751 e2c4 14cf  ...7..'..7.Q....
00003cd0: 0ab0 1626 f5e9 27dc 19b7 05ce c106 d83e  ...&..'........>
00003ce0: c52e b5c0 e1dd 428e 1528 e2ea cbc4 e354  ......B..(.....T
00003cf0: d7e1 b2ba d7fc 020c e036 2706 fcf3 be3b  .........6'....;
00003d00: 0044 193a f9fc ebed 42e4 ee17 efdd 0081  .D.:....B.......
00003d10: fef9 2d2f 05fa 260a 1af4 e50d eb3d 0631  ..-/..&......=.1
00003d20: dd2a b2c1 d3e6 27cf ecff b9cd 061d c619  .*....'.........
00003d30: 46ed cd1c 0efb 0aee 18fc ffd8 ef00 fa0b  F...............
00003d40: e1e0 071c e30a 44ff cc11 0dd8 0b02 e6f3  ......D.........
00003d50: e128 a20b 7be5 e1c4 174e 1801 f22d 034f  .(..{....N...-.O
00003d60: 7f0d e6f5 1e1e e428 dfb1 fe3b df15 118c  .......(...;....
00003d70: 5546 3051 e530 5f29 c838 7d81 4466 efbe  UF0Q.0_).8}.Df..
00003d80: 2cdc 8c2e b802 f0e9 0cf3 e412 97b6 b53a  ,..............:
00003d90: 1552 249d 35cd b608 1403 d10b 0cb8 262c  .R$.5.........&,
00003da0: eb01 084a 37e8 08f1 af44 2436 1120 0b90  ...J7....D$6. ..
00003db0: bd0f 6b2a 05a5 f511 0e25 fd45 4f11 dcf0  ..k*.....%.EO...
00003dc0: d630 ff52 e1a6 fcf1 eb1f 4bf4 02d8 d0dc  .0.R......K.....
00003dd0: 622a 3922 e5e0 1a03 3381 c5ea d104 f3d8  b*9"....3.......
00003de0: db00 251f 01d3 3bca def6 dbda 08e4 1509  ..%...;.........
00003df0: 24ea ecca 17cc a3e7 a02a 7fc3 402f fc98  $........*..@/..
00003e00: 3eed b4f6 11b0 f31b d315 2c17 b59b c249  >.........,....I
00003e10: 395d 2be8 35dd f344 3030 10ee dbf9 c14a  9]+.5..D00.....J
00003e20: f311 004f e1ee fecd f630 0a2b 08f8 3592  ...O.....0.+..5.
00003e30: cfc0 4735 f7e4 0307 013c 3224 ed22 0e81  ..G5.....<2$."..
00003e40: e5f0 d8fe 34cd f30d 5034 1d41 04d6 c3f7  ....4...P4.A....
00003e50: 38e0 5f18 d8dc 2b29 fbe9 02b4 e806 c824  8._...+).......$
00003e60: b951 d019 c6c0 1fa2 6814 e5ad ece6 fb2d  .Q......h......-
00003e70: afb7 d6d2 b4ff dff7 42e7 3215 1dbf a90d  ........B.2.....
00003e80: 0522 d34e ff26 1ada 812c 18c9 683a 56df  .".N.&...,..h:V.
00003e90: 30ac 43df faae 032f e4e5 ed8f 3f14 d0ed  0.C..../....?...
00003ea0: ecd2 3d25 f856 f502 004c 5e0d 1116 23c1  ..=%.V...L^...#.
00003eb0: 40eb ee98 470b d2a2 b501 5025 0645 ded4  @...G.....P%.E..
00003ec0: 0de6 ebd8 d2f8 370f c9fe 57d1 dec3 d97f  ......7...W.....
00003ed0: fc56 07cc 03ef c131 2047 ce15 f514 031c  .V.....1 G......
00003ee0: 251b e936 d9e5 f824 01f5 301d 1309 f0a0  %..6...$..0.....
00003ef0: e6fe 722a d646 e70f c819 dcce 17c5 13e3  ..r*.F..........
00003f00: ecf6 2cc7 2e23 3533 da17 12e4 13d9 0b7f  ..,..#53........
00003f10: cfd8 2ca4 eae2 fe24 bed3 038a 1dfe 01e3  ..,....$........
00003f20: d404 0a27 0dd6 0af3 17df 1d4c f04e 6195  ...'.......L.Na.
00003f30: 9233 02ee 27da fe52 ffe6 0629 4003 2808  .3..'..R...)@.(.
00003f40: f41a 110f cedb 32fb c604 34f7 273e 32f3  ......2...4.'>2.
00003f50: 1de2 7f00 cc09 351b d9c0 f9b7 2720 d9a7  ......5.....' ..
00003f60: ce12 2428 e500 25ee 15eb 0b0a e613 0207  ..$(..%.........
00003f70: 1fd2 eba1 43dc d9ad 9dec 0324 2847 2ccb  ....C......$(G,.
00003f80: fcfd fbde 00a6 fdd3 1e21 6006 b4a6 de24  .........!`....$
00003f90: 5557 f321 2144 0f32 313f 0c50 b8fc d01b  UW.!!D.21?.P....
00003fa0: fece 1137 f0d4 06f5 1dca b600 17dd 12d4  ...7............
00003fb0: e6c5 0f7f c923 1acd 17d2 f51b c24b fd6e  .....#.......K.n
00003fc0: 081b 3f07 d9f6 70e7 47eb 0907 174d dcdd  ..?...p.G....M..
00003fd0: 4948 9a11 3b7f d702 fc34 d519 ab2e 1912  IH..;....4......
00003fe0: 5be6 e5e9 eac2 eb53 b592 e002 2802 c719  [......S....(...
00003ff0: 5c48 2f46 2216 43bf b936 72c0 0f7f a9cf  \H/F".C..6r.....
00004000: 44e9 ae35 c118 dbf9 05c5 f5eb a1d4 cff5  D..5............
00004010: 0b4a e4e2 2a02 ae14 2555 e534 f5e1 2236  .J..*...%U.4.."6
00004020: f1d5 3042 28dd fa16 b751 0e32 23ea 1c94  ..0B(....Q.2#...
00004030: 062b 3f19 df09 0332 fc2c 2530 e637 b04d  .+?....2.,%0.7.M
00004040: 2126 0a22 cc02 63fd 1bd7 010e bc2d d0e4  !&."..c......-..
00004050: 2945 ca14 2d12 f537 2042 de09 e67f 292a  )E..-..7 B....)*
00004060: 01fe fc29 c2d3 ed63 bde5 bbd6 54f5 edef  ...)...c....T...
00004070: 5925 155c 1918 03de e414 ea09 4bc9 1299  Y%.\........K...
00004080: 02e2 a2f5 211c e519 fe58 1ef5 d8e7 1019  ....!....X......
00004090: bcaf 60ce aca6 2ab2 d8d8 dfc7 0ccd 1404  ..`...*.........
000040a0: dc27 ec25 0e18 07c3 3c32 3df7 baea 174b  .'.%....<2=....K
000040b0: def8 f181 b9d7 b370 020b ff5f d2f3 03eb  .......p..._....
000040c0: d704 2c1b 03da 3b08 1c2e 53e7 0904 02e0  ..,...;...S.....
000040d0: 1008 1a46 24e9 321c 0a3f 0ebd eb7f d918  ...F$.2..?......
000040e0: 3f26 ffff b5dc e922 1ef3 e103 f906 0d18  ?&....."........
000040f0: 3cf1 faf7 0751 29f1 1dac 9762 e20d 217f  <....Q)....b..!.
00004100: e33c 4deb d7f6 70d4 3cd8 2a08 3557 18c1  .<M...p.<.*.5W..
00004110: 43f4 d20e 0468 44d4 f913 f21d e23d 1abd  C....hD......=..
00004120: 2d11 ccde ba0a 0e1a 0898 ddd5 eae5 bf4b  -..............K
00004130: 4df7 d706 141d 109e 18f6 17bd 06fa dbe2  M...............
00004140: 2cf3 af04 e41c 1f29 e2f9 2aef e4ec fd1b  ,......)..*.....
00004150: f516 d3ac f8ff c4c3 ee2b fe08 e1ff 1013  .........+......
00004160: e5dc 2d2f 3813 edf6 b90d 0d20 5d2d 1681  ..-/8...... ]-..
00004170: 2e1a 5e21 fada 1314 ddde 4319 0e3e c835  ..^!......C..>.5
00004180: e73c 0914 fce3 24eb 27ca ea1f de3c 2be1  .<....$.'....<+.
00004190: 02ef af11 0731 ebe1 7f33 fe18 fcca 274a  .....1...3....'J
000041a0: 56e8 c2be 501b f93b d4e6 f62e 1b16 e11d  V...P..;........
000041b0: f519 2659 3e08 30ea a937 7fb7 1e62 9afc  ..&Y>.0..7...b..
000041c0: 21d9 d321 f125 c8e3 eeee bce6 bcc1 b0fe  !..!.%..........
000041d0: ee4d eb04 1012 9c3e 354c d527 e803 0f54  .M.....>5L.'...T
000041e0: 0fc9 eb57 11e0 f141 a835 f504 30fb 229b  ...W...A.5..0.".
000041f0: 1427 3f79 e30a e700 2853 6fa7 3cea e6ed  .'?y....(So.<...
00004200: e6f5 f87f f210 d1b3 15f2 e108 00ad fce7  ................
00004210: 0735 5dff 53e9 f362 0df0 f3ee 6912 0acb  .5].S..b....i...
00004220: ad3d 36f0 2615 32c8 d609 2d1c 2a31 e4a8  .=6.&.2...-.*1..
00004230: ecd7 0b2b e7fa f1bf 6013 c4f8 c0dc 2526  ...+....`.....%&
00004240: ac15 3bd8 fae2 4dff ac48 2ec8 5d05 5333  ..;...M..H..].S3
00004250: 0ad1 f831 23cf 1a1b ac35 10bc 2578 f4d6  ...1#....5..%x..
00004260: 74e4 e9e0 c92f f232 69f7 1713 20d0 20fd  t..../.2i... . .
00004270: 712e dcba 4d7f 3dfd d6f0 cb73 afe2 1acf  q...M.=....s....
00004280: d0d7 4fe5 fcba 3648 0353 66f7 11f8 1d35  ..O...6H.Sf....5
00004290: 1f3b e64a 2d28 3911 ec55 40ea 9057 f63a  .;.J-(9..U@..W.:
000042a0: 7fdb 1d17 eb86 f21d 3e91 fe34 1ac9 eafe  ........>..4....
000042b0: 3126 1226 d766 5d38 27f3 3604 ee36 1d1f  1&.&.f]8'.6..6..
000042c0: 2d1e 0be1 c4ec 01dc 21f1 da23 e738 f00f  -.......!..#.8..
000042d0: 3352 e50a f922 f80e f35e fc02 1a31 17d5  3R..."...^...1..
000042e0: e7f8 0b19 dceb 0c39 0df1 e4f0 2801 f59f  .......9....(...
000042f0: 3adf fc76 27cd 1b81 cdf8 036f e705 0dc1  :..v'......o....
00004300: 0d17 1dac 4ba7 5722 5121 63ff cbd4 16f4  ....K.W"Q!c.....
00004310: 542e e00f fc3d 4e26 2c73 f43f bd4d dc43  T....=N&,s.?.M.C
00004320: 0b4d af16 8cd9 09fa 54bc eac3 e4af d816  .M......T.......
00004330: 31da d44f 815a bbf5 efe2 0d1b 43fc 17fc  1..O.Z......C...
00004340: 0add c41f bb06 36cc 8ef9 41dd e100 0e27  ......6...A....'
00004350: 3224 39d4 0cd1 dc1a 00e8 e3d4 2a3b 20a5  2$9.........*; .
00004360: f10c 185a e47f 120e fb0c 2005 21f8 0dd8  ...Z...... .!...
00004370: 1e05 21bc 0a13 c0ce 4201 df68 fbc7 34ff  ..!.....B..h..4.
00004380: f133 2dc5 5fdf f0f8 434f 0510 252d 15b8  .3-._...CO..%-..
00004390: cedb 4111 a402 5bf8 ca1a ffd0 ef4d c8da  ..A...[......M..
000043a0: e50c f801 da0b 0cf1 5df3 c1b8 e1fb 0d6f  ........]......o
000043b0: 3fc2 81d4 e929 c5f8 a0f7 39cb 6c4c 83de  ?....)....9.lL..
000043c0: 9e14 e951 28ed e8ce a924 da07 0ada cde1  ...Q(....$......
000043d0: 14fd 2701 a24c df71 7601 f235 c0dd fb4e  ..'..L.qv..5...N
000043e0: 29c3 c72e 4412 090e f006 e1fa 41ec 08ef  )...D.......A...
000043f0: fa22 f432 c513 81cd 0405 1fb4 2417 ffb1  .".2........$...
00004400: 42e1 951a eef6 e345 242b ff36 bdec f61d  B......E$+.6....
00004410: ce26 17cf caa3 d4c1 ecbd 23e0 1281 ec13  .&........#.....
00004420: dbf1 4b1a 50f0 e8e3 a05b 2355 e71c fbbf  ..K.P....[#U....
00004430: c10c 64be 3ba0 1339 d13a 01dd 29ff 1db5  ..d.;..9.:..)...
00004440: 30e5 81f9 ec03 cf1c 1155 33f5 b994 f924  0........U3....$
00004450: dc4d 51da f58b e9d1 d3fc d5f0 f9d9 f4f8  .MQ.............
00004460: d415 4758 09c9 e2b0 bf56 1828 ddd5 1ed7  ..GX.....V.(....
00004470: a5f2 77a1 e7d0 f07b facf e203 2ec9 eec4  ..w....{........
00004480: ff0b a6f4 cbf9 102e d03b 2412 0a41 2321  .........;$..A#!
00004490: e8bd fef3 eefc 089a e2e2 2a86 f2ac defd  ..........*.....
000044a0: 24b0 6204 270b d019 e736 5548 07e2 2dd0  $.b.'....6UH..-.
000044b0: 1eea eda7 7fac 0520 02b4 d82b 0a20 eb46  ....... ...+. .F
000044c0: c433 2b23 ee11 2c0c c9db dadf 2f3d 35d4  .3+#..,...../=5.
000044d0: e4f2 10eb e745 14da eafd f4fe e911 2fde  .....E......../.
000044e0: 16e1 9cd1 e91b 3008 f4c9 0ae4 14ee b402  ......0.........
000044f0: 7f17 dbd1 1906 f7de f123 e0c0 e93d e34d  .........#...=.M
00004500: d81b 251c d923 2ebf 59c6 cef0 acde a6ef  ..%..#..Y.......
00004510: 2540 97ff 3d36 8d2c 0927 b97f 01fb 4c12  %@..=6.,.'....L.
00004520: 00da d9da 26f3 ee21 8dce db23 543c 04eb  ....&..!...#T<..
00004530: 185e 1872 dc08 190c eb19 39f5 1805 ceaf  .^.r......9.....
00004540: eae2 d003 0707 dc1f 813c deeb ebe0 f466  .........<.....f
00004550: dae2 27c5 f1aa f3fc db03 ccd8 17f2 ee12  ..'.............
00004560: 18c6 2655 09ff ede9 4314 60f3 04fb 4de2  ..&U....C.`...M.
00004570: d41a 12f0 f4ec f33a faf4 efd6 077f cd56  .......:.......V
00004580: bd30 1426 d844 fcc8 1ad1 b1d8 cc1c dfea  .0.&.D..........
00004590: 0306 adf7 2e42 bde0 fd11 a363 ebea 4f05  .....B.....c..O.
000045a0: 38c8 f9f5 2ff3 f52c c7d0 fae4 2c44 f7fc  8.../..,....,D..
000045b0: 2647 215d fbf8 0b19 7f49 31ea 27b3 1dc2  &G!].....I1.'...
000045c0: e626 ae73 f9fd bfcc f86d f4de 3b2b 0ec6  .&.s.....m..;+..
000045d0: c6eb 47f5 d7b4 26f5 bddc e7d3 2615 febe  ..G...&.....&...
000045e0: ceea 1f31 0178 c708 d40b eec2 fb44 f50c  ...1.x.......D..
000045f0: 55d1 c6ce d3fb b8ad d941 140c 3020 cdb5  U........A..0 ..
00004600: be0b f387 6de8 f2d2 c704 f0fb 2abb c676  ....m.......*..v
00004610: d906 2e81 ce1c f540 fc08 dd0f 21b5 c82d  .......@....!..-
00004620: 44d4 872e 0120 02fe 51f7 4000 2203 4be1  D.... ..Q.@.".K.
00004630: dbf8 bc34 d6fd e549 e70e 43a7 432d c8da  ...4...I..C.C-..
00004640: 4ae9 8151 c85d f9ec 0e1e ddf7 b9f7 f7fa  J..Q.]..........
00004650: d620 21ce d6a3 caf6 16ed d40e 1bdd 3ff6  . !...........?.
00004660: c101 0b50 451f 00f0 cc6b 2b32 fa10 19b4  ...PE....k+2....
00004670: d11b 3fe9 dbb8 c530 d0de 02f7 006b d27f  ..?....0.....k..
00004680: 0719 023c b32d 08b2 24e6 d7f9 d541 02bc  ...<.-..$....A..
00004690: 1623 ce3f ec48 e11b 324d c661 fdf5 3303  .#.?.H..2M.a..3.
000046a0: 41d9 eef1 0d99 1166 ce08 f51b 15ff d603  A......f........
000046b0: 1954 1b42 fbf5 0fec da7c 6796 3437 a6e0  .T.B.....|g.47..
000046c0: 3ad8 ba63 db2a c6c2 feea b5c3 e7ad d709  :..c.*..........
000046d0: f26e 02db 59ae 9b30 072d aefb 34fe 173b  .n..Y..0.-..4..;
000046e0: e8d8 1241 26f0 fd0f 8147 271c 3a30 0f90  ...A&....G'.:0..
000046f0: 10f5 2762 d1d0 0613 c145 6088 267f e2cd  ..'b.....E`.&...
00004700: 2fd4 b331 ad03 d1f4 49f3 c819 93b0 b013  /..1....I.......
00004710: 185f 13da 1bf6 c814 19f7 d819 fec9 2931  ._............)1
00004720: ba08 f637 27c0 16f9 c143 e0f6 1927 ffab  ...7'....C...'..
00004730: d1f3 514e edac ff0e 08ef 04f9 64e5 dfd4  ..QN........d...
00004740: 3fd6 d771 c7f4 ffda cc22 f9f1 1817 10dc  ?..q....."......
00004750: 25ec 410c e5d0 fbeb f7b3 47ca 0cda 0ad4  %.A.......G.....
00004760: dff9 7f34 010f 04eb 1078 3720 f2f2 35d4  ...4.....x7 ..5.
00004770: f2eb eaaa 3daf ff06 261a 1903 ce06 e1e5  ....=...&.......
00004780: e017 ef26 e6f3 1102 9532 45d6 fbbf ea4f  ...&.....2E....O
00004790: 3a3b b114 7ffb da54 1341 f017 1e4a fc1c  :;.....T.A...J..
000047a0: 2eb5 0937 eb2a fa2b 020e 4d10 2dbc 1195  ...7.*.+..M.-...
000047b0: 3f08 2565 0266 f9cd 3a12 32eb 26d8 13ca  ?.%e.f..:.2.&...
000047c0: 1635 f422 2c0d d100 05ea a307 2008 e7a0  .5.",....... ...
000047d0: fcb1 63c8 c2cc 20e3 f5b6 e7cc 3f02 07e1  ..c... .....?...
000047e0: 8158 abfb 123a 25a6 3817 08c2 cf1f e521  .X...:%.8......!
000047f0: 2ed7 a3a6 d2c4 bbea 02bf f2b0 4b4f 1e19  ............KO..
00004800: fdda c5f7 dfff f5c4 db81 c714 e216 d229  ...............)
00004810: 2b1e b5df 0c4f b20c 2deb ef43 07a4 2ce6  +....O..-..C..,.
00004820: d1f6 0117 21f0 f51e c4d3 1308 2423 eecc  ....!.......$#..
00004830: e113 2948 fab9 28c7 38b3 8b5f cba4 4975  ..)H..(.8.._..Iu
00004840: fd25 7fe2 132b 4aed 2e37 0ef2 364c 4ead  .%...+J..7..6LN.
00004850: c403 0818 a72f 4aea fd24 38eb f377 02bf  ...../J..$8..w..
00004860: 1e35 e1d7 d610 ea4e 1ad8 aaeb f100 db78  .5.....N.......x
00004870: 6018 c8e3 2932 bfd0 0394 8169 d8a2 6648  `...)2.....i..fH
00004880: e0f5 35b6 3007 3d09 ee0b 56d1 6e1a 21ed  ..5.0.=...V.n.!.
00004890: 0be6 e427 d041 36f2 fa02 3022 d62f e1a5  ...'.A6...0"./..
000048a0: 4117 e7dd e215 ee1f 1fb1 0bf9 e69e d05a  A..............Z
000048b0: 2b11 cc9d df5f f6e2 18f9 cd52 a719 ff52  +...._.....R...R
000048c0: d35c 5305 e2f3 7fc9 6f13 2e08 091e f1a5  .\S.....o.......
000048d0: 1456 bc17 0965 102f 434c 045a bc3a 4309  .V...e./CL.Z.:C.
000048e0: 5bfe ade7 e90c 2b44 c7c8 a116 2b06 da26  [.....+D....+..&
000048f0: 633e 0161 e737 1de3 cd4b 3e2f 0bd0 188c  c>.a.7...K>/....
00004900: e628 d314 15e9 2d57 023f 231f aad7 dd48  .(....-W.?#....H
00004910: 0d17 43cd 12a6 2318 c3f5 01ba 07ed cf70  ..C...#........p
00004920: dc11 f616 f6e6 fa90 2df3 4142 0316 4b81  ........-.AB..K.
00004930: bcf1 0cb7 0dc6 ec5c 8137 40f3 6149 f7ea  .......\.7@.aI..
00004940: 0403 c550 d3bc 18e2 f4dd 320e e2dd e6fb  ...P......2.....
00004950: 4557 0235 f64e 0524 3d28 283a a502 f72f  EW.5.N.$=((:.../
00004960: 09d6 1735 3e21 0be9 d8f9 e246 340b 0ec5  ...5>!.....F4...
00004970: 4ad8 115a 29f8 2ee5 31cb 9d5f e491 4c07  J..Z)...1.._..L.
00004980: f40d 4ce6 3cf1 100c 1140 2b0a 5f22 32c8  ..L.<....@+._"2.
00004990: fdaa 3d32 d1f3 6fd1 d8d9 1dc5 d658 e3cd  ..=2..o......X..
000049a0: ed3b dce8 b127 05dd 7fdc d89e d4d6 e279  .;...'.........y
000049b0: 3bc7 8da0 cc41 e3de ee1f d47e d89c 59ae  ;....A.....~..Y.
000049c0: f718 13f1 35c1 3c3c 2350 6b1e 04d9 39eb  ....5.<<#Pk...9.
000049d0: 06e2 5e29 dfc8 5d32 e8da 56c7 d350 bbe6  ..^)..]2..V..P..
000049e0: b751 ec1b 8a07 fbad 5ff6 c3f3 d0cf 1d14  .Q......_.......
000049f0: 16b8 c681 d737 ee24 22fa ff31 1bf4 efd4  .....7.$"..1....
00004a00: 08af 0a11 2e0d f131 f22d 1600 0f0c 1a09  .......1.-......
00004a10: cae7 7fa6 b0c0 f511 edfe e583 d3f1 b5fb  ................
00004a20: 3f41 1e17 f4ec d608 2025 41fd a61e 2a4c  ?A...... %A...*L
00004a30: edf1 e785 d5e1 0036 a0db 03e7 3c60 efb5  .......6....<`..
00004a40: 1bce e51f cd20 30dd e704 3708 fee9 dff5  ..... 0...7.....
00004a50: f332 7fdc c620 e730 12c7 00dd dac9 fbef  .2... .0........
00004a60: d12b f768 f6c0 09d4 eb43 080d ce00 f5f9  .+.h.....C......
00004a70: eae3 298f c500 d504 9d7f 6f9f 0764 9be6  ..).......o..d..
00004a80: 12e8 da2d d44a b4d6 04fe b9f7 8fd6 b9dc  ...-.J..........
00004a90: db52 09df 1d02 a645 1e2d b42d f7de 3459  .R.....E.-.-..4Y
00004aa0: eff1 143b 28db 102a bb34 d51b 2c3c 41a6  ...;(..*.4..,<A.
00004ab0: e039 555e f5cc f839 23f7 5310 fcf1 af55  .9U^...9#.S....U
00004ac0: d959 2f51 f315 3220 c413 cfcc 473e 4005  .Y/Q..2 ....G>@.
00004ad0: deff 3ae9 c3f7 052b faeb d0d2 3058 17c8  ..:....+....0X..
00004ae0: fde8 fa18 d145 f73f dccc 0e46 0b19 22fa  .....E.?...F..".
00004af0: 2809 1ae3 441d 8199 fd0d d606 311a 08d8  (...D.......1...
00004b00: d56f 59ed 2c93 dbc3 0f02 3140 4a85 0aea  .oY.,.....1@J...
00004b10: 69f9 3f21 157f 2017 cdb1 2b02 9d21 aa29  i.?!.. ...+..!.)
00004b20: 90d2 e71e bc12 ff9b 2aac cac9 afb4 0308  ........*.......
00004b30: 37fd ba22 e05d ea8e 1e36 de22 e0bd ed25  7..".]...6."...%
00004b40: cd42 1e2d 04fb 01f4 4935 e319 defd f1db  .B.-....I5......
00004b50: 01ff f420 23e4 3704 e0ff e20d f77f 2c02  ... #.7.......,.
00004b60: d2ef d8db fc40 1d06 0eb3 a5da 3526 0e0e  .....@......5&..
00004b70: 3b07 cf35 dd2b d3e8 c959 41c5 e934 ab17  ;..5.+...YA..4..
00004b80: 0301 f712 c134 f7d5 31f4 d4e0 bfe5 d40a  .....4..1.......
00004b90: f234 c002 55f4 d703 fb39 e829 0ae9 2b5a  .4..U....9.)..+Z
00004ba0: ffd4 f0cf 1edc 1534 c90b d419 453f 08b6  .......4....E?..
00004bb0: ef17 297f 14f3 250d 6726 fd0a dcc0 cc0d  ..)...%.g&......
00004bc0: ba65 057f 1604 2101 2739 e121 3807 0ded  .e....!.'9.!8...
00004bd0: fe13 16ef 23cf 1eef e7c8 e001 0e5c 27ed  ....#........\'.
00004be0: 0cd1 cdf2 3d78 13f1 b6ca 0216 221b f70e  ....=x......"...
00004bf0: 4b21 dbee 0412 d2e4 3ec7 d0f0 4ce4 e3d2  K!......>...L...
00004c00: f6e9 dc35 1a23 de07 dc21 080a 4014 e9ff  ...5.#...!..@...
00004c10: f0bd 2ce5 aaec f5e1 e181 e2b4 04bb dfe1  ..,.............
00004c20: c7cb 382b 462d 04c5 db2a 3905 bf09 162f  ..8+F-...*9..../
00004c30: ccf0 e9a2 03bb d4d5 674f 04f4 dda9 acc9  ........gO......
00004c40: fd5d ea5c 17f6 ec17 345c db1a 05c6 10f4  .].\....4\......
00004c50: ea07 24e8 3694 130f c7c8 eaf0 177e 0af1  ..$.6........~..
00004c60: 8ce6 f82d db7f 1db5 d914 e1e2 16ff 16c9  ...-............
00004c70: 2efa cedf db18 9adb 72ca ef02 f906 f652  ........r......R
00004c80: b130 5521 2d04 3fe0 e9c7 bef4 402a 0ad1  .0U!-.?.....@*..
00004c90: e6ab 0291 f1f9 fadb 28d5 b2c9 3a0f 02eb  ........(...:...
00004ca0: 5e42 87b3 0a49 e618 c8af 4d01 cb24 cb7f  ^B...I....M..$..
00004cb0: 3d40 e8b7 1c04 f6cd 10bc b260 0acf 4a61  =@.........`..Ja
00004cc0: 9305 6ecc 2bdd 39c7 d90e 25e0 3b15 1207  ..n.+.9...%.;...
00004cd0: 0cf1 c538 eb1f 241f 0a17 0ae7 e75f d1ce  ...8..$......_..
00004ce0: 6c0f bebe fc21 ce33 5081 cffd 131e f657  l....!.3P......W
00004cf0: 531c cf1d 0e60 44eb ecf9 3215 0c24 ed40  S....`D...2..$.@
00004d00: fb2e 4d1b 320e f3dc 46f7 c9e0 1221 04ac  ..M.2...F....!..
00004d10: f213 18e1 bc0c ecf2 20ed cbd9 e804 fa03  ........ .......
00004d20: 1924 a2dc 250b 0f06 bddf c119 0208 c57f  .$..%...........
00004d30: 0426 09d2 140f c5db 19c9 1bd8 505d e7ed  .&..........P]..
00004d40: e002 dd06 ecf2 ebbf 81e1 e804 0be4 ce02  ................
00004d50: 28fd 17b8 cd23 cb18 43f6 d108 2cb0 05eb  (....#..C...,...
00004d60: 2ffa d253 1316 11f9 ec0d 39fb f813 0cf3  /..S......9.....
00004d70: 0813 0519 fecb dbb2 1931 4acb 00fb e3d9  .........1J.....
00004d80: 2219 b908 d50e 1012 c7c4 f007 06f9 1a18  "...............
00004d90: d10f 4481 ffcb 0df9 dced 0bed 50dc 30ee  ..D.........P.0.
00004da0: d826 1d30 0a2a f2f9 da44 532b 1b33 1f9d  .&.0.*...DS+.3..
00004db0: 14ff 12cf 02d7 ea29 6050 c31c a9ac eada  .......)`P......
00004dc0: ce5f ef35 07ec 100a 4f72 260e 06ee 0204  ._.5....Or&.....
00004dd0: f807 0e20 18d4 3c06 bdf6 2312 f77f 2ddc  ... ..<...#...-.
00004de0: 9be2 fe27 e63b 30e6 1fce b2df 3a00 1dcf  ...'.;0.....:...
00004df0: 4810 b219 d22f bde6 6a3b 3fbf 0e14 83c8  H..../..j;?.....
00004e00: 1651 d758 37d9 e31f 29fe a426 0091 c2e2  .Q.X7...)..&....
00004e10: 1225 1996 45c1 f81f 17d1 d7fe 0b45 f903  .%..E........E..
00004e20: 91d2 e643 0f7f 27a6 a403 0ce2 09df 02c6  ...C..'.........
00004e30: 0908 d4e8 c6ec 8af2 95a2 f509 2f54 3e4b  ............/T>K
00004e40: 15d6 47d1 dcd4 1cda f381 df29 c833 e701  ..G........).3..
00004e50: 4003 e441 f466 0e29 3404 34fc e7cb d7fb  @..A.f.)4.4.....
00004e60: f114 2ccf f6a8 d21e 2ca7 b1d1 dc5a fa14  ..,.....,....Z..
00004e70: dbc8 e857 39dc 3fa5 0a94 8b7f fa09 3e2f  ...W9.?.......>/
00004e80: df26 351d 99d7 4ad0 0f23 522d e531 2bcd  .&5...J..#R-.1+.
00004e90: 320b 1d3c ef5d 3fb3 f1b3 152d ded6 4eb9  2..<.]?....-..N.
00004ea0: 2a11 0afe 0fbe 3feb 33b6 f61c f10c e03c  *.....?.3......<
00004eb0: fedb 07bb 42ca 1bb7 c42b 7fb6 2b44 b5f8  ....B....+..+D..
00004ec0: 3af9 d60a f20b dffb f7b0 c201 d3e0 e3f2  :...............
00004ed0: df28 09b9 fef6 c41e 3c11 f9ff 2aba fc3c  .(......<...*..<
00004ee0: e717 f814 1cef 00fa b44a 131f 0321 05ca  .........J...!..
00004ef0: d9f5 2929 09bf ea0d 12af 825b b981 5a16  ..)).......[..Z.
00004f00: ebb5 44ec 2d16 420c f435 58dc 5427 29f2  ..D.-.B..5X.T').
00004f10: fec8 0b60 ddfa 33f5 dc13 3ddc d162 e9cc  ...`..3...=..b..
00004f20: 3a36 04ee bc0c d625 5ee4 faed c7c1 fd6a  :6.....%^......j
00004f30: 230d df9d d777 2a1c 1c17 ad3b c0b4 fa48  #....w*....;...H
00004f40: bd2f 7ff9 30fe 0aef 293a f8e6 1420 03b6  ./..0...):... ..
00004f50: eaf8 d028 fb13 52f5 e434 0cf3 c166 ef19  ...(..R..4...f..
00004f60: 1e1c b5b2 ce1c 0c14 3e9a 86ca 1222 e950  ........>....".P
00004f70: 541d bc23 f752 fd09 e69e 0533 266b fbdd  T..#.R.....3&k..
00004f80: 03e0 0001 2822 30f6 1d1e 1d31 5922 baf5  ....("0....1Y"..
00004f90: 2404 1d0b 814b d804 13e5 cad9 aec2 052a  $....K.........*
00004fa0: 6de8 9b3b 07b4 42fc 091c 1adf cbbb de6f  m..;..B........o
00004fb0: aa30 0202 decf dec2 0518 47ff 10eb f2a6  .0........G.....
00004fc0: 1a0c e2d5 f8e5 1a21 81f2 22ef 1ce1 3535  .......!.."...55
00004fd0: d309 3b92 c5bc 0b03 d33d 21aa 363b f4e5  ..;......=!.6;..
00004fe0: e839 1059 b833 d303 1610 2b48 0011 358d  .9.Y.3....+H..5.
00004ff0: 33eb fec1 1afd dd00 d581 c839 5011 37df  3..........9P.7.
00005000: 0513 c4f1 edb0 073d 0509 0947 c54f dde5  .......=...G.O..
00005010: 3596 1c2d bc1e 0bb5 0bbe dcd9 c9a5 f43f  5..-...........?
00005020: f9d0 1003 2ebd 17e0 3bed 12e3 eaec f530  ........;......0
00005030: c6f7 cfca 43d4 0be3 8163 7bd5 f33b d353  ....C....c{..;.S
00005040: 4002 07e8 de3f a7f7 70bb 9dc9 a110 e8d4  @....?..p.......
00005050: db43 dcf7 13fe ec04 213b e942 03ec 1338  .C......!;.B...8
00005060: e60b facc fc95 0228 d631 ade2 1549 e80b  .......(.1...I..
00005070: ef04 2e78 10e2 f946 dfef d74f 20e9 1c78  ...x...F...O ..x
00005080: ca1b 2261 c52c 1bd7 4dfb c8db d674 2fa1  .."a.,..M....t/.
00005090: efe2 f605 d20a 31d0 f73d c902 0777 50ce  ......1..=...wP.
000050a0: d21c fff5 2048 c46b f6a7 91c3 3265 f71f  .... H.k....2e..
000050b0: 7f06 fb0f de35 e1d7 ca25 4dee 302d ddeb  .....5...%M.0-..
000050c0: 19f8 bed8 d2ee 08fc 83c2 34ed 02de 1342  ..........4....B
000050d0: f62c 20cf 1d14 e845 ec25 0ff0 35f0 effc  ., ....E.%..5...
000050e0: f9d6 544c ea10 d226 ea29 2f2b 1f0f 3981  ..TL...&.)/+..9.
000050f0: 41d9 1715 0710 1bf6 0ef4 0304 d1d0 f402  A...............
00005100: 2317 0e3a 1518 ec38 673f bf26 d013 08e1  #..:...8g?.&....
00005110: 00cd f07f 1d93 22fd f4e4 1ef4 e747 1228  ......"......G.(
00005120: bb15 f9c7 040f 08ba 0c06 b4e2 07fd e616  ................
00005130: cec6 d005 fb1a f1f1 6afe f6f7 dea0 0a34  ........j......4
00005140: f937 1438 d841 0c1f f114 cbe0 4f52 23b8  .7.8.A......OR#.
00005150: adee 27df c7c4 3395 e5b1 faf1 4af9 419f  ..'...3.....J.A.
00005160: 1f32 f5e2 0f73 fee6 d821 251f 0b1d e91b  .2...s...!%.....
00005170: 2513 0781 4bd0 b909 ac03 56f9 157f dc29  %...K.....V....)
00005180: f1e5 f0fd da1e eae8 27f2 e110 c320 daf9  ........'.... ..
00005190: 281a 03f7 0643 c809 1f2b 9910 e4eb 1451  (....C...+.....Q
000051a0: 22f5 bb02 1dbf 151a e3f4 eaf2 131a d215  "...............
000051b0: ee1c 2d5a ff01 e8e3 03e4 6c92 7076 c9ff  ..-Z......l.pv..
000051c0: 1215 a62f b303 f0dd 9791 dbfb c2df bf08  .../............
000051d0: 0340 19a3 fb1f 951e 1807 c707 42b5 070b  .@..........B...
000051e0: b7fc 0540 231f f4ff a229 3d13 1b35 f481  ...@#....)=..5..
000051f0: 1c07 3c1a feb6 f9c8 00aa ba2a 1105 2eff  ..<........*....
00005200: f8df 05aa ffc8 13fc d8fc 40fa 311a 1a23  ..........@.1..#
00005210: 0ce8 b22b fa45 f5c8 0a1c 41f1 dcb8 ccf6  ...+.E....A.....
00005220: 5bd3 27d2 3be0 dd2d 05ca 2341 d7c7 f921  [.'.;..-..#A...!
00005230: 1015 25ee 2318 7f0e e2fe 34ef 0f7f d2f0  ..%.#.....4.....
00005240: f2e3 fd1f 002e ead3 0d2c ed07 fde9 87ce  .........,......
00005250: 1038 27f6 cc39 c22b 2bec 9a1c cfe2 191a  .8'..9.++.......
00005260: 260a a24a 0bd9 3ff4 f022 deec f7f3 d21f  &..J..?.."......
00005270: d32e 1b02 bb05 c2dc c5ec e50b 0847 0046  .............G.F
00005280: e6e0 28e5 efdd 28ab 11bf efec fdf8 d2fd  ..(...(.........
00005290: 2f2a d132 107f e940 223e 0147 ddee 0412  /*.2...@">.G....
000052a0: 28d7 01fd e9d5 e230 e7c9 cee1 2e01 f306  (......0........
000052b0: ee0a 0d6b ed27 2098 19e2 65db 3bef 1717  ...k.' ...e.;...
000052c0: 28dd a3fb 02df f23c 8cb0 c724 f238 04ee  (......<...$.8..
000052d0: 09c4 c439 1712 bbe9 1e7f 10ff 1313 e841  ...9...........A
000052e0: fed3 0715 cbfd db25 281c 57f9 e5ed 0cac  .......%(.W.....
000052f0: 4ad1 cf5b 33e7 3af4 a3e6 fe4f 0224 1925  J..[3.:....O.$.%
00005300: fbe6 33f6 fbfb 1751 2518 e8fd ca57 3681  ..3....Q%....W6.
00005310: f6c2 6219 a801 56d8 f2ec e6c5 f019 2528  ..b...V.......%(
00005320: fb1b 0eea 21cb 0123 2bfd ade4 ed39 1b5d  ....!..#+....9.]
00005330: 5724 e0dc 3923 1854 5e29 209c f70b b9c3  W$..9#.T^) .....
00005340: ba4d 1c7f 240c 020c 043d b125 05c1 d4e1  .M..$....=.%....
00005350: ce02 2098 25c0 c2e1 0e9c bbde 111b 4924  .. .%.........I$
00005360: 1be4 a6f1 5d77 1fc7 8ae4 2538 fc0f dc34  ....]w....%8...4
00005370: 104c ecc0 e40b 981f 2a5c 23fb c6bc c9d7  .L......*\#.....
00005380: d41e c747 d60b daff ec20 04c2 e1f3 102a  ...G..... .....*
00005390: 0e14 db06 4cad 2712 bd1f fb16 304a 02ef  ....L.'.....0J..
000053a0: afc5 45fb 293d f514 01db e6fe 6d2d 3581  ..E.)=......m-5.
000053b0: 1bf1 1846 fbfc f609 5833 f623 e981 0af4  ...F....X3.#....
000053c0: d441 d033 0af9 1414 dd58 0aef 3a14 42fe  .A.3.....X..:.B.
000053d0: dee4 290f ddb9 41ef b702 07f4 2450 0dc9  ..)...A.....$P..
000053e0: f4ec 02fe 0269 05fc 2902 13fd 3615 1ecf  .....i..)...6...
000053f0: 5bfe d9da 0112 d3f9 c61e 55b5 137f a31e  [.........U.....
00005400: 2f1d abd6 d306 2ad5 f9ac cfe7 1712 1b0b  /.....*.........
00005410: f01d 3598 0f5c d329 11ef e532 2daa 2414  ..5..\.)...2-.$.
00005420: e7d6 0026 0ef9 ee43 8c4b 393f 1cf6 11b1  ...&...C.K9?....
00005430: 0c00 230f 45e5 cae8 4035 20fd fcc1 b1d8  ..#.E...@5 .....
00005440: ce41 c550 e906 fcfe d450 2adf 19dd 303f  .A.P.....P*...0?
00005450: f5fb f7f9 31bb 0e1d cf04 fef8 434d 05f5  ....1.......CM..
00005460: bcb0 331f 1b6f ffff e904 1b36 4217 2281  ..3..o.....6B.".
00005470: 39da f008 0806 c3dc 81e0 161a 1546 2134  9............F!4
00005480: 138d 3cc5 1afe 13bf ebd7 19e2 faf0 e411  ..<.............
00005490: 2621 f118 f140 e551 4262 140e d0f3 dc10  &!...@.QBb......
000054a0: 681a 01fb d3b8 c345 3119 edeb fbfc f431  h......E1......1
000054b0: cef8 1a46 e047 28fb 2120 2e01 04f6 dd17  ...F.G(.! ......
000054c0: e525 e549 d227 35f1 f2ec dafc f626 17d7  .%.I.'5......&..
000054d0: d60b 14f4 dcf7 0be8 f139 ea15 183c 55fd  .........9...<U.
000054e0: fe0b d821 1a35 0230 e301 f81f 2c5a 01dc  ...!.5.0....,Z..
000054f0: 7f17 0216 e006 e6fa e4f4 fd4d f3eb df2e  ...........M....
00005500: 14f1 440d 1e77 0921 6bf3 dbda 216d ed8f  ..D..w.!k...!m..
00005510: ece4 25e3 a934 0efd e6a9 cdf3 f0fe 2724  ..%..4........'$
00005520: b522 cabb e109 47bb 03ec b887 c201 c27f  ."....G.........
00005530: f60f cda2 e718 acea 2563 1dfa f4cd c4a2  ........%c......
00005540: de41 bd7f ffe1 d6e4 1658 0b17 e2b1 f931  .A.......X.....1
00005550: 0412 22f9 309a 102d e6d8 070b 0c54 0c05  ..".0..-.....T..
00005560: 99c1 332f 2460 16d5 edf6 cf03 3817 29b1  ..3/$`......8.).
00005570: 17d8 e01d d0ff b8ec ffff 0ec4 3e74 ee0f  ............>t..
00005580: d7e2 f7c8 0ff2 ac9f d7f5 0500 fce2 9543  ...............C
00005590: 182e d5e4 0e72 ad1e 44f6 bb4c f089 b638  .....r..D..L...8
000055a0: 7fae c2fc 4ca4 3712 f5fb 080c 03dc e821  ....L.7........!
000055b0: b351 277c 1dd3 1504 4224 30ef e813 d0ac  .Q'|....B$0.....
000055c0: 3fe0 e8eb 311c 022f 3c66 ef41 4bb6 a91c  ?...1../<f.AK...
000055d0: d759 67e5 b4d8 cb26 e3bb dac6 d519 dffe  .Yg....&........
000055e0: f715 d371 d1e1 2ea0 de72 18ee e481 e116  ...q.....r......
000055f0: c8ef e3c0 94f3 9b0e 5dc4 b355 f0a7 3ce5  ........]..U..<.
00005600: e20a 44d7 5dda 281c fb2a ff1a 5a28 35d3  ..D.].(..*..Z(5.
00005610: ef9c 2512 aedc 56e1 dd13 1f81 e25c c9e1  ..%...V......\..
00005620: 0e35 e7f5 d917 d9dd 5ed4 02d6 afeb f45d  .5......^......]
00005630: 2bec a8a1 ed1b 05f4 ac2f 6bc7 0230 c541  +......../k..0.A
00005640: 1a19 192c d104 07f9 0fa4 c52a b104 f1fe  ...,.......*....
00005650: 0b30 ed1e 5222 e61a 1924 020a 0b12 1665  .0..R"...$.....e
00005660: 072f ded4 03bd 2f03 ebe5 e2fb 3f29 eaf9  ./..../.....?)..
00005670: 2302 077f 390e 26f3 fffc fe10 fbb2 16ad  #...9.&.........
00005680: 4be0 ded9 1d0b 004a 0106 e710 0428 4fe8  K......J.....(O.
00005690: a7bb 42cf b396 2df3 0808 40a8 17cd f8ed  ..B...-...@.....
000056a0: f97a 5c09 d0db c7f9 1d69 3903 b30f 364b  .z\......i9...6K
000056b0: d2d4 f181 10dd 004c 02cd cf0a 09eb f448  .......L.......H
000056c0: f9fb 5002 1908 7fd6 da9c f2e0 73ff 1201  ..P.........s...
000056d0: e927 fbb8 d552 fb41 1e0b 0b0a 10d7 18dd  .'...R.A........
000056e0: 6726 0adf e34b cd1d a016 1a06 0059 f14e  g&...K.......Y.N
000056f0: 6305 0510 de3b 11d2 f4dc c62a e1c8 18cd  c....;.....*....
00005700: 10d2 3635 d150 14f2 043a 39d2 503f 5fbe  ..65.P...:9.P?_.
00005710: e4b0 55c6 b6e9 29dd dbe5 0bbf 0fe2 15bd  ..U...).........
00005720: f848 411a df03 f7f9 2508 202f 9b0b 1252  .HA.....%. /...R
00005730: fed5 2081 d8df b7e3 36f1 cd7d df8a 1b04  .. .....6..}....
00005740: d92f 35e4 5be0 0ff9 cf59 5af8 6518 3ed3  ./5.[....YZ.e.>.
00005750: e9db 444c c6fa 6a2a dc1b 38e0 0a7f a9b5  ..DL..j*..8.....
00005760: de1b 041b c537 ed01 55db dcd6 02f2 1f0e  .....7..U.......
00005770: 77b8 83d7 f876 b8d0 bca9 c531 fb3a 1c6a  w....v.....1.:.j
00005780: e8f5 7fbf 1719 f5d1 361f 0ee2 3509 f7e5  ........6...5...
00005790: 031a d058 d479 f2f8 160b d445 b00b 13dc  ...X.y.....E....
000057a0: 58e8 85da e8cd 2325 37be caf6 f0d8 bd5c  X.....#%7......\
000057b0: e024 e948 ec79 20cb 07f8 13f4 0a5b fb42  .$.H.y ......[.B
000057c0: de1f 51e0 32f0 fbfb 0d01 d226 27f6 a8e7  ..Q.2......&'...
000057d0: 1c0f 0bf0 d272 cd1a 29c4 da1b d602 f713  .....r..).......
000057e0: 12fe 81f0 05ef 3ed2 00d5 e1c8 fbe4 d846  ......>........F
000057f0: f321 d830 fff6 d2c0 a0f8 3c02 06ca f983  .!.0......<.....
00005800: 289f eedf 2efd 2b1a 903d 19de 26dc 1051  (.....+..=..&..Q
00005810: 3927 4307 03b4 f677 f449 4cb4 1320 be1e  9'C....w.IL.. ..
00005820: f22c 5f75 be09 a6fc 3143 16e1 17e0 4f81  .,_u....1C....O.
00005830: ebcc 0c3d d8eb 2bfc 6e74 31fd dfb5 98f5  ...=..+.nt1.....
00005840: bd66 cd6a f428 02e4 093c e8fe 061a 0c0a  .f.j.(...<......
00005850: cff0 1ae4 14ae 0f20 ca09 caed 3a72 37e9  ....... ....:r7.
00005860: bbb1 150b 0a7f 0f10 d508 ff01 575a 20b3  ............WZ .
00005870: 56e1 cb09 d1f8 a3e9 aa5c 174c ffbb 0be0  V........\.L....
00005880: f52d 0846 032c 0c13 5b48 e808 d948 0a94  .-.F.,..[H...H..
00005890: a910 7bf8 81d4 3bef d6da f505 f91d 4df3  ..{...;.......M.
000058a0: ec29 e3ff e4fa 37f0 1d25 abee 2765 fe42  .)....7..%..'e.B
000058b0: 0103 ddc1 bddb b538 5dc2 a915 3642 0231  .......8]...6B.1
000058c0: e57f 0ffa 172e 0619 7f32 c46b 164a e6d7  .........2.k.J..
000058d0: 09b7 2635 a436 faa2 f188 be00 d8a9 2d36  ..&5.6........-6
000058e0: cfba aeb7 53e0 46d7 cfdf f124 f104 d848  ....S.F....$...H
000058f0: f10d c5d4 4dc0 0ceb 034e f3f8 9a93 ce5d  ....M....N.....]
00005900: e91b dc31 b36f 3b15 dbf7 c49c de4c 2efd  ...1.o;......L..
00005910: eae6 87fd 4eae 0cc9 ba5f ea2f 5823 4d0a  ....N...._./X#M.
00005920: 24d5 f681 e726 f548 fc03 33ff 703f f7af  $....&.H..3.p?..
00005930: 343e 3649 3dce 202f 8358 78e3 4906 1693  4>6I=. /.Xx.I...
00005940: 43a4 b2f0 02cd 8df6 d4d0 01d9 a0b7 0614  C...............
00005950: e70b 0225 188d ff11 0f65 3eb6 ecda a05e  ...%.....e>....^
00005960: d454 5704 edb0 a9dc 4143 f2f6 ee42 49a6  .TW.....AC...BI.
00005970: fbaf 291e fcdd 737f b881 bb5f 1ffb 3066  ..)...s...._..0f
00005980: f8df 5ee3 0ddc 0ed1 3c1f 30bf 202c 28d2  ..^.....<.0. ,(.
00005990: f8fa cf3c c367 06c1 1d0a 150d cfe3 16ef  ...<.g..........
000059a0: 47eb deae 28ec 1d29 00bc d827 f5cf 9372  G...(..)...'...r
000059b0: 18ee 44fe 3749 2dd6 c02d 6395 187c d79f  ..D.7I-..-c..|..
000059c0: 22c8 d31b d013 e2d3 cbc0 c80f bfdd 81f5  "...............
000059d0: 0c6d f5a3 0034 a15a 4f25 f069 00ba 113f  .m...4.ZO%.i...?
000059e0: f60f e664 23f4 1b1f e43b e0ee 3614 f18f  ...d#....;..6...
000059f0: b528 446f c1ae c2f3 fc0c cf7f ca84 48fd  .(Do..........H.
00005a00: f415 3506 3ce8 2943 355e 0f22 032a 5192  ..5.<.)C5^.".*Q.
00005a10: 0eb7 3248 cdd0 65ca eaee 42c5 ee43 0df6  ..2H..e...B..C..
00005a20: d716 fbc2 ce11 0cfb 66d2 c6e8 dff6 2968  ........f.....)h
00005a30: 48e7 c189 2013 f620 99df fa30 0d0b 1632  H... .. ...0...2
00005a40: 58df 40dd ec09 08ea 7fe6 21f6 c415 15d8  X.@.......!.....
00005a50: 1a72 e640 fa4d f530 4110 3323 b635 040e  .r.@.M.0A.3#.5..
00005a60: ac07 30e4 edac 0c1c cddf 8509 eae3 bb23  ..0............#
00005a70: f0c2 1b35 1713 e4d9 dd7f 7bae f710 be19  ...5......{.....
00005a80: 2a22 c946 ac32 dcf7 0edf 9ee1 b1f9 07be  *".F.2..........
00005a90: e54b 15ea 28b8 e815 f929 db2e 3129 4205  .K..(....)..1)B.
00005aa0: d6ed 17f5 0219 0a07 af33 ed0b 565f 1ab0  .........3..V_..
00005ab0: 45f9 373e fde4 f725 1999 8660 fedb 7d46  E.7>...%...`..}F
00005ac0: e5ed 45f9 dbe4 4dfb ded5 26e5 5b6e 56c7  ..E...M...&.[nV.
00005ad0: 11b8 fd41 cc23 3cc8 c2eb 44d1 15f1 0c9c  ...A.#<...D.....
00005ae0: 2423 2fc6 db09 e00c 52d1 14fd ce18 f147  $#/.....R......G
00005af0: 20f4 de81 411b 41fd 0c01 ea72 e3aa 1f0f   ...A.A....r....
00005b00: ab65 48fd 54ba 57d5 3019 6910 0c10 2dfe  .eH.T.W.0.i...-.
00005b10: 5ac9 ca72 4e28 1b3a b927 201a f020 f833  Z..rN(.:.' .. .3
00005b20: 2e10 cd81 a6fb 0be7 3ec1 dc1e 37dd d41b  ........>...7...
00005b30: 2eb6 9deb f764 3508 6135 d52d c498 d8db  .....d5.a5.-....
00005b40: d960 fc49 0008 1c09 296e 1410 1f00 2cfc  .`.I....)n....,.
00005b50: f701 0f18 17b5 380e bbe6 0af0 0a7f 24d5  ......8.......$.
00005b60: aee2 0c14 ef64 1ce2 11eb def8 380a 1fc7  .....d......8...
00005b70: 41ef c6ee e10b bdd9 35c5 03cf 4518 e57a  A.......5...E..z
00005b80: f1f4 e732 dd05 0fdd dc9d 81dd f31f ccb8  ...2............
00005b90: 05f2 c4bd b5eb ecdd 2a19 d5cb 160e f1ce  ........*.......
00005ba0: 1d39 dfff f734 c163 d0d4 ffb9 1e45 e147  .9...4.c.....E.G
00005bb0: 510d 25fb f904 edc8 11fe 0c04 3f40 daed  Q.%.........?@..
00005bc0: a82a f611 18b1 50cd b6b8 fd17 1d0c dd02  .*....P.........
00005bd0: ef01 2b89 da17 28fc 61ec cbf2 2515 20f1  ..+...(.a...%. .
00005be0: 7f0a 962b 3973 e523 c1b2 230c 1a3c 026f  ...+9s.#..#..<.o
00005bf0: 4b27 dbd5 c33d e808 17d4 f216 2001 1bb7  K'...=...... ...
00005c00: 2406 f402 1907 fd26 1771 360e 3a0e 020f  $......&.q6.:...
00005c10: 01ef 7f06 85e1 12dc c6bd f8c7 dbd6 e6df  ................
00005c20: bff4 283e f5da 16c7 2341 01fe d3cb ec36  ..(>....#A.....6
00005c30: dee8 fd9f f6dc c7e4 c0e2 8669 e819 4c31  ...........i..L1
00005c40: 3b30 3053 aa76 601e 7f78 3db7 d869 1c84  ;00S.v`..x=..i..
00005c50: 091d 323b caf8 1cdf e4d3 cf02 cc22 6ab7  ..2;........."j.
00005c60: b9d1 290c fad0 324e 1302 a2ed 012d fe57  ..)...2N.....-.W
00005c70: 4b1e 05d3 0828 d9e9 eec8 fa07 29e6 10c6  K....(......)...
00005c80: 2de2 b8c8 bfff 171c 8adb 1ee8 383d 43e1  -...........8=C.
00005c90: ffd5 27c4 d11b 29c8 da00 24c5 2391 d1e0  ..'...)...$.#...
00005ca0: 1603 7f29 e7b5 bf05 fa31 4e23 ba0b 0cde  ...).....1N#....
00005cb0: 0cc6 0e9c 3db7 1cfc 5c45 e427 d383 ff5d  ....=...\E.'...]
00005cc0: b16a 1516 260d 6e12 3a11 c21e 2b42 19ce  .j..&.n.:...+B..
00005cd0: edba 03f4 dad1 5bd5 e323 f50a 0d69 39fe  ......[..#...i9.
00005ce0: 4443 8389 df60 0601 29a7 f8c7 5233 d379  DC...`..)...R3.y
00005cf0: 7f16 a540 ee0d c209 dc29 4fd0 1f4d b416  ...@.....)O..M..
00005d00: f706 f308 0bfd 04e8 1942 e2f7 e6a0 c946  .........B.....F
00005d10: 1448 e025 0d01 877f 170c d913 e914 0b3a  .H.%...........:
00005d20: dfae ee3c 0df8 fe18 d12f d92c 51ef 1582  ...<...../.,Q...
00005d30: fa11 1d48 fc25 bfca f768 69b8 1d19 81f0  ...H.%...hi.....
00005d40: 1826 d865 d403 c7db 47dc 9de3 dbb9 d2ef  .&.e....G.......
00005d50: f60f f6d2 36cd d20f 0af0 ce16 41f0 0b2f  ....6.......A../
00005d60: b3ef 0ee1 2622 20d1 9b13 e50b 4050 09c0  ....&" .....@P..
00005d70: 03da 144f 16c2 ffe4 4481 8141 1d0c 0b25  ...O....D..A...%
00005d80: ec1f 1110 eff3 40f8 14ea 183b 2629 1614  ......@....;&)..
00005d90: 62a8 f30c fb2b 18f5 dc83 01de feef 0bbe  b....+..........
00005da0: cbe5 feeb 2337 18f0 eea9 17ff e5f3 e02f  ....#7........./
00005db0: fcec eac4 1ee9 048c 3039 d049 aba0 f915  ........09.I....
00005dc0: d564 4143 ec33 131f 7f6d fb03 0827 4ac9  .dAC.3...m...'J.
00005dd0: e5e5 fa3f 0fca 45d4 acef 1ef9 e671 33f3  ...?..E......q3.
00005de0: b6e7 f0cf e907 20fd 2dca 92f3 0d0d 0107  ...... .-.......
00005df0: 66fd b4e7 f631 c40b e7d3 cd35 de13 1800  f....1.....5....
00005e00: 1e10 28d9 2310 67e6 0e28 46ef 7128 25d2  ..(.#.g..(F.q(%.
00005e10: 3103 65e1 a567 0f2d 25d3 0bcb c1dd eadc  1.e..g.-%.......
00005e20: 0b6d d01a 81cb 42f7 1ae3 fff8 bd97 c774  .m....B........t
00005e30: e908 0aab e9e0 b6ce 1312 0109 26ea 1f9b  ............&...
00005e40: 3ae8 bdef 1d0a 0d13 f510 2a23 07df fd14  :.........*#....
00005e50: da03 54bf b8b0 1bdf f6d5 14c3 06c4 07f0  ..T.............
00005e60: 0432 e522 03f9 16ca 1a4c 3819 bede 1517  .2.".....L8.....
00005e70: c8d7 f481 d8b9 f24e effd 25f6 df4f eff1  .......N..%..O..
00005e80: 140a f8ca 0939 10e2 0c41 38fe 34e0 c716  .....9...A8.4...
00005e90: 1654 58d8 bb14 da45 ffec b81a e000 fdcb  .TX....E........
00005ea0: ed0e dd77 cdc3 250a fd35 eb09 0fb8 eaf8  ...w..%..5......
00005eb0: ca01 21c4 b01f 81cf b47f 1ffd d1c6 10b0  ..!.............
00005ec0: 03fc 04ee 00fd d60e fe1d fcc8 dbba 14d2  ................
00005ed0: d808 2329 faa1 302f d74c 41f2 ed66 c910  ..#)..0/.LA..f..
00005ee0: c93e 2f0c 9ef1 d5e6 582a 9bcd 1041 65a2  .>/.....X*...Ae.
00005ef0: 47ce ddfb c71e f870 fded e72d d2bd 0c5b  G......p...-...[
00005f00: f520 363e ed2b 4405 46fe c000 0166 2495  . 6>.+D.F....f$.
00005f10: fed2 fd1a e5e7 37e3 08e8 0f07 1317 3cf7  ......7.......<.
00005f20: f246 dbbd f409 0b1f 09f0 d0e3 0f2e da7f  .F..............
00005f30: 2e19 dbe3 1e06 db0a 45ee 5a14 3209 813b  ........E.Z.2..;
00005f40: 0b33 cd46 c12f 43da b3d1 fae3 5944 1401  .3.F./C.....YD..
00005f50: 0fe6 14c2 ed1d e329 ff28 dbd0 4112 fd08  .......).(..A...
00005f60: 09c3 1946 1a32 dc41 cafb 402b 282a 07d5  ...F.2.A..@+(*..
00005f70: 74eb e51d 24da d385 6562 032d d9ac d0dd  t...$...eb.-....
00005f80: b465 c843 0b11 12fc 134d 01f7 0706 0eee  .e.C.....M......
00005f90: 07d7 1209 0fa7 4bfd cb1f e2fd 157f 2601  ......K.......&.
00005fa0: e8dc de04 0063 0dec 32ee e7d3 482a 26c8  .....c..2...H*&.
00005fb0: 70f9 ab18 db06 d606 7ffb 05ee e6eb caee  p...............
00005fc0: 1419 0816 5409 d532 303e c738 4fde d3f2  ....T..20>.8O...
00005fd0: 03eb 160c e1f3 df16 c69a e5d5 f725 e400  .............%..
00005fe0: a0e3 cd17 f028 2dae ee19 fdcc e4a1 e31b  .....(-.........
00005ff0: 04f3 b5dd d202 b0b4 d50f 62a9 1e38 d3d8  ..........b..8..
00006000: 3ee6 b8fb c0fa 031a c6af e505 f5ef 0828  >..............(
00006010: fe25 efd6 3518 c014 182c 1d07 2bb0 0630  .%..5....,..+..0
00006020: f7ea 4823 07da f400 bb5e 4238 1818 0a81  ..H#.....^B8....
00006030: e6d7 4033 2bb1 0dfb 7fe0 defb d9ad 21b0  ..@3+.........!.
00006040: b705 e1e5 0bcd 0537 952a 301c 49f8 3b33  .......7.*0.I.;3
00006050: e2c7 0fd4 fbb2 38bf d4f6 06e0 4003 f0af  ......8.....@...
00006060: 3315 10fd 1278 ecee 4bc2 6f2a f6f2 051b  3....x..K.o*....
00006070: 1c3b fb91 0318 38f9 29de 39a2 3154 969f  .;....8.).9.1T..
00006080: 26f6 b655 d82d 03ea d7d2 e205 fbdd bf0f  &..U.-..........
00006090: f02d 0481 21e6 82ff 2acd d0d7 0bcc 1c17  .-..!...*.......
000060a0: e508 fc5a 440d 09f2 8134 5a25 fa15 e2f1  ...ZD....4Z%....
000060b0: fe2a 4dcd d7c5 dff0 281a 0ec0 0b0a d72c  .*M.....(......,
000060c0: e623 3b59 0022 fff6 ebd3 81f0 031b e8fb  .#;Y."..........
000060d0: c4f3 ecbd 00d3 ddf1 16d6 e4f0 0b08 2404  ..............$.
000060e0: ccfa f2e6 2939 eb16 a8e1 fe1b 1246 1818  ....)9.......F..
000060f0: 1e38 fccd 03ee ddf2 8131 164b dfef 1b03  .8.......1.K....
00006100: d0e6 2519 f0e8 05f1 1121 41ce c1ec 12f3  ..%......!A.....
00006110: 290a fd4a 1df7 361c eb7a 0819 dc73 f62f  )..J..6..z...s./
00006120: 2ff9 22e8 bfe1 ce53 61d4 adcb 2121 3207  /."....Sa...!!2.
00006130: 54f7 0050 ce73 4b23 ff45 4e81 0c46 b4bd  T..P.sK#.EN..F..
00006140: e035 d451 bce5 fde5 fccf e8ed ea82 b00a  .5.Q............
00006150: 1827 ecf6 6a02 b729 e71a d90f f8e8 0735  .'..j..).......5
00006160: 28eb 13e3 13f0 f7e9 9e36 0102 6036 f6d3  (........6..`6..
00006170: 0b11 2b23 e30d 10f4 d437 2242 d2ef c004  ..+#.....7"B....
00006180: f31f e130 07f8 533f 7fe6 142a db17 1001  ...0..S?...*....
00006190: 25e1 09f6 47bf 243f 1325 efcd 0d3e 280e  %...G.$?.%...>(.
000061a0: 2013 c9cb fdf4 2f28 0a04 fcf2 1f0c fa49   ...../(.......I
000061b0: 0223 1517 e20f 0f39 d3fb 11c4 245c cd0e  .#.....9....$\..
000061c0: c2e3 d622 f63e d98c f134 c2f0 f0a6 a51d  ...".>...4......
000061d0: 1f2e def9 ef17 b01b 2935 8145 f8df 2ffd  ........)5.E../.
000061e0: 6db0 d31b 20ef f347 0d0f f909 46f9 26c3  m... ..G....F.&.
000061f0: d930 2556 b6da f017 ded0 e8d5 3820 333b  .0%V........8 3;
00006200: 3906 d7be c71e 252c f600 d513 fc34 e12e  9.....%,.....4..
00006210: c902 e6df 8149 e503 d6d0 211e de08 34ad  .....I....!...4.
00006220: 97ec 256f 1a2a e84b 10f8 eaf3 10df 0efa  ..%o.*.K........
00006230: e426 0e14 edfb adfd 0101 0efe 0b38 0a20  .&...........8. 
00006240: d705 0a18 c8ee 33a6 d381 f71a e1ed c72d  ......3........-
00006250: 2c4a e7b4 1b1a c343 0bfa e90e 2bcd 3f23  ,J.....C....+.?#
00006260: 172f af00 0afc 110e b1d9 100b 346a 0ad7  ./..........4j..
00006270: ec36 0f51 febc 45eb 3fcd ab08 d8b7 3b76  .6.Q..E.?.....;v
00006280: e805 7f2a fdef 4cb5 04a8 ec17 0208 f6c1  ...*..L.........
00006290: ec2d c71d 1638 eb22 0a0e 2e06 093f 28fc  .-...8.".....?(.
000062a0: 1d2f d5c9 bf10 d504 b0b5 ccef f12e 0005  ./..............
000062b0: 213b dc24 1d24 3fb9 7f08 b649 fbde 636d  !;.$.$?....I..cm
000062c0: af6e 6b29 00d1 04cd 7cd5 bef4 302e 478d  .nk)....|...0.G.
000062d0: 2ab5 0506 012d 7a8c d4af 0000 3954 4aad  *....-z.....9TJ.
000062e0: de2b b689 d157 1fec f7b1 c8b0 c51c e172  .+...W.........r
000062f0: 7ce6 8ca9 5dee d8b8 64a0 9138 e09d 5846  |...]...d..8..XF
00006300: a92f 7300 4fee f2eb bc1b 1e32 5a20 7fe6  ./s.O......2Z ..
00006310: e7ca 4a48 d4f6 4dd7 d0cf 37df 2135 d2cd  ..JH..M...7.!5..
00006320: 3a23 d1c2 f720 0fe2 26d8 e5d9 cbf2 045a  :#... ..&......Z
00006330: 29fc a3b0 281e 1acb 2ad6 d060 dfe7 292d  )...(...*..`..)-
00006340: bb2d 5fd6 27c7 47f6 da19 392e 0024 e4f2  .-_.'.G...9..$..
00006350: 37f8 0f52 0e36 4329 091c 0e02 c77f d510  7..R.6C)........
00006360: 3c1a abf1 c506 11f8 54b8 c7e5 f1e0 fa50  <.......T......P
00006370: 47f5 9d10 0354 17b9 36e4 dab3 fd05 32c7  G....T..6.....2.
00006380: d4f6 f115 eef2 e3ce 8120 e4d0 2ad5 1804  ......... ..*...
00006390: 1b01 1ef3 0724 0aed 14e6 0153 17f3 2bb0  .....$.....S..+.
000063a0: 3cd2 ea45 081b 15f5 f5fb 170d ff35 0e93  <..E.........5..
000063b0: 1710 fffe 0cbf dec6 0df9 1a81 421b bdd4  ............B...
000063c0: 56e9 ee1a f22b c8f4 b51e d015 09f4 eb09  V....+..........
000063d0: dd4c fce5 b4e8 c61f 330d f825 fcaf 12f8  .L......3..%....
000063e0: ca06 1e5a 35d4 f80a fc3c 173b 2b1f 19ae  ...Z5....<.;+...
000063f0: b325 2a24 ecb5 de10 17da 810a e0ad 5109  .%*$..........Q.
00006400: c61a 53f0 23d7 e4d5 c020 14bc 69ca 63e2  ..S.#.... ..i.c.
00006410: 14e7 0e28 2e3d 3ac4 e4e1 174f 2712 00a6  ...(.=:....O'...
00006420: 38dc dfa9 f729 22ce 38d8 081f e7fc 0016  8....)".8.......
00006430: 11d5 c2e0 3421 21e2 e2da d72d 0ebc e3f6  ....4!!....-....
00006440: 20e5 d8e6 db30 ea1b d168 02e0 100f 0fc7   ....0...h......
00006450: fdd5 4655 c0ee 0ceb dee1 1321 bdf4 d2fc  ..FU.......!....
00006460: 09db 363e ead9 0ae9 323b dcd7 e481 0312  ..6>....2;......
00006470: 0e14 d6c5 e2e0 c523 2d2f 3aa6 2006 1df3  .......#-/:. ...
00006480: ff05 ef2b fd07 d0d0 03a1 ab23 cde8 e71a  ...+.......#....
00006490: e319 f1a1 16e1 d907 22d7 f4fe 4c99 3202  ........"...L.2.
000064a0: e417 fbef 424f f5d3 bf29 0df7 107f 27bd  ....BO...)....'.
000064b0: ceef 1a1e 08a1 feea c3e3 d371 30cb 2f3a  ...........q0./:
000064c0: 0a1b 34ba 441a 2e06 0611 351c 0d2a 310f  ..4.D.....5..*1.
000064d0: f9c9 3527 8119 5338 e9e3 4ecd f613 c0d4  ..5'..S8..N.....
000064e0: d320 1ddc f501 fa18 73f8 d5e0 12e4 3061  . ......s.....0a
000064f0: e3c4 9ac8 0127 dd21 0008 499d 175e bbcc  .....'.!..I..^..
00006500: 50b7 811d b344 0b3d 25d1 cdff c6f1 b84a  P....D.=%......J
00006510: eb1f bea8 00c2 95c5 1d01 e9f7 eab7 3832  ..............82
00006520: eee9 1d49 620e d628 9845 4036 fc02 eaa6  ...Ib..(.E@6....
00006530: cb39 772e ffa0 0236 ee12 1502 a417 fe1d  .9w....6........
00006540: e10f 382b c9cb 47f4 fec3 21e5 02df fce2  ..8+..G...!.....
00006550: 4058 db01 7f4a fb16 1537 0025 f856 1ae6  @X...J...7.%.V..
00006560: 322b f2fb bdf1 04fb d0cc ce14 1b24 eec9  2+...........$..
00006570: 4b16 36ff e121 3ac2 1a0e 1d2e 01a7 f30d  K.6..!:.........
00006580: 1e09 e830 2d0f f064 244c d1e1 1242 71a5  ...0-..d$L...Bq.
00006590: ecb0 03ea 0898 2281 e953 f0aa f23c e749  ......"..S...<.I
000065a0: 0616 12fe d624 e117 fa26 38e4 d6d8 e611  .....$...&8.....
000065b0: 68f1 f3fe 28e8 ed26 221e 05d4 f64a c2a8  h...(..&"....J..
000065c0: 12bc 8f20 b67f 1e3b 2f2d 0edc 0d03 1019  ... ...;/-......
000065d0: df0e ccd6 ebbe b6ba fb0c dd2a e7c3 51fd  ...........*..Q.
000065e0: 2eba 1c27 5b2c 032a d736 5732 05ce e1e1  ...'[,.*.6W2....
000065f0: f647 42dc d9c9 0a66 fec9 db7f c68e 451d  .GB....f......E.
00006600: 2719 48ea 32e0 503d 510e 3e14 0722 52fe  '.H.2.P=Q.>.."R.
00006610: eae0 ff35 faff 75ff 0021 51db fb6e dede  ...5..u..!Q..n..
00006620: ee6b 05da bcfc e900 53be ee06 fcc3 f74c  .k......S......L
00006630: 02d6 d9d9 fe62 0310 41c4 110b 170b d216  .....b..A.......
00006640: 2cf8 9c29 c644 f55a 0748 d335 f839 d0cb  ,..).D.Z.H.5.9..
00006650: 37df 055a d3e4 fca3 eaf4 ed00 d7d3 0514  7..Z............
00006660: 37c5 e03f 07e5 1702 0137 2910 c7dc c802  7..?.....7).....
00006670: 4500 cee6 3c81 f005 410f 18d7 1cf0 4edc  E...<...A.....N.
00006680: f3d8 d91f 010b e60e d8f1 cb17 06e2 fd0e  ................
00006690: 12f2 1dc3 fedc 17eb e8c2 fb0e 34f9 39c3  ............4.9.
000066a0: e31e db2c 107f f0b5 f30b 17d0 ec2b 0ba0  ...,.........+..
000066b0: fa02 ede6 13a3 f3d4 6027 c81e c70e 3cf5  ........`'....<.
000066c0: a03d 4044 e7a1 48e2 f2f7 1c20 3903 16d1  .=@D..H.... 9...
000066d0: 2317 e810 58f1 35ea e0cd 0801 2b07 16d9  #...X.5.....+...
000066e0: 7f20 be9d 0046 0cd6 fcd7 f323 ed52 d8fa  . ...F.....#.R..
000066f0: 3e00 b5e7 25e2 7a09 edda 95be 64d8 1a6c  >...%.z.....d..l
00006700: 26ee b0e6 ca3e 34b0 f707 cce1 ee32 f6d3  &....>4......2..
00006710: d4ae 2502 811b 2b27 2cc1 060b 19b9 47ba  ..%...+',.....G.
00006720: a14a 21fc c601 0d4a e424 1811 f00e 020a  .J!....J.$......
00006730: 040b abe4 e9e1 8e28 bc0a 36f1 55d3 e481  .......(..6.U...
00006740: 34c3 a72e 1b1a c120 d362 30fa e0c3 e327  4...... .b0....'
00006750: eae9 66ff c3ad 0b1f 11f7 e4d2 ec06 bf19  ..f.............
00006760: a42a 1a68 10f1 15a8 4c5e 3106 f6c8 0ee8  .*.h....L^1.....
00006770: d0bd e0c2 a1ef 981f f112 f0ef df4f f116  .............O..
00006780: fbcc e309 ae01 7d00 6ce7 37f4 10eb c329  ......}.l.7....)
00006790: 417f 99c7 452b d4d0 f730 0306 b512 32fc  A...E+...0....2.
000067a0: 56d4 f0f5 031e e155 96c7 fe25 2420 dcce  V......U...%$ ..
000067b0: 3a48 6a1f f8f2 4a18 110f 2ed8 6d3c c2e6  :Hj...J.....m<..
000067c0: 6ad0 bd19 fb51 701f 61bb 0520 b32c c425  j....Qp.a.. .,.%
000067d0: d3fb b8bf df8d b8f5 e5ea fea2 fafd 0b26  ...............&
000067e0: 857f c227 2432 b541 043b 1ce7 f512 ca0c  ...'$2.A.;......
000067f0: af27 18ee d8de ce47 3332 2bea 5617 f8a7  .'.....G32+.V...
00006800: 0be0 c234 c506 fa17 e2fb e915 b6dc c93c  ...4...........<
00006810: cc13 01b2 bd9a cd14 e5ce 04f2 19fb 0aa3  ................
00006820: c620 3264 1234 eae1 fa44 1cea 072c 34c5  . 2d.4...D...,4.
00006830: ed1f 4ca4 0481 c707 c11a 49d2 1609 cd81  ..L.......I.....
00006840: 34ad d10e 29fe c6ff b121 14d3 e4b7 0c36  4...)....!.....6
00006850: fb0c 16f5 08d0 e845 3937 090f fcef ce19  .......E97......
00006860: e2e1 4a5b f8ff ece0 0349 1320 f7ed 42b1  ..J[.....I. ..B.
00006870: dabd 1a08 c009 b8ff 2410 08c9 1452 10f0  ........$....R..
00006880: 02d9 8144 c037 2a0e 3b0a fa13 e3ec da42  ...D.7*.;......B
00006890: f30a f4a8 0ad8 cbe3 dfec d1ea dcd0 2e10  ................
000068a0: 23ef 064a 3346 d220 a724 2c15 0021 10c9  #..J3F. .$,..!..
000068b0: ec4b 56ff e8b7 021d 1cc8 e8db 07ae 2ee3  .KV.............
000068c0: 16dc e436 f64d fb01 8ccf cdb7 00fe 0601  ...6.M..........
000068d0: ed16 feea e0e7 d81c d2d2 0b0f 1c1a 128f  ................
000068e0: b1d7 2c6c c84b bfff 1213 26c5 1b52 2b81  ..,l.K....&..R+.
000068f0: 170f 31bc c305 b600 0fc9 bac2 3910 2e7f  ..1.........9...
00006900: 22e8 95c6 e653 3907 1ff4 ceeb 4a5d d727  "....S9.....J].'
00006910: 99e3 ccda 962d ccbc f1ce f7d7 d6dc 4dd5  .....-........M.
00006920: 08b8 ea15 4a3f d76a a7e7 1e0b e9de f00f  ....J?.j........
00006930: 1673 230b fcc2 d31b 16d7 fdce 1812 05d6  .s#.............
00006940: f9fd 0603 eeec fdd0 81dc 1113 0be0 0c31  ...............1
00006950: 0f3e 1bdb ec1c eb0e 23f9 1c39 30ca 1ecb  .>......#..90...
00006960: 0630 ea26 1ed1 1df4 f2f0 1d3f 0822 f4a9  .0.&.......?."..
00006970: c81a 14f3 12be 02cd 43b2 bb25 e5bb 5447  ........C..%..TG
00006980: dd10 7f18 efe2 2201 edef e718 3f13 33dd  ......".....?.3.
00006990: f503 fc41 e8e8 20f1 eac9 3bee 1553 15c8  ...A.. ...;..S..
000069a0: fd1e 0bd4 fb48 effc e7bf ca11 df09 df1f  .....H..........
000069b0: 450d d9c8 1d25 2dd7 1249 4bc6 fee8 a0a5  E....%-..IK.....
000069c0: 360c a83f dc29 a723 0c53 aae1 02ff 1ec8  6..?.).#.S......
000069d0: 81e8 4ded de91 fed7 0b0c c4ec faff fd37  ..M............7
000069e0: b2f1 1966 1808 ede7 f06b 1605 e4ec fcdd  ...f.....k......
000069f0: 10d9 19e6 e5c9 ad25 37c9 05eb e306 fb32  .......%7......2
00006a00: 2336 0313 c802 465e 4ac8 aa03 ef51 15b8  #6....F^J....Q..
00006a10: f5e0 acd8 2905 f881 c9dd 0728 f8e7 5605  ....)......(..V.
00006a20: e0e7 edd0 1f1f ff11 a9e2 0534 f10a bb0c  ...........4....
00006a30: 4958 28f6 35ba 1116 2ecb 03e3 4c1e 653f  IX(.5.......L.e?
00006a40: f52d 29e7 c4f6 1194 c485 f858 f4ee 1427  .-)........X...'
00006a50: e41d 52ed df1f 2357 19d1 4116 7fc6 20a3  ..R...#W..A... .
00006a60: f65c e72d 1207 0e15 150f 1435 0b60 26bb  .\.-.......5.`&.
00006a70: a8dc ec02 36d6 03b0 ea31 7fc2 08ff f2d5  ....6....1......
00006a80: e016 362b eca5 d4c7 829f d3f9 d7aa f628  ..6+...........(
00006a90: 2776 0caf 64e3 e841 3c0f dd2a 71e7 291a  'v..d..A<..*q.).
00006aa0: 1e27 de05 f308 10d4 cae7 1946 114b 1aa4  .'.........F.K..
00006ab0: e3ec 1621 1ff2 3ebf 2ce9 ba60 afdf 2121  ...!..>.,..`..!!
00006ac0: cc3c 2d1e eae6 5306 5727 60f6 2122 35b1  .<-...S.W'`.!"5.
00006ad0: 3ae7 0543 362a 59c3 ba1b 0bf4 cf7f 10e7  :..C6*Y.........
00006ae0: 3113 e5c1 bbf6 200b 0cb4 eaef f8e0 c54f  1..... ........O
00006af0: 6bef d8ba 0a54 33e8 101f 11ef 28e1 3db6  k....T3.....(.=.
00006b00: be00 f5fc 18e5 c0bd c1cc 040b 13ba f350  ...............P
00006b10: d2e9 22b0 9fe1 fb2e e28b 25f5 3dc5 e5c6  ..".......%.=...
00006b20: c50e 15ec 4171 f9a1 1a4d fed8 fc7f 2cc8  ....Aq...M....,.
00006b30: b6c6 fdca d397 cbdb 2ff9 f3bd 08fa 19ee  ......../.......
00006b40: b709 2f1f 02d2 cca3 81e3 f012 20bf 11ea  ../......... ...
00006b50: 1933 29f3 1b26 f02f 25e5 fa58 36dd 28e0  .3)..&./%..X6.(.
00006b60: 3cff b003 0810 33da e2ef 0a24 f12e 09b4  <.....3....$....
00006b70: 111b e218 10df 15ae 64ed c1e4 ca4a 366d  ........d....J6m
00006b80: d0d3 0b0d 963b 7ff3 71b6 f90e 1e08 bc21  .....;..q......!
00006b90: 2646 90c2 474c deef fb15 0af1 f9ed 44d1  &F..GL........D.
00006ba0: 6b05 ead7 0941 c43f c7d8 0be1 0b48 d309  k....A.?.....H..
00006bb0: 1843 251d 0dc5 430b fffa 2b9c 354f f2e0  .C%...C...+.5O..
00006bc0: 1501 cff2 adec e8cf 95d5 f31c 05a8 ea44  ...............D
00006bd0: 2562 14d1 d032 d418 3b01 0a4f 39a1 2fd8  %b...2..;..O9./.
00006be0: 0418 e050 2cd8 222b f227 163f 4020 0f81  ...P,."+.'.?@ ..
00006bf0: c225 342e 08ae eae4 e2ff 3ce6 2f7f fc26  .%4.......<./..&
00006c00: c40e 15c8 fbcd 009d 17d8 0623 caf9 de5a  ...........#...Z
00006c10: 1235 c6ff 2918 a04f 5c24 e920 e6f1 fe13  .5..)..O\$. ....
00006c20: 32d5 ca06 13bb 0240 caf0 f410 4532 e10e  2......@....E2..
00006c30: abe9 5378 653e 2ac9 d762 3208 d529 a8d8  ..Sxe>*..b2..)..
00006c40: fefb 9f3a e61e d30b 484e f1a9 f21f c8b1  ...:....HN......
00006c50: 082c 51f3 1c14 f3f6 e538 812b e2f3 d63f  .,Q......8.+...?
00006c60: 0de6 ed22 f9c1 20f8 d921 f9e6 31ed d323  ...".. ..!..1..#
00006c70: 3afa 07e1 bcf7 e356 4abc 8128 d9ad 6f5f  :......VJ..(..o_
00006c80: c307 71f1 1d0e 12fb fc0b 0aec 6c12 5ff3  ..q.........l._.
00006c90: dec7 0834 0817 4bbe c4ce 2721 1026 1e90  ...4..K...'!.&..
00006ca0: 44ea ee96 0a41 0406 2aa3 040b fa10 dc4e  D....A..*......N
00006cb0: 3b01 bab7 321b 12f7 4108 c742 09a9 5b21  ;...2...A..B..[!
00006cc0: c144 460b 32e8 fbd5 f6f7 0119 3429 14c3  .DF.2.......4)..
00006cd0: 0eaa 470a fb0c 7f0b f1b6 08d9 1e64 eeae  ..G..........d..
00006ce0: d340 d5d1 c963 0ac2 51a5 dfb1 d21b 0554  .@...c..Q......T
00006cf0: 2bbe 87a0 fb17 dfc5 fae6 f6a3 2845 183a  +...........(E.:
00006d00: f015 cd17 9836 3ad7 e2bd efd6 c2fe e405  .....6:.........
00006d10: 252d eae8 db45 bc0a fbfb e63e f51e 4adc  %-...E.....>..J.
00006d20: d206 0b7f 0a05 e730 d515 04f2 25fe fdbb  .......0....%...
00006d30: 2843 1337 d7d8 c3fd eb09 eb10 d122 11f7  (C.7........."..
00006d40: a52e 6200 f787 42cc aecb 4bfe efc0 11e8  ..b...B...K.....
00006d50: 463a 1511 7f77 163f 1202 fe34 fe41 11e9  F:...w.?...4.A..
00006d60: 2a2b bef2 bcdd 4dc4 039e d21c 0d09 f2e3  *+....M.........
00006d70: 3711 fdff 0f3f 55c2 22fd d070 3387 7f08  7....?U."..p3...
00006d80: dd13 54e3 61b8 e3cc e156 6d66 0fe6 6510  ..T.a....Vmf..e.
00006d90: f3ce 6b5d d2cf 7754 f3fb 41cf 0c4f 9d1f  ..k]..wT..A..O..
00006da0: 1749 b7e1 cdfe 19f2 61c1 ed10 d7bf fe53  .I......a......S
00006db0: f99e a918 1755 0bb7 ec1a c94d e7ec 1a6d  .....U.....M...m
00006dc0: b541 70df 19d0 10d9 22e9 2df9 2008 06c7  .Ap.....".-. ...
00006dd0: 28ee 1f34 255b 3d06 d8c3 e0fd e854 d8e9  (..4%[=......T..
00006de0: 0f15 d389 caf4 28dc 2e81 b5d1 1507 de72  ......(........r
00006df0: 47ec c5f5 0263 29e1 411f 65ef d64a 0e9b  G....c).A.e..J..
00006e00: c105 d863 d1b0 e7d5 abb4 c0fc def7 d9af  ...c............
00006e10: 3925 2d98 7fe2 01eb fabc 9b08 fb1a 41fe  9%-...........A.
00006e20: 0e2b a71c d746 4094 cae1 0fb6 e272 f4bf  .+...F@......r..
00006e30: 63d7 05e6 0b96 2a9e 570d fd04 bbf6 faf9  c.....*.W.......
00006e40: cd41 7f56 13e4 e9d1 2ede e616 2f12 289f  .A.V......../.(.
00006e50: 12f8 210c 4417 3cf3 dee1 ecdd 401e f7e3  ..!.D.<.....@...
00006e60: 1535 dc86 0722 458b f5e6 d2d4 0867 df45  .5..."E......g.E
00006e70: 58d6 cfd2 13f9 58bc d226 1f0e e5d3 15cb  X.....X..&......
00006e80: 05d5 e3dd 0ad2 22f3 bf08 7ffc f1a0 293d  ......".......)=
00006e90: 2146 f113 66f9 fb75 1b5e 4dfa fa6b b104  !F..f..u.^M..k..
00006ea0: f22c 374b 9d20 be17 32fe ea01 12c3 3f90  .,7K. ..2.....?.
00006eb0: f4ca 3a15 a962 f8de 0cf1 c67f b2f2 42fc  ..:..b........B.
00006ec0: e03b 4203 f714 4202 194e 78ee 2502 1519  .;B...B..Nx.%...
00006ed0: fd25 3f5b d317 4017 cfd3 29e4 d75b 00aa  .%?[..@...)..[..
00006ee0: 0815 1b18 d0f4 0822 42cb d808 10f1 063a  ......."B......:
00006ef0: 1606 eb86 eb54 faf7 330d 01da 006a 4956  .....T..3....jIV
00006f00: 4efd ad0f af23 4eeb 3f8e 3f66 efed 9010  N....#N.?.?f....
00006f10: 4723 feda 0c45 0f13 1ef0 2502 f314 4402  G#...E....%...D.
00006f20: 1667 c57f da42 e826 00f3 f8df c1e0 0bf0  .g...B.&........
00006f30: 0334 f018 bbb7 cbc8 0503 eb5e f0ec 0553  .4.........^...S
00006f40: e163 2c26 fef2 1702 7f1f 0435 e655 21a7  .c,&.......5.U!.
00006f50: 08da 1724 0523 3dca cfd2 e2fc e041 20ff  ...$.#=......A .
00006f60: d805 dad0 de12 28e6 09bd b7ad fdf2 f577  ......(........w
00006f70: 51f2 d0f4 0a1c f2eb 60da d74c f6e7 4846  Q.......`..L..HF
00006f80: f11a ec38 195e 2319 1810 140b 0e7f 14e6  ...8.^#.........
00006f90: 029b 302d cbe8 47d7 b5c1 dbcb bd38 10e3  ..0-..G......8..
00006fa0: ec3c f2df 0a47 e42a 19c2 f6a6 f12b fa71  .<...G.*.....+.q
00006fb0: 3232 c8a7 0804 ee1c d7b5 0840 2009 e921  22.........@ ..!
00006fc0: 5829 ccfa c715 375e 30de d611 ea57 e6ec  X)....7^0....W..
00006fd0: fbf3 f3d3 a23b 07ce d4f6 1917 dd02 2be3  .....;........+.
00006fe0: 81f8 256e f1b4 ee32 0de9 11e6 efc2 e713  ..%n...2........
00006ff0: 1c25 35ff eab3 b70b cc55 4ef0 415d 95d7  .%5......UN.A]..
00007000: db11 a20f 1cfd f1e7 5925 e802 ede2 c7ee  ........Y%......
00007010: 11e7 2111 cd05 182f 022f a4d0 f1de 9e7f  ..!...././......
00007020: 1ee7 ca03 0ee1 fbeb 0f25 0ff8 0811 1528  .........%.....(
00007030: ffbb cf45 dedf cf21 0af4 dd56 e6b9 2d20  ...E...!...V..- 
00007040: 07eb 15c6 3030 fc27 2deb fff6 444c 2d24  ....00.'-...DL-$
00007050: a4ba 26f5 8bf4 51fa ccd2 1981 0e18 c9a7  ..&...Q.........
00007060: ee24 43cc 0c45 c92f 21fe febe d339 fc46  .$C..E./!....9.F
00007070: 08db e7ab f807 d70c f607 5fc4 1d63 b3ee  .........._..c..
00007080: 36e3 a415 d915 203b 32de bb2d a700 d73a  6..... ;2..-...:
00007090: f538 98ba faf5 8df4 1932 f214 ffd1 194c  .8.......2.....L
000070a0: ebf6 fd58 39d5 d038 a034 3515 250d eea1  ...X9..8.45.%...
000070b0: e331 697f 19b4 1115 f732 53c3 1c44 eccd  .1i......2S..D..
000070c0: edc9 9929 dd23 ce08 f4b1 d705 d1ca da6a  ...).#.........j
000070d0: ff04 e581 41d2 c516 18f4 b6fb 18b3 061b  ....A...........
000070e0: 27e4 0a10 3350 fad7 d214 30da 0c4b 27c9  '...3P....0..K'.
000070f0: e0ea 621a e0a0 00f9 0e19 6e93 4f27 e8b2  ..b.......n.O'..
00007100: 2cba a11d f716 f0d7 0bd5 c723 d1c7 da5a  ,..........#...Z
00007110: a60a ffb8 d7bc bd3f 4a2b fec8 3cac 1c4c  .......?J+..<..L
00007120: 0621 ff5b 452a d30c c37f 4521 0140 19be  .!.[E*....E!.@..
00007130: 9f01 2849 e3ad d80f f522 f327 b72a 01fa  ..(I.....".'.*..
00007140: e010 1323 c9ce 3d02 4de6 40fa ced1 e90e  ...#..=.M.@.....
00007150: 5c4b b906 7f2f e90f f516 df28 e847 1917  \K.../.....(.G..
00007160: 1006 fc01 c0e1 0902 cccb d2e5 13e3 f5f3  ................
00007170: 3201 3e2d db02 5ae3 1202 d960 dbc9 2e27  2.>-..Z....`...'
00007180: e5ed 32ee 0f1a f331 5157 29e3 1836 7837  ..2....1QW)..6x7
00007190: e8a7 00f4 eabf 37cc 8432 0681 f501 8f0e  ......7..2......
000071a0: 2007 4bb1 e0fc b102 4b24 37ce 99f1 f65f   .K.....K$7...._
000071b0: 2fdf f8ae f540 1a1f f6da cd00 343e e4f3  /....@......4>..
000071c0: 9e04 11e8 1eab f2cb 8138 4e39 4912 cefa  .........8N9I...
000071d0: 571a 5772 ed51 2052 f614 ec26 b92d bf0d  W.Wr.Q R...&.-..
000071e0: 4cca a3f6 c5c1 64e1 60a1 e3ec 1beb ef12  L.....d.`.......
000071f0: 16dc a234 da1f 13a1 1525 480d 0343 d82d  ...4.....%H..C.-
00007200: d74d 0708 f5d4 fbab f00f 1a2c c4e0 13f1  .M.........,....
00007210: 02e1 58cd 1ef1 0404 ef4f b4cf 3941 e62c  ..X......O..9A.,
00007220: 2721 ca45 81ad 3228 31f3 ded3 ea08 1725  '!.E..2(1......%
00007230: 45c3 1505 0a3b ec86 1927 0711 bd33 0a15  E....;...'...3..
00007240: de10 1a3f b5e4 3dda 41b4 11ee d214 f2dc  ...?..=.A.......
00007250: 3d2c b3bf 7f1e e5f8 0009 e207 f72a 30fa  =,...........*0.
00007260: 0c1c ecd6 dd1b 17eb b6c4 d8ca 152f ea09  ............./..
00007270: 3510 5310 f8f9 2ec9 1c2c 53d0 c350 9f98  5.S......,S..P..
00007280: e91f be14 0fef 1cef 5b32 1aee 9ba0 ba73  ........[2.....s
00007290: 3142 f0a9 6ab5 bb02 ef36 81f1 bc26 015c  1B..j....6...&.\
000072a0: 16f8 a926 e1ac 2de1 abdb 27d0 1fef b0f6  ...&..-...'.....
000072b0: f728 3f58 fbf6 1ded cb05 38e0 ff43 0345  .(?X......8..C.E
000072c0: 1c1d 2104 c9f9 12c4 0a81 f7fb d200 10fb  ..!.............
000072d0: 243c d5de 465a f618 340c 0148 3df2 35fb  $<..FZ..4..H=.5.
000072e0: e239 e6fe f8e3 26fd d2e9 e125 263c f2d4  .9....&....%&<..
000072f0: edef 2f3f 2907 19b8 f421 51b8 2a7f ae22  ../?)....!Q.*.."
00007300: 0ffc e035 be23 60fb 3915 f2fc d90f a40d  ...5.#`.9.......
00007310: 1133 ddfb 091c ad14 2e44 d302 c01a 1d32  .3.......D.....2
00007320: 0ced f454 28ca ed52 b0ff 1427 5004 d6e7  ...T(..R...'P...
00007330: 053e 3336 0202 f328 d402 18df 5c37 f0f4  .>36...(....\7..
00007340: 19c9 c612 e836 d8d9 102d e507 fad8 cf2d  .....6...-.....-
00007350: d915 3314 810c ce2d 05e1 182d f99f 0ad4  ..3....-...-....
00007360: d7d1 451f 4ce7 171f e93e 152f 0c16 3bbe  ..E.L....>./..;.
00007370: a713 281d f0ea c623 d01f 3ab1 0c50 eff7  ..(....#..:..P..
00007380: 211f 8ee6 aa26 e2c9 eeeb 21ce b9dc 0335  !....&....!....5
00007390: 1512 26b3 54f6 e806 ec7f aa29 5ae2 11dc  ..&.T......)Z...
000073a0: f40d fc67 c2a3 0213 131e 290a 1d01 0db9  ...g......).....
000073b0: e0cd 391a ebe0 daeb b6e5 2a1c 1330 d5ed  ..9.......*..0..
000073c0: 1904 07cc e5d4 450d aff6 2bd9 a7e5 c921  ......E...+....!
000073d0: 322e e312 1338 be60 2e6a f60a e075 e229  2....8.`.j...u.)
000073e0: cf1d 077f 979d cb30 30f5 f5e2 1ab4 09e6  .......00.......
000073f0: 38fd f84a d13b d8cd b100 48de 2b6a e9cc  8..J.;....H.+j..
00007400: 39db 81bb dce4 1d0f 390e 340e add7 f579  9.......9.4....y
00007410: 122c 01b7 bed8 ce12 0270 0cc7 e7c2 dd52  .,.......p.....R
00007420: 18f5 3141 3da3 db3e 053a 022c 17e5 fbfb  ..1A=..>.:.,....
00007430: 9900 313a f1cb c725 00e6 c067 1b81 331f  ..1:...%...g..3.
00007440: fe00 47e4 4f10 fb0f 120a 0a00 371e 21e1  ..G.O.......7.!.
00007450: d3b0 2028 a9e8 521e e4c1 3ec0 fc30 c4d9  .. (..R...>..0..
00007460: aa2a 23e0 d73a dde3 6bef e2b3 ec0d 2355  .*#..:..k.....#U
00007470: fcb5 b1bb ff36 ce09 3f1c 3728 1037 0bb6  .....6..?.7(.7..
00007480: d7fe c711 09ee 0edb c226 3834 c415 812b  .........&84...+
00007490: 3508 281b faea f85b df25 bbba d043 c01b  5.(....[.%...C..
000074a0: 3119 034c e3e7 fa0b 41fa 23b0 0c26 2528  1..L....A.#..&%(
000074b0: f9ed d40c b3df 27ec 34de cf95 1c18 353f  ......'.4.....5?
000074c0: 011a ee12 ee1f f8d3 29ab a330 052c d2dd  ........)..0.,..
000074d0: d5be ffb8 c426 f8d1 fa97 1601 3481 3d10  .....&......4.=.
000074e0: db02 fcd7 6d33 00e1 e2f8 ffd5 ed51 fb1d  ....m3.......Q..
000074f0: c111 e2f2 119f dc09 cb19 7719 fd70 a942  ..........w..p.B
00007500: 0320 bbe3 f9f8 3212 6cf3 0235 8137 e5fd  . ....2.l..5.7..
00007510: 08e7 d8ed 2d13 d221 1668 cfc2 e848 d760  ....-..!.h...H.`
00007520: f915 dff7 e6c1 1636 eeff e392 2bc5 d740  .......6....+..@
00007530: 1810 1256 2323 08f1 d51c c657 f8fb 49ed  ...V##.....W..I.
00007540: f2f8 25d1 1500 29d4 2829 7dea 2edb ef2f  ..%...).()}..../
00007550: cefa 480d c9fc 175d cfa2 33d8 d635 e287  ..H....]..3..5..
00007560: ca18 1f00 cf53 01fd 5ad4 d2ec f1e6 2e43  .....S..Z......C
00007570: c1f8 ec81 b344 d325 e2eb a041 c2fa 1967  .....D.%...A...g
00007580: be27 5a03 09fd 2cf2 2be8 f1de 3c2e 1bb5  .'Z...,.+...<...
00007590: 2106 da22 036c 32d5 d0ef f544 c838 2dd6  !..".l2....D.8-.
000075a0: 0bea c8b9 e4f7 1aeb fb81 a1dc 2918 c532  ............)..2
000075b0: 4f1c ed25 e347 06f1 d91c 342d 3ddc 2489  O..%.G....4-=.$.
000075c0: f9fa d01d 26dd d2f1 e767 4f11 e1cc 0730  ....&....gO....0
000075d0: faaf 7f0d c99f 3d3b df1c eeab f044 b52b  ......=;.....D.+
000075e0: c145 0540 ce12 feb0 7932 07e1 ebd9 2122  .E.@....y2....!"
000075f0: d0aa e8b8 cc39 d2e5 c92b 2032 3bff debd  .....9...+ 2;...
00007600: c2f7 3914 40bf ffe5 d53e 5208 00a5 ccf7  ..9.@....>R.....
00007610: 3e13 2d60 fde9 207f 0516 ffce ca74 9e3e  >.-`.. ......t.>
00007620: d01d d800 bb01 1593 46e9 bee0 f0fb 0e12  ........F.......
00007630: 11c1 cef6 a448 17f1 3ef1 ff41 37e6 0bd6  .....H..>..A7...
00007640: 2c4a d520 38e2 1b1d 6460 163d 1c4e f2da  ,J. 8...d`.=.N..
00007650: f892 56f1 81a8 37d6 98cb c0a2 ac59 c3f6  ..V...7......Y..
00007660: 872d ea2e df1e 12ca 2d01 18a3 dbd8 d66f  .-......-......o
00007670: 14e4 bf9c d9ff b4f1 f2d1 df12 1796 0fbe  ................
00007680: 4ebc dcf3 0ff7 e470 d03d 1af1 11fe 05fd  N......p.=......
00007690: f8d0 fd22 cde4 f2dc dbda 42c7 ecdf c9f8  ..."......B.....
000076a0: b016 7f2e 01dc dab3 3124 2dfe e0b4 14d9  ........1$-.....
000076b0: eeea 1baa eef7 0b5b d869 69d4 7d49 cb91  .......[.ii.}I..
000076c0: d5ee bb4c 0afa c2d2 cce0 0ff2 d6c1 af1a  ...L............
000076d0: 5a2c 20d6 17b2 d65e 2106 cadc 1200 aef3  Z, ....^!.......
000076e0: ec26 0c4c 212b 0081 1e20 0bf9 210e 00d2  .&.L!+... ..!...
000076f0: d9b9 2205 c3c4 e7fb 3f3e 112d c42d ffc0  ..".....?>.-.-..
00007700: 8d24 087a cf9c 25ba f023 25e1 33d1 e9e9  .$.z..%..#%.3...
00007710: 2651 19e0 670a 0e0c dcf5 aff3 f15a 1aed  &Q..g........Z..
00007720: 4cff d6e5 0823 4bd1 dd81 e9de 1e29 fe4e  L....#K......).N
00007730: 611a 15ea db3b 52f6 d239 4d19 060d f4c2  a....;R..9M.....
00007740: e23b b7fa 03f2 e8e4 2e3f 29dc b408 0b4a  .;.......?)....J
00007750: eae6 20ef f3ee 1e2a cb50 d3bb 1373 d617  .. ....*.P...s..
00007760: a700 306f aa0e de09 2601 d9dd 18e9 281a  ..0o....&.....(.
00007770: 3681 e10f dc3d abad e02b 64c4 0052 bcd7  6....=...+d..R..
00007780: 2fe7 b80d c304 1519 26df fdfb ade5 d429  /.......&......)
00007790: 0e55 c8b4 39ec a2fd 0b4c d603 fed3 133e  .U..9....L.....>
000077a0: 04fc 162b 1ddd ef1f a822 1c24 320c f1b1  ...+.....".$2...
000077b0: ef1e 7f46 fbcc 190b 3cfd 01a5 ec20 1c56  ...F....<.... .V
000077c0: 0cd1 8d21 ce63 06da 36a9 f7d0 ccfd 1b4d  ...!.c..6......M
000077d0: d207 a3c7 17f9 b0fc 4a17 eb19 1ec0 46ed  ........J.....F.
000077e0: f8e2 39dc 4c68 cc4c 917c 1afc f2fb faec  ..9.Lh.L.|......
000077f0: 8c36 7f22 06f4 e8f6 e7cf ce1c 22c2 2cd2  .6."........".,.
00007800: 02c0 02b1 5d00 e919 c452 2112 34f1 0a46  ....]....R!.4..F
00007810: e0c3 252d 92f8 2023 fcfa 50d7 f108 c2e3  ..%-.. #..P.....
00007820: ebf6 3c25 ece1 d102 7f2f f6f9 f3c5 27fc  ..<%...../....'.
00007830: cfdd c4de d913 c916 f4cc f8a5 65ef e3f1  ............e...
00007840: 5fac 980d e669 d728 bb07 befb 0e1e bd41  _....i.(.......A
00007850: 9bf5 fdd2 8ad9 b3e1 eb96 0bdb c894 2bc5  ..............+.
00007860: 81ce 7044 6b1e f002 c848 2c16 0007 0903  ..pDk....H,.....
00007870: 9423 45a7 dfd2 a443 2bdf ca2d dfbb dc20  .#E....C+..-... 
00007880: f420 2424 2b26 1432 534c c2ee 4643 0081  . $$+&.2SL..FC..
00007890: dacd d955 f022 02b9 f906 04db bc20 ef37  ...U."....... .7
000078a0: 1ed2 f0d2 fdff f0fc e9cd c4f5 e103 e52d  ...............-
000078b0: 6713 f7f9 201f 0919 a744 3652 f44e e796  g... ....D6R.N..
000078c0: cde2 320d 39c2 11e7 fc3b 7ff9 c8bb cb1e  ..2.9....;......
000078d0: 3a48 0b37 492a 156b 3722 e107 dd5c b221  :H.7I*.k7"...\.!
000078e0: 2fe2 07e7 d8fe 05e3 4a02 9ddf f809 4702  /.......J.....G.
000078f0: fbde ff01 a16b 22d8 0fee d724 ddf1 5e5c  .....k"....$..^\
00007900: b43d 32fd ebcd 30d1 f381 f414 e803 1dc7  .=2...0.........
00007910: 3c03 e7db 5a66 5305 2a04 ee2f 2b27 24d8  <...ZfS.*../+'$.
00007920: 2219 c1d6 cd31 17dd 1597 d4d8 f032 fb08  "....1.......2..
00007930: 4dea ea18 fcfc 1da7 1fc1 811c dc00 5f49  M............._I
00007940: ecd3 55b4 f1f2 76d1 22ab 3c07 2125 c820  ..U...v.".<.!%. 
00007950: 2301 1ad2 c911 1f24 de23 1ec4 0bf0 fdc2  #......$.#......
00007960: 415a efdd 9203 ebdf 66bb e5cd d037 eb45  AZ......f....7.E
00007970: ecb8 e0c5 dc1d 209b f10a 3bc8 0a48 dcd6  ...... ...;..H..
00007980: 6ccd 81f8 d514 0c3a 2409 0c0a afd4 ce24  l......:$......$
00007990: 2b30 cce3 4ee0 d3f4 2138 ebe2 ee32 ef21  +0..N...!8...2.!
000079a0: cef6 216b e217 ee19 bd17 06ea f2c5 daf1  ..!k............
000079b0: 21d2 2b1f cfe5 dddb 3609 856d bea9 6f3d  !.+.....6..m..o=
000079c0: a954 78d4 2ce3 26e6 2415 3301 5e04 4cf5  .Tx.,.&.$.3.^.L.
000079d0: ebc2 3738 ee11 7f13 c0c0 2ee2 1a49 f29b  ..78.........I..
000079e0: 2913 ed95 c049 05ff 67b6 cce7 f600 1e73  )....I..g......s
000079f0: 19ef 9d98 0969 1df7 40ef f30f 2992 2a89  .....i..@...).*.
00007a00: f6e7 e145 4402 b228 a832 f204 36ef e80c  ...ED..(.2..6...
00007a10: d8a1 3e1d d381 220e e291 0dbb 0f10 bbdc  ..>...".........
00007a20: b62d 411d ef5a 0794 451d 0eaf c714 2d22  .-A..Z..E.....-"
00007a30: ffb9 baaf c3e9 d9fd 042c eb0e b218 ccf0  .........,......
00007a40: eded f42c be2c 5f00 3c0f 57bf 06db ff5d  ...,.,_.<.W....]
00007a50: 0b67 a6dc 6915 d816 0b38 ed1a f22a 26ed  .g..i....8...*&.
00007a60: 7fd0 ddf9 0e32 f927 cedc 1f4c 43fd deda  .....2.'...LC...
00007a70: f640 6d0b fef6 443c e203 52ff d446 bc31  .@m...D<..R..F.1
00007a80: c426 f6f9 da02 34fb 01e1 d506 0c28 f7f5  .&....4......(..
00007a90: 0c34 ed81 e82c e92c ec10 b720 0d07 4215  .4...,.,... ..B.
00007aa0: 4308 b40b ef28 f138 b3d3 1104 421c ded2  C....(.8....B...
00007ab0: ff4c 4e34 d51a ce03 202e e154 bab4 040b  .LN4.... ..T....
00007ac0: b7f2 4efd ece2 1af0 b90c 5b00 16e6 0ed4  ..N.......[.....
00007ad0: 0227 fb09 66fb 2626 0002 2208 f729 eede  .'..f.&&.."..)..
00007ae0: 7fea f5d1 c926 03f1 2ec0 e7f5 ea23 25f0  .....&.......#%.
00007af0: 3429 18cf f431 491b da27 63e0 f914 9f9c  4)...1I..'c.....
00007b00: 3cad ea10 2419 d00e e05a fbf3 b4d2 da25  <...$....Z.....%
00007b10: e532 bf1f 11ac 9c65 3f73 f6ff fcf1 e46a  .2.....e?s.....j
00007b20: 3fe6 2e38 1fda ea1b e67f 2f50 0ee1 34af  ?..8....../P..4.
00007b30: ce1a 1a72 ce15 1750 3d4c 3c26 f7f7 f4eb  ...r...P=L<&....
00007b40: d54a e26e 0e2d dfc9 25f2 bdcd d225 e8f2  .J.n.-..%....%..
00007b50: febf 1dac 5aac 30d0 dfe6 81d0 2b1d 00f8  ....Z.0.....+...
00007b60: ed14 d9da e843 e6da f005 37cc 0467 252c  .....C....7..g%,
00007b70: 20d8 e9b1 d9d9 f21a 3001 dd19 2d93 2ceb   .......0...-.,.
00007b80: bee7 1e04 2536 b8d9 dd6f 0ac9 6c1a 1f0d  ....%6...o..l...
00007b90: d39b 5710 b29f 27e8 f9be f5bd 1d03 b0d1  ..W...'.........
00007ba0: 293a 0ef2 2023 eef4 3e23 540f c3fd 077e  ):.. #..>#T....~
00007bb0: f8ef c281 e50e e442 2826 55c3 7f3a fdf5  .......B(&U..:..
00007bc0: cb27 eb48 08f6 f8c8 f922 ce51 f2f0 c0e8  .'.H.....".Q....
00007bd0: f3c8 7407 b2dd 173b 03cd dcd1 29de e91a  ..t....;....)...
00007be0: ed30 a6fe 5132 21a9 3d27 0cee 0e60 0f41  .0..Q2!.='...`.A
00007bf0: 06b5 900d 15bc ead5 dbfc b949 da16 007a  ...........I...z
00007c00: 0b47 1402 deff 5bec 44e7 02d9 d725 d7aa  .G....[.D....%..
00007c10: 413f c329 3c51 00d4 1612 e44d ae7f 3c01  A?.)<Q.....M..<.
00007c20: cef1 cefb b6f2 2634 c4ad acef 0fef e522  ......&4......."
00007c30: 6d01 e626 1b1f f2d0 a85c cd62 a3bf e541  m..&.....\.b...A
00007c40: 0837 f64a ef3f 41ff 653a 15c6 1d10 3284  .7.J.?A.e:....2.
00007c50: fd02 4d34 28d6 4700 b3fb d239 de7f 14e9  ..M4(.G....9....
00007c60: 3a0b a9f6 910b 130a 26e6 eac8 fab0 013d  :.......&......=
00007c70: 5e05 f2c7 a53a de3d 98e2 f169 22e1 3640  ^....:.=...i".6@
00007c80: 09fe 25a2 1fee 5233 1111 6a07 fefc 03fa  ..%...R3..j.....
00007c90: 221d 0233 e357 524d f447 31fb bd7f e4ff  "..3.WRM.G1.....
00007ca0: e32d df1c 8409 fa12 52b2 a2ef 0fe0 0c1e  .-......R.......
00007cb0: 1fce de17 be68 c5dd 5cd0 814b c497 5322  .....h..\..K..S"
00007cc0: c318 5a0b 13ff 2709 1031 37f6 5b2e 4ec9  ..Z...'..17.[.N.
00007cd0: f5c9 161e 0316 55b3 baca 1e04 fd2f 0bbb  ......U....../..
00007ce0: 2620 d3b1 e022 1de3 32b7 0dfc dee6 d764  & ..."..2......d
00007cf0: 3206 d09d 1427 2105 28f9 15ec f42b ee4b  2....'!.(....+.K
00007d00: 9b1a 2a10 ed00 3fb2 b281 d207 24fe e80f  ..*...?.....$...
00007d10: 1129 deb7 4662 1d3a 3520 d214 322d 42ed  .)..Fb.:5 ..2-B.
00007d20: 7015 91fb f951 f62a d0a6 26e5 1d37 f7e1  p....Q.*..&..7..
00007d30: 4927 de64 0ffe 27af 9e0b 1df8 dc7f e760  I'.d..'........`
00007d40: 1317 0dd8 b613 41c9 4bd4 450d daeb 0a22  ......A.K.E...."
00007d50: 3c77 d6e8 2c71 e615 135d fe5f f50a 5d2e  <w..,q...]._..].
00007d60: 2ae6 9a2a dfcc 134e c9c0 cd4f 36da eeb8  *..*...N...O6...
00007d70: 1822 5178 0b06 04c9 d90a 2fb3 0d42 01c8  ."Qx....../..B..
00007d80: ebec d31b d60e faf4 edb3 0cf4 b1c1 027f  ................
00007d90: eb1e dba3 3cbd bb1c 0d0d f92f 5493 292e  ....<....../T.).
00007da0: 29f5 0101 41fa f823 d526 3762 1142 26ba  )...A..#.&7b.B&.
00007db0: 9739 602b 2cec 532a e3e3 fc2f c533 fc7f  .9`+,.S*.../.3..
00007dc0: 1650 51ed ced9 5af5 4689 f611 ca30 04b2  .PQ...Z.F....0..
00007dd0: 3f3b a6e8 3075 0709 1f39 132b e733 3d11  ?;..0u...9.+.3=.
00007de0: e037 cdf3 bcdc 0e37 cb8f 9f00 12ff cef3  .7.....7........
00007df0: 3a04 1d5c 2428 ff8a fd4b 5681 135c b49f  :..\$(...KV..\..
00007e00: 11b1 d144 a03d c4cf bef4 f5c8 d5d6 ebff  ...D.=..........
00007e10: dc25 caf7 6312 8204 2c28 dd18 27ba f931  .%..c...,(..'..1
00007e20: 32a9 4e5a 48ee fcfa aa74 644f f917 30b6  2.NZH....tdO..0.
00007e30: fb0e 4529 05ae 2f25 caeb 7eee 761c de85  ..E)../%..~.v...
00007e40: f992 c51f 40f1 fe38 9336 4225 c3cc d436  ....@..8.6B%...6
00007e50: 46ce 4c4a fea1 f43c 1606 11a5 d609 8d66  F.LJ...<.......f
00007e60: e819 f858 e4fd e6a7 7f5a 32d3 e2de 20c9  ...X.....Z2... .
00007e70: d9c4 c119 a93d ef01 dc1c 5de3 4005 d681  .....=....].@...
00007e80: 29be b41c 0eeb af0a 8d27 3c19 f1a7 e449  )........'<....I
00007e90: 2bf7 6516 ec98 f848 1bf2 f3cc 15e9 bc08  +.e....H........
00007ea0: e12d 2938 fa04 03ad 436b 3cf8 ece3 27d5  .-)8....Ck<...'.
00007eb0: bac9 08cf b5e9 f90b b816 f258 0df2 3d25  ...........X..=%
00007ec0: be2a 3bc2 23b5 11f8 df0b 2ff3 f6e2 141e  .*;.#...../.....
00007ed0: 0404 40f3 d419 203a e30e 0bda f83a dbf1  ..@... :.....:..
00007ee0: 0df9 e2f0 e2eb 04fb 7fbf f7e7 0ff9 1817  ................
00007ef0: 04e9 d6c0 ef36 d907 b71c 3ce2 791a c6e0  .....6....<.y...
00007f00: 04ed 9704 310b c2df cc39 d2da d4db caf8  ....1....9......
00007f10: 17c1 4615 a6d7 0e2d 2af4 e8fb eaee b131  ..F....-*......1
00007f20: b4ec 0155 eac5 dfd8 3466 19bc f0d9 1b27  ...U....4f.....'
00007f30: f3ba b3e0 bff0 8116 d708 1dab 0055 c1a3  .............U..
00007f40: 16b4 a109 bb07 fb09 f7f6 05e6 e2d0 bf6c  ...............l
00007f50: 0f53 b0ca 3af8 95e9 162d f524 eda9 1740  .S..:....-.$...@
00007f60: 3bb8 1b23 3df7 e50b 9e1e 2d45 2611 f38f  ;..#=.....-E&...
00007f70: c60c 7f61 04ac 440a 0bd1 9555 bbc8 7f36  ...a..D....U...6
00007f80: ec1e 5de4 e2bd 7a0f 4dc4 4701 de1a 0ef6  ..]...z.M.G.....
00007f90: 2012 e01e 1646 4de4 e0cc 5928 ef23 5acb   ....FM...Y(.#Z.
00007fa0: dd15 f6b8 e002 10f8 1da2 d01b 0b31 f807  .............1..
00007fb0: 0d10 fddf 2f05 3edd 68d8 f0ba 050f e310  ..../.>.h.......
00007fc0: fb2b 0636 c60c daeb e68e 854d dd0e dbf8  .+.6.......M....
00007fd0: 1df9 c8b4 121e b206 178e ec04 3eb3 58d7  ............>.X.
00007fe0: d9f4 0be6 2237 18c2 99eb 10e3 f648 15e0  ...."7.......H..
00007ff0: e12a 191f 0f81 2ad0 2040 40d3 5a83 32dc  .*....*. @@.Z.2.
00008000: a4fa ae12 2813 9c09 d65c f6e6 2dff 0e10  ....(....\..-...
00008010: d8ad 6b0e d683 4ac3 8114 d68d 4e38 c4dc  ..k...J.....N8..
00008020: b422 e803 0713 e8bf 7853 21d2 d725 07ea  ."......xS!..%..
00008030: 1cdc d3a5 07db d112 de22 7f99 287c ace3  ........."..(|..
00008040: 25dc c52d c71e e9dd f1a3 c30d b9bf 9938  %..-...........8
00008050: 0354 e1b6 0a08 9e45 3202 c637 1db2 3c1c  .T.....E2..7..<.
00008060: e51d de32 38f9 22e9 993e 062f 3343 e7a3  ...28."..>./3C..
00008070: c90b 5c4d dcbb 0be2 e61e 5d90 4c73 dbf7  ..\M......].Ls..
00008080: 03e5 b014 9f01 29eb f8a9 d317 bacc b66c  ......)........l
00008090: 2043 d292 4109 9412 411b d112 3aa4 3521   C..A...A...:.5!
000080a0: 30ee e215 6406 0928 9715 3c4a 3554 ef91  0...d..(..<J5T..
000080b0: da0a 747f 2f92 38f5 06c4 8143 ebe7 481a  ..t./.8....C..H.
000080c0: db08 33a4 1132 4def fe2c 5bed 462d 0827  ..3..2M..,[.F-.'
000080d0: 0ec6 0418 d928 3e08 ddfa 16de df32 11b6  .....(>......2..
000080e0: 1209 dbed e501 ed25 5eab ef36 0dda ed4e  .......%^..6...N
000080f0: fff5 c4d0 113e d10f b120 679c 2573 ccfe  .....>... g.%s..
00008100: 2bf1 ba06 c409 0cdb 32b9 d8fa aacf c637  +.......2......7
00008110: 1449 c4c4 1f1e b22d 4f43 f030 0cbb 1a4a  .I.....-OC.0...J
00008120: f7fa f425 2cc7 f72a b424 043a 4029 f394  ...%,..*.$.:@)..
00008130: c909 557f 10ca fef3 9bf5 1ed3 083d b308  ..U..........=..
00008140: 27ad b6c7 b744 03ca ed11 03e9 dbbd de1f  '....D..........
00008150: fe5f b5ec 1823 ad0c 2369 0651 d6b3 3533  ._...#..#i.Q..53
00008160: 6981 2016 48d1 df6d 9e38 fb56 05d2 0da1  i. .H..m.8.V....
00008170: f43e 266e 0ac6 3518 5eec 9f4b d2a7 3c22  .>&n..5.^..K..<"
00008180: c007 5c21 2121 0606 072d 17e3 7f32 44dc  ..\!!!...-...2D.
00008190: cccd 2404 e2ed 41aa b9c9 1ddd 020c 08c3  ..$...A.........
000081a0: 3b08 f2ac 0d40 05ee 2bd0 150a ed23 e56a  ;....@..+....#.j
000081b0: 390d cba4 2610 2813 262c 3b17 f8ec c10e  9...&.(.&,;.....
000081c0: 1e1d e460 0c2d c514 582d b3dc f536 fe81  ...`.-..X-...6..
000081d0: e5da 0cfb f7bf 12d7 ea36 adb8 f838 013e  .........6...8.>
000081e0: e700 04f8 dff8 0614 cf35 fda2 e00c e028  .........5.....(
000081f0: 7ce7 e006 eaee e1fb 38d6 2ec7 1371 89fb  |.......8....q..
00008200: f65a bc0f bc25 0dfb 1c40 d22b c515 33fc  .Z...%...@.+..3.
00008210: ec1c efbe e0de aaa1 ee43 b61d f7c9 5505  .........C....U.
00008220: 6cb9 c647 5b0b 1e51 b86c 4e4b 0de7 e5d1  l..G[..Q.lNK....
00008230: f37f 0129 2ecc fd08 c035 7fbb 1745 b5c0  ...).....5...E..
00008240: 21df ce10 f4e5 e809 d70c e3e8 bcb3 b427  !..............'
00008250: 094e 05eb 18e8 a752 3032 ce0e f8ff f548  .N.....R02.....H
00008260: eaf4 1344 10de 0400 db35 1511 1c01 1494  ...D.....5......
00008270: e819 4c5a dfef 0610 f63f 36b0 3571 b1ad  ..LZ.....?6.5q..
00008280: efcb f8f4 cf6b e4ae bf4b 0cd8 38bc f07f  .....k...K..8...
00008290: ff50 20a6 26f7 a749 05e5 4b15 0cdc 10d6  .P .&..I..K.....
000082a0: 5b8d 437c 4200 d947 1540 083c 2d3e 6986  [.C|B..G.@.<->i.
000082b0: d342 2bf8 01d6 0021 ab31 55df f370 a21f  .B+....!.1U..p..
000082c0: 270b d3d6 e20d 18d4 5532 fe07 d7fd 0c1a  '.......U2......
000082d0: 0f35 d215 1201 d21e 2c7d e702 f1f1 1b51  .5......,}.....Q
000082e0: 55d3 d413 1cb5 ec66 d223 f150 2ef1 fec2  U......f.#.P....
000082f0: 0019 2a7f 280f 190d b923 282a 51f0 31d5  ..*.(....#(*Q.1.
00008300: fe10 e8f2 fce6 01e5 cddf 282c 98ef fb25  ..........(,...%
00008310: 20f9 590d e9a6 2e7f 0fce 01cb f30a ced8   .Y.............
00008320: 8143 181f c833 f3bc 430e d602 0c2e 43d5  .C...3..C.....C.
00008330: 9da1 ffb8 e11f e3da d12b 7f9e 7269 9bb4  .........+..ri..
00008340: fee9 9c14 ec2f abdc b306 b814 d4d2 c653  ...../.........S
00008350: ebf4 11d0 ddce b832 3a13 c518 26b2 043b  .......2:...&..;
00008360: f6d6 0948 5fee f60b ff60 3919 1b23 44a9  ...H_....`9..#D.
00008370: d214 ff2f cf94 cb38 09c0 9850 e081 201a  .../...8...P.. .
00008380: f905 38d2 32e9 0d50 ee19 1614 2c34 27dd  ..8.2..P....,4'.
00008390: e5da ee33 d3f0 43ca f5fc 55e9 d900 e2fe  ...3..C...U.....
000083a0: 1717 11f2 ed01 e2f4 36e7 fa0c d4e3 ff2a  ........6......*
000083b0: 1c0c e4d9 0eff 110d db2b 3d81 6026 c590  .........+=.`&..
000083c0: 31b0 9f08 cb40 c610 e117 f8e6 1fd6 f473  1....@.........s
000083d0: e0ee fbd4 e2a8 a7ee edf8 07d3 f386 f303  ................
000083e0: fedb 0330 58e1 e7cf f55d 5f4a ef05 fbb1  ...0X....]_J....
000083f0: 8608 75d2 e49f e95b 19f9 1cd8 67d5 2dde  ..u....[....g.-.
00008400: 05d8 c2e5 3af7 a6d7 81fe fd07 22d4 d442  ....:......."..B
00008410: 15df 59d6 e2b8 2562 06dd 29e7 430a cabe  ..Y...%b..).C...
00008420: 951a f550 e569 e6cf 5930 2dc9 e708 35c0  ...P.i..Y0-...5.
00008430: c4a5 b0d3 bfea 8df3 e4e5 40c2 66fa ea9a  ..........@.f...
00008440: 3bba 961a 2617 840b a5e5 ba0d e4f6 db12  ;...&...........
00008450: ecb3 23f6 c091 dd01 2ee0 f8f8 279f ee13  ..#.........'...
00008460: bfe0 3342 4a23 e1c6 027f 4adc e20b 2ae9  ..3BJ#....J...*.
00008470: b6bb c4d7 e0a4 bd18 def5 251f f124 d49a  ..........%..$..
00008480: 04cd c4d9 10f7 2208 f53c 5df9 fae7 f35b  ......"..<]....[
00008490: 0620 f517 f3c5 fb2b 1a7f 0fdb c71e d730  . .....+.......0
000084a0: 65f9 1d50 d1f3 c836 2845 1b19 f5de 24dc  e..P...6(E....$.
000084b0: c7e9 1503 d524 fe32 b4ff 2243 23f2 06f9  .....$.2.."C#...
000084c0: f1fb 40ba 5e81 fc02 d50d 1d0d edf5 b1e8  ..@.^...........
000084d0: 1b36 0248 e349 0774 2a56 18db ba66 9722  .6.H.I.t*V...f."
000084e0: ebed 173e a0e1 e807 36cd 9caf 21f6 2913  ...>....6...!.).
000084f0: 3cc7 b67f da64 e6bb ad27 4404 1524 cfb9  <....d...'D..$..
00008500: 33c8 baf3 0510 e90a 197f 47d8 dfc9 fe15  3.........G.....
00008510: 062e 203f f8dd df2c 0461 d102 c629 d140  .. ?...,.a...).@
00008520: 1cdd 0b52 d8b3 0228 165e 1815 0aa1 0adf  ...R...(.^......
00008530: 0cec 1e2d c234 e129 e117 0cfe 30fa 1d81  ...-.4.)....0...
00008540: 04cb cff3 13e3 e515 ad43 4412 e1b7 e258  .........CD....X
00008550: ec14 4c0a dac4 054f 1ef9 25dc f6f2 c7f9  ..L....O..%.....
00008560: ee0e 4060 0009 e9e3 4937 1417 f7f9 59c1  ..@`....I7....Y.
00008570: 9edf 13e4 d009 eb2c 2fda 8f50 9bc1 3e7f  .......,/..P..>.
00008580: cb4b 6a02 fa00 5bf8 22dc 05f9 3d36 3ea6  .Kj...[."...=6>.
00008590: 16e1 da49 2d4c 51df f3ec 2028 0261 36cf  ...I-LQ... (.a6.
000085a0: 2324 cbac c21c 0717 0e9d d6fc eaf4 ee4e  #$.............N
000085b0: 6316 cbd9 1a57 2dd9 e01e 5a81 3074 a4db  c....W-...Z.0t..
000085c0: 13c0 8323 ac41 d2eb d0ed eced cbbe c565  ...#.A.........e
000085d0: 0343 e2c1 28ed 8b19 1d24 ba2f 21ae 2c10  .C..(....$./!.,.
000085e0: 18c9 0d4b 3ff4 0123 bc58 4839 3516 0683  ...K?..#.XH95...
000085f0: bd29 7143 d7bf f814 20fd cc4e a6fb 3a43  .)qC.... ..N..:C
00008600: c330 65e7 00b0 7f04 440b 4d0e 3520 3ff1  .0e.....D.M.5 ?.
00008610: 281c 1010 116a 3401 e525 1de9 e959 21f2  (....j4..%...Y!.
00008620: 6816 bedf be06 0f31 069c df17 07f6 d525  h......1.......%
00008630: 4f1d e30c 4024 27cc 1def 1cf5 53ed 18ba  O...@$'.....S...
00008640: f6ec c556 e724 bc01 ba22 e824 0c1c f11a  ...V.$...".$....
00008650: e8b2 7f15 ca9a 1504 0bb3 03b6 1020 dad0  ............. ..
00008660: bd1b f625 f037 04b8 412d 30e7 d930 0d1a  ...%.7..A-0..0..
00008670: f1c5 d9a1 e0db c505 dd39 7fe0 6b3f d89f  .........9..k?..
00008680: 22cc 8a11 f2f5 c6eb 121e 151d e5d2 1d36  "..............6
00008690: 02f3 67f1 bfb3 fd2e 1501 d5cb 14e5 cb17  ..g.............
000086a0: e01a 0b4b 3502 0bea 0750 1b27 0213 09e4  ...K5....P.'....
000086b0: e6aa 1d01 f7bc cbf9 28f0 2292 4e00 e2fb  ........(.".N...
000086c0: 0a0e e62d f127 c7cf c18c 810f 2100 d820  ...-.'......!.. 
000086d0: caee 04a5 cfd9 d00d 1597 eafc 59a1 26c0  ............Y.&.
000086e0: a71a 3513 4852 dfd6 d113 17d4 2f7c 18c2  ..5.HR....../|..
000086f0: d5e3 0906 ce9b c9dd 3fdc a96f d88f 4412  ........?..o..D.
00008700: d523 4b03 36ed 1705 052b 3209 332d 51dc  .#K.6....+2.3-Q.
00008710: ecba 3829 f8d2 5cee d4d1 20dd 0854 ebb2  ..8)..\... ..T..
00008720: 0e31 ffce c22a ede5 4be2 f4df daff 0466  .1...*..K......f
00008730: 22e1 bd81 0341 03fc 1dfc 1ad1 2a2c 1e35  "....A......*,.5
00008740: 0535 f118 b815 0bf0 1481 b53c b737 e6f7  .5.........<.7..
00008750: 1df4 ebb0 0f0f e9e7 06ca f219 31d6 47c0  ............1.G.
00008760: b626 e9ed 2926 f9ec e0fa 09ee fa53 f3e1  .&..)&.......S..
00008770: ec09 1df9 2096 fadb ec49 62f4 fb68 d302  .... ....Ib..h..
00008780: 1d05 eafe defa 04e9 7fe1 f716 b702 d0e2  ................
00008790: 0c27 d3d3 3728 dce0 fc2f d3f0 11c0 2d62  .'..7(.../....-b
000087a0: 30ed e7df 24e6 1709 a412 1110 0122 f5e3  0...$........"..
000087b0: fe06 4652 32d7 5405 16fe da7f f1a5 3912  ..FR2.T.......9.
000087c0: e446 64f1 4db7 042d 271b 0a1d 0d26 27a9  .Fd.M..-'....&'.
000087d0: 11b5 4859 d202 7113 e6e9 13c4 f46e c9e7  ..HY..q......n..
000087e0: d13a f2ce 9902 19c6 62cd ba9d cef7 066d  .:......b......m
000087f0: 41aa 83ca fb46 e0dd fc27 7298 1233 bc92  A....F...'r..3..
00008800: 2dd7 9433 ef11 e42a d201 d4e9 bbb5 d653  -..3...*.......S
00008810: fb34 0a8d 3c95 a21f 060e d208 1de2 150a  .4..<...........
00008820: eb23 2f4c 1f02 f301 c865 581a 1704 fb81  .#/L.....eX.....
00008830: d42f 6d07 c6c2 ff29 bf3e 7fd0 2d6d e6ad  ./m....).>..-m..
00008840: f8fe d646 dbe7 fdce 07c0 ebdc b2cb ad32  ...F...........2
00008850: 3c45 0aab 1c01 d82a fef1 bf0c 1ed5 1a1b  <E.....*........
00008860: dc33 e70c 11f8 08d1 e901 17f6 3354 fdb7  .3..........3T..
00008870: eae0 4608 d4c0 04f4 26df fdfd 14fa 3ff5  ..F.....&.....?.
00008880: d41c 13fb 02b5 3f11 b9c2 eb7f fb3a d9e2  ......?......:..
00008890: 1af9 2ae9 d121 3509 0f00 2dd3 1a1e 131d  ..*..!5...-.....
000088a0: 013d c307 030b 07ef 38e1 dee0 e951 07f4  .=......8....Q..
000088b0: 1dea b428 1cbd 08b8 220f 1dc7 b14f e5f1  ...(...."....O..
000088c0: b725 0822 89ff 56e8 faf7 2ce0 23f0 f20e  .%."..V...,.#...
000088d0: 3073 ef9d 7658 d3ba d936 dc3e f221 31e0  0s..vX...6.>.!1.
000088e0: 7fc2 cd09 1d39 0c09 c2de 082c 3112 e0e2  .....9.....,1...
000088f0: 7b49 3c10 19ed 6910 28d5 a57f d1b0 4e30  {I<...i.(.....N0
00008900: cf13 51c0 3fd9 4b2c 123e 431d 2f3b 36e0  ..Q.?.K,.>C./;6.
00008910: 15ca 104c d31b 4a00 df05 49c1 da57 d5e7  ...L..J...I..W..
00008920: 1312 e8d4 d5fc f319 67b8 d5de e5e6 fa44  ........g......D
00008930: 3a08 b2e1 233f 180a 1113 2610 d82d d462  :...#?....&..-.b
00008940: 163b 390b 0ff2 0019 24b6 9ac3 1350 f9a2  .;9.....$....P..
00008950: 3837 c4cf 0552 eae0 db35 ae0f ef35 2a0b  87...R...5...5*.
00008960: ccef e5f6 abf5 e612 afb3 e281 190a c71e  ................
00008970: 734b fb14 e50c dcdf 3dd6 8166 dc91 5632  sK......=..f..V2
00008980: c41f 50ea 36fb 2217 0727 2101 4f45 44d4  ..P.6."..'!.OED.
00008990: f2a1 2e40 c606 62cd aaca 2ed4 e737 e6c5  ...@..b......7..
000089a0: 041a f3b9 d00c fdea 65bb edd1 d4f5 f572  ........e......r
000089b0: 2bf4 a590 122f 0901 e812 5996 2a57 cbc4  +..../....Y.*W..
000089c0: 29cf a71c c412 e7f8 dccb e8f9 bec5 d64c  )..............L
000089d0: 0240 e1bd 37e6 8e11 2013 d51b 18aa 2221  .@..7... ....."!
000089e0: f7ed 1b38 38f1 f701 ab3e 362a 2124 0681  ...88....>6*!$..
000089f0: cb23 7138 e7ba 1304 e53d 6fa8 164b 92ab  .#q8.....=o..K..
00008a00: 2fdb 863a bb48 e4f0 0441 efce d6c6 dd34  /..:.H...A.....4
00008a10: de23 fdcb 1db0 9f08 153b ab0f 02db 2c33  .#.......;....,3
00008a20: 18cc 2258 3fe8 f523 b37f 4d37 20e5 ffac  .."X?..#..M7 ...
00008a30: da2b 5414 cfc9 f64a fee2 d135 0110 357f  .+T....J...5..5.
00008a40: fc48 28f7 ec04 51dd 3fc6 f418 fd38 0cc8  .H(...Q.?....8..
00008a50: 1cfe 1112 d157 2301 0df3 011d f03e 13d5  .....W#......>..
00008a60: ce24 c0f5 f1fa 012e f8ad c7e0 09f6 db5a  .$.............Z
00008a70: 3bf7 bb0b 1d0d dbc1 cc31 7292 2e7f bcc5  ;........1r.....
00008a80: 33c8 9c1d ca32 dbdd 05fe dd0c aab1 bc41  3....2.........A
00008a90: 006c e6b5 20ea 8534 362d cd38 0ba2 2429  .l.. ..46-.8..$)
00008aa0: 09e0 2155 3be6 fe1c ac72 2831 1a0f 1791  ..!U;....r(1....
00008ab0: a41d 7049 d4c2 fb1b fd2b 5581 0764 b5da  ..pI.....+U..d..
00008ac0: 10ce 9920 ac3d ebf2 e6d9 d2e5 dcd5 b65b  ... .=.........[
00008ad0: ef4d c9a1 19ef 8516 181a d21f 1199 2125  .M............!%
00008ae0: 26cc 3237 48ff eb15 9743 3e29 3833 088b  &.27H....C>)83..
00008af0: c83e 7444 e0b0 1523 2e21 15ea f1a6 f9aa  .>tD...#.!......
00008b00: 0a17 e962 2a1c d51a cc16 c001 09e8 06d7  ...b*...........
00008b10: ced5 52df f281 1afb fbbe ffcd 38fe 07e2  ..R.........8...
00008b20: a841 303a ea3f f0a3 0c4a 22d1 e93a 39ef  .A0:.?...J"..:9.
00008b30: fef4 e4a0 c3df c819 8223 521f 1941 cb00  .........#R..A..
00008b40: 30d6 e2ef f9e1 f6ed 0950 2ddc b8d8 d9f4  0........P-.....
00008b50: 4549 1b5c f41d 035c 327f ec03 a570 c133  EI.\...\2....p.3
00008b60: e8ff fd5a a193 fc4f 1a1b bae3 339f fce2  ...Z...O....3...
00008b70: 41e7 f93f d14b bcd9 25dc e638 1c81 4b8f  A..?.K..%..8..K.
00008b80: 20b5 ea0d 3e06 8621 9549 f3e6 4802 25f4   ...>..!.I..H.%.
00008b90: c1b9 3443 b0a3 1ae6 f0ac 179e 030b c6aa  ..4C............
00008ba0: b817 3d23 c920 00d1 3e36 47d3 b4c2 2619  ..=#. ..>6G...&.
00008bb0: 20de e69b ca11 e602 36c2 890b f5a1 6415   .......6.....d.
00008bc0: d226 50d9 06e2 0b0a aee9 0416 4819 19ed  .&P.........H...
00008bd0: c4ec 3cf0 ba0f 2d27 c68f 33f9 2208 0e81  ..<...-'..3."...
00008be0: c11c 2ef7 d41b 07da 42c1 e9d0 f013 2e1a  ........B.......
00008bf0: 0222 f197 f313 f8e7 1fd9 8170 adb5 5737  .".........p..W7
00008c00: ea28 58bf 1afd 2d1b 594a 5d03 502f 6ccf  .(X...-.YJ].P/l.
00008c10: 0bbc 094d f833 5ea0 bdf0 3be0 d816 eed4  ...M.3^...;.....
00008c20: 4609 fa9a e8fd 0d0e 54b0 e92b efcc dd70  F.......T..+...p
00008c30: 24fe d5b1 2e3e 3620 9534 7eea 3f32 b481  $....>6 .4~.?2..
00008c40: 1eb8 b6f2 f9fd d500 d44c 33e6 cab6 f364  .........L3....d
00008c50: e710 110d f1c6 d44f 2b7c eacd 1afa cc5f  .......O+|....._
00008c60: 16fb 0d7a f7b7 e024 3170 2a56 f7d4 3698  ...z...$1p*V..6.
00008c70: bbeb 3327 da10 fb38 e11d 5181 5461 d1dc  ..3'...8..Q.Ta..
00008c80: 34c5 9c12 de33 dfde f2ba d60c b5c3 b254  4....3.........T
00008c90: 0e43 c9ab 21f3 8e26 2a0c e427 2299 2217  .C..!..&*..'".".
00008ca0: e6dd 0c45 4711 e80a b630 342f 252a 10a0  ...EG....04/%*..
00008cb0: a510 585a f0b2 0609 16eb b97f eccd 5317  ..XZ..........S.
00008cc0: e243 43dc 2fd2 28f7 3036 280c 4345 34af  .CC./.(.06(.CE4.
00008cd0: 23c6 353c c11b 74f1 cedd 08e6 de62 e4af  #.5<..t......b..
00008ce0: e621 e8d4 c21a 20da 71ae c3bf d9ed e065  .!.... .q......e
00008cf0: 39cb 93ae fb25 d8ce 09d8 8f4b faf1 4f74  9....%.....K..Ot
00008d00: e66b 480c c90b 6e02 5bc3 2e18 d358 3eeb  .kH...n.[....X>.
00008d10: 14b6 e0f8 db34 7fe0 fef1 380a 2325 48c6  .....4....8.#%H.
00008d20: e12d cdc6 cc17 161a 2f97 c825 2328 054a  .-....../..%#(.J
00008d30: 0a03 eec5 4727 19f5 56ba 8b56 d781 3124  ....G'..V..V..1$
00008d40: ece6 2e20 0b11 1dfd 0a3e 1efc 7652 37e3  ... .....>..vR7.
00008d50: cfdf 1d1d b6dd 34b1 c4cf 10cb e04b 0e98  ......4......K..
00008d60: 2635 fde2 c51c fe03 23bc 02c9 d3d7 d37f  &5......#.......
00008d70: 2427 e2b4 f11f 06e1 8626 5613 35ee d2bf  $'.......&V.5...
00008d80: 52b5 cafb 2026 c92f 2925 f0c1 afdc c3f3  R... &./)%......
00008d90: e5fc fa06 aae5 f93b 081b 05df eb0d c73a  .......;.......:
00008da0: 8509 4a4d d8df f5e0 1048 e2f0 fed9 1bf0  ..JM.....H......
00008db0: e1b7 0fe3 990e 8115 0805 1109 9d65 c758  .............e.X
00008dc0: eafe 3215 e0ff 7d07 0ada d8ed 2727 ecec  ..2...}.....''..
00008dd0: 1736 dacc 2e7f e8e9 063b e8fa df3c 362d  .6.......;...<6-
00008de0: 5ef0 cc17 d7c8 0c4f b9ad f1ef 0608 dbf9  ^......O........
00008df0: 545f 2c2e 19fb 15f3 0205 13d2 0158 dd34  T_,..........X.4
00008e00: f501 0102 a003 4fd8 16fb 1ffb eb08 d620  ......O........ 
00008e10: 236d b813 394e bf01 1452 fb21 e714 002b  #m..9N...R.!...+
00008e20: 5ddc ce14 f1c5 0855 d2e9 0629 4a13 ddda  ]......U...)J...
00008e30: 4712 317f 1600 34e3 20de e477 a8e1 193f  G.1...4. ..w...?
00008e40: 3331 1bec 03eb 63ff 7f02 16f9 164d 40c1  31....c......M@.
00008e50: 2be4 ea0c bf2d 37d1 c34e fab5 da65 280a  +....-7..N...e(.
00008e60: 1e4c ef00 8b03 c630 0def dba4 c29c c57b  .L.....0.......{
00008e70: 5b1f e0d4 f32f ddb7 f5e6 dde3 2e81 44c4  [..../........D.
00008e80: 20d6 c511 35d5 c657 b517 de1a 0c06 ef2e   ...5..W........
00008e90: b4fd 14f7 b1cb 0acd f3b1 29c6 07a0 0b0f  ..........).....
00008ea0: bef7 3fe6 4b27 06a8 e911 2ffa daf0 22f7  ..?.K'..../...".
00008eb0: ae37 f1e0 00c6 f66b 111a db53 05ad b9a0  .7.....k...S....
00008ec0: 17c2 c060 04f7 fa50 c87f 45da 34f3 16d5  ...`...P..E.4...
00008ed0: ed1a 5b3e c7a0 19ec cf14 f7e6 b872 bbf9  ..[>.........r..
00008ee0: 3413 6476 b21c 02d1 f865 15b3 cc02 1d3b  4.dv.....e.....;
00008ef0: 7ae0 108e a242 b620 20f6 2ca8 0315 d5bc  z....B.  .,.....
00008f00: dec8 aef8 bc53 e1f0 e2ef ca0e ede9 d955  .....S.........U
00008f10: e10b d1b6 0cd1 af0f f200 e0fe 0ac6 3310  ..............3.
00008f20: 17f3 f92e 4210 e21e d726 2314 2030 018e  ....B....&#. 0..
00008f30: eb32 7f33 f7ad 4620 2ef3 b54a e5d3 3a4b  .2.3..F ...J..:K
00008f40: e527 371c 0c0b 1f16 7f24 010c 3744 1a96  .'7......$..7D..
00008f50: 11c5 061f dd32 4ac8 b7e3 08f5 ce3c fddb  .....2J......<..
00008f60: ea07 eec1 d7fb fff0 14b1 c9c6 effa d864  ...............d
00008f70: 3ff4 d0da f708 ebdd 3eda 8166 a59a 3d4a  ?.......>..f..=J
00008f80: d434 5ef6 39fe 3041 2f39 07fa 466c 63be  .4^.9.0A/9..Flc.
00008f90: f89c 0a2c da1b 53a6 b2ed 24d9 db63 13c4  ...,..S...$..c..
00008fa0: 100c dfac d10b 041a 41c5 e7d0 deca de72  ........A......r
00008fb0: 6326 b68c 3040 f802 33ee fae1 1fe2 ff66  c&..0@..3......f
00008fc0: f723 1916 c11f c70e da81 873d 0d76 fc00  .#.........=.v..
00008fd0: 9fd8 01c0 ad11 0ce8 1492 e923 42b8 4eb5  ...........#B.N.
00008fe0: c82c 1ffa 302d fed8 df01 13f7 0b72 1704  .,..0-.......r..
00008ff0: df11 f4e5 14a9 e2dd 45c9 bb5e 2bb7 14ee  ........E..^+...
00009000: 2839 2327 16f2 09ff 1828 fc1e 394f 4fc4  (9#'.....(..9OO.
00009010: e884 3124 d2d5 64d4 f1a1 18bd e8fb d7ec  ..1$..d.........
00009020: d434 18cd f0dc 02c3 1e23 0bf6 ca1d 0562  .4.......#.....b
00009030: 02d6 b281 0cfc 0afb 14d4 a951 03b5 59c1  ...........Q..Y.
00009040: adf1 29ec 4ba3 e8ea a560 690e 1ee9 141d  ..).K....`i.....
00009050: 18d6 4474 dbce 7712 ebc9 2edc e630 b1b3  ..Dt..w......0..
00009060: f703 3efc f715 0ccb 7fe4 cbee ffec 2728  ..>...........'(
00009070: fbc2 c3ac 1351 1fe5 1df7 ab7f dca9 4217  .....Q........B.
00009080: d32b 37ea 2cd9 3c08 3735 4a0a 2524 3adc  .+7.,.<.75J.%$:.
00009090: 10c0 105d 06fe 66f6 db09 25dd d078 cee4  ...]..f...%..x..
000090a0: 1916 eed9 a720 fefc 59c0 d3d7 e0e0 0263  ..... ..Y......c
000090b0: 37cb acb6 0058 01ec 24ec 1907 590c 517f  7....X..$...Y.Q.
000090c0: 0c26 f808 db09 2c92 5c89 b740 f759 f2ff  .&....,.\..@.Y..
000090d0: 09cc 38ac 9708 59fe fdba dbd8 3107 3a90  ..8...Y.....1.:.
000090e0: 8e7b bde2 0f2a 15f2 0cd5 f8e6 ce6e e875  .{...*.......n.u
000090f0: dfb1 a0cb f0cd ae81 d94b 7fa1 2141 9fba  .........K..!A..
00009100: 26cf bb3c ed07 ddec f8ec cc05 d4c8 a71f  &..<............
00009110: e033 eac9 27cd a445 2f35 c9e5 1adb fa53  .3..'..E/5.....S
00009120: f703 0e39 1bf6 e2ff ad4a 1c18 232b 20b5  ...9.....J..#+ .
00009130: e00b 4544 c9d1 ff09 280f e03d d8b5 1af2  ..ED....(..=....
00009140: a333 2b57 09d2 2e10 9015 2201 292e 43fa  .3+W......".).C.
00009150: 1fc2 5714 03f4 591c de37 03a7 007f d4f8  ..W...Y..7......
00009160: f32e d82a e645 fcfe 21b0 22f4 f3f1 18d7  ...*.E..!.".....
00009170: 6a1c ceae 0516 13dd bcfe f858 b4f5 00fc  j..........X....
00009180: 11ea 29da 0fc8 5712 314b 6dd7 0cef 1fe9  ..)...W.1Km.....
00009190: 352d e958 1830 1721 017f 20f8 c463 d92a  5-.X.0.!.. ..c.*
000091a0: 4407 0422 98cb e936 2af5 da0f fb9c f6fe  D.."...6*.......
000091b0: 3fee 001e e46a 22f7 0712 4c84 2060 d0d8  ?....j"...L. `..
000091c0: 10da ba38 c240 cdf3 facf cbf1 e1e5 d03d  ...8.@.........=
000091d0: f936 deac 30ef a1e1 1903 c531 3181 3c0a  .6..0......11.<.
000091e0: 1cec fb0c 66fc 1208 a53f 552d 2d3d dfaf  ....f....?U--=..
000091f0: cb2c 6329 0eb1 1d16 e943 5781 1a51 aed0  .,c).....CW..Q..
00009200: 19d5 a736 d841 c4e3 ebf7 c1ee c5bf d215  ...6.A..........
00009210: e942 eac5 19dd 9f15 1a28 c823 26bc 3534  .B.......(.#&.54
00009220: 12ce 0d42 4306 0018 a255 2d33 1f1e 289c  ...BC....U-3..(.
00009230: e521 3a48 e5c1 fd28 ef1b 5107 4615 9d81  .!:H...(..Q.F...
00009240: b63d e54a 01dd f6dd c75d 530c d1c8 ff38  .=.J.....]S....8
00009250: 01e3 0f30 368b 0a46 4b25 cbcd f064 cf3e  ...06..FK%...d.>
00009260: 1cf8 0529 192a ffe8 4506 1f09 100e 18f6  ...).*..E.......
00009270: 1fbb 0706 f628 210b 0412 5609 1d32 a7d0  .....(!...V..2..
00009280: fb29 ed21 df11 f9cf 407f 04ec 19e1 5aa9  .).!....@.....Z.
00009290: cff0 4e35 bdab 2407 1269 d390 076a dae0  ..N5..$..i...j..
000092a0: 4013 0e57 bcda e05a e555 0819 d92c 17fe  @..W...Z.U...,..
000092b0: 56d8 d0e7 031a d20c fe0d 2ed4 154a cd68  V............J.h
000092c0: 0b3b f21b bd0a 22f0 1681 bc09 c50f f5cd  .;....".........
000092d0: 1a2f d4b2 2339 dce9 24ed d739 23fa 480b  ./..#9..$..9#.H.
000092e0: e704 cbf8 1811 160f 8dd9 efeb 222d dacf  ............"-..
000092f0: 213d 2037 2fc2 08e9 bd25 3607 2acc d981  != 7/....%6.*...
00009300: 4ecd cc24 31fa d946 dc40 00f0 d9bd de02  N..$1..F.@......
00009310: dc0d 2ef1 e9c0 0231 fd16 16ce de0b c931  .......1.......1
00009320: b50d 496b c207 dccc 075e 1af7 d0c6 42c3  ..Ik.....^....B.
00009330: d9e3 05d9 c1f9 ce2c 67e3 1651 ff18 fcfd  .......,g..Q....
00009340: 1f77 0233 9fb3 741f 53ca 3146 9cfe 2fe0  .w.3..t.S.1F../.
00009350: 557f 0b81 169f 49c5 d6e5 15b9 2127 1017  U.....I.....!'..
00009360: 9242 f9cb d1f4 18fa 8cea f84d 0e2b f9d7  .B.........M.+..
00009370: 19ce f3b7 48b4 f585 cb15 2019 3915 36ad  ....H..... .9.6.
00009380: 16ed dc09 0bbb fafa 11f6 4d15 c7bd df07  ..........M.....
00009390: 2911 4d10 f4b8 4442 07f8 21c6 f524 c5e6  ).M...DB..!..$..
000093a0: a754 0b16 cdde 0bd1 451c e9db fdfd e914  .T......E.......
000093b0: db81 eccb cb1c eee7 e517 478d 5153 b9d3  ..........G.QS..
000093c0: 36d9 933f d037 dcfd 07e8 c3f6 c3ca c42b  6..?.7.........+
000093d0: f41d d0c6 29c9 9de7 3301 cf1d 1081 1337  ....)...3......7
000093e0: 0cc7 2211 6c05 e710 8959 3349 142e 0bc4  ..".l....Y3I....
000093f0: c10d 543d 0bb1 282d d335 6b81 326c aacb  ..T=..(-.5k.2l..
00009400: 24e3 9b2d c326 ecde eff7 dff7 bebd d34d  $..-.&.........M
00009410: ec47 edc9 3bec 970c 3128 d716 1fba 1b4f  .G..;...1(.....O
00009420: 27d4 1546 5ade ff18 a14c 4258 280c 089a  '..FZ....LBX(...
00009430: d324 5f38 0bba 1c26 120c e1ff 25c8 fe81  .$_8...&....%...
00009440: f1d3 c71e 091e be12 de71 1de2 35e7 2e16  .........q..5...
00009450: d5dd 3cef e692 fbd9 eda8 f6e5 fda4 d9f6  ..<.............
00009460: 16d8 3912 5a1b 18b4 1c4e 5932 c1de 2009  ..9.Z....NY2.. .
00009470: b8f4 0e8b f0cf 1064 f531 7fe0 1a32 abd1  .......d.1...2..
00009480: 10f7 cc2f ff43 dbe1 e3fe c8f0 e4f4 c2eb  .../.C..........
00009490: f517 16c9 0dd1 cc34 0f2d b6f6 1ef8 f21f  .......4.-......
000094a0: f802 fb35 f2f5 f7ef d95a 29f4 1622 0fd4  ...5.....Z).."..
000094b0: f500 1509 d0d5 ed14 073f 7f9b 3c74 94f4  .........?..<t..
000094c0: ef1e 9935 d61e f3c6 2ad8 b326 dafb c024  ...5....*..&...$
000094d0: fb04 e6aa 0ae4 d20c 293c b801 2da9 1c63  ........)<..-..c
000094e0: 46ec d3ff 52fb 13f4 a93d 2d35 3740 edd0  F...R....=-57@..
000094f0: dadf 3362 1886 12f9 1401 00f6 f745 f07f  ..3b.........E..
00009500: df18 f90a bb2d 4ad1 3eac ba04 0946 f4fe  .....-J.>....F..
00009510: 1a17 b4d1 2c50 fbd9 101d e109 14f7 5309  ....,P........S.
00009520: 4211 c2f1 0e0c ee33 cebd 05fa 2940 c906  B......3....)@..
00009530: 3523 0f4f 26be 25eb 0c06 0238 c010 db7f  5#.O&.%....8....
00009540: f149 431e dc3d 45e3 10d1 b3ed 2538 e7a4  .IC..=E.....%8..
00009550: 1721 f5dc ec2d 0218 e8ef d938 1332 3ec3  .!...-.....8.2>.
00009560: fdff bb04 cd28 fa2b c7d5 dae6 181d eafe  .....(.+........
00009570: 5250 df08 1af6 decf dfd5 9e7e 1f34 497e  RP.........~.4I~
00009580: 8d2b 6ad6 0c01 59d4 48fe 1704 f87e 12ec  .+j...Y.H....~..
00009590: 25cf db72 d46f 58e0 2154 d01a 081d 33ea  %..r.oX.!T....3.
000095a0: 5cce 919f 44e3 2578 4f86 e215 09fd ef59  \...D.%xO......Y
000095b0: 3534 ae55 4c7f 400b f321 4281 1378 bbe4  54.UL.@..!B..x..
000095c0: 04dd b20d a339 f3c9 f0e6 fbe3 f1c6 c850  .....9.........P
000095d0: 0347 bfbb 2916 8cfa 1d2b c151 2299 4e0e  .G..)....+.Q".N.
000095e0: 40be ef37 4800 1918 af2d 384d 3e14 e490  @..7H....-8M>...
000095f0: c627 6f4d 02b8 0311 f809 0131 51ef 5799  .'oM.......1Q.W.
00009600: d6ec fad5 2e90 d1f6 cc1b 791a ff9d 2b33  ..........y...+3
00009610: 3ff3 7c50 03c4 6630 edd3 2cca 142d 99b7  ?.|P..f0..,..-..
00009620: 8e46 0927 a6f1 0faf 69e7 fbe4 d1cf 20eb  .F.'....i..... .
00009630: a681 dea8 d64c f0d3 2d22 1915 171b f1de  .....L..-"......
00009640: c911 ee51 0efe 1213 e47f 1924 1209 cfbe  ...Q.......$....
00009650: 1bff 5459 00cc 3b00 f6f8 f7d1 ad65 c718  ..TY..;......e..
00009660: 18f9 e90d db0f 3cf2 6dfa c4c6 03ff 173c  ......<.m......<
00009670: 54fb a9d2 e728 f000 5ef3 051c f8cf 0210  T....(..^.......
00009680: 2f14 534f 0213 2010 5c20 d7fe 396b 7fb3  /.SO.. .\ ..9k..
00009690: dcc8 2ff6 c7a4 49a8 b700 f7b3 5710 4eb7  ../...I.....W.N.
000096a0: 0f6c eba4 ff44 1018 4432 2dff 1070 d43f  .l...D..D2-..p.?
000096b0: 3ce6 de9e 1cf2 0f1c b50f 4eb3 247f cf2a  <.........N.$..*
000096c0: f3f5 f8f1 cbff 1307 0fa4 83de 9903 a545  ...............E
000096d0: 1539 8cca 3d4b 9510 45f7 dd3a fca4 4337  .9..=K..E..:..C7
000096e0: 09b4 f2ef 77ec ff2d b8e9 e4f3 495b fdba  ....w..-....I[..
000096f0: c63b 4b57 3cde fd08 10ef f40e 0bac 0bc3  .;KW<...........
00009700: 0df6 f00e 1a20 c61d c008 00ee 2a02 01fe  ..... ......*...
00009710: ded6 2af8 d3b1 1cf7 de9f 06d3 16ec edb3  ..*.............
00009720: c918 2304 f535 fdc2 4014 1ad3 e205 062d  ..#..5..@......-
00009730: dbee f881 cf07 da31 a1ca d843 ccf0 2e32  .......1...C...2
00009740: 27e8 1cb3 fbef 36fe 12fd 76cb 2cf0 0c07  '.....6...v.,...
00009750: 295e b742 0d6a 270e 167f 3531 c250 02fe  )^.B.j'...51.P..
00009760: 2ef4 fe22 ceda ed50 f8bf ca29 04bd d9ef  ..."...P...)....
00009770: 3707 1f3e e879 13d9 e244 3ebd f77f 8af1  7..>.y...D>.....
00009780: 06e8 a017 b959 e8d7 3126 eacb dee7 e73d  .....Y..1&.....=
00009790: f049 c3f2 28e7 9bf3 0b30 bf39 feb8 4228  .I..(....0.9..B(
000097a0: 64a2 0802 3cc0 0c31 ac5a 275d 3c0c 00c8  d...<..1.Z']<...
000097b0: e644 611e e0dc 1f4a 3ec8 9e4a a6a8 5e20  .Da....J>..J..^ 
000097c0: e71a 28e8 feec 1c29 e5e8 1cf5 2543 26ec  ..(....)....%C&.
000097d0: 0cb7 0b0d 10d8 4abc bee0 29d5 0156 17b3  ......J...)..V..
000097e0: ff60 f4c3 af33 0dde 6ec3 09ac f7dc fc4c  .`...3..n......L
000097f0: 2904 db81 f63f 24e9 47e6 d335 e281 28f7  )....?$.G..5..(.
00009800: 2422 4606 20e7 0b2e 0af9 0a17 0425 29bd  $"F. ........%).
00009810: eac2 f428 faca 31c9 c7d5 1ebe 0603 04e3  ...(..1.........
00009820: c540 2aa8 d829 08ab 16da 18ed abfb ee2a  .@*..).........*
00009830: ff00 d19d eedb 1f04 a931 3af7 dfe9 aeb4  .........1:.....
00009840: 55c1 ce51 e643 f12b f941 f0a9 ccc1 f5f4  U..Q.C.+.A......
00009850: cb4c ebfa feac b329 014a e50a fc21 0e32  .L.....).J...!.2
00009860: ba0e 4b7f ddd5 ca24 c055 f810 20f1 22a7  ..K....$.U.. .".
00009870: 080e 6c08 9b12 cd30 22ba 813d e1ec 702c  ..l....0"..=..p,
00009880: f20c 5fbb 01da 48f5 1ce0 4115 5232 2be0  .._...H...A.R2+.
00009890: 08f4 090f da59 44ef daec 3b0f f8f5 ffb2  .....YD...;.....
000098a0: 2532 01ea d4f7 13e5 29c8 0f01 d7f9 df32  %2......)......2
000098b0: f0e9 cbd1 140d 1cce e616 7fb5 1877 a7fd  .............w..
000098c0: 0cff 9c20 b13d 1dd2 01f0 ccfe b5ec 092e  ... .=..........
000098d0: 1130 fe98 fa1c b604 1b51 b410 2beb 7207  .0.......Q..+.r.
000098e0: 07de b56c 2829 0c53 b225 2b31 2d28 fe97  ...l().S.%+1-(..
000098f0: 0d2a 3e5b feb3 9cd1 3de7 b45d e3b8 1f59  .*>[....=..]...Y
00009900: f051 5621 f812 16eb 4d03 ee0f 3970 4ca0  .QV!....M...9pL.
00009910: e2cb fe02 e010 52b5 d0e2 f4fb 012a 3acb  ......R......*:.
00009920: 091b d0a4 e623 1600 13b8 e8d9 ef2d d47f  .....#.......-..
00009930: 51ff c1c7 1a11 10fc bb30 e37f e6b2 33ce  Q........0....3.
00009940: ff3d 44dc 2aaa 5802 fc66 7604 e7f8 11d7  .=D.*.X..fv.....
00009950: 2714 3b31 e2f8 7d51 0014 48d0 c974 efff  '.;1..}Q..H..t..
00009960: 051d df22 afe0 1a0f 58c8 9e1a 0ad7 34fa  ..."....X.....4.
00009970: 19f2 e2f0 1343 f3f9 a0e1 f63a 0454 fe19  .....C.....:.T..
00009980: 0af8 efa9 fac4 43cd 0fe1 4b18 d1e6 e449  ......C...K....I
00009990: 493f cc3b 105c 1c2c 247f 2d2e bc46 e91c  I?.;.\.,$.-..F..
000099a0: 12f3 1131 c6bc ea5d 11c6 a1fb 19de 0fcc  ...1...]........
000099b0: 16bc 067b fa30 fbaf 5aca 9651 c181 2c25  ...{.0..Z..Q..,%
000099c0: d820 4e0f 2101 2421 1128 16fd 6338 47cd  . N.!.$!.(..c8G.
000099d0: d6b2 250a e3ef 5ba7 bdcd 1dd9 fc2b 05c7  ..%...[......+..
000099e0: 2321 f9c2 e41b 0ef2 1ec9 15e2 ddef e55a  #!.............Z
000099f0: 420a ce98 1b14 1909 19ff 1881 1516 faf3  B...............
00009a00: 09fe a807 ba0a 15fb fdb1 dc07 daf9 1a67  ...............g
00009a10: f211 c4b4 40f5 c2c1 e7d5 1904 4289 3313  ....@.......B.3.
00009a20: 25eb 0cf0 6d2d e813 a728 426c 0929 ebc9  %...m-...(Bl.)..
00009a30: bf26 461b 5fb4 500a 3cd9 b77f d596 4c43  .&F._.P.<.....LC
00009a40: cd3b 6ce6 4fde 0efb 263e 0d1b 5a51 59b6  .;l.O...&>..ZQY.
00009a50: f1b7 3740 b80d 71f6 bff8 16c5 f569 e4c1  ..7@..q......i..
00009a60: 101a d9c3 c020 040b 4fbc c4cb dbfe fa70  ..... ..O......p
00009a70: 60e7 92d3 0d51 f1c1 31f6 9d4b b4d6 3967  `....Q..1..K..9g
00009a80: be17 4b1c f60a 6415 17bf 011a 3f2e 34ef  ..K...d.....?.4.
00009a90: 0502 f805 ec39 2fe2 b7b4 5afd e362 0fbe  .....9/...Z..b..
00009aa0: defe fec7 ea38 e1ff f581 c5f2 1a26 fe3d  .....8.......&.=
00009ab0: 4126 ecb9 0614 1dd3 1ab4 a934 a193 324e  A&.........4..2N
00009ac0: 1edf 68ff 2519 3542 ccf8 e8c4 7f51 26bf  ..h.%.5B.....Q&.
00009ad0: c9ed eb07 c821 2cd9 d2f2 38da e543 ffbd  .....!,...8..C..
00009ae0: f12c 00e4 b139 d718 0cbb f3cf d7f3 ee2c  .,...9.........,
00009af0: 5b39 e8b8 e93c 02e4 cc3f 7f8c 3a7f 9bed  [9...<...?..:...
00009b00: 1de2 b61d cf20 c8d8 cec5 b7fd bdc6 c42b  ..... .........+
00009b10: f138 eec2 1e02 9e36 431d c420 20b5 1a35  .8.....6C..  ..5
00009b20: 05d2 f830 44f8 fa15 9f46 1b27 2534 0c94  ...0D....F.'%4..
00009b30: e120 305e fac7 ef0f b4c8 fddf 3f55 e344  . 0^........?U.D
00009b40: 14e7 03d5 bbfe 0dd3 bbd3 18ed ccfd c47f  ................
00009b50: 0e40 a805 6b43 9e3d 381a 1324 e623 e717  .@..kC.=8..$.#..
00009b60: 1fc0 0f0d 27cf e818 cecb d511 29e8 08c6  ....'.......)...
00009b70: 090f 4267 f8fb 23fc e522 f427 fd2e 1027  ..Bg..#..".'...'
00009b80: d236 07dc f498 4fdb 31ef 5f09 e6d7 ebf0  .6....O.1._.....
00009b90: 6830 10fd 153f 5825 1006 261c bf4b e40c  h0...?X%..&..K..
00009ba0: da16 e527 ecf0 1624 0081 95fd 0e0c fafd  ...'...$........
00009bb0: 5ae2 ec3b 0721 f194 d125 6b93 1b3f b309  Z..;.!...%k..?..
00009bc0: 3bd8 b93c c238 cef7 00e9 bada ddfd d7f5  ;..<.8..........
00009bd0: da3a f4c5 f3f5 b2ee 0145 b908 00e7 3546  .:.......E....5F
00009be0: e5dd 115b 26f9 e628 813f 1b03 1e12 f4ac  ...[&..(.?......
00009bf0: 2529 2e54 dad1 ca12 c424 610d fb49 f52d  %).T.....$a..I.-
00009c00: 02fe edc4 d3f3 1e22 16f1 cefe b027 dff7  .......".....'..
00009c10: 2147 0b21 1027 f43a 1c31 10fe fc7f 10fe  !G.!.'.:.1......
00009c20: f2f9 da62 e81d 003f 1ac7 c9ef 1e29 01d6  ...b...?.....)..
00009c30: 5817 ef73 1b25 02b4 2fc1 8168 18a9 741e  X..s.%../..h..t.
00009c40: e528 36dc 1ac9 f704 2ff1 3d3a 4120 23f8  .(6...../.=:A #.
00009c50: 13ae 1921 eafb 67bb cf92 2611 f7e6 07a9  ...!..g...&.....
00009c60: ef16 e490 f72d 1ac7 4bae fced c808 d169  .....-..K......i
00009c70: e5ba a6ae 1bf9 31e0 4fb9 8a42 cbb5 413b  ......1.O..B..A;
00009c80: ea05 45f4 0b20 4506 213b 2fe8 7f3c 41d7  ..E.. E.!;/..<A.
00009c90: f3d6 0905 e11a 42c3 d3e3 13f4 e524 01b8  ......B......$..
00009ca0: 4126 eacd df10 ff12 27bf 18e4 e2ce c471  A&......'......q
00009cb0: 1b0d e1c1 0425 fbf0 b223 fe4a f13e 3b28  .....%...#.J.>;(
00009cc0: 142f 18b8 bcc2 42fb 26f4 3cfb 1523 f3fc  ./....B.&.<..#..
00009cd0: 4d4b df31 f87c 12f4 ec27 111e cd3c 1ee8  MK.1.|...'...<..
00009ce0: 08f7 e751 e10b fd29 1681 b213 f6e9 ebf2  ...Q...)........
00009cf0: 6ef7 1937 ff1d 319c 4be7 ab56 f290 6fde  n..7..1.K..V..o.
00009d00: c125 37fc 44be f620 f55f 4625 5503 2bdd  .%7.D.. ._F%U.+.
00009d10: 0ec4 6f38 c1e6 70d6 bda5 2fbe c225 c5c5  ..o8..p.../..%..
00009d20: ea2f f3d7 dd19 37b5 7fbc d6cd ebe4 ee65  ./....7........e
00009d30: 2ace a5a6 001a f1c6 0b05 c609 cfe6 0cd6  *...............
00009d40: cd02 2bec 1201 21f9 e97f 5dec 1cf3 1a17  ..+...!...].....
00009d50: 12f8 0d2d 0ffe 2621 e232 0ff8 e444 eeff  ...-..&!.2...D..
00009d60: 47fe d6f8 e3fb 1119 5aec fb1c 0fd4 0c1a  G.......Z.......
00009d70: 1206 f3ee dd49 04f8 e712 5682 fa4b 83ea  .....I....V..K..
00009d80: 06d7 c24d b52b eef7 a5c3 b3c4 dfd3 bb12  ...M.+..........
00009d90: e852 b3af 540c 89ff 2023 d634 24bc 502f  .R..T... #.4$.P/
00009da0: 23ba 3333 3b0d f944 8519 1119 3736 0e81  #.33;..D....76..
00009db0: 2055 7753 0ab5 07f2 0ebd 8d52 b1db 3b31   UwS.......R..;1
00009dc0: f2e1 69cf e3f2 7cec d61b 7fd9 6718 321f  ..i...|.....g.2.
00009dd0: 0522 e21e 1551 2606 d025 42d9 e159 13ae  ."...Q&..%B..Y..
00009de0: 670b fdf1 bb0e fc2f 2999 012b 16d3 e913  g....../)..+....
00009df0: 1c24 02c8 0f59 2ce4 8e20 34d6 277f edc4  .$...Y,.. 4.'...
00009e00: e8cf dfcf f0c1 e9d0 e6eb 2613 c6a1 9358  ..........&....X
00009e10: 4776 ec1a 2b56 d656 3822 f242 c5d9 fc20  Gv..+V.V8".B... 
00009e20: 1ccd fc32 22d0 17d5 fddb d506 29ef 11c6  ...2".......)...
00009e30: d5dd 247e b602 16d8 42f3 e4ca 0dc3 faca  ..$~....B.......
00009e40: 0636 2e46 f324 0a31 d6e0 9f1f efff f9b9  .6.F.$.1........
00009e50: d4d9 36ce 01b7 13da 0281 17ed 2916 4dd5  ..6.........).M.
00009e60: 875a e115 f333 3795 ec1f 1808 c849 f70e  .Z...37......I..
00009e70: 2627 dd92 f4c7 cc1c b3f0 eb4d 17e9 3fd3  &'.........M..?.
00009e80: 12e3 edb8 1cb1 2304 0a27 7fff f7c6 0b29  ......#..'.....)
00009e90: 3503 2352 f80a 3b3c 0c37 38e2 c648 ba02  5.#R..;<.78..H..
00009ea0: ea1d 1239 a8e5 e500 67ed da01 eab9 0f0e  ...9....g.......
00009eb0: eeaa e7f8 d456 dae1 60c4 8d39 ec93 4208  .....V..`..9..B.
00009ec0: e30c 3505 1f12 111b ff28 0205 7c47 41c6  ..5......(..|GA.
00009ed0: e1b8 34fa b6fd 48aa b898 18e0 f6f5 fcac  ..4...H.........
00009ee0: 0928 efbc fa1e 1dc4 38c9 25db ca02 d475  .(......8.%....u
00009ef0: 11ff bc81 f9e0 fbf8 ace8 14cb 0e76 0c4d  .............v.M
00009f00: 29ee f2d5 b605 22da 1b81 00dd c7d3 023a  )....."........:
00009f10: 2254 b5f6 1352 cf2f 4108 1f73 2cde 60c4  "T...R./A..s,.`.
00009f20: cfed f919 f901 0949 ae06 e733 1e03 f8a6  .......I...3....
00009f30: e81d 4a40 1f1e 14e0 57f9 26e2 1030 025b  ..J@....W.&..0.[
00009f40: 0449 1940 d30a f5e5 3181 8820 d744 f5aa  .I.@....1.. .D..
00009f50: 14e8 02a1 1302 0cce 0ac5 beee 40ef 3be4  ............@.;.
00009f60: ae46 c5c2 1136 0ddf bad7 fbbc ec6d d425  .F...6.......m.%
00009f70: 250c f2e3 25b0 f6be f21d 7296 3048 cbf7  %...%.....r.0H..
00009f80: 1bff c42e db32 ede2 24d9 b513 e5ef f101  .....2..$.......
00009f90: e83c 16ab eaf2 aee4 0aef def6 27c7 3924  .<..........'.9$
00009fa0: d40a f62a 2efc 0013 8134 2344 063b e9a9  ...*.....4#D.;..
00009fb0: 0009 3c0b 1db9 c6e9 ae18 57b5 3a71 bdf6  ..<.......W.:q..
00009fc0: 1edb b0ed d5f4 ece8 d7d9 0809 aac2 dd34  ...............4
00009fd0: 1b55 deeb 2810 b141 3f37 ef1f def0 0141  .U..(..A?7.....A
00009fe0: 14bd 0c51 2cf2 eb26 c81e ee15 33fc 2397  ...Q,..&....3.#.
00009ff0: f216 447f 0de7 02f7 fa28 0bf0 18ba f3dc  ..D......(......
0000a000: 1816 2309 372a b51c ea39 bd05 5a08 42f5  ..#.7*...9..Z.B.
0000a010: 92bb 4313 8199 28f7 e2fa 20c0 1510 09eb  ..C...(... .....
0000a020: be0d 0122 e70a 0de9 2954 06d6 e2fe 0800  ..."....)T......
0000a030: ffd9 d6e3 e2ee a93b 4fc4 8361 d1c3 58ff  .......;O..a..X.
0000a040: d91b 1e06 0005 3006 292a 36f4 614b 47d1  ......0.)*6.aKG.
0000a050: 0f89 2617 d920 7fba bac8 36f4 daf9 029d  ..&.. ....6.....
0000a060: f21b 01e1 cf0e 0ee9 6bb5 15d0 d002 f567  ........k......g
0000a070: 1fe7 c88b 1215 07f0 fccc 0874 cc08 1018  ...........t....
0000a080: 12ca d8f2 d038 702a 3553 53e8 e47b dbe6  .....8p*5SS..{..
0000a090: 6106 f312 e82d 1fd3 fa6b e0e4 8177 fc2a  a....-...k...w.*
0000a0a0: 25ef eb3c d6c9 ea54 17c3 f3e5 02e1 dc2d  %..<...T.......-
0000a0b0: 4321 fd1e f905 f1d5 25fd 18e2 33e9 23c5  C!......%...3.#.
0000a0c0: 08fe ed27 00e7 bdf7 e5ef d920 0405 d2f7  ...'....... ....
0000a0d0: fbdd 3ff0 e1d7 29f3 f19b f3e8 20c8 ffe5  ..?...)..... ...
0000a0e0: a639 0918 f82d 1881 1705 0cd2 db2a 043d  .9...-.......*.=
0000a0f0: dbcb ddae e8ba ebfc ba31 0fed f01f dade  .........1......
0000a100: 02e4 cd21 def7 3e2f fa2d 2be3 cda8 e414  ...!..>/.-+.....
0000a110: e54f 1cd4 1edf e713 e410 04fd d036 1b2b  .O...........6.+
0000a120: da0d 0d64 e216 e709 bdfe d707 0d0a 2981  ...d..........).
0000a130: 1645 69ff e70b d80e ca4c 6c8a 227f 9dfc  .Ei......Ll."...
0000a140: 0aef b821 bb28 cadc d6b2 cddd c3d2 c329  ...!.(.........)
0000a150: 0555 dfaa 3b09 ac0c 3210 c141 37ad 2627  .U..;...2..A7.&'
0000a160: 1fca ef19 4bea 0a14 9522 321f 452f ffa6  ....K...."2.E/..
0000a170: dd29 5f6b 10cd 111b d629 1ff0 2eeb f881  .)_k.....)......
0000a180: 17be c8f7 26ec b61a eb4f 2ef9 eeb6 e84e  ....&....O.....N
0000a190: eaf4 3023 eea3 fa0e f600 06da f7d6 ae1d  ..0#............
0000a1a0: ffe4 3424 16ee edc8 3a56 1c16 fbdd 31f2  ..4$....:V....1.
0000a1b0: bcc6 09f5 e2f8 0544 bded e760 06e3 48c1  .......D...`..H.
0000a1c0: 00fb fcaf 34aa 2818 2049 7311 eaee fb21  ....4.(. Is....!
0000a1d0: 44e8 1e4e 02fb 4818 0927 31dc cd33 b110  D..N..H..'1..3..
0000a1e0: f222 0903 bce4 fae1 7fea ebf1 f5b5 0135  .".............5
0000a1f0: d299 d3eb f835 fef6 533e e72c c29c 25fb  .....5..S>.,..%.
0000a200: e836 3717 443a eb1b 2e66 e8e7 4b2d 4ed0  .67.D:...f..K-N.
0000a210: d0be 6315 d6a7 54f4 ccd0 17c3 1b55 eab9  ..c...T......U..
0000a220: f718 00ee c724 fd00 3627 0fd7 be02 0b4b  .....$..6'.....K
0000a230: 29dc b781 f82a bd0a f812 4381 0964 d3e0  )....*....C..d..
0000a240: 1ad6 bb06 c420 ed0d cec0 cbf0 c9e0 af2a  ..... .........*
0000a250: 083e dc95 4003 a609 15f0 cc20 2abe 3904  .>..@...... *.9.
0000a260: 07fb 0430 2f0b 16fe d83d 35fb 2219 0da2  ...0/....=5."...
0000a270: de2b 7127 fdac 071e 3911 24d8 f517 b92f  .+q'....9.$..../
0000a280: ef31 f25b eb2d fb1c 0fd8 810b d82b daaf  .1.[.-.......+..
0000a290: e7ec e9c7 13eb ddd1 0ace e216 13ee 4407  ..............D.
0000a2a0: cef0 f2e8 1c24 08f4 c40e fccd 0f2f 07f2  .....$......./..
0000a2b0: 1c3f 0104 20ca f407 d423 6d1c 3312 cfd4  .?.. ....#m.3...
0000a2c0: 122a f128 12e2 d31f dee8 d61c cf00 d5c6  .*.(............
0000a2d0: 0503 4ed7 d7f3 0535 0be7 bae6 f41d d127  ..N....5.......'
0000a2e0: 810a 1533 e222 199f fae6 ceb2 fe24 14ee  ...3.".......$..
0000a2f0: 17b4 dbf9 ccc7 a9d0 ea3e 3c8c 124c add7  .........><..L..
0000a300: f8c8 854c b675 ebd4 e914 d9b9 04dd e461  ...L.u.........a
0000a310: cc34 cb93 29dc 89d2 fefc b448 2495 7619  .4..)......H$.v.
0000a320: 44b9 0924 7f50 fc25 a347 625d 583d 08a4  D..$.P.%.Gb]X=..
0000a330: ee41 681b e3c8 fd74 e51d 3cdb 2cfd e781  .Ah....t..<.,...
0000a340: 1fd3 b72b f90c c033 f244 060a f6ec f8fe  ...+...3.D......
0000a350: d9dc 4708 e6a7 f3f4 ebeb e8cc 02c8 ee28  ..G............(
0000a360: e104 2727 12f1 0cb8 1b5f 450b ddfe 0ef7  ..''....._E.....
0000a370: d9df 04c4 dacb fa48 e9e9 2ecd 2147 269e  .......H....!G&.
0000a380: 16be a7ec eace ff03 fe29 7f20 e7c1 f67f  .........). ....
0000a390: 361c 2c0f 2407 f2f1 ed24 31e8 e1f8 ce31  6.,.$....$1....1
0000a3a0: 1828 0825 16a2 030c 261a 0f2c 10ba d9c9  .(.%....&..,....
0000a3b0: c4dc 30f8 f50f 02dd 074b 77b0 222d a5db  ..0......Kw."-..
0000a3c0: 27ec cc73 cb43 8106 e7d2 98f3 df11 d1da  '..s.C..........
0000a3d0: c00d fbe5 1ace aff3 08fa b3fd 13e0 2e1b  ................
0000a3e0: d3cf 2e10 3a1b fdfc b93b 29e0 244e 27c2  ....:....;).$N'.
0000a3f0: 1812 1a05 e9d5 e020 c522 45d5 1352 b11d  ....... ."E..R..
0000a400: 0c06 04e0 e2f6 29ba 02c1 f500 ced9 d716  ......).........
0000a410: 084e dfcb 0e50 c16a 4d74 ecf2 071e 0a48  .N...P.jMt.....H
0000a420: 0c0b f145 d6d6 df5a cce6 d219 1d15 1cd2  ...E...Z........
0000a430: 0e0c 287f e124 dab2 9f22 61aa 3a7f d303  ..(..$..."a.:...
0000a440: 21de d2f9 cef2 ead2 e1ab e808 9db6 ac3d  !..............=
0000a450: 1c54 d8e1 3634 b457 421f f339 08d5 1236  .T..64.WB..9...6
0000a460: f4e2 f138 1fee 0fef c4fd ef26 2e13 098a  ...8.......&....
0000a470: c209 4a68 fae4 12f0 f112 dc1b cb39 f03f  ..Jh.........9.?
0000a480: df2a 05c0 df06 23a2 1eda 2f10 e918 ee08  .*....#.../.....
0000a490: 2540 dde4 275d 160b 2652 18fe dd1e f60b  %@..']..&R......
0000a4a0: 7feb f1c8 0acd dd5a f4d4 da0c 1417 252d  .......Z......%-
0000a4b0: 1104 e82f 1211 39ee 0126 0ed2 2076 fa08  .../..9..&.. v..
0000a4c0: 8121 530d c9ad 19d5 d1f2 f049 f302 b807  .!S........I....
0000a4d0: 332c 29e5 e262 c12f 0dbe 00f2 d4cf e427  3,)..b./.......'
0000a4e0: 65a0 dbec 36ea 2b08 0ec2 e6fa 3325 3726  e...6.+.....3%7&
0000a4f0: 0f3a e551 4ef5 37e6 222e 2df1 f30e 815f  .:.QN.7.".-...._
0000a500: 1e51 ef2f c47e 24bf 4207 bdde 1336 1198  .Q./.~$.B....6..
0000a510: cef9 15dc c0e8 0222 0343 bab7 183d 26fc  .......".C...=&.
0000a520: 05f7 e80d d7fc 006b dd3a f502 f722 f613  .......k.:..."..
0000a530: 3734 ea06 fefc 97e9 1015 65eb 4563 ede6  74........e.Ec..
0000a540: b51f fc02 ede4 c7d2 9acc f810 cfcf ec53  ...............S
0000a550: 45e6 072a 20bd c97f 3307 d52a 2968 f387  E..* ...3..*)h..
0000a560: ec05 da16 da29 03ff 5839 2ee5 fcfe 2ff0  .....)..X9..../.
0000a570: f8da cf02 d74d e4f4 50d0 8f70 eaab 49ff  .....M..P..p..I.
0000a580: e920 3dfd 1dd1 09f3 032e 3c21 2a28 3de5  . =.......<!*(=.
0000a590: 13c9 1f3a f2e9 59eb c9cb 18d2 f142 e9c8  ...:..Y......B..
0000a5a0: 0c2b 06d7 c01f 05e3 45c8 f8ce ddea f17f  .+......E.......
0000a5b0: 10ca b3b1 e539 16e7 0eef fa02 ba39 e47f  .....9.......9..
0000a5c0: d915 080d cb36 5ae5 f9c8 dae9 2944 dbf9  .....6Z.....)D..
0000a5d0: 281e 95b5 506f ead7 0211 d730 030c 3ef2  (...Po.....0..>.
0000a5e0: 76e8 b6e0 0111 023a d1ba 1808 101e e6df  v......:........
0000a5f0: 3e57 312c 28f9 4bfd 1b00 0d27 094d 186b  >W1,(.K....'.M.k
0000a600: bd04 f2f3 d1ff 7ff2 364a 4330 0729 d9fb  ........6JC0.)..
0000a610: 4619 f934 1135 1208 f851 f1f7 d077 ed17  F..4.5...Q...w..
0000a620: 69f1 a80d 00e2 0b5b 09c7 ea14 12fc f22c  i......[.......,
0000a630: 6e39 f251 1823 23e9 ea2e 70d7 6531 ee81  n9.Q.##...p.e1..
0000a640: f8ed b22e 3425 85e5 9f00 c7ea eef8 b718  ....4%..........
0000a650: 09ac 69ca ea93 0e1a e8c6 c0ca 22ce c608  ..i........."...
0000a660: a6f3 262c 2b2d e09f 3d45 29ab fa4c 33e7  ..&,+-..=E)..L3.
0000a670: d8c5 d893 dfb4 cd2d 47f5 c348 0c81 4cd1  .......-G..H..L.
0000a680: e90a 34f8 45f8 e71c 0977 2b06 6a09 58d6  ..4.E....w+.j.X.
0000a690: cfa2 452d b6a0 58e4 c4c9 17bc 042a aedb  ..E-..X......*..
0000a6a0: f72c fedb ea2c 0ec5 5ff7 0ae1 bee9 f658  .,...,.._......X
0000a6b0: 18c8 c9b0 fcfa 0a16 0127 4a01 25d5 d19d  .........'J.%...
0000a6c0: 0f00 d667 3728 bf13 cc70 f2f0 08e5 fcdb  ...g7(...p......
0000a6d0: b6dc 6513 b28a 0513 d5e9 deb4 01f0 d308  ..e.............
0000a6e0: ee03 3644 fe01 f3dc 0d7f 1dfd f211 4af3  ..6D..........J.
0000a6f0: 05fd e6a2 d8ff d856 04c5 953d b71b 3148  .......V...=..1H
0000a700: ee0b 50af e5e0 7fdf 141c 61ee 3a02 ee1c  ..P.......a.:...
0000a710: 2251 ae32 096b 0207 e737 401f dc44 2ac1  "Q.2.k...7@..D*.
0000a720: 4eea e6f2 dbf4 fb4e 1fb2 cc23 12d1 e3f4  N......N...#....
0000a730: f940 21ff 0b43 2fcc e616 7fe3 025e db06  .@!..C/......^..
0000a740: 24f7 e40a d913 bfef 21cb ccdd e520 1edc  $.......!.... ..
0000a750: 070c eef9 1822 de20 0f46 ba14 0b20 1ce2  .....". .F... ..
0000a760: daea ef23 f4e4 0439 ce14 fdf7 0a0f ecd8  ...#...9........
0000a770: 5cef 0625 1209 e0c3 b532 3802 2066 b734  \..%.....28. f.4
0000a780: f263 e6e3 c8f4 3701 4dd0 f741 ba1e e3f7  .c....7.M..A....
0000a790: 1b2f d8bd f02a 0aed 372b f107 0fc2 137f  ./...*..7+......
0000a7a0: 37d5 a5e7 42e6 201e c4e9 f73f 300a f6eb  7...B. ....?0...
0000a7b0: 000c 1b72 49b8 0815 21e6 b600 3325 3cb5  ...rI...!...3%<.
0000a7c0: d603 f5ba f6fb 0bc8 f50e 5a33 2cef 4466  ..........Z3,.Df
0000a7d0: 0e91 4405 0df5 1fd8 0381 38ec 6e81 02c8  ..D.......8.n...
0000a7e0: fff3 fbc9 5541 1cd9 4b03 6d69 b4fd fe1d  ....UA..K.mi....
0000a7f0: 87cd c1c8 53b2 3a3d c51e 4b0e 00fc acb3  ....S.:=..K.....
0000a800: 34df bb15 24fa e317 004a 37d9 d9c5 20ef  4...$....J7... .
0000a810: f217 1a5a 00c7 0736 077f f4f5 de4c c33d  ...Z...6.....L.=
0000a820: 0ad7 2e44 c8bf f60b fc5f ed0e 12c0 2cdb  ...D....._....,.
0000a830: 33e1 0600 b251 ea34 76d2 de07 08a1 0001  3....Q.4v.......
0000a840: 0808 243c 2c14 d739 f5e3 ab0d 2d39 08b6  ..$<,..9....-9..
0000a850: dbb2 30cc c6be 2bc5 c6ae e9aa 1829 04cd  ..0...+......)..
0000a860: b139 fdff d35a 06bd fbeb 1e81 c71d e56b  .9...Z.........k
0000a870: 2bee c48d e4cd d0f0 b61f 71bc 356b cfc3  +.........q.5k..
0000a880: 24d3 a5f8 d3d2 fbed d1bf 0c17 a9aa ba60  $..............`
0000a890: 285a e9d3 3905 a947 4336 ef12 14c2 f13e  (Z..9..GC6.....>
0000a8a0: 0de8 1b48 1fe8 eefe cd2c 2339 270c 2081  ...H.....,#9'. .
0000a8b0: bef3 535d 00de 2a00 4fd5 a355 dcaf 444a  ..S]..*.O..U..DJ
0000a8c0: ca45 36fd 22f6 1c20 400f e50b 326e 27c2  .E6.".. @...2n'.
0000a8d0: f697 1518 c506 6e99 d2a8 0ced e723 27ab  ......n......#'.
0000a8e0: e01c deb5 eb2d 1ce8 47af d6ac e40a f279  .....-..G......y
0000a8f0: 34fe b381 300e effb 4b06 1161 fab9 161c  4...0...K..a....
0000a900: de31 1b28 3cf3 001f 2530 d616 3755 11a9  .1.(<...%0..7U..
0000a910: ebb9 3b1a b3f2 52ff dd01 efb3 f17f faec  ..;...R.........
0000a920: e018 d6f7 db35 f702 3bee d6a0 f921 0054  .....5..;....!.T
0000a930: 68ea 95e1 0128 bbd9 c726 3421 f403 ec82  h....(...&4!....
0000a940: 12f2 d10f f70c 0f26 0d65 7fc2 14b4 1031  .......&.e.....1
0000a950: 2235 470f 3ccf fc42 f243 e9f9 ed20 bf2d  "5G.<..B.C... .-
0000a960: 1900 224f dae7 f8f8 294c 2a31 0bc2 0cef  .."O....)L*1....
0000a970: f8ce 34e6 ba44 f535 37e8 d356 26ae f943  ..4..D.57..V&..C
0000a980: d75e fe37 02fe 24e0 65d9 b734 e54e 1f94  .^.7..$.e..4.N..
0000a990: 0ea3 f9ec dddf 62c1 d0f2 ced4 0640 20e0  ......b......@ .
0000a9a0: 8120 d9c7 d527 edfc 0ed4 c5aa fe52 e05f  . ...'.......R._
0000a9b0: 1dcd ada9 f3e1 bdb0 c329 61db 327f f132  .........)a.2..2
0000a9c0: face c0e8 dc2f ee87 0bf2 01f6 daf4 e127  ...../.........'
0000a9d0: e81d 3bf1 d821 085d 165c 8a2c 2dec 230a  ..;..!.].\.,-.#.
0000a9e0: 351a b331 edc1 135b 083a 1d00 1518 17f7  5..1...[.:......
0000a9f0: c0d9 0137 e40a c4d2 adbc f92c fce1 4d0c  ...7.......,..M.
0000aa00: 3ee3 cde5 e5e1 4129 053a 4bf3 d9df 4905  >.....A).:K...I.
0000aa10: 1f0c 2f70 f219 2a2b fa54 6421 cd72 ecd1  ../p..*+.Td!.r..
0000aa20: ab13 537f 90ba c13c 2c25 a31d d99a 17b1  ..S....<,%......
0000aa30: 38fe 29bb cf6b d2ea ecaf e444 e65e 1366  8.)..k.....D.^.f
0000aa40: f5bd 2191 ffe8 51da f1ce 232a 2517 d030  ..!...Q...#*%..0
0000aa50: 2335 28cd 8f7f 0b40 1727 fc1e f026 14b3  #5(....@.'...&..
0000aa60: 581f cf6b c8b9 e678 1fdc f0eb e1bd f727  X..k...x.......'
0000aa70: f732 e83a f107 bab0 e6d9 2fde 0729 e91e  .2.:....../..)..
0000aa80: edd8 46f9 3604 d7f1 e8c8 ce0a 210d c904  ..F.6.......!...
0000aa90: 03eb b7e0 114c d335 3d04 dbf4 f1ef eb2b  .....L.5=......+
0000aaa0: 1c05 c0d4 0d27 f7fc 00ca ebd1 1013 e801  .....'..........
0000aab0: fbf5 ef7f f7f4 08ae 24ca c23c f0df 0d7f  ........$..<....
0000aac0: cf0c 52d8 3f0f 2ece f5f0 c6fb 4746 dbe4  ..R.?.......GF..
0000aad0: 0edd c9f2 cc25 150f 1103 e8f8 fc2d 09ef  .....%.......-..
0000aae0: 4cf9 a2cd ef2d e133 0aac dbc2 e40d eb57  L....-.3.......W
0000aaf0: 1c26 c53a 0321 f4b6 db10 e67f 1efe 270a  .&.:.!........'.
0000ab00: 072b fe0c 28ce fef7 565c 362a c211 08ac  .+..(...V\6*....
0000ab10: 38e7 376b c709 4c06 ffe5 f2f7 b93c ba0b  8.7k..L......<..
0000ab20: d302 d2f9 c8a8 27ff 3cda 94b4 fcc9 fa5a  ......'.<......Z
0000ab30: 33cc a0ec fb31 f6f3 02fa ee13 f6b4 18c5  3....1..........
0000ab40: 0701 02ed 24bd 0148 cc50 13f0 fbcd 20f7  ....$..H.P.... .
0000ab50: 0809 103a d7c1 3407 2146 2e03 f27f bafb  ...:..4.!F......
0000ab60: de17 1d37 bbfd f2eb 61fc d0d5 fadd 0eec  ...7....a.......
0000ab70: 2ede dd21 e923 b7f8 3129 e24b d8bb 09d4  ...!.#..1).K....
0000ab80: bf3b 8153 8439 34fb ef75 52a8 d220 457f  .;.S.94..uR.. E.
0000ab90: dff6 f6ea 1da1 23b2 90f4 cd33 e214 73db  ......#....3..s.
0000aba0: 01a6 0107 6865 201d 00e6 1b42 703e f69b  ....he ....Bp>..
0000abb0: 3cde 0cf3 eae8 bd09 42f5 06c5 11f7 f504  <.......B.......
0000abc0: 1c2b 2e1f ec3b 04f2 2b04 af2e 312a 0abf  .+...;..+...1*..
0000abd0: dad7 4cce aac9 09da f9a0 10d1 35b5 13ea  ..L.........5...
0000abe0: e354 d6d4 26f9 35c5 de30 1301 ca43 c75c  .T..&.5..0...C.\
0000abf0: d8e7 dec7 0b81 c5e9 5b06 76f7 4ae2 88b8  ........[.v.J...
0000ac00: 172a a379 fa1c fa4c 08e7 8265 c53f 01a9  .*.y...L...e.?..
0000ac10: e682 51a6 be87 05ce 30be c1b0 7611 2e48  ..Q.....0...v..H
0000ac20: 8158 c146 093a 1aae f64f 4bc0 a938 0401  .X.F.:...OK..8..
0000ac30: 45fb c1cf 1585 b0fa ef45 1b16 e9ba be08  E........E......
0000ac40: d731 bf1d ebd3 de21 de1e e9e0 e2e6 0b32  .1.....!.......2
0000ac50: fc14 c419 2ad2 00e6 bcf5 c838 152d ff29  ....*......8.-.)
0000ac60: cdae 0ec9 3129 d8da fed0 e8f2 7f30 2ba3  ....1).......0+.
0000ac70: 2519 0f5b d816 fc07 5afb fdfb e3b5 efff  %..[....Z.......
0000ac80: 1e02 3327 171b 323f 1ed5 b60e 351c e1bc  ..3'..2?....5...
0000ac90: d1d8 18ad ddc1 fcd2 12a1 1edc 360b 2ad8  ............6.*.
0000aca0: a87f ef00 df35 f7c4 d91b 25fa be04 ea44  .....5....%....D
0000acb0: fd1a 029a fec8 cb1b 8161 78c0 7b38 8fa9  .........ax.{8..
0000acc0: 28d7 a173 e712 caca f904 fcf9 97a5 ab01  (..s............
0000acd0: 1361 2218 30b8 b55a 3105 e710 f2ee c873  .a".0..Z1......s
0000ace0: d6eb 1645 2fc1 03d7 b761 0519 3525 1fe4  ...E/....a..5%..
0000acf0: e8c3 1c40 b9f1 0a49 0312 f824 0bbd e9d7  ...@...I...$....
0000ad00: f500 e349 23f2 e5e6 c12e 07e8 f4e6 e1e3  ...I#...........
0000ad10: 24f3 f37f 0bb8 f763 0605 f6f9 ca74 e612  $......c.....t..
0000ad20: a6d6 1d41 b91e eae3 3019 b699 11e0 2ddf  ...A....0.....-.
0000ad30: 36e1 bff4 955a cbe2 4726 67d1 2019 acab  6....Z..G&g. ...
0000ad40: f519 dc7f 0941 b6de f5fc a725 0510 f9e4  .....A.....%....
0000ad50: ba13 3bac e0a2 b3ff 08ee afd0 452b 0709  ..;.........E+..
0000ad60: f3f2 e848 3a52 11f2 bc52 49f1 f249 220b  ...H:R...RI..I".
0000ad70: 3306 d3eb d6c3 c9ec c9c3 cb36 fbdb 1d97  3..........6....
0000ad80: 28af dec3 13eb fd0f d036 7fdb 16f1 587e  (........6....X~
0000ad90: ef0b dd00 f4e5 0203 0924 3ff7 e9a1 c920  .........$?.... 
0000ada0: 1ec8 4e1e 230b d703 1b0c 4f72 0ad2 07de  ..N.#.....Or....
0000adb0: a0d3 49ee 2b16 2f15 0ddd 9a1c d1de 0ef0  ..I.+./.........
0000adc0: b4ec 19e0 f1ed 37e5 dd4f 3ff4 1707 1138  ......7..O?....8
0000add0: 0316 c819 2a20 2b09 f947 27ef d70c 2924  ....* +..G'...)$
0000ade0: 7fb9 0302 1418 0245 1cde e610 2e16 00ed  .......E........
0000adf0: 270d ea53 0d3d 3ad6 e739 71da 0b7f 9d0c  '..S.=:..9q.....
0000ae00: dcde e432 effb f2de d6fb c411 d630 9ff0  ...2.........0..
0000ae10: f151 c10c 3b2c a124 3548 be28 e703 197b  .Q..;,.$5H.(...{
0000ae20: 7e97 e011 52e1 f94c 9909 0a32 3e39 08d1  ~...R..L...2>9..
0000ae30: 2637 1c7a 3213 5b30 2cce f9ee 3cf9 ee9e  &7.z2.[0,...<...
0000ae40: 120e bb2e def5 011e f023 f22d ed1a def6  .........#.-....
0000ae50: fbfa 3aca aec2 0ed6 ef96 fac2 15c5 1204  ..:.............
0000ae60: bb1e 0a3a 450f 19d3 0d0d 36ec e439 fef9  ...:E.....6..9..
0000ae70: bbfc fed4 1a81 d702 e0a6 dbbd 0762 1769  .............b.i
0000ae80: 19fc eea3 11e6 48ee dacf e1e0 19e1 b72b  ......H........+
0000ae90: 251c b2ec 187f de06 1c1e 153c ee11 00d3  %..........<....
0000aea0: 41d3 e519 d6f0 f53a 07cf 15d1 1cd6 cde3  A......:........
0000aeb0: ff12 1646 1514 f0b5 1e1f ca5a f0c2 1fee  ...F.......Z....
0000aec0: cd30 1948 14f3 08fd 4626 49fe fbfd 100a  .0.H....F&I.....
0000aed0: f9ec 313a 1bc3 7ffb b0c3 1608 d469 2ec5  ..1:.........i..
0000aee0: d03b f2de aa38 29c6 66ea c4c4 021b 1143  .;...8).f......C
0000aef0: 15d1 e7ac ac44 fd0b 14f3 ea0e f8cc f236  .....D.........6
0000af00: 81ed f934 d065 10b0 bb2d 069a 220f 2a2d  ...4.e...-..".*-
0000af10: c4ce e90e ebe4 e6ec f2e4 c34e 311e 62e7  ...........N1.b.
0000af20: 41a7 d308 404f cb45 fccb 1434 2837 e5e0  A...@O.E...4(7..
0000af30: 520f 0828 dd17 cb13 4dfb 1eca 1fca b5e0  R..(....M.......
0000af40: d3fa df7f daee ff09 7e37 e9e4 d0da 297a  ........~7....)z
0000af50: a6c7 2bcf 47ad afc5 18f5 c1e5 1bed fe11  ..+.G...........
0000af60: 0a31 54ef 7b76 071d f3f1 5c5b 47fb 2ed7  .1T.{v....\[G...
0000af70: d03f 4132 d9be 0d1e ba13 0856 2817 0ffd  .?A2.......V(...
0000af80: d251 0aeb 0ed7 0810 4c14 4213 e70c fddd  .Q......L.B.....
0000af90: 5ed1 1e7f f207 56fe f3f8 eb1a c91c a30e  ^.....V.........
0000afa0: 0210 d3cc edba 28c5 76c8 b8c3 0bee fa60  ......(.v......`
0000afb0: 1aa5 c305 fd35 2bf8 61c6 dd38 fdc0 4553  .....5+.a..8..ES
0000afc0: fa06 06eb f104 3a0d deb0 de24 116d 2e15  ......:....$.m..
0000afd0: f9b3 01a4 d6e6 63d1 df01 e2df 5e23 39b7  ......c.....^#9.
0000afe0: 2b26 d9d9 137f ef26 0bbc 1ef0 d941 e936  +&.....&.....A.6
0000aff0: 4200 e711 37b4 00d1 5307 5d9f 360f bbdb  B...7...S.].6...
0000b000: d15c d959 f121 94ba 032a 81fa a43a 09cf  .\.Y.!...*...:..
0000b010: 01cb c0df 4aaf e8d6 4a2a ad18 62d2 000f  ....J...J*..b...
0000b020: f4c3 e2c5 4166 17de e762 34af f44a 1ec3  ....Af...b4..J..
0000b030: 0bfd ea30 fbc7 fba7 d9e7 2636 f757 0957  ...0......&6.W.W
0000b040: eb0e 0c9e 08de 38b9 f8fb 4d02 16f1 fb4a  ......8...M....J
0000b050: 502a e639 f760 1568 206c f514 f154 d5ea  P*.9.`.h l...T..
0000b060: 5ef2 ad0e dde5 e766 3ae1 daf9 26c7 e511  ^......f:...&...
0000b070: 0cee d17f f76f fb9d 1043 fc3d efcd ee2c  .....o...C.=...,
0000b080: b050 1c50 fbe8 3201 313a d8f2 e525 14bd  .P.P..2.1:...%..
0000b090: 0bdd 0c28 00e8 4eef e90a dfe5 017f 1d09  ...(..N.........
0000b0a0: fcf7 d6c7 ff3d 0619 0eab c6e3 4055 1210  .....=......@U..
0000b0b0: 6f0d bf29 f41e eef8 1042 26bc dacc b837  o..).....B&....7
0000b0c0: fd2e 213c eb6b f90c faed 81cc 2e0c 00e9  ..!<.k..........
0000b0d0: b514 01d1 03cf cbf3 f4be 092c 39fa 30e8  ...........,9.0.
0000b0e0: e20a fcea 2221 f910 c416 f831 1456 1ddd  ...."!.....1.V..
0000b0f0: ff36 2e0e 22bd ca18 141b de64 f843 3bb4  .6.."......d.C;.
0000b100: cf30 1e95 f6af 2803 4c4a 7159 15f6 f425  .0....(.LJqY...%
0000b110: 200f 5b34 9530 50f8 b835 e78b e53c c0fd   .[4.0P..5...<..
0000b120: 3d23 b352 b7a3 302b 7fea 03e1 fdd2 e73b  =#.R..0+.......;
0000b130: f5cc 9cd1 082e dbe2 35f5 bb72 01bd 2a17  ........5..r..*.
0000b140: fa29 467d df3a bee3 4946 fddc 0a7f 40a8  .)F}.:..IF....@.
0000b150: a0f1 3025 ae25 3eed efca 14d8 f20f 14e4  ..0%.%>.........
0000b160: c21a 1bfc 47fa 120a f2b5 90e1 0372 f043  ....G........r.C
0000b170: 2801 f0df fef7 e2d4 c142 6791 155e 8625  (........Bg..^.%
0000b180: 2308 e226 bc45 cbd3 07da b1e9 c6cd d3f6  #..&.E..........
0000b190: f253 ebca 3d05 a10d 1b19 b948 24cf 3238  .S..=......H$.28
0000b1a0: 12c6 fa06 37e9 1c16 8131 1233 3719 0d9b  ....7....1.37...
0000b1b0: 0245 3763 0ac5 f727 1c43 fc3a ddc6 c703  .E7c...'.C.:....
0000b1c0: c959 f37b d606 181f 4f67 e9ec f41c 06fc  .Y.{....Og......
0000b1d0: e0fc f22b 1ac3 40d9 d1e3 c80a fc7f 5105  ...+..@.......Q.
0000b1e0: dbcd fcf0 3748 1809 14c4 ccf9 6f34 03eb  ....7H......o4..
0000b1f0: 43f0 e313 e725 e615 6ceb 2d9c fd3f 072f  C....%..l.-..?./
0000b200: f506 ed20 c015 e7e0 ca8d 8138 e13e da53  ... .......8.>.S
0000b210: eeee 9899 222c 95d7 05f5 e539 5a91 52ea  ....",.....9Z.R.
0000b220: 30cf fbec 7f41 e335 830c 402d 0664 11c4  0....A.5..@-.d..
0000b230: dc2e 1463 6682 20bf 2a09 1ca9 de1c acef  ...cf. .*.......
0000b240: 33e1 db2f e165 111b cedb bde1 36f5 22d5  3../.e......6.".
0000b250: b011 4db0 f0d9 b8f3 fdb5 e3e9 34e9 3bda  ..M.........4.;.
0000b260: ef36 314b 02e0 0616 813a 293b e21a 0ee5  .61K.....:);....
0000b270: 123e 3ea1 fac7 d214 f930 448d f464 bbe2  .>>......0D..d..
0000b280: fbd1 c111 e13e f3db 091c e1da c8b9 d87b  .....>.........{
0000b290: 112e cad0 28ea 8111 3331 d156 20e7 3c19  ....(...31.V .<.
0000b2a0: 52ae f031 3ff7 0d36 bd4d 5e5a 26da 23a1  R..1?..6.M^Z&.#.
0000b2b0: d845 6649 f9c2 df39 8e35 5ce2 1851 be81  .EfI...9.5\..Q..
0000b2c0: fec8 b92a 09f8 dafc e628 44e8 c391 ca56  ...*.....(D....V
0000b2d0: fb34 1221 34bd cf3d 4716 dcf2 c80a e04b  .4.!4..=G......K
0000b2e0: faf9 0657 0cfb f6e9 1b37 e1fc 2ae0 0bd7  ...W.....7..*...
0000b2f0: d2d3 460a b946 fb2a f213 0ae2 160d d0c0  ..F..F.*........
0000b300: 32f9 ee28 ef46 19e9 0b25 fd0e 1ade 29d7  2..(.F...%....).
0000b310: c503 7fa7 b9c2 faff f7c2 f4ee 11b4 16ee  ................
0000b320: d822 152c 05e5 21dd c86e 2f34 cb0b 091c  .".,..!..n/4....
0000b330: d5e6 0d87 e2c2 ae2b 260a ab48 c695 28f4  .......+&..H..(.
0000b340: b648 f84e cefd 3a03 ff7f 3cec 011d 43fb  .H.N..:...<...C.
0000b350: 1409 d974 0de9 2ddf cafc 113f df5b 52ea  ...t..-....?.[R.
0000b360: 04db efe9 223c 2921 2ab0 de49 361c 0fc9  ...."<)!*..I6...
0000b370: 4a1a e4ff 0134 14f4 cec2 1ccb 3c2f 46a9  J....4......</F.
0000b380: 24b7 cab8 118d c803 81da 3c29 dfc5 b25c  $.........<)...\
0000b390: 2526 f623 332f e817 2e00 2efa f291 b727  %&.#3/.........'
0000b3a0: fcc4 4f40 24f3 e2d1 0aff 0d2b 16dc 2e91  ..O@$......+....
0000b3b0: 90d3 2828 24f4 3ade 0913 f52f c3dd 0bfb  ..(($.:..../....
0000b3c0: ea30 e368 b43a 180f 764d 02ed f04d 15d5  .0.h.:..vM...M..
0000b3d0: 0802 ff30 f7e7 26c0 af0a ce0f df17 7fdf  ...0..&.........
0000b3e0: ef00 05f4 2218 371c fafb d410 5332 f005  ....".7.....S2..
0000b3f0: 2e2e 1cc7 df00 dd1a 0ac4 9ae2 f4c5 3e93  ..............>.
0000b400: 2689 d0d0 d9ea e012 a454 740b e8d0 9f6b  &........Tt....k
0000b410: 2b35 9df7 60e6 f237 1300 31fe c8dc f9db  +5..`..7..1.....
0000b420: dbea 1cfb 0120 e9dc 1ef4 2eee 28ec 0e9e  ..... ......(...
0000b430: 81eb 4f34 ba1e 22fb 2afc 45c1 3802 fab8  ..O4..".*.E.8...
0000b440: 22f8 ce23 f80c d600 81b7 cc12 f811 f40a  "..#............
0000b450: fa0c 1ab6 f3ce 0103 2beb f8f7 31e7 f6e9  ........+...1...
0000b460: da23 1a43 1ef7 f6db e20e 2ade ee31 0fce  .#.C......*..1..
0000b470: f2dc 10f2 fdba e608 e41c 0c42 bbdb f5f2  ...........B....
0000b480: 0a02 23cc 11bf 4121 d4ff 250a f11b 3413  ..#...A!..%...4.
0000b490: 0efe f10d 14eb 2b16 0e6d 36c1 0249 eb02  ......+..m6..I..
0000b4a0: 7f37 f5f9 aae0 e72d 46fd 17f7 f2f8 1d1b  .7.....-F.......
0000b4b0: 24fd f30a 1825 4e31 070a 1ce7 f74a fc51  $....%N1.....J.Q
0000b4c0: 133a 3adc fbbf 160c 6cd1 c00a 122c 11de  .::.....l....,..
0000b4d0: 111e 0dbc e750 07cc 2305 f6e1 26fe 0b0e  .....P..#...&...
0000b4e0: 215a dbd8 de81 2816 c506 10eb e6e9 b354  !Z....(........T
0000b4f0: 1303 0b30 64bc ead9 810b 2c1e 306f e7dc  ...0d.....,.0o..
0000b500: e901 dabc fdc6 18e7 0618 5a0b c59b 8c21  ..........Z....!
0000b510: 6555 1b35 f84e f043 282e ca15 9a14 bb38  eU.5.N.C(......8
0000b520: e8d9 0025 b2bd 0fed 1fdc d8fe 1c9f 0f0e  ...%............
0000b530: eeed 0efc c975 14ee 0d27 cf47 cb81 14ba  .....u...'.G....
0000b540: f407 2811 48f5 0b3c 3162 36fe 480b 24de  ..(.H..<1b6.H.$.
0000b550: f1b9 423f f2b9 65f0 bf09 f8d3 cf3f e71a  ..B?..e......?..
0000b560: fd32 f5d1 c01a 1dc4 58f2 e6eb ff0b 0f50  .2......X......P
0000b570: 06c7 c1ac b932 e20e fee3 e001 132f 1063  .....2......./.c
0000b580: c6fb 37d5 ffd8 54c6 f8d7 13e3 2114 eb14  ..7...T.....!...
0000b590: 1e0a 8a29 1169 d92e 4451 2929 ed3d faf5  ...).i..DQ)).=..
0000b5a0: 7ffb afdf 0403 d64e fdb9 f611 1c21 eb15  .......N.....!..
0000b5b0: 3636 f764 1f31 44d8 d911 3fc1 217f b01f  66.d.1D...?.!...
0000b5c0: f20d cf11 d909 19df f7d9 c9f6 b3f4 d344  ...............D
0000b5d0: 0a2d bfda 182f ab17 3a2c c247 1dd1 2f34  .-.../..:,.G../4
0000b5e0: 37b8 e828 4804 f640 b207 1f27 411f 04ab  7..(H..@...'A...
0000b5f0: e93a 2e6f 13f0 fc0a 2100 18ee 14c3 04a3  .:.o....!.......
0000b600: 2ef5 c109 d61d ff18 8616 46f4 ecf5 1378  ..........F....x
0000b610: 0e09 05e9 25aa fe1b cfdf 01f6 3004 13e0  ....%.......0...
0000b620: b205 4728 f63f dea7 1cf2 5337 3329 1f81  ..G(.?....S73)..
0000b630: e8bb 14e7 f5c8 ed03 bfea f850 06d8 448c  ...........P..D.
0000b640: 22da f1dc 25be ea16 d554 7f13 f6d6 081a  "...%....T......
0000b650: 181a 245f e4e1 293a f322 47db c31d b7f0  ..$_..):."G.....
0000b660: e3ff 4a44 c1fa f0d6 5b0c d807 e7c5 35ec  ..JD....[.....5.
0000b670: e4b5 facb cb52 20f1 5428 0a2b d695 06cf  .....R .T(.+....
0000b680: 062a 351d 5b17 e723 0f15 d80d 3d0f 3cc4  .*5.[..#....=.<.
0000b690: d4a0 6deb c7a2 570d e6c7 1cbd 363d cac5  ..m...W.....6=..
0000b6a0: c779 e2d9 b521 16b6 4d33 0bc7 ad0f 1058  .y...!..M3.....X
0000b6b0: e7d0 b881 efe8 9314 fd3c 50b4 4828 b7b4  .........<P.H(..
0000b6c0: 2846 cb7f fa06 f70f 3f01 c50c d8c4 e0b3  (F......?.......
0000b6d0: 1304 5bfe 09d7 e8f6 eec7 d1e5 fb01 cc24  ..[............$
0000b6e0: 8d10 e615 01e7 31ac ed3a e9c4 1c2f 02f8  ......1..:.../..
0000b6f0: fed8 f9cc e3d4 b411 1f09 cf20 e5dc 1a1a  ........... ....
0000b700: e31f 3ad7 22fc 4afe 3130 1cf1 71fd 2c15  ..:.".J.10..q.,.
0000b710: fcc9 5603 e30e 4608 f8e8 2de0 021b d0ce  ..V...F...-.....
0000b720: 3c41 e3e8 c4d3 ef17 4dee 0d14 dce0 f47f  <A......M.......
0000b730: f6e6 d2b9 fd08 d007 06db 22db 0c7f b138  .........."....8
0000b740: de06 9c43 814e 2410 0baa c320 a12e b215  ...C.N$.... ....
0000b750: 0f09 acae 2b15 999e d5d5 9b46 05ae 7d02  ....+......F..}.
0000b760: 08bf ee1a 6d07 223b a9f7 3d11 0728 c0b8  ....m.";..=..(..
0000b770: f876 373d 02c3 0516 b941 4edb befb e1d7  .v7=.....AN.....
0000b780: 4a8e ca08 fe11 f70a d827 b0a8 bb92 e007  J........'......
0000b790: e570 0ce1 16cb 8540 d961 0f1a 1c31 1ddb  .p.....@.a...1..
0000b7a0: ec45 366a a2ce f009 d672 06fc daa7 2d8c  .E6j.....r....-.
0000b7b0: f057 7ffe c3fe db27 6314 e317 7f18 a1ba  .W.....'c.......
0000b7c0: d32f e42d 402c fcbe 9e2e f035 edb8 fc56  ./.-@,.....5...V
0000b7d0: 2df1 3896 a682 e43b 08a9 e5a9 ceed fde7  -.8....;........
0000b7e0: cef3 ed5e 0f20 009a fb0c f8c5 a60a 2eb6  ...^. ..........
0000b7f0: a20c ffc6 1bb6 e102 e12c 4ccb 4f38 ca7f  .........,L.O8..
0000b800: c433 e42e dd0c 2dc6 c2b6 bef2 c615 b7cf  .3....-.........
0000b810: 1807 a436 fe37 d034 6107 ec1c eafc 1137  ...6.7.4a......7
0000b820: e9fd a7f7 38d8 e72f e9ea db2a 1320 1dcc  ....8../...*. ..
0000b830: 2b21 f563 31eb fdfb 2305 e635 d52b f55c  +!.c1...#..5.+.\
0000b840: ad7f 384a b82c f1dd 470d e719 cc5d 01ad  ..8J.,..G....]..
0000b850: f6eb 3339 1c3f 26bd d5e8 b21d ef55 4ed4  ..39.?&......UN.
0000b860: eff9 b6be e9f6 3d16 fecb a9d9 292b e746  ......=.....)+.F
0000b870: 5a06 c2f8 0044 dedb fea3 9074 fac8 460b  Z....D.....t..F.
0000b880: dffd 2c99 1dbf 5b07 b20b 7e0e 2419 33f7  ..,...[...~.$.3.
0000b890: 3dc3 1b2f 1048 5018 1122 24df e552 b005  =../.HP.."$..R..
0000b8a0: 2535 a806 81cc 18f9 65b0 23d6 b096 e34e  %5......e.#....N
0000b8b0: 2fcc a3da e927 f9d6 cfcd f744 b7c3 311f  /....'.....D..1.
0000b8c0: 0df1 05b8 cee0 5435 0503 6ece 1b36 0319  ......T5..n..6..
0000b8d0: 222b a36b 2624 2400 f67f 1e2a d066 e708  "+.k&$$....*.f..
0000b8e0: 41f4 20f5 eae4 dd33 48dc 1311 40e4 e6cd  A. ....3H...@...
0000b8f0: 22ee 1444 fb4c 21e3 28fe b960 a781 31f2  "..D.L!.(..`..1.
0000b900: c21c 37f1 26dd 4d33 db21 210e 202b 13f5  ..7.&.M3.!!. +..
0000b910: 05ee e707 14f9 2d01 d20d 1ee7 f664 160f  ......-......d..
0000b920: 0009 dbfd e845 f30f 3288 f2f2 250f 12f3  .....E..2...%...
0000b930: 5130 e5fa fa2e 25fa 360b ec15 0f36 e87d  Q0....%.6....6.}
0000b940: 944e 56f7 26fe f4b5 02c6 d519 1122 bfe4  .NV.&........"..
0000b950: 3b19 c9e4 0d63 0d25 2503 c60d 06fb f115  ;....c.%%.......
0000b960: 55a5 a6a7 30f7 0056 f083 c1d7 1b3a 0a3b  U...0..V.....:.;
0000b970: 272a c07f 1a0d 25be d021 53fd 267f a1f9  '*....%..!S.&...
0000b980: 0d02 faf2 ddd2 edd9 e0d4 e0dc dccb dff7  ................
0000b990: d65c f9db 0743 d01e 2848 cf2e 0f18 2322  .\...C..(H....#"
0000b9a0: 18b5 0836 13e9 0240 d209 d834 1b04 08c6  ...6...@...4....
0000b9b0: 393e 2748 f52f da13 6501 1ab2 1814 e9d6  9>'H./..e.......
0000b9c0: 272e eb7e a127 1627 2fd8 a128 fb32 29ac  '..~.'.'/..(.2).
0000b9d0: ede2 68cd 02be 27b8 ccc0 f5dc 061c 10e6  ..h...'.........
0000b9e0: d222 07fe 090d 3abd d22b 2800 cd4d d633  ."....:..+(..M.3
0000b9f0: 2ef3 f581 4e8b d6e9 ec48 5fc6 2038 81e3  ....N....H_. 8..
0000ba00: 06fc e34d 0714 c5e5 f3de ac0d c1c4 b111  ...M............
0000ba10: ea3b e506 33d8 ab33 180d c2fe 08f9 1047  .;..3..3.......G
0000ba20: f1b3 2015 1ef0 f511 b126 e40c 3149 2eb5  .. ......&..1I..
0000ba30: 0303 1044 f8f7 171e 810f db0f 0c29 b0cf  ...D.........)..
0000ba40: f3fc b722 a0d2 00fe f272 3a00 b6ec 4f4f  ...".....r:...OO
0000ba50: d5fd 3c65 e098 2401 0af8 1c09 ad32 e404  ..<e..$......2..
0000ba60: baeb 3170 e4b0 eb18 1b27 c9dd e9bf 230e  ..1p.....'....#.
0000ba70: 6dde d5f6 fe6c 2913 e94c 2d0c e134 9aae  m....l)..L-..4..
0000ba80: e534 2d7d 070d e699 b271 49c9 eafa 108b  .4-}.....qI.....
0000ba90: fc38 2b37 08b8 fc58 24cc a8b9 ec7f dc25  .8+7...X$......%
0000baa0: 8ae7 5708 0c0e 41f7 d817 b7db 1226 30e6  ..W...A......&0.
0000bab0: 2bd8 1eda e016 e5c9 e906 f520 0b02 027f  +.......... ....
0000bac0: dded 10dd bb18 4ac4 060e 34c9 1039 d911  ......J...4..9..
0000bad0: 1b27 e11d e036 fd1c fe50 ce0e e842 fcda  .'...6...P...B..
0000bae0: 32b7 06fd f6fd e84e 25e2 fc15 28fd f8fe  2......N%...(...
0000baf0: 150b fd38 fa1b fada 2bf2 aa66 d182 442e  ...8....+..f..D.
0000bb00: d82e 780b 4118 261e 3f32 f6ff 4b4e 438a  ..x.A.&.?2..KNC.
0000bb10: d9d2 2821 81fe 69f5 b909 34d3 ee73 1ac1  ..(!..i...4..s..
0000bb20: ce51 e9ed b932 eafd 60dc afb1 e830 0667  .Q...2..`....0.g
0000bb30: 66fd a1c9 d742 c2de 51ea a60d c8b8 1a0b  f....B..Q.......
0000bb40: 2319 2815 ff2b 181a 4531 fbfe 4921 3bc8  #.(..+..E1..I!;.
0000bb50: d7c6 4cef deed 40cb dbaa 26ef fef6 13ba  ..L...@...&.....
0000bb60: d447 11de e4fb 21d7 0e0f 0601 c0ef dd6c  .G....!........l
0000bb70: f6e4 e281 faef ce15 c71f 7f91 2741 becc  ............'A..
0000bb80: 50cb b20a de39 d8fe dfb6 e8e4 c8b4 e429  P....9.........)
0000bb90: ed55 13c5 15ce a443 2e2c ed26 20dc 0411  .U.....C.,.& ...
0000bba0: e100 2a43 0bec 0610 d35b 1529 2a0d 1fa5  ..*C.....[.)*...
0000bbb0: dcff 534a cdd9 e621 2f0f 679d 347f dc14  ..SJ...!/.g.4...
0000bbc0: f022 e901 f0f9 e3e6 fa9a b63f cbd3 a205  .".........?....
0000bbd0: 2810 2bb9 1317 e015 3bcf aa0c 33c7 d704  (.+.....;...3...
0000bbe0: dd09 a8f3 0b17 27ba f620 3ed9 0128 da08  ......'.. >..(..
0000bbf0: efdd ff1a 13b3 edd1 46a5 8835 e4cf 2900  ........F..5..).
0000bc00: edfa 4ce1 0cea 2309 e524 4017 7f31 32e4  ..L...#..$@..12.
0000bc10: 05c9 16df c622 40bb d5c2 07d6 f9db 0ae1  ....."@.........
0000bc20: 3d27 f0d4 f51e 21cb 45c2 37fe cee5 c262  ='....!.E.7....b
0000bc30: 0502 dbb8 f6e7 0add cb02 2fc9 2915 1994  ........../.)...
0000bc40: 27aa b7d0 0df0 db04 ed0d 4bfa 22b1 177f  '.........K."...
0000bc50: f813 2c02 fdef f329 fe29 3ccf facf d2f2  ..,....).)<.....
0000bc60: 0112 3e51 0f09 cf00 2542 3132 0ed5 27cf  ..>Q....%B12..'.
0000bc70: dec9 2a07 eb11 1810 fa1a 74b7 563e d481  ..*.......t.V>..
0000bc80: 24cb 9c08 eddb b9e1 a5dc 0c11 e0c1 1f5e  $..............^
0000bc90: 1df7 f1c9 25c7 e113 133d ead4 49b1 cd29  ....%....=..I..)
0000bca0: e307 2a4a 25ea ddf8 fd5c 6438 f108 3d87  ..*J%....\d8..=.
0000bcb0: c4b5 293a 15a7 13f8 2f5a 0e45 cd85 c41a  ..):..../Z.E....
0000bcc0: ae50 cf70 fb37 e8f9 2d73 f3d3 eb2d f9ea  .P.p.7..-s...-..
0000bcd0: dbf2 e141 f99c 38eb a315 c40d d87f 4a0a  ...A..8.......J.
0000bce0: c09e d9bd 3e6d 1a0d 37c3 a9c2 6f57 15db  ....>m..7...oW..
0000bcf0: 7df2 bd2a e20b de07 c320 5ffb 1551 c4bb  }..*..... _..Q..
0000bd00: f4de c6d6 3dfe cbe4 e641 3dee e9d9 114e  ....=....A=....N
0000bd10: 1dfc 0813 05de e65c 1e7f d3fb 0cd7 dc4b  .......\.......K
0000bd20: 6dc5 fa25 f5e9 e144 3e62 5212 20d5 1fe8  m..%...D>bR. ...
0000bd30: e3cb 0156 e21e 1626 24d8 3120 66fb e807  ...V...&$.1 f...
0000bd40: 1b1b cfbf 01fd e8fb c4d8 09f0 cafc 4814  ..............H.
0000bd50: 1ba9 5cce d6ac 3219 35f6 d7b8 5149 fba9  ..\...2.5...QI..
0000bd60: b02f e545 a055 0fe5 4037 19b2 d0f9 f00b  ./.E.U..@7......
0000bd70: 01c1 d5a4 eff5 81b3 0702 ee6a e5da 092d  ...........j...-
0000bd80: c73d 6806 1cd9 11f7 142f 20f9 0e17 ffc8  .=h....../ .....
0000bd90: 2307 0d45 113e 6118 0200 fb05 dd77 ee08  #..E.>a......w..
0000bda0: 26fc c4df d211 2cf3 3381 b2cd 1304 f13a  &.....,.3......:
0000bdb0: 4bc7 c02d 1b45 1fb6 fdfa 3403 0248 cd7f  K..-.E....4..H..
0000bdc0: e52e 51ef 0cd3 3fc1 fe8f a515 e30f cfc4  ..Q...?.........
0000bdd0: 14ff c1ce 1f77 dd52 5448 cbfb 1e3f 281d  .....w.RTH...?(.
0000bde0: 3423 97e0 cf12 1147 d4b3 ead0 f52c f71d  4#.....G.....,..
0000bdf0: 3b24 cf73 240f f1aa 1b10 ff16 df5e d92c  ;$.s$........^.,
0000be00: b30d 4217 cb06 45b1 f510 190c 2009 d1e0  ..B...E..... ...
0000be10: 1848 17d7 155d f130 fd27 cf04 de2c 051d  .H...].0.'...,..
0000be20: 7fe3 b203 f9e9 1038 e4c8 dc08 2622 ef1f  .......8....&"..
0000be30: 5344 e23a eb15 30d8 40ce a044 d0ca 3b3b  SD.:..0.@..D..;;
0000be40: 0213 52de e5e7 7f1c 3c16 1f0b 6046 0cdd  ..R.....<...`F..
0000be50: faf8 0a17 cb43 4bd0 0629 4fc5 d544 0ffd  .....CK..)O..D..
0000be60: 6850 f4f6 d608 0c16 09bd eefa c3ba c767  hP.............g
0000be70: 4819 ddd8 2505 0aff a02c 2c81 364f d8d6  H...%....,,.6O..
0000be80: feb9 9422 d817 c1f8 c9fb d5fd c0c1 b240  ..."...........@
0000be90: ef4c cbf1 46fc 89ef 0804 d45a 0087 324c  .L..F......Z..2L
0000bea0: 1da3 2a30 73f1 0b00 b036 193c 4f22 13af  ..*0s....6.<O"..
0000beb0: d02f 6165 f9db 3445 09f1 eb58 ebeb c41d  ./ae..4E...X....
0000bec0: 052d 0040 a11e 3b03 3952 fbd1 0971 1de7  .-.@..;.9R...q..
0000bed0: ea05 e57e c200 3bd0 fd42 be1c c179 45ea  ...~..;..B...yE.
0000bee0: f0ad 1232 31f5 fe78 f7b4 c003 3c30 fefd  ...21..x....<0..
0000bef0: 7f17 be66 162a 100f 4fd1 be25 d0a4 db58  ...f.*..O..%...X
0000bf00: d820 7f20 2a1c 20ec d1eb a7d1 7e32 19d5  . . *. .....~2..
0000bf10: e500 d7a7 e3f1 0fe4 e4b6 f8d0 2421 30b8  ............$!0.
0000bf20: 2c07 e3b8 0177 f419 d6aa 07db 0738 e34e  ,....w.......8.N
0000bf30: 3a42 12eb 12fb 06dc abf6 f54a e302 36e6  :B.........J..6.
0000bf40: 1b03 f7b7 fcb5 294a 461d 4a10 bdf8 00d4  ......)JF.J.....
0000bf50: 3401 5647 e31f 6014 e831 2ee2 bb04 b80b  4.VG..`..1......
0000bf60: e241 2a20 8181 e5cc 550c b3d6 d4c0 173f  .A* ....U......?
0000bf70: 1db5 f1b7 ed1d eb15 21d4 a77f cda7 2de3  ........!.....-.
0000bf80: dffd 37c0 3ee6 411b e133 5402 4a31 1ef6  ..7.>.A..3T.J1..
0000bf90: 26ce 1225 db13 6af1 cf15 1fd0 db4d d3cf  &..%..j......M..
0000bfa0: 1b21 edf2 bb05 effa 79ad fbbc e9dc fb33  .!......y......3
0000bfb0: 18d8 b6d5 ec2b 09e7 16fa 2620 fd16 fafb  .....+....& ....
0000bfc0: 4029 c221 f7eb 2218 7fe4 f322 f81b 2cbf  @).!.."...."..,.
0000bfd0: f8f2 1418 00ec fccb 1102 07f7 ef03 1625  ...............%
0000bfe0: e1fc f905 e5f4 06e8 b529 f2eb e0e4 c734  .........).....4
0000bff0: 50da e7cb f3ee f3e9 00f0 f02c fea2 25fa  P..........,..%.
0000c000: 1d0d fd2f 2104 0c28 ff0f f705 0629 12a9  .../!..(.....)..
0000c010: e6d2 4505 b3ce 39ec cedf 04e1 f020 f7d3  ..E...9...... ..
0000c020: a139 1c14 e022 04bd 12f5 e7e3 ed09 0513  .9..."..........
0000c030: 0bef e681 e302 c0f8 24ec fae8 fdf3 18b8  ........$.......
0000c040: 37ea ed26 eaf6 e22e efed f409 3b00 02b7  7..&........;...
0000c050: ea00 53e3 d6db 08d7 cbbd 12cd f3a6 d000  ..S.............
0000c060: dd2d 4a20 d5e2 0d97 0640 0ecd b5ef 031a  .-J .....@......
0000c070: 01ee 0b81 e1c0 fffc 0a9b b664 d0d8 3b5e  ...........d..;^
0000c080: ecf5 77a7 48f0 4a08 eedb 0d10 5c2e 08d9  ..w.H.J.....\...
0000c090: 26c8 0212 e556 1120 07ed 18ec e25a e2bd  &....V. .....Z..
0000c0a0: 074f d500 8108 e3eb 6dbc ef94 b7af dd63  .O......m......c
0000c0b0: 0ee7 adac bb45 e1b0 813a 59b6 1d67 87d8  .....E...:Y..g..
0000c0c0: 19d9 df37 d1fa 16dc d7a2 ea09 bca0 a52e  ...7............
0000c0d0: f87d cfef 521e b271 4346 fa17 e2e3 f871  .}..R..qCF.....q
0000c0e0: 0fca 1948 dce7 de20 a535 db31 2b0c 2884  ...H... .5.1+.(.
0000c0f0: e7f4 4d6a cc0f fff6 e16b 7fd1 384a 9ffb  ..Mj.....k..8J..
0000c100: fd34 cf2b f929 a5d4 36df ac0d afed f9f7  .4.+.)..6.......
0000c110: f2fb 22ca 08e0 f916 1815 abfe 20e7 f628  .."......... ..(
0000c120: eaec ee05 16f3 0d0a d33f 01e0 1a3f 1be0  .........?...?..
0000c130: ecd4 fb2f ffc7 b900 5ef4 f427 ca8f 0bea  .../....^..'....
0000c140: fbff 0e4a 1055 1137 0d43 f0e9 5d7c f395  ...J.U.7.C..]|..
0000c150: c6a4 1d23 bdb0 3fbb c5cd e1c3 ef5b 1bd0  ...#..?......[..
0000c160: b51b fcde ed48 f903 1ddb e3b1 0757 151e  .....H.......W..
0000c170: 5b21 ec81 b410 d112 cb2e 4cb7 0b48 c8f7  [!........L..H..
0000c180: 15e9 f1ed ec1e 09e2 fff1 d7f0 dbe2 df2e  ................
0000c190: ec3c dfc3 f01a b22b 4326 fc18 10c5 1123  .<.....+C&.....#
0000c1a0: 3bec f12b 2ae9 e937 b32a 0039 1f22 0bc3  ;..+*..7.*.9."..
0000c1b0: de29 437f 1cd2 eefa 2b71 37c0 daf2 8bb9  .)C.....+q7.....
0000c1c0: d5e4 da30 1d56 afe2 dd46 d2d0 2bee 2315  ...0.V...F..+.#.
0000c1d0: b8e3 18c3 1181 ba09 f4ee c8ef 47e8 df13  ............G...
0000c1e0: 31d0 200e 4026 e528 c65d 4411 f700 3ef2  1. .@&.(.]D...>.
0000c1f0: 0e2b 0bf7 d5e5 0d3e 18de bc7f dead 3a25  .+.....>......:%
0000c200: c42a 5fe7 36d9 2722 0636 371c 3a1d 34bd  .*_.6.'".67.:.4.
0000c210: 12cb 4072 d22b 6406 d7de 2b00 ff7e dcd0  ..@r.+d...+..~..
0000c220: 1320 f7c9 d7fd 0ce9 61b5 caef e5ec f345  . ......a......E
0000c230: 4de0 84bd 1148 0afa d90a 0e0a fd11 0e2e  M....H..........
0000c240: a905 abdc 24dd bf0d 19d2 f521 2627 c782  ....$......!&'..
0000c250: 21a0 fe7f 1b09 0ffd 3b0f 27fa f13c d22e  !.......;.'..<..
0000c260: e6b0 ef01 041c cde2 2699 ccb4 c4f8 0f2b  ........&......+
0000c270: 1fb7 8a44 071b ed10 2816 2d06 2ff3 0ac6  ...D....(.-./...
0000c280: dd0f 21e1 2bdf f4f7 943c ea02 fbd7 f735  ..!.+....<.....5
0000c290: cec6 3c1b b4bc 217f ea0d 60bc fb5f 87c4  ..<...!...`.._..
0000c2a0: b745 7654 d00d bcc4 5c50 cf8e 12ec 5ed3  .EvT....\P....^.
0000c2b0: e0f3 c1a8 ed0a c702 190d 07cd f920 0e0b  ............. ..
0000c2c0: c436 3714 ebcc e581 d9a6 0d24 debf 19fb  .67........$....
0000c2d0: f03c 14e9 003a dc27 12e2 1156 60b4 59e5  .<...:.'...V`.Y.
0000c2e0: 1d39 a523 10de 4003 aa07 f75d f130 07bf  .9.#..@....].0..
0000c2f0: e714 0433 3fd3 49b7 3525 8262 b730 6a71  ...3?.I.5%.b.0jq
0000c300: ea9d 0824 aa5d 4bf5 0dce 3f1a 284f a90f  ...$.]K...?.(O..
0000c310: c14d d0f3 0156 07e0 caa3 02d9 c1e0 31b4  .M...V........1.
0000c320: 3fed 1abe 5c6e 0023 e29e b3c2 dd7b 1716  ?...\n.#.....{..
0000c330: f07f 33fb b5bf 4617 10e3 8159 b386 4331  ..3...F....Y..C1
0000c340: 1718 6fde 0bfb 3810 e9e1 fdd2 6726 10ca  ..o...8.....g&..
0000c350: c7ef d40d dd5d 43f0 f0be 510d 031a 11a6  .....]C...Q.....
0000c360: f301 09f1 bd45 fdef 1eab d5d3 deec 081c  .....E..........
0000c370: 2c1b e2fb ea29 f5f1 f8ff 16e0 092c 510c  ,....).......,Q.
0000c380: cb1c 2f39 efd2 bb81 c6f3 0807 facb 1ffe  ../9............
0000c390: 245a 4ef8 0d45 e43a 32db f978 42bc 50e4  $ZN..E.:2..xB.P.
0000c3a0: 2638 9506 25e9 69e8 d2e2 ec5a 0222 04c6  &8..%.i....Z."..
0000c3b0: 0611 f842 14d0 3e95 030d 259e 2237 81c6  ...B..>...%."7..
0000c3c0: ea03 f209 d60b c497 8204 f0e6 229f d131  ............"..1
0000c3d0: f065 09d8 d8f4 b739 2516 d44a 2bb1 f3f2  .e.....9%..J+...
0000c3e0: 2f16 e972 089a 1401 c642 3d4d 16f3 e2a6  /..r.....B=M....
0000c3f0: be2d 4923 dee1 fdee ed01 d537 ffad 248f  .-I#.......7..$.
0000c400: f2bf 0335 1fcc 17f1 9154 36ca fde1 18d1  ...5.....T6.....
0000c410: 2a08 0bfb 25c5 231b 1021 1d07 fb4c c634  *...%.#..!...L.4
0000c420: f061 ca5f 81c8 2997 08e6 28ea a8c6 d9ea  .a._..)...(.....
0000c430: 0ae0 24e6 d2c2 4ac6 f721 fa7f fbd3 0ee6  ..$...J..!......
0000c440: df0b 48f4 44b8 f710 3342 3e20 1e08 1bce  ..H.D...3B> ....
0000c450: 0ebf 4a54 e209 4c0e 01ec 19d4 e246 b207  ..JT..L......F..
0000c460: 1a04 e8bf e7fd fbc4 5ce3 ecef cfee f671  ........\......q
0000c470: 0ad6 8bda 102e 051d c7dc 10ac 22f4 f4f0  ............"...
0000c480: 16dd c8e5 e133 edfb 9afb e2cc f1cd d512  .....3..........
0000c490: bf41 0cfd a7f9 982a fc04 1f1a dd30 0bef  .A.....*.....0..
0000c4a0: 8de6 3b7f 10e9 d506 eb17 ec0a 43e1 148e  ..;.........C...
0000c4b0: 0536 462e cf11 ad1a 492e 2c5e d503 2d0e  .6F.....I.,^..-.
0000c4c0: f535 122c 0bf1 1917 7f25 1619 f226 4bf2  .5.,.....%...&K.
0000c4d0: 28bc 41e6 0dc4 52d8 c91b eacc 0952 e9d8  (.A...R......R..
0000c4e0: 2100 e9aa fe43 f3eb 1efe efda e718 0446  !....C.........F
0000c4f0: 21ff cbad 1ff6 1507 096a 7496 1b63 1e8c  !........jt..c..
0000c500: d5a3 b633 dfc2 a0d9 e628 272b f18b e5e4  ...3.....('+....
0000c510: ed2f 61e1 30e0 2e57 fa00 d7cd 31b1 da11  ./a.0..W....1...
0000c520: 0714 f413 d030 5c9b fe10 0d29 e041 4a81  .....0\....).AJ.
0000c530: e4d2 141c b8e1 420f 471d 08e2 4018 04ea  ......B.G...@...
0000c540: 8f22 efe2 fc08 e4d9 52d0 df2a df37 afe1  ."......R..*.7..
0000c550: d3b6 1c37 d7e6 1036 05ac ebda f433 e6c3  ...7...6.....3..
0000c560: e5d1 f2f4 3048 c8d1 2102 f724 e078 070a  ....0H..!..$.x..
0000c570: f081 aad0 1607 d60c 3206 072b c8ed c5ee  ........2..+....
0000c580: 2118 a329 d505 0c5a 3461 f3f5 0327 5787  !..)...Z4a...'W.
0000c590: 16f2 fcee fee0 fd81 c734 c101 ecd7 f327  .........4.....'
0000c5a0: 29e4 0907 edac 2e09 e11b 21e9 eed0 cb04  ).........!.....
0000c5b0: 3825 49f1 f397 0ef4 4810 eb7f b3c0 13f6  8%I.....H.......
0000c5c0: e21a 373e 32f0 0619 5f33 1916 1628 39d6  ..7>2..._3...(9.
0000c5d0: f0cb 2957 28ce 5de0 ce07 edaa d650 f015  ..)W(.]......P..
0000c5e0: 0d12 f0d3 d639 00eb 19e8 cdcd d7f2 0e7d  .....9.........}
0000c5f0: 4bd8 c9a7 e062 0ad6 d27d 2fec 357f dffc  K....b...}/.5...
0000c600: a45b cf3e bf9f 0a81 4516 3423 debf 02b3  .[.>....E.4#....
0000c610: 2d1a 5551 3831 4554 2527 8b1d 1af3 e750  -.UQ81ET%'.....P
0000c620: 370d a5e7 fdcd 3f0a cc19 f22c fa34 fbef  7.....?....,.4..
0000c630: 22b9 e832 06fd 29cb 52f2 083b eda5 09f4  "..2..).R..;....
0000c640: c93e ca54 ed23 fe39 3422 c034 217f 23d5  .>.T.#.94".4!.#.
0000c650: c289 0e2c cea9 23cf d8d3 bfda 0b15 242f  ...,..#.......$/
0000c660: 0ed8 0d1f 3f32 c6fa 070e f8e5 f52f 2531  ....?2......./%1
0000c670: 3d0d c3f5 f0e3 f324 1318 0aa8 05f8 fcec  =......$........
0000c680: d923 2b07 f6ba c2c4 9199 e725 ebc6 df1b  .#+........%....
0000c690: ff58 19a5 212c d71e 4ccd 1651 27d1 2ef6  .X..!,..L..Q'...
0000c6a0: e671 b442 fcde 18e1 deca 0914 2e0d 0381  .q.B............
0000c6b0: c522 4d4e 26d3 0fe4 3afb ea18 edb3 24bf  ."MN&...:.....$.
0000c6c0: 0306 1343 2ff0 e612 dfcf e2fc 1115 efdd  ...C/...........
0000c6d0: edd4 f0d9 e1af 1614 0db6 f5ee 0304 0cd8  ................
0000c6e0: eb0d 1bdf fc7f e2a7 10fa e6b4 e945 171f  .............E..
0000c6f0: f6e3 dac6 cdb7 ee08 dc34 56c9 225e bce0  .........4V."^..
0000c700: 08d0 cce5 ec14 1907 f10f fcfb e506 b230  ...............0
0000c710: 1e19 b215 fc30 b93f 5b7f f6e8 c41c e551  .....0.?[......Q
0000c720: 71e1 d837 0406 eb2a 062c ecff 1dfd 10a3  q..7...*.,......
0000c730: e827 1d7d ebce e500 e0e8 54af 1b41 b1dd  .'.}......T..A..
0000c740: 3b94 ac07 fb20 f83d 3321 b7f5 061f c77f  ;.... .=3!......
0000c750: ced9 b3b7 10aa b8c9 fe52 cca0 d3b1 de75  .........R.....u
0000c760: 12d8 fc0c 02e5 df1a e725 6ded 17e5 c904  .........%m.....
0000c770: cbf3 3846 0f0a f212 38f3 1381 3e1c db15  ..8F....8...>...
0000c780: 005a c0f6 ecfc f1e6 2ae4 bc2d c8f3 1412  .Z......*..-....
0000c790: d6cb fed4 c0f2 e604 1e26 0002 25d8 da3c  .........&..%..<
0000c7a0: ed17 be26 0fe4 e70b d55a 1d1d efd4 da11  ...&.....Z......
0000c7b0: eae2 d43f 39b6 a8e9 201b 0062 e33b 1c14  ...?9... ..b.;..
0000c7c0: 0921 ef6f b703 791d 3718 0520 fe47 be94  .!.o..y.7.. .G..
0000c7d0: 1c16 be52 345d 0be4 1713 2ad4 ebdf 1645  ...R4]....*....E
0000c7e0: 181a f5fa 20f5 fc15 bd0b ccfc 1731 27d5  .... ........1'.
0000c7f0: 7f2a 1f18 24e5 6c18 c9ef e3cd f1d9 1a33  .*..$.l........3
0000c800: 18f0 48e6 f910 d905 8195 cbfa 1200 a4dc  ..H.............
0000c810: df6e de0b fe4f c131 01af 163a faea 4be2  .n...O.1...:..K.
0000c820: 940a 0f32 050d 0ee4 e0b9 acdd 1f22 1a8e  ...2........."..
0000c830: fe5d 3136 ddf1 07ea de30 1b1e dd26 e821  .]16.....0...&.!
0000c840: 0c0a 1afc dec6 5d14 5e23 3cfe 0500 f600  ......].^#<.....
0000c850: 0f38 bc10 4734 1e02 167f 01ed eb26 ee5c  .8..G4.......&.\
0000c860: 33f8 c6e9 d0ce 0d1f e5c2 ee35 24dd d1fa  3..........5$...
0000c870: 50ec 4247 2047 3ce5 34ee e617 4409 40ec  P.BG G<.4...D.@.
0000c880: 3117 d9f4 f4e5 e2f8 6912 1435 061e 2ffe  1.......i..5../.
0000c890: 09c3 5ff1 84ef 38ed 9ebd eae0 22db d6b6  .._...8....."...
0000c8a0: b315 f1e8 0af8 14c0 3805 0acd e720 d27f  ........8.... ..
0000c8b0: d1bb c2ab 02ca c7df 1619 0ac3 1524 03bc  .............$..
0000c8c0: b312 3217 c7e5 ff81 9fbe 1a07 f8df eb49  ..2............I
0000c8d0: 0e4f 12c7 f20b d017 0cca ef2c 42d4 39d0  .O.........,B.9.
0000c8e0: 0c46 c123 2dfe 25f0 cebf fe5c 2270 e9b8  .F.#-.%....\"p..
0000c8f0: caf9 3a03 11a7 27ba fb0b debe f606 1f2f  ..:...'......../
0000c900: 4eb6 cd3e d23f 020e 17a9 a0df 1f22 daf8  N..>.?......."..
0000c910: c41f c8af fc07 dcd4 02d9 1dda 0a81 461d  ..............F.
0000c920: c90a 04d9 1c2e 0819 9911 03e3 e74a 14c9  .............J..
0000c930: ee3a 4c34 f2ba 15f0 fff5 43b0 353f 34c7  .:L4......C.5?4.
0000c940: e4f8 210f f1ed fdcb 8da2 e63d aaa9 0647  ..!........=...G
0000c950: 336b 16b9 0a11 a31d 3ad4 4760 4496 60d6  3k......:.G`D.`.
0000c960: fe21 e43d 23f2 0a06 bb19 2167 fc5c 2481  .!.=#.....!g.\$.
0000c970: b21a 151d 39b3 f5da f9d0 ebcb ebc8 2111  ....9.........!.
0000c980: 3ae7 cae7 e3dd 206e feb1 baf8 1d26 e8ef  :..... n.....&..
0000c990: e923 afd4 de38 cde6 e3e7 240a fde3 3913  .#...8....$...9.
0000c9a0: ad0e 2746 effc c002 e2ec e5ce 0efa d081  ..'F............
0000c9b0: 132b 3b3d e6af dbeb 2439 25f7 c311 e43d  .+;=....$9%....=
0000c9c0: 096f 21e3 fcc8 0b00 7ff8 0f12 f6f7 3fab  .o!...........?.
0000c9d0: 2d15 2b00 193d 33f4 de3d d71b 162a 0337  -.+..=3..=...*.7
0000c9e0: 2d3a ddd4 09bf 2320 c4e9 e427 fbd5 d007  -:....# ...'....
0000c9f0: 4df2 f541 3dfd 05cc 1adc 0dfa fff7 dd42  M..A=..........B
0000ca00: 33f2 e427 df1e 1a4c 77fa c610 f864 1ed1  3..'...Lw....d..
0000ca10: d8c6 d2e6 f3ee 1b81 e22f 11d9 e607 223d  ........./...."=
0000ca20: 28fa f8cd 0512 081f e0ff 14ee f8eb d647  (..............G
0000ca30: 3321 0937 10bb 11f7 0602 f53b 1020 57d2  3!.7.......;. W.
0000ca40: 2ac3 1d31 ccfd 2ebf 7fe9 2c0f e5e2 f13b  *..1......,....;
0000ca50: f838 11e4 1602 160c caca 14d7 3acc 1ed1  .8..........:...
0000ca60: c432 f118 be1c 170b f20e 2b4c d435 022f  .2........+L.5./
0000ca70: ec98 2dd9 1c28 35af ebfa 5297 511a a7ce  ..-..(5...R.Q...
0000ca80: 10e2 9527 0840 ad03 81cf 8cfe e5fb b42e  ...'.@..........
0000ca90: c802 04ea d8c8 9d2c 47d8 d126 23a2 25fb  .......,G..&#.%.
0000caa0: cccd 1d60 5410 f1f3 d154 370e 274f 36ae  ...`T....T7.'O6.
0000cab0: b6f3 1b2d f2b4 c616 2df6 1b05 fa32 4cf9  ...-....-....2L.
0000cac0: f6f4 3f0f 0990 1aaf 28cc f93e 57d2 0df0  ..?.....(..>W...
0000cad0: 192f efed 0f3b 2b15 07f5 0305 5f9f 1fe1  ./...;+....._...
0000cae0: 6518 c6c2 fc0b 57d8 a2fd 1551 f05b b703  e.....W....Q.[..
0000caf0: 2ebe 0d33 57ff 7f8a 0e21 19fc fd4f d4db  ...3W....!...O..
0000cb00: f6fb b96b b107 eff1 62a4 e91b e023 392a  ...k....b....#9*
0000cb10: 2006 caa1 7fd4 e2be eee7 c8f0 2892 3519   ...........(.5.
0000cb20: 0e12 dc85 491c 27db effc 17ec 3459 c721  ....I.'.....4Y.!
0000cb30: e4e1 3af9 13b8 27ed c632 5b23 1940 c60c  ..:...'..2[#.@..
0000cb40: fe3e cc22 19e6 e3c2 3b7b fdfb d9dc 15de  .>."....;{......
0000cb50: 190a 5344 2c02 1531 2a66 8109 0553 c85f  ..SD,..1*f...S._
0000cb60: 37f9 8c2a d0be 4309 e423 e9fd 22da e828  7..*..C..#.."..(
0000cb70: 5d9e e54f f03e 04a4 070f 250e f831 edc7  ]..O.>....%..1..
0000cb80: f2bc 8531 d018 e113 22f8 c903 2ce7 dd3a  ...1...."...,..:
0000cb90: dff0 d308 04cb dd22 1507 c8fb e19b 10f6  ......."........
0000cba0: 7fb6 e80b 4863 03ce cb5a 06f8 f355 05c4  ....Hc...Z...U..
0000cbb0: e6f9 0e2a ef8e 1747 7321 10b6 f9e8 33a2  ...*...Gs!....3.
0000cbc0: d401 dde8 c0ff e728 c6d9 0a22 13ed cc53  .......(..."...S
0000cbd0: 1e2e 12b1 f5c5 ec01 e50d fd1c f7d5 54b7  ..............T.
0000cbe0: 0218 2c62 ea5d efe0 4ef2 0df6 ff3c 0d81  ..,b.]..N....<..
0000cbf0: c8f2 19d7 d7bf d5ee 23f2 d9e5 022a fb20  ........#....*. 
0000cc00: f9e7 b10e bb7f 2921 3af7 dce7 f12c fd2e  ......)!:....,..
0000cc10: f3d7 baf0 e2f3 ccd5 f4f7 f4f7 d9d3 3cd7  ..............<.
0000cc20: 02d3 4907 4854 c62d d52c 0cd6 fd28 1102  ..I.HT.-.,...(..
0000cc30: ea2a 28ee d4a6 dd27 14e2 05a6 2cf1 0acd  .*(....'....,...
0000cc40: f7e3 da00 df05 e026 81de fb15 ffe1 c430  .......&.......0
0000cc50: e903 f4de dae5 d509 03c6 0c11 11d0 16dc  ................
0000cc60: d207 2542 163e f1e4 2c0c 1aec 1413 1aa1  ..%B.>..,.......
0000cc70: d41a 0ef9 d2cb d211 0d39 4c3c 1af5 2ddf  .........9L<..-.
0000cc80: ef57 ef2a 1bd1 f1a7 6f21 12ef f4d9 7fe7  .W.*....o!......
0000cc90: fbde 5947 04d6 491d f32e b4eb 2f15 fa07  ..YG..I...../...
0000cca0: 4210 a6f5 f6fb 200a 1f25 0c2c cbe9 154f  B..... ..%.,...O
0000ccb0: 14a4 aafc e81c f8d5 faf7 e6e7 111f bb27  ...............'
0000ccc0: 23f7 c01b ec0f c9f1 20fa c642 123d f3d5  #....... ..B.=..
0000ccd0: 16f0 dd34 f3fb 0cd4 080e c8f3 efd3 2756  ...4..........'V
0000cce0: dfe7 9fe7 08f7 3840 ffce 0cf5 20ea f439  ......8@.... ..9
0000ccf0: 1de0 027f fcfb ffd2 4dc0 a65b c897 4d1a  ........M..[..M.
0000cd00: ea03 d534 3f3b 113b 38fa d3fe 5365 3dcf  ...4?;.;8...Se=.
0000cd10: c58c fa0f e6c7 37aa a1e5 fabb e1f6 f50b  ......7.........
0000cd20: 3bae dfb4 1a7f c5b3 06fa 02e7 a033 0615  ;............3..
0000cd30: 46e2 81de ea9e 092d 353c 38da 2f7e d61c  F......-5<8./~..
0000cd40: bf54 1716 f4d6 cb81 47b4 e475 ecc9 e2f1  .T......G..u....
0000cd50: 1531 50fa 0212 0531 f3a9 1213 1ba9 fae5  .1P....1........
0000cd60: ff11 bfcb 4af2 2af4 bfd9 e038 1874 0c25  ....J.*....8.t.%
0000cd70: c5e9 cf30 48e6 34b4 fbe8 ea31 08d1 41f3  ...0H.4....1..A.
0000cd80: 0f34 0d19 12f8 2aef c30f 0ef6 1f00 07fa  .4....*.........
0000cd90: 0cf0 2f18 d0f2 2e15 d2e0 30dc ff51 f0f2  ../.......0..Q..
0000cda0: bf40 0c32 aaf4 e9e0 3bfa 050b e7f8 18ff  .@.2....;.......
0000cdb0: 0b03 d581 e726 cff6 09fc 0924 08c2 2e81  .....&.....$....
0000cdc0: e3eb 1e02 32bf edf1 8f4d 4ae8 22d5 0011  ....2....MJ."...
0000cdd0: f1e8 2438 f3c6 2e4b 0102 1cdf 1127 cfcf  ..$8...K.....'..
0000cde0: 0d17 1d2c c60b 01b9 521d 1c0b d2ed 2ed5  ...,....R.......
0000cdf0: f8d7 c9bf d727 131a 37db d929 423b 3c4e  .....'..7..)B;<N
0000ce00: a67f f3e6 bee5 1796 2214 373b 0af4 5a0c  ........".7;..Z.
0000ce10: 5bfe 411e 1347 4be4 f9fd d86a 2d09 07a3  [.A..GK....j-...
0000ce20: 3118 8dcd fcb5 4823 31cc fe51 1605 db20  1.....H#1..Q... 
0000ce30: 0eef db16 1c01 ffaa f4d2 db6d fdac 45dc  ...........m..E.
0000ce40: ca07 15e9 25de 4cd8 ac32 740b f405 0115  ....%.L..2t.....
0000ce50: 1fe3 1a42 d2de 3654 000c 1bd0 f17b bfac  ...B..6T.....{..
0000ce60: 0b50 1856 a3f6 d5f9 7ffc dae9 d4df 3925  .P.V..........9%
0000ce70: 0dbd f39a f439 ecc5 4ed0 e8c5 6f09 dc12  .....9..N...o...
0000ce80: fcd9 9522 fd21 e3cf fa9e 854f 0a42 a316  ...".!.....O.B..
0000ce90: f9be c9ba eae9 efde 2ac1 cb03 fbb1 15e0  ........*.......
0000cea0: f911 04fc 3059 1ec6 f5fd 2ba2 107f f041  ....0Y....+....A
0000ceb0: aee4 f42d cf9b d2d0 04f8 e3c2 293c f6f3  ...-........)<..
0000cec0: e4be a10d c97f 26d6 fbf9 e6de 220d 055b  ......&....."..[
0000ced0: e7d2 c5d8 d311 b721 16d6 0615 ecaa 21ea  .......!......!.
0000cee0: 1bba 2e08 6f5b e63c e74d 10f7 0f30 3ab4  ....o[.<.M...0:.
0000cef0: bc44 1b24 d3a3 ee36 f247 cf2b 0ed4 d72f  .D.$...6.G.+.../
0000cf00: 2b0f cb37 fd16 0d40 43d5 bd47 0c24 0dcb  +..7...@C..G.$..
0000cf10: 211b bcfb 14ac e4f9 b2e4 bdb6 e8df 165e  !..............^
0000cf20: 2fe6 d8e0 e13a 0d1e 11f7 17bb 3727 0e4d  /....:......7'.M
0000cf30: 3df5 237f b3ca 4deb ce36 3730 0948 dbf0  =.#...M..670.H..
0000cf40: f713 f8ee fdb8 17f6 7f2d 3431 deee 0ced  .........-41....
0000cf50: 46fb 023e 1c0a 09fc 1161 eaf8 ff30 d23b  F..>.....a...0.;
0000cf60: 51f7 d00c f1ad 0e1b 171a ff25 fbdd ce24  Q..........%...$
0000cf70: 29ce e942 2818 2cf5 432a 2405 1d1b 07df  )..B(.,.C*$.....
0000cf80: e5e9 d834 0e5f c2f3 50c7 c851 132d e114  ...4._..P..Q.-..
0000cf90: d5d3 0cba 0aaa 0301 f0d4 cba7 f5bb faec  ................
0000cfa0: 0dfe f799 677f e5bb 220f ec92 1e75 3350  ....g..."....u3P
0000cfb0: acf3 e400 c0a8 ff08 0fbf c252 289f 7d30  ...........R(.}0
0000cfc0: 252f 45f2 2cec ede8 07f8 f024 222e 7fed  %/E.,......$"...
0000cfd0: e6a5 5a21 b0d0 4ed1 d8b7 1bea 3707 f4a8  ..Z!..N.....7...
0000cfe0: ae17 e1a5 ebe9 19e0 54dd 180d c7f0 f047  ........T......G
0000cff0: d3dd c583 3606 14c7 31f4 18c5 3824 fd1a  ....6...1...8$..
0000d000: f9f4 e827 ce26 edf7 fdaf be11 f21c d826  ...'.&.........&
0000d010: bb02 f6c3 b8e8 cfeb 138b fc11 3081 2bdc  ............0.+.
0000d020: eefe f8f4 660a 0c02 a51a 201f f65e e4e8  ....f..... ..^..
0000d030: d320 2df7 298a 20f0 51a2 d21f c882 7807  . -.). .Q.....x.
0000d040: 25e1 57d7 2110 e62c dab4 f03b 5503 e8e8  %.W.!..,...;U...
0000d050: 06f9 e7e3 e8ef 3a04 cdbd 47cc fa13 eadc  ......:...G.....
0000d060: fb29 09ea ef7f c89f 1db1 d0a2 e715 dd06  .)..............
0000d070: f401 d1d6 c901 02d6 eb7f 20fa 4577 05dc  .......... .Ew..
0000d080: cbd0 b14b d0f5 0b94 292b 26e4 29f6 c61c  ...K....)+&.)...
0000d090: e310 40fb 123d 1462 17ff ab15 f1ea 1f2c  ..@..=.b.......,
0000d0a0: 5606 c5f2 fd22 53f1 e21c 0cfb e11f 26f2  V...."S.......&.
0000d0b0: 160c 1564 abeb 06dd 2411 fad7 cee4 f9ce  ...d....$.......
0000d0c0: f6a2 c72f fb3d 0817 fef7 e5dd 1b19 ab2e  .../.=..........
0000d0d0: caff aec1 14d9 a631 0ff5 efe0 dbed 0a09  .......1........
0000d0e0: 1ef0 2a1e 227f bde8 df20 10a8 f41a 2dd4  ..*.".... ....-.
0000d0f0: ce53 4412 91e5 1023 3325 ea17 1cc3 08ff  .SD....#3%......
0000d100: e136 202a 09e0 e60a f3e0 b338 fc21 d3b7  .6 *.......8.!..
0000d110: bdf7 00f0 df06 150c f281 0ac2 fdd9 2018  .............. .
0000d120: d518 07f5 2620 f7c6 ebde d7b6 0e71 1b14  ....& .......q..
0000d130: fc1a eb21 ffc4 16ec 0dac 9657 cc9f 4d3e  ...!.......W..M>
0000d140: 02de 2dce 2d1c 1125 e419 21eb 2d41 3b06  ..-.-..%..!.-A;.
0000d150: ebbc 2a36 e5e1 41de d7d3 31d8 eb40 f4af  ..*6..A...1..@..
0000d160: e7f6 47d4 d02d d9fd 56d3 edcf d9ce 184c  ..G..-..V......L
0000d170: fafd de81 e83d e800 e4f7 23cc f813 c7a2  .....=....#.....
0000d180: 01c7 c3e1 2301 d712 8144 13d7 f8db ed28  ....#....D.....(
0000d190: f81a 1400 07c2 ad26 0f42 eae9 ecf4 bd00  .......&.B......
0000d1a0: 10e4 3773 eace e3ff 1542 3205 f0bf 2ec1  ..7s.....B2.....
0000d1b0: cb25 2ae5 d721 ee2e 9a5e 1349 c51a f2fb  .%*..!...^.I....
0000d1c0: ee0d 20f9 0981 253b 7507 3114 e1bb 0bae  .. ...%;u.1.....
0000d1d0: 5159 2457 5b3d 2936 3b42 1742 d139 d916  QY$W[=)6;B.B.9..
0000d1e0: 0518 1820 96c4 1d09 ecf1 9e0d f7c1 0cc3  ... ............
0000d1f0: 31ec 0165 f465 201a f9c6 e7b2 28db fff1  1..e.e .....(...
0000d200: 0b04 e2d7 f019 ec01 81a7 bdf0 30e9 a700  ............0...
0000d210: d702 def0 b214 ce29 02bb 531a 04b7 f3c7  .......)..S.....
0000d220: b5e6 6561 3029 b4f3 f02e fdf6 0130 3783  ..ea0).......07.
0000d230: cf19 00ef ebd1 c901 bc15 32fc 2242 3cda  ..........2."B<.
0000d240: 49ca fb0a d2b4 12ed d9d0 0be6 edc2 e87f  I...............
0000d250: 303e 1cd5 eef9 f642 fdf1 16c7 4929 14da  0>.....B....I)..
0000d260: cf4a 3a31 072c db0a eeed cf05 0507 02f4  .J:1.,..........
0000d270: 44c4 26ed d5d5 abb4 b7f9 eadc 1dc2 f3d1  D.&.............
0000d280: 41aa ba00 fe3d 0742 81fc fec8 f5eb a604  A....=.B........
0000d290: f102 e6f3 dfdd cd30 09d9 1b1a d4fb fdea  .......0........
0000d2a0: b4e6 5b5d dd1a edd9 141c 10cc fad2 48a5  ..[]..........H.
0000d2b0: f636 4eda 98e7 c73a cd0c 4200 0e11 e0c1  .6N....:..B.....
0000d2c0: cbc7 0c2a 0503 b681 8bc1 3bd0 ebb4 ce43  ...*......;....C
0000d2d0: 233d 2d0f 5514 d145 f7f4 d22c 0ae7 0916  #=-.U..E...,....
0000d2e0: 59f2 ed01 db1f 45d4 0e19 3445 db34 1bfa  Y.....E...4E.4..
0000d2f0: bbbc ecd9 d605 3f04 eefd 0745 c9dd d509  ......?....E....
0000d300: f30b 16ba 2b24 5122 2514 3e11 eff3 e52a  ....+$Q"%.>....*
0000d310: 0fd0 ad2e 17d6 123a e974 31f4 a57f b2d3  .......:.t1.....
0000d320: 13cf 7f06 d4ed 932d 3c0b cbf5 38cf 3903  .......-<...8.9.
0000d330: edf4 e8d5 cb79 fd34 08f5 d919 49a5 1d09  .....y.4....I...
0000d340: 38bd b715 39f1 e577 4553 c82a 2d7f b3f9  8...9..wES.*-...
0000d350: aa81 fd26 aee4 10b8 04b3 c6b3 c6e0 d837  ...&...........7
0000d360: 0acb f0ab 57ef 13e9 fcfa 36ea b8e7 c462  ....W.....6....b
0000d370: f20f f723 0ee7 2b0e 2da4 08ca 0634 15ae  ...#..+.-....4..
0000d380: 5fb8 86fd 94f6 1003 b0fe fde3 0d23 c930  _............#.0
0000d390: 370c eed1 1dff 24ae 264d cd2d 0ea2 3ce5  7.....$.&M.-..<.
0000d3a0: 031d f17f aada e908 42ed 391c cf06 c8ac  ........B.9.....
0000d3b0: d2c1 59c7 c2bb e7e0 b8eb ba03 d23c 2ac8  ..Y..........<*.
0000d3c0: f517 f30f c781 f7e9 ee0b 38da 13be 0fe0  ..........8.....
0000d3d0: 1c43 f61f ff54 202f 3d3a 1a0c d329 f825  .C...T /=:...).%
0000d3e0: 0501 e135 9796 2e03 efb6 c6f0 fc9b dbe4  ...5............
0000d3f0: 100c 2d58 f606 eebe 2db0 b551 e790 3919  ..-X....-..Q..9.
0000d400: e616 38e7 3c05 ff26 e03b 20f1 2552 3dd2  ..8.<..&.; .%R=.
0000d410: 0196 273a bbe5 4df4 e2bf f8ef d77f d6a7  ..':..M.........
0000d420: dde9 35fd db25 c8df 54e0 dfac c7ca 0654  ..5..%..T......T
0000d430: 25e1 8f9d f019 a11b fafb f6ef e003 f3fc  %...............
0000d440: 27b2 c92a 0538 0d48 12f4 bbfb 3950 9313  '..*.8.H....9P..
0000d450: e7fd 90f9 fde9 caec 2c1f 1bbb 95c8 0a4e  ........,......N
0000d460: 2c9e 2ff7 1828 a50f 2520 fa81 1c2c 1f2d  ,./..(..% ...,.-
0000d470: c64a 1939 c9d9 f721 0f08 3718 3a00 c90c  .J.9...!..7.:...
0000d480: 2b21 be32 ed2e e416 3a0a 8ff5 044d 08dd  +!.2....:....M..
0000d490: d9c1 271b dab8 f4e9 e00c b4c5 0b26 092e  ..'..........&..
0000d4a0: d0b1 d91f d50e cb00 da1f e4d4 d44c d30d  .............L..
0000d4b0: 3d81 d71c fbf8 9de2 1bc3 a404 00ff 5704  =.............W.
0000d4c0: 4fea de21 d3e3 3be7 2dba d223 4edf 1f0f  O..!..;.-..#N...
0000d4d0: ee1d cae5 063d 20df facb 6ede 3781 1b03  .....= ...n.7...
0000d4e0: 06f1 04cc 191f 1824 adf7 0710 cf21 06f1  .......$.....!..
0000d4f0: fe0b 2f43 58ca 69c1 2102 664e afe3 f09d  ../CX.i.!.fN....
0000d500: b756 7301 31d7 1416 4fcd 2414 f3ce 21d0  .Vs.1...O.$...!.
0000d510: 24b7 5219 4ce5 261e f248 0d2f 167f 1e0c  $.R.L.&..H./....
0000d520: 1f3d 07db f902 fcc4 5fee e123 fd1b e612  .=......_..#....
0000d530: fab1 b7cf fe35 140b 3104 a54a 01df 3e0d  .....5..1..J..>.
0000d540: b9f3 30dc 3c19 ecd7 e9fe 2402 46fb df02  ..0.<.....$.F...
0000d550: d7c6 2215 c8fc 4433 eda6 37ea 1503 cd91  .."...D3..7.....
0000d560: f21e 1bb5 0034 01ed 5409 e0d3 e235 322f  .....4..T....52/
0000d570: e5e7 b481 f9ff d601 b6f9 f14d 0305 ff1b  ...........M....
0000d580: f90a 34d4 19c9 27eb 0d36 6cd1 f9df 291e  ..4...'..6l...).
0000d590: 3412 052f 131a 2923 1c26 0a08 cd57 e6d8  4../..)#.&...W..
0000d5a0: 38fa e2fb bbf9 091e 2fec ce2c 07c8 d939  8......./..,...9
0000d5b0: 19c1 feed 0c7f e4de 4bed 4e91 24fd 01e7  ........K.N.$...
0000d5c0: fe72 e639 dc81 dec4 2fa2 ad60 0109 72ff  .r.9..../..`..r.
0000d5d0: 12c5 3aab 12b9 48d2 2aec 17b5 78bf bed9  ..:...H.*...x...
0000d5e0: e874 1fe9 0307 1117 0421 4d03 0163 fe17  .t.......!M..c..
0000d5f0: 07a3 e10e 40c2 4ae5 ebed 19ba 06f8 17f9  ....@.J.........
0000d600: 18e3 e815 c119 f801 979d c9f2 dafb ce20  ............... 
0000d610: ee2e d3bb e30c aa1a 35c9 1d27 19cf 3d07  ........5..'..=.
0000d620: de14 1438 1d40 f2f6 d6da e4dd 193c 2c81  ...8.@.......<,.
0000d630: db3e 5e1b c3a7 dce3 4ad7 ae34 e8df 376e  .>^.....J..4..7n
0000d640: 17fd e00a e87e 0c2a 57f1 c122 fe7f 33e3  .....~.*W.."..3.
0000d650: d5a5 e701 e50a 1ea1 dcf6 bbf9 08eb 461c  ..............F.
0000d660: 39d5 06b8 413b e91d 08f1 fac7 0851 0352  9...A;.......Q.R
0000d670: 1101 fe16 d6b0 da0c 3bd2 955c d681 2bf6  ........;..\..+.
0000d680: f1fe 29e4 3005 2826 f744 3c0a 371b 1fb5  ..).0.(&.D<.7...
0000d690: 0bce e620 e7ec 24d8 df06 25de d62b f3f9  ... ..$...%..+..
0000d6a0: 0913 1bfa d3f6 fcf3 26dd f0e2 d2ca f22e  ........&.......
0000d6b0: 3708 d3d3 f000 1d20 ef1f 28f8 e712 dc12  7...... ..(.....
0000d6c0: 1423 b03f b6e1 3752 3c03 cf1c c71b e0be  .#.?..7R<.......
0000d6d0: 260d e3de 39fa 0cc4 e329 c3e1 d300 017f  &...9....)......
0000d6e0: 22ef d722 d5e1 0ded addd 0ff0 e2f6 d4ff  ".."............
0000d6f0: 4b12 225c 0cca 29ec 17c2 07b5 f505 ce09  K."\..).........
0000d700: 11f5 c613 d17f 071a e2dc 9afe f153 042d  .............S.-
0000d710: edc4 bfe2 f7e4 bfd7 2c33 db12 f9d7 3502  ........,3....5.
0000d720: 1bdf 21eb 4427 ef2c 0a41 1ed9 392f f60d  ..!.D'.,.A..9/..
0000d730: c30a 1d16 d8d9 d613 c1e1 e517 f8b0 fdf6  ................
0000d740: 12c0 ded8 1429 fc2a 8164 1fa3 1c1e f017  .....).*.d......
0000d750: d0e8 f242 03e3 df28 1729 03d7 b758 d82b  ...B...(.)...X.+
0000d760: f0e2 2d48 b80a de2a 3905 ffdd f8af 25f7  ..-H...*9.....%.
0000d770: 1afe 0c00 b359 d60d e708 1981 303d b8da  .....Y......0=..
0000d780: 0e0c a1ed e42d b8b1 aee1 c10c d1b7 d931  .....-.........1
0000d790: 1729 0cd1 db0f 9e11 39f1 eb61 188b 2f2c  .)......9..a../,
0000d7a0: e9fa f45b 26aa fe41 c642 3e07 0df4 f38d  ...[&..A.B>.....
0000d7b0: 9a4e 3641 d9ad e306 f8fa c647 dbbd 3c14  .N6A.......G..<.
0000d7c0: ed2f 7fe9 39d7 02d4 d644 49f1 23e0 5ae3  ./..9....DI.#.Z.
0000d7d0: 08e0 464c 0804 623f 100a 1bec 077c d7bd  ..FL..b?.....|..
0000d7e0: e240 e9ea aad6 26f1 4cd6 d0f9 e9bd fc32  .@....&.L......2
0000d7f0: 30e1 c8ba 0d68 0eec 320d f46e f0cd 072c  0....h..2..n...,
0000d800: d152 271a 28eb 090d 7418 0145 fa42 56b2  .R'.(...t..E.BV.
0000d810: 00ba 3d46 fbc4 4de5 e8df e1e7 094d d6f9  ..=F..M......M..
0000d820: 25f4 c8a2 1c0e faf2 23ec e8f0 e117 ef7f  %.......#.......
0000d830: 2dc1 91c2 341e 0d15 42d9 db68 01dc 4013  -...4...B..h..@.
0000d840: f610 5807 2fe2 dadd 2021 39e3 542f 79fb  ..X./... !9.T/y.
0000d850: eaca 38ea dbc8 65d8 bc09 06d2 1c46 0095  ..8...e......F..
0000d860: 2f0b f09a e739 f7c9 4010 21db de05 d166  /....9..@.!....f
0000d870: 25c3 b481 1df2 0bee e0d7 dc51 ef8f 0ac9  %..........Q....
0000d880: 1dc8 d2e6 0bf8 174c aa61 2bb7 0017 0be5  .......L.a+.....
0000d890: e3d1 ed32 ccba f51a 1512 f9cd ab7f c40c  ...2............
0000d8a0: cbf7 3157 a9ff e4ee 3fe4 08ce d894 f9fc  ..1W....?.......
0000d8b0: 19f7 06c7 bd31 c40f fa1c 59b6 3271 dd1b  .....1....Y.2q..
0000d8c0: d503 f22b e8f8 c6bb 22a4 a62c d701 d8e9  ...+...."..,....
0000d8d0: 0017 01e7 1520 e706 24e6 b947 2598 5428  ..... ..$..G%.T(
0000d8e0: 2ed2 badd 5321 4ae9 e9f2 f3f0 377f fefd  ....S!J.....7...
0000d8f0: f6e7 eb65 21b8 19e7 ab43 5c18 2e5f f1cc  ...e!....C\.._..
0000d900: 0022 eb1b eed7 1adc 7f6d 3bf7 ddd1 3110  .".......m;...1.
0000d910: 52de 21fe 58ee 1c01 f168 d6bf f636 cc50  R.!.X....h...6.P
0000d920: fef8 aee5 e5ba 38f6 fc1b 251e 0ec6 e904  ......8...%.....
0000d930: 22cb f2f3 333c 3724 f5ed dfdf 3928 f1f5  "...3<7$....9(..
0000d940: 0bb9 94ed b23f 744b 6fd2 e010 004d 8126  .....?tKo....M.&
0000d950: f2df 9513 02ff c7ee 10e3 19e2 b2e1 16e8  ................
0000d960: e5c6 5618 394f ba1f fe09 f40a 0676 2acf  ..V.9O.......v*.
0000d970: df0f 1b1f f8d8 fb43 1bfc d741 d6ef 1b0a  .......C...A....
0000d980: d215 6601 06fa 3cf5 fb17 3e04 1c12 1f08  ..f...<...>.....
0000d990: 09d2 2a39 fae9 4321 fc04 29e8 017f f9a3  ..*9..C!..).....
0000d9a0: 0b21 1fd7 e526 eaf0 4cdd b6f1 fe0b 1032  .!...&..L......2
0000d9b0: 1aea c5a1 0126 0908 d713 b35a 0630 1277  .....&.....Z.0.w
0000d9c0: c1fa 31ba eb07 4edf 31dc 5421 fd42 ef3d  ..1...N.1.T!.B.=
0000d9d0: 15f4 f50b f140 3b19 dae7 02eb d340 1390  .....@;......@..
0000d9e0: 3bc0 0eb9 f64d f939 7aa8 99c2 2914 1b7f  ;....M.9z...)...
0000d9f0: df0f debd e13a e2ff 25dc a650 e497 296c  .....:..%..P..)l
0000da00: fc49 7103 fe08 460d 18e4 150f 2955 ff8b  .Iq...F.....)U..
0000da10: 1b2f 1611 e337 49de cfe2 18df e351 19e7  ./...7I......Q..
0000da20: a554 e2d0 8bf0 1a10 0e81 afe7 f2f9 0246  .T.............F
0000da30: 4229 b8a4 e74c 0ce6 2026 05cf d1ca d08b  B)...L.. &......
0000da40: 27cc f237 d93d a426 8136 d7ba 21d0 bfec  '..7.=.&.6..!...
0000da50: b827 f6c1 1b9e a21a 01f0 ecbf 0036 f4d9  .'...........6..
0000da60: bf0b 7667 f107 e1e9 e934 21cb e118 1fbf  ..vg.....4!.....
0000da70: 114b 2fc5 8efb e728 dbf3 45c5 3176 5af9  .K/....(..E.1vZ.
0000da80: 18c6 c2f5 9a0d 0cb5 0fd3 2515 fe15 177a  ..........%....z
0000da90: f152 e391 003d e608 1914 ed30 2e88 3fc1  .R...=.....0..?.
0000daa0: 2c04 cd12 4b3d 0df1 e8d9 3048 1c55 e5b1  ,...K=....0H.U..
0000dab0: cc08 7f43 2eb4 22de 15c5 cefd 0fad 23f9  ...C..".......#.
0000dac0: f8e4 1f15 0e05 fa22 81e0 caf4 2216 d301  ......."...."...
0000dad0: e2de fc00 e3f0 e4ee 009d 25ea 06f2 03ec  ..........%.....
0000dae0: c9ff 2507 1353 eac9 11dd 00d2 e926 15f1  ..%..S.......&..
0000daf0: 000f eddf f3ec 00f6 b80e 37a3 1d54 e2c7  ..........7..T..
0000db00: 1fad acea b718 fde2 c4ff 2de5 f6d0 ce7f  ..........-.....
0000db10: 0257 cbe9 0c0d 9c2f 264e fe23 f2ad 0f03  .W...../&N.#....
0000db20: 53d6 114e 22db e834 f93f 403e 22e5 0790  S..N"..4.?@>"...
0000db30: c324 6c6e e7ed 1a25 37d0 a410 0f2c 613c  .$ln...%7....,a<
0000db40: c02f 32ee baca 3186 d681 313c 2d10 051d  ./2...1...1<-...
0000db50: 5f27 e9ee 1161 1cf1 e9ac 322b 3f9f 10b9  _'...a....2+?...
0000db60: 3406 d5db 321a 0204 fc9c fb3b ef45 ee08  4...2......;.E..
0000db70: e4ff 0e1f 3fb3 5a9e 60ed aa32 b2a0 480f  ....?.Z.`..2..H.
0000db80: be2f 5123 ff23 3505 0e29 19e8 4812 5edb  ./Q#.#5..)..H.^.
0000db90: deb6 0928 1ddf 51ca bcd4 1bfd 0c28 15ad  ...(..Q......(..
0000dba0: 1b1e feac ef17 0ee1 37ec 0a04 f011 f83a  ........7......:
0000dbb0: 1e23 d881 fc23 0e2d 9d42 5125 1253 e903  .#...#.-.BQ%.S..
0000dbc0: 0cfb d7d3 1a0b 07d2 2a1d 16b9 d5f2 5013  ........*.....P.
0000dbd0: 16e1 39e1 d30b 1049 ee7f d205 0374 e326  ..9....I.....t.&
0000dbe0: f101 177f 8fa2 d160 3224 d6e2 e3af 12c4  .......`2$......
0000dbf0: 1fcf eb1e e40c 81cc fa13 f7bc d80e ac1f  ................
0000dc00: f831 f643 c640 f2e7 eb2f beba fde3 2118  .1.C.@.../....!.
0000dc10: cbf3 f0f5 fbcf bc00 0f22 ed0d 1efe 5d25  ........."....]%
0000dc20: 41d1 f730 1ef8 e47f ca2e 0d49 3af7 1ad7  A..0.......I:...
0000dc30: 564f 163d 01f8 d1ef b8ee d9f8 e5c4 1be8  VO.=............
0000dc40: 2fbf f0e7 04fc 1214 81d7 02d2 e5cd b513  /...............
0000dc50: f24e e6ec 0d15 d138 10e9 320e e11a f7f3  .N.....8..2.....
0000dc60: b00c 3e5c b816 ccf9 e8d1 dee1 efec 34ac  ..>\..........4.
0000dc70: e923 2eec c51b e7fe 43ce 5109 5c01 9fb6  .#......C.Q.\...
0000dc80: f825 cb0d f61d d500 a7fd b82e f038 e506  .%...........8..
0000dc90: ecb9 1ffa c381 fff6 3701 b8d3 1bf6 c6ff  ........7.......
0000dca0: 0500 2124 24f8 edf5 344f 1cd0 003f 0136  ..!$$...4O...?.6
0000dcb0: e9b2 b6e1 d7c2 c2ef 0d08 3ebc 4803 f3ba  ..........>.H...
0000dcc0: 0acd e52b edd4 af02 81e8 d600 07e0 e937  ...+...........7
0000dcd0: f116 3df2 e6e8 ed0b efd3 e8ed 230a 02e8  ..=.........#...
0000dce0: d605 1845 fa1d fce0 0a08 47ee 0826 1cc3  ...E......G..&..
0000dcf0: 12ee 01f9 f5f1 f4f1 170e 0e15 0029 1913  .............)..
0000dd00: db49 c82f 81e7 0e01 6711 1fd5 eafd 45f6  .I./....g.....E.
0000dd10: 4a10 e922 4007 4587 cb24 bc32 1314 41df  J.."@.E..$.2..A.
0000dd20: 03d4 feea 3c00 29fd e5c6 f62c 28e7 d30c  ....<.)....,(...
0000dd30: 4dc6 4813 1cf9 1ecf 5bcb 8646 f3d3 0a5d  M.H.....[..F...]
0000dd40: c310 0b1c fc15 24f4 1243 db15 3d7f f49d  ......$..C..=...
0000dd50: fdad 1626 ee1a 4ead dae8 ccdd 9e65 ef1c  ...&..N......e..
0000dd60: 31e3 bce3 e21c f719 34a3 fcb1 de00 e77d  1.......4......}
0000dd70: 7112 8de7 fd0b c2ec ff08 fc90 0c7c 0535  q............|.5
0000dd80: e706 15cc accb 41ba ffb9 1624 dede e007  ......A....$....
0000dd90: 136b a1be 2a7b b927 161d 250b 00bd 1427  .k..*{.'..%....'
0000dda0: 3ef0 fc0f 27b0 f947 95c0 f94a 202b 05cc  >...'..G...J +..
0000ddb0: e62f 507f 33e3 4de5 cfe0 c45e 01a0 2902  ./P.3.M....^..).
0000ddc0: f3d1 31ca 2ad9 2618 ba36 52d9 26e0 ec0d  ..1.*.&..6R.&...
0000ddd0: 1c04 f47f ec24 3e38 0d21 4af5 a77c c3e2  .....$>8.!J..|..
0000dde0: f8ef 211f c5ff ddfe 59ba b3e2 efb0 1f12  ..!.....Y.......
0000ddf0: 17ef d302 c163 edef b329 52e5 347f e032  .....c...)R.4..2
0000de00: 05f5 d0d8 dcf6 08e0 2bc5 eb0b d3ef ef0b  ........+.......
0000de10: 2f18 1eed e239 fe3e 0c33 d60f 0a0d 0718  /....9.>.3......
0000de20: f0f6 d940 ebcf fa32 eee6 f2fb 11fb f4ec  ...@...2........
0000de30: 0de2 084e 03f5 d0dd 57b7 812f beba 7d26  ...N....W../..}&
0000de40: b733 4fe7 ee9b 46fb dcb0 2330 2b22 26de  .3O...F...#0+"&.
0000de50: 38f7 0aec 244a 3ec3 edd4 4725 0102 23c5  8...$J>...G%..#.
0000de60: 0b4d ddcc efff 03f0 278b ccfb ea12 f420  .M......'...... 
0000de70: 1112 e2db 45fb 34a2 a53c 4fc1 f52b 81f6  ....E.4..<O..+..
0000de80: 3fe6 c01a dd43 f90f fa1b d7a7 c6f2 b0b9  ?....C..........
0000de90: e849 a2bf 101c 9012 fd54 cb06 e3d5 2979  .I.......T....)y
0000dea0: dfc0 2330 fbcc e43e 811d fa08 1ec6 0492  ..#0...>........
0000deb0: 0a49 685c f0e2 fa3d f303 f400 287f e437  .Ih\...=....(..7
0000dec0: e828 e305 cce7 2998 4dc7 181e d30f f3e4  .(....).M.......
0000ded0: 501d 0403 1b44 0008 0af8 0940 e5bc dbdb  P....D.....@....
0000dee0: e4e0 e1e2 0eb0 f102 eff3 d40b 1132 e919  .............2..
0000def0: c2f0 f1ff 39e9 2ce9 dd22 3fae 0754 b104  ....9.,.."?..T..
0000df00: 1dcd ccf0 a4e2 2322 03f3 2fe7 ebec 1748  ......#"../....H
0000df10: 324e 13ef 3019 cedf d967 d10e d90c 31e3  2N..0....g....1.
0000df20: 7fe3 f925 f3e6 072f b80a 3844 33c9 cfa8  ...%.../..8D3...
0000df30: 2128 6c3a e813 081f 1503 e364 f9ea 292b  !(l:.......d..)+
0000df40: f75a 0a03 feda 22f7 6d26 3b17 f027 58b5  .Z....".m&;..'X.
0000df50: 34d2 411c 0ffd 7fc0 d7f8 eef8 ed4c e3f7  4.A..........L..
0000df60: f422 bfca c6e6 2fed 2ace ebf1 f6d6 de6b  ."..../.*......k
0000df70: 2eaf c8c3 2a1d ebf7 a10b 45a9 1867 cbe7  ....*.....E..g..
0000df80: 2fca ccc9 c9ff fdd6 d4e1 27e3 e0b6 e451  /.........'....Q
0000df90: 156d d2de 0c3b b146 2761 0c30 fdd1 0a29  .m...;.F'a.0...)
0000dfa0: 2cd0 004c 02c4 f949 d219 034a 39db fe83  ,..L...I...J9...
0000dfb0: e10b 527f e8ed f1f4 15c7 06da 7f05 1bcd  ..R.............
0000dfc0: dbe7 bd12 dbe5 dffb a0cb ca2b 0e11 d951  ...........+...Q
0000dfd0: 12c9 38ea bc06 1712 fdd5 cee1 0bf5 f0d4  ..8.............
0000dfe0: dc0f e83a 2b30 e6c2 44f4 30b1 2746 cb01  ...:+0..D.0.'F..
0000dff0: 2de7 ea31 dcb3 e2db 0edc a574 e199 4334  -..1.......t..C4
0000e000: f536 72e6 47d6 1c15 1e2b 2619 2b32 2cb4  .6r.G....+&.+2,.
0000e010: 05ca 4141 c612 7f09 cede 35c6 df6b d2d4  ..AA......5..k..
0000e020: e631 f1d4 a607 08f0 67af bcc0 dce7 0376  .1......g......v
0000e030: 35d3 98b6 0259 e2e5 30c1 df26 4513 fa2c  5....Y..0..&E..,
0000e040: c2e6 0d27 05f0 ffd2 86a4 c913 0126 da03  ...'.........&..
0000e050: 3de0 25e0 ed13 0621 38cf f804 ff12 e6c5  =.%....!8.......
0000e060: 0223 ee24 e623 e9f4 0bb9 0381 bb40 3520  .#.$.#.......@5 
0000e070: 020a bded dbe1 d6b4 52ff 4514 2ddb e8be  ........R.E.-...
0000e080: da27 e87f 1017 baf8 9dd0 ad1a db25 c0d8  .'...........%..
0000e090: fad7 43cb 1485 150d 13a8 acd8 29fb e9ce  ..C.........)...
0000e0a0: c62c 2307 fb0f fda8 080f 3b9c bd73 3721  .,#.......;..s7!
0000e0b0: 00dc e5a4 e6bf 11fc fd09 0728 13b5 0c8a  ...........(....
0000e0c0: e1e6 00fe 2ff0 cf00 8152 3be2 1ecb fb22  ..../....R;...."
0000e0d0: ebdf 3f2f e49e 0e5f fbeb 07d6 fe3d c3d2  ..?/..._.....=..
0000e0e0: fc0f 2739 be17 fbcb 6d35 1ae6 e1ed 39f3  ..'9....m5....9.
0000e0f0: f7e9 e0b8 b144 f513 0e30 7fe5 782c eab7  .....D...0..x,..
0000e100: d70c c624 25c1 bb04 ac17 f11c d6e0 fc52  ...$%..........R
0000e110: eec6 6708 eb9a ed2b 2603 c9db 305d b509  ..g....+&...0]..
0000e120: d801 0046 291d f7e7 1231 23f0 1619 17f8  ...F)....1#.....
0000e130: 29a6 ce12 010b dfe7 0dca a91f ddde 2e69  )..............i
0000e140: 1014 3a0b c5f9 3be0 d681 eb09 101a e8bb  ..:...;.........
0000e150: 0a1b f0cb fd54 2efa e2a6 2b22 fb02 48a8  .....T....+"..H.
0000e160: cd1c fbf3 d63a fbe2 cb94 c9e9 e43e f9fa  .....:.......>..
0000e170: 1308 fad0 08d5 f5bb 34d7 f02d f098 1546  ........4..-...F
0000e180: 050c 3936 f8fb de53 be8e 923b 115d d59b  ..96...S...;.]..
0000e190: daf2 06de b6fd ffd7 d581 e4f2 0cfe 3ced  ..............<.
0000e1a0: 991d fed7 1a5b 14bb efa4 ddb4 f653 f30e  .....[.......S..
0000e1b0: 3c3c e2f1 edc5 f3d8 c2f4 31fa fd15 0708  <<........1.....
0000e1c0: 0fa3 29bf eec1 1341 e3d8 3d08 1bda cf4e  ..)....A..=....N
0000e1d0: 0050 d927 fc57 cb43 0650 0be7 ec1e 0022  .P.'.W.C.P....."
0000e1e0: 4a04 000c de02 020f 1ccb f336 20e0 beda  J..........6 ...
0000e1f0: 1e07 2c7f df24 24d3 31f6 c71c d6f5 2038  ..,..$$.1..... 8
0000e200: f028 0815 f603 1d21 7f04 e92e 1744 2adc  .(.....!.....D*.
0000e210: 0cd1 e0f2 1e0c 26a2 e4e8 13f3 eac0 132c  ......&........,
0000e220: 2fe6 ee96 47fe 0404 d7de 06ff ee0f da41  /...G..........A
0000e230: 070c ea02 43d9 4d1b 2d30 f278 a9b7 2be8  ....C.M.-0.x..+.
0000e240: 935c 7f10 3eaf fd0b 0a52 5502 1414 75db  .\..>....RU...u.
0000e250: ffcb 2763 4b10 7d30 0928 32f9 337c dacc  ..'cK.}0.(2.3|..
0000e260: 2023 e9c0 d701 08f0 75d7 bc07 0504 242b   #......u.....$+
0000e270: 41c0 b3e7 3362 24fd 0ac4 c5fc e89c 39c4  A...3b$.......9.
0000e280: 15bf 07f8 0d09 1325 8107 0ce4 22dd f22b  .......%...."..+
0000e290: d7db edfe 02e0 ddf3 e4cf 2905 eb18 e3da  ..........).....
0000e2a0: fc08 4325 ed32 e0c6 2e08 19ef dcdc 28d0  ..C%.2........(.
0000e2b0: de29 06b6 d5fb 0915 0dda d40f e70e d441  .).............A
0000e2c0: e05f 4326 c8f5 13c1 b481 df2c f431 e0dc  ._C&.......,.1..
0000e2d0: f930 eddc 0245 0024 1b90 1145 25cd 37d3  .0...E.$...E%.7.
0000e2e0: 1202 fd03 25ec 280d dcd1 b0ed 1466 35f8  ....%.(......f5.
0000e2f0: e329 17ec 18d4 16c3 b7e5 090e 2075 0143  .).......... u.C
0000e300: 210c fa9e e0ba 3fbc 24a5 3625 e4e0 d73a  !.....?.$.6%...:
0000e310: 665a dbd9 df70 0032 112f 211b d414 edf6  fZ...p.2./!.....
0000e320: f3df ef24 f5f0 df2c e386 ab00 29eb c8e0  ...$...,....)...
0000e330: 02ea ff7f 05f8 d88f ff06 dbfb 213a 074c  ............!:.L
0000e340: cdfb 1dd3 0a06 f5c2 b2b5 ca11 f921 c503  .............!..
0000e350: 1dfa eed5 f15a f443 2fe0 f628 f10a f5bc  .....Z.C/..(....
0000e360: d0e1 fe03 ee0d fd0d 1681 d6c3 144e 0ff5  .............N..
0000e370: 2601 e02c 27de f1ce 1eed 34db 0fc8 db9a  &..,'.....4.....
0000e380: f0c8 de29 1805 c945 8107 d2f2 02ee eb3f  ...)...E.......?
0000e390: d1da 01ec feaa daf6 fbd9 e2f6 1509 eede  ................
0000e3a0: e0f8 3046 0b33 e4c6 f034 3edb e014 0ebf  ..0F.3...4>.....
0000e3b0: 1604 05da ded5 fd17 d341 7fc4 6f56 e7c6  .........A..oV..
0000e3c0: 0de5 c739 12d6 8de5 1118 0e0f c8b1 0938  ...9...........8
0000e3d0: 0718 6afd 0fee ee33 1304 a1ef 2409 dc1e  ..j....3....$...
0000e3e0: da0f e809 1ef6 38d5 f220 23fd 1f16 fd04  ......8.. #.....
0000e3f0: 21ac f452 f8ec f9df b226 71b9 2d6e b5ab  !..R.....&q.-n..
0000e400: 1cbc 98f0 ff00 e8f0 e003 e1ec 9fc1 af4b  ...............K
0000e410: 0f4a cfbd 23fc 9353 4b6a ba0f 00ef df54  .J..#..SKj.....T
0000e420: fec9 1968 0fd6 e31c c941 1a05 22fe 3391  ...h.....A..".3.
0000e430: d4ee 3b7f dff0 ecf9 1ee0 09eb 41b3 271e  ..;.........A.'.
0000e440: edf8 2c28 2bf3 be15 87a2 942c 0323 add8  ..,(+......,.#..
0000e450: bcec 01e5 bb03 fd13 0781 15f1 16fe fee9  ................
0000e460: 9423 13f9 1857 f596 fdd4 e9c1 ee59 27f4  .#...W.......Y'.
0000e470: f8fe d4f8 face e7cf 8b09 f74d 15ec 440b  ...........M..D.
0000e480: 45f9 03a6 fdba 414c 4f5f 7ff8 2309 2306  E.....ALO_..#.#.
0000e490: 2008 0769 c052 39f4 0e75 39c8 8e5a d834   ..i.R9..u9..Z.4
0000e4a0: 211f d91b b9a0 f627 4ef3 c724 e886 d42b  !......'N..$...+
0000e4b0: 18c7 c927 de31 c2eb 46eb 30b8 3c0c 0798  ...'.1..F.0.<...
0000e4c0: f1fd c815 f50b c500 9bd3 bd41 062e b04b  ...........A...K
0000e4d0: ffc1 14d7 efd5 e3f1 05b6 e4fe 239b cfd7  ............#...
0000e4e0: 24e8 fdfa 6c44 2bb5 5c31 52c2 e77f 191d  $...lD+.\1R.....
0000e4f0: d0e2 cdd7 e68b ea09 de14 1ebf 0936 be45  .............6.E
0000e500: 1704 d608 c4ff 0e01 54da acef e41a fdf2  ........T.......
0000e510: f51b b5dd 0b2b cdd6 0a32 e30a fc0c 2859  .....+...2....(Y
0000e520: 0bdb d9f4 0adc 0725 9cfb e0ea 2917 ccfc  .......%....)...
0000e530: 551b 1d7f 22cc f5dd 295a 601a 1d76 c9d5  U..."...)Z`..v..
0000e540: fb36 de13 2714 d8b3 241f eff8 e8e4 0ff9  .6..'...$.......
0000e550: 12c8 7ff7 d7b9 2541 2925 d1f3 3223 cff0  ......%A)%..2#..
0000e560: 1cf7 ef25 f4f4 0c1c 0e58 28fd fe2f 1b1b  ...%.....X(../..
0000e570: f6b4 a3cb 09cc d6f6 bcfb ea0c f9d7 2f0a  ............../.
0000e580: 3ee9 70cb d2b2 293e d6eb 2e09 25de e6f4  >.p...)>....%...
0000e590: cf5e f617 b355 0714 e91d 7feb fe15 170f  .^...U..........
0000e5a0: d529 223e ed12 f4fe 02d7 bf4f 15e3 f6a2  .)">.......O....
0000e5b0: 461d 1343 fc2f 00c5 a4e5 e9fa ff47 103a  F..C./.......G.:
0000e5c0: 26df f3a7 ce01 3cd4 32d8 3a00 fff1 d55a  &.....<.2.:....Z
0000e5d0: 2f71 b9f7 0878 d508 124f 382b a502 1019  /q...x...O8+....
0000e5e0: 25d5 dd15 e4cd ee4d dcbc bf3d 35eb d5da  %......M...=5...
0000e5f0: e5f8 407f 161f ffbe 6618 4e2f 28c7 f80e  ..@.....f.N/(...
0000e600: dc47 1b7c 0c0e e533 c8af 8320 e853 01b9  .G.|...3... .S..
0000e610: f4ed 3bce 0ad3 2efc f5bb 87d5 3f3b 40af  ..;.........?;@.
0000e620: ee2d 1ce8 de7f 259f de0f 1ea9 0e7f fa02  .-....%.........
0000e630: 52e2 efc0 edd7 2c0e 0f63 511f f3fb c199  R.....,..cQ.....
0000e640: fa2d c156 09eb b51a 6a7c 0cfd e0e5 6cd0  .-.V....j|....l.
0000e650: ebf1 7f38 3b8d 39e9 d53d 9cab 283b b63e  ...8;.9..=..(;.>
0000e660: 2802 0ef3 e8ed 17e0 e857 26f6 ebfc 0937  (........W&....7
0000e670: 42b5 edcd fe1d fd2a 0cd4 60a2 56f6 8abe  B......*..`.V...
0000e680: 5da0 9417 ef2d c457 98f0 9bed dbee 1350  ]....-.W.......P
0000e690: d0d4 25c1 d78d 9afc 303e b4d3 2914 d936  ..%.....0>..)..6
0000e6a0: f810 417f fa08 c3e8 fa63 57e9 d8ec 04a2  ..A......cW.....
0000e6b0: 1bfe 3d46 b899 acd5 3238 1f08 2763 f312  ..=F....28..'c..
0000e6c0: e03d 270b e8d1 21aa 7fab 1677 ed04 f9fc  .='...!....w....
0000e6d0: 4602 2fc1 eb2f 4a1b 00e2 fcf6 14dd 0bec  F./../J.........
0000e6e0: 1826 c1ca 1a0e 29ed fad0 ea0b 0b63 e848  .&....)......c.H
0000e6f0: e1ac d20a 35bc 10be 4917 401d 340a 0a10  ....5...I.@.4...
0000e700: d825 f43f 1e25 d00c 3f28 f135 0252 3018  .%.?.%..?(.5.R0.
0000e710: 16a6 6deb eead 26be e7b4 c4cb 0f0d e1e1  ..m...&.........
0000e720: 0d1e cdd1 4527 28e2 1512 2ec9 eb13 e37f  ....E'(.........
0000e730: 0ef1 c1cb 18e1 f6fe c007 0cf4 fd2b c9ec  .............+..
0000e740: 3ae4 99ec a2ff 2b0a 6142 40fd 10dc 1621  :.....+.aB@....!
0000e750: 1131 b324 3a13 e6db 0b70 ca19 daec 1d43  .1.$:....p.....C
0000e760: 72a5 0200 2bd2 e61f e72a 0c6a 3db8 c9ba  r...+....*.j=...
0000e770: 04e2 7f71 09c7 4d02 ce40 f667 e506 0730  ...q..M..@.g...0
0000e780: e935 39c2 33c2 2f04 7f6c 61e9 0cff 55d2  .59.3./..la...U.
0000e790: 22ec 2563 fe3b 531d f26b 17f7 cb59 aa33  ".%c.;S..k...Y.3
0000e7a0: 2d19 ced0 b186 163a 42f0 d301 01b3 f745  -......:B......E
0000e7b0: 36d4 a322 195f 0317 2dd8 1225 15ce 20e3  6.."._..-..%.. .
0000e7c0: 1c13 1b37 eb1e f9e7 aec9 dbff 0023 e2da  ...7.........#..
0000e7d0: cae8 39c1 d6be 20f5 e481 eaed 41af f5d2  ..9... .....A...
0000e7e0: de37 25fb 0c2f 31b3 1b18 41c8 d83d 1515  .7%../1...A..=..
0000e7f0: e113 1497 f096 2dff e50d 2581 1b65 ccf6  ......-...%..e..
0000e800: 16dc a001 b52a f1d7 f2de daff dfd7 d042  .....*.........B
0000e810: fe56 bdb5 0f22 9302 2e26 ef3d 1791 3c25  .V..."...&.=..<%
0000e820: 15c9 f62b 53e5 fd32 a122 1f50 2617 ec97  ...+S..2.".P&...
0000e830: c73d 586b fca3 080b 600c f244 00e4 1227  .=Xk....`..D...'
0000e840: dd50 1a1c f1ca 5031 7f04 e23c 0e2c 3fbe  .P....P1...<.,?.
0000e850: 2bc5 16e9 fcd8 6598 d3f6 d3eb 3e1a 3515  +.....e.....>.5.
0000e860: fc3b b7ba 0d22 2fcd e2f4 2b17 d50e b03d  .;..."/...+....=
0000e870: 4b13 eac5 2dc8 2dfa 58e2 3ed0 27d4 c78f  K...-.-.X.>.'...
0000e880: ead8 a625 3025 9e23 a40e a5f8 231b ec19  ...%0%.#....#...
0000e890: cf99 2bee d181 e1d6 f7c8 c1ce 29cb da00  ..+.........)...
0000e8a0: d815 131a 321e fc93 fc69 6fc3 d718 e7f7  ....2....io.....
0000e8b0: e8ed eacd df9a e214 51f4 728e 52fc d581  ........Q.r.R...
0000e8c0: 02bb a13d 0212 9616 82b2 9f0a e7f9 d466  ...=...........f
0000e8d0: d6db 2381 0281 cffd 07bc e0c4 50be fcee  ..#.........P...
0000e8e0: da0a 513d 433d f8bc 0a60 77c6 f75b 2dbc  ..Q=C=...`w..[-.
0000e8f0: cdf3 26ee df97 ea04 42fa 1d25 33e1 25c7  ..&.....B..%3.%.
0000e900: f40d f40e 26e8 d0e6 f33e 4413 1af7 2d2a  ....&....>D...-*
0000e910: f0e3 5017 f681 2618 04e3 eae2 2331 e6b1  ..P...&.....#1..
0000e920: f123 181c 0029 0bf6 3114 12f7 e31b 0715  .#...)..1.......
0000e930: ed9d d8bf 070c f4e3 1422 372f 3dae f8a7  ........."7/=...
0000e940: fb00 fafe 5fd4 a024 d362 0316 1603 34fe  ...._..$.b....4.
0000e950: dbaf 6314 d581 3f15 fac7 dcaf 1928 8ff9  ..c...?......(..
0000e960: c435 2f01 ff16 07b3 6542 f9c1 e3fc 2d40  .5/.....eB....-@
0000e970: 189b c5c5 0817 d20f 3114 e16f cfc1 13f6  ........1..o....
0000e980: da5c 1f23 17d5 2129 3019 210c 162c 71b5  .\.#..!)0.!..,q.
0000e990: 069d 5f23 1fd2 7fca d006 14cf 176a e7f5  .._#.........j..
0000e9a0: f921 efca c61a 0bed 21ea f8de d4f5 144a  .!......!......J
0000e9b0: 74d4 a39c 2818 0dfe 08c8 d126 0bb7 f881  t...(......&....
0000e9c0: 00ac ffcd 5123 e91a 8a6e 35d4 51f6 ec49  ....Q#...n5.Q..I
0000e9d0: c9dc 2025 c6c5 ec39 0706 2ce0 e035 b7e1  .. %...9..,..5..
0000e9e0: 2cf3 503f ef04 e41b 5d27 11f6 02ba 4c12  ,.P?....]'....L.
0000e9f0: c611 eebc a644 d424 72ee da03 ebd5 57e9  .....D.$r.....W.
0000ea00: d609 0d0a 16cf dede bc8e df3f 1748 0802  ...........?.H..
0000ea10: 09bd 32c5 29d6 2d22 e18e 0ecc 1015 e594  ..2.).-"........
0000ea20: ae5b 1c01 cf55 e08c 2bc9 0d9d ce70 1ff9  .[...U..+....p..
0000ea30: efc0 d681 10df ffb8 1cec e55a f686 3ba6  ...........Z..;.
0000ea40: cde2 46f7 54c1 da2d 9b5d 6503 37e9 0d24  ..F.T..-.]e.7..$
0000ea50: f5df 553a e3ab 3d12 d7c6 f8be e957 cebc  ..U:..=......W..
0000ea60: 110b 17ea e74a 19bb 7fe7 fddc e5fb 232b  .....J........#+
0000ea70: 11da c493 df59 1612 e614 39c3 2278 e5b3  .....Y....9."x..
0000ea80: eac1 b1e0 d5ee fae6 eaff 4913 f1dd c77f  ..........I.....
0000ea90: 2636 e0de fd13 cd2b 1540 1cff 07cd f717  &6.....+.@......
0000eaa0: 4eeb 002c 27e6 f527 fb34 3349 1505 04b9  N..,'..'.43I....
0000eab0: bf0c 3448 09dd 0d0e f9fb 0943 22b7 10be  ..4H.......C"...
0000eac0: 0018 f617 00bf f744 093c 4e10 dac7 fb21  .......D.<N....!
0000ead0: 11e3 7d54 0a81 3c43 18d5 26d1 da7b c200  ..}T..<C..&..{..
0000eae0: a117 0934 bb1f 04c1 54d1 c6cd eef0 051a  ...4....T.......
0000eaf0: 2896 d4cd d931 bce0 45f0 34ac 404d e0b5  (....1..E.4.@M..
0000eb00: c2d6 a619 2546 c2f7 f22b daee 0014 e37d  ....%F...+.....}
0000eb10: 09ae 03c3 11a9 c5ec facb b2ee 20cb ecd4  ............ ...
0000eb20: 3dca 24fb 7f59 d9ea fb5e 4fdf 0d47 150d  =.$..Y...^O..G..
0000eb30: cefd e8e9 f8bc e70d 66ff b274 f6f5 680b  ........f..t..h.
0000eb40: a97b 631f 2197 18d7 6a06 4c3e 102b 78d7  .{c.!...j.L>.+x.
0000eb50: 2bc7 3522 1ce8 7fd6 dcb1 1edf 1a29 d09d  +.5".........)..
0000eb60: ee2d f08a 0512 37cc 259d d802 f641 e969  .-....7.%....A.i
0000eb70: 22a5 c2ac 6312 52de 3b06 ad7f c1be 4b23  "...c.R.;.....K#
0000eb80: bc5d 4c17 19d3 3ffb 541a 311f 2442 379f  .]L...?.T.1.$B7.
0000eb90: 17ce 144b 0b0b 60e6 d4e4 1dfa f75a f8ce  ...K..`......Z..
0000eba0: ff29 d3be beff 1af7 3ec5 c6db e904 0465  .)......>......e
0000ebb0: 40e7 b1ac 1940 11fa c6ec 539a 772e ecd2  @....@....S.w...
0000ebc0: 3382 9c12 e313 b313 99d3 0df4 d6c3 e27f  3...............
0000ebd0: d543 0eea eec9 9208 ec04 d121 07c8 f215  .C.........!....
0000ebe0: f2d1 1942 4e0a 15be eb35 471c 0c1f dd8f  ...BN....5G.....
0000ebf0: e0fa 6434 c5c7 0316 0fe3 0eee 26e6 f5f2  ..d4........&...
0000ec00: fbe1 fc09 0d05 c427 81de dbf1 1c10 e00f  .......'........
0000ec10: dfef 2606 daf2 f921 f1af 0e05 1e1a efc4  ..&....!........
0000ec20: c30f 3219 120c fce8 1df5 18d4 fb13 19e4  ..2.............
0000ec30: 0310 fad7 f804 fdff 31e7 c24c eba6 2e06  ........1..L....
0000ec40: be17 591e f0de ecd4 d867 5cda 49fe 3ed9  ..Y......g\.I.>.
0000ec50: c1d2 5629 fcf1 52fc d2b7 cbd0 0671 edc6  ..V)..R......q..
0000ec60: fa0f 07e2 e52b 34e3 57a6 1009 ebea fa61  .....+4.W......a
0000ec70: 34f7 b594 047f 1af6 d11e 769a 5d7f b7b9  4.........v.]...
0000ec80: 13a5 8ef0 e425 cae7 ded5 c904 b8cc cf6e  .....%.........n
0000ec90: fe07 f8c4 0ed1 8d32 3b19 c90a 269c 0019  .......2;...&...
0000eca0: 0cc5 164a 52f4 dd08 c37c 4729 0423 0fa3  ...JR....|G).#..
0000ecb0: a7ec 2b3d f2ad ef0e 06b9 ee4f 32eb 34ae  ..+=.......O2.4.
0000ecc0: b5f8 0602 10d6 08e1 db1a 3cfa 280a e3f9  ..........<.(...
0000ecd0: 09e6 203f f7fc 17eb 0d81 e60f dc0e d8c3  .. ?............
0000ece0: bb38 e41b e814 1698 57ff 0bf6 cdf4 ff23  .8......W......#
0000ecf0: efe7 cb9b c527 fe0e fac7 23dd 220b cdc7  .....'....#."...
0000ed00: 30bf 8d1f c500 f30b b5bb c5fd efe7 de22  0.............."
0000ed10: 1607 00b1 dcda d0fe 1bbc e7ff f2bd 09e9  ................
0000ed20: eff0 157f c4ee 12e0 c331 20d2 d108 0ccb  .........1 .....
0000ed30: dffa 28ef b3b9 e5e9 f868 415e f9b3 8692  ..(......hA^....
0000ed40: af39 3537 f8d5 221d 1428 2c0e 29d7 ddf5  .957.."..(,.)...
0000ed50: d92b 7f11 bf8e 5d36 badc e4b5 ec64 d9fa  .+....]6.....d..
0000ed60: 0724 5f4c b151 0fb5 55e2 a4a9 476d 4274  .$_L.Q..U...GmBt
0000ed70: 2eff f49c b404 d247 f922 71db 2355 a62c  .......G."q.#U.,
0000ed80: 4a1a d53d ad11 1d17 7fec cb2c e315 14eb  J..=.......,....
0000ed90: 0720 1aab dfe8 01d0 d850 afde 0de4 5434  . .......P....T4
0000eda0: 2125 d6f4 2bf7 0825 8f1b 1621 2323 bce9  !%..+..%...!##..
0000edb0: 380c 5547 1283 eec2 1b29 7d87 4d6f 81f9  8.UG.....)}.Mo..
0000edc0: 0603 bb31 1526 8cda 0dcf 8209 d3fb cae1  ...1.&..........
0000edd0: d6e8 14e8 fddb ba10 3b1b 88fb 4ab2 e845  ........;...J..E
0000ede0: e9e6 f60f 57ee 0706 a34e 38fa 153a fb08  ....W....N8..:..
0000edf0: e7e6 ef62 16cd e2ef f3fd fe2a 483b 4b7a  ...b.......*H;Kz
0000ee00: 1633 fedd c5f7 00d5 7fbc ff27 1949 3cca  .3.........'.I<.
0000ee10: 30f8 3df9 b156 57c0 c40b d60f f637 2dbc  0.=..VW......7-.
0000ee20: b51d a7ed 00fa 2c32 068b edd6 f8f9 972f  ......,2......./
0000ee30: 4ccf d032 02f5 a593 cae7 c842 cc99 35d6  L..2.......B..5.
0000ee40: 0dce 30d2 28dd 2424 812a 4cb9 1bcc e114  ..0.(.$$.*L.....
0000ee50: eb36 ec39 f7f8 0740 0316 43e7 d65b e5df  .6.9...@..C..[..
0000ee60: f410 4735 a91c e101 48ed cffe eacd 34d2  ..G5....H.....4.
0000ee70: 1209 1ae6 d04f 0401 260c fad8 0e5a 1a5c  .....O..&....Z.\
0000ee80: e727 fa15 b9fc 45e3 7fc5 c502 d841 13ef  .'....E......A..
0000ee90: 30dc dcca 1330 0bb3 e023 d216 2208 191f  0....0...#.."...
0000eea0: f607 b3d5 24f6 f61f c8cb f8f6 1140 ce11  ....$........@..
0000eeb0: 21f2 ff45 4dcb fee1 8905 955f 9bcd f87f  !..EM......_....
0000eec0: 061e 28f4 e24e 6e24 3f16 dada e05b eeb0  ..(..Nn$?....[..
0000eed0: d40a b839 e624 09e7 fc50 280b a37f 521a  ...9.$...P(...R.
0000eee0: d9b5 dff5 91f7 c16e fcb0 86fc fed6 ed4b  .......n.......K
0000eef0: 4622 defb e371 b10e 1cd8 da3f 1281 24fc  F"...q.....?..$.
0000ef00: e30e 2918 2bf3 f331 b113 fa03 220b ede3  ..).+..1...."...
0000ef10: d6d6 332b d0da 1f12 e1af 0fbd de47 e1d2  ..3+.........G..
0000ef20: be2e 2a1f cb18 f3e1 35ee edb5 ee0e 2412  ..*.....5.....$.
0000ef30: 34fa f2bd d432 f3fb 1ad2 f904 1fe7 e7d6  4....2..........
0000ef40: e0ed 0309 1116 f1f3 8108 fddb 2906 fa2f  ............)../
0000ef50: ebde 12ff f9d8 ea11 fdca 0210 fd05 eebc  ................
0000ef60: 01f5 2c13 1225 ede5 2303 22ea e315 22f7  ..,..%..#."...".
0000ef70: ee04 f3c6 e301 fa11 e6e3 b768 c0f3 2645  ...........h..&E
0000ef80: 143a 3cf9 de16 61e4 46ac 1013 c91b f4c0  .:<...a.F.......
0000ef90: 3610 d6da 0e4f 510e f11d fe11 b273 0cf2  6....OQ......s..
0000efa0: c213 0406 8dee d724 0281 90cd f508 f44c  .......$.......L
0000efb0: 28f0 cff0 f61e e3d7 dcdb 9579 c3eb 4045  (..........y..@E
0000efc0: 0d13 60c7 fde1 5e14 77f2 5b2c 2b1c 52e2  ..`...^.w.[,+.R.
0000efd0: 2a26 cf30 d57f 3ff4 db19 6b08 dd33 3dd9  *&.0..?...k..3=.
0000efe0: 200d cebb c2e4 fe38 27a9 9934 f7c2 ce1e   ......8'..4....
0000eff0: 1414 effd 1126 0fc9 7ef5 9f56 a5a1 5213  .....&..~..V..R.
0000f000: bd6f 7d25 26d4 2e05 4d28 180a 5b40 739b  .o}%&...M(..[@s.
0000f010: 03d2 260f 1bfb 609c bab2 1a03 272d 1dad  ..&...`.....'-..
0000f020: 393f b981 0422 3cd1 14cf 0202 d2fd de5c  9?..."<........\
0000f030: 4c1c bc98 3919 3bfd 9d2e f8ec e727 e4c1  L...9.;......'..
0000f040: e8c4 0fd6 19e3 eadb b442 59bf 2ba1 8d2b  .........BY.+..+
0000f050: f149 ea5f f417 dc7f 2a1d 2d1a aaf8 d208  .I._....*.-.....
0000f060: 30cc 1b56 ebb2 f2fa 5924 c620 4fca 57d5  0..V....Y$. O.W.
0000f070: ca32 2c16 c166 1e6d 3603 3eba 2846 9eb7  .2,..f.m6.>.(F..
0000f080: 19b8 90e4 0064 e823 c5d7 de1c d1f2 af5e  .....d.#.......^
0000f090: fbd0 cfc4 e881 8928 192a e918 e1df dcf9  .......(.*......
0000f0a0: 08e2 5266 5038 ace3 f96d 39bf 0e13 1ca5  ..RfP8...m9.....
0000f0b0: a620 24f1 b1a7 c951 49fd bf19 e804 2b27  . $....QI.....+'
0000f0c0: e156 211c eede 3cea 7f1a 2408 3734 3eaa  .V!...<...$.74>.
0000f0d0: 27df 1231 1d13 48a6 cffa ea26 0314 23d3  '..1..H....&..#.
0000f0e0: 2113 b7a4 f9ea 2ef7 05db 020f 03f5 bc61  !..............a
0000f0f0: 3bec e6ca 440e 3401 c2e7 e70d 001e 1c72  ;...D.4........r
0000f100: 1915 14a6 e3cb 4cf1 63d5 271b fb08 1cfb  ......L.c.'.....
0000f110: 231a c221 f575 1b17 1b5d 2b22 e12c 0c41  #..!.u...]+".,.A
0000f120: 0907 c206 e9c3 f84f fab1 c927 0edb d1fb  .......O...'....
0000f130: 12e8 ff7f 351a 0bbf effa e407 3d31 4613  ....5.......=1F.
0000f140: edf3 25a6 f9ba 3f9d d684 1d4a efe8 bb61  ..%...?....J...a
0000f150: 372b 10ab d43c 3f69 0de3 42dc 0122 d2b9  7+...<?i..B.."..
0000f160: cc40 e40c b80b edef 6588 aed5 1a6d 0f24  .@......e....m.$
0000f170: bb9a f826 ed01 b981 002f 50e6 2c55 f0fe  ...&...../P.,U..
0000f180: e6ee f12d dcfa fdcd cf81 ee2b c0fb bd40  ...-.......+...@
0000f190: 310a 2985 08d9 f843 10bf cce2 26e6 1dc9  1.)....C....&...
0000f1a0: db2c ec1d f839 08da 06ef 0fe0 1179 26ed  .,...9.......y&.
0000f1b0: cdf3 1eb6 f3d0 ded0 6efd bd5b cf96 473a  ........n..[..G:
0000f1c0: dc56 5018 3004 221f 4006 f305 2a5f 44a3  .VP.0.".@...*_D.
0000f1d0: 0a9b 1ff0 0ff2 65c5 c599 02d9 1434 e0bb  ......e......4..
0000f1e0: d246 e0a3 c723 0bd8 34be ffa8 be2b f67f  .F...#..4....+..
0000f1f0: 3cf7 ae83 1306 00f3 d51f 52e4 1908 ed81  <.........R.....
0000f200: 00cf c41c 1309 ad05 8428 09e5 13b5 af40  .........(.....@
0000f210: ed1f 20fe 07bb bf55 241c d1f4 f4ec c314  .. ....U$.......
0000f220: 17f5 2133 0713 01c5 283e 1e01 0804 22c1  ..!3....(>....".
0000f230: dcf9 330e c308 2007 b4db f7bd 1c42 db04  ..3... ......B..
0000f240: 3bfa ec06 aefb 02ea 8c81 ebea cfe6 b1f2  ;...............
0000f250: 1567 d2f5 0953 c516 1fd0 2d55 e0ec 2bed  .g...S....-U..+.
0000f260: 90ca 4754 0300 04fd abbf bf03 220a 1d8f  ..GT........"...
0000f270: 092b 3012 dff0 01e0 f708 071f e444 0d5e  .+0..........D.^
0000f280: f539 39d8 cff9 4cfd 7ff6 161a 2116 2fb8  .99...L.....!./.
0000f290: 3311 f414 1068 06e4 0b2c ea03 f811 1814  3....h...,......
0000f2a0: 662a 9dda fd02 2b1f e6c0 ec3d 00e5 ab11  f*....+....=....
0000f2b0: 490f 0746 22e1 28d6 4c0d 210a fab1 e5bb  I..F".(.L.!.....
0000f2c0: de02 0a51 2e20 d12b bf15 c6f6 170c f3ed  ...Q. .+........
0000f2d0: cbc5 29eb ed81 f20b eac9 d7c3 211e edde  ..).........!...
0000f2e0: dc1b 2211 f637 f1cd 0a28 27c2 db30 280b  .."..7...('..0(.
0000f2f0: 170c dbab d4ea ee12 9b04 dd22 e504 0eb4  ..........."....
0000f300: 3add f1b8 f5d4 49ef f63b 7fca f8b4 2417  :.....I..;....$.
0000f310: 263c e934 2114 da31 1350 4737 bb15 c814  &<.4!..1.PG7....
0000f320: 130b 3849 9c9f d222 1326 e338 f983 00de  ..8I...".&.8....
0000f330: cdee 30ef c943 1024 0caa a746 2cfe 6a17  ..0..C.$...F,.j.
0000f340: f208 06ad fd81 2dfb e7ca 6944 231f fb38  ......-...iD#..8
0000f350: 60e4 ff1f f535 74ed fdcf 4b0c dbd3 f6cc  `....5t...K.....
0000f360: f621 fef7 da03 12dc 608c ebe2 eeea ce24  .!......`......$
0000f370: d1ab efef 210c 1b96 bae5 c11d ec41 2b35  ....!........A+5
0000f380: 10fe 0cb7 b2da 60db 1ce1 561c fdf8 ee43  ......`...V....C
0000f390: 3d4b bb0a 297f 0c16 1337 3d2d bcfb 1407  =K..)....7=-....
0000f3a0: 3cd9 f4fc eccf e941 13b8 c434 1bd1 01f0  <......A...4....
0000f3b0: fafa 1f39 080a 25e5 01f8 3b13 ddf2 f4fd  ...9..%...;.....
0000f3c0: 0e03 1ce3 0725 0afc d404 e3db 09dc f50f  .....%..........
0000f3d0: f114 1cc7 e7c8 f922 e336 09cb 0b66 ceea  .......".6...f..
0000f3e0: aa26 2d7f b0d7 ea22 1c1c c8d6 fbed 21b1  .&-...."......!.
0000f3f0: 2205 10d1 e119 c7d0 65ea f046 0598 1dc0  ".......e..F....
0000f400: e31f 0d2f 40f5 f33f 167f 110a 1723 35fb  .../@..?.....#5.
0000f410: faa7 3d2f ec8f 33c5 cedf f5b8 ef31 d1fe  ..=/..3......1..
0000f420: 0909 1de0 1a1c f4d3 2b1e 2dfd dbed 1a45  ........+.-....E
0000f430: 1ee4 d2a3 0109 1b2a c816 1c01 3330 e544  .......*....30.D
0000f440: 0409 03e8 dbe8 4b00 542d 0c13 fe01 031f  ......K.T-......
0000f450: 0cfe e514 ec51 ce12 3942 080d de06 123c  .....Q..9B.....<
0000f460: 6f1e b2f8 fec3 1612 0a1c 0aea 0cd9 cc1b  o...............
0000f470: 1a14 e87f 0be1 14fc bd37 36ea 3a71 df1b  .........76.:q..
0000f480: e3e4 deae 03de f7c9 4718 3909 d4cd 0355  ........G.9....U
0000f490: 3d14 ee2a 2121 f112 3f68 e205 05e4 d84b  =..*!!..?h.....K
0000f4a0: 46c0 fbfd 32b1 0e6b 0200 fc5a 35e8 101b  F...2..k...Z5...
0000f4b0: cddc 117f 2c1f 150a 6bf4 2433 f7de 1ca4  ....,...k.$3....
0000f4c0: ba41 1324 fbd6 fa0c 0129 0921 f11e 27f1  .A.$.....).!..'.
0000f4d0: 2abd 3ded 1b9e 39d7 d3c6 eef7 2020 f8b1  *.=...9.....  ..
0000f4e0: d13d 11eb e40b 06bb 5c56 36dc d01c f900  .=......\V6.....
0000f4f0: f8eb b881 06e5 1622 e61b 71bb d47b 9746  ......."..q..{.F
0000f500: 29f1 ce28 c37c 4807 1195 9de6 dd0a bec8  )..(.|H.........
0000f510: 1240 f394 3709 b9fc f811 bd39 0b19 7f16  .@..7......9....
0000f520: 12f4 b61e fafc 130f 821b 20f3 2002 e8a0  .......... . ...
0000f530: 4043 612c f9df eef2 4c0e 6a03 453b cddb  @Ca,....L.j.E;..
0000f540: d543 f14b 2c1d 00f3 f9d6 b037 dd11 fd14  .C.K,......7....
0000f550: 2e9b 34bc 2781 e717 1ffd af02 1c41 d5d5  ..4.'........A..
0000f560: 010a 2017 251f ca12 ec23 17e6 d563 3f02  .. .%....#...c?.
0000f570: 1bdc b1d6 efdb ccff 011c 7fad 6775 a1db  ............gu..
0000f580: 2bf5 9e25 d30e d3ba e3b6 dd34 c6e8 ca18  +..%.......4....
0000f590: 3227 0597 18da d032 2909 c104 2fb4 fb1d  2'.....2).../...
0000f5a0: e00b ed2e 25e3 12e5 a137 3ee2 fb24 0dc2  ....%....7>..$..
0000f5b0: bc01 201c dca8 eef6 c13c 7f92 4766 baee  .. ......<..Gf..
0000f5c0: 0ed6 c517 e912 cae2 cdac ca03 a0c1 9b2c  ...............,
0000f5d0: ff39 06d4 1fed ac44 3607 d609 20d5 fd26  .9.....D6... ..&
0000f5e0: e6f1 0a3b 21f7 fdfe bd2e 0e07 1c3c 29af  ...;!........<).
0000f5f0: d4fe 2d37 f9cf fe08 f32a 1b39 f234 ed4c  ..-7.....*.9.4.L
0000f600: fd21 07bf 22e7 2df7 7f3a 2c04 2910 28e8  .!..".-..:,.).(.
0000f610: 1cfe 391b dc3a 4d0a e36e dadd d755 e210  ..9..:M..n...U..
0000f620: 5c03 b3e1 cec2 1f47 23e7 efe9 10d7 c24d  \......G#......M
0000f630: 4fcb ae4c 1d17 d3c5 26d8 1eef edae f7c7  O..L....&.......
0000f640: f801 e941 fc1c f343 81aa c302 1403 bee6  ...A...C........
0000f650: f405 13da 0bc8 dbf0 d891 e706 0207 0ece  ................
0000f660: b32a 2818 fb51 f09f e5fd 21c5 002e 0dd6  .*(..Q....!.....
0000f670: 0620 1caa b4dd 0807 da20 2918 1e02 c6f7  . ....... ).....
0000f680: 3713 03e3 f6fa f5f7 27bf 134f e9d0 ebd5  7.......'..O....
0000f690: 1228 499d b9e1 3414 b401 1dfb ced3 11f8  .(I...4.........
0000f6a0: 816b 072a cadd f9d6 f425 f041 ca23 12e4  .k.*.....%.A.#..
0000f6b0: aede f1be e1bf aa00 c145 7fce 4b4a c9b6  .........E..KJ..
0000f6c0: 12d3 a10f 0df6 bce1 0333 1d16 b5bd f24d  .........3.....M
0000f6d0: 0414 3d2b 10e2 e557 153c cbef fb03 d127  ..=+...W.<.....'
0000f6e0: 01f1 1141 07d9 0101 185a fd16 1cf4 25d2  ...A.....Z....%.
0000f6f0: c8cc 013e d200 f20a 04f8 e62f e34e e42a  ...>......./.N.*
0000f700: da05 18cb 07f0 58db 381f 1f17 3227 260c  ......X.8...2'&.
0000f710: 3608 0207 dc3d 09df f864 12fc e519 0cff  6....=...d......
0000f720: 7f06 c9fc dddb 0b0f 15e0 1404 e8d8 db22  ..............."
0000f730: 2010 e612 0ce5 03f9 70f8 cf79 dc95 77c2   .......p..y..w.
0000f740: af0a 1072 13a9 e93a ec14 f610 1137 12be  ...r...:.....7..
0000f750: d3db 412b 32b0 7ad9 e487 ead3 f154 e6c6  ..A+2.z......T..
0000f760: 8c1f fce2 d750 2381 2491 f0af 0943 194b  .....P#.$....C.K
0000f770: 35b3 d8ae fb29 2be0 b2b9 815e dbab 610b  5....)+....^..a.
0000f780: f5ea 4abe 18c2 580b e02e 79d6 1de7 1e0e  ..J...X...y.....
0000f790: 1519 e745 0846 290e def7 5508 b545 e0eb  ...E.F)...U..E..
0000f7a0: ff06 fff7 a602 f5f6 49a1 b70e fda2 f4fe  ........I.......
0000f7b0: 0af8 0ae7 ef6f 10f2 1f42 33f4 d919 8735  .....o...B3....5
0000f7c0: ff3f 263f f336 10f9 6353 d005 1427 34bf  .?&?.6..cS...'4.
0000f7d0: bc14 f3e7 edff 07ec f45b e5c5 e43d 0f55  .........[...=.U
0000f7e0: 68d4 e5e9 1ee2 006a a10d de11 440b d919  h......j....D...
0000f7f0: 7f3d fc59 30fe f3fb 0900 06ed 14cc f1c6  .=.Y0...........
0000f800: 0320 243e 0acc dd24 a9d8 e83b ebf5 cbce  . $>...$...;....
0000f810: f507 2bce eee2 06f9 ee86 04be 15ec ecfb  ..+.............
0000f820: 8828 2e09 ff42 0981 fec2 eed8 fb25 1af2  .(...B.......%..
0000f830: 0a14 00bf e1e4 1d0a b0fd f61c fd14 21da  ..............!.
0000f840: 17cd f0bd eaeb 1e04 f033 7fd2 1fac 1b55  .........3.....U
0000f850: 1034 1453 fe10 0a36 042e 3d1d d920 eede  .4.S...6..=.. ..
0000f860: 2202 1938 e7e2 032a 3914 f24e 16a8 0ce3  "..8...*9..N....
0000f870: dafa 30fd e547 0b0d 1e4f 6e13 4107 beff  ..0..G...On.A...
0000f880: e93d fe3a 1d32 a9d3 12bf 8115 ef0c 1be7  .=.:.2..........
0000f890: ceca 51e3 b196 2229 09cd cf0f 5913 0ad6  ..Q...")....Y...
0000f8a0: a320 f40b 181a edfd ea35 f5d7 1c5c 2100  . .......5...\!.
0000f8b0: 1bdb d9f3 e6c0 bffe 07f7 08f3 05c7 0e8e  ................
0000f8c0: f1d9 ec19 03ee d419 811f 23ec 15d9 e92b  ..........#....+
0000f8d0: edea 3018 0eac f11b fed4 06fb 0dfe cbf6  ..0.............
0000f8e0: fe05 3537 ed29 fbb1 272e 49f7 e2e4 26dc  ..57.)..'.I...&.
0000f8f0: d405 01a5 da0a 0f32 31ff da34 cbb9 da00  .......21..4....
0000f900: ec13 2424 2dd0 0c41 fce6 ccdb ca14 d4a0  ..$$-..A........
0000f910: 21dc ff0e 2b04 26cf e6cb f7fb cb57 d7fe  !...+.&......W..
0000f920: b910 3ae2 9ffd 0fcd e5d9 f181 dabe f327  ..:............'
0000f930: 31f1 b7c7 f4fd 0dfa 2189 851b e9e2 497a  1.......!.....Iz
0000f940: ca07 30e9 c1fe 2d0b b287 bb01 1f7f b8d1  ..0...-.........
0000f950: 0dca d914 e452 2ebb 04cc 273b f229 5da7  .....R....';.)].
0000f960: 8d4e d7f1 e544 17c8 4587 eeb1 e514 d328  .N...D..E......(
0000f970: 292d d0d1 fcde bebb a116 559f 156f a436  )-........U..o.6
0000f980: 33db c4f8 b94a 0bef f09e 9fea c2fe bb0f  3....J..........
0000f990: 004e ba9e e538 973b 2330 e11e faeb 3926  .N...8.;#0....9&
0000f9a0: c5d9 0a6b 02f4 d23c 9d1e edfe 1310 1581  ...k...<........
0000f9b0: f753 4b51 dfcb b0fc 7fd3 9c4b ab98 5a29  .SKQ.......K..Z)
0000f9c0: d924 5605 08d7 3323 350f 200f 4043 5faa  .$V...3#5. .@C_.
0000f9d0: 0ad0 1706 05fb 5eb0 bdca 0dde 153c 11bd  ......^......<..
0000f9e0: 1a36 e99a d833 20d5 18b9 10c2 d7f8 d262  .6...3 ........b
0000f9f0: 4d03 d0b2 2806 28ea f31a 4e92 307f d91e  M...(.(...N.0...
0000fa00: 09fb b4ef da1c e9cf 2caf b516 c8f9 d830  ........,......0
0000fa10: 0b1a cfb9 2025 bc00 2e27 db20 2aa0 1a28  .... %...'. *..(
0000fa20: 0fe1 f405 4fe2 f41e b024 2128 2431 f5c8  ....O....$!($1..
0000fa30: d3f7 2a78 38b3 16e7 c9ce 9777 ee9f 0d42  ..*x8......w...B
0000fa40: c805 6247 c3e6 68f0 234b 53e7 5b1a 31d3  ..bG..h.#KS.[.1.
0000fa50: d816 146f bc44 5c06 c1eb 0def 815f 1207  ...o.D\......_..
0000fa60: 6800 cee3 a514 07ed 23b0 c337 040a d465  h.......#..7...e
0000fa70: 4d04 ede0 d65b fb03 7fd1 befb 0eb6 0de8  M....[..........
0000fa80: e41c dc10 1e1f f347 eee8 b82d 2c37 58fd  .......G...-,7X.
0000fa90: c998 2ad8 e6a0 14b0 dab4 fdff 3fd3 e2c8  ..*.........?...
0000faa0: 0101 eafb 3438 09da 021a 57f4 d52a e729  ....48....W..*.)
0000fab0: ec1e c894 15c5 ee39 343e 2cc8 192e a415  .......94>,.....
0000fac0: bc51 bd69 cc53 dacb 5bd8 a00a c2ee 0e06  .Q.i.S..[.......
0000fad0: d7d1 04ee 52b4 ded1 27c4 a606 43ec 39f6  ....R...'...C.9.
0000fae0: 11f7 e8eb 362d 131b b92a 48f3 1d7f f826  ....6-...*H....&
0000faf0: 34f8 121e 28be 01f0 341e 29ef 2ff6 f581  4...(...4.)./...
0000fb00: 0ce6 c45c 00f4 b020 f320 f908 00df f805  ...\... . ......
0000fb10: ebe0 4b10 08a8 0719 e8b0 e9eb 0be1 dd07  ..K.............
0000fb20: c41a 3134 1209 21a3 1043 25df da1c 0f01  ..14..!..C%.....
0000fb30: e7c1 f1b5 d6cc f719 0701 ded6 f610 bc33  ...............3
0000fb40: fa26 e961 be39 24eb 8193 98fb bc39 bdb5  .&.a.9$......9..
0000fb50: ed27 ea8b 09f1 e509 14bf 040c ecff 47ef  .'............G.
0000fb60: a8e4 1346 eb39 c105 a3bd d2bd 0a47 4a9b  ...F.9.......GJ.
0000fb70: 2168 27b8 c8ee d8f6 4e22 5ce8 31ab e59c  !h'.....N"\.1...
0000fb80: ce0e 027f 22f2 935a 950b ad02 260f 03fc  ...."..Z....&...
0000fb90: c9e6 521f f9a3 22f3 ddc2 c4f4 2844 05ce  ..R...".....(D..
0000fba0: f720 0ede 1c44 2c92 0a24 43bb 143d fdfd  . ...D,..$C..=..
0000fbb0: 6bf4 eec9 e7d6 2b2e f5cb 31e4 3a08 2dc8  k.....+...1.:.-.
0000fbc0: 24e0 fe1f dcc7 e50e 81be 0c05 13dd c110  $...............
0000fbd0: 0539 46d9 e60c ed13 e7b8 f1f8 f71e 28b1  .9F...........(.
0000fbe0: 9c2f 1551 cd2e 26c0 f3da 15cc fa15 f0c8  ./.Q..&.........
0000fbf0: 32f3 33e7 d8f0 eda8 38d5 887f c481 5124  2.3.....8.....Q$
0000fc00: d429 6df0 28e1 3926 3641 46fc 4929 50c0  .)m.(.9&6AF.I)P.
0000fc10: 01ba 143b e604 68d9 c1e0 2be2 e253 f6ca  ...;..h...+..S..
0000fc20: 1226 f4b6 b81c 13ed 53bc d8d2 d4ea ea75  .&......S......u
0000fc30: 39e7 bc99 f74b fef1 e631 e87f ebc9 1ac1  9....K...1......
0000fc40: 1d13 38f1 3ccf 2920 083e 50f4 18f1 1aa2  ..8.<.) .>P.....
0000fc50: 0ddf 5226 edf0 5319 d2ee 15bf cf4b bdd4  ..R&..S......K..
0000fc60: ad58 030e 8bdf 2ecf 5307 f1d8 afc6 063c  .X......S......<
0000fc70: 21cc c183 d708 e119 e71b 53ae 336e c307  !.........S.3n..
0000fc80: 04ea d90c de04 dede fec1 ce04 d5e0 d52f  .............../
0000fc90: 083c e3de 191d b619 362f be2a 20cf 1628  .<......6/.* ..(
0000fca0: 20d8 df16 41f8 081f af0a 1d2d 242f efc5   ...A......-$/..
0000fcb0: 000c 2d7f 0fcd 14ec 2513 1cd3 0ed7 f381  ..-.....%.......
0000fcc0: f20e e253 1bf2 b10d acf7 f3e9 43ee f715  ...S........C...
0000fcd0: d5c6 39f5 028e 04f5 f0ad 0ef6 1ed8 e5e5  ..9.............
0000fce0: ea11 f212 2916 1493 1a58 43fb e840 1f04  ....)....XC..@..
0000fcf0: cb06 e18c e7d2 0b34 31d9 bb78 ecbd 7354  .......41..x..sT
0000fd00: dd46 64ca 1cd5 4ff5 3af5 481a 6736 26d1  .Fd...O.:.H.g6&.
0000fd10: 32e2 140e ae3b 74de c9ca 32ea d529 0f8f  2....;t...2..)..
0000fd20: 1538 b2ae da20 2bf0 5381 c3e5 0f16 c85e  .8... +.S......^
0000fd30: 21c8 c8ce 0f15 00a9 4e0d 1335 29f0 20d4  !.......N..5). .
0000fd40: dc2f 0e24 27d9 e6e9 1e6b 4625 1a26 27fb  ./.$'....kF%.&'.
0000fd50: 1a9e 7e37 e6b1 7507 f4f7 efb4 fd43 a5e2  ..~7..u......C..
0000fd60: 0e34 c802 e71e 30db 7f11 1cca e203 f55f  .4....0........_
0000fd70: 1296 acb4 1318 f6e2 aaf1 14c9 f1f4 e2c2  ................
0000fd80: 28ca f7fc d1e8 f81f 90f2 22ce dfbc d624  (........."....$
0000fd90: e169 b415 1310 a320 1615 2920 e2ef 152a  .i..... ..) ...*
0000fda0: d2e3 3c5c f600 dffc d3fd e435 2cdd 2381  ..<\.......5,.#.
0000fdb0: 0c33 7032 cf30 0610 13f9 8174 a8b5 3836  .3p2.0.....t..86
0000fdc0: 001b 5de3 f435 5dee 5259 55bb 7b2b 18c5  ..]..5].RYU.{+..
0000fdd0: f508 fe14 e846 63e8 af02 14db b267 0bb1  .....Fc......g..
0000fde0: 0d2c caf4 9700 0b31 2786 bbe1 eae5 db5c  .,.....1'......\
0000fdf0: 3c12 efab d54a c3ef 1e28 220b 52dd debc  <....J...(".R...
0000fe00: f8e4 e211 2009 b5f3 c4f0 cde9 fb09 da12  .... ...........
0000fe10: fdcd 3b0d f0c7 2e2f f0e7 b7e8 123a dfda  ..;..../.....:..
0000fe20: c22b f928 c134 f8c4 2510 4481 f63b fd34  .+.(.4..%.D..;.4
0000fe30: 21a1 b8ee ccf0 cefb fe38 6ee2 0d36 9cc2  !........8n..6..
0000fe40: dcf3 e611 0635 d7be 9604 e8e6 05d0 d139  .....5.........9
0000fe50: da1e 0ecd 01c9 d17f 3144 dcfc 1505 ecf0  ........1D......
0000fe60: 2de4 1140 f519 d60c ea3e 3704 0148 3dbf  -..@.....>7..H=.
0000fe70: f4f9 18fe b8fc ebef 1db7 8947 fb99 0555  ...........G...U
0000fe80: 430a 15f5 1bd0 3528 4388 c22d 1047 1e81  C.....5(C..-.G..
0000fe90: 23ef 01f4 ef2f 75d6 ecbe 28f4 de36 e4ef  #..../u...(..6..
0000fea0: 9d1a f5ed 8e18 efe5 b09c d58c bdea b764  ...............d
0000feb0: 3fb7 b8e5 f9f4 b78b 49da 977f b1c2 4838  ?.......I.....H8
0000fec0: d447 54f6 fede 4b08 533e 480f 483f 67c2  .GT...K.S>H.H?g.
0000fed0: 1ad4 2a21 0809 7faf c5e8 16f9 f34c 10a7  ..*!.........L..
0000fee0: 102f d6b4 ca0c 1f05 3ea3 dfe2 e6df c573  ./......>......s
0000fef0: 52f8 bbaf 1b3b 0be6 5d01 cf47 ca8a 23ca  R....;..]..G..#.
0000ff00: e628 2142 2bfd 0d2a 0942 03f5 3f43 2ca6  .(!B+..*.B..?C,.
0000ff10: f9ba 33f5 0cab 3ecd c4c2 edc4 032d f7df  ..3...>......-..
0000ff20: ec3f 03d6 c42b 13b1 2cf4 20b2 cf0f f152  .?...+..,. ....R
0000ff30: 3ffa c881 ef08 1603 bf41 09ef ef2e ff7f  ?........A......
0000ff40: 17e3 14e8 e107 04bf b78d dcfa a717 d6ed  ................
0000ff50: 1176 f2ac 186a e065 28db f6db e646 021f  .v...j.e(....F..
0000ff60: 97f0 ed39 ce06 f534 b28e 9fca 2a0a 0ba3  ...9...4....*...
0000ff70: 1828 1e50 1612 d8e3 51dc 8165 a298 3c23  .(.P....Q..e..<#
0000ff80: f12e 45fa 1e14 2f12 4c59 23f3 7334 4bb3  ..E.../.LY#.s4K.
0000ff90: efbb 0f19 e202 57b8 b6de 09e0 e73c f6b6  ......W......<..
0000ffa0: 1e23 f3c2 d011 0f04 39ca f0e6 d7ca d779  .#......9......y
0000ffb0: 3a02 cc8d fe23 e30e 1134 f308 ed11 f9bb  :....#...4......
0000ffc0: 0af3 0df5 fc16 0029 f338 f411 71d3 eadc  .......).8..q...
0000ffd0: afcc 5de2 ccaa 343e f3c5 0f3b 12d0 f000  ..]...4>...;....
0000ffe0: 00f6 f108 e04f f4c2 2f67 1be4 9f19 0b0c  .....O../g......
0000fff0: b712 b481 cceb da26 deed b73e c0ed 2744  .......&...>..'D
00010000: 111b 4bb7 09e9 75f3 552c 2608 4c0b 14ca  ..K...u.U,&.L...
00010010: 071f dd07 d17f 3a07 eb72 54f9 bc34 f323  ......:..rT..4.#
00010020: 2610 e70a a9c0 d541 16cb be1d fed5 da0f  &......A........
00010030: 2de7 e940 0428 cebb 2739 11f5 0a1c c421  -..@.(..'9.....!
00010040: c325 1658 d618 28d7 15bd 9b1f 2918 c7d6  .%.X..(.....)...
00010050: d734 f8af ce1a fdf6 e7ca cb04 29ef 3f05  .4..........).?.
00010060: 1304 d11c 1a22 05fd 9ece f2f0 147f f4ec  ....."..........
00010070: 352c 0f33 ebb2 f2b3 2e06 2aef 12c2 f295  5,.3......*.....
00010080: eae8 f467 24f0 aa34 9d02 f5e9 eaf0 0605  ...g$..4........
00010090: c9d3 481d 2781 f6fd f2ac d8cf 1a1f dceb  ..H.'...........
000100a0: c419 4aff 0834 0a9b 1018 26c3 f92f 2e01  ..J..4....&../..
000100b0: 22e3 fdb4 ef12 2729 3ad9 ca5e 07c3 44f2  ".....'):..^..D.
000100c0: b520 26e2 49a8 1a05 c201 330c e5ff 0707  . &.I.....3.....
000100d0: 1adb 430a 0bd8 6531 0ce7 15c7 eb7f aecd  ..C...e1........
000100e0: c82c 1415 a92c f6d9 62af d3a4 d0f8 1f2e  .,...,..b.......
000100f0: 13be b5b6 f442 dfda f23f 39e6 054e af5a  .....B...?9..N.Z
00010100: f2fd 0c0a f95c f8ce 41fe b406 fc26 f9f1  .....\..A....&..
00010110: ee34 d3e5 da58 ce36 3226 cf1b 0303 242c  .4...X.62&....$,
00010120: 45d2 c11c 39d8 0475 b309 d034 251c 1af8  E...9..u...4%...
00010130: 1e36 fd7f edf5 dce0 25f4 0987 1758 061a  .6......%....X..
00010140: ea04 dcfb a520 f4e3 0cd7 caf6 1208 1553  ..... .........S
00010150: 02f4 a7c5 191a abba 2df3 f358 4e81 5a03  ........-..XN.Z.
00010160: 31c8 f6e7 791d 0d3f d020 624e 2429 d5d8  1...y..?. bN$)..
00010170: c11d 205c 3eac 0e10 ba1f 51c0 6559 deea  .. \>.....Q.eY..
00010180: eefc 8123 b707 dbf7 c1bf 100b a5f5 de46  ...#...........F
00010190: 0cef 29e9 25e7 0026 1b14 9aec 0c19 1d0e  ..).%..&........
000101a0: dff6 e742 f706 1f02 fffa 27e9 1b24 ecea  ...B......'..$..
000101b0: ecd5 261f d9f2 d5f4 db34 7fea 1530 eb3c  ..&......4...0.<
000101c0: 06f3 e21a 2036 be27 eadf a117 da03 f509  .... 6.'........
000101d0: feee 340c fae4 e911 04e8 c524 5000 1f0e  ..4........$P...
000101e0: d103 f8f9 3f0a 1eec e031 2fe4 0e13 02e3  ....?....1/.....
000101f0: 3a27 f332 29db f01b 0de1 fffb e8c8 eeb2  :'.2)...........
00010200: 0bf7 0d36 fcf2 0646 81d3 ddf0 00e9 c8f0  ...6...F........
00010210: ec0b 02f5 13d7 e210 14d1 0e0a f515 01d9  ................
00010220: c41c 3534 c71c 00b1 ff08 0bd0 f919 19cd  ..54............
00010230: ff1b 06bd c0f9 1312 9b0a 0044 fc27 3236  ...........D.'26
00010240: 4cb4 0299 1bfe 3efa 284f 4de8 15e0 bb08  L.....>.(OM.....
00010250: 125b 24d8 842c f04f ee7f 22c9 e844 01ef  .[$..,.O.."..D..
00010260: d431 f759 9cd9 f567 250a b41f ee9d e9db  .1.Y...g%.......
00010270: e61d f806 cb2b a0e3 060d 0727 132f 0056  .....+.....'./.V
00010280: f426 20fc 0cf3 2efd 7fd3 ef26 0b25 16f8  .& ........&.%..
00010290: 16e6 f802 f341 2ee7 0411 f800 1004 190e  .....A..........
000102a0: 2802 b2ba 21fe 0f11 ebd1 0214 0b24 d128  (...!........$.(
000102b0: 16ec de37 2be9 08db ffda de03 38fc 3f7f  ...7+.......8.?.
000102c0: c71e 20d0 1408 08f2 e7cf d107 1920 4926  .. .......... I&
000102d0: f5c4 2e11 9937 0621 f4c4 140a 4dfe 029a  .....7.!....M...
000102e0: dd0a c3ee 3929 1e08 36ca 0c1b 1c4b eef9  ....9)..6....K..
000102f0: 2f07 b625 2305 d5cd db34 4ee8 7f1f d1fa  /..%#....4N.....
00010300: fbdb d202 25cb b138 f4d0 db3c d7d5 2044  ....%..8...<.. D
00010310: 18dc 59f8 f9d2 1ffb 1805 d6e2 470b eec4  ..Y.........G...
00010320: c529 01e6 1f3d 0be1 0d17 45e0 0d4a f7e0  .)...=....E..J..
00010330: 3aab c61a 06cb c1f8 0022 5c8e 457f acfa  :........"\.E...
00010340: faf5 af13 d418 d2c8 eabb ae0d cfdc c933  ...............3
00010350: f819 e4bb 15fd b014 4805 c12a 38ac 1621  ........H..*8..!
00010360: 18bb e719 6108 031a aa24 2927 2336 0bc7  ....a....$)'#6..
00010370: cb01 196d 1ba8 fcf6 cef7 0ec2 447f 0839  ...m........D..9
00010380: 0ee2 aebc ac19 ffd9 2aca f220 de06 0c57  ........*.. ...W
00010390: 12fd e5c8 dc58 cbda 18fc 054c 1c8f 3316  .....X.....L..3.
000103a0: 0ed2 ecfa 68cd 1e41 d5ee 2539 140f f3ec  ....h..A..%9....
000103b0: e5ec 2a73 3fa0 cde4 e71f 0da0 0356 d708  ..*s?........V..
000103c0: 1ad5 ba10 a950 1df4 0eeb dad3 dadd df48  .....P.........H
000103d0: f442 abc3 1302 9ef2 2110 f13a 1db4 5af8  .B......!..:..Z.
000103e0: 14ba 0932 4e18 e136 a332 1a52 2e1c f69a  ...2N..6.2.R....
000103f0: d542 7f2c 0dcf eb37 feef 2efd 4ddb 0b81  .B.,...7....M...
00010400: 03dd da41 10e8 bd28 a823 3211 2fc9 f91e  ...A...(.#2./...
00010410: fee2 5b1c f5bd 04ec e7d4 09e9 0b00 d803  ..[.............
00010420: de14 1a10 1a34 0996 3c24 2efc ef0c 06dd  .....4..<$......
00010430: ebcf f1c4 d8f1 1710 8249 0f1f d0f7 cfa9  .........I......
00010440: 1fe2 0406 f21f 1ce6 dd19 43a0 dbbd e20e  ..........C.....
00010450: 087f bc07 0e0a aa72 142e 0333 c72d f11a  .......r...3.-..
00010460: e1cc 3c7a abef cc11 fa13 c7fb 2fd5 4abf  ..<z......../.J.
00010470: e734 4608 8d44 eb16 7fef 1f11 3de2 f1f2  .4F..D......=...
00010480: cf1d de36 24f2 f01a f0c9 a846 e82c fcf2  ...6$......F.,..
00010490: 1083 3fd5 e4a8 23ca fbc2 c0bd 3017 e2d3  ..?...#.....0...
000104a0: e84a e0dc fc2f 0db2 1a08 3f87 d04e ee4a  .J.../....?..N.J
000104b0: 07da bcbb 0fb3 e0e0 d6dc e6f0 ef9b 16d4  ................
000104c0: 3fb3 17ef fe08 1341 81fa 0bc1 16ce bcf2  ?......A........
000104d0: cd4d c923 020d c516 06ed 4c1e d920 feeb  .M.#......L.. ..
000104e0: c3ff 5052 db2a dfe2 dbf4 f727 08bc 2a94  ..PR.*.....'..*.
000104f0: 1732 3e02 df22 0f20 4a25 4bca 5713 dabc  .2>..". J%K.W...
00010500: ac04 cc53 20e3 b8e8 aae4 c637 c1f7 ea1e  ...S ......7....
00010510: f6c0 72d3 098b 081a 14bc bed2 3106 d0fc  ..r.........1...
00010520: bf11 f426 0a5c e6b8 0628 1cab e37f 51fc  ...&.\...(....Q.
00010530: e3b0 c2c3 e8eb b7f1 1617 38ae 1e7f c022  ..........8...."
00010540: d903 e7f6 c81a 03af 13cc cb09 f5f5 fd42  ...............B
00010550: 1d0e e9d8 161b f207 1f2f df26 44dc 360b  ........./.&D.6.
00010560: 52dc e20b 370d f44f c014 2c29 242a f0ee  R...7..O..,)$*..
00010570: e015 014a 18d4 fb06 f122 e441 f3f1 0837  ...J.....".A...7
00010580: 2b1f 22f5 1205 1412 7f17 09ef 2a12 089c  +.".........*...
00010590: 0800 0504 d446 36e3 d821 f4e1 d347 f905  .....F6..!...G..
000105a0: c60a e6dd d0ee 1b1c ecba e1c7 fdc1 c847  ...............G
000105b0: 42da e4f5 fdf6 ebd3 4919 ee5e f0d8 fa1c  B.......I..^....
000105c0: c242 3b24 2fe6 1ce7 5724 1722 2530 3bc9  .B;$/...W$."%0;.
000105d0: 14a9 6749 fbd9 6e10 e004 e2aa ff7e b7e7  ..gI..n......~..
000105e0: 0d4a e1d6 a9e2 fd03 4de0 fbc1 e52a 097f  .J......M....*..
000105f0: 2dae 9fab 033f ead2 e048 7ffc 4434 d4c3  -....?...H..D4..
00010600: fcfb a31b 1209 c0f6 de2c 0cca e3ed f93d  .........,.....=
00010610: ecc7 3b03 03bd 175a 5442 c2ca 3437 c507  ..;....ZTB..47..
00010620: 0318 f855 e423 0715 4154 33d8 f3f6 190c  ...U.#..AT3.....
00010630: 1399 d2f3 f00c b305 c421 6ad5 317f d6f7  .........!j.1...
00010640: 08ef ccf8 e7fc 01c1 04e2 ef0a c1de c83d  ...............=
00010650: 1b2b fae1 0d0d d94f 414a cdfc 0204 e932  .+.....OAJ.....2
00010660: 10e6 e744 0fda ec26 f603 0913 1523 14cb  ...D...&.....#..
00010670: ebdd 1173 f7ee e1c8 c317 d069 ead6 eb72  ...s.......i...r
00010680: f238 1ee8 3408 33eb 6f51 25e7 241c 31a3  .8..4.3.oQ%.$.1.
00010690: 0701 0050 c83a 50d8 e83c 06f2 a37f f934  ...P.:P..<.....4
000106a0: 29da afdb ddda fa55 fea0 8310 05c5 e351  )......U.......Q
000106b0: 74ec b63f 1940 d0f8 498d 8142 ca86 4247  t..?.@..I..B..BG
000106c0: 10f4 2a0f fa00 514e f2ec 0718 1840 3ff4  ..*...QN.....@?.
000106d0: f2c3 1d29 e3c4 5eca c4c2 2db3 f778 f9d1  ...)..^...-..x..
000106e0: c929 20d2 c853 bf06 07ac d7ba ddd7 fd47  .) ..S.........G
000106f0: 48fc dc9a 0924 01ce f7f4 ed30 f6a9 2743  H....$.....0..'C
00010700: 29e2 4c20 f812 f71c 0ebe f5fe 0517 19ba  ).L ............
00010710: d61b 53ee cdfe 3bf0 a4d7 16c6 e460 1cbb  ..S...;......`..
00010720: 8150 1d06 8b09 f8e9 ffbc b5cb d313 de24  .P.............$
00010730: 5ee2 16a4 d118 d0b7 0937 7fc5 1858 9408  ^........7...X..
00010740: f20d e03d ec45 d0d8 fcc6 8c04 df07 c1d5  ...=.E..........
00010750: e221 fcb0 f4f6 c124 2204 9411 21ea 2d22  .!.....$"...!.-"
00010760: f1eb e122 2e0b fe0a 9e27 faf3 0e4c 03dc  ...".....'...L..
00010770: 0823 102e ddad d3fc 7dd1 ba67 e7b6 63da  .#......}..g..c.
00010780: bb40 3a0b 0ed1 11fc 1d2e 5620 563e 47dc  .@:.......V V>G.
00010790: 1ec6 3d12 21e1 5ad9 b5b7 f9d5 0b2c dea2  ..=.!.Z......,..
000107a0: 1c3a efb4 cc0d 29c3 4dc8 1bd9 d30a d467  .:....).M......g
000107b0: 11de c081 f81d 20e5 980b 36be 0c0c d7b7  ...... ...6.....
000107c0: 43b6 b6f8 de06 f334 c507 0aca dabf e132  C......4.......2
000107d0: e455 d5f8 08fd aa15 0e3b 0122 e3e1 1426  .U.......;."...&
000107e0: e2dd 3473 eefb ce06 c53b 1c24 13bb 0381  ..4s.....;.$....
000107f0: e120 6627 ba03 d82c 0513 27ae 182b b8e2  . f'...,..'..+..
00010800: ebc8 cf2f e647 ee03 ea12 bdda e7ec c726  .../.G.........&
00010810: dc0a cdc0 00f0 81f7 2cfc d128 08c5 290f  ........,..(..).
00010820: 1cc9 1c35 56fb f50d d23f 19f7 1c33 fbca  ...5V....?...3..
00010830: e134 4448 e3ca e411 21e7 a12f bf81 16c5  .4DH....!../....
00010840: ecf1 191e 0e03 2339 ae29 1ee4 3f00 ffd7  ......#9.)..?...
00010850: e5e7 fb1b 09d5 25e3 cfc2 27fa e30a f7d2  ......%...'.....
00010860: fe1b 24fe d01e f5bc 35e9 12e6 ebe6 0b10  ..$.....5.......
00010870: 0621 eb82 cb15 2737 3cfd ca5d cdd5 0917  .!....'7<..]....
00010880: f13c 3d38 150e 083a 39fc 1626 0254 288a  .<=8...:9..&.T(.
00010890: f3c6 3bfc e5c7 64ef c8c7 0bb2 f862 fad6  ..;...d......b..
000108a0: ae38 1fcf bd2c 16f5 20f1 c7bb d61d 1c65  .8...,.. ......e
000108b0: 2aeb 9581 0318 d7e4 df10 51ab 1522 91d6  *.........Q.."..
000108c0: 24af 9536 f51f a6ed bab2 c1fb d3cb 911e  $..6............
000108d0: f230 d2b7 14dd 9313 24f3 c818 f4ae 1239  .0......$......9
000108e0: ccc9 1732 4412 f5e1 a823 10f6 391a 1281  ...2D....#..9...
000108f0: be35 5019 cbd0 f92f ee28 31d0 315b d129  .5P..../.(1.1[.)
00010900: 171d dbfa de18 f9bb 7f1d f010 031f 3e1c  ..............>.
00010910: f8ed ef18 e525 0ce0 0a5d eafc 04d2 0a3b  .....%...].....;
00010920: 5cda e3f4 44b5 0e51 e036 2048 1ee4 dd2e  \...D..Q.6 H....
00010930: fedf ed49 2fea 07fb 490a 030c c7d4 c129  ...I/...I......)
00010940: ed1c 3563 eb1c e510 cae7 b704 2830 f895  ..5c........(0..
00010950: cd24 44cc dfed 0aea b4c6 c0c9 025b 27e5  .$D..........['.
00010960: d001 0800 c639 05e6 c6c9 d5c0 044c f501  .....9.......L..
00010970: 7f1e eed3 e5de cebf 4b35 11ec 11ff c29a  ........K5......
00010980: c704 ac1e 16e6 d0f4 94fa d7ff d6fa b700  ................
00010990: 03d3 09d3 14b5 e445 40fe d8c0 e8ff c8ec  .......E@.......
000109a0: 00f6 2726 cf3b f3eb 0525 2781 0a4b 3adf  ..'&.;...%'..K:.
000109b0: fefd fded e9e5 0a1e 203e 698d 266b cdb3  ........ >i.&k..
000109c0: f4c1 923d f64e b8e7 e20a dbbc dcaf e75b  ...=.N.........[
000109d0: 1123 0db0 50b9 bd1f 1aff ab17 33b2 1ade  .#..P.......3...
000109e0: 27db 0a0c 4815 18ed df7f 7e14 0b11 0cd1  '...H.....~.....
000109f0: c405 32f7 e9c9 ff30 25f2 21b4 3243 4d1a  ..2....0%.!.2CM.
00010a00: 20e9 e6da 13ba 0824 0ebd ce30 2f35 072c   ......$...0/5.,
00010a10: 2eb6 2419 ec46 42ea 1ded 15f7 0ed0 d01b  ..$..FB.........
00010a20: 2744 81a7 3f05 2be2 0cfa 2ff6 b714 cd22  'D..?.+.../...."
00010a30: d6e1 a906 4cbd fcc4 1209 db2b b49e 3398  ....L......+..3.
00010a40: 13ec 4be9 2504 423f f62d 44dd 69ba 1fea  ..K.%.B?.-D.i...
00010a50: 16f9 46ca 20e6 1618 d7d6 34e7 d62d c4cb  ..F. .....4..-..
00010a60: 0072 26ed 9a07 0ca5 4dff 1fdc c0da ff3a  .r&.....M......:
00010a70: e3fe 1181 c20f e831 77d7 ef42 f2a1 e903  .......1w..B....
00010a80: f132 f328 d20b 1b17 2ef7 e160 355a 36bf  .2.(.......`5Z6.
00010a90: 0592 edf8 e5bd 579e c5c7 bbca f7ea 1921  ......W........!
00010aa0: 2a27 a89e 006b 23ac 18be 17db c977 a47f  *'...k#......w..
00010ab0: 12ac eafe f7a3 1a97 2cb3 a156 d396 3c93  ........,..V..<.
00010ac0: 2e1b 3cfc 41b5 462f ec25 390d 15ca e6ba  ..<.A.F/.%9.....
00010ad0: 3ce0 f765 17e9 5bf5 16fe 6808 c137 c2cd  <..e..[...h..7..
00010ae0: b035 413b 93f0 f19e 45d5 d6b8 accb fcfd  .5A;....E.......
00010af0: eed7 c781 e937 1ce5 53a7 a34b 168a 7fca  .....7..S..K....
00010b00: 000e 0dd4 2fc3 eb0b e553 6e20 4afb 550c  ..../....Sn J.U.
00010b10: 13ba 243c 19b7 58d2 c4b1 1ec6 ea43 d6b9  ..$<..X......C..
00010b20: ee3c 1305 e312 059f 62b9 16d5 e8f6 ef29  .<......b......)
00010b30: f29f d9b9 f336 24e8 ce11 47c4 263d c0a9  .....6$...G.&=..
00010b40: 2fc1 9917 c825 de0e d8e2 f2fa c1cb c424  /....%.........$
00010b50: f038 e4b9 11d9 81fa 2903 d117 e3af 1155  .8......)......U
00010b60: c7d6 2d3c 25f0 f4e4 ad35 210c f9f7 0594  ..-<%....5!.....
00010b70: c727 5104 d1c5 f524 ee37 0d4b 2804 d451  .'Q....$.7.K(..Q
00010b80: b445 e867 d847 fdf4 4571 ede5 e54a 1dff  .E.g.G..Eq...J..
00010b90: d205 0845 a6bf f4f4 ebef 941b d358 6308  ...E.........Xc.
00010ba0: e9c7 b6f7 7134 0150 d1c7 b14a 7c61 ea13  ....q4.P...J|a..
00010bb0: 7f11 0d54 0e3e e108 e1ba 0528 3812 0e15  ...T.>.....(8...
00010bc0: ef0c e231 b019 2625 1921 e9fb e016 283b  ...1..&%.!....(;
00010bd0: d42d 0f0e a8d4 0ef2 edf5 f7fc 1e3b 1de4  .-...........;..
00010be0: b3e9 0f7f 2705 ab6a 0fc4 d529 1d26 23e1  ....'..j...).&#.
00010bf0: 390a f0fd e315 98dc 6cc0 9e0d e69a 21d8  9.......l.....!.
00010c00: 0b0e 1014 24ab 213b 04df d32f 5e1f 34bf  ....$.!;.../^.4.
00010c10: 11c1 fb06 31f4 3588 eabb 26ee 18c2 f3fb  ....1.5...&.....
00010c20: 2309 15b4 0d25 f681 dc04 3fbe b6f0 d511  #....%....?.....
00010c30: 06ee beb6 08b2 75f8 af4a 7fb2 2e69 b9b4  ......u..J...i..
00010c40: 0ae3 bee7 f601 c7c2 ecff 3110 d3b0 cf43  ..........1....C
00010c50: ff52 11e6 0fec ba60 223b e9f1 0abf d140  .R.....`";.....@
00010c60: 2ed5 1e2d 2cf6 030e f755 1827 3cf0 29d0  ...-,....U.'<.).
00010c70: ceea 3d47 e6ea 011a 3016 e6fe 1206 d6db  ..=G....0.......
00010c80: c75f cb62 b2e5 18f7 180d c229 f812 ad39  ._.b.......)...9
00010c90: e81f dd12 02a0 12e9 14be f02c 22c0 442a  ...........,".D*
00010ca0: f6be 0604 7f1d 0408 d8e5 ef4c 6a74 14ed  ...........Ljt..
00010cb0: f30f 2861 16ab 21ee 28f6 52c3 3071 fb57  ..(a..!.(.R.0q.W
00010cc0: 0226 d9fe f102 d5da 4bbf a322 012b 1a0d  .&......K..".+..
00010cd0: 27ba 11f4 dd15 11f3 fc5b bd22 2738 30ac  '........[."'80.
00010ce0: f606 d412 0105 0f30 e714 0a0b ea25 d40e  .......0.....%..
00010cf0: 1de3 bf3c 1b0f 81c5 44ee ef7e 1781 0044  ...<....D..~...D
00010d00: b91e 204f 121e 0ff1 4803 ac29 2333 c2ca  .. O....H..)#3..
00010d10: faf5 e5f3 d5d6 48aa c1d1 cc0a 3334 50e9  ......H.....34P.
00010d20: 19e3 cca6 3a49 0b00 d2bb dad5 215a eb39  ....:I......!Z.9
00010d30: 5725 ba14 dae9 0cc8 3fe9 885b b8be 0c23  W%......?..[...#
00010d40: 0445 6318 143a 4cf9 5047 0ae8 7f4e 4da5  .Ec..:L.PG...NM.
00010d50: fccd 1719 d5e7 4aa8 d4c6 20e1 e226 24ee  ......J... ..&$.
00010d60: 152a d5b6 daf0 22f8 15e1 dedc bc03 c67f  .*....".........
00010d70: 21e7 b7af 2624 fbf5 d2de 1ade 2a58 dfe7  !...&$......*X..
00010d80: 08f7 d0cf e3b4 23de e1ef 2b18 d5ce d157  ......#...+....W
00010d90: 3313 d00b 2832 cb24 5232 0f14 ebce df5f  3...(2.$R2....._
00010da0: 40f1 d621 26d7 0209 f8ee 0a28 06e1 f2db  @..!&......(....
00010db0: d0fa 1e7f 28e2 31e6 4709 dbed ddd8 eac7  ....(.1.G.......
00010dc0: 2e03 121d db31 2736 f805 e1e0 0c1b f381  .....1'6........
00010dd0: 0ae9 0ee6 2f01 eec8 02c6 0a20 13da 25ef  ..../...... ..%.
00010de0: b52e 08d8 e406 25a5 d31a 4204 b508 0e29  ......%...B....)
00010df0: df2b 08aa f5c6 e046 ae13 e52a e4b2 1294  .+.....F...*....
00010e00: 1db6 7224 590f 1eff 9c49 15d3 2fb5 a6d0  ..r$Y....I../...
00010e10: d839 14f0 dbf9 f87c 0dfe 22f9 cb18 00ee  .9.....|..".....
00010e20: d4f7 1a2c cafd 0a01 2116 d81d d32f 7fbe  ...,....!..../..
00010e30: ad20 cbb7 9250 f31a 30ab e147 361d 51f9  . ...P..0..G6.Q.
00010e40: eedf 8db8 ad81 1301 eec7 1f6d fa33 2a39  ...........m.3*9
00010e50: 71d3 e604 043f 0fbd ca11 0404 1ac0 f5dc  q....?..........
00010e60: 11da 03e7 36eb e7fb 13a6 6a26 e108 ccce  ....6.....j&....
00010e70: 16d5 0354 1ca8 40a7 fd24 1810 f0f7 eb3d  ...T..@..$.....=
00010e80: 1421 1454 f20e 0612 2db2 b41e e539 e981  .!.T....-....9..
00010e90: e7ec 28da cf03 21f3 f0cd e4ee f217 35fb  ..(...!.......5.
00010ea0: ab33 d2ef cb17 17ea dae8 cdb6 e758 f119  .3...........X..
00010eb0: 4a07 e7d0 f7cb c4db 30df d37f c8ce 43fa  J.......0.....C.
00010ec0: edea 59c5 4de4 0b21 ad12 2cec 6264 4cbb  ..Y.M..!..,.bdL.
00010ed0: 2ed9 2801 f424 54b6 b8e7 0ed8 c143 c5d2  ..(..$T......C..
00010ee0: 0221 e6d8 d713 fbda 4898 10ae bff3 101e  .!......H.......
00010ef0: 2634 d2b0 002c 1013 1b00 f6e7 0beb e281  &4...,..........
00010f00: 1aee d120 da37 0b09 c408 fdf7 0106 f3f7  ... .7..........
00010f10: fb1e 26b1 26b5 fa0c e9fa f1d8 24ba feed  ..&.&.......$...
00010f20: 022c 0830 0833 07d2 d233 5b2a b815 1add  .,.0.3...3[*....
00010f30: b208 2da5 c5b9 da3e fa1a f85e 36f0 0d33  ..-....>...^6..3
00010f40: bb39 1018 2cde fff5 2a18 0af6 f1fd 3a14  .9..,...*.....:.
00010f50: f3c8 1c7a e6eb 5b12 24f1 ec0f 137f e3ee  ...z..[.$.......
00010f60: e114 d1f5 11e4 0b0a 37d8 c803 0003 123e  ........7......>
00010f70: 41c9 b80b 324f 17f9 65c5 a115 e5e9 2244  A...2O..e....."D
00010f80: 2227 67e6 18da 36fd 21d6 eb49 7b59 3c81  "'g...6.!..I{Y<.
00010f90: 26cf fee0 eb69 4c9b f301 1edd faea dd2c  &....iL........,
00010fa0: 4141 9a8f ba06 2eda 10cb 11c0 a0da a675  AA.............u
00010fb0: 2ae8 b4fe 30db 2799 02c2 d825 4540 68d5  *...0.'....%E@h.
00010fc0: e10f e3eb cf85 0ae1 dcc0 6b35 ebe8 e74b  ..........k5...K
00010fd0: 482c 280d 1524 2eed f6d0 f41a f3e2 dcef  H,(..$..........
00010fe0: d227 f9f6 23f0 26d4 1a81 e922 132f cff9  .'..#.&...."./..
00010ff0: f3c8 200f 18eb 37a2 51b6 947a 9687 23f0  .. ...7.Q..z..#.
00011000: 3d39 390f d4c6 6b54 2f02 1c13 0f4d 22ba  =99...kT/....M".
00011010: 3b9b 05ea 4efb 4781 a0df 11e2 1912 0dcb  ;...N.G.........
00011020: 2928 2091 ad00 01d2 0ff8 44ae ccd5 ad75  )( .......D....u
00011030: 4616 d597 1be3 2232 2e01 df61 fed3 4925  F....."2...a..I%
00011040: b524 17ef f9ce 0bd5 3311 5020 2b41 42d2  .$......3.P +AB.
00011050: 1ea8 206c e2fd 6f0e b4e4 02f7 2637 cfaa  .. l..o.....&7..
00011060: 3906 eb84 e2f2 34e3 7deb e621 cb0e f77f  9.....4.}..!....
00011070: 16c9 8f9f 1b25 4ce7 4f50 0656 06b9 b02d  .....%L.OP.V...-
00011080: cc7b 156c 3307 17f6 6726 9701 277f 2087  .{.l3...g&..'. .
00011090: d3db 06f0 a3ae 39f8 0ff3 b9ef 1556 31ff  ......9......V1.
000110a0: fff9 d4d1 464a 1d15 d6f2 b9df 3069 f967  ....FJ......0i.g
000110b0: 6c06 bf1d 23f9 cc11 0e39 66db 301c f5ed  l...#....9f.0...
000110c0: 1504 e0ff 1218 f4f2 ed0c ed01 e9cf 2304  ..............#.
000110d0: fff6 5da7 f8d8 c468 0d1c eee3 2c12 e0ec  ..]....h....,...
000110e0: db2f 1240 d608 fa09 fe7f 3cf3 f702 13df  ./.@......<.....
000110f0: e4c7 e4f5 fada b900 5f3c 0c56 eed3 2481  ........_<.V..$.
00011100: 9937 2c4f 0aa2 28f3 205a 1c1f 1107 f7e2  .7,O..(. Z......
00011110: 04e6 3119 fccf 4414 fdcb c4f9 2903 22da  ..1...D.....).".
00011120: 4333 d1ce 2e54 3898 fa03 314a ec44 dd0f  C3...T8...1J.D..
00011130: 05e6 0be7 44c7 60fa cdbb 0ddf 03ec 19b0  ....D.`.........
00011140: 25f0 b927 bad6 fc18 bfec 4313 fadd ea52  %..'......C....R
00011150: 0c42 05ea 1000 f5e9 d5e5 e853 0a00 3d01  .B.........S..=.
00011160: bf0c f17f da05 f1dd e9cb fd1a 0bb8 daae  ................
00011170: 18f9 3c0e b3fc ddd3 30e3 d40c bd96 e919  ..<.....0.......
00011180: 240c 142a ef1c 304a d4c2 a504 133e de81  $..*..0J.....>..
00011190: ed0d f3a3 edfc 02ca deb0 0ffc eb08 41d4  ..............A.
000111a0: a231 0e00 c22e 08ce c2db f7bd db1a eef7  .1..............
000111b0: 1e4b 06ae e4cd cff4 16e5 ba4f 4be6 4737  .K.........OK.G7
000111c0: 8b38 0215 dce5 f9f7 5851 3f1c e926 5c4e  .8......XQ?..&\N
000111d0: f1b6 157f daf4 59dd 22e4 f312 e964 22f9  ......Y."....d".
000111e0: 0bcc b7e1 5a1d 0150 4487 d55c 1213 0c4a  ....Z..PD..\...J
000111f0: 54b8 c938 3653 0aee f504 6281 2e46 d7b8  T..86S....b..F..
00011200: 43ec af08 dbfe b4ff b7cb c80c d1e9 db10  C...............
00011210: 0111 f5c7 1bce aaff fefb e012 259e f017  ............%...
00011220: dc01 3b25 2bee facc da62 3dfa 00f7 0d89  ..;%+....b=.....
00011230: b717 4c04 04a8 141a 0e57 7fca 337b 9ce6  ..L......W..3{..
00011240: 1923 b717 e540 d1bb 1606 cef9 fae5 0e09  .#...@..........
00011250: eb15 2db6 03c7 e319 0c31 aee2 3ac9 f4f4  ..-......1..:...
00011260: 37ff f812 2bd2 0b21 d279 4722 2330 0cf0  7...+..!.yG"#0..
00011270: e4ec 1d10 f4c2 fd20 c81c 6585 2a7f 94e6  ....... ..e.*...
00011280: 0cec b918 c520 96dc d9cd dae8 c2de c945  ..... .........E
00011290: ee2a e5e8 35f0 b1ef 2811 9b28 1fab fd3a  .*..5...(..(...:
000112a0: 3697 3907 7ffc 1b08 981c 1d25 5f11 11c1  6.9........%_...
000112b0: d00f 4f5c 15d9 162f 20d2 982b f2ce f4d4  ..O\.../ ..+....
000112c0: f9fe 294a 181e 13f6 e52a 12fc 4806 451a  ..)J.....*..H.E.
000112d0: e6f3 21f4 e281 47dd 11a2 09d3 d046 2021  ..!...G......F !
000112e0: bd4e b140 ec22 dace e7a1 bfd9 ed2f b133  .N.@."......./.3
000112f0: 1396 30f4 0844 02bf 2e5e 3a19 36bb a5be  ..0..D...^:.6...
00011300: b231 021e 4146 81e3 e634 c3b4 2fde 0813  .1..AF...4../...
00011310: 8f0a 30de da89 fc27 0500 acc7 1257 decf  ..0....'.....W..
00011320: 0dd4 4b4b 390d e718 e246 2cee f42c 47ed  ..KK9....F,..,G.
00011330: 40f1 dfff f408 cc37 41a9 d39f 0eda 391f  @......7A.....9.
00011340: 21e4 e78d d9fe 340d 2dbb cb0a 1318 0924  !.....4.-......$
00011350: f7d3 0ed8 1813 fabe 18c6 1608 3681 0dc7  ............6...
00011360: 4a4b d6ff 41e8 1a00 dc2c 5c42 bedf aa5c  JK..A....,\B...\
00011370: bcf2 1ad7 27b1 01f7 05ff fb28 7f4e d8f9  ....'......(.N..
00011380: c84e db26 a912 c2bf 274a 4008 ef04 196a  .N.&....'J@....j
00011390: f60d 3d4c dcad 2dd0 eaef bf2e d040 4110  ..=L..-......@A.
000113a0: dcdb ad5e 2bc2 2727 0782 c840 4212 ce0b  ...^+.''...@B...
000113b0: 67cc 3549 0632 dac2 040b e86f f081 5f50  g.5I.2.....o.._P
000113c0: bd1b 1ef7 0d17 23ec 3147 05f3 2839 20d3  ......#.1G..(9 .
000113d0: e3e8 0923 96f4 2f11 9b1f e7fd 1152 2698  ...#../......R&.
000113e0: fafa d4a7 fe2a 063a 44d4 ce19 2138 1300  .....*.:D...!8..
000113f0: 3e3c dcc5 c73c ed07 fc70 2f50 3ddb b717  ><...<...p/P=...
00011400: e6ed 0911 0f0b d2e9 535e fdc1 0b11 03cf  ........S^......
00011410: c70d 1831 bdd2 564b 3516 b181 fe57 0a08  ...1..VK5....W..
00011420: 0fea e931 0dfc cd56 c500 0810 dd4c ffe7  ...1...V.....L..
00011430: 3df9 d75d f256 1327 f115 2545 fd02 e1f5  =..].V.'..%E....
00011440: f6e4 e32e d92e 1348 12ee eb01 c21d 10cc  .......H........
00011450: 001e d2b9 c5c8 c5e7 f9ff a91e 0000 431a  ..............C.
00011460: c5bb ea32 251d e928 d606 162f 1110 0ea7  ...2%..(.../....
00011470: 467f 401e ccb7 d54f e652 57f7 487f f512  F.@....O.RW.H...
00011480: f71d dcdb f1f8 efdb 5f0a 192e f0fd f5ef  ........_.......
00011490: 2f09 41c6 d60c 1938 2e25 cde6 f4e9 cb13  /.A....8.%......
000114a0: f808 b8f9 01c7 2421 15ed dbd0 2b18 df26  ......$!....+..&
000114b0: fac6 fe3f 05c8 d3e3 b847 12fa 1347 b069  ...?.....G...G.i
000114c0: af14 0110 e41d f6b1 0fe8 f7f2 f23b 0217  .............;..
000114d0: 0d40 d41c 0029 f419 381e ac1e 0431 3742  .@...)..8....17B
000114e0: 3299 af03 5215 186d b1b2 b633 4e2a 03f8  2...R..m...3N*..
000114f0: 4110 f17f 1a43 11eb 0d99 8112 0bf3 60dc  A....C........`.
00011500: 12df 32db edcf 6806 dde7 512c 3bd4 022e  ..2...h...Q,;...
00011510: 2b0d 2eec ea2b 25dd 26b7 323b e5f5 30c2  +....+%.&.2;..0.
00011520: 121d ec33 e71d 09d8 13b2 eb0c dd06 f71a  ...3............
00011530: 08e5 23ea ddf8 d1b1 1203 d45d ede2 d932  ..#........]...2
00011540: d04c 236c ae36 34f7 5048 f7e8 0e3c 20ed  .L#l.64.PH...< .
00011550: c014 152a cada 11ca c1d9 e6ea e23e 7fe3  ...*.........>..
00011560: f4c2 01f0 0935 2b30 13dc 9a2c 4651 0d2a  .....5+0...,FQ.*
00011570: 6127 0cdb ea1b d2fa 0281 d0f8 1edf 5711  a'............W.
00011580: 42e4 25ca 04de 0403 a606 ce00 49eb e021  B.%.........I..!
00011590: e1e1 c904 c00e c72d 0cd0 20db 0ad4 e6ec  .......-.. .....
000115a0: e8bb 40f3 091c 0116 11ec e3ed 001f 0ff2  ..@.............
000115b0: e8d6 bc28 eb15 f08c 13f1 c357 be81 f8eb  ...(.......W....
000115c0: 2930 4845 fd1e 2e4c 291a e8dd 4719 06b7  )0HE...L)...G...
000115d0: cb08 2ff7 d1f1 2ce5 d1a9 3010 c04a 42cf  ../...,...0..JB.
000115e0: aa56 fe12 b606 0fd6 0ae7 bec1 e10d e658  .V.............X
000115f0: 560e 0692 cc04 b905 f2fd 35dc 3865 0650  V.........5.8e.P
00011600: f6e6 c926 a60c fac5 ff9b eeec c715 df14  ...&............
00011610: 6075 c4e3 4962 a92d 18f9 a038 f7b4 42ec  `u..Ib.-...8..B.
00011620: e8cc ce0b 3a18 452a 81ba 1620 1d48 f299  ....:.E*... .H..
00011630: 151f 3d6d 12e3 2b11 c410 ed40 18c7 42c3  ..=m..+....@..B.
00011640: d6ff f2f9 30d6 f6e4 be52 79eb 01ce f83a  ....0....Ry....:
00011650: 3011 037b 06d6 2d52 ef3a 2e11 c863 bbe3  0..{..-R.:...c..
00011660: edef 0519 e607 ecf6 6acd cd30 2fc5 3dc3  ........j..0/.=.
00011670: 03d8 04f6 d37f 270f 0342 2150 0d9c cb1a  ......'..B!P....
00011680: ea28 6a12 61e4 fce9 5033 cd2a 5c30 1bc5  .(j.a...P3.*\0..
00011690: e8d6 431d b2aa 7f23 e401 d299 0f42 9d35  ..C....#.....B.5
000116a0: 4967 ac8c fedd 10ee fce2 c0f5 f93e cf4c  Ig...........>.L
000116b0: f1ba da14 0941 11f7 f22a 47cc 297f c230  .....A...*G.)..0
000116c0: f113 e7ee df16 f7ca 2fd2 d812 dd0b dd1a  ......../.......
000116d0: 0f22 f6dc 0f23 d111 131d d50d 27dc 0d1a  ."...#......'...
000116e0: 22d9 edfa 30e7 0932 d10e 0213 220d fcf6  "...0..2...."...
000116f0: f819 1664 17d8 f8e8 26d2 1dd2 e0bc fdea  ...d....&.......
00011700: e64c fe9d e996 eb1d e30c 873e b3de ac17  .L.........>....
00011710: f0dc d617 090b c65a 0772 dbc5 105b 15cb  .......Z.r...[..
00011720: 81e9 4540 07d0 d9a4 450f 3d0f 0e08 c08b  ..E@....E.=.....
00011730: 2306 bf16 30fd 2bba ebd3 0b09 f2d0 2614  #...0.+.......&.
00011740: 19f5 9de4 d0f9 1e54 0fd1 d733 c637 1f1c  .......T...3.7..
00011750: 0df0 c8dc 0200 ee81 cefb fc0d 13d5 2909  ..............).
00011760: 11d7 10f4 33d8 fa12 ea13 2216 07e5 dbc7  ....3.....".....
00011770: 2214 4e19 05ad 16fb a33c 68e8 5025 ed08  ".N......<h.P%..
00011780: eab3 b95a 3036 fd0e d317 be01 fbe5 a32b  ...Z06.........+
00011790: fa2e 192d ddd4 d30d f112 d43a 310d 1d43  ...-.......:1..C
000117a0: e8e0 c83e 4315 d00c e434 e457 352a 3381  ...>C....4.W5*3.
000117b0: fa1a 1b3a 1315 0f0c a119 46e4 3e47 b484  ...:......F.>G..
000117c0: ecdd c61a d2c0 03f0 ae3b 3bd9 b3b6 c155  .........;;....U
000117d0: 103b 1626 ffb6 f93b 1526 f8f4 ea02 0333  .;.&...;.&.....3
000117e0: f9f7 2f7f defc eee5 1d33 e4f3 0ac2 28d9  ../......3....(.
000117f0: e7f4 4009 fc11 050c 45cd 8140 a9d3 2a32  ..@.....E..@..*2
00011800: 032d 4be4 eb0c 65ee 2b12 0cec 5f39 07b5  .-K...e.+..._9..
00011810: 11fe d4dd 0c5d 26bb c828 2817 fb01 2500  .....]&..((...%.
00011820: 520d d2db cff7 0928 03b5 0bef f8de db29  R......(.......)
00011830: 1620 f9e8 f7f9 fd10 ead1 bbaf 201b c52a  . .......... ..*
00011840: 36e5 2f38 057e e9e5 ef17 d5ca 3c39 6528  6./8.~......<9e(
00011850: bfd7 fc25 d1ae 10b7 1ab7 0217 e41e 1e4f  ...%...........O
00011860: af23 bb3c 48fc e72d 90cc 0e18 da15 8117  .#.<H..-........
00011870: 28b4 2329 513a cef9 fc5d ed72 e500 6440  (.#)Q:...].r..d@
00011880: b74d e12d 07d4 2efa 6448 481b d535 e885  .M.-....dHH..5..
00011890: 3817 332a d829 2726 bdf7 d52f cc71 1ffb  8.3*.)'&.../.q..
000118a0: bccb 1edd 113b 2817 faa2 8100 6e02 fcf0  .....;(.....n...
000118b0: 3245 be19 d555 d9ea 3455 7fbf 155c 82e5  2E...U..4U...\..
000118c0: d909 d907 1a3c dbd6 592c 9ef6 e9d8 d70a  .....<..Y,......
000118d0: e7cf 1ba4 efe0 fd14 3142 8dd8 58c7 161e  ........1B..X...
000118e0: 6622 abec 30ea 2521 f06d 5504 ca52 f414  f"..0.%!.mU..R..
000118f0: daf8 d849 0a92 f10b d80f f97f e981 67f0  ...I..........g.
00011900: f1f1 0918 f9fc 3221 264b 2dea 091d 35e3  ......2!&K-...5.
00011910: defd 0c34 c6e1 420d a527 22df f353 0bb7  ...4..B..'"..S..
00011920: eb12 45f2 ea1b d319 46fd da1e 170a 39d7  ..E.....F.....9.
00011930: 251e f085 b72f fc3d 3926 fe24 d098 e7ad  %..../.=9&.$....
00011940: 9cd7 26ee 6ff1 013c 9379 0dd8 3ceb b338  ..&.o..<.y..<..8
00011950: d9dd e0fe 28b4 3b3c 3320 f281 f146 f932  ....(.;<3 ...F.2
00011960: 67ce e91d 087e dceb 7bc7 08b3 2302 331d  g....~..{...#.3.
00011970: f819 d246 d978 3f10 154a 68a9 447f ad59  ...F.x?..Jh.D..Y
00011980: 0122 ff17 f107 06e6 56aa 9e3a df15 01e7  ."......V..:....
00011990: 240e 06cb e246 df12 2f25 c520 2cde 051e  $....F../%. ,...
000119a0: 260b b3df 26ea 1122 cd2d 14fa 0d2f e50e  &...&..".-.../..
000119b0: 0510 dc7f 1d8d c0e1 3ef0 0138 d6cf f916  ........>..8....
000119c0: 0519 2d28 2ddf 162d 2ec2 cd37 ef43 fcb1  ..-(-..-...7.C..
000119d0: fdbf e9d4 1214 42bd e7e7 e9d2 f5e7 f232  ......B........2
000119e0: 0f42 be81 e50d 19a6 e4d1 f7b2 c70e df4d  .B.............M
000119f0: f9f5 d2ce 16cb 25ec e30d 49a4 2402 03eb  ......%...I.$...
00011a00: 08e1 0936 df25 d806 81dd c7bd 22ca fd1a  ...6.%......"...
00011a10: a232 19ef 07ee ac08 0603 0c10 250d 2ae8  .2..........%.*.
00011a20: ee0f 3b46 0811 e205 c653 272a fa42 2a88  ..;F.....S'*.B*.
00011a30: 2334 26db e70c f618 df53 25f6 e56d 81fc  #4&......S%..m..
00011a40: 1d03 4b03 d37a d6c3 f83c 01cb 3ee7 231f  ..K..z...<..>.#.
00011a50: a238 13a9 ce0a f025 3a22 cff5 06fa 1906  .8.....%:"......
00011a60: 5cf9 e722 e3d6 0a44 163e 113a 1902 ff2a  \.."...D.>.:...*
00011a70: 08fa 2a33 e119 a606 dfca be57 c9b3 39d8  ..*3.......W..9.
00011a80: 2dc5 37e1 3aea 2718 bf31 22e9 18dd d6b1  -.7.:.'..1".....
00011a90: 1910 0f1c ee2a fc38 ed18 3e02 be2b e2ef  .....*.8..>..+..
00011aa0: ce38 2e55 81e2 dbf0 3112 d7bb c8b4 1af3  .8.U....1.......
00011ab0: fb15 e8c2 9f3b cee9 fc51 2269 0906 a60c  .....;...Q"i....
00011ac0: ee69 3d5c f9fa 29cb 7f36 e425 4231 03a4  .i=\..)..6.%B1..
00011ad0: d311 23ff 9b00 5f10 de22 b1a4 f317 0a2c  ..#..._..".....,
00011ae0: 71f6 b2c7 1b0a 24f9 e2ed e1ee 2e56 e647  q.....$......V.G
00011af0: 34ec dc10 f5cf 27e5 fa00 13df bfc4 d484  4.....'.........
00011b00: 1a10 2044 e33a 1128 b145 23c4 3cca 3fd2  .. D.:.(.E#.<.?.
00011b10: a634 5ced b891 f24e d8ea 33d5 2b21 fed2  .4\....N..3.+!..
00011b20: c33a 327d b6f3 fff8 0143 e712 f519 37c1  .:2}.....C....7.
00011b30: 0d09 4181 b51f bb1e 1814 8162 d297 383c  ..A........b..8<
00011b40: d84e 373c 19f8 2bf0 6127 0502 0c4a 2ab5  .N7<..+.a'...J*.
00011b50: 07fe e225 e33b 28f3 e7e2 3040 d137 33ed  ...%.;(...0@.73.
00011b60: e4f7 d3ab 2def 0a2f efa1 a50a 1f13 f001  ....-../........
00011b70: 3940 e2fe 1a22 1a1a 0b56 6cae 0a3f 81d8  9@..."...Vl..?..
00011b80: fb00 af4a c947 00c6 f8fe c119 f7e6 d71a  ...J.G..........
00011b90: e049 edae 19f1 c31d ff23 c307 17ba 3d33  .I.......#....=3
00011ba0: 44f2 e72e 30eb 0e1b ab42 051b 2d4d 15bd  D...0....B..-M..
00011bb0: e035 5547 f7be 07f5 b12e 4410 e222 8b01  .5UG......D.."..
00011bc0: 38dd 0641 de4d 07f1 06d0 aee8 affb 81e9  8..A.M..........
00011bd0: ec7c f79e defa ad69 fb0f e5e8 cb0f 311f  .|.....i......1.
00011be0: a0f2 0e5f c8e4 eb27 9536 a6ef 0e43 2dca  ..._...'.6...C-.
00011bf0: ed2c 3507 a7ee 9de0 040d 1ff3 fb54 c713  .,5..........T..
00011c00: f500 32fd eb0c 2bcd f1f1 25cf 47e5 1e7a  ..2...+...%.G..z
00011c10: fe0b 47a7 0924 091b f602 e3fd 0814 e0e0  ..G..$..........
00011c20: 7f08 ed22 ed02 283c 1df9 24de 2be9 fb1f  ..."..(<..$.+...
00011c30: 050c 2b0c 2108 e3c9 9b06 4aad 2e7f efe2  ..+.!.....J.....
00011c40: 2bb7 d1c7 e2db fadc e3cf 52dc d09e d466  +.........R....f
00011c50: 354a de12 4447 a154 3f64 1339 dfde d23a  5J..DG.T?d.9...:
00011c60: 3cde ff40 fecd ff14 ed2f 1d3b 1eb5 efae  <..@...../.;....
00011c70: d8dd 3f6e f705 12fe 48a0 dfd9 27a9 5ccd  ..?n....H...'.\.
00011c80: 2e24 bbf6 d9ee 0e3c a2d7 d617 24ff 15f1  .$.....<....$...
00011c90: eada 49d4 d0da 25ae c5ab 1305 45e1 fe9e  ..I...%.....E...
00011ca0: c63d 3519 e60b 12d0 0c18 7402 d018 f9ca  .=5.......t.....
00011cb0: dadc f181 31a4 cde6 0fa8 0c0d 6257 4722  ....1.......bWG"
00011cc0: 12c6 c3b4 c1b8 2115 f4b4 3538 f4fc fd5f  ......!...58..._
00011cd0: 3e1f f3e1 e91c 0fd1 27f0 fbdf 0fdb fdea  >.......'.......
00011ce0: fdf3 e51e 2710 f20a 0fb4 2508 fdfb d9f5  ....'.....%.....
00011cf0: feaf 0f68 1ac1 0181 fd34 37ca 4a4d 972e  ...h.....47.JM..
00011d00: d951 ff56 c86a e4b2 2818 98e6 0b14 4e13  .Q.V.j..(.....N.
00011d10: d404 26b8 bee7 ce08 18e5 ab39 3ecd 3add  ..&........9>.:.
00011d20: f4d3 dcf5 7fe7 f051 a006 137d 2174 fdf7  .......Q...}!t..
00011d30: 2725 2348 0c9d e92c 3f1b 0d57 14bc 051c  '%#H...,?..W....
00011d40: 8d30 4142 2406 d4ff e649 e218 344d 29dd  .0AB$....I..4M).
00011d50: b7ae 2c1e 93d8 56f7 c2f1 b5d2 007f 04dc  ..,...V.........
00011d60: 23fe c3c4 1f49 20fd 4ac1 d1d7 f44e 163d  #....I .J....N.=
00011d70: 62fe 96d3 dd19 dbee 9ff0 7545 451e 1f84  b.........uEE...
00011d80: 0cf3 a3fd ec9b 0103 b434 6714 c596 dd4f  .........4g....O
00011d90: 4c40 5d33 e1dd 1c7f 2532 1fba ae35 a31d  L@]3....%2...5..
00011da0: ee0f 2371 a9fa dae4 5d08 c6ef 1ede 45cf  ..#q....].....E.
00011db0: 0fba 31f7 9427 e2c7 e208 f8f1 ea2f ecd2  ..1..'......./..
00011dc0: 1a39 21f3 cd03 22d7 f603 28f4 fec6 153b  .9!..."...(....;
00011dd0: ee7f ecf7 f8ef dd25 eefd 2005 f343 e9db  .......%.. ..C..
00011de0: 9e31 445c e3e1 d830 e6e3 c03e 24fa 239d  .1D\...0...>$.#.
00011df0: 0408 5809 ec23 e8e6 0d07 1bbc 6603 19f8  ..X..#......f...
00011e00: f30c f9e8 28d6 c3ed c28d f0e8 25f0 c2bc  ....(.......%...
00011e10: 17d6 3903 190a f02b 26b1 1736 0614 b405  ..9....+&..6....
00011e20: 8132 e3d5 f612 169a 36c1 e794 f012 e22b  .2......6......+
00011e30: d704 b8fa e01b f5fb 3430 030e d8d6 cacb  ........40......
00011e40: 0df5 c255 f422 2518 4d3a b8de 0f24 e1b0  ...U."%.M:...$..
00011e50: ebe5 10ca f4b1 21ce de02 cdcc 20ed 1ce6  ......!..... ...
00011e60: f42f f8de 0cdf 36ec b859 36ec cc44 e636  ./....6..Y6..D.6
00011e70: 0405 d7a9 dd81 be33 d7c9 d2e2 17f8 e5b0  .......3........
00011e80: 4e22 f464 b41a 3f17 f306 2c08 00f9 2e3c  N".d..?...,....<
00011e90: c349 f40f cae2 ced9 eecb 1c16 0108 57ed  .I............W.
00011ea0: 8712 533f 1305 f511 b0da d855 3d0b 0f92  ..S?.......U=...
00011eb0: 2c20 7fca c505 f013 bacf d5c4 0126 2323  , ...........&##
00011ec0: 0dbb 25f0 d114 35e8 8cf2 03d7 f7d4 ea33  ..%...5........3
00011ed0: fd5a c1e6 e747 a12a 38f1 3c52 dee5 2223  .Z...G.*8.<R.."#
00011ee0: 0fed d87f f3dd d836 c8cb e151 0fef 07a3  .......6...Q....
00011ef0: fe3d 485b 011f e3dc 45f8 820d 9ab1 4698  .=H[....E.....F.
00011f00: 3ce9 26cc 8919 7f3b e354 21ee 2607 0cc5  <.&....;.T!.&...
00011f10: e02b 44f9 fff4 f9e3 c50f 27dd 16ab f0a5  .+D.......'.....
00011f20: 39fc 44e4 eac0 0a00 e014 6bdd dbf5 dc17  9.D.......k.....
00011f30: f350 4c9c dd99 0268 3804 e627 9b8e e4a1  .PL....h8..'....
00011f40: 23dd 3d69 0410 1850 91e4 ece7 2617 8198  #.=i...P....&...
00011f50: ff39 dcaf 15d5 cd0d e7aa 16fc be01 26f9  .9............&.
00011f60: ae44 3801 bb54 0b8f f3e5 e588 0221 09fc  .D8..T.......!..
00011f70: fa56 4fb4 9ae0 010b d9a4 8166 efc1 681b  .VO........f..h.
00011f80: f8f8 3fbd 21c5 5038 1c19 5af4 1dfe 2402  ..?.!.P8..Z...$.
00011f90: 1adf 2848 b930 55e9 00ef 43f7 d04e 08d3  ..(H.0U...C..N..
00011fa0: d235 def2 a9d2 040d 55a3 bde7 dcc9 dd54  .5......U......T
00011fb0: ffce d8e6 f154 cdd5 aa25 7fee 0555 ecca  .....T...%...U..
00011fc0: 01b6 04db e3b5 f4e8 dbd4 5c20 b8a4 9e32  ..........\ ...2
00011fd0: 4a77 e7d7 452b bc6e 2639 f5e9 e309 fb54  Jw..E+.n&9.....T
00011fe0: 12fe f144 bb06 f0f2 1bd2 c8de 13e5 1cc4  ...D............
00011ff0: 1112 6c73 d70c f2be 0812 5b36 1332 f902  ..ls......[6.2..
00012000: f241 f512 ce1a 2108 7fdd cc1a b914 f0ee  .A....!.........
00012010: 0325 fb22 f1cd 1e2a e929 d3ee 182f 1be5  .%."...*.).../..
00012020: c41d ddf3 db19 2de9 fe32 aae5 f846 e907  ......-..2...F..
00012030: ffe7 07b6 e0fe d5e8 c01a 7981 335d a2b7  ..........y.3]..
00012040: 37d8 a7fa ce24 a2df ccf3 11eb cda4 cf35  7....$.........5
00012050: e942 13c3 24e5 9f33 0920 ef0e 11bd cc1d  .B..$..3. ......
00012060: eaeb 5149 17df 02fa e85f 140c 36f0 1eb2  ..QI....._..6...
00012070: d9f6 552c e0da eb0e 280c 031f cb2d ec40  ..U,....(....-.@
00012080: d8fe 03b9 1818 4edf 29f9 f22b 0522 f233  ......N.)..+.".3
00012090: 2ff5 dae3 fb34 082d 0c41 0802 14ed ed31  /....4.-.A.....1
000120a0: 7fe9 c4df 21e3 f054 1005 1df9 f1ff 0524  ....!..T.......$
000120b0: f33e c564 20d1 01e7 fbfc f249 edad 29ed  .>.d ......I..).
000120c0: 0122 3e0c 35f0 e2f1 2001 4a23 3e19 37f9  .">.5... .J#>.7.
000120d0: 1db9 363c faf0 7f01 dbf3 01ec cf44 c4fb  ..6<.........D..
000120e0: 052e c3a2 b20d 06c7 52ae d4de d9ec eb6d  ........R......m
000120f0: 25a0 b8d4 f528 03df 0548 7f99 4b72 b919  %....(...H..Kr..
00012100: 17e5 a5d7 f326 e50c 6aac b72b 9fd7 fc48  .....&..j..+...H
00012110: 38ca 00d0 21e3 f61a 0c77 b2f2 5be5 d8fe  8...!....w..[...
00012120: ce59 1710 f7d5 e61f 0a40 51d0 2230 0b07  .Y.......@Q."0..
00012130: b7be 173f eae1 bde0 2640 2b03 2b0f bd81  ...?....&@+.+...
00012140: dd1e ae56 fbe8 edd8 0926 f119 e811 a3f4  ...V.....&......
00012150: 2dd9 20d5 00a2 1cfe eff2 a3f6 07cb 1416  -. .............
00012160: e515 de1e 1a0a 18b2 f934 10d9 f942 11ef  .........4...B..
00012170: dfc8 f3c7 d5b1 f3f3 17f7 a241 2bde f46e  ...........A+..n
00012180: d154 4a64 e82b 10ef 5d39 d0f6 325d 2fe7  .TJd.+..]9..2]/.
00012190: b3e7 e94c 9df0 27c5 ebc0 f929 eb47 7fea  ...L..'....).G..
000121a0: c1e5 d1f9 4917 222b edaf 8e17 4327 c733  ....I."+....C'.3
000121b0: 6509 fa39 23fc ed03 0252 4bd9 0c34 8359  e..9#....RK..4.Y
000121c0: 1d47 2d2a 0561 bee5 59ee 8129 1b2e 28d5  .G-*.a..Y..)..(.
000121d0: be04 3cc7 b6fd 0ced e4e3 ceda 4de7 12f0  ..<.........M...
000121e0: 0003 d7e4 2e10 2f1c d92a faec 2444 f728  ....../..*..$D.(
000121f0: 1fe1 fd18 11c3 cefa 0df5 2ca7 e017 fbe6  ..........,.....
00012200: 35c5 e52a c819 f0ce 0dd4 d2f1 0a38 fe51  5..*.........8.Q
00012210: ed00 b481 36bc bdc3 ec0a bfa7 0aa3 2f11  ....6........./.
00012220: f930 0ec5 0022 02dd 13ec 27cc 3536 d020  .0..."....'.56. 
00012230: bbea 7a19 f4dc 1ac7 271d 115b feea 3cc2  ..z.....'..[..<.
00012240: 02d7 1cd8 f91d eefc ea43 59e1 12e3 ff1f  .........CY.....
00012250: e644 1901 a9d0 e66f 1a1b f9b3 e47f d7b6  .D.....o........
00012260: e82d 0432 ea12 dade 1b0a deee d805 c4d2  .-.2............
00012270: f6c4 27df c5f3 bdc9 0f1d 13c8 1ce9 edc4  ..'.............
00012280: d4c3 f3e7 e646 0e20 2cf3 ef17 4e50 a5fa  .....F. ,...NP..
00012290: bba7 e856 04bf 1bf2 180e 1cc2 eaf5 05ce  ...V............
000122a0: 29c5 21fa f046 befc 59fa 150d d47f 0e19  ).!..F..Y.......
000122b0: ea96 b8dc ca45 b540 1c62 2081 1c34 b9cc  .....E.@.b ..4..
000122c0: cdec d9e2 defc eb2b 0bf6 d22e 48f5 a9af  .......+....H...
000122d0: c0fa e71f 2103 f604 20ff 23fb fcd2 e5f4  ....!... .#.....
000122e0: e5e9 0605 0207 1505 3df8 fa0a f951 0adf  ........=....Q..
000122f0: d6ed f434 f914 ea49 fdf4 4681 201e e1f0  ...4...I..F. ...
00012300: 1c15 fc32 d2e7 fad5 d1e1 e6f5 f6c8 1729  ...2...........)
00012310: 0722 08be 0ee0 def5 da1e 04ef 33e6 2d22  ."..........3.-"
00012320: d626 f926 ef0e 130c d410 332e 44f8 fabf  .&.&......3.D...
00012330: 1705 3b2c 1504 14cc 0802 1f37 ff03 0cc9  ..;,.......7....
00012340: dad4 fa04 f11c 0921 15de 0c11 1811 c418  .......!........
00012350: f4e3 1309 ebb6 1911 e5ec f6d3 c61b 12ee  ................
00012360: 1ade 23e9 1c64 c6a5 47f1 e8e1 fa7f 0c20  ..#..d..G...... 
00012370: f5a2 d6c8 a4ec e928 0111 069a 2540 deea  .......(....%@..
00012380: c64b 1ff9 bdb2 ef9c 81ea 2df8 f6a2 03ff  .K........-.....
00012390: 0d5c 23e2 f31d e53b 0ef0 1649 27ef 05e2  .\#....;...I'...
000123a0: d74a ff57 f999 2a16 cdf6 ef4f 2309 fca3  .J.W..*....O#...
000123b0: f51b 3f0a 14f3 00d0 0e2a 19c2 064b bff2  ..?......*...K..
000123c0: a730 f31a ce01 05b5 8f26 20f0 f6d8 d600  .0.......& .....
000123d0: 0951 f4d3 1622 b82d 482d d33a 01f4 cc07  .Q...".-H-.:....
000123e0: fd1a d638 2881 0e14 dd08 032f 2fef eeae  ...8(......//...
000123f0: dc75 5924 f0d3 10ff eeea 25f5 e5d4 07e3  .uY$......%.....
00012400: 15e8 9721 bd7f f21d c220 05c6 fb3a 615a  ...!..... ...:aZ
00012410: 06c8 e0ee 0da3 d6e7 e65b 9bbe 0142 3721  .........[...B7!
00012420: fe17 0c1a e122 b91d 1814 2b02 1bdf 0000  ....."....+.....
00012430: ee38 46de 970d d3e0 e7cb 7fbc 114f 151c  .8F..........O..
00012440: 29fb 0c37 df10 01d1 e2ac e03f 98eb 0b30  )..7.......?...0
00012450: 5a2f fda3 f62b ccfa 263b dbfe 38a7 5922  Z/...+..&;..8.Y"
00012460: 0629 ee35 17cd 2b38 fb2f 3302 650a 431a  .).5..+8./3.e.C.
00012470: d91f 4844 ff16 18ac e8f8 f9e3 1a33 17fe  ..HD.........3..
00012480: df08 24e0 e5f6 e9b1 e1e1 2506 1795 0ff8  ..$.......%.....
00012490: fa75 1f18 d950 e844 17b0 1d5e 29d3 36b7  .u...P.D...^).6.
000124a0: fe0c dd30 55ed 3d23 b502 d67f f730 04b6  ...0U.=#.....0..
000124b0: 2b0a 0555 21ed 1fc4 0746 13e6 05b6 06f2  +..U!....F......
000124c0: eedb 28da 50de e07f 6413 d62d 16ee 99a1  ..(.P...d..-....
000124d0: aacb d760 050f 11e5 16b8 18de f40f e60f  ...`............
000124e0: b30d 10c4 fb3b eadb 22f4 e4e9 ef28 fa23  .....;.."....(.#
000124f0: 03ea cc39 1d4f 0266 fbe1 bb3c d8d9 281b  ...9.O.f...<..(.
00012500: f9ea 01cc 2f0d 1b0e 43f0 05fd 0d2f fac4  ..../...C..../..
00012510: eeb8 ed4e e5fd 2701 fee5 0f0f bf0d fdf6  ...N..'.........
00012520: 0bc6 f2f0 db2a d0d3 0dc9 e3d5 c7fe fe43  .....*.........C
00012530: 1e9e 81e4 fc15 da2c 1334 fd83 0118 cbf0  .......,.4......
00012540: f8d5 bbe2 03fb d327 28e7 aa33 5527 afac  .......'(..3U'..
00012550: addf bf26 3bed 1de4 2608 4ecb f6a9 b932  ...&;...&.N....2
00012560: c4dd e005 d205 0b07 34e6 22cf ed16 2e0d  ........4.".....
00012570: ccf3 e17f 0f45 162b 50dd 0203 04cf f912  .....E.+P.......
00012580: fc02 9e26 f83b f15c 2cdc 813d fe6b f0f7  ...&.;.\,..=.k..
00012590: fac2 eed6 0ca0 06a7 d7e9 b2c9 f8cf 1538  ...............8
000125a0: 1dcf f8e9 3658 f1da fc14 35b0 163c 221e  ....6X....5..<".
000125b0: 041a f720 e2b7 ec1a 181c 168c 2254 c1ee  ... ........"T..
000125c0: be55 0de6 b7ab e5b1 b7ba 3122 f6ad e9f3  .U........1"....
000125d0: 155b 07cd 0f2b d227 15f0 154c 20d1 f7eb  .[...+.'...L ...
000125e0: d84b eb3a 0481 2512 d3db e140 3628 d6a0  .K.:..%....@6(..
000125f0: da16 572c 13d4 ffd7 ce0b 25b3 e655 02fe  ..W,......%..U..
00012600: 44b9 c644 fe2b ecd7 1de7 e2fb dce4 eb75  D..D.+.........u
00012610: 183d c584 38d4 acc7 bf3b 0cd9 0181 1168  .=..8....;.....h
00012620: e6d2 d5ec e606 242b a51a 47fd 4be9 19f0  ......$+..G.K...
00012630: df27 4e61 f204 3de3 5617 d035 cbaa ecfe  .'Na..=.V..5....
00012640: 1b30 97fb c0f2 377d 1b5f e003 ee36 228e  .0....7}._...6".
00012650: 1bde e2fd eadc 23a5 d44f baf1 e63d d33e  ......#..O...=.>
00012660: 3d04 2e46 00aa ec15 db0c 1ec9 e5a0 d5de  =..F............
00012670: 425d 1706 ed81 e727 fa56 0aa7 4b52 1ffe  B].....'.V..KR..
00012680: de4d d246 15c0 c0bc 3122 f958 181e fefd  .M.F....1".X....
00012690: 0028 4fcd 5c28 23de 2aeb d4cf f1c1 df7e  .(O.\(#.*......~
000126a0: f11f a0bd f204 62e3 10bc 12ce 191b ff46  ......b........F
000126b0: ef11 037f 2113 4ad3 f95e 7b8f fc7b b490  ....!.J..^{..{..
000126c0: ecc6 ec1f 05fb 9b0c d91d 020c 29eb 9e48  ............)..H
000126d0: c838 38f0 18dd 812f d4f2 d2f5 0ac2 e237  .88..../.......7
000126e0: fdc3 1a2b 1a08 ddc7 cd3a 116d fd33 0dd1  ...+.....:.m.3..
000126f0: cbe3 32d3 da12 0111 39ee 29f9 3323 ddec  ..2.....9.).3#..
00012700: d600 fe30 42fa eb2d fcf3 ae18 d2f3 e249  ...0B..-.......I
00012710: 1aa7 faf5 96c5 c0ce 0cee 024e f3f7 fb1b  ...........N....
00012720: 2bb6 321a 7c27 0aea ff7f 35f3 1838 34de  +.2.|'....5..84.
00012730: 0416 8235 1d92 ea32 66d6 df1a d2af 13f1  ...5...2f.......
00012740: b508 110a 151c fb05 1d14 050c 555e 15d8  ............U^..
00012750: d381 2343 f0a3 64db e7e0 d1c2 c74e f1c1  ..#C..d......N..
00012760: 1ae3 25eb e85d cace 3dcf e4b4 db43 f957  ..%..]..=....C.W
00012770: 1aaf aa91 d83c c717 08fe e3ec cfdd 0b49  .....<.........I
00012780: 27e9 f3ca f9cd d830 33b9 cafb 3bf8 20d6  '......03...;. .
00012790: f0de 1b7f ed22 4314 f1fa 3f16 1403 fff6  ....."C...?.....
000127a0: 2ded 0113 d43d e93e e6eb f431 b816 16f2  -....=.>...1....
000127b0: 14bd 8ef7 1a27 1af7 c900 cc7f eae1 ff1f  .....'..........
000127c0: 2bcb efdd 3c0a 0865 69df f61b e71a beec  +...<..ei.......
000127d0: 0deb ce3c f60e f8f5 00d9 1017 c3cb ef39  ...<...........9
000127e0: 3584 07bb 3b26 dce4 c5fe e4da d9fe 123f  5...;&.........?
000127f0: 08ee b01d 03d9 2c36 3b2a 32d5 112a 50eb  ......,6;*2..*P.
00012800: a30f 30f8 dad7 ddae d8ba 5f12 06da 002d  ..0......._....-
00012810: ff2b 5adb ebac 176e d5c5 edcc 3115 1281  .+Z....n....1...
00012820: f14f 11d8 2268 12d2 0506 e325 0a74 faf1  .O.."h.....%.t..
00012830: feab fdb5 04d1 fcd7 d306 d4ce ef1c fed9  ................
00012840: 37cd cc04 c627 1600 45f5 27ed 3b1a db0b  7....'..E.'.;...
00012850: ed34 ce21 e634 f3f3 d50d e52e 09d9 6953  .4.!.4........iS
00012860: 7fea b8fe 1a3a 0814 e7f8 1543 1e2a b5f5  .....:.....C.*..
00012870: fceb 2345 baf3 1511 f849 fae7 280e c300  ..#E.....I..(...
00012880: e310 eedd 1ccf f443 18f0 d118 f0be 9881  .......C........
00012890: f70c eb1d 0142 f111 53d2 0a46 fee1 e4f9  .....B..S..F....
000128a0: e9f9 0903 2ae8 14e8 f822 d8f9 f821 14c6  ....*...."...!..
000128b0: 040f d151 39e4 024f 2e3c 2a81 122a a9c3  ...Q9..O.<*..*..
000128c0: b120 eedd eec1 d20a d2d7 fd29 29d8 b5c3  . .........))...
000128d0: cbfb f925 1a11 0d13 00e4 1618 2fc6 01f5  ...%......../...
000128e0: e909 1a32 ffeb 10ee 30e6 e113 223c 07c7  ...2....0..."<..
000128f0: efd4 fe2c 0a15 e912 e1dd 0243 cd08 6313  ...,.......C..c.
00012900: 54ce 243e 3234 0ece 35cd 06cf f0aa 377f  T.$>24..5.....7.
00012910: 1f25 edab ece9 cadb 90d9 39f9 14ac 25d4  .%........9...%.
00012920: 3a99 08ae 104f fa14 a438 fe0e 14ef 382d  :....O...8....8-
00012930: 15fe e1b6 1905 39fb ca23 ec7f 1e0b 1737  ......9..#.....7
00012940: fd06 32c0 3eed 2934 41ef 1712 bee4 c5db  ..2.>.)4A.......
00012950: 2917 fa18 e265 ef41 49ce fa48 e10f eed9  )....e.AI..H....
00012960: 16f3 02c0 51ef 15fa ec01 c2f7 eafa fd0d  ....Q...........
00012970: 0035 d10a 21cb 0f2b dd04 4786 242b e7e4  .5..!..+..G.$+..
00012980: 2aec c611 c5f5 cbcb 8ee5 f8db f0de e537  *..............7
00012990: 1236 eba1 1b06 cc0c 113f c50c 17d1 0528  .6.......?.....(
000129a0: ff1d 0844 f6e4 11f9 d61d 4011 47ea 0aa8  ...D......@.G...
000129b0: e10f 7f4f e2cf 12d1 1215 fe51 f9ed 1b01  ...O.......Q....
000129c0: 1fe1 b52e cb7f fe45 0d5d 13f9 074c 271d  .......E.]...L'.
000129d0: f425 d9ec 140d e605 382c a4d6 0217 0627  .%......8,.....'
000129e0: 0f1d f121 4710 f019 04f6 40e4 d7f3 04e8  ...!G.....@.....
000129f0: 0c52 2b2f 9d8e 0b0d db44 23b8 234f eb01  .R+/.....D#.#O..
00012a00: e5fe da0a b6f8 18c1 efd2 eaf9 d1b4 aa12  ................
00012a10: 0e63 cfe5 1e4b c732 4b14 f563 29be 271f  .c...K.2K..c).'.
00012a20: 0ef6 eb2c 41cf 0b2a b523 f946 2d28 2481  ...,A..*.#.F-($.
00012a30: d32c 3661 13da 1ceb 3564 0505 ed28 fecc  .,6a....5d...(..
00012a40: a4e4 e5ed c30c db81 fa58 5bef 1eea e308  .........X[.....
00012a50: 031c 2c1c 14e2 f275 02ea 98e3 0926 daba  ..,....u.....&..
00012a60: 3f19 cbe7 25ec ecc8 e914 d7f2 d945 d4e6  ?...%........E..
00012a70: d2eb 18c6 bdd2 24fa 0d1c e529 e9ef f9c9  ......$....)....
00012a80: d8d2 12d3 fe00 2e4b 5baa ef19 3023 88e7  .......K[...0#..
00012a90: e4cb d859 fae2 2b2c ebdd 4bee d9e4 eed7  ...Y..+,..K.....
00012aa0: 21c9 31d8 e65b caef 2fe7 d611 d37f 1c13  !.1..[../.......
00012ab0: e883 9adf fa45 0036 f7cb ef7f 06ba 4613  .....E.6......F.
00012ac0: 4213 5821 40fb 670a 1ef3 10d9 c9bb 3c58  B.X!@.g.......<X
00012ad0: 2ee6 e504 ba2c f116 ecfe 3215 3cfa 32bf  .....,....2.<.2.
00012ae0: 6609 10fd 2c1f 0020 d15a e934 fbd2 1001  f...,.. .Z.4....
00012af0: 27fd d7c8 54e0 20e4 292b 2981 1b1b 17eb  '...T. .)+).....
00012b00: e650 0be9 c1b9 ebdd 03f4 3f19 33b7 1ad4  .P........?.3...
00012b10: f20c 3e23 0d16 3f18 d005 f40a 1b12 20b5  ..>#..?....... .
00012b20: fc43 492c a61e 051b 19e4 dd2e 3214 16db  .CI,........2...
00012b30: 28e3 2ef2 132d dde4 ec18 ad7f f6c7 3156  (....-........1V
00012b40: 1712 1f0f 4efa 0204 3212 e800 1e1e 0fa0  ....N...2.......
00012b50: 2808 2118 e94e 3ef4 ffb7 022a feec 1911  (.!..N>....*....
00012b60: 2b0f c5cc f4fd 2c0c e9db f5e2 cef4 2629  +.....,.......&)
00012b70: 4423 c427 0604 13d7 f7e2 da7f dfe0 1d18  D#.'............
00012b80: fdea fdf3 2b1a 1b3b 3cf9 f70a 0a1f f5ea  ....+..;<.......
00012b90: 07ec c633 ce00 00f4 d8f0 f40a c715 090d  ...3............
00012ba0: 55ae fde5 2941 d9da d207 e207 f11c df1c  U...)A..........
00012bb0: 3af0 b800 01d3 0ffa 2417 d030 111b 213b  :.......$..0..!;
00012bc0: d044 e621 8145 d9f5 cbf2 3509 1409 7b0f  .D.!.E....5...{.
00012bd0: f76b 5dbd 3d1b 12f5 1dc2 0aee f4e8 e4c9  .k].=...........
00012be0: 8b4d c8d7 50c0 3238 c88f f20e 1024 09f1  .M..P.28.....$..
00012bf0: f06e 6523 a3c2 09bd 07e9 0dad 2818 c522  .ne#........(.."
00012c00: 0612 d03f d91f c6f6 16ec ac46 2a34 1df6  ...?.......F*4..
00012c10: cd06 22ef dae0 1e81 ac08 e0ef 24ad 3e2c  ..".........$.>,
00012c20: b3de befb dd2b 2dea 02f3 3309 290d 1621  .....+-...3.)..!
00012c30: 13e4 f931 effe fee5 3c4e 559e 2af6 f89c  ...1....<NU.*...
00012c40: aea6 9bbb 2112 c541 bb23 dc0c f527 8109  ....!..A.#...'..
00012c50: a8c3 ce0b f6b9 c95a 5b0e e0ad e525 bb1d  .......Z[....%..
00012c60: 10da 2d30 f50c b9d5 6a22 15a2 e631 fbca  ..-0....j"...1..
00012c70: b2ec 0434 e9e7 e553 c026 bd4a 1803 1f1b  ...4...S.&.J....
00012c80: e9d2 55b9 4fcc 332a 29e3 0e1a 19de 96c5  ..U.O.3*).......
00012c90: 07f9 0b6a fe7f 4334 31cf 5a24 dffd f0dd  ...j..C41.Z$....
00012ca0: 07e5 0fd4 ed16 2106 55d9 bcf0 f718 3c3a  ......!.U.....<:
00012cb0: f4f3 971d 205d 1633 0161 eeb6 121a 8107  .... ].3.a......
00012cc0: f8f2 e6c2 24c0 0a1d 33df 0bee e0c7 9395  ....$...3.......
00012cd0: 0e21 ddfb 0d3c ce3b 6902 63f6 a72f da3a  .!...<.;i.c../.:
00012ce0: ee40 e416 e5ab 2522 1c19 95e7 f4eb d2d8  .@....%"........
00012cf0: d537 205f 2f11 e338 1d20 0440 ecbd fff1  .7 _/..8. .@....
00012d00: ca34 1407 1ce3 1304 f667 27cf 0ef5 27cb  .4.......g'...'.
00012d10: fab9 2725 f3c9 3113 1214 d7e2 e87f c6ec  ..'%..1.........
00012d20: f93e ff0f d9c3 09d0 441d ebd1 e4a1 ea12  .>......D.......
00012d30: 30fe efae ff24 e812 0847 40a3 3e3e c0d0  0....$...G@.>>..
00012d40: a22a 20e7 fe94 d4c9 e6a7 d516 f081 a2a5  .* .............
00012d50: ed25 402f f420 e446 13a7 2365 31c2 09f4  .%@/. .F..#e1...
00012d60: db13 fe21 310d 00d9 d315 ce44 f771 0797  ...!1......D.q..
00012d70: 0dc8 c62f 3aea 1c16 00ed cd7f dfbc 3324  .../:.........3$
00012d80: f108 1cfd 2721 0d0b 0e2e 1ff1 fd31 19fb  ....'!.......1..
00012d90: ffdd 0538 e601 1dff f1f5 e3f3 d551 f7fc  ...8.........Q..
00012da0: 18e4 00d8 0c0d f2f6 10e6 d5dd dde0 0243  ...............C
00012db0: 1c0c d0b8 eb0c f203 2add e344 fcb5 3da8  ........*..D..=.
00012dc0: c4f1 fe4b 3aa1 93d4 c2c6 e8ff e888 1af7  ...K:...........
00012dd0: 3841 1a0f dbfb f33b f9ac 016e 2781 48f5  8A.....;...n'.H.
00012de0: 4107 b745 1f22 2094 8447 2411 c002 f8a7  A..E." ..G$.....
00012df0: 01e4 e30f 2ebc 7aad 302d 2781 212e d0b9  ......z.0-'.!...
00012e00: c929 f8f0 d6c6 d0d3 9fed 2a06 05b0 d3fc  .)........*.....
00012e10: ec23 21df 09d7 ea23 01fa 040c 1bf3 e0da  .#!....#........
00012e20: d531 1032 01db 0ddf f20f ff2b 1b21 e7a4  .1.2.......+.!..
00012e30: efff 33ee 19e4 f202 d5f7 09ea fc4d f819  ..3..........M..
00012e40: 1b49 26e8 08e3 270a fcb0 f8d5 d3d8 d3be  .I&...'.........
00012e50: 2b29 d7e8 ee4f d801 1614 135a fa32 1018  +)...O.....Z.2..
00012e60: b43d fa31 c3c0 050c 811e d909 0bdf f6ec  .=.1............
00012e70: 3005 dc08 2040 d4bf e70d 4e96 075f 1bf5  0... @....N.._..
00012e80: 382c 1118 9ed1 13de ffb7 1802 d2aa 0f26  8,.............&
00012e90: 1a46 1581 13fd d110 d10f 1628 09f9 16e7  .F.........(....
00012ea0: d522 4404 0cfb 0118 9030 e83d 3017 eba2  ."D......0.=0...
00012eb0: 0c2b 7102 3ec0 18c2 efd9 30e2 0928 1006  .+q.>.....0..(..
00012ec0: 3de6 fe4b ef2b 07c9 fbde fb17 e4df 317f  =..K.+........1.
00012ed0: 2c2e ee9d 0bf8 cae6 c108 06e8 1ec2 3206  ,.............2.
00012ee0: 0ef7 f8f4 1823 1816 bc46 272c 370c 14f4  .....#...F',7...
00012ef0: e517 3901 01ec 2dc8 2806 d20f d1f0 f813  ..9...-.(.......
00012f00: e0db 27e5 162b d64c 49df e249 584d c0c8  ..'..+.LI..IXM..
00012f10: daea f445 1a07 3bc5 c1e9 14db c4da 1ad5  ...E..;.........
00012f20: 43b7 45b5 337f f9fc 62d2 e6c0 0548 4169  C.E.3...b....HAi
00012f30: f7dd a0d4 d233 ee57 16dd ce7f e594 5429  .....3.W......T)
00012f40: 0208 22fc 3908 1d09 ef30 18e0 062b 27e6  ..".9....0...+'.
00012f50: 07c1 0a08 d4f4 2514 f7f2 f1d6 cf72 e0e0  ......%......r..
00012f60: fa17 1709 d628 e6f0 2cef c8a8 d3d5 0538  .....(..,......8
00012f70: 1a08 d7a1 d614 cff2 fdd9 3681 1114 fa01  ..........6.....
00012f80: 23e7 ee15 c913 e105 e1ea d6f2 fd2c 0921  #............,.!
00012f90: ed00 f1b3 0af1 f9cd dc1c e7d0 f60f 4ef4  ..............N.
00012fa0: 1bf2 2ff3 f752 0908 3ff7 2bf3 5121 0b0e  ../..R..?.+.Q!..
00012fb0: 05f8 300c d8f3 d2f5 f708 13f3 dc1b b8e3  ..0.............
00012fc0: efd5 a9cb ca16 5336 7fdc fff0 0701 a814  ......S6........
00012fd0: f2f4 a6d3 f5c0 ac33 2e30 e000 c91c 31c6  .......3.0....1.
00012fe0: 27c2 4711 0c32 a918 d746 b900 1bf4 d0e4  '.G..2...F......
00012ff0: 04fe 200a 0db5 ce46 ee01 d37f eed0 4121  .. ....F......A!
00013000: ef1a 3ae8 22ef 3406 0e2a 32e0 e6ee 22df  ..:.".4..*2...".
00013010: 200b 0a2a cf2b 1322 0fef 011c e360 f7db   ..*.+.".....`..
00013020: 0e15 fc0c f9e9 0205 13e7 bff7 ebca f80f  ................
00013030: 2922 ead2 fc0b f100 e121 0715 0f28 d50e  )".......!...(..
00013040: e824 29c7 0ab2 0915 36e7 fd0f ffcc de81  .$).....6.......
00013050: 09e8 ee35 ed5a 4115 3606 0552 16fd ffd7  ...5.ZA.6..R....
00013060: ff1d 0214 0ad7 200d 2714 d50d fdfe 02fe  ...... .'.......
00013070: 2ef3 d122 3b1a fc21 ddd4 33f0 191e 02e7  ...";..!..3.....
00013080: 33e1 0448 05e3 19d7 ffec dcfc e3ca 087f  3..H............
00013090: 1219 eabe fad1 bdfe d011 28f8 2dad 1b39  ..........(.-..9
000130a0: 25ef e612 f518 f8f2 b831 302c 2a04 0ede  %........10,*...
000130b0: fdf8 281d 26e4 39db f821 2f81 2551 c4e1  ..(.&.9..!/.%Q..
000130c0: fb08 cc2f cefd d5c9 e0eb cf19 e1ea db05  .../............
000130d0: f622 07c9 3216 e803 1105 d904 1ab8 f223  ."..2..........#
000130e0: ce19 ea0d f5e3 30fd ed05 25f1 130c 21df  ......0...%...!.
000130f0: d214 4744 fada 15ef f928 25be e121 0019  ..GD.....(%..!..
00013100: ff57 4cc6 a6e1 099c b4e9 0fff efc6 3618  .WL...........6.
00013110: ce1d 05a2 2d2c c1fb e304 44e4 1e2b b1d6  ....-,....D..+..
00013120: 8121 edf0 f5c2 0414 9bad 1259 223d 14d6  .!.........Y"=..
00013130: 0c1b 58ff b7c5 3003 37c2 33b0 0fd5 f32c  ..X...0.7.3....,
00013140: 2130 d535 cb1e cd1d de1f 97f1 fe60 57c7  !0.5.........`W.
00013150: e4af 01aa fac7 0e81 e021 9cd9 19fc 3332  .........!....32
00013160: f015 f302 f200 0231 02f7 36cf 1dec f432  .......1..6....2
00013170: 503f 1402 e7c8 bfda 2a26 c97f d8a8 1af3  P?......*&......
00013180: dde9 1be6 3df3 1041 3325 36e8 1d19 df9e  ....=..A3%6.....
00013190: 0692 146c d601 5425 25d1 d61d d053 f6b4  ...l..T%%....S..
000131a0: 2500 26d8 0b28 ecb6 31ff ddd5 ae0e f531  %.&..(..1......1
000131b0: 28c1 94b3 e707 104d 17f6 55c5 071f e509  (......M..U.....
000131c0: 3119 990d d772 cfd6 0f55 d6eb ed20 5247  1....r...U... RG
000131d0: 17ed f79f f1c0 e5e3 0765 81be fa34 0758  .........e...4.X
000131e0: d511 040f 05f0 f93e db27 44d6 15db bc18  .......>.'D.....
000131f0: e721 2d2b bfde bba8 4d28 40a5 0a0b d8d9  .!-+....M(@.....
00013200: d6f3 0012 df0c c50f 1dc4 b726 5009 01d9  ...........&P...
00013210: cfc9 1c08 14aa 2cf1 bfea c7be 0d10 00c6  ......,.........
00013220: dd0f 10c3 d87f fdb5 5d05 1ead 344a 1b45  ........]...4J.E
00013230: 04a6 dceb d10e c716 fede 28f7 131b 1105  ..........(.....
00013240: 3ec8 d93f fe2a 0f0a 29c4 ed19 e0ee 0464  >..?.*..)......d
00013250: 22f6 caaf 11f6 cfde e1f0 fce3 2481 2c0c  "...........$.,.
00013260: 33ef f6d2 4341 0fff cb3e 3000 1114 161a  3...CA...>0.....
00013270: ff0f 1c10 00b6 1ad8 d539 34fc 2e51 979b  .........94..Q..
00013280: 089f 81c8 4c3e a054 350e 9612 df0b a14b  ....L>.T5......K
00013290: f1ce cc08 e399 af23 0923 bbfb f7a2 e465  .......#.#.....e
000132a0: de84 d940 6f62 b7ac af23 3b07 e112 07df  ...@ob...#;.....
000132b0: a5c8 b356 e698 c64b cfc9 164f f102 05d2  ...V...K...O....
000132c0: 0cf5 0821 fb00 03ef 3bd9 fa07 03ef da17  ...!....;.......
000132d0: 1313 fc34 f1ea f2fe b8d5 112b 08ba 1836  ...4.......+...6
000132e0: 23bb d61a e314 e6c8 a907 0638 db2d d5f6  #..........8.-..
000132f0: 1081 a5f9 f509 27e8 e8ea f0c8 2333 000b  ......'.....#3..
00013300: ef67 081e e2df e390 8a04 0e0a d7c1 1e1f  .g..............
00013310: 2863 1cd9 fb09 d001 09ea ee2c 11e4 0127  (c.........,...'
00013320: b636 9f29 1093 6207 c5e3 ff48 04d7 dcd8  .6.)..b....H....
00013330: 0b7f 354f 07cb 18a7 14d8 c517 ddd3 19ed  ..5O............
00013340: fcb2 ddd8 fc39 046f 7eb7 c446 4262 adf0  .....9.o~..FBb..
00013350: c4a4 d570 10e7 27af d0c9 42ea dcb0 0e07  ...p..'...B.....
00013360: 2681 26bc 1670 bfdb 21e8 1a0f b75e 1c50  &.&..p..!....^.P
00013370: e499 87ee f23d 026b ddff 0cc4 0f2d daeb  .....=.k.....-..
00013380: 0112 fa02 bade f6bf aaf8 24ed ddb5 04ef  ..........$.....
00013390: 1c5a fbdb 112f e21a 2811 ca48 42d2 1206  .Z.../..(..HB...
000133a0: ff3b e246 fd81 35ff c213 2c30 09d4 f0b4  .;.F..5...,0....
000133b0: c51d 461a f9d4 37df 3105 1ea3 f61e f5d3  ..F...7.1.......
000133c0: e624 0ef7 f3e7 d2b4 c0bc 1c16 e5cc d926  .$.............&
000133d0: 0c39 d7c3 ef01 bbf8 2000 3326 2dd1 f8e8  .9...... .3&-...
000133e0: e94f dc1c 3396 0614 f402 1d28 2546 c5a3  .O..3......(%F..
000133f0: 81fd 25f3 0ac4 fb11 fd2c 0990 ec3b 9c00  ..%......,...;..
00013400: 0e44 f70e bfd2 df3a 76e3 da2a 02c6 16ba  .D.....:v..*....
00013410: e8f9 2b30 0ffc 25ae af0d 3546 37d9 3330  ..+0..%...5F7.30
00013420: ac45 374d 81f0 bf3f f4f1 de0b 3109 feb7  .E7M...?....1...
00013430: 15f3 ba19 0d35 e659 32d0 03e7 f9cb 1a04  .....5.Y2.......
00013440: eae3 151a 1231 dc16 31fb c708 5269 fb0f  .....1..1...Ri..
00013450: b4a5 feeb ebb8 35be f0f5 ffba fb28 35c9  ......5......(5.
00013460: f5d0 1de8 fe7f eef0 4f12 10ef 0443 1e2d  ........O....C.-
00013470: 1fdf c6e2 0439 db25 00f5 e9fc f5cd f601  .....9.%........
00013480: 060f fb1d fdf4 10d0 a265 10af f3f7 48e3  .........e....H.
00013490: 05e4 17f6 eaf2 0a08 152f d2ee fc5c cb2a  ........./...\.*
000134a0: f242 ec4d c18b 1704 f300 08e1 0081 db00  .B.M............
000134b0: 261b 2fce ef05 e7d5 d8cd 4128 ee00 efef  &./.......A(....
000134c0: 39e3 f635 52fc 0743 5bbf bd15 e1dd 063f  9..5R..C[......?
000134d0: 31e5 0306 df98 c5c4 81e1 66e8 e3ca 097f  1.........f.....
000134e0: eabe ecfd ee43 b8bc a036 1935 0c29 f2ed  .....C...6.5.)..
000134f0: 2d8e b3ed 2818 4007 071d 07c7 1d38 e2ea  -...(.@......8..
00013500: 05fd af1b c738 e8c3 c50c 1a0b fc12 3345  .....8........3E
00013510: f42f 00bb 35d5 c906 0d10 e2e3 08cf e820  ./..5.......... 
00013520: e025 d2f6 1ad6 1a21 e5e9 270b fb0a 0aea  .%.....!..'.....
00013530: bf4f 7f0f d7c5 1ee2 d610 0988 2867 bd05  .O..........(g..
00013540: 1ac4 a108 e706 ebbb e0cb d227 f8e8 ac53  ...........'...S
00013550: 0057 d091 fd0f a21d fd04 4707 039a 084e  .W........G....N
00013560: d7d6 ca52 240c 271c b619 04de 310b 25c0  ...R$.'.....1.%.
00013570: ce34 1c7f 00ae eac8 d803 2346 12ed 0b02  .4........#F....
00013580: 0253 262f e7b5 23a3 f9fe 11e4 bac6 7feb  .S&/..#.........
00013590: 2e09 620c f538 0727 f11d d83c 377a 0312  ..b..8.'...<7z..
000135a0: 026a ce62 b4b1 1beb b322 f031 f0c6 ea02  .j.b.....".1....
000135b0: 6ada e6d4 fb00 f6ad f30c 1adb 140c ecd8  j...............
000135c0: 0616 ff02 b6c5 fad1 bed3 110c ff96 e0e5  ................
000135d0: ee55 1ee7 f32a f231 0fcd ea38 ecec 02d9  .U...*.1...8....
000135e0: b326 2658 e2d6 06ea b9f6 dc09 07e8 2f81  .&&X........../.
000135f0: df25 4922 dddf efdf 07fa 0255 f2ef 0005  .%I".......U....
00013600: 1ff2 ed06 f00c 2b30 7fdf ec2a 2b1c ddf2  ......+0...*+...
00013610: 1009 d90f df11 15e1 deee f4fa e2e1 1220  ............... 
00013620: 43e1 d8ee 1606 e3f0 e1fd 08fb ef26 bf09  C............&..
00013630: 24e5 e025 08c3 2fe8 15b1 ce02 0081 e8d3  $..%../.........
00013640: f55e 2df7 e508 f134 b0f1 1214 3618 35bb  .^-....4....6.5.
00013650: b2a1 2750 ac15 51b1 ade0 f72d 2111 18f1  ..'P..Q....-!...
00013660: 9646 f7f9 fbf3 f5fa 08d5 0b0b d614 e4ff  .F..............
00013670: 51dd a2b3 2001 c238 e7f7 3b81 232d d0fe  Q... ..8..;.#-..
00013680: 2cd9 b127 fd23 09fe fbe4 a418 eb1f d14d  ,..'.#.........M
00013690: f3f6 c0af fcbc d0f4 fc41 1da0 f0d9 ff50  .........A.....P
000136a0: e2d8 ea35 dd31 df25 ea1c 4bd5 3a0c 11ef  ...5.1.%..K.:...
000136b0: df0e 1868 fc05 ffcb f0f0 c77f ebdb 4f21  ...h..........O!
000136c0: 1d07 38ed 170c 2915 1c09 38ef 05fb 1f0b  ..8...)...8.....
000136d0: 1413 f80e df2d 0e10 f9f6 1403 f11e fbd1  .....-..........
000136e0: 22fc 06e7 0b0b f70c eff6 df0d ecee ff1c  "...............
000136f0: 1920 edda 09f6 10ed ff0e 6793 1757 ec0a  . ........g..W..
00013700: 2435 c33d 9b13 d6b8 c3c2 ef02 c5dc 3946  $5.=..........9F
00013710: 1757 2081 2af3 d8f6 ef10 c2f7 0ce2 3334  .W .*.........34
00013720: cb50 e43b f2f3 1bfe d4ee 02d0 7901 ffdf  .P.;........y...
00013730: b902 7d5e c2e9 0698 81f6 0a60 15f2 0b40  ..}^.......`...@
00013740: 7f98 e5d8 1e1c 3a61 5031 25be 0b19 da35  ......:aP1%....5
00013750: 0f2d a10d da2a c5be 0d44 1fe0 a5ec fe50  .-...*...D.....P
00013760: 37c3 a7cf ed05 ee3a d6fb 0c0d d29e d30c  7......:........
00013770: 554d 3566 0aed 3d15 fd04 2681 effc d4ce  UM5f..=...&.....
00013780: 0d4d ee14 9106 f0d2 e9da 0602 09ac 1b05  .M..............
00013790: e43f 0fe1 210c 02e1 ea4c e26d 2dc6 50f3  .?..!....L.m-.P.
000137a0: 0e32 023d facb dd16 c10a 1b65 1b17 f4c9  .2.=.......e....
000137b0: 10eb 6f26 f1e2 18f4 2532 fcb5 0b07 cef4  ..o&....%2......
000137c0: e225 1fc2 ecb8 e206 21c8 e715 34c9 e181  .%......!...4...
000137d0: ebfc 0935 1b2f 5118 05f2 1e0c 1df2 fbcd  ...5./Q.........
000137e0: ce23 150d bcfe ffe0 1bea dafb 0540 09df  .#...........@..
000137f0: 12bc e11f 243a fe05 5edd f2fd 1314 0105  ....$:..^.......
00013800: da0c 1495 34ec 0e10 7f1c 1136 3e1c 16e0  ....4......6>...
00013810: 10d6 33ec e4a4 37f4 e516 09ad e73b c298  ..3...7......;..
00013820: 2f35 1ada e445 a731 2a16 f1cc cfca ed3b  /5...E.1*......;
00013830: e1a0 bfda 3e19 af15 1db2 b827 cb96 3e29  ....>......'..>)
00013840: d118 6310 3c1f 17e5 f120 0ccf 4661 4512  ..c.<.... ..FaE.
00013850: c093 1537 b2e2 59cc bffe 1bdd 1550 0e9b  ...7..Y......P..
00013860: 2ffc 10d9 ca48 f428 48ff 01ff e402 0e50  /....H.(H......P
00013870: 38d7 a281 2479 e41b 1fd9 2c81 e923 dced  8...$y....,..#..
00013880: 131d ec13 b4fa e6e2 c3bb e215 f42b 142a  .............+.*
00013890: 1416 d69a 3af4 caa6 eb2f e8fd 0dd2 3515  ....:..../....5.
000138a0: e819 1203 0dec 13e0 14eb 1efb 5109 e8ef  ............Q...
000138b0: d825 6c2b e2de 05d5 d352 260a 2633 9ee8  .%l+.....R&.&3..
000138c0: ca1b fdbe 189a eb17 050f f20d be9a a09c  ................
000138d0: 1225 f519 0553 1657 7fff af7d f6fa df09  .%...S.W...}....
000138e0: 0709 1742 229c 1fea 1324 e3f2 22e3 f4cd  ...B"....$.."...
000138f0: 25f5 ef77 32de f617 27b6 c922 88c8 7335  %..w2...'.."..s5
00013900: 2018 7526 decd 59df 34d8 2124 3b3c 0dbb   .u&..Y.4.!$;<..
00013910: f7ea 011a e848 6fd9 b006 62cc d421 40f1  .....Ho...b..!@.
00013920: 2bfa f9e2 a415 f70a 6baa aee2 08ef 057f  +.......k.......
00013930: 3fcd 9fd1 ef38 f4c2 3209 ed81 ef12 cff2  ?....8..2.......
00013940: fd0c c408 e3fe ebf3 050a ad21 470b f2c6  ...........!G...
00013950: d6fe c8e1 38f4 1ae4 0a26 34d0 f3c1 cb2b  ....8....&4....+
00013960: d1fd e019 e418 0f00 2ed2 1fb3 29f6 2512  ............).%.
00013970: da25 0d75 eb27 0ef6 26fb 34a8 f8da 08d3  .%.u.'..&.4.....
00013980: 3829 6222 1ed6 f5d6 bd00 deb9 4a1c 5216  8)b"........J.R.
00013990: 07cf 088c 4699 30c3 e60d bedd 1a74 40fe  ....F.0......t@.
000139a0: 0c2a 0c0d c42e 1cc3 12de d787 32d9 cc1d  .*..........2...
000139b0: 07be 43d9 bf37 0b81 0fd9 ba7f dab6 5821  ..C..7........X!
000139c0: f40d 5320 0d1e 21fb 0e37 2afa 2f48 2612  ..S ..!..7*./H&.
000139d0: edcd 2c3b e108 57ea e4f2 ffce f76b 09dc  ..,;..W......k..
000139e0: 182b efc5 e124 03e8 56d5 e3e5 ebeb 0469  .+...$..V......i
000139f0: 23e3 bba4 e53e 02d9 1fe6 1781 5544 bd2a  #....>......UD.*
00013a00: c71c a80b eb3c dfbb a98e 912c ea37 e33e  .....<.....,.7.>
00013a10: f1cf e2bd e41c dd10 3dcb e82a 53a0 2ff1  ........=..*S./.
00013a20: 09cb 0821 511b c419 da14 2815 2162 25d7  ...!Q.....(.!b%.
00013a30: d813 f830 23b7 afe7 e247 7f9f 0257 a113  ...0#....G...W..
00013a40: 5c32 fa10 8dc1 0035 51c1 e214 06ad f1c6  \2.....5Q.......
00013a50: fd48 28ca 180c 1bdc ed27 d5eb 31fa 1c1e  .H(......'..1...
00013a60: e15e f72f 2019 10e9 b9f1 0d64 19f4 b1c6  .^./ ......d....
00013a70: 14e8 4b1c 04cb 0aff b21b 1723 eaa4 66ee  ..K........#..f.
00013a80: 53ad fbdc 1dd2 c41a e54f 4581 12ac edc0  S........OE.....
00013a90: 0554 fa0a 01c9 d5f1 f03c fbe6 b26a cf3c  .T.......<...j.<
00013aa0: 9811 0638 b601 fff6 ebd6 fd12 daa5 ebd3  ...8............
00013ab0: 47e1 3234 f358 f7e3 df42 5981 3160 0e01  G.24.X...BY.1`..
00013ac0: 4ce5 f70f df19 c0ea f7c3 2fe7 f8b5 e90f  L........./.....
00013ad0: 105a 03bd 0654 dedc e5ef d733 32b2 08f9  .Z...T.....32...
00013ae0: ad37 1023 29d0 3e1c b5f8 5572 14ee e2ce  .7.#).>...Ur....
00013af0: fbe4 3a4e fecd 0f10 0900 18d9 ef4d ee0a  ..:N.........M..
00013b00: 02fa 06f2 f469 14bc 5ed8 cf02 1d55 c71e  .....i..^....U..
00013b10: e4d9 caf1 cd0b e535 0919 eaf9 05fe 4fb7  .......5......O.
00013b20: f4be 0e52 e82c 9afe 252e dd17 147f 2d1f  ...R.,..%.....-.
00013b30: c4b4 e2e0 cc0a 9e0f dcd4 112d 0d42 1910  ...........-.B..
00013b40: e6f7 fbcf e0e2 621e 36ec f6e7 132f d823  ......b.6..../.#
00013b50: 45cb d114 cc7f 0c0c 1250 2e30 c742 f8fc  E........P.0.B..
00013b60: 2fdc ef25 f3d1 d61e 4af2 ee01 efec d3e2  /..%....J.......
00013b70: 2105 e22f f2db c7f2 6ee5 ce4b f6ef 0b49  !../....n..K...I
00013b80: c57f 2a1e ee09 ffd7 1ef8 0ce4 6b11 7ffb  ..*.........k...
00013b90: 111a 1dc8 c31b 1be8 d6ef 0d01 10fd 3198  ..............1.
00013ba0: 3733 d8ea 38d5 0a70 e1eb f91b e028 e612  73..8..p.....(..
00013bb0: 5b7a 07bb 0dea 03d6 eac8 f125 2cc8 737f  [z.........%,.s.
00013bc0: 1725 1dea dce5 4d1a 5d92 9d2e 3f3a 1ad0  .%....M.]...?:..
00013bd0: cdc5 cdfe b938 66a2 12d5 faeb 2fd2 40f7  .....8f...../.@.
00013be0: 0b17 af90 313d 11d8 0dd3 13f9 214e b245  ....1=......!N.E
00013bf0: 31c9 e346 52c1 fdce a345 7fc4 4c2d c08a  1..FR....E..L-..
00013c00: 25e2 b713 b5ca cae4 bc52 2bd0 e086 e234  %........R+....4
00013c10: e85e 351a 0be2 ae72 3d42 d401 f322 ea25  .^5....r=B...".%
00013c20: 04fe 237f ecd8 19f4 0d20 351f 3bcb f19d  ..#...... 5.;...
00013c30: ece3 524d c0f9 000a fb0d 7fd6 3758 9ba3  ..RM........7X..
00013c40: b3c8 8c22 2615 e5ae bee9 f700 aee7 a374  ..."&..........t
00013c50: 0cc0 04d3 2a8e 8d71 6015 abe3 0600 a728  ....*..q`......(
00013c60: 22d7 1d30 1e0a c6fc e523 26dd 1d36 2a10  "..0.....#&..6*.
00013c70: c0c6 1cfe c3e8 04f5 bc19 febb 4b2c f108  ............K,..
00013c80: 06f1 dddf f9be eb21 29d6 e904 beac e625  .......!)......%
00013c90: 18c7 bfd8 0b06 f2da 1df3 a443 40a8 2e10  ...........C@...
00013ca0: 1fe8 c7f3 3613 5d17 00fd 5805 24f2 d0e8  ....6.]...X.$...
00013cb0: 26f3 107f 0dc2 08ff 2dfe 40ef 31b8 26b4  &.......-.@.1.&.
00013cc0: f219 1265 00c6 d013 af04 fa2f 2de4 ec07  ...e......./-...
00013cd0: a315 5132 d5c8 f014 f081 f4b8 171f 0d04  ..Q2............
00013ce0: d838 dcff 0c6e 1f90 0acb f60f 0f55 ec1b  .8...n.......U..
00013cf0: 27d4 ffd1 ca03 12e1 47da d35d 1edb e8e7  '.......G..]....
00013d00: 8f32 1c3f 48e8 04d8 aba7 e32e 02fe c5e8  .2.?H...........
00013d10: 12bc 1720 2fce 0229 0881 f654 0a1b e0b6  ... /..)...T....
00013d20: d60b fedf 215a e9c5 e9eb dbb8 e379 5021  ....!Z.......yP!
00013d30: 19d0 a7ea e5ee 14ce 21cb 1c8c 4e14 c00e  ........!...N...
00013d40: e201 d0f8 e1cb c6f0 cb9b b33f 0733 ea23  ...........?.3.#
00013d50: 0de0 e3bd de2a dabc fc00 e600 34a4 2a1a  .....*......4.*.
00013d60: 0815 d0f7 270b 35dc f902 43da 362e c9ed  ....'.5...C.6...
00013d70: dae9 fb60 0281 e2ae fdaf d61e fb05 fb66  ...`...........f
00013d80: 2601 f2b2 f00e 785f 4ed0 ca1f 0b20 7f2f  &.....x_N.... ./
00013d90: 5fba e5ea c93c 378e db4c 1b1a 14e5 1ef1  _....<7..L......
00013da0: 3e08 160a eeb1 d140 f515 35eb 0ece ed0b  >......@..5.....
00013db0: 0410 f512 25b0 e6c9 1906 0d0b 10ee efbc  ....%...........
00013dc0: e2d6 e43d fef0 c921 26d0 bd39 302e def2  ...=...!&..90...
00013dd0: d1e8 df10 30df 39cb 0e06 c1e6 ecb6 411c  ....0.9.......A.
00013de0: 6bd8 cfae 0a7f 08b9 4a02 35b6 055c d847  k.......J.5..\.G
00013df0: e59c c61e d509 5f1e fad7 e144 edb0 423a  ......_....D..B:
00013e00: efe9 6cc3 28d9 2816 cd1e 4109 22ef 360c  ..l.(.(...A.".6.
00013e10: ee05 0f14 cf2b 2732 0507 1bd4 097f ead0  .....+'2........
00013e20: 0022 0501 bd2b fc1e 3ec6 d4ea f7c8 f4f9  ."...+..>.......
00013e30: 3cfc d905 fe3e dc9d 1ae5 3dd2 1cfc fae0  <....>....=.....
00013e40: 02d8 ba36 effa 1330 f9f8 b116 18ff ec1e  ...6...0........
00013e50: fc06 dace e1f9 c5ac e205 dc1d 19c1 121d  ................
00013e60: 4bd4 1011 492e e8d4 c240 3d20 0c11 d7bf  K...I....@= ....
00013e70: 221a 222f fe81 0fed 7fd4 1128 020c eb28  "."/.......(...(
00013e80: d15f ee15 0213 0afd 30e1 9725 3239 20fd  ._......0..%29 .
00013e90: 20bb 0f9f eaaf 03bf b30f cce9 16ec 07bc   ...............
00013ea0: 2f11 ddfa 1222 c131 e7e8 20c8 c667 e222  /....".1.. ..g."
00013eb0: 1b0a bddf f8ba d5d1 a9dd 19b7 150c d5ea  ................
00013ec0: 2dd0 dbe5 e832 210c beaf d4d7 cbd8 842b  -....2!........+
00013ed0: f228 81db 0c28 ab2d 3e1e 353a 05be 0a11  .(...(.->.5:....
00013ee0: cdd9 3751 ef33 c925 d50f 1627 2621 5587  ..7Q.3.%...'&!U.
00013ef0: e906 4d5c dee5 f400 0524 06ec 1b3f 30ec  ..M\.....$...?0.
00013f00: de14 1811 c9c8 ffd0 0899 0723 f1d2 c810  ...........#....
00013f10: 0d41 e79c 0e21 ebfa 14bb 0305 0bcc 1aed  .A...!..........
00013f20: db4e f7e2 2928 15cc c0ab ef1a 197f e0f8  .N..)(..........
00013f30: f5e5 401f 0aa8 3ab8 2ef7 e022 bdea 0a1d  ..@...:...."....
00013f40: 253e d6fa d007 620f 7b23 f215 126a 3489  %>....b.{#...j4.
00013f50: 1bef d3d3 0c23 42d1 ab6b 00c8 c95e e716  .....#B..k...^..
00013f60: b721 fd2f 81e5 ce1f f5ed e5c6 f8ea e412  .!./............
00013f70: 62f7 2113 f1ed c5de 3409 0716 19d4 baca  b.!.....4.......
00013f80: d0f7 0924 131f 14f4 8cff fe0a 7f14 f963  ...$...........c
00013f90: ddf7 f5ed 0ba8 f9e4 28a0 f839 e7ff 20ab  ........(..9.. .
00013fa0: 3c02 e518 3820 06ff 4b59 39ed 1c30 13f0  <...8 ..KY9..0..
00013fb0: f923 4404 c90a 3f6b bd1b 3426 f447 2c3e  .#D...?k..4&.G,>
00013fc0: 3cff 3cce c7e6 492e 3f39 4906 01e3 3616  <.<...I.?9I...6.
00013fd0: 5345 eedd b134 dcf2 d954 0ff5 021b 5adc  SE...4...T....Z.
00013fe0: 153f d91f d7b3 267f 0a1d d32c 05b2 bcdc  .?....&....,....
00013ff0: 4264 3826 190f eec1 bae8 ffd9 23e5 08f9  Bd8&........#...
00014000: 18c5 b1f2 f704 dc25 81c6 dbe7 e0f3 d414  .......%........
00014010: dc14 0509 e605 b51c 29dc 180f f4ff 0b06  ........).......
00014020: d4de 2447 f503 09ff c100 f9f1 f1f3 0bc6  ..$G............
00014030: f51e 0b14 d2dc e1f0 d019 fef9 0831 f85b  .............1.[
00014040: 172b e2e6 ddec 54f9 7fdb f509 f213 0aef  .+....T.........
00014050: 3d0e d5e6 ff59 28e4 f835 fe0c fe13 181e  =....Y(..5......
00014060: 2500 bdd7 f3e1 1529 ccd3 01f6 1dec b61c  %......)........
00014070: 1af4 f84c 2bdd e9d3 e508 30fc 1668 d714  ...L+.....0..h..
00014080: cc14 efce eb24 18b7 93ea 0cff ebe1 0344  .....$.........D
00014090: 1a38 17d1 d1fb e152 1e06 fd28 042c 0dbb  .8.....R...(.,..
000140a0: fcd0 057f 1bc8 ca6b f214 e531 071d 4fa0  .......k...1..O.
000140b0: e643 0ff3 0ef1 bdf8 c616 56e4 47d9 09d9  .C........V.G...
000140c0: 2eab 05d0 23d2 9d3b 812f 24db 11c3 ef3b  ....#..;./$....;
000140d0: d831 245d e003 d732 291c d6ef 1234 cc17  .1$]...2)....4..
000140e0: f319 0d2e eb0d 26dd 242c 2c2c 11c4 f1c2  ......&.$,,,....
000140f0: 0ad1 1a4c ee23 09fb 41d1 15ce 5022 d020  ...L.#..A...P". 
00014100: ca0d fb04 1450 3bf3 18ab 890d fc6a 1f76  .....P;......j.v
00014110: 02ac 8ae8 cc0c c0ee 11e5 1108 44e8 47e6  ............D.G.
00014120: 7fc2 ffe9 5b36 c932 ea70 1e13 183c ec04  ....[6.2.p...<..
00014130: e63e bf37 3396 e8fc f5f3 fc09 00eb eaad  .>.73...........
00014140: d923 f928 fdee fa0b 811c 26f3 04de e80e  .#.(......&.....
00014150: 0a33 2f22 fcd6 002d e3d8 2bf4 d80f e1fa  .3/"...-..+.....
00014160: cb13 3647 d0dd f4f8 3bfb f60f 05ec 2fc7  ..6G....;...../.
00014170: fd1a edc9 d72d 1213 48c7 cf1c 8ff7 0335  .....-..H......5
00014180: ee20 15c5 f113 1c37 6acf d451 7f6b 20c8  . .....7j..Q.k .
00014190: cee1 d046 22eb 569e e6e7 54db efb5 0efe  ...F".V...T.....
000141a0: 6c92 07d4 f03a a8f6 29cd 0b12 e423 d049  l....:..)....#.I
000141b0: 12b3 93fb 0f25 072d 4822 f651 efd4 efd7  .....%.-H".Q....
000141c0: 0949 3834 00e3 d12c 7f53 1e1f 440d 78a3  .I84...,.S..D.x.
000141d0: ff02 4e3b e801 5d97 c4dc eddf 2d07 05f0  ..N;..].....-...
000141e0: 083c ff9e 2cf1 59c3 f011 0500 d8d7 ab59  .<..,.Y........Y
000141f0: 4d00 d5ae 15e3 3033 47c4 a727 c481 23fc  M.....03G..'..#.
00014200: f016 1914 1d10 042c c20e dbeb 2b25 1fb1  .......,....+%..
00014210: c5b4 1015 f2c0 32d6 edbc 26e6 0d2a e4e5  ......2...&..*..
00014220: d910 2108 d12c e1db 05f0 01d8 c0f3 0717  ..!..,..........
00014230: 2a0b cba5 ff14 e012 d605 d8e9 133f 2e11  *............?..
00014240: 1bf0 48b9 dafb 45d3 a40f 55f1 f5a5 2a7f  ..H...E...U...*.
00014250: 326c 30c1 b42d bf6e 11fc 5b1a f32d e990  2l0..-.n..[..-..
00014260: e92e 1f55 e3d1 fe63 f7e7 d234 28ce 258a  ...U...c...4(.%.
00014270: df4b 462c 02f1 cba8 aff4 ba6d 138d 6507  .KF,.......m..e.
00014280: 0201 4a00 1bbf 3126 c23d 6be4 feda 06ed  ..J...1&.=k.....
00014290: e113 3272 d82e 5b3a 1de4 4ce1 ec7f e7de  ..2r..[:..L.....
000142a0: bf38 0612 b710 19e1 3fc1 a0f5 06b7 130d  .8......?.......
000142b0: 38c4 e3db e95e f9e1 0a20 d67f fce6 602f  8....^... ....`/
000142c0: eb11 79e1 46c1 3b06 623a 3b30 ff21 59ce  ..y.F.;.b:;0.!Y.
000142d0: 4eb3 3a0a ee18 7414 d307 1688 ea72 b5e9  N.:...t......r..
000142e0: f855 dabd a9eb 1cdc 7ab5 ceb2 d6d5 f56d  .U......z......m
000142f0: ffee b1bb 240b 18d2 fe04 1e0c 032a ffa0  ....$........*..
00014300: d3f6 0619 cb10 f2c3 dd08 4501 6b17 e51c  ..........E.k...
00014310: e806 1228 0506 1b1c e909 0f11 edf5 23ca  ...(..........#.
00014320: 47f1 010d d925 f50f 7ffb 172d 1647 2413  G....%.....-.G$.
00014330: f3bd ea01 d332 f7fa ac38 7fa7 641a f399  .....2...8..d...
00014340: 47da bd16 b0ad 9631 ebfc 250f 0da1 1014  G......1..%.....
00014350: c24f 5220 efda e2eb 04e4 e9b2 2fe4 0024  .OR ......../..$
00014360: b536 1d29 1a2c 3fa0 e916 1444 24ef d9c0  .6.).,?....D$...
00014370: 15cb 482c d8df 1b00 2f2f 4ead 4a76 961d  ..H,....//N.Jv..
00014380: cf1c af40 ff19 c6b0 37d3 9c60 d82b ea08  ...@....7..`.+..
00014390: 16e6 fec6 11ef f00f 1a24 89f9 11c4 015a  .........$.....Z
000143a0: 4cdc 9cf8 3a17 09f3 c516 28d5 2142 eb3e  L...:.....(.!B.>
000143b0: fbe1 f37f 06a7 f1cf ec01 1001 1355 172f  .............U./
000143c0: 0327 f1f6 8113 04b7 11d7 1bdf 05d9 383d  .'............8=
000143d0: ed2a 15ba ceeb e8ef fe16 0512 03f5 2ad8  .*............*.
000143e0: 0703 fe16 20d7 f75a c4e5 fb47 082a dbcf  .... ..Z...G.*..
000143f0: fd07 3009 00db 13c2 eb0f 1ad1 270e 29b4  ..0.........'.).
00014400: 16a6 8df6 1429 a61d 21ac b226 1c20 c519  .....)..!..&. ..
00014410: e9fe e6fb 39c9 d2f5 17ba f804 f181 e504  ....9...........
00014420: dee3 f3fe 444c baad ca09 540d d83e e0dc  ....DL....T..>..
00014430: a3bc ea20 edbf fb2d 531a 143e ba0a bffd  ... ...-S..>....
00014440: d851 f61b d4fe 2adc da2e 3ec9 1ac1 7f18  .Q....*...>.....
00014450: 1123 54b7 f3c2 0c4f d225 e4d1 f86f e9aa  .#T....O.%...o..
00014460: 324d 464c 0716 0138 c106 e1e4 1ef2 29e4  2MFL...8......).
00014470: 266a 51a8 caf5 eac4 1d30 16b3 0f7f c431  &jQ......0.....1
00014480: de57 f9e5 aaf7 06cb e5b9 0639 11e4 1620  .W.........9... 
00014490: 2a15 f5b1 eb19 0621 3028 103b 2fdf 00cb  *......!0(.;/...
000144a0: 042f fd26 28dc 0c3d 19e3 dafe 091c 12a1  ./.&(..=........
000144b0: bc36 1751 e4bf e2bd c227 eb3c e402 1327  .6.Q.....'.<...'
000144c0: 0c09 fcd9 1bcf 2dec 5d2a 0de4 1a0b e2c9  ......-.]*......
000144d0: 52e3 ef06 007f 5c05 e534 1537 af27 db14  R.....\..4.7.'..
000144e0: f0fb eadd c3e6 0fd6 2bc0 d3aa e5d7 e32d  ........+......-
000144f0: 12de d724 c9f5 f30e 6bcf 0de2 2a07 06ea  ...$....k...*...
00014500: d933 b1e4 419a e0ef e5aa c17c 0451 b9ea  .3..A......|.Q..
00014510: 219b 4816 fddb 17e2 2dbb c435 fa81 df04  !.H.....-..5....
00014520: 2bfb b3e5 1c0a ec89 3f01 39f0 ea67 f22c  +.......?.9..g.,
00014530: a9b9 aec9 0bdb 20d4 f500 1207 1f54 f41e  ...... ......T..
00014540: e04d 29eb e2a9 06d3 0fd8 2c50 26ee 031a  .M).......,P&...
00014550: 524d 08d7 cf4e f815 feeb 03fb ddf5 e205  RM...N..........
00014560: e835 c111 ffa5 1d15 ebb0 c801 1708 d5ea  .5..............
00014570: 0825 1a48 11dc 1e81 e9ee b829 fc03 e337  .%.H.......)...7
00014580: 02fd ffeb dc2a 60eb 1fe0 fd1f f1fd fc0e  .....*`.........
00014590: 36fd b9ef 1e1d e71c 29fc 0fdb bb07 09f2  6.......).......
000145a0: 7f95 19e5 1301 d020 1416 02d2 2015 040c  ....... .... ...
000145b0: c00b 0eef fac3 1c21 0422 0c19 edea 9acc  .......!."......
000145c0: cc33 295c f242 30ee 81c6 c6f1 d3ed c9d3  .3)\.B0.........
000145d0: f215 27ea 0abc fb54 05db e30c 186b 43ac  ..'....T.....kC.
000145e0: 9a14 1d4f 9202 d009 1625 e1d4 ec3e 6dd6  ...O.....%...>m.
000145f0: 2144 0c81 c42d b815 10ea d443 bfc6 1317  !D...-.....C....
00014600: 154f 12f9 ccc1 481a e60b 0bde e5f6 3dd2  .O....H.......=.
00014610: 1f01 2f10 dd07 3201 ee27 03ea dc7f eefa  ../...2..'......
00014620: e445 2645 98cf f30e e3eb c9c8 f1b4 d804  .E&E............
00014630: 4e0a fac6 04fd d5a8 e303 0c13 0acb 23b1  N.............#.
00014640: 1813 2322 0ad7 d406 8127 30d0 efaa eeb2  ..#".....'0.....
00014650: fb4f 1e43 fc09 d45a 32e8 072c 061d 13fc  .O.C...Z2..,....
00014660: c217 3f5a cf19 1ce8 0531 c82c 20d5 51a2  ..?Z.....1., .Q.
00014670: 301a 01dd e94c d51a b923 539f 5826 d6e5  0....L...#S.X&..
00014680: 25ae c13a e02b a2f9 d0e3 bde5 f3f9 bb14  %..:.+..........
00014690: bf39 f0ef f901 b816 1bf8 d01a 22be 4c18  .9..........".L.
000146a0: 00e1 ce23 1d27 270c d10c 3bfe 1937 f8ac  ...#.''...;..7..
000146b0: 16f6 1e7f d4ca 0b09 e0dc 7fb1 3209 4691  ............2.F.
000146c0: 539e f008 c0df ca71 30e1 ed21 7410 d417  S......q0..!t...
000146d0: a023 15f5 b0f0 f8c8 e11f cd9f 2ee9 6ff7  .#............o.
000146e0: ed45 c1f1 1776 0dbb 6ce4 4d38 0969 99fb  .E...v..l.M8.i..
000146f0: 2bbe 265f c9dc f1f1 81e2 16e1 4df2 5c14  +.&_........M.\.
00014700: 4bb2 ebb4 f60a 0406 f402 39c1 11f2 d53a  K.........9....:
00014710: f621 ef0d ae5b e12a 2c3d ef0f cc1c 1eff  .!...[.*,=......
00014720: d310 b20a e12a 1dcd 40ec 1709 18db bcfe  .....*..@.......
00014730: d6c0 0040 c60d b6e2 c0b4 c2ce 29df 8c27  ...@........)..'
00014740: 1bb1 c53a f50d e9ca a7b6 d51e de0f 102a  ...:...........*
00014750: 2022 121d ce05 d011 e111 3807 f90c e84c   "........8....L
00014760: ced2 207f ba18 f403 abca e0d7 2905 121b  .. .........)...
00014770: 1bc6 0b4b 8be7 cb9e 7eee d22b feee f61f  ...K....~..+....
00014780: 9a4c 2e41 0f19 1ee7 129f ed38 1065 0ce9  .L.A.......8.e..
00014790: 33aa f8ef 2f12 3de8 d3c3 040b 1424 1681  3.../.=......$..
000147a0: 20f7 14b5 2164 ff01 1ae0 06af e973 2c2c   ...!d.......s,,
000147b0: 1ef9 839f 1be7 faf1 8102 20ee 3be9 1d08  .......... .;...
000147c0: 27d2 0cd1 061a ee17 c124 1cef eb02 c11f  '........$......
000147d0: d121 0451 b14d cc52 3013 11eb c64a fa2c  .!.Q.M.R0....J.,
000147e0: d106 0d45 efe3 01fb 2aef d2ef fcce 05fd  ...E....*.......
000147f0: f001 f21b bc2e b40f 5dd8 f53a 29fb ea74  ........]..:)..t
00014800: b065 3d4c 00fd dbb8 ddc6 cf54 1a52 57c0  .e=L.......T.RW.
00014810: 3d0e 5ff7 b520 1ff9 f6a9 fa39 2c16 3cc9  =._.. .....9,.<.
00014820: f52b d720 3ddf 204a cbbd cdf9 e667 262b  .+. =. J.....g&+
00014830: 4d7f 9dfa f8c9 d18a 01f6 1cea 1a42 c3f1  M............B..
00014840: b723 eee0 0df4 e2d1 16fd ff31 3afb d228  .#.........1:..(
00014850: 14e0 d417 fb10 0a09 1031 e407 f8dc 01fe  .........1......
00014860: 7fc4 d1d3 222b 29f2 44f3 f2fb 2e33 e64b  ...."+).D....3.K
00014870: e0d0 ca64 e608 f4ce 2e52 4374 feec 9cdd  ...d.....RCt....
00014880: df56 cf51 e50c c9e4 6b35 f82c 15ea e7f9  .V.Q....k5.,....
00014890: c72e e718 03b0 181b ea5e 8ec9 bf03 e631  .........^.....1
000148a0: 7fc9 b6e5 ef2d 02e4 c035 e3e8 0a59 ec34  .....-...5...Y.4
000148b0: 2ba1 e55a b71b 009e dffa f32c e2bb 03b9  +..Z.......,....
000148c0: c1e1 09e8 3af3 e0fa 9d69 49ca 16de f146  ....:....iI....F
000148d0: 01f9 2f48 fbb3 f94e ee01 0cf0 ca44 c5e9  ../H...N.....D..
000148e0: 27d8 243d b91e e2ed 7f09 ffde 03bc 4c15  '.$=..........L.
000148f0: f9e9 e1c2 c073 dc40 3c42 1673 bdea faee  .....s.@<B.s....
00014900: d854 3618 329c 3615 7f41 423a edf7 00ab  .T6.2.6..AB:....
00014910: 38cd fe19 30c9 39f8 ee11 f2bf d319 a617  8...0.9.........
00014920: 5137 ff9e e5e9 04e2 0300 dce1 e512 f74e  Q7.............N
00014930: 20ec dad1 393a 5311 f2df c7e5 b0d7 204f   ...9:S....... O
00014940: 3716 36d3 ba07 2d56 7f06 f9ea 4a62 22c4  7.6...-V....Jb".
00014950: d20e c524 0f49 448c d655 0ce8 ea1c 581e  ...$.ID..U....X.
00014960: 2d0f d8bd c00a 3f25 29b2 16f7 19e3 bf50  -.....?%)......P
00014970: 59f2 1234 1210 030a 47ea e623 d8fc ed20  Y..4....G..#... 
00014980: 8e22 1fe1 1614 44e2 fc26 fd21 2718 0908  ."....D..&.!'...
00014990: f9f0 e311 bccf 3233 0cf9 7ff1 f723 fbae  ......23.....#..
000149a0: 0ff5 2c07 ee29 a14d 2509 a6f6 064b 62d5  ..,..).M%....Kb.
000149b0: e01f d3f1 341c ddf7 0f00 f51c e805 ee47  ....4..........G
000149c0: 0f7f c11d df09 51be 3e2b fd04 ed0c 6ae5  ......Q.>+....j.
000149d0: 45e5 eed2 10ea ede4 e74c c50d bf32 dd74  E........L...2.t
000149e0: 1621 bd2d c0ab f937 b521 dae9 f497 b207  .!.-...7.!......
000149f0: 1c21 31ff da0d bcab bf15 20d3 3330 e1fd  .!1....... .30..
00014a00: 15d6 ffe2 1fff e2e2 fcde e716 e2f7 ab10  ................
00014a10: 1635 e4ed d434 cc34 2117 f50d e1e9 032d  .5...4.4!......-
00014a20: f3e0 e324 f8e1 1212 07e5 dee4 1902 0efd  ...$............
00014a30: f1de e97f dbf6 d2c5 3bf7 0c67 bfd5 07b3  ........;..g....
00014a40: fe33 2a0a eec9 3649 6155 460e 40fa 34db  .3*...6IaUF.@.4.
00014a50: 41ff ef2d e6fb 3cc9 bd18 08fa 060c 39ea  A..-..<.......9.
00014a60: 7f5c 0d09 f112 15fd 1f38 0320 f2c7 b01b  .\.......8. ....
00014a70: 4bf5 14e4 e603 09f1 47c1 c747 f081 49ef  K.......G..G..I.
00014a80: e826 2524 0ce0 0002 cc1a 0018 2914 38cd  .&%$........).8.
00014a90: 01d9 4326 e2ea 38d7 d9b5 1a02 f91c 04e8  ..C&..8.........
00014aa0: e448 03e9 d6fc 14d2 0aec ecdf d1ec f125  .H.............%
00014ab0: 39fc d8b8 0116 0cd0 eb37 7fbe fc54 d3e9  9........7...T..
00014ac0: 16ed c115 d3e1 f2ea 3df3 040e c6d5 2a23  ........=.....*#
00014ad0: 281a 1be1 0fd6 df1f f068 e006 2501 0f44  (........h..%..D
00014ae0: 3eee fa11 f1ca 08f8 e719 262d f329 f9c6  >.........&-.)..
00014af0: e3cd 392e 28f3 18ec 0c1b 42a1 2333 e49d  ..9.(.....B.#3..
00014b00: ffae 810b 156d a9f3 f128 d3d2 1907 c151  .....m...(.....Q
00014b10: e5eb d7d4 07a7 9410 2419 e309 09a3 e81e  ........$.......
00014b20: 04b6 fd1a 4e15 e101 f867 6523 fd08 08cb  ....N....ge#....
00014b30: b2fd 1524 e0d6 fd3e 22d9 edf6 dacd 1423  ...$...>"......#
00014b40: 0b18 3c46 e2e7 c342 17da d02a 35d2 5fc5  ..<F...B...*5._.
00014b50: f206 2a28 e936 2a81 b8a4 0a44 4cb2 6cf5  ..*(.6*....DL.l.
00014b60: 350e e3c6 3b3c 51e9 d50f 1f59 f4f8 ec1e  5...;<Q....Y....
00014b70: 4c20 d017 3df6 2302 04ee 4ad7 5fcf 8210  L ..=.#...J._...
00014b80: e0fe 9432 0d02 dd12 93a8 9c63 cd43 f040  ...2.......c.C.@
00014b90: cfc2 4805 dacc 1323 fbf8 bad9 e17f f543  ..H....#.......C
00014ba0: 08c0 b04c d159 f0b8 fecf 1e98 2b3c 0a29  ...L.Y......+<.)
00014bb0: 26a9 d135 aca5 8c9e eeef 11b9 1af8 fae1  &..5............
00014bc0: 1db7 e200 db09 c338 81c3 0521 06d8 c92d  .......8...!...-
00014bd0: c54e 04ec f5f4 d43a f5d3 f8e7 fbec 31fb  .N.....:......1.
00014be0: cbf8 1d41 0e43 faed daf5 04f0 030d 06af  ...A.C..........
00014bf0: f409 3c3a cdef f7ce fec4 ecdb d890 ffa2  ..<:............
00014c00: 25b6 f3e9 eef8 237f 8216 f3e8 34f4 f410  %.....#.....4...
00014c10: cc11 c41c 14da d8e2 010b 29e9 f809 11f7  ..........).....
00014c20: ec0c 504d d739 c3db 1916 2a2c edd9 119f  ..PM.9....*,....
00014c30: 180f 4602 cb0e 1317 b404 2203 1c51 3ce8  ..F......."..Q<.
00014c40: 31e8 e7cc adfd e530 662f 2fb9 45af 2d5e  1......0f//.E.-^
00014c50: e940 1816 ecf4 cbcf e1f9 c737 0ee3 4605  .@.........7..F.
00014c60: 24ec c9e5 35e9 15e2 041d 2f68 0df6 81df  $...5...../h....
00014c70: 26cd 1745 e4cb 101b dcd9 29e9 18f6 290b  &..E......)...).
00014c80: 06be 041c cfee e24f 49bd b340 352b ea10  .......OI..@5+..
00014c90: aa00 f116 cc2e 00aa e9e6 e519 1f9f 7f16  ................
00014ca0: 5ed0 c5d8 454a 2daf fefe 3e34 1e68 bb1a  ^...EJ-...>4.h..
00014cb0: 1bcf ea69 0fc8 250a 6c81 d9b8 1ffa efd9  ...i..%.l.......
00014cc0: 9926 c90e e35e d3f5 b0bb c1ec 7959 2865  .&...^......yY(e
00014cd0: fc85 d6b3 c6dc 04bb cacd d40f 03a0 1f9b  ................
00014ce0: 5a98 fce4 555c d8c6 2547 61a8 fe4e 1c24  Z...U\..%Ga..N.$
00014cf0: e81e c2b1 d98c 9cfd 0612 3bd6 15d9 1cc5  ..........;.....
00014d00: edee 002b 10ff a61e 93dc bee6 0ddd d910  ...+............
00014d10: a21b 1e0f cadc abff 2081 0a10 33ba 3cbd  ........ ...3.<.
00014d20: e7f2 0e01 5532 39b9 cb23 352e 033c 1ca9  ....U29..#5..<..
00014d30: fa26 f5e6 11e7 4c3a 3a1f 1e16 537f fbcc  .&....L::...S...
00014d40: d92d b403 d905 cf84 4012 0314 d6ec 1254  .-......@......T
00014d50: 4907 17ab fcd3 f93e 1433 b0eb 17ea aeff  I......>.3......
00014d60: f203 dd08 23a4 f319 f42c 1ef4 0d46 d50a  ....#....,...F..
00014d70: d2ac e934 09a1 cee6 6bbc eaf8 3027 f51f  ...4....k...0'..
00014d80: ac62 d513 0904 22ca c981 b33e dd3d e111  .b...."....>.=..
00014d90: 4294 09b9 0cf0 fa08 39da d218 2ef4 18c1  B.......9.......
00014da0: 0327 cd14 f41f fb08 02df 29b4 e46b 151b  .'........)..k..
00014db0: d5fe b3d7 fdbc b3b7 bed3 e44e 21e3 0808  ...........N!...
00014dc0: 23de fa9b f816 7f28 5e15 5dca 2d3e ee3d  #......(^.].->.=
00014dd0: 4e11 9b2d ec78 07c7 d86c fc5e b809 3403  N..-.x...l.^..4.
00014de0: 5ae4 e8b0 13f0 1e05 32c6 1c11 2dc0 9f0f  Z.......2...-...
00014df0: 3af5 0054 e2f3 2820 aa26 48c7 7f55 ef01  :..T..( .&H..U..
00014e00: f0f0 e9ea eaf0 a7ea d9eb fa24 fed1 fd3a  ...........$...:
00014e10: ed30 5bf8 ab3c c462 2b0d e012 e117 0605  .0[..<.b+.......
00014e20: 0f06 d83a 09df 1b13 fe0a f9f7 1821 06ef  ...:.........!..
00014e30: ffdb f07d c7f1 aec5 04d9 0cd9 461c dd04  ...}........F...
00014e40: f9f4 ba07 b9fa 3931 3fb1 ba3f 1a3b f828  ......91?..?.;.(
00014e50: fff0 d4ef c13c ffac e015 f518 05ab 5912  .....<........Y.
00014e60: 59cd d9f8 2125 09ff f212 38f3 2437 bcee  Y...!%....8.$7..
00014e70: 19d3 086b f681 e8dc b8f1 e07f 02ea 28d6  ...k..........(.
00014e80: 05d3 07dc 1dd5 18fa fb34 67ff 05da d2f2  .........4g.....
00014e90: 330c 0640 18f0 2e22 e539 46f5 b528 e617  3..@...".9F..(..
00014ea0: f8c7 fa04 a71b d0dc 53e6 c50e e3e7 1c1e  ........S.......
00014eb0: eab6 c4e9 b674 030d fdd7 04fd f9ae 06bb  .....t..........
00014ec0: 00d2 1506 0fef 0025 8108 09ea 03f0 ea17  .......%........
00014ed0: d510 ed14 f2d8 d318 11e0 16eb f80d f8f6  ................
00014ee0: dd11 372e ec36 e8c8 1808 fb11 f2f8 2bc6  ..7..6........+.
00014ef0: f714 2ae9 dd12 1609 d32a 122b c52a cdcd  ..*......*.+.*..
00014f00: ce21 e022 f3c8 38c3 aa5d 64ce 16eb f5f0  .!."..8..]d.....
00014f10: 3937 d51a 294e e47f 3f70 b110 c666 be1d  97..)N..?p...f..
00014f20: 7ccd f157 bee0 08fa 16db 10eb 40cf 00ff  |..W........@...
00014f30: 4cf4 1333 d606 0cf0 1ef4 ca15 d2a7 e51e  L..3............
00014f40: ff38 2f47 d3f3 1227 0af1 f611 0021 2281  .8/G...'.....!".
00014f50: 01eb 4712 1710 5eb8 d8eb 02cf e161 f0ff  ..G...^......a..
00014f60: bf44 00ec 9a02 fbd0 ecb9 d09f e6f3 c541  .D.............A
00014f70: 4d03 e7b9 0d03 dbba c230 06b7 5a63 d846  M........0..Zc.F
00014f80: f4e4 bbf9 d8e4 f6f0 ffa6 a321 be35 a739  ...........!.5.9
00014f90: f0f0 d6d7 e529 caec 4812 1b16 4581 1b41  .....)..H...E..A
00014fa0: 3ec1 ec01 2e10 143b c026 44e1 1e54 01f2  >......;.&D..T..
00014fb0: c302 e956 2a9c f010 0f0d 17a5 3545 c60c  ...V*.......5E..
00014fc0: cf13 b0ef f626 d8e4 08e8 920e 0610 c11b  .....&..........
00014fd0: 18ed c4a5 091d c9e2 2001 c21e 0fa7 e726  ........ ......&
00014fe0: 13cb c7f7 61f8 fafe d211 26ed 2a3d f1f1  ....a.....&.*=..
00014ff0: c6f1 0d7f 37a4 e2fd 2847 d735 eb27 d12c  ....7...(G.5.'.,
00015000: ba46 2719 18f9 f5d6 77da e449 db32 c89e  .F'.....w..I.2..
00015010: 04be 0825 3000 5721 0edc e9fd e618 d612  ...%0.W!........
00015020: fcb9 f8a3 ff33 0bdb 0cbd c3a5 f35e 2875  .....3.......^(u
00015030: 07b2 8105 0a13 f008 661b 20cc 9881 fa28  ........f. ....(
00015040: 230a 284a ec4f ee1e 2319 a4d0 2e64 1ec1  #.(J.O..#....d..
00015050: bfdc 19c8 18b9 4ab5 bafe f3bd 3f1a 1ec4  ......J.....?...
00015060: be17 33fb d270 edd0 fe08 1f03 e41d 4122  ..3..p........A"
00015070: 0ae9 f585 f4fd cc46 2d03 fb2d 1ff0 452d  .......F-..-..E-
00015080: 191b cf2c ebe4 f8f9 32b4 cf37 ed1b 1bea  ...,....2..7....
00015090: 1ebf 6fca ec26 7f03 d4d5 f3da 1f13 d8dc  ..o..&..........
000150a0: 9c4a 1c08 c00c e4cb 1ed9 fea3 b53d 1448  .J...........=.H
000150b0: 1bae ceac d4c0 b99e 4102 c85c bf81 453f  ........A..\..E?
000150c0: 263c 3a02 ead9 0062 474b 0104 3816 79df  &<:....bGK..8.y.
000150d0: d1e6 6454 d7cc 4fa7 98e5 0ec9 ea3d 3ad5  ..dT..O......=:.
000150e0: 173a 59c2 0fee ed2b 0ff3 d1f1 e9ca f25f  .:Y....+......._
000150f0: 60fd b484 0d47 f60e 3ce2 ce2f d78b eab5  `....G..<../....
00015100: c004 3623 5810 e1f9 8f21 eff0 1d25 d803  ..6#X....!...%..
00015110: d492 ed28 2092 1146 15c7 face d651 d3ef  ...( ..F.....Q..
00015120: 2dc1 24f0 db7f c4c9 5d03 f094 e21d 6a41  -.$.....].....jA
00015130: eee1 b09b e63f ea19 faf1 3236 2d07 ee9b  .....?....26-...
00015140: e0f3 e30f ead0 dcfc 3536 1d13 622a c2f3  ........56..b*..
00015150: ddbf db4e f3d4 41ee 032f c3fe a5dc 20f3  ...N..A../.... .
00015160: 74cf c7e3 eb5e 14a2 7211 30ed e334 d748  t....^..r.0..4.H
00015170: f981 bd1f 9c23 0c16 11fc 5cc6 231c fa99  .....#....\.#...
00015180: 0cce e042 b5dd 0413 0abf e21c 18eb c032  ...B...........2
00015190: f230 d5d9 02cd c902 27af d214 1ace 7fe1  .0......'.......
000151a0: fb15 de12 410c 14ca 0e15 f53f 3c6c d3c2  ....A......?<l..
000151b0: e4e5 5242 feca 1300 30c6 935b ab8b 6306  ..RB....0..[..c.
000151c0: dd13 5ace 2af0 2411 1d3d 60fb 630a 41fb  ..Z.*.$..=`.c.A.
000151d0: e1e3 0344 08de 60db c4f5 5ce5 f130 f5b1  ...D..`...\..0..
000151e0: 3608 1dc5 c326 f300 78ed fb07 d1e6 0440  6....&..x......@
000151f0: 0ddf bbae ee7f 1c11 0cfe 2bba 3404 0aea  ..........+.4...
00015200: f9a8 d4ea 1326 a114 ec11 f111 3012 c866  .....&......0..f
00015210: b181 3312 f7e4 25a6 f4d5 fbb1 5c92 fd0f  ..3...%.....\...
00015220: 25ed ccad 3c38 17b6 7c16 6000 fd1a fc64  %...<8..|.`....d
00015230: 9d9c fc08 ecf3 f309 1503 66f2 d307 f613  ..........f.....
00015240: 240d fa02 cc37 0d30 5e06 d400 6c3c 06f7  $....7.0^...l<..
00015250: cc1a 06df 8151 fce1 cf34 ae01 47f2 45d9  .....Q...4..G.E.
00015260: 4b2a d506 1248 0cf9 f9f1 4003 c739 c84a  K*...H....@..9.J
00015270: 64e0 f308 afa8 9caa f4fd faf2 5104 3b2b  d...........Q.;+
00015280: 0114 10ea e4e7 7906 1494 f408 0713 d850  ......y........P
00015290: 0dda f8aa b206 f826 31c4 19d7 4d15 1d81  .......&1...M...
000152a0: a462 fd06 fd26 e522 20c2 f3fe 036a 00f1  .b...&." ....j..
000152b0: eeb8 0de2 1dc8 dd83 e41d 65df 3a3e fd38  ..........e.:>.8
000152c0: 42f9 00f4 fb05 fb26 78df d201 100d 02e9  B......&x.......
000152d0: 16de 03ef d650 16e4 f62c d808 40d8 2441  .....P...,..@.$A
000152e0: 1730 bcca 2e00 3204 eb04 4903 00fc b017  .0....2...I.....
000152f0: 25f3 f87f 21ab f0eb 110d 1ace 9866 bed3  %...!........f..
00015300: ec40 2e45 cdb5 e681 f7c1 f52d dfff ddaa  .@.E.......-....
00015310: 551e 421d 3b3d 4012 cc21 ec13 f5f6 e24b  U.B.;=@..!.....K
00015320: 0ed6 3626 bed0 00b5 9eec 8402 e902 2b20  ..6&..........+ 
00015330: d5e1 8ba0 df17 f4a6 4164 533c 113c 8134  ........AdS<.<.4
00015340: a742 2865 1f5b e1cc 06ec 9e23 0d58 2dfb  .B(e.[.....#.X-.
00015350: b7c3 4809 c2e1 4a37 1322 a4e6 2346 e4d8  ..H...J7."..#F..
00015360: 49f9 ad1a d602 f660 4a4f f8b3 d940 401d  I......`JO...@@.
00015370: 5023 abee b5e3 ce0c 1002 1000 1014 dae3  P#..............
00015380: b238 e923 d95c fbc3 c3cd d0ec 1cf7 0638  .8.#.\.........8
00015390: d012 f9af d7e9 1111 14e0 f715 03d6 28ac  ..............(.
000153a0: 35d6 3927 3323 dd39 1c1e fa18 f27f 3fe9  5.9'3#.9......?.
000153b0: fe22 17f8 c4d0 d5d5 1ff8 58f5 2dfe fa49  ."........X.-..I
000153c0: 0506 0908 1fe1 d70a 39d9 b23c 091b d8a0  ........9..<....
000153d0: f1cd 60f3 f924 45ed 17e1 afc1 2f45 0d1f  ..`..$E...../E..
000153e0: f647 c6d5 da12 3aca 09b0 10a9 e03e a97f  .G....:......>..
000153f0: 339a b64c eddc b7a7 810f e840 27cc 0242  3..L.......@'..B
00015400: 478a 24c2 1cde 0a52 e700 1cad e3d0 c3f8  G.$....R........
00015410: f038 0d38 ed2d 2147 0b0e 0edb b660 def2  .8.8.-!G.....`..
00015420: a21f 103c a824 effd 46a3 c6a0 06dc 0dec  ...<.$..F.......
00015430: 2cc0 173b af32 d0e3 0151 ed51 8edb ddcb  ,..;.2...Q.Q....
00015440: e80b 2232 10d1 250e 0af3 50fb eed2 e0b6  .."2..%...P.....
00015450: f12d 0731 58e6 4948 f73c 22e4 d960 d30a  .-.1X.IH.<"..`..
00015460: 0d43 1804 81f3 01ea 09f8 c7d5 fbd8 1d13  .C..............
00015470: 16fd 0ebb db4f 2817 40e2 1f04 15f1 b1e4  .....O(.@.......
00015480: 924b 253f cf1b f2b2 8bdc b53d 0200 2342  .K%?.......=..#B
00015490: ebff 35c1 d2a8 0728 b7d4 f61d 0922 0ba5  ..5....(....."..
000154a0: 11dc 2648 1107 bd17 0017 d7fe 0d7a 7ff0  ..&H.........z..
000154b0: 151d d4a1 ded4 cff5 d102 7e9f 1a18 d4af  ..........~.....
000154c0: 39da c9f8 d9e3 0543 33e6 c4dc ee9f fc6b  9......C3......k
000154d0: aeed d1df 04cd af07 3c61 dddd 38c8 3901  ........<a..8.9.
000154e0: 160d f807 32ef f5ea dd7f 2e63 3915 eaaf  ....2......c9...
000154f0: ce9c 544e 2ee8 f900 f4dc 0b7f 180c e4d8  ..TN............
00015500: 190c f0ff eecb 322c 3556 6221 02e7 2b26  ......2,5Vb!..+&
00015510: 2d2e 4410 b9f6 1c13 f51d 30d3 d14b c92a  -.D.......0..K.*
00015520: 17e5 1d4e b3dc e50d 1b0e ede6 04bf e3f0  ...N............
00015530: 43bf 1627 ed0f e8c1 1fcc fa1d 3ebd 3848  C..'........>.8H
00015540: 2017 180a c78f 2363 7796 e156 3026 4bcf   .....#cw..V0&K.
00015550: 0de6 1b04 f530 6881 cae9 fae2 3be9 30f2  .....0h.....;.0.
00015560: e243 d7cf 0439 13a7 ecb7 1ade e51a 8f28  .C...9.........(
00015570: 3aa7 f62b 22a3 1bba 14ed 1b12 1f01 f87a  :..+"..........z
00015580: 041e 0002 0fdd 160b 7f9b b35d ce47 eca3  ...........].G..
00015590: 19f0 bd09 e820 19b9 0b27 f4f8 18d4 3c45  ..... ...'....<E
000155a0: f61b c3a6 1403 0ff3 c5bf d8f1 fa27 c113  .............'..
000155b0: 1cff f14a 28b2 24b3 e3b0 4405 fe05 da00  ...J(.$...D.....
000155c0: 3402 dd0e a74f 463a 4813 d3fe 193a e6ea  4....OF:H....:..
000155d0: cad8 010b de09 10cd d92b e9ea f6f6 7f13  .........+......
000155e0: 4511 ce0b fc24 1024 ed13 1b01 0a37 be1e  E....$.$.....7..
000155f0: 44e9 193e e1d6 00dd 89cd e6f4 11e0 2c07  D..>..........,.
00015600: 2298 1aa6 14eb 161c 8117 1db7 fe9c e75b  "..............[
00015610: e151 eb21 ef34 cf4f 4d10 5024 fc2f f9ec  .Q.!.4.OM.P$./..
00015620: f9f1 1b6f d00c e02a 07f7 da46 0bb1 209c  ...o...*...F.. .
00015630: 061b 374f f651 f4e4 cdcc 00e0 2381 10cb  ..7O.Q......#...
00015640: 22c2 04ff fbd4 f276 8df9 e608 3be8 bc30  "......v....;..0
00015650: ac2e df27 daf6 e6f3 01e5 1f08 0917 3910  ...'..........9.
00015660: fa16 0314 f548 0bb3 17f9 0c09 1eee e1b6  .....H..........
00015670: 2405 2b51 dbfd 21f3 58f3 2041 d3fc fbdf  $.+Q..!.X. A....
00015680: c36e 0b68 e4f1 18e2 10ee c225 f62c 32b8  .n.h.......%.,2.
00015690: 11de 25f2 06aa 17de dde4 e51c 0e39 f0d5  ..%..........9..
000156a0: e536 0707 efff e6d4 ef00 e7fa d142 171d  .6...........B..
000156b0: 3ef8 f981 e8ee 01cf bc0e 03b7 4a0b f62a  >...........J..*
000156c0: dcdd 0ce7 cff2 cad4 8c95 e0fb 02f2 e13c  ...............<
000156d0: 9b36 fa13 d67f d12c 52e8 0946 35b8 5c18  .6.....,R..F5.\.
000156e0: 0ed9 f526 3c12 1732 defb 244e 0fff 36d6  ...&<..2..$N..6.
000156f0: 0e0c f246 e3f4 bb01 6c2e 4038 e3e2 ed15  ...F....l.@8....
00015700: dd4b 3d35 4227 dd15 7f26 bc11 676e 3dad  .K=5B'...&..gn=.
00015710: c9c9 0aca e4f0 4fa1 d31c c6e3 3910 27e7  ......O.....9.'.
00015720: 0e13 9db0 1442 24e5 f8f8 fe14 d474 d73b  .....B$......t.;
00015730: 51e0 bfef 15d6 dde9 4a09 e003 becf 0e52  Q.......J......R
00015740: 2340 3530 01d4 3743 46b5 9d4f 192a 458d  #@50..7CF..O.*E.
00015750: f715 23ec 1c12 5f81 cff9 12f6 1014 42f3  ..#..._.......B.
00015760: f23c e6ba d62a 47c1 97cd e9c8 f5de b351  .<...*G........Q
00015770: 6342 efac 3ae1 300a 1009 1d23 1125 04b9  cB..:.0....#.%..
00015780: dd33 eaed 2681 ecb0 e723 5503 2ef4 153c  .3..&....#U....<
00015790: 35f5 2223 28d1 2732 251f f30f 1f3f d401  5."#(.'2%....?..
000157a0: 4306 0b03 1ae6 14dd 3b06 fcdd 06cf fa2d  C.......;......-
000157b0: ecc4 b50d 0c1d 22e7 0d1f 1a4e d096 fc81  ......"....N....
000157c0: d0db 3f3a 47e4 a5da ac42 22ec edb8 fa3c  ..?:G....B"....<
000157d0: e5da 682d 1d85 023d c0df ddc9 ff60 b41a  ..h-...=.....`..
000157e0: f743 580d bb35 f7af 27f5 d5c4 ea1f 3c3c  .CX..5..'.....<<
000157f0: 09bb cc9a 9f7f 1715 d7d0 b56e 0681 53ec  ...........n..S.
00015800: 0cf8 35d4 29bc 1a3f ca3b 5ae6 1be0 0f07  ..5.)..?.;Z.....
00015810: 060b 2e4e e3e8 3818 f1dc 3eda e073 cbd1  ...N..8...>..s..
00015820: bc31 2207 b309 0ed7 53c0 cdd8 f4b8 0704  .1".....S.......
00015830: 23e1 e3d0 ea64 02eb ed0c fef2 233a ea55  #....d......#:.U
00015840: fc19 fae9 030f 3bdf 7829 07f7 2c05 28f0  ......;.x)..,.(.
00015850: 2c11 fa2a db62 3ef3 e960 ec1c 0913 0f0c  ,..*.b>..`......
00015860: 1c0a b2c2 35bd 3050 f8c0 eb21 3fee a826  ....5.0P...!?..&
00015870: 1213 f17f 24eb dfe7 d923 7cfa 5872 e2c8  ....$....#|.Xr..
00015880: e5ad c008 e0e6 07d4 b20b 20f9 caa6 dc47  .......... ....G
00015890: 333b 21b3 0603 db44 041f b3fb fd2b f907  3;!....D.....+..
000158a0: 11f1 fb7f 100b e219 e602 251d 112f 2bc8  ..........%../+.
000158b0: eefb 4a3c cbd5 e7cb ea65 5715 f239 83c3  ..J<.....eW..9..
000158c0: e15a 247f a5d9 0a9f 143b 0df3 05d7 d9d4  .Z$......;......
000158d0: 0362 e0e8 18f8 e21a 0853 d621 de22 145c  .b.......S.!.".\
000158e0: 6ff4 c817 ecc8 1b0f c937 cc3e 2907 01d8  o........7.>)...
000158f0: 3d08 2c1e efeb 26f4 eb51 72ae 427f b41d  =.,...&..Qr.B...
00015900: d60c d60f d92e b8b9 5ad3 e222 f81f 0326  ........Z.."...&
00015910: fbf4 08f4 e634 f4f3 f630 c610 24bc 402b  .....4...0..$.@+
00015920: 36bb c9e0 56f0 2321 fa1b 1d32 2542 f304  6...V.#!...2%B..
00015930: e5ee d858 07d2 daf9 ff12 fe56 05fc daed  ...X.......V....
00015940: b368 4fff 9120 71dc edd5 fbf4 38d0 463d  .hO.. q.....8.F=
00015950: 4810 e0cc d8e8 1ef2 8d38 3a1e ea01 1c81  H........8:.....
00015960: 571e 302d d91a b82b 4c1b f423 1a49 2dc9  W.0-...+L..#.I-.
00015970: 133a 19b0 cbf6 0cd8 4ded 1947 56d7 de56  .:......M..GV..V
00015980: e47f 1aee 30bc 6c16 34cd 8552 ed1c 0cad  ....0.l.4..R....
00015990: 1dc8 eded 03d4 1fb9 53c6 e927 4a1e 3911  ........S..'J.9.
000159a0: 1835 b707 fe18 e523 d94f 18de f215 b80f  .5.....#.O......
000159b0: 0a10 fdfb 2f00 3b13 e9bd 820e 2235 506d  ..../.;....."5Pm
000159c0: 0514 92b2 a660 2fc6 3fde 0bf6 263f 764a  .....`/.?...&?vJ
000159d0: 53ea d9cc c21c 209e e1cb 1947 d78a 52c3  S..... ....G..R.
000159e0: ebb1 f8e4 5ff1 d37f fbb7 0bf8 2bff d41f  ...._.......+...
000159f0: 0e35 330e eebb bbe7 658f f9e8 12eb 26c1  .53.....e.....&.
00015a00: bee4 b001 27da e0f8 81a3 dc2c d410 0950  ....'......,...P
00015a10: 19b6 e6b0 1d84 cc1e 4ba4 090b 369a b6d7  ........K...6...
00015a20: 0afb 3001 633f b0e1 f904 60e3 dd4e 2bd0  ..0.c?....`..N+.
00015a30: bf0a 16e9 01ad 48fe 2a01 7fae 1232 ecaa  ......H.*....2..
00015a40: 30e3 d82c c617 f823 f90f 1411 ffb6 2f2c  0..,...#....../,
00015a50: ec2c 4685 fdcc d700 e9f9 f6e2 4600 3bd7  .,F.........F.;.
00015a60: d14d 165d e128 21e9 f865 720e db0f f19b  .M.].(!..er.....
00015a70: dc04 3fe9 ec82 c2db 3205 c16f ebcd 31fe  ..?.....2..o..1.
00015a80: cb20 31fe 49e4 dde3 1459 1908 252e 28dd  . 1.I....Y..%.(.
00015a90: 0faf 4a32 e4dc 45f9 dfc7 02f7 2116 cedc  ..J2..E.....!...
00015aa0: 12f4 fcb7 faf2 14e5 41f2 00bc dff9 0b7f  ........A.......
00015ab0: 00df 909d 0e29 f40f ed27 3ee4 eb68 23df  .....)...'>..h#.
00015ac0: 0ed6 fcc3 03db 30ec 2efc 33f1 10bd ff25  ......0...3....%
00015ad0: 1f41 e4cd f83e e453 1e7f 1e14 0e26 fedd  .A...>.S.....&..
00015ae0: 4e18 fb48 03e2 fa48 fe22 163a f4d3 f9cd  N..H...H.".:....
00015af0: 06ff 055e 11ee d7fb 0650 6ce6 3e04 ee96  ...^.....Pl.>...
00015b00: dcd2 271a 13ce 9df7 0065 e5e0 4ff1 c814  ..'......e..O...
00015b10: e9f2 0b2e dfff 0d0d 0430 dfd4 0324 091a  .........0...$..
00015b20: 2b09 c10d 0e22 23b7 7f1f 320c 1a54 f52e  +...."#...2..T..
00015b30: 21d3 ba22 04fb 1e31 03f9 2daa 0b36 ebe3  !.."...1..-..6..
00015b40: 28f2 a521 ba19 0a19 41c1 c31e d725 e7ff  (..!....A....%..
00015b50: 02c8 afbd 2609 ec88 2f30 1717 0297 5b2c  ....&.../0....[,
00015b60: 0c2b e9f8 0eff 12e2 e842 45ea 0701 d509  .+.......BE.....
00015b70: abef 360e 0c81 1b0c f6f2 f032 0988 3eeb  ..6........2..>.
00015b80: 2018 4c0e dd84 f764 1303 2f0b 2ae2 05d6   .L....d../.*...
00015b90: fd1f 4c5e 0609 5db4 c0ce 07ee 1856 1801  ..L^..]......V..
00015ba0: cb67 f6c1 d92a 5e81 129d e0e9 0de9 9a34  .g...*^........4
00015bb0: 4fb5 db0a fe2b 39cf 3c97 d56c d20c a716  O....+9.<..l....
00015bc0: d568 d147 c242 09da c929 bc01 042a 4ed9  .h.G.B...)...*N.
00015bd0: d5e2 19ee c2c8 39f6 e713 ca09 e213 1203  ......9.........
00015be0: 29d2 083a eecd d73c c5f7 f0e5 ce46 e914  )..:...<.....F..
00015bf0: 313c f6f8 e2e5 0681 211d 2ad0 c8d6 da84  1<......!.*.....
00015c00: 0cd5 d95d da7f f712 c609 e3ce 28e9 aef3  ...]........(...
00015c10: cc09 0a99 3f93 12f6 c9d2 bc95 2ecd 4df4  ....?.........M.
00015c20: b63d f635 c940 e9b1 e352 66dd d537 1288  .=.5.@...Rf..7..
00015c30: 9d04 3c95 9ae6 e82e bd02 0ad1 2a34 eb37  ..<.........*4.7
00015c40: 10d5 cbe3 d41c 06fe c3e8 fce7 ebe1 563b  ..............V;
00015c50: f73f 24f9 c9f9 dd39 0202 21eb 153b 0bdb  .?$....9..!..;..
00015c60: cee2 287f fe28 da66 cdff d918 11eb 2fa6  ..(..(.f....../.
00015c70: 392d 3622 df09 bcfd c7eb fffa 08f5 1ccf  9-6"............
00015c80: f9c5 32f2 06c2 e911 8108 20ee 06c1 e727  ..2....... ....'
00015c90: ea3e 0933 ec0f da47 1bfc 3203 e223 df04  .>.3...G..2..#..
00015ca0: f6f6 1e3b dcfd f5fa 2bf3 d714 0be6 28d7  ...;....+.....(.
00015cb0: 1410 0f10 ee30 fee1 530e 24f8 3c19 d600  .....0..S.$.<...
00015cc0: cc5d ea4b 0c08 f6dc 06c5 a54b cd25 d1e3  .].K.......K.%..
00015cd0: e7b4 03e4 f5b1 14f3 04c3 bbf4 36c3 06f5  ............6...
00015ce0: d01f f6e7 442a f5e7 d80e 04e6 e77f 2d1b  ....D*........-.
00015cf0: fbed e5e9 04af fdde 45d6 be4a ec81 05d3  ........E..J....
00015d00: f844 2b1f 3f02 0b04 fa45 1de8 6137 1aac  .D+.?....E..a7..
00015d10: fcb2 1d1c f1e3 47ab e7c7 f2f2 ef3e f3eb  ......G......>..
00015d20: f02c d6d4 c504 47c4 4c04 1ab8 d6c2 df55  .,....G.L......U
00015d30: 1aca a9a3 ee03 0619 07ee 03f1 0462 fa48  .............b.H
00015d40: 1d07 f7db 9d03 3e17 6ce1 fd47 641d 6404  ......>.l..Gd.d.
00015d50: 0de6 21b4 8976 3594 bb3b 10c9 efd1 2c17  ..!..v5..;....,.
00015d60: 7f13 bda9 0901 0c09 0fe7 fc03 0a0e af22  ..............."
00015d70: 0ef8 e033 ef8d d9a2 d6fe fc37 1c29 2c11  ...3.......7.),.
00015d80: 1d02 089e f0a8 2ce2 7d39 7f0d 4ae3 331c  ......,.}9..J.3.
00015d90: 680d e516 fe53 2bf5 e650 1601 c9f6 e305  h....S+..P......
00015da0: 5a10 a1d0 e9d5 3412 4ee4 fb08 1aab 8d37  Z.....4.N......7
00015db0: 0fb7 fb56 130b 12dc 3545 1d00 bc16 92ed  ...V....5E......
00015dc0: 8fe7 7461 0346 c0e4 81e1 82b4 2106 9106  ..ta.F......!...
00015dd0: a515 e4d7 d5c8 b355 3ecd adef 1160 39cf  .......U>....`9.
00015de0: e0f2 0227 ff56 eee7 fdf5 c5bc 2c78 56e9  ...'.V......,xV.
00015df0: 3f48 0c08 cbfe c2fd fdfc a07f 1eb2 2a53  ?H............*S
00015e00: c923 52e6 2c12 35dd fb52 05eb 2320 19d8  .#R.,.5..R..# ..
00015e10: 07ed d930 a94c 49f1 f1ec fce6 c642 ef00  ...0.LI......B..
00015e20: 2602 bae8 f0de 1426 42ca d502 ef13 fd48  &......&B......H
00015e30: 4e08 c005 0530 f2f8 3b2d 54a2 447a b6fd  N....0..;-T.Dz..
00015e40: e935 d670 f016 b1b5 21ec 990b 8102 e2f4  .5.p....!.......
00015e50: 16eb 0cc0 f6bb d7e1 111b 9b03 2cf7 0b39  ............,..9
00015e60: d00d ec21 25fb 1522 9c2b f3f8 0025 fceb  ...!%..".+...%..
00015e70: 0d06 e81b 21ab b3ec 0c14 1329 1fa0 2220  ....!......).." 
00015e80: 2d16 1e4a e708 d455 670f 00dc 4129 2ac4  -..J...Ug...A)*.
00015e90: c4df 610f a1fd 7cb1 adbb cfe0 2c53 53d3  ..a...|.....,SS.
00015ea0: b54a bbbd f92f 73bf 0ec9 f2db 1b07 9948  .J.../s........H
00015eb0: 7fc8 ddd4 fdfa d9ec d011 68fc feba 49e5  ..........h...I.
00015ec0: 39ba 4610 c40e e354 2d01 01ee 7d02 00e1  9.F....T-...}...
00015ed0: a303 0c09 b627 19c8 9020 d2e9 4409 7fe0  .....'... ..D...
00015ee0: f347 b6dd ea7a 4bc6 4fee 4d47 e61a b2f8  .G...zK.O.MG....
00015ef0: 61e4 f51d b1ed ebd7 ccf5 2748 18dd e4a2  a.........'H....
00015f00: 552a 19f1 f8c3 0860 5c7c 26c0 3d9a a5bd  U*.....`\|&.=...
00015f10: 0e34 f75c 083c 0617 3d11 f4fe e01e 0d6d  .4.\.<..=......m
00015f20: 216c c70d cd9c 4e9b 053f 1e21 14bd 810a  !l....N..?.!....
00015f30: 1a90 1240 e5f8 0608 30e8 091a 6119 c25b  ...@....0...a..[
00015f40: 0b23 1011 f0ca 7f12 7dc7 a343 fb15 15e8  .#......}..C....
00015f50: 67d2 dcd0 de1c 2fc4 1a49 fac7 08f6 e31b  g...../..I......
00015f60: 2961 c6e4 d9dd fff5 ef00 1da1 f51f bb45  )a.............E
00015f70: 23df fe3e 0db2 dabb 1f0b 1bb1 c92e 8400  #..>............
00015f80: f831 1560 d31d ddce b79c a7f7 e9f9 f2bd  .1.`............
00015f90: cb09 2ef7 24eb f6fb dbd4 f713 24fc 32e5  ....$.......$.2.
00015fa0: c6e7 2a1e ea16 f4de 8120 dee5 f22a 1eda  ..*...... ...*..
00015fb0: 1314 e5ab f1fc e201 04c8 aa7f c9c6 2733  ..............'3
00015fc0: 1024 5af2 fb00 4405 4915 2c26 2e2f 6eb5  .$Z...D.I.,&./n.
00015fd0: faca ee49 eb23 5ad2 b0ec 45fe cf33 17ec  ...I.#Z...E..3..
00015fe0: fa09 03de c2df eb09 2eb9 a9da c5eb d05d  ...............]
00015ff0: 4903 e8b0 dd37 08f3 3111 2e35 0d1a 14c2  I....7..1..5....
00016000: 955a e622 be0f 1cc1 bf08 1bee 14ce 1713  .Z."............
00016010: 0424 14d2 efc5 0d09 c602 0d19 1f10 e89d  .$..............
00016020: 0e11 1a75 fb06 dd31 1c28 fc44 ce4e 60b3  ...u...1.(.D.N`.
00016030: 1022 0f81 cbd8 f3f3 4534 f033 cd17 bb07  ."......E4.3....
00016040: da5f 1e5e fd16 35e2 7f11 d405 0828 2ba3  ._.^..5......(+.
00016050: 02c4 17cb 07b8 43bf d2dd e4d5 e42b 00f8  ......C......+..
00016060: 071c e5e2 e5f1 fbd7 d71f ebd2 e026 f249  .............&.I
00016070: 21f7 f186 0ac7 f121 2500 21cc 4e07 fe45  !......!%.!.N..E
00016080: c82f fe23 bf22 ecd5 0391 a447 0110 2118  ./.#.".....G..!.
00016090: dee5 40ce d605 12e1 fdd1 dd11 44ff 1fc9  ..@.........D...
000160a0: e036 e005 0c27 f1d3 dede ee0b f77f f811  .6...'..........
000160b0: 06d7 e0f2 f7ac d3a7 f31e 63fc 0b7f eff9  ..........c.....
000160c0: 0d5c 24f2 a4b2 4b4f 4573 7402 18e9 e717  .\$...KOEst.....
000160d0: 3d01 f874 0d36 fbd1 0022 cffd 41f6 48fe  =..t.6..."..A.H.
000160e0: 4458 f41c 03e3 44ff c83c 4e1a 08bf 9b04  DX....D..<N.....
000160f0: 566f 0d01 489c 26c3 c7f7 b74c ecd7 64fb  Vo..H.&....L..d.
00016100: b6fb 389d 4ae9 0bd0 b427 55fc 34d6 0239  ..8.J....'U.4..9
00016110: 310c 2443 e333 5a64 f31e 3411 c06c bab5  1.$C.3Zd..4..l..
00016120: 05f3 f827 ba09 f210 7f90 9dee 26fa 6224  ...'........&.b$
00016130: e8f5 a006 cc70 bade 36c8 09cf 7e5e 1c34  .....p..6...~^.4
00016140: dddd a8c1 49af cca0 ad87 d643 b4fc c073  ....I......C...s
00016150: 5bcb 150b 3626 e655 7fdf fa1a 38e3 9925  [...6&.U....8..%
00016160: f1fc fdfd 4a06 0dc9 f3d4 2be3 e81a 1000  ....J.....+.....
00016170: 98dd b947 3aba 15b8 f4e0 07d4 2ce7 f9f4  ...G:.......,...
00016180: d8e5 cef9 f639 0ce3 810c f4e2 dfbf e860  .....9.........`
00016190: 0afd fcd7 e3a2 b73d 0fdd ff25 32d4 19b2  .......=...%2...
000161a0: f7d1 2872 0513 cc01 0e11 2c10 f519 4da6  ..(r......,...M.
000161b0: d51b 2fff e4da 0220 75e0 e921 c6fb c0ea  ../.... u..!....
000161c0: c160 c343 ff1b 2cd8 e1f4 d013 d125 16d9  .`.C..,......%..
000161d0: 1cb3 11ac 1a8c 2308 dbf4 bddb d136 bdfc  ......#......6..
000161e0: e420 082a c609 c2f0 d6f7 f6a5 c727 3104  . .*.........'1.
000161f0: 1a04 f181 d8ef d5e3 1434 1116 fadd fedf  .........4......
00016200: 4022 5946 eeb5 3016 3c09 d6fd 0208 c181  @"YF..0.<.......
00016210: 193b f5d7 cc4f f2d9 0ecd 24de cdd9 0125  .;...O....$....%
00016220: aa4f f7fd e8e6 15c6 ef14 badc 0b01 df14  .O..............
00016230: 2f04 2114 07c3 e8e5 e1f1 d1f8 bafc 96c5  /.!.............
00016240: 0e93 00e9 1c02 e436 893e e7a8 f405 e8ff  .......6.>......
00016250: c325 c1f8 17e4 ade8 421b 131c fdd4 dd11  .%......B.......
00016260: 1409 7f4a e9d7 b724 dd45 38fb 08b7 0800  ...J...$.E8.....
00016270: f039 71fc f1f7 db56 e2ef 4cb6 7fe1 e60e  .9q....V..L.....
00016280: 0f18 deeb d3b8 da48 bca9 c234 bbde 080a  .......H...4....
00016290: e004 232b f0f9 001c 28ff e4ea 4013 df0b  ..#+....(...@...
000162a0: 981b 0e3e ff06 00e3 eb0a 2cf6 0813 0bbf  ...>......,.....
000162b0: 22ba 0239 ffec f4e0 e853 1958 bf09 9ded  "..9.....S.X....
000162c0: 0415 332e ea29 24de 6e7f 22ae 2fcd 7ee8  ..3..)$.n."./.~.
000162d0: e63c 4cef b2da 1afc cf55 d9de e347 fff8  .<L......U...G..
000162e0: 6bf2 0f30 e3d3 0169 fd2f 042c 111f f50a  k..0...i./.,....
000162f0: 670f 1b0d de08 d9dd a715 17f5 f2db fcc4  g...............
00016300: 59e1 00e1 cdc7 024f f82e 41e1 21bd faf3  Y......O..A.!...
00016310: e67f ea1e 0623 cffd 0529 fc08 e014 2a18  .....#...)....*.
00016320: 0c0d f816 f5f5 23f9 eef1 053c 33b4 c1a1  ......#....<3...
00016330: 3215 5d62 d323 2424 c7db f8f0 17fc 11e3  2.]b.#$$........
00016340: 2beb f528 c4cf 0d0e fd33 3ccd 48ec e36e  +..(.....3<.H..n
00016350: f147 be12 fa20 d7de 1cf3 011b e5f6 5e39  .G... ........^9
00016360: 2803 dbf1 4222 40f1 00f1 ee5a 50e9 a0cd  (...B"@....ZP...
00016370: 05f3 557f 2ef3 5cf7 3b17 1918 09eb a5f1  ..U...\.;.......
00016380: d71f ed55 3ee7 03fe eae2 c333 c5f8 c9c9  ...U>......3....
00016390: 0dd5 33d2 1a98 3532 0fd4 d9c4 f04a b412  ..3...52.....J..
000163a0: be23 0912 b716 f4bc d7ff e981 d82a 2c0e  .#...........*,.
000163b0: fed4 d9cf f4dc f1ea c7ee cd17 a5e5 0b1b  ................
000163c0: 65ac 7fcd fa17 404f 1d4e 3aab 74ff 27fa  e.....@O.N:.t.'.
000163d0: c42f f938 da4a 0afa ba33 60ea e340 33d7  ./.8.J...3`..@3.
000163e0: 2019 0e1a b212 1429 1515 fb36 f481 e0f0   ......)...6....
000163f0: 3e47 14f8 f44e 0218 ddd3 ca15 d581 45b8  >G...N........E.
00016400: 30ce 2de7 f5c8 135a b322 36d7 35d8 0115  0.-....Z."6.5...
00016410: e02d f037 0afb f2ec f6e7 3800 f23e 17f1  .-.7......8..>..
00016420: e134 190d d039 13c8 2ae7 050d f2b5 e6de  .4...9..*.......
00016430: 2702 2a00 cb46 1c05 3ffa a84f 98d5 49e3  '.*..F..?..O..I.
00016440: 042e efec 0226 4ad8 5e47 6aca 6062 15c7  .....&J.^Gj.`b..
00016450: 15b9 ebf1 f439 5ef5 bd21 fe01 d91e eab0  .....9^..!......
00016460: 1461 cda5 d0c3 29ea 56d2 0eb0 fd00 a47f  .a....).V.......
00016470: d6d3 df9e cdfa c22a f4e2 56ea 170c 2715  .......*..V...'.
00016480: 46f0 00e1 e6f4 f85c 5ff5 f101 4213 15e1  F......\_...B...
00016490: e8f2 0209 d12b 25ae fd20 dfe1 34df 4608  .....+%.. ..4.F.
000164a0: 3d3c bbd4 1c3b 41e6 0a02 550c f1f7 812a  =<...;A...U....*
000164b0: 3bdb fc40 08c2 fcf3 d3dc cd60 aa26 0dee  ;..@.......`.&..
000164c0: 1b16 4302 ddcb 64fd 5b3b 7fc8 4e00 19cb  ..C...d.[;..N...
000164d0: 4c3a 101c e46f 3c24 f049 3136 852f 0ff2  L:...o<$.I16./..
000164e0: 1f07 0b23 a3c7 1024 3bd4 aee9 e4a7 d228  ...#...$;......(
000164f0: 3407 f2f8 eb41 28fc 14d2 fd68 d281 53bd  4....A(....h..S.
00016500: f60b 6a0d 23b9 1235 8a0d 38c9 42e7 18ce  ..j.#..5..8.B...
00016510: f7fe 102f 08f6 2302 e4c6 2201 3c3f 00b1  .../..#...".<?..
00016520: 064b 29e5 b441 2e97 44ed 4103 dbdc 03ed  .K)..A..D.A.....
00016530: 21fb d4a0 e93a 6016 eb06 d97f 0fdd 3659  !....:`.......6Y
00016540: e518 31b7 31d9 4f01 4619 3c18 f41e 26d6  ..1.1.O.F.<...&.
00016550: 1df5 1118 be1f 4829 f81e 27d2 d960 dae6  ......H)..'..`..
00016560: 0208 e1f5 c7e5 f33a 3cbf cbd5 f200 fc1f  .......:<.......
00016570: 37e3 ca0b 0e2c c8e7 2c06 1fb9 5073 a93e  7....,..,...Ps.>
00016580: c239 cb2f dcea eed5 c081 a341 9ffc ce26  .9./.......A...&
00016590: 2022 f299 0c1a d306 67c4 cf0c 0ad6 fb1d   "......g.......
000165a0: f5c0 0e20 4efb fc10 8bd8 f8d2 3243 0fd3  ... N.......2C..
000165b0: f625 1d5f 2f9d f4c3 e503 00f5 f4d0 00c2  .%._/...........
000165c0: 11cb 0e12 1e27 db10 8125 0acf e9f7 cc20  .....'...%..... 
000165d0: d810 f10e 0eda c542 18f0 0de8 ed29 ef15  .......B.....)..
000165e0: d0e6 2d40 e62a def1 2119 fee8 f1e4 43d7  ..-@.*..!.....C.
000165f0: ef14 0fea c137 fb1f 1b4f 4deb f106 c0b0  .....7...OM.....
00016600: b5fe d17f e854 c2cd b13d f3e0 311c 980c  .....T...=..1...
00016610: af29 fe16 08ad e519 d902 d21c e42c 18e6  .)...........,..
00016620: 13d9 0c2b 2434 f9f5 0611 0525 0b47 53c6  ...+$4.....%.GS.
00016630: 1123 09cf d60c 1146 f4e7 2f16 17e5 ec1a  .#.....F../.....
00016640: 4112 0020 a9b5 3372 6bcf e334 3219 13e7  A.. ..3rk..42...
00016650: 0e1b 0cfd c428 2aaa d10f fcf5 03ff 4f0b  .....(*.......O.
00016660: 1a35 d5ed ea1f 1eca e5da 19f5 0701 8119  .5..............
00016670: 53d8 1141 daae f6ba de08 3bf0 1b74 aabe  S..A......;..t..
00016680: d6ce c4e8 fb08 e0ce f23c 3cf4 dddf ea56  .........<<....V
00016690: 13f7 f11d 0cf6 da3d 2871 e008 f9ed b24a  .......=(q.....J
000166a0: 7fc4 0e04 29d4 0517 1f23 341d 33e4 190e  ....)....#4.3...
000166b0: d0fc 143f e5f4 2201 b0db deea ff0a 4566  ...?..".......Ef
000166c0: 0f56 52c7 9f05 49ea ccc0 d9e9 230f 45e8  .VR...I.....#.E.
000166d0: 0758 dc05 a57f f9c6 27ec 5e3f f7f7 50bf  .X......'.^?..P.
000166e0: d7d7 0e1a 110f e66f ebac 9250 01e8 f9c8  .......o...P....
000166f0: 4753 3a38 ea11 b8d1 0232 4827 3699 f48d  GS:8.....2H'6...
00016700: d742 1028 1cd0 c00b 9e64 f1e4 2ffa 94eb  .B.(.....d../...
00016710: d7ff e33e dfb6 1f18 0a4b 9d13 c545 1d03  ...>.....K...E..
00016720: 7fcc a7ec 1316 12e3 5620 10df 3321 0638  ........V ..3!.8
00016730: 2e9e ce4d bd3a 54ff b025 49b0 751f 9d01  ...M.:T..%I.u...
00016740: 0619 0c32 bdf8 b2fa b281 b1ce 0db8 d5e6  ...2............
00016750: ea64 11df c90b f640 3ae2 cd2b 0815 33d8  .d.....@:..+..3.
00016760: b402 e01e f123 34f3 bbf4 f9c8 4353 cba3  .....#4.....CS..
00016770: 30ff 2261 caa3 e8f9 ee7f 778d 4a7f 8a32  0."a......w.J..2
00016780: f4cd d306 21ff 8ed2 27c0 c121 a2de ce0c  ....!...'..!....
00016790: d304 2903 ea0e dd45 5c44 c1d5 1a07 ce3a  ..)....E\D.....:
000167a0: 06fa ea0f 18d2 1a0e b22e 22e6 162c 12fb  .........."..,..
000167b0: dee6 d164 0cc8 ca06 fbe3 ce09 9cec 1331  ...d...........1
000167c0: 3821 4bda 01c3 23ef 44c7 1131 f321 12ae  8!K...#.D..1.!..
000167d0: 230d e0d0 0247 4206 f051 fdc8 c938 eb38  #....GB..Q...8.8
000167e0: 0146 e3a9 9fce 12f4 cfa5 9aa2 e6fc 9e48  .F.............H
000167f0: 17d9 013b 210c ee81 f802 0638 fcd6 56a3  ...;!......8..V.
00016800: c213 183b 3681 e5eb e553 61d6 01f7 eeda  ...;6....Sa.....
00016810: 2bf3 225c 57cd 2eed e5e2 f7f9 e649 be08  +."\W........I..
00016820: e3ef 0adc 1e3c 21b5 4bd0 de24 f7c9 1936  .....<!.K..$...6
00016830: 32b2 d0b8 3c7a 550d a70e 7881 2066 abc8  2...<zU...x. f..
00016840: 15af a1fa d220 dceb aecf d5d5 d7c3 8a67  ..... .........g
00016850: e72f ca00 2404 8a31 3749 f92b 33c6 253f  ./..$..17I.+3.%?
00016860: 17ba 1959 2ef9 df1c d95a 3753 2dea 2c92  ...Y.....Z7S-.,.
00016870: b925 174b ebe7 fd28 f70f d87a ce8a 36c2  .%.K...(...z..6.
00016880: 50fc 1600 0c94 574a 7f6a 5ae3 50f6 23c3  P.....WJ.jZ.P.#.
00016890: 3803 fe3a 1e1c 7fde b622 1de8 d22a ed08  8..:....."...*..
000168a0: 0558 f7bf a3e0 24b3 31f8 07ff e09e c523  .X....$.1......#
000168b0: 23bd 1bc2 e116 2a13 aede 02dc 20e8 17dd  #.....*..... ...
000168c0: 0f87 f0ce 3fdc e614 9a09 f9f5 e9d0 816a  ....?..........j
000168d0: f32d ba39 0522 a35b 51f2 1614 ef01 e71b  .-.9.".[Q.......
000168e0: e0d4 1533 1020 e4f9 32fd e800 1ee1 3ed4  ...3. ..2.....>.
000168f0: d0fb 0e6e e33f 1ffb 26fa 0126 ca0e ea29  ...n.?..&..&...)
00016900: 14fd f02a 2c7f f7e5 0b0f b0ff 1756 c8d9  ...*,........V..
00016910: b1fe cde6 dac9 d804 d009 bdc9 e218 151f  ................
00016920: dff7 ce1e 0238 ccfa e5eb b6d4 e86a 1ed9  .....8.......j..
00016930: 1f1e f910 b2f6 c1bc 16f4 c47a e6d7 08a2  ...........z....
00016940: b921 20f3 0b0a 3ffb ff48 50ff 2a14 0100  .! ...?..HP.*...
00016950: 11e2 ee3c 0aca 360b 1eea 0b12 d2f2 c7cd  ...<..6.........
00016960: 6905 f0ec cf00 e8dd 7f18 0a10 e7f9 2138  i.............!8
00016970: e1da e5aa b926 2b1c c623 7f13 1821 d5fd  .....&+..#...!..
00016980: e71a 4c6b b65b d8de ea56 bdd8 f5b5 4816  ..Lk.[...V....H.
00016990: e850 3e1c ad13 03f5 d631 f209 ef1c 4aec  .P>......1....J.
000169a0: eddd f94a 3011 df42 d309 d666 0e46 1d94  ...J0..B...f.F..
000169b0: 3f57 1403 8633 ec04 13eb 3a28 2727 0baf  ?W...3....:(''..
000169c0: d2f0 ef33 c7f1 0bfc c203 09ea f9ec ea5d  ...3...........]
000169d0: 20fd 1edc f1bd 2448 eec6 120e 2633 f181   .....$H....&3..
000169e0: be1f 2773 e621 b81b 53fb 0df0 f230 43b0  ..'s.!..S....0C.
000169f0: d8e4 e0ac e9d8 d2f0 ff11 e2f1 98cc d1d0  ................
00016a00: 4c0a 665f 0bf7 0519 3adf b8e4 5337 e1b8  L.f_....:...S7..
00016a10: a6c8 f702 123f 40b3 e9f6 fb10 f7f0 1948  .....?@........H
00016a20: 1f58 c981 d5d8 3aab c61a ede7 bf0c c36b  .X....:........k
00016a30: d1d2 c6cb 1fc5 2cec 342c f079 d388 2915  ......,.4,.y..).
00016a40: c500 663c 1c57 2325 657f 0cd3 6d1f 2ae2  ..f<.W#%e...m.*.
00016a50: 99d7 3434 abec 44c6 af12 f3df 1871 12b7  ..44..D......q..
00016a60: 110a fedf fa39 ec31 4ef1 0620 f62a 0b3e  .....9.1N.. .*.>
00016a70: 6614 bd96 ef2b c013 01db b47f d1b4 3e5f  f....+........>_
00016a80: e621 46de 0c07 1c1a 252d 13f0 2130 53db  .!F.....%-..!0S.
00016a90: 01e9 f62d ca36 3ee3 c1fc 18ed d256 0bd4  ...-.6>......V..
00016aa0: 01f6 f2db d50e fd29 48a8 b6e0 0be7 f11e  .......)H.......
00016ab0: 4b1d efeb fc41 e0fb 5a22 ef4d d8f9 ede3  K....A..Z".M....
00016ac0: 0251 1a0d 06bc 1628 75e4 d82d 0c06 10e3  .Q.....(u..-....
00016ad0: 27ba 04db 01c7 2504 12d8 03bb 1914 fcce  '.....%.........
00016ae0: 0356 ffc2 bd36 2dbe 0b22 2281 f6fc d65c  .V...6-..""....\
00016af0: 16b2 d4ec 24c5 26ed 4304 1ef8 1aba f31f  ....$.&.C.......
00016b00: eac5 fa19 0f27 1227 3101 0f13 39e0 d301  .....'.'1...9...
00016b10: dce9 00db f4b3 ddff e1ec dcf0 2800 3edb  ............(.>.
00016b20: 1bec c940 317f 05ee 0708 1e31 dc35 e5fb  ...@1......1.5..
00016b30: 1bdb ffce dff6 f7e3 d913 519a ec7f b5af  ..........Q.....
00016b40: 2c07 13da dfd1 f9c2 d5e8 0fdf fe9e 891a  ,...............
00016b50: 2c61 d7c5 3969 ae3a 5068 0027 02b3 e33d  ,a..9i.:Ph.'...=
00016b60: 4a27 0728 d390 1de3 dc5d 1c25 0cf1 ede3  J'.(.....].%....
00016b70: a202 3533 feca 0fdd e534 e17f 32d9 4464  ..53.....4..2.Dd
00016b80: b915 3839 0c07 180e 4d47 dbcd fd1d 15f1  ..89....MG......
00016b90: b209 f654 ae35 0bee 09f8 0b1c fe77 38f2  ...T.5.......w8.
00016ba0: d9be f228 1709 e346 18d2 b43c 1723 3df4  ...(...F...<.#=.
00016bb0: 6c17 c214 1956 f027 25f4 a56e 07be 5231  l....V.'%..n..R1
00016bc0: 021c 3503 1c0b 2f23 5d55 1fed 4f2f 7fbe  ..5.../#]U..O/..
00016bd0: facc 512d b1ed 62da cad1 25fe d351 deda  ..Q-..b...%..Q..
00016be0: f61f c2e4 eddd e425 1ac7 d615 c301 e05a  .......%.......Z
00016bf0: 62d2 c8e1 284a d209 0f22 907f 0d0f 2851  b...(J..."....(Q
00016c00: aef5 2e2e 21cf 2f1e 3a0c d7ed d245 dcc3  ....!./.:....E..
00016c10: eb0a 0552 e230 3ed9 2310 2306 f764 20e6  ...R.0>.#.#..d .
00016c20: b0b1 301d e0fe f341 35c0 b9f7 f0f2 092c  ..0....A5......,
00016c30: 3a1b 91dd 0049 ab08 04de 3ea9 3c41 eaea  :....I....>.<A..
00016c40: f1d0 9017 dc13 dde4 ebcc ec42 e0d0 d340  ...........B...@
00016c50: 1f0b fde5 23ed d7f1 f6fb d41a 4081 141f  ....#.......@...
00016c60: f1fb 0232 4009 01ee dd05 222a 1a36 00be  ...2@....."*.6..
00016c70: e9e5 3a34 ebbd 28c4 2381 9c08 1bd5 2842  ..:4..(.#.....(B
00016c80: ea1c 2ff1 0dd5 2734 081c fa11 5112 2f3b  ../...'4....Q./;
00016c90: e6c0 f3ff c3ea 3887 f805 43c4 f50f 150f  ......8...C.....
00016ca0: 1eff 09de dde7 0601 4be9 eed7 03e4 b261  ........K......a
00016cb0: 13c7 e7dc 422a e0c5 f5cd 1e99 3f62 c2e4  ....B*......?b..
00016cc0: 38f7 ff08 f492 e706 0afe c80c e2ef 9933  8..............3
00016cd0: e90b ccec 1334 0bab 610f 23eb fac1 f47f  .....4..a.#.....
00016ce0: efd9 34e9 22c9 0faf e51c 03df 2dd4 f814  ..4.".......-...
00016cf0: 9bcb e12f 5ed8 0e01 0d24 05ea c005 cede  .../^....$......
00016d00: 4214 ee5b 3cb1 2329 31e6 9413 ef30 9996  B..[<.#)1....0..
00016d10: 1ac7 f50d 420c 27d0 2a08 f32e e8ef e97f  ....B.'.*.......
00016d20: 0e13 d8a9 e9ea 35bd 893c f7be c3e3 e728  ......5..<.....(
00016d30: b8e9 90fc 45b8 390d 12e1 1c57 13a6 002a  ....E.9....W...*
00016d40: caf5 547f 0965 e320 3949 c1de 6ff3 3d3c  ..T..e. 9I..o.=<
00016d50: 86b9 4325 d5b7 5297 8606 e5dc 0371 36d4  ..C%..R......q6.
00016d60: d019 deff f12d f7df 4eec c513 e07b f324  .....-..N....{.$
00016d70: 68b9 d2a1 cc60 d19d 01e5 d9e3 1125 e3ce  h....`.......%..
00016d80: 1af7 e00e 0ec6 e8eb bdce cff1 c2f2 9c1f  ................
00016d90: 26df cd1d 4f3f f5e5 5f18 fd2f dcf1 ee6b  &...O?.._../...k
00016da0: 10b6 3cf5 14b6 16c1 de35 13b9 f1b2 1208  ..<......5......
00016db0: 811b c3d4 2fd9 233e 12f9 3281 fd62 9e9a  ..../.#>..2..b..
00016dc0: 41f1 dfdf d5b7 bfe4 95ec fdf0 d9f1 860c  A...............
00016dd0: 2269 d0e2 4a59 8e17 501e 0034 de83 db68  "i..JY..P..4...h
00016de0: 53d7 6e10 2496 2cd6 a054 3ced 4398 13ea  S.n.$.,..T<.C...
00016df0: 8134 1d4b ff92 1e28 fe28 fd23 e0c3 26e5  .4.K...(.(.#..&.
00016e00: 1eda 0521 3e25 f915 d620 1f18 2c33 7ffa  ...!>%... ..,3..
00016e10: 0ea8 40e4 f3ad 5618 a1fc f6f0 b83a a508  ..@...V......:..
00016e20: e640 ca8a ccf2 dbe5 11b8 fae4 a726 e326  .@...........&.&
00016e30: e8c1 e5da ff31 f5e0 3a98 baf2 09f3 09ef  .....1..:.......
00016e40: 1c12 c305 c8a8 2725 e8c4 e540 0f0e 14ff  ......'%...@....
00016e50: 39f5 f3bc 1806 3281 ece4 0112 028d 1616  9.....2.........
00016e60: 1712 0de3 11f8 159f d6d3 47e1 dff9 b7ec  ..........G.....
00016e70: c4e9 3c0a 308c 49c9 16c0 1205 3b01 51cd  ..<.0.I.....;.Q.
00016e80: f9ed b5db e0d2 f1f6 ee03 5669 2705 3b36  ..........Vi'.;6
00016e90: 3be0 29d7 f8cc 32eb dada 0bc1 04bd def6  ;.)...2.........
00016ea0: ed5b b1dd 304b ddd1 1b81 242c dd3b b10c  .[..0K....$,.;..
00016eb0: 06a9 2c37 daca 1483 d865 7ffb 6548 f0d0  ..,7.....e..eH..
00016ec0: e13c c214 f9ca f2c5 5500 1c2f d0e0 e029  .<......U../...)
00016ed0: 3df9 1721 2ece 0209 0903 b00d f00a fc2f  =..!.........../
00016ee0: 0723 b3a9 3419 4bd1 d2d6 13fc 272a e7e1  .#..4.K.....'*..
00016ef0: fab8 f14f 1ce8 2cf4 cb10 1931 0fd3 2f1b  ...O..,....1../.
00016f00: e9fd 2f06 13cd 0907 f325 12ee 06d4 282e  ../......%....(.
00016f10: 0604 1835 e2eb 2330 e52f 132e d47f d1f5  ...5..#0./......
00016f20: f31a d914 b2f0 f0fc 4907 cb0a eee4 03e0  ........I.......
00016f30: 1bda df07 e863 e7eb fb2f 29eb 0a41 f3c8  .....c.../)..A..
00016f40: 2a10 ae11 549a ead8 15d6 e928 a318 90bc  *...T......(....
00016f50: 37c2 043f 6616 2729 4821 cf0e e0fe 8e63  7..?f.')H!.....c
00016f60: 0228 eed6 daac 3db6 d21c 15c4 c2cb fd26  .(....=........&
00016f70: 81bb 8703 31d7 1d08 fdf1 2e81 3079 8884  ....1.......0y..
00016f80: 1114 e8fa a2ba c1bb a9ec 15fe e49e 9521  ...............!
00016f90: 0767 fcbd 4d1f b60e 43fc e71f 0b9b 0140  .g..M...C......@
00016fa0: fa05 4052 14b4 2dc3 c936 0200 67e8 f8ca  ..@R..-..6..g...
00016fb0: aaf8 661d 0ce0 24f3 e2a3 afd3 355f f810  ..f...$.....5_..
00016fc0: 2800 0acc cde0 da00 c624 14db 022b ff2c  (........$...+.,
00016fd0: fb0f cded de1c e896 5ce1 27e9 bcdf db33  ........\.'....3
00016fe0: efc4 3df9 3789 2d1f 02ba eae9 5ea1 c547  ..=.7.-.....^..G
00016ff0: 0f0c 5535 7ff0 011f 4217 195d b9b2 f3b2  ..U5....B..]....
00017000: 0b09 0695 f137 37fa 0075 63fd 1dc1 2fd4  .....77..uc.../.
00017010: 13d3 2be3 00b0 d675 fe2a 0681 fc0f 9593  ..+....u.*......
00017020: ea6c 23d9 bd5c 08df 5d37 2fc0 dad6 f6f4  .l#..\..]7/.....
00017030: c210 d4bb b41e c11e 5907 cb63 de90 4922  ........Y..c..I"
00017040: a345 23dd f80c 2adc 3115 2b16 164e 38c2  .E#...*.1.+..N8.
00017050: 09b1 f926 e208 6ade 92f9 efe2 1636 1fb3  ...&..j......6..
00017060: 3801 cc81 eb48 f40b 3aac 1cf5 fa1a 134d  8....H..:......M
00017070: 282a ac98 e00c 04fc ff7f d86e f5ea 150e  (*.........n....
00017080: b11e 0d2a 42c1 0bf0 301f ecd8 c853 c5ad  ...*B...0....S..
00017090: fe19 f266 f34a 023e 3b09 db36 006d 0bf7  ...f.J.>;..6.m..
000170a0: f7ab f108 1406 f92f fbf2 dbff 00ef 5b02  ......./......[.
000170b0: 163d 83f7 e91d ee54 349b f6a3 860f 31e5  .=.....T4.....1.
000170c0: 4db6 2fd1 43af fc00 85b5 22f9 4816 0e26  M./.C.....".H..&
000170d0: 0cdd e9db 6d2b edca 0e53 4f00 d0fe 8ff5  ....m+...SO.....
000170e0: 1f4b 149f 81f4 f3a5 f704 01d4 add1 ca16  .K..............
000170f0: 81e1 c3dc 0c07 fac3 f05c cf46 0c34 db14  .........\.F.4..
00017100: 0757 39e2 deb3 2aef 7f32 25da e90e 0db1  .W9...*..2%.....
00017110: 0f7b e9f6 de38 f83a 4d16 26da fb4c 16e1  .{...8.:M.&..L..
00017120: 18f6 0842 e1da 0461 f600 ddfa 53b0 061d  ...B...a....S...
00017130: 6f27 273b 34ed da4c 049c bd1f 3be5 2626  o'';4..L....;.&&
00017140: cbf9 2276 b64e e633 2c4c d311 270f 333f  .."v.N.3,L..'.3?
00017150: 8fd9 424c 81de 1881 c6e4 1ae1 133d 4cd6  ..BL.........=L.
00017160: d1d6 f83b 2afc da31 5ad6 c23d 0041 df2e  ...;*..1Z..=.A..
00017170: 6000 efd6 ee03 c2a6 f705 2bc2 de33 c7ad  `.........+..3..
00017180: 45fe f220 e8d7 e8e5 d1b1 ce10 cae9 a9e5  E.. ............
00017190: fbf3 c900 5f1a fcee 405d f21c e2ce cb62  ...._...@].....b
000171a0: 1f11 21cc e4d1 3c9f b148 ece7 e0db e806  ..!...<..H......
000171b0: 81e8 d7d3 07d5 0c22 d62d af50 0b9f 6fe1  .......".-.P..o.
000171c0: db0d e4f1 4604 1bf5 bb55 6d01 281e 2be3  ....F....Um.(.+.
000171d0: 5d0f 233e d9d1 2262 ddb5 0f33 b346 c8cb  ].#>.."b...3.F..
000171e0: bc0e b101 1331 f50b 2a81 cc25 feed 21dc  .....1..*..%..!.
000171f0: 3b1a 070e c43e 160c 28fc 539f 2144 cded  ;....>..(.S.!D..
00017200: 11f3 c909 d20b e5f7 01a1 c332 f1ea e013  ...........2....
00017210: f7f0 ecaa 24ee cdd2 0ff5 c7f3 4281 1c2c  ....$.......B..,
00017220: 1c0c fce4 361b 0bdf b923 5109 fb41 dbdc  ....6....#Q..A..
00017230: c8e5 2223 11a2 20e1 1ae8 0b0f c41e c5ce  .."#.. .........
00017240: 1e22 6bd1 0927 02e3 0525 20de 1bfa fbca  ."k..'...% .....
00017250: f924 16af 0c11 f8fa 160d cdcc f4f3 e41b  .$..............
00017260: 3b1a 16ee d0e3 24f8 0621 09cf fed4 de7f  ;.....$..!......
00017270: f809 f8dc ddd1 efff 174d 2f0f c120 adc2  .........M/.. ..
00017280: 0b2f 097f fd04 f7cf 440c d7fa 2236 e98f  ./......D..."6..
00017290: f9e3 08f7 06eb 30f9 e709 c2df fbec 1927  ......0........'
000172a0: 1d0a d78f 0c0d 2dc7 dc20 efcc fd4a 082c  ......-.. ...J.,
000172b0: fffe e3b9 03c6 0d09 38b2 0aa5 243d 9736  ........8...$=.6
000172c0: d436 5726 e6d5 c72d 14da b133 1d11 e616  .6W&...-...3....
000172d0: c5fd c0b8 d4f1 f781 3504 1adb 1ae4 4250  ........5.....BP
000172e0: 22db 3de4 2bd9 39eb 0915 e5ca 5119 c263  ".=.+.9.....Q..c
000172f0: fa03 2c27 48dd 1600 e229 42c1 e548 cba9  ..,'H....)B..H..
00017300: 0fd3 0411 0cf6 e3de d00b 07e2 e5e3 8220  ............... 
00017310: c820 ea1c 2624 002c 0c7f e702 fa17 ea3a  . ..&$.,.......:
00017320: 0ef2 2512 e2d3 03f4 ed44 f019 0001 29dd  ..%......D....).
00017330: a0eb ecce ed1a f4f1 a8d3 dbfd d9d7 1d47  ...............G
00017340: 63a6 22fa 3feb 2556 ddb5 e3ff 0e35 2700  c.".?.%V.....5'.
00017350: ffbf 150e 02ff 48db ef16 350f 9f29 b04d  ......H...5..).M
00017360: e522 bfb8 94c7 d7f3 e8d7 c7d3 81df bb09  ."..............
00017370: e6c3 c0f4 3542 08c7 10f0 f77f ea9d 52b6  ....5B........R.
00017380: bcdd 25fb 3ebf 1f34 7405 52ee 15ed e80c  ..%.>..4t.R.....
00017390: efe2 c05c 0d35 0acc fb0e f0f5 4025 f119  ...\.5......@%..
000173a0: 3801 1fde 060c f6c6 23f5 4f56 bc03 ab15  8.......#.OV....
000173b0: c4ee b9e0 e71b 4d30 e644 da73 06cc 5a48  ......M0.D.s..ZH
000173c0: eb48 dbd7 f611 3fbd e938 2aef fd47 7db6  .H....?..8*..G}.
000173d0: 2730 280f 8d03 0149 d1d6 ea33 f031 f5a8  '0(....I...3.1..
000173e0: d4ef d0eb 45ea d37f d683 c53d 232a 19c2  ....E......=#*..
000173f0: 6e63 3023 c501 e70f f239 f87f dbc3 080e  nc0#.....9......
00017400: eb21 3a41 24f6 1e1f 5d33 f9f8 1c39 f7d6  .!:A$...]3...9..
00017410: dcd0 1e4a ee33 3d02 ebfd f400 0c56 2106  ...J.3=......V!.
00017420: f834 c5ca f526 2cda 1bdf dbfa e6f2 0140  .4...&,........@
00017430: 24ec b0ee ee21 07f0 aec2 19c9 2cef b40d  $....!......,...
00017440: 461e 47f0 0fec 0144 d26a b3c6 4fa7 d01e  F.G....D.j..O...
00017450: ca3e 08e3 cadc f2c2 2c15 1307 de11 fd27  .>......,......'
00017460: 1324 1949 e4a8 22c3 1357 e6cf 7fc3 b7dc  .$.I.."..W......
00017470: 39da 554c 5215 eee3 f2b6 0406 82bf fa08  9.ULR...........
00017480: 0ccd 7e45 b97d e62c b7ec 1abe 6fba 1d3b  ..~E.}.,....o..;
00017490: b354 2cc0 38fc f5c4 b3fa 2ef6 f030 7e81  .T,.8........0~.
000174a0: e32c 232c a331 eff4 31e9 f21d 423d f7ca  .,#,.1..1...B=..
000174b0: 62e7 5896 c16f d8a0 41df 4081 fa42 bd92  b.X..o..A.@..B..
000174c0: 0801 e805 e0ef b1c7 c2d1 f230 0ef4 e521  ...........0...!
000174d0: f0cf 0fbc 3c01 00df 0004 dfd3 069b d238  ....<..........8
000174e0: 302d 08c5 150d 309e 154c 24c4 f505 e336  0-....0..L$....6
000174f0: 87dd e4f1 d9be 10da f61f 5296 500d d5db  ..........R.P...
00017500: f9e4 ee23 003b c223 23da 94f2 f4d3 d33e  ...#.;.##......>
00017510: 81d4 f9f0 fbd3 d2f2 2a04 f9ef 5b07 0c11  ........*...[...
00017520: bde3 3056 530c e115 274d 471a e934 00c6  ..0VS...'MG..4..
00017530: 04f1 e506 efc7 b917 2afd 2361 2901 1a78  ........*.#a)..x
00017540: d82d 1923 13fd 2de6 29dd bf27 2d3b 3abc  .-.#..-.)..'-;:.
00017550: 17c8 16de aff8 1be3 f5f7 d612 1220 14ed  ............. ..
00017560: fd01 819d 256d f0fd f5c1 11f5 f645 f20d  ....%m.......E..
00017570: 41f9 ac0f 09cf e8f7 f00c 049b 1e73 81f3  A............s..
00017580: 0f38 eed8 f3e4 d8d4 e91a cbea ae15 82f9  .8..............
00017590: e324 cd15 0c5f bdf7 7219 d312 0bdf f77e  .$..._..r......~
000175a0: 3da5 5132 449d 2905 c54a 04c7 5db4 193b  =.Q2D.)..J..]..;
000175b0: c73b eb5f 40bd 0b34 ffaa b4f6 05df f842  .;._@..4.......B
000175c0: 2732 42a6 e312 331f bc2c 40e6 2ac7 7f16  '2B...3..,@.*...
000175d0: fe42 0dab bdd0 e801 14be 75c1 bf3e d89f  .B........u..>..
000175e0: 080e 353d 9bea 0437 25f9 d7d9 3ed0 d4f3  ..5=...7%...>...
000175f0: 7017 630f 291c ca10 dca7 ed0e 3310 fd48  p.c.).......3..H
00017600: 23f6 c726 b707 13eb 8f92 ce05 e9d4 281a  #..&..........(.
00017610: 1237 bdb8 ff1a c61a 01f0 ef2d f3d2 312e  .7.........-..1.
00017620: d4f1 0e29 32fc bc3c 81d3 dbf0 f949 ff97  ...)2..<.....I..
00017630: 1743 4c64 c409 30cc ff4e 2cdd 0979 9af1  .CLd..0..N,..y..
00017640: f34b f408 fcc0 e5de 1120 e1ec cf2d a5ee  .K....... ...-..
00017650: fc42 f336 dc4f db12 7f1f fb05 0110 1f62  .B.6.O.........b
00017660: fa95 2742 2dd1 0f40 fa0f e014 76e3 3209  ..'B-..@....v.2.
00017670: 0323 de49 4a03 d746 eb28 29e4 dff8 fbbc  .#.IJ..F.().....
00017680: 24ca 0d3d 16cd de1b e9c2 c303 e91e c3ff  $..=............
00017690: c8b6 f32f 311d 40f0 fd49 0d0b e413 d554  .../1.@..I.....T
000176a0: 010d 09c4 deee f9c9 e532 eff2 b0fc 0ffc  .........2......
000176b0: 8ed7 81b7 1311 fe20 33f5 f51a f4c2 e8e0  ....... 3.......
000176c0: 0e16 0169 fe5e ed03 221c c301 4934 42e5  ...i.^.."...I4B.
000176d0: a297 3cfd edbe 47a1 ae05 e3e4 1a23 19e2  ..<...G......#..
000176e0: ec28 00d0 0003 f9de f724 f7f6 9c3e e631  .(.......$...>.1
000176f0: 25c6 cd81 e3fb e7db be35 fb4e e19f 7247  %........5.N..rG
00017700: 07bd 1826 4021 fb24 de0f 0e0a 0a16 7f07  ...&@!.$........
00017710: e0b2 2128 c6dd 3f0e 8cf2 1244 9959 cff8  ..!(..?....D.Y..
00017720: eaee aaa1 f90e cf0c 20c5 a31e 9d0b 14e1  ........ .......
00017730: 18f4 a9eb bd65 eff7 eaa7 ac78 ebc2 4564  .....e.....x..Ed
00017740: b8f6 4304 d01c 220d 1a4a 0400 5a11 373b  ..C..."..J..Z.7;
00017750: bbd2 162f b538 588c 8f1a 1f03 0455 47c4  .../.8X......UG.
00017760: eed8 f421 d60e eb39 569e b821 fc4d d80e  ...!...9V..!.M..
00017770: 4900 e6c0 dd69 cf81 c798 873e 28c6 477f  I....i.....>(.G.
00017780: 1c02 49eb 3dd0 704c 2dfe dd07 1b57 3200  ..I.=.pL-....W2.
00017790: 14e2 f024 b3f9 3eae 2bdc 6216 af67 f5e1  ...$..>.+.b..g..
000177a0: c9ed 0aef cce3 ba22 10a8 b0a5 ecbc db1b  ......."........
000177b0: 5409 dc19 4c25 dd03 b000 7f9f 4342 a9aa  T...L%......CB..
000177c0: 5db6 e4ed e6f4 ee20 ecf7 fff6 e3ac b353  ]...... .......S
000177d0: ee39 efbf 0be6 a440 5d4b 07f1 e8c7 e53f  .9.....@]K.....?
000177e0: 1119 ea66 d0fa 0cd6 f37b 320e 0ff5 caa8  ...f.....{2.....
000177f0: dabc 467e ecc2 ffe3 9529 10f3 4f92 753c  ..F~.....)..O.u<
00017800: 1e98 1612 616a f8f8 b8f0 edfa 2bcf 7f4d  ....aj......+..M
00017810: c1c1 3a57 87b6 1445 ac2e 645c ca48 aff9  ..:W...E..d\.H..
00017820: 9ce3 dc12 edd7 8e5c 2927 ad59 aa50 449e  .......\)'.Y.PD.
00017830: 1eaf c8eb c875 a4f9 0b9c e4c7 07ef d6e5  .....u..........
00017840: 3139 4928 e0ce db14 e90f d0e8 4ae8 d922  19I(........J.."
00017850: d5f3 cbe6 fe0f 1081 21ea 32fd e4da 1045  ........!.2....E
00017860: 1117 33c8 eeda 3fa1 0334 ead9 2ed9 b32d  ..3...?..4.....-
00017870: cac4 08f5 5bf1 1cf0 bb1c 1009 2c48 fc2e  ....[.......,H..
00017880: f7e1 d8ef 04e7 3cea 1cfb 0ae7 c9ec e413  ......<.........
00017890: 164e eb25 fa21 d030 2627 012b f83b 190a  .N.%.!.0&'.+.;..
000178a0: d4eb 007f ffdf dd48 dee7 d834 2dd1 20b4  .......H...4-. .
000178b0: 3024 1c37 f41f d70a fec5 a147 fdb7 193b  0$.7.......G...;
000178c0: f219 3e48 0f52 0b05 1e51 fefd 4c18 7f32  ..>H.R...Q..L..2
000178d0: e5cc 2e0a cdd1 5aba ccb3 1221 b974 f501  ......Z....!.t..
000178e0: da06 e0ea efed e009 0b9c 9105 e71b d43f  ...............?
000178f0: 4bd7 e3ee 2663 dcd2 4a4e fa61 f3c9 47c1  K...&c..JN.a..G.
00017900: db37 b7b6 f626 e5b5 1260 7f03 4214 64c1  .7...&...`..B.d.
00017910: 3901 5d14 cbcf 2964 aef7 bfc0 0408 bc87  9.]...)d........
00017920: 033f e6a1 2012 0728 30c3 29fd 0715 050c  .?.. ..(0.).....
00017930: 1108 efe4 85cd f737 1ded cc7f e8e1 3561  .......7......5a
00017940: ce5c 2c05 1305 57e7 5034 13fa 1e44 5cc8  .\,...W.P4...D\.
00017950: 0dcc 0ffe cd07 54e3 c009 f9fd f17a 12cb  ......T......z..
00017960: ff07 cac9 d3ee 033a 2ea9 d4ce f6fd f941  .......:.......A
00017970: 56f5 b2c4 093e dde1 0c2c 58be 0120 9281  V....>...,X.. ..
00017980: fb04 db1c 1ef5 c0f4 dd46 f4db 18f6 eaf3  .........F......
00017990: e0e6 19e4 ead2 e414 2760 cee6 14b9 f04e  ........'`.....N
000179a0: 281b 4206 10dc 27cd 1c67 42f7 03ed 191a  (.B...'..gB.....
000179b0: bef1 ff07 09b8 e730 2ceb 3cd2 1007 c9b2  .......0,.<.....
000179c0: cd4c fb02 e7a1 14a7 2546 f942 e70c aacc  .L......%F.B....
000179d0: 44db d0bc 3915 15ee 22e4 e8e3 0e81 2516  D...9...".....%.
000179e0: 6b18 ae10 2f4b 39b0 f3b1 3bb4 574d e22e  k.../K9...;.WM..
000179f0: 0ac2 ca54 0ff0 02a8 fce8 f297 ce45 aad3  ...T.........E..
00017a00: 553b 35fb d9ce c1de c6ee cefd ee0a c1f8  U;5.............
00017a10: e314 c1d1 4567 e6ab 532c 0428 f2b2 e370  ....Eg..S,.(...p
00017a20: 48f4 46ac 1687 3bd4 b847 f7d4 4cbd db4a  H.F...;..G..L..J
00017a30: 8115 fc0a 55bb 1222 e51f 2d9c 176e 98e6  ....U.."..-..n..
00017a40: 061e f9d9 b110 e5d9 cd17 05ca d7b2 c733  ...............3
00017a50: 0073 e2b7 1110 9937 4316 f80f 17e3 fb01  .s.....7C.......
00017a60: 15d4 4955 0fe2 0a31 ec33 0c1b 71e6 24ca  ..IU...1.3..q.$.
00017a70: ff30 7f56 18e2 e220 4ce1 16d3 a714 c281  .0.V... L.......
00017a80: 2dde f152 0625 0c0e d1b9 ef4b 2a14 ade2  -..R.%.....K*...
00017a90: d4dc d0cc 51de 18c8 d41e f5c0 f884 0329  ....Q..........)
00017aa0: 3e4e e0c5 d524 0e8b f23e 1ed4 bd21 e829  >N...$...>...!.)
00017ab0: 99dc 0ba5 afba 4fc5 d9ce fac2 291d ced3  ......O.....)...
00017ac0: 0e17 d0f2 02d2 09d8 81d3 f72a f3ad c325  ...........*...%
00017ad0: 401f 0fe9 2fef cf50 29ea 0035 e6d2 b938  @.../..P)..5...8
00017ae0: 0c0d fc25 ebea 2ea9 ec0b 00c0 32d1 e8d5  ...%........2...
00017af0: a300 0c2d eee1 15c9 12f6 d85c d08c 18b6  ...-.......\....
00017b00: 1618 2d01 0307 2c12 317f 49aa 4b0d 20e2  ..-...,.1.I.K. .
00017b10: e6f4 ee12 dae4 31e6 f5f6 0617 0332 0fe1  ......1......2..
00017b20: 143a 03e7 d205 2be3 1105 0723 dcd1 c10d  .:....+....#....
00017b30: 2dc4 12cb f70b fe10 05ee c97f f4da 376b  -.............7k
00017b40: e108 f620 fd12 301b 1bfb f804 ce34 5fd1  ... ..0......4_.
00017b50: 08ef ee28 f029 12db d0c6 ee44 e62c 1de0  ...(.).....D.,..
00017b60: e1de edfc 1d1c c12f feac d4ed 0025 13f9  ......./.....%..
00017b70: 6035 f305 c818 0d10 3816 edfd c3fb bb81  `5......8.......
00017b80: 1e17 f4e2 11c9 dac2 d2ff 20ed ebf2 8aec  .......... .....
00017b90: 0ff6 daef 4922 d4ef 4212 eb10 e5cf d63e  ....I"..B......>
00017ba0: 3210 30da eba3 2ccc dc53 08a9 fdbb 013d  2.0...,..S.....=
00017bb0: 88e1 cbcf faba 0117 0522 6cd6 0635 c6bf  ........."l..5..
00017bc0: fbe8 de02 df2e ded8 fce7 eced 1181 fd2e  ................
00017bd0: f34a 0992 03bc 9452 3d2c b9ef 1fec 37e8  .J.....R=,....7.
00017be0: 4cf0 d11a 1834 301f d463 67fb 0835 09c1  L....40..cg..5..
00017bf0: c6eb 4044 d1d3 0826 d839 d93b c8d0 0b4d  ..@D...&.9.;...M
00017c00: f39f 2ee4 7ae3 317f 05a2 d0e0 cc4b bfc3  ....z.1......K..
00017c10: 00fc ccdc f054 e92e 35e6 3154 f541 cd06  .....T..5.1T.A..
00017c20: fbe5 ffe9 cf0e d51f dfeb ec9f bcc5 3013  ..............0.
00017c30: 075b b407 2ef2 d042 fe0a 53b5 fc27 e691  .[.....B..S..'..
00017c40: 24af cd27 d905 e7ee e790 fc2b e6d7 9b38  $..'.......+...8
00017c50: 031e d5d9 45fb dbf1 f023 df03 2281 2043  ....E....#..". C
00017c60: 1313 ee09 0afb 09c8 c73a 3137 e42c ecbd  .........:17.,..
00017c70: a9d3 2b0c d5bd 3cdb e0a0 edda 4a16 09d8  ..+...<.....J...
00017c80: 22e5 bd81 d1dc 09ef 85e0 5524 e7a1 095c  ".........U$...\
00017c90: 504b 0dd7 03bb d65c 020c 34e9 06ec c3bb  PK.....\..4.....
00017ca0: ed1b 2f7f c00c f419 0d0d 1c0c 12dd 0da0  ../.............
00017cb0: 00d7 6b3c e8f1 f1b7 d9f4 c67f 0fb6 444b  ..k<..........DK
00017cc0: bdda 2b38 1dce 282d fc08 e8f7 dc25 ea13  ..+8..(-.....%..
00017cd0: dbf9 043b e412 0f01 f9e6 082d e770 1be9  ...;.......-.p..
00017ce0: cfcc fb19 e829 e327 26a5 ac06 e908 2f0e  .....).'&...../.
00017cf0: 4224 ccf0 dc52 f1fd e80c c075 f1fa 0d39  B$...R.....u...9
00017d00: e72a e54e e856 03f1 195e d8f3 103d 7206  .*.N.V...^...=r.
00017d10: d9e3 2617 add5 26dd c6b4 c41d c12b 08d4  ..&...&......+..
00017d20: c9cf f60e 6907 d44f b397 9d2c 0f55 ebfe  ....i..O...,.U..
00017d30: 7f3d 2b17 c412 08e7 0d09 2b8c 1f36 b381  .=+.......+..6..
00017d40: 2b2c 1504 a2dd e1b9 a5f8 00fc 1ed9 d531  +,.............1
00017d50: fd3d fc91 160b e6f4 1cf1 f5f8 2ba2 071c  .=..........+...
00017d60: f252 2118 08e4 1cc9 db0a 2415 2c2d ddef  .R!.......$.,-..
00017d70: bec8 5323 0fbf f9e7 5fde e722 b40a 1fab  ..S#...._.."....
00017d80: 16f8 d1e9 3519 4601 10e9 303a e109 0b8c  ....5.F...0:....
00017d90: 7eba 30b7 5ada 2c11 e5f5 e7d8 feaa db00  ~.0.Z.,.........
00017da0: 282e fcab ca0f 0db8 0006 49a0 8cd4 fc58  (.........I....X
00017db0: bf16 da81 c399 19ff 4e4b 61cf 96ee 81b4  ........NKa.....
00017dc0: 3125 1877 d94f cff0 12f4 bbf8 3527 adbc  1%.w.O......5'..
00017dd0: b110 ebd6 f7dc 06ed e502 d3bb 1ae4 2a3f  ..............*?
00017de0: 233b d9b9 f742 3fdf c93e e7dc 1851 ea24  #;...B?..>...Q.$
00017df0: dff4 f0e9 c3bc f7e4 10c2 0cd6 fcd5 0897  ................
00017e00: f225 2c39 2217 f505 c1dd 0118 1cc3 e904  .%,9"...........
00017e10: f9db 1a17 5ee6 329d e606 1ce7 d3e4 fb18  ....^.2.........
00017e20: 161a 09ab ff37 299c 7f43 dcb9 2cf5 0e3b  .....7)..C..,..;
00017e30: d2d4 d594 030e 29ef efdd 1009 e2eb 0df1  ......).........
00017e40: 3a06 1ea6 ebb9 220a 49e6 4b22 2929 348a  :.....".I.K"))4.
00017e50: 4514 f50f d74f 47ce d613 4f2b d7a1 27e3  E....OG...O+..'.
00017e60: 457c d701 81c6 34b7 1230 fdf9 d4e6 b935  E|....4..0.....5
00017e70: aed9 33c5 efeb f411 fa46 68da 2e20 a0bd  ..3......Fh.. ..
00017e80: eec6 f96c fd29 05f0 0e14 930d e5cb 8101  ...l.)..........
00017e90: c926 00c9 ffee db1c 1709 bfe9 27a8 5a30  .&..........'.Z0
00017ea0: 21f3 f05e f439 1ede ea61 4024 f377 3dcd  !..^.9...a@$.w=.
00017eb0: cedf 1b0c cee1 edee fdfa 279c 2772 81ec  ..........'.'r..
00017ec0: 1054 0cca bfef f4d2 d812 f9e4 f3dd e5fe  .T..............
00017ed0: 0f4e e9a2 0018 ad18 5a1a 01f3 f7d0 f120  .N......Z...... 
00017ee0: 34d8 4120 1fdd 2315 fd2f 0ae0 7fdf fb01  4.A ..#../......
00017ef0: f118 515c 28d2 e610 54f6 26dc c6f4 ad81  ..Q\(...T.&.....
00017f00: 1726 45ff f219 dcbc c826 5016 75d7 d0cb  .&E......&P.u...
00017f10: 15de 01a0 09ee fd34 c8f0 dcad f2a5 d40f  .......4........
00017f20: 3e56 c8a5 d424 4898 3b35 2698 1508 d277  >V...$H.;5&....w
00017f30: a8e4 f9c8 b4b9 00e0 2412 ea2f f786 47d9  ........$../..G.
00017f40: 07e2 2829 3d21 d7f8 dd09 1afd 681d 24e7  ..()=!......h.$.
00017f50: d487 362f e2b9 7b0f 98ca f9e7 e178 c8e6  ..6/..{......x..
00017f60: f057 c0c5 b74e fc9f 4ddb f8cf 9314 e847  .W...N..M......G
00017f70: ed9a 8381 bf2b e6e9 040b ff40 e681 2f1b  .....+.....@../.
00017f80: 0b17 161e e737 0bea 0c4e ffe1 2d21 2bda  .....7...N..-!+.
00017f90: d2e3 11ff a1e5 130a a416 e5f0 0b39 0fd7  .............9..
00017fa0: f9f7 fccc fc03 e720 fe00 f92a 152d 1fff  ....... ...*.-..
00017fb0: 3510 d8ce d31d e2fd 18e9 8121 e7d7 1b58  5..........!...X
00017fc0: ef25 5402 1dee 023f 030f edc5 dd39 24f3  .%T....?.....9$.
00017fd0: dec3 b1fb df07 01ce 6ce9 6017 e73e 101f  ........l.`..>..
00017fe0: 21cd 0ce0 e8e3 fb51 faee d8ca e0d4 0f3d  !......Q.......=
00017ff0: 364f c0fb 6d33 0850 c475 2942 f021 d3de  6O..m3.P.u)B.!..
00018000: 3ac5 e2fb 1152 fded e447 37a0 f20d ead8  :....R...G7.....
00018010: f53a 603e ce11 1f60 0446 00d6 e86f bac2  .:`>...`.F...o..
00018020: f4f0 1d7f c9f9 8370 bb1d 0a46 de18 56f0  .......p...F..V.
00018030: 30fd efe7 ab25 b219 4413 7fb2 dd2c f6d6  0....%..D....,..
00018040: 04ce 0e15 c020 e803 38a5 db45 1cbf cc20  ..... ..8..E... 
00018050: d72d e7c9 3219 edea c8f8 f9d5 7a8f 6bd8  .-..2.......z.k.
00018060: 155f dc06 063f 13d6 c61e 514d d67a e3ce  ._...?....QM.z..
00018070: d6f2 2ae3 eaa1 27c4 0d48 63a3 f35d 9097  ..*...'..Hc..]..
00018080: 032b e614 e8eb b8da f6fe d2e9 ebee 81d1  .+..............
00018090: f90a ebc9 2325 d8f1 4410 be12 2aa3 1148  ....#%..D...*..H
000180a0: 25ea 20fc 36e7 30ca e15f 3101 2f01 1bfd  %. .6.0.._1./...
000180b0: a019 edf4 0fb4 fb56 fb4e 6281 4358 b4ef  .......V.Nb.CX..
000180c0: f9f0 d318 2e05 abc8 05e5 c513 a8d3 b318  ................
000180d0: ef06 0911 28fb e045 314f b516 2cdd e94b  ....(..E1O..,..K
000180e0: 04f5 1a35 11c4 0403 e650 0816 fe1c 27c9  ...5.....P....'.
000180f0: e2dc f927 08fa f6fb 044a e866 2aeb 1a51  ...'.....J.f*..Q
00018100: a323 1a6f 21e1 271d 7f38 cbfc e46c caa7  .#.o!.'..8...l..
00018110: bcf1 156e a5fd 4de4 17f4 f9e5 1a7a 2ee2  ...n..M......z..
00018120: a7e0 ec27 3301 f943 25c2 cd1c fa03 3b13  ...'3..C%.....;.
00018130: 4e2b a2d3 0806 c829 acfb 4b85 4947 f229  N+.....)..K.IG.)
00018140: 07c0 cec0 0cd7 ff09 a4af cef5 c6b1 bc7f  ................
00018150: 0f01 f7e4 1231 d733 752e 0f08 effb b737  .....1.3u......7
00018160: 25d3 0c09 0604 eaf0 0e1b 2fc9 3ae2 e7ef  %........./.:...
00018170: cff6 e674 28e4 cafc 077d d27f e6dc 1e36  ...t(....}.....6
00018180: da28 151a 40cd 17f5 5b20 01d9 e564 f79a  .(..@...[ ...d..
00018190: 0600 ea3f fd37 1b23 28fd e722 f472 fce6  ...?.7.#(..".r..
000181a0: 0ccc ddd6 fd0b 1429 f0dc e4d4 f6bf 202c  .......)...... ,
000181b0: 2b31 91fd 170f fd56 fe0d 3910 17f9 caf2  +1.....V..9.....
000181c0: d3db f543 fe47 f1eb ed19 dbda 19d1 cf3f  ...C.G.........?
000181d0: 9911 1715 e8c1 e92f fb1d d0cc 4343 3bdd  ......./....CC;.
000181e0: f504 fc7f f34a f318 1b4a 201d ff40 3ec5  .....J...J ..@>.
000181f0: 1fd1 11dd bb2a d3ba f60a ffff 0400 0000  .....*..........
00018200: 0018 0000 72ff ffff a3fe ffff 7106 0000  ....r.......q...
00018210: 50ec ffff ab47 0000 5308 0000 42fd ffff  P....G..S...B...
00018220: 5b19 0000 b1fd ffff f2f8 ffff 1011 0000  [...............
00018230: dbfb ffff 3c13 0000 96fc ffff d90c 0000  ....<...........
00018240: 46f4 ffff c0e7 ffff 7250 0000 dd4f 0000  F.......rP...O..
00018250: 2532 0000 c35a 0000 f40f 0000 87ed ffff  %2...Z..........
00018260: c150 0000 5ef0 ffff 8fea ffff e61f 0000  .P..^...........
00018270: f2fb ffff df01 0000 3c06 0000 81d9 ffff  ........<.......
00018280: 6d16 0000 bd06 0000 3506 0000 a513 0000  m.......5.......
00018290: c816 0000 ed15 0000 cf05 0000 2307 0000  ............#...
000182a0: 99f6 ffff 07f6 ffff 1f1e 0000 6b11 0000  ............k...
000182b0: bae8 ffff db06 0000 45e2 ffff 3409 0000  ........E...4...
000182c0: a0e9 ffff 7c05 0000 be16 0000 c602 0000  ....|...........
000182d0: 38e9 ffff 36f8 ffff ea01 0000 1aef ffff  8...6...........
000182e0: cd14 0000 7a09 0000 74fc ffff 45f9 ffff  ....z...t...E...
000182f0: 9014 0000 9d14 0000 6d16 0000 6822 0000  ........m...h"..
00018300: 46fa ffff 3ee7 ffff d003 0000 8113 0000  F...>...........
00018310: ac08 0000 1900 0000 0314 0000 5f12 0000  ............_...
00018320: ad0a 0000 ab10 0000 3501 0000 84f9 ffff  ........5.......
00018330: 5d0b 0000 3f0e 0000 2807 0000 e313 0000  ]...?...(.......
00018340: 8119 0000 7f01 0000 abf2 ffff 8627 0000  .............'..
00018350: 7815 0000 05f8 ffff 32f8 ffff ecef ffff  x.......2.......
00018360: 201a 0000 070c 0000 4c06 0000 40fd ffff   .......L...@...
00018370: a5f8 ffff dd0b 0000 f8e8 ffff 14e4 ffff  ................
00018380: 9801 0000 6bfd ffff 3e03 0000 3539 0000  ....k...>...59..
00018390: 85ec ffff fa17 0000 86fb ffff abe9 ffff  ................
000183a0: 61ee ffff 8947 0000 5a24 0000 590f 0000  a....G..Z$..Y...
000183b0: f002 0000 2020 0000 c00b 0000 392e 0000  ....  ......9...
000183c0: faf1 ffff 45ff ffff 2f02 0000 853e 0000  ....E.../....>..
000183d0: b72d 0000 f530 0000 64f4 ffff 3e03 0000  .-...0..d...>...
000183e0: 4efe ffff 61ed ffff 37f4 ffff 141a 0000  N...a...7.......
000183f0: 72fd ffff 6f16 0000 0e00 0000 ae20 0000  r...o........ ..
00018400: 2d01 0000 be29 0000 211a 0000 320d 0000  -....)..!...2...
00018410: 6207 0000 6045 0000 9d10 0000 280a 0000  b...`E......(...
00018420: b414 0000 8cf8 ffff 15eb ffff 6139 0000  ............a9..
00018430: 4ef3 ffff 6916 0000 0303 0000 be2f 0000  N...i......../..
00018440: 3e05 0000 f131 0000 24f7 ffff abfa ffff  >....1..$.......
00018450: 02fd ffff 2c02 0000 a2f2 ffff dd49 0000  ....,........I..
00018460: a81c 0000 e71b 0000 7bf3 ffff 07f8 ffff  ........{.......
00018470: 62fe ffff e402 0000 0b22 0000 f80f 0000  b........"......
00018480: 8d2a 0000 370a 0000 bc18 0000 b733 0000  .*..7........3..
00018490: 0107 0000 e7e5 ffff aae9 ffff d612 0000  ................
000184a0: b930 0000 7517 0000 fed9 ffff 22e7 ffff  .0..u......."...
000184b0: 23dc ffff 7e28 0000 0d06 0000 810a 0000  #...~(..........
000184c0: 3a35 0000 f21f 0000 a91a 0000 8823 0000  :5...........#..
000184d0: 100f 0000 9229 0000 f8f6 ffff 2f2f 0000  .....)......//..
000184e0: de1f 0000 a7e2 ffff d3f4 ffff af01 0000  ................
000184f0: 9712 0000 daf7 ffff ccf6 ffff a703 0000  ................
00018500: f002 0000 81fd ffff caf4 ffff f13d 0000  .............=..
00018510: dbf8 ffff ff25 0000 2218 0000 0ee6 ffff  .....%..".......
00018520: 8a0c 0000 7b13 0000 652e 0000 a6fd ffff  ....{...e.......
00018530: 0801 0000 0f06 0000 0600 0000 4b0a 0000  ............K...
00018540: 43d8 ffff 57f8 ffff 3b19 0000 ca43 0000  C...W...;....C..
00018550: 4146 0000 9848 0000 b4fe ffff fbe6 ffff  AF...H..........
00018560: 0416 0000 76ef ffff b8f7 ffff 55f8 ffff  ....v.......U...
00018570: 680b 0000 9325 0000 a2fd ffff 14f9 ffff  h....%..........
00018580: bd03 0000 8428 0000 1dec ffff 4c08 0000  .....(......L...
00018590: 9416 0000 6c33 0000 8709 0000 3b01 0000  ....l3......;...
000185a0: 3f04 0000 7d14 0000 9dec ffff 1520 0000  ?...}........ ..
000185b0: 80f9 ffff 2a31 0000 b2dc ffff dc05 0000  ....*1..........
000185c0: 5c00 0000 0e32 0000 b52c 0000 4df6 ffff  \....2...,..M...
000185d0: f51f 0000 2423 0000 39fa ffff c123 0000  ....$#..9....#..
000185e0: a60f 0000 300c 0000 9609 0000 44f9 ffff  ....0.......D...
000185f0: df08 0000 6f09 0000 45fb ffff 1e20 0000  ....o...E.... ..
00018600: 9205 0000 2202 0000 1621 0000 6730 0000  ...."....!..g0..
00018610: a612 0000 2f02 0000 09f9 ffff 4125 0000  ..../.......A%..
00018620: cb1d 0000 8e0d 0000 bfe6 ffff 7fd7 ffff  ................
00018630: ede8 ffff 451a 0000 6f07 0000 c100 0000  ....E...o.......
00018640: a4ed ffff db1d 0000 9df2 ffff 5f0b 0000  ............_...
00018650: bf02 0000 0530 0000 16f5 ffff d613 0000  .....0..........
00018660: 570a 0000 f006 0000 3cf4 ffff ecdc ffff  W.......<.......
00018670: 6ffe ffff 2e10 0000 b405 0000 9100 0000  o...............
00018680: a929 0000 7df5 ffff 9607 0000 a019 0000  .)..}...........
00018690: 3bf4 ffff 8544 0000 7b09 0000 f8fe ffff  ;....D..{.......
000186a0: 62f3 ffff 3bfc ffff e309 0000 3105 0000  b...;.......1...
000186b0: e6ff ffff 13fc ffff aafa ffff 6407 0000  ............d...
000186c0: 49fa ffff 47ff ffff 7c47 0000 0e12 0000  I...G...|G......
000186d0: b921 0000 9222 0000 0b05 0000 2fdf ffff  .!..."....../...
000186e0: 6f0e 0000 cbe3 ffff 6d34 0000 c9f2 ffff  o.......m4......
000186f0: 4d19 0000 f51b 0000 cc0b 0000 e417 0000  M...............
00018700: a11e 0000 0c0b 0000 03f8 ffff 7a30 0000  ............z0..
00018710: 4305 0000 0943 0000 22f9 ffff 5203 0000  C....C.."...R...
00018720: b603 0000 85f8 ffff 3df7 ffff a406 0000  ........=.......
00018730: 4aed ffff 99fb ffff 2ff6 ffff 2c02 0000  J......./...,...
00018740: 1832 0000 b223 0000 c3ff ffff bc11 0000  .2...#..........
00018750: b119 0000 32f0 ffff 5f1d 0000 a402 0000  ....2..._.......
00018760: ea17 0000 6239 0000 7c00 0000 74f4 ffff  ....b9..|...t...
00018770: 4509 0000 35f3 ffff 5e3d 0000 0aed ffff  E...5...^=......
00018780: 8e06 0000 3805 0000 de11 0000 4608 0000  ....8.......F...
00018790: 240c 0000 88e1 ffff 16fb ffff 2c01 0000  $...........,...
000187a0: d9f4 ffff 6c03 0000 8acb ffff 6efa ffff  ....l.......n...
000187b0: 1301 0000 e132 0000 360d 0000 8410 0000  .....2..6.......
000187c0: 670a 0000 3206 0000 d00a 0000 6916 0000  g...2.......i...
000187d0: 6b2c 0000 7d03 0000 5bf6 ffff d20f 0000  k,..}...[.......
000187e0: bf26 0000 1615 0000 ddf9 ffff bd0c 0000  .&..............
000187f0: adf2 ffff 5c04 0000 55f2 ffff 7e1a 0000  ....\...U...~...
00018800: 78f8 ffff 1a00 0000 affd ffff df1f 0000  x...............
00018810: c50c 0000 e311 0000 b001 0000 36df ffff  ............6...
00018820: f6f7 ffff d9e8 ffff 65f0 ffff 210f 0000  ........e...!...
00018830: 1c65 0000 baf2 ffff 63fd ffff cc02 0000  .e......c.......
00018840: c3e7 ffff 3b26 0000 62f0 ffff fcfe ffff  ....;&..b.......
00018850: 55e5 ffff c0cd ffff 5fff ffff 95e3 ffff  U......._.......
00018860: 59f0 ffff fa2f 0000 5427 0000 0df2 ffff  Y..../..T'......
00018870: ccfe ffff 78f9 ffff abf3 ffff bf05 0000  ....x...........
00018880: 8dee ffff 5bf2 ffff 6732 0000 ac1b 0000  ....[...g2......
00018890: 0ef6 ffff a709 0000 1cf3 ffff 0fef ffff  ................
000188a0: e7f0 ffff dc39 0000 1ee0 ffff 9fe6 ffff  .....9..........
000188b0: f115 0000 3d03 0000 dbfc ffff 1f12 0000  ....=...........
000188c0: 2129 0000 fcee ffff 450a 0000 5718 0000  !)......E...W...
000188d0: 2402 0000 9937 0000 a913 0000 a1fc ffff  $....7..........
000188e0: 7922 0000 ba02 0000 750a 0000 0001 0000  y"......u.......
000188f0: 7603 0000 e30f 0000 eb06 0000 8901 0000  v...............
00018900: 511e 0000 dc21 0000 d423 0000 5bde ffff  Q....!...#..[...
00018910: 05fe ffff 9217 0000 c0f5 ffff 9005 0000  ................
00018920: 3818 0000 2427 0000 982b 0000 0c16 0000  8...$'...+......
00018930: 3afb ffff 8cfb ffff c83d 0000 45f5 ffff  :........=..E...
00018940: 4af1 ffff 7244 0000 3832 0000 feff ffff  J...rD..82......
00018950: 03d6 ffff 2af6 ffff da0e 0000 8816 0000  ....*...........
00018960: 7ef6 ffff 4712 0000 6302 0000 9100 0000  ~...G...c.......
00018970: af09 0000 8b0c 0000 deef ffff 3b09 0000  ............;...
00018980: 7f1d 0000 bd0f 0000 e3f2 ffff 9bd8 ffff  ................
00018990: ea2a 0000 c322 0000 9c0b 0000 aadb ffff  .*..."..........
000189a0: 5d2d 0000 55fe ffff 2cf2 ffff e607 0000  ]-..U...,.......
000189b0: 98e1 ffff 692c 0000 5218 0000 ea08 0000  ....i,..R.......
000189c0: 1a60 0000 b61d 0000 9adf ffff eb11 0000  .`..............
000189d0: acf6 ffff aa28 0000 0bea ffff f8ef ffff  .....(..........
000189e0: e242 0000 b8e1 ffff c617 0000 ccfe ffff  .B..............
000189f0: 09f9 ffff 3b10 0000 bb04 0000 49ea ffff  ....;.......I...
00018a00: ddfe ffff fddf ffff 8d27 0000 9ece ffff  .........'......
00018a10: b702 0000 1660 0000 90f4 ffff 2e09 0000  .....`..........
00018a20: d9ce ffff d30d 0000 2e1e 0000 dd08 0000  ................
00018a30: a469 0000 fd1d 0000 1826 0000 3801 0000  .i.......&..8...
00018a40: fff5 ffff 21f0 ffff 0b07 0000 62f7 ffff  ....!.......b...
00018a50: df19 0000 0708 0000 0213 0000 9bec ffff  ................
00018a60: 683d 0000 7f07 0000 2f13 0000 e226 0000  h=....../....&..
00018a70: 44df ffff 0319 0000 2a2b 0000 5efe ffff  D.......*+..^...
00018a80: 32f0 ffff 06e4 ffff f70e 0000 d5f6 ffff  2...............
00018a90: eddf ffff 743c 0000 c816 0000 e0e6 ffff  ....t<..........
00018aa0: 7ef8 ffff 1bfa ffff a224 0000 e6f1 ffff  ~........$......
00018ab0: 4504 0000 9617 0000 bdd9 ffff 210e 0000  E...........!...
00018ac0: 81f6 ffff 46fa ffff 12f0 ffff 770e 0000  ....F.......w...
00018ad0: 3df5 ffff 9ff1 ffff 91f5 ffff c302 0000  =...............
00018ae0: 6804 0000 b1ed ffff b334 0000 1513 0000  h........4......
00018af0: 52f8 ffff 210b 0000 ae13 0000 680d 0000  R...!.......h...
00018b00: f6d7 ffff e002 0000 713f 0000 dae5 ffff  ........q?......
00018b10: c3fe ffff 0404 0000 0714 0000 5711 0000  ............W...
00018b20: b400 0000 e2ef ffff 11ea ffff a121 0000  .............!..
00018b30: 56f3 ffff ba0c 0000 fd0b 0000 4de8 ffff  V...........M...
00018b40: 36d1 ffff 8f07 0000 66f9 ffff dcfd ffff  6.......f.......
00018b50: 25ee ffff ef07 0000 a8ee ffff 9ce7 ffff  %...............
00018b60: 5b05 0000 4ced ffff c239 0000 cef9 ffff  [...L....9......
00018b70: bbed ffff e103 0000 fff5 ffff 5e02 0000  ............^...
00018b80: b4eb ffff c5f0 ffff 5d25 0000 9bfe ffff  ........]%......
00018b90: e307 0000 0607 0000 56e7 ffff c7ef ffff  ........V.......
00018ba0: 2711 0000 9602 0000 6c17 0000 48d8 ffff  '.......l...H...
00018bb0: 43f9 ffff 160b 0000 f502 0000 83f4 ffff  C...............
00018bc0: 56f5 ffff 4006 0000 aae1 ffff 6716 0000  V...@.......g...
00018bd0: 16dc ffff 4260 0000 5321 0000 f700 0000  ....B`..S!......
00018be0: de28 0000 c708 0000 bffb ffff aa19 0000  .(..............
00018bf0: 5aef ffff b40f 0000 eee6 ffff e009 0000  Z...............
00018c00: 6020 0000 011e 0000 2611 0000 5309 0000  ` ......&...S...
00018c10: 1933 0000 aec7 ffff 91f9 ffff f9f7 ffff  .3..............
00018c20: e617 0000 4064 0000 9120 0000 cd34 0000  ....@d... ...4..
00018c30: fc33 0000 5bf4 ffff 288c 0000 11f5 ffff  .3..[...(.......
00018c40: fcf6 ffff d2f4 ffff 9504 0000 410a 0000  ............A...
00018c50: 93f2 ffff a5fa ffff eef4 ffff d142 0000  .............B..
00018c60: cd01 0000 a911 0000 b8f2 ffff 2e23 0000  .............#..
00018c70: b9fc ffff 7005 0000 9736 0000 6706 0000  ....p....6..g...
00018c80: 063b 0000 3015 0000 fe16 0000 af20 0000  .;..0........ ..
00018c90: eb1a 0000 5d23 0000 dc37 0000 48cb ffff  ....]#...7..H...
00018ca0: a710 0000 534e 0000 c8e1 ffff 790a 0000  ....SN......y...
00018cb0: 1361 0000 8136 0000 6b0e 0000 5620 0000  .a...6..k...V ..
00018cc0: 6527 0000 5df9 ffff abff ffff 72f1 ffff  e'..].......r...
00018cd0: 08f4 ffff 5ae3 ffff c8ab ffff 4821 0000  ....Z.......H!..
00018ce0: 62e5 ffff 780f 0000 7c23 0000 e40e 0000  b...x...|#......
00018cf0: f204 0000 00f3 ffff 2adb ffff 3cfd ffff  ........*...<...
00018d00: 7af0 ffff fcfe ffff fbf0 ffff f6e7 ffff  z...............
00018d10: 4910 0000 37fa ffff 6509 0000 793f 0000  I...7...e...y?..
00018d20: 84e8 ffff cb2a 0000 60ed ffff 2524 0000  .....*..`...%$..
00018d30: f244 0000 0f4e 0000 d51d 0000 14fc ffff  .D...N..........
00018d40: e815 0000 0809 0000 bd17 0000 1539 0000  .............9..
00018d50: 5714 0000 ba06 0000 21f0 ffff 13e0 ffff  W.......!.......
00018d60: 5ae5 ffff 05d5 ffff b402 0000 0efa ffff  Z...............
00018d70: 22f1 ffff 0918 0000 8309 0000 fcf0 ffff  "...............
00018d80: 5cff ffff 271f 0000 2ccb ffff 8edd ffff  \...'...,.......
00018d90: 80ed ffff 114f 0000 89f1 ffff 6bff ffff  .....O......k...
00018da0: fd15 0000 42e8 ffff 1b09 0000 8c1c 0000  ....B...........
00018db0: 36ea ffff b911 0000 83e7 ffff f60d 0000  6...............
00018dc0: 1932 0000 c90d 0000 a509 0000 3611 0000  .2..........6...
00018dd0: 5ee5 ffff b0f7 ffff 752d 0000 0b10 0000  ^.......u-......
00018de0: 651c 0000 9a04 0000 4116 0000 ed04 0000  e.......A.......
00018df0: 8b4a 0000 b723 0000 05e3 ffff f001 0000  .J...#..........
00018e00: 1d0a 0000 c80a 0000 8bdf ffff 5525 0000  ............U%..
00018e10: 09fd ffff 19f8 ffff ddfe ffff 07f7 ffff  ................
00018e20: 8e00 0000 e8fe ffff 1417 0000 91fd ffff  ................
00018e30: 6604 0000 a20a 0000 c41d 0000 e4f0 ffff  f...............
00018e40: d1f1 ffff d7fe ffff 3d1b 0000 efed ffff  ........=.......
00018e50: d1f0 ffff cc08 0000 8a11 0000 c915 0000  ................
00018e60: 19e6 ffff 742f 0000 9b0b 0000 16f0 ffff  ....t/..........
00018e70: 0ce9 ffff c517 0000 fdf6 ffff 4f05 0000  ............O...
00018e80: c507 0000 f306 0000 c335 0000 6b04 0000  .........5..k...
00018e90: 8002 0000 92e7 ffff a105 0000 dcec ffff  ................
00018ea0: 04f2 ffff 76e1 ffff 18f5 ffff ff1d 0000  ....v...........
00018eb0: 80f1 ffff 5f02 0000 4708 0000 24f4 ffff  ...._...G...$...
00018ec0: e410 0000 6e1b 0000 0d09 0000 c1e7 ffff  ....n...........
00018ed0: 1ee4 ffff 73d5 ffff 0919 0000 7006 0000  ....s.......p...
00018ee0: 7ff8 ffff 8eec ffff 50fa ffff 39f8 ffff  ........P...9...
00018ef0: fc11 0000 c503 0000 b308 0000 9e06 0000  ................
00018f00: 6d13 0000 c7f8 ffff 6bed ffff 6b05 0000  m.......k...k...
00018f10: a00f 0000 653a 0000 6904 0000 e5dc ffff  ....e:..i.......
00018f20: 69fa ffff d204 0000 a009 0000 38f3 ffff  i...........8...
00018f30: 9ef9 ffff 8629 0000 400c 0000 410b 0000  .....)..@...A...
00018f40: 611b 0000 f707 0000 4df5 ffff 72f9 ffff  a.......M...r...
00018f50: b116 0000 65f0 ffff 0d2a 0000 edf3 ffff  ....e....*......
00018f60: 6609 0000 8027 0000 7d0a 0000 c027 0000  f....'..}....'..
00018f70: 080c 0000 c113 0000 0d01 0000 9f0c 0000  ................
00018f80: c032 0000 ea09 0000 fd1f 0000 15e6 ffff  .2..............
00018f90: f406 0000 e6f9 ffff 38eb ffff c1d7 ffff  ........8.......
00018fa0: 68ed ffff 3ceb ffff 0412 0000 2dff ffff  h...<.......-...
00018fb0: 10f9 ffff d8e5 ffff a9f4 ffff 4ef7 ffff  ............N...
00018fc0: 1f1e 0000 9212 0000 c4f8 ffff 6aff ffff  ............j...
00018fd0: a30b 0000 37e8 ffff b514 0000 9b19 0000  ....7...........
00018fe0: dce2 ffff b12e 0000 82df ffff bcfb ffff  ................
00018ff0: 2518 0000 4705 0000 e601 0000 cd39 0000  %...G........9..
00019000: 6a21 0000 af06 0000 7204 0000 8af0 ffff  j!......r.......
00019010: f4f7 ffff 3ffc ffff 98fd ffff 03f6 ffff  ....?...........
00019020: 8e09 0000 0a3b 0000 a23c 0000 2f00 0000  .....;...<../...
00019030: 6dd8 ffff fdfd ffff dd03 0000 1908 0000  m...............
00019040: c4f6 ffff 03ff ffff 822b 0000 6207 0000  .........+..b...
00019050: d62b 0000 8515 0000 f4e2 ffff 0a18 0000  .+..............
00019060: f0f2 ffff 3cef ffff dfe8 ffff 0404 0000  ....<...........
00019070: 0715 0000 1700 0000 f636 0000 9009 0000  .........6......
00019080: 0ef8 ffff 4602 0000 70ff ffff ba09 0000  ....F...p.......
00019090: 2df9 ffff 30d9 ffff f007 0000 6f0f 0000  -...0.......o...
000190a0: 9add ffff f7ed ffff 4868 0000 a401 0000  ........Hh......
000190b0: ddec ffff 1ff6 ffff f901 0000 53f3 ffff  ............S...
000190c0: d129 0000 a9ff ffff 4e1e 0000 74fb ffff  .)......N...t...
000190d0: da16 0000 3546 0000 7bf8 ffff 4b17 0000  ....5F..{...K...
000190e0: 940f 0000 fcdf ffff be23 0000 95e5 ffff  .........#......
000190f0: efe9 ffff 7436 0000 4252 0000 aa14 0000  ....t6..BR......
00019100: 82fb ffff 0710 0000 b217 0000 64e2 ffff  ............d...
00019110: 890c 0000 e80a 0000 1805 0000 0f03 0000  ................
00019120: afec ffff 0103 0000 05dc ffff b7f1 ffff  ................
00019130: c0e3 ffff 69f3 ffff cfde ffff f4f3 ffff  ....i...........
00019140: 3f21 0000 fe11 0000 3efa ffff ece7 ffff  ?!......>.......
00019150: f81b 0000 64eb ffff 78ee ffff 4f33 0000  ....d...x...O3..
00019160: 1605 0000 c373 0000 940f 0000 b3f6 ffff  .....s..........
00019170: d4fc ffff f4f8 ffff e7ee ffff 751c 0000  ............u...
00019180: d4f2 ffff 6014 0000 b4eb ffff f1db ffff  ....`...........
00019190: d4eb ffff 93eb ffff b318 0000 cdf1 ffff  ................
000191a0: 31fe ffff 990a 0000 f406 0000 73ff ffff  1...........s...
000191b0: 17d2 ffff c014 0000 5ffc ffff ed05 0000  ........_.......
000191c0: f4f1 ffff 2cf0 ffff 2b08 0000 8d23 0000  ....,...+....#..
000191d0: a3e1 ffff 3de8 ffff 1119 0000 06e3 ffff  ....=...........
000191e0: c7c1 ffff c833 0000 a2ea ffff 9023 0000  .....3.......#..
000191f0: 552f 0000 6000 0000 08e7 ffff 5ffa ffff  U/..`......._...
00019200: a1e1 ffff 91f9 ffff 3823 0000 4f1d 0000  ........8#..O...
00019210: 9e04 0000 faf3 ffff 2d05 0000 40cf ffff  ........-...@...
00019220: a6e7 ffff f6e5 ffff 993b 0000 8b0b 0000  .........;......
00019230: df1a 0000 f4f9 ffff 98f3 ffff afec ffff  ................
00019240: 8628 0000 fbff ffff cc25 0000 2419 0000  .(.......%..$...
00019250: 4d05 0000 fd4c 0000 720a 0000 5bd4 ffff  M....L..r...[...
00019260: 1a13 0000 c7e6 ffff 7ef8 ffff 5f2b 0000  ........~..._+..
00019270: 40f3 ffff df16 0000 8522 0000 2f25 0000  @........"../%..
00019280: bdd9 ffff 752a 0000 c317 0000 76f6 ffff  ....u*......v...
00019290: 6b11 0000 e512 0000 6ff5 ffff 2ff7 ffff  k.......o.../...
000192a0: 04e1 ffff f2f8 ffff df0e 0000 48ec ffff  ............H...
000192b0: 4906 0000 85ff ffff effa ffff b827 0000  I............'..
000192c0: 62ef ffff 9d13 0000 48d7 ffff 390f 0000  b.......H...9...
000192d0: a7f9 ffff 40e0 ffff 2416 0000 2b05 0000  ....@...$...+...
000192e0: b1e8 ffff d1d3 ffff 08e1 ffff baf3 ffff  ................
000192f0: 20f7 ffff a710 0000 7711 0000 7efd ffff   .......w...~...
00019300: 3407 0000 5d28 0000 2812 0000 bb00 0000  4...](..(.......
00019310: d91c 0000 9412 0000 a0d2 ffff 94ec ffff  ................
00019320: 18f0 ffff ba08 0000 b4ea ffff 3d06 0000  ............=...
00019330: cd19 0000 44f2 ffff 5a03 0000 effc ffff  ....D...Z.......
00019340: b203 0000 95eb ffff 7e15 0000 c73a 0000  ........~....:..
00019350: b70e 0000 cdb5 ffff acea ffff f52d 0000  .............-..
00019360: 8bf0 ffff 06d6 ffff 16f8 ffff 1ae8 ffff  ................
00019370: 9b17 0000 4c02 0000 6845 0000 f93c 0000  ....L...hE...<..
00019380: c129 0000 913a 0000 24fb ffff f613 0000  .)...:..$.......
00019390: cb0a 0000 46ff ffff 44fb ffff 3af2 ffff  ....F...D...:...
000193a0: 4e37 0000 82fe ffff 612f 0000 8ce5 ffff  N7......a/......
000193b0: b0ea ffff 72eb ffff e4fd ffff aafe ffff  ....r...........
000193c0: 790a 0000 4802 0000 96f3 ffff b8f3 ffff  y...H...........
000193d0: 13ff ffff f7c4 ffff bd2a 0000 fef3 ffff  .........*......
000193e0: 981e 0000 16df ffff b21a 0000 c006 0000  ................
000193f0: 2922 0000 081e 0000 4a07 0000 27f8 ffff  )"......J...'...
00019400: 8108 0000 47fd ffff 3c11 0000 bdf7 ffff  ....G...<.......
00019410: 8e02 0000 190f 0000 670f 0000 ae07 0000  ........g.......
00019420: 1a01 0000 d216 0000 04f2 ffff 40fe ffff  ............@...
00019430: c0fa ffff b9f5 ffff 0100 0000 18fe ffff  ................
00019440: fbff ffff 0100 0000 b8f2 ffff ea07 0000  ................
00019450: f1f6 ffff 75ee ffff 9911 0000 8ce3 ffff  ....u...........
00019460: 9c0f 0000 5002 0000 dbdf ffff 1205 0000  ....P...........
00019470: 68fa ffff e400 0000 8318 0000 5103 0000  h...........Q...
00019480: 0526 0000 38fb ffff 00fa ffff 46fb ffff  .&..8.......F...
00019490: 27fa ffff b5eb ffff e004 0000 ccef ffff  '...............
000194a0: e9ec ffff 2ded ffff 6d0d 0000 3a27 0000  ....-...m...:'..
000194b0: 73fa ffff da02 0000 dc13 0000 5703 0000  s...........W...
000194c0: 37e9 ffff 3804 0000 61f3 ffff 76f9 ffff  7...8...a...v...
000194d0: d0f9 ffff d1f6 ffff 6807 0000 e9f3 ffff  ........h.......
000194e0: 18e0 ffff 450a 0000 050c 0000 4709 0000  ....E.......G...
000194f0: 46fa ffff 21cf ffff 82eb ffff e50c 0000  F...!...........
00019500: c6f6 ffff 4bf1 ffff 36f4 ffff baf8 ffff  ....K...6.......
00019510: 4314 0000 a7e9 ffff 9a0d 0000 fbfe ffff  C...............
00019520: 8adf ffff 76ed ffff 60e5 ffff cc0b 0000  ....v...`.......
00019530: d918 0000 8f02 0000 99f9 ffff 861e 0000  ................
00019540: d5f9 ffff c7fe ffff 24ea ffff 490d 0000  ........$...I...
00019550: b303 0000 b8e4 ffff e016 0000 dae3 ffff  ................
00019560: be05 0000 5eec ffff 3ef2 ffff bced ffff  ....^...>.......
00019570: b318 0000 3c08 0000 c3f5 ffff bbd5 ffff  ....<...........
00019580: 1e08 0000 37fb ffff a92f 0000 cd2d 0000  ....7..../...-..
00019590: b7f9 ffff 41fc ffff 120e 0000 35cf ffff  ....A.......5...
000195a0: 1efa ffff 0ff5 ffff 4705 0000 33f7 ffff  ........G...3...
000195b0: d009 0000 b8f8 ffff 07fd ffff 790c 0000  ............y...
000195c0: 3edb ffff 95fc ffff dbf1 ffff caf5 ffff  >...............
000195d0: 8904 0000 1aff ffff d018 0000 1ef9 ffff  ................
000195e0: f1fd ffff b705 0000 ff02 0000 be11 0000  ................
000195f0: 9e12 0000 57e8 ffff c3fc ffff a913 0000  ....W...........
00019600: 9dee ffff 1715 0000 e3fa ffff 8e3c 0000  .............<..
00019610: ab3b 0000 fcf9 ffff ebfd ffff 8530 0000  .;...........0..
00019620: 2af4 ffff 44e3 ffff 43fb ffff 54f8 ffff  *...D...C...T...
00019630: 55f6 ffff f5f1 ffff 55fa ffff c20f 0000  U.......U.......
00019640: 622e 0000 9601 0000 821d 0000 30f7 ffff  b...........0...
00019650: 2cfa ffff f61a 0000 05ff ffff 160c 0000  ,...............
00019660: ac2f 0000 92f1 ffff aff7 ffff dff0 ffff  ./..............
00019670: 801d 0000 1515 0000 2411 0000 d426 0000  ........$....&..
00019680: 3c45 0000 f921 0000 d9fd ffff 9ef6 ffff  <E...!..........
00019690: 16f8 ffff ecfe ffff 42fc ffff 7071 0000  ........B...pq..
000196a0: 3e0c 0000 e70b 0000 f9e2 ffff 32f6 ffff  >...........2...
000196b0: 2ef9 ffff db0e 0000 c03d 0000 91f0 ffff  .........=......
000196c0: baf3 ffff 770b 0000 61ee ffff bff9 ffff  ....w...a.......
000196d0: 9d08 0000 73e4 ffff 3a16 0000 71e6 ffff  ....s...:...q...
000196e0: 8702 0000 3c26 0000 b3f2 ffff bc22 0000  ....<&......."..
000196f0: 6108 0000 c317 0000 c2f1 ffff 8be8 ffff  a...............
00019700: 6df2 ffff 51ff ffff c3db ffff 8a10 0000  m...Q...........
00019710: 4f05 0000 2d3e 0000 1b09 0000 1adb ffff  O...->..........
00019720: e408 0000 0ffb ffff 9c18 0000 08f4 ffff  ................
00019730: cc18 0000 922c 0000 22f1 ffff b137 0000  .....,.."....7..
00019740: 0ee5 ffff 3a19 0000 0320 0000 41e1 ffff  ....:.... ..A...
00019750: 2901 0000 a8f9 ffff 1fe9 ffff a93b 0000  )............;..
00019760: 92fd ffff df13 0000 6519 0000 c504 0000  ........e.......
00019770: 790f 0000 c41a 0000 0b0a 0000 7ad9 ffff  y...........z...
00019780: 24fa ffff ca09 0000 01fb ffff 6a24 0000  $...........j$..
00019790: f908 0000 cef2 ffff 89f1 ffff 3f13 0000  ............?...
000197a0: 1cf7 ffff 26fd ffff 3c0e 0000 e018 0000  ....&...<.......
000197b0: cf36 0000 8805 0000 8ce0 ffff 410e 0000  .6..........A...
000197c0: d401 0000 96ef ffff 46fd ffff fde2 ffff  ........F.......
000197d0: e700 0000 c5eb ffff f6fe ffff 2618 0000  ............&...
000197e0: 5b0a 0000 39db ffff ecf4 ffff 2bfe ffff  [...9.......+...
000197f0: eac4 ffff 56f7 ffff 5820 0000 0d25 0000  ....V...X ...%..
00019800: 6905 0000 8d39 0000 06e6 ffff 0102 0000  i....9..........
00019810: 72e5 ffff 1b12 0000 0bf2 ffff 013c 0000  r............<..
00019820: 362d 0000 e209 0000 b2e8 ffff 4bef ffff  6-..........K...
00019830: e5f0 ffff 3f09 0000 2d27 0000 da2f 0000  ....?...-'.../..
00019840: a226 0000 acf7 ffff d5f6 ffff c3f6 ffff  .&..............
00019850: 7af1 ffff a5d7 ffff f807 0000 b12d 0000  z............-..
00019860: f11d 0000 e320 0000 e318 0000 4102 0000  ..... ......A...
00019870: 4916 0000 c4f3 ffff 68fe ffff bff9 ffff  I.......h.......
00019880: caeb ffff 3d14 0000 50f7 ffff 07fa ffff  ....=...P.......
00019890: c20d 0000 d0e1 ffff 9ff8 ffff 591e 0000  ............Y...
000198a0: 80f8 ffff bbe4 ffff a320 0000 9a02 0000  ......... ......
000198b0: 320f 0000 a805 0000 c606 0000 46fe ffff  2...........F...
000198c0: 88f4 ffff 13fa ffff ccf3 ffff 4513 0000  ............E...
000198d0: 42f3 ffff fb08 0000 2228 0000 8106 0000  B......."(......
000198e0: ebf9 ffff 75ea ffff 3af0 ffff 2916 0000  ....u...:...)...
000198f0: 7df5 ffff 1f09 0000 79e7 ffff a2ef ffff  }.......y.......
00019900: b741 0000 1109 0000 6aeb ffff 40f8 ffff  .A......j...@...
00019910: ea0f 0000 440e 0000 c3f1 ffff 99ca ffff  ....D...........
00019920: b008 0000 3000 0000 f435 0000 a000 0000  ....0....5......
00019930: 8d04 0000 01f5 ffff 57f6 ffff 6a11 0000  ........W...j...
00019940: 1e08 0000 d2e8 ffff 1910 0000 6afc ffff  ............j...
00019950: 9d12 0000 b000 0000 80e8 ffff f434 0000  .............4..
00019960: 2101 0000 3824 0000 1516 0000 7a1a 0000  !...8$......z...
00019970: aff3 ffff 4807 0000 a4f4 ffff 1af6 ffff  ....H...........
00019980: efd3 ffff 5b09 0000 1513 0000 5ff8 ffff  ....[......._...
00019990: 0b1a 0000 bee6 ffff efee ffff 0bef ffff  ................
000199a0: 37e0 ffff 2a00 0000 d0f7 ffff 441a 0000  7...*.......D...
000199b0: 6800 0000 78e7 ffff 1800 0000 d60f 0000  h...x...........
000199c0: 1af4 ffff 1cfc ffff 98d3 ffff ed1f 0000  ................
000199d0: 380a 0000 d301 0000 ef0a 0000 2be6 ffff  8...........+...
000199e0: 8704 0000 6c19 0000 71f0 ffff a203 0000  ....l...q.......
000199f0: 3410 0000 af0b 0000 000e 0000 d50d 0000  4...............
00019a00: c70e 0000 0223 ffff 0400 0000 00a2 0000  .....#..........
00019a10: d49e 0f11 0f18 cf08 ffe1 2906 3ee5 edf9  ..........).>...
00019a20: 19ec fffd fcf2 d6ee d8fd 2d20 10fb e62d  ..........- ...-
00019a30: 00d7 e0f5 f210 ff30 11ef fcf3 c725 f830  .......0.....%.0
00019a40: fbf7 d7ce ea16 13d9 e1dc 13fe 3ce6 ff17  ............<...
00019a50: 26f1 2631 e5fe d1f2 01bf 1dce ec45 e6dd  &.&1.........E..
00019a60: 053e e811 d7f3 2702 26b1 26cf 27f0 1905  .>....'.&.&.'...
00019a70: d908 1c07 eff7 d7e6 fc01 dc52 2720 dfd0  ...........R' ..
00019a80: 12f4 e0e8 d03f 1ad8 09d9 fad3 0cc6 01e9  .....?..........
00019a90: 1be2 0ad2 0faf 0945 f8e7 162c edd8 d50c  .......E...,....
00019aa0: ff08 eccd 3cf4 37cd cb24 ac21 f528 d4ec  ....<.7..$.!.(..
00019ab0: dee0 e404 4e1b 0a16 f0e6 f00d f8da 2308  ....N.........#.
00019ac0: e800 0bf3 f713 15ec 0ed6 f53f d3c6 e839  ...........?...9
00019ad0: 0ee0 f01d 4cea f6f8 cdde c74e fe04 2819  ....L......N..(.
00019ae0: e903 09ed 13dd 04c0 02ee 031d 290c 4a12  ............).J.
00019af0: 1ed7 01ea f302 010b 4818 1526 1ce7 f11e  ........H..&....
00019b00: fb10 2244 1212 2d28 193d 210b fd35 29f6  .."D..-(.=!..5).
00019b10: ef1e fcd9 d6fd 0808 df3e 2049 1519 0eeb  .........> I....
00019b20: 0319 27d8 ec08 f7d6 154f 2727 e610 1ff7  ..'......O''....
00019b30: 1007 e0f9 0332 0b19 1cdf c7f2 efe4 c61d  .....2..........
00019b40: ef26 e02f f507 2020 25fb 300a 1cf5 08d6  .&./..  %.0.....
00019b50: 0ce2 3eb7 032a 15f1 0216 fab5 1d57 d70e  ..>..*.......W..
00019b60: 29e5 e419 f20a 13f5 30f8 193e 31fd 0faa  ).......0..>1...
00019b70: e0cc f11f ee33 f7df d7cb fa1b fac0 d40f  .....3..........
00019b80: cb0f fde5 0e0f d324 08c9 c315 531c 34bb  .......$....S.4.
00019b90: 1aea 3ac3 d5fc cbda 17e6 1316 db22 e281  ..:.........."..
00019ba0: 08df 1010 1929 0924 f22c 260f 0728 0b57  .....).$.,&..(.W
00019bb0: 3d60 22e4 244e e816 1125 21c6 f907 0f1f  =`".$N...%!.....
00019bc0: ebd5 eeea 38ee f0ed d2db 1cf7 be25 db3c  ....8........%.<
00019bd0: 1ffa 1f0d c93c f33c e533 c7e6 f1d4 0511  .....<.<.3......
00019be0: 1def 20ef 3117 c800 e4ff 2110 20f6 f803  .. .1.....!. ...
00019bf0: 3cfd 39ba f5eb e40c 073a 07d0 0110 fe06  <.9......:......
00019c00: 03ef e719 f129 07f0 381a bb14 eff3 38f0  .....)..8.....8.
00019c10: 09ce 031b 0f25 2af1 49f1 e1c5 f5d5 2acc  .....%*.I.....*.
00019c20: 2e1c d945 091f 3119 c9b2 fe40 1f32 1528  ...E..1....@.2.(
00019c30: f634 e9f7 180b 1f30 ff2b ebe6 561d ed3f  .4.....0.+..V..?
00019c40: 051c 15f3 3d00 fd21 38f4 070b fa64 ea18  ....=..!8....d..
00019c50: fbf9 df0b e2cb 32ed eede 0345 0d33 f3e7  ......2....E.3..
00019c60: e7fe c800 c6bf cbc6 070c f2f4 2921 f2e5  ............)!..
00019c70: ede5 f9e0 ece3 37f7 27e1 ebd5 f2e4 279f  ......7.'.....'.
00019c80: 2aec 2ae4 eb31 c40e d4eb 11cf 01fe e804  *.*..1..........
00019c90: 0003 d9f4 45fc dc28 17df 0a0e 0d4f 1e02  ....E..(.....O..
00019ca0: 23f5 08f0 f911 f7ec efc2 fffc 1ec0 07ec  #...............
00019cb0: e51a effd 23de 33ef fde2 e500 fe1e fb2f  ....#.3......../
00019cc0: ca11 09c9 2016 e008 bfe5 18fe e1f5 ce3e  .... ..........>
00019cd0: d319 ec24 25fe 0ce6 0c0c fd48 d3f4 ead1  ...$%......H....
00019ce0: e412 250d cb05 1a3b 13e0 1f05 090a 11a9  ..%....;........
00019cf0: c3c6 18d9 da0e ce08 ffdd c8f1 fbd7 d5ec  ................
00019d00: e1fe 141c e911 1ebf e314 3610 e8d1 1914  ..........6.....
00019d10: ca07 0810 0e3a ea08 2627 13ec f6f1 2707  .....:..&'....'.
00019d20: 0006 1805 17ff 1b33 25f7 1c24 f1c8 0111  .......3%..$....
00019d30: e418 0b00 07f1 3b0f e6ea 0a2b 0bee 0403  ......;....+....
00019d40: 290d e818 2d12 0607 f015 d51c c5dc ec38  )...-..........8
00019d50: 1ffe a2fb 1ded 31ee 0125 19f9 0ae6 f3e6  ......1..%......
00019d60: 23e1 f2e2 2420 bdff f3e4 def6 0f00 cd35  #...$ .........5
00019d70: d007 e3e1 e7da 15dc 11c2 dfc8 02cc da12  ................
00019d80: e204 b3c5 c510 15ec 2eff dadb fe10 ede2  ................
00019d90: 8310 c3a3 38f9 f406 2f0c 1b36 0707 ed15  ....8.../..6....
00019da0: e0f8 1ff0 2e22 e4a8 f315 0fe6 be29 01ce  .....".......)..
00019db0: fff8 f809 1826 fbfe c4ed f200 ebdf ccf5  .....&..........
00019dc0: 0df5 f1e8 e8ef 2d0b 18d7 0e13 161f 5be4  ......-.......[.
00019dd0: 1413 f746 1f02 fa29 eadf 10e6 061a d713  ...F...)........
00019de0: 1b27 1dec e5f7 f22d 2400 03f1 0013 1a55  .'.....-$......U
00019df0: e1eb 25d4 24f6 d91f 1336 07eb c40a ccd6  ..%.$....6......
00019e00: beb5 d70c 0b0d c8d6 c517 3430 dd09 fd0f  ..........40....
00019e10: d9b9 e2bc 1024 aed5 1629 1e3c b9bd 1728  .....$...).<...(
00019e20: 0826 0aa3 0920 dd07 fc15 f3c8 1d1d 0abb  .&... ..........
00019e30: f21c e00d 0d0e fb15 14d3 bee3 00f2 044e  ...............N
00019e40: cfd8 0af1 e5f9 10fc 10ba f9f9 3734 7f2a  ............74.*
00019e50: 1ee1 fc29 f711 d7a1 13fd fa22 030a e2c7  ...)......."....
00019e60: eb0c 332d 09c4 10fe ee27 27fc eb1f e7e8  ..3-.....''.....
00019e70: 2410 e63e 5eeb f309 1a45 482e 09fd c809  $..>^....EH.....
00019e80: c929 25ea 170d 2006 ec22 1313 1d60 ffda  .)%... .."...`..
00019e90: 08e0 ddd2 3bf8 2606 0212 07e1 40f3 1bfb  ....;.&.....@...
00019ea0: f0e7 16f6 0bf9 df03 073d 12cd eff4 f5e4  .........=......
00019eb0: 1500 fce7 251f f823 ef02 0f17 32f0 1df9  ....%..#....2...
00019ec0: dafc 00e2 f614 0b01 0434 fbde bcf7 e9f4  .........4......
00019ed0: c001 01e7 2037 ebe0 2734 fbf4 0934 e1ef  .... 7..'4...4..
00019ee0: be02 e839 f805 1d11 e6ef dcec 13f2 d61b  ...9............
00019ef0: 2ac4 25d4 2a39 161b d600 021d e125 1f9b  *.%.*9.......%..
00019f00: 4815 00f5 25d8 91eb a7d8 bcf5 1cf3 1dcd  H...%...........
00019f10: fc42 46f5 17c7 071c e9f5 c8f2 303c d544  .BF.........0<.D
00019f20: ecf8 3ff7 3222 6428 9cf6 a4fb 2627 2348  ..?.2"d(....&'#H
00019f30: 2d85 181c 101f 320d 4fe1 98d4 d85f 37b8  -.....2.O...._7.
00019f40: 1dc8 ebf1 bcfe fde4 07df d633 1e18 cc29  ...........3...)
00019f50: 24fc 3cca ef1f 1afb 0a2b f22e f700 25d1  $.<......+....%.
00019f60: 20df f208 e3fc 2734 fccc f340 c5df 30db   .....'4...@..0.
00019f70: eed8 06cf fef8 1afc def6 dced e109 f70c  ................
00019f80: 2e08 17f6 f7e8 3d43 cffe e101 f422 06f5  ......=C....."..
00019f90: 2365 d927 faf0 281b 13ec c9d9 2630 04ca  #e.'..(.....&0..
00019fa0: e4e1 3ed3 cd07 1103 1ae4 1429 1757 ce3c  ..>........).W.<
00019fb0: 9b0c cf19 f40c 0aab f2f2 eed2 fc06 c8ea  ................
00019fc0: 040c cedd 2247 3312 2b0c 0c18 f024 27ee  ...."G3.+....$'.
00019fd0: f820 eff5 dd13 e8fd 2c33 e4c8 d318 ecc3  . ......,3......
00019fe0: 19fe ee02 df02 edea 1bff 1f29 eb0e 07dc  ...........)....
00019ff0: 1006 47c2 03fd ebf1 d7d4 e22e 0de9 110f  ..G.............
0001a000: d635 04e7 38db 0b00 fe3a efdf effe f2f7  .5..8....:......
0001a010: 4633 00da 311e ec09 d5d8 13dd ced8 2e14  F3..1...........
0001a020: 19f9 190e 2901 2903 220a 02c9 05e8 f826  ....).)."......&
0001a030: 43cc 1df5 d42c de0a 42f6 f90f e403 15e3  C....,..B.......
0001a040: e8eb 10e5 f600 3e03 3914 3af2 fbd5 e8f4  ......>.9.:.....
0001a050: d2fd fcaa 070a e51d cd00 0e25 1d16 1035  ...........%...5
0001a060: f725 ec14 3005 e92e 20e5 2417 14d6 e5ed  .%..0... .$.....
0001a070: e90f 0511 12cf cdef 1b11 30fb faee dfce  ..........0.....
0001a080: f1f0 decf 1b17 cd07 3df5 1501 0233 2a1f  ........=....3*.
0001a090: 1404 3b17 1020 10d9 053f 0dfa ee0d 3fe8  ..;.. ...?....?.
0001a0a0: 341b f90d fcb5 b6e5 12e7 59fc 072f 4806  4.........Y../H.
0001a0b0: d5fb 18e1 dbd0 e600 0bfd f627 27e4 3523  ...........''.5#
0001a0c0: fa26 f6f8 1911 33f3 ee22 e3e1 362c 1711  .&....3.."..6,..
0001a0d0: f8f6 df11 1b38 e6fd 09f3 0efa d006 321f  .....8........2.
0001a0e0: 0428 0431 fc29 0d37 3fef c134 f528 0ce1  .(.1.).7?..4.(..
0001a0f0: f1ea eef0 ece3 ca0c 17f1 5134 d0e0 e714  ..........Q4....
0001a100: ea19 1f53 0bdc fc1b ac2a 00ff f622 10ca  ...S.....*..."..
0001a110: 2cde e93b 1e0c f9f8 bf05 e3fb 1f10 f00c  ,..;............
0001a120: 31eb f7dc d6ea 0fe1 b32c 01fc cc09 d70d  1........,......
0001a130: 2203 0ff9 09b7 3c04 05d2 fc50 bdb7 f32c  ".....<....P...,
0001a140: fefb 1210 14f6 0ffe 14bb 1423 f018 18dd  ...........#....
0001a150: 26eb dfdf 0f45 0feb 30f3 d2dd 14f9 0519  &....E..0.......
0001a160: 2af2 161e 51ce 2cfa 0313 fefb f6dc 02fa  *...Q.,.........
0001a170: f3e9 f302 ceed c50e 3ff7 2b04 0bb3 e4f9  ........?.+.....
0001a180: 0ef1 e933 3cff f3f8 03da b9dd 2815 0e32  ...3<.......(..2
0001a190: f529 f024 f20f e5ee 21fb d70f 0136 e33a  .).$....!....6.:
0001a1a0: cb01 081e 1c07 2104 f6c3 0cee 00f1 04e1  ......!.........
0001a1b0: cde7 2327 15fc 20f5 def8 06f3 fff7 11f4  ..#'.. .........
0001a1c0: f1ec c7d0 0115 fcfc 1cd7 0f02 f209 ebf3  ................
0001a1d0: 070f 07c1 1105 fdfa 2312 331f 0ccb e208  ........#.3.....
0001a1e0: 10d6 fd25 e8f2 0d37 2a13 19fa e81e 15f5  ...%...7*.......
0001a1f0: e1da 08f6 10ea 20b9 d8f2 0720 fc10 0a11  ...... .... ....
0001a200: 2df6 00e0 e33d e7d9 07f9 d744 09fb 1e32  -....=.....D...2
0001a210: e143 09ff 47e3 f8fe 11ed f620 f731 3c13  .C..G...... .1<.
0001a220: 2de3 10ca 0949 03bf 3a13 080e 1403 cfe7  -....I..:.......
0001a230: 264f ea23 edd0 06dd ffe7 f72c fc3f 10e9  &O.#.......,.?..
0001a240: 41f5 f1db 0c3e f503 0705 0e0f 0aff 03e5  A....>..........
0001a250: 090b 81fa 1ddf 38ec cb07 21f9 1b24 f3f7  ......8...!..$..
0001a260: e129 c7f3 0a44 e430 fa18 f7f8 d90e 390f  .)...D.0......9.
0001a270: 1df9 110d 3909 0902 e2eb a6dd eed4 100a  ....9...........
0001a280: e8ca 15ce 3cf7 cbd2 d826 0b12 fce5 1408  ....<....&......
0001a290: e328 f412 df09 24e2 2cfa cfe7 860b e439  .(....$.,......9
0001a2a0: 2141 e50f fef5 3f03 1ccd 27c3 fc10 02c3  !A....?...'.....
0001a2b0: fae1 410a ea04 ae55 13cb 0bec feef 2737  ..A....U......'7
0001a2c0: 0116 2dcb 21da 1508 e81c e114 0ae4 9d43  ..-.!..........C
0001a2d0: e31f d6e1 56d2 d4ea f9dd eb29 0b1a 160b  ....V......)....
0001a2e0: 4b2a 0512 dd32 f818 dc15 3009 2426 0308  K*...2....0.$&..
0001a2f0: f102 f8fa 351e 0a51 bf08 d209 bd1f 170b  ....5..Q........
0001a300: 1805 ecf0 b01a ed19 1015 0511 21e7 0af7  ............!...
0001a310: 06f1 fcf1 0f00 4de3 ea19 d312 fc18 2eed  ......M.........
0001a320: 1504 1404 03fd c2fb 05fa 4d0d 1c29 de0a  ..........M..)..
0001a330: e1f1 0011 df19 f900 d3fc e3be fffa ca29  ...............)
0001a340: fdf1 2010 dfce d7c1 df0d e606 fce4 edf9  .. .............
0001a350: 01e8 2518 fcd7 e1f1 caed 18e7 fbd0 a9db  ..%.............
0001a360: d90d 190a cdf8 f3ed f2f2 dbcf 0012 d7e9  ................
0001a370: dd02 64de e3fe 0522 e10d db02 f8de c1c2  ..d...."........
0001a380: 1c34 193c 382b d734 061c ee22 0bed cba6  .4.<8+.4..."....
0001a390: f158 55e4 c439 19fe f0d8 0acb fcd7 e31b  .XU..9..........
0001a3a0: a0df 25c2 fb4e 1a2d 34eb c5f5 e0d0 43fb  ..%..N.-4.....C.
0001a3b0: fd15 010f 04ee 3e58 27f9 f2fa 3429 f826  ......>X'...4).&
0001a3c0: f7f6 dd1e c407 4cdc 2406 0cf3 f7f4 0254  ......L.$......T
0001a3d0: 1f02 24df 061b b826 05d9 10ec d8ef 18ef  ..$....&........
0001a3e0: 0c11 d420 10f6 0408 0ff1 feeb 250e 090a  ... ........%...
0001a3f0: cb48 e9f9 d303 18f0 301a 4912 0d21 ef01  .H......0.I..!..
0001a400: d7f6 1f46 e8f5 fb1e 0000 d7cb 25e5 f1eb  ...F........%...
0001a410: da16 dcb5 02e9 3220 e0f4 0ee1 1af8 fe25  ......2 .......%
0001a420: e6ff 21fc 1bfd 22fc f207 c802 0d04 f4c0  ..!...".........
0001a430: 14f0 20ca e5fb 15f1 0303 d6e4 12fa e3fc  .. .............
0001a440: cffe 20fa 1901 1c2e 3cee edfb 0b21 0902  .. .....<....!..
0001a450: 0efa 0010 eef3 e8e9 f9ed c9d4 1632 b4e9  .............2..
0001a460: 21d9 efe2 1af3 033c e90a 08f7 0617 e418  !......<........
0001a470: c70d 180e 0c0f 0cf9 dffe 05f8 eb05 0917  ................
0001a480: edf3 1fef fafa 06fb 23d8 d414 bf07 df09  ........#.......
0001a490: df08 f229 e7f2 0dff ffee e9e5 21cf f907  ...)........!...
0001a4a0: e129 1221 2ecd 15f8 0604 fd10 061c 09df  .).!............
0001a4b0: ea00 e90d 0829 011e fa1a dfbd 00cc 2ad1  .....)........*.
0001a4c0: 2a06 0f37 1336 faf7 29e9 05e6 10e4 33c2  *..7.6..).....3.
0001a4d0: 06d4 2a19 f6f7 29d2 2821 fe0b 1a05 15fd  ..*...).(!......
0001a4e0: d6e2 d723 1603 0b27 ddc5 22b3 3320 2cf5  ...#...'..".3 ,.
0001a4f0: fc12 0121 fe06 0a14 221a 12e2 0ceb 1de9  ...!....".......
0001a500: 1c02 132d 18e3 000b 1a13 e6fd bfea 19fc  ...-............
0001a510: 10cb f0f5 3006 3b01 3301 2bdb 11f6 e0df  ....0.;.3.+.....
0001a520: 01df f1ce 08f5 011e fce8 f901 e215 cf2c  ...............,
0001a530: 0741 ef0c b8f8 1002 01dd e1ee da36 ec1f  .A...........6..
0001a540: 2304 0bf5 0201 1d2c 0b01 ece1 f10c eb14  #......,........
0001a550: b9d9 da16 ebf8 cbde f0c6 26ff f007 c70c  ..........&.....
0001a560: 16d2 e3f8 f5ff 37f3 0f1a d8ff 3e02 34f8  ......7.....>.4.
0001a570: e016 ddfb eef0 fcfe 3deb fffb 03f7 fd19  ........=.......
0001a580: 0ce5 f211 1d0c 2820 19fc edda 0ec5 002a  ......( .......*
0001a590: f048 f9e1 df0d fc12 fb35 080e ebe9 daf6  .H.......5......
0001a5a0: 4042 11c9 0f21 1dd5 06f5 3805 45f3 de29  @B...!....8.E..)
0001a5b0: 193f 2b10 bf12 dd00 0edd 2216 5e17 2edb  .?+.......".^...
0001a5c0: ebbe 07ef c44c 0406 36c0 11e6 def7 06ee  .....L..6.......
0001a5d0: 24e2 bed9 ed10 24f3 0f0e d329 0922 2bd7  $.....$....)."+.
0001a5e0: dce6 2303 15c9 e802 12fb e921 26fa 02f7  ..#........!&...
0001a5f0: d533 0ef1 25fd d116 ad1f e7f3 f9d7 f52c  .3..%..........,
0001a600: 0c57 db05 3faf 11bb 8117 07d9 0123 fab8  .W..?........#..
0001a610: 0708 c0f3 08ec f6b8 fcf4 09e4 2ae2 0a3f  ............*..?
0001a620: d3fe 2317 cfda 200d 25e3 1f3d 07ff ef12  ..#... .%..=....
0001a630: f958 10e1 ea16 f601 29eb 13f5 ea01 08d9  .X......).......
0001a640: 1610 f73d d0d0 28e2 101b 2419 45fd fa34  ...=..(...$.E..4
0001a650: d2ea f934 01e2 fb01 cf3e 0a21 fade dc17  ...4.....>.!....
0001a660: fc47 1ceb 15e2 09fc c40c d0f9 1c19 09ea  .G..............
0001a670: fe09 2af9 14dc d5ef ffee 12f1 09e6 0ce2  ..*.............
0001a680: 35ff 02e8 1102 f8fd 0104 e810 0df6 ed15  5...............
0001a690: c325 211e 21ee eaed e70c eafd 21d4 bbd5  .%!.!.......!...
0001a6a0: fb02 0d0e 00dc f919 16fd ce17 10fe 1105  ................
0001a6b0: 0ce1 1313 e0e8 f80d 35e0 e4fd 1816 24fc  ........5.....$.
0001a6c0: cfff 09fc b0e4 f215 e813 0b4c ff0c 000f  ...........L....
0001a6d0: 16e9 00f5 0d07 cb2c ebfb 0e32 11f6 dff4  .......,...2....
0001a6e0: d119 eb4d 43e7 d301 e5fc e91c f9fd 180a  ...MC...........
0001a6f0: d70c 0dd3 08f4 30ea 1a1c 233f 1804 d4f0  ......0...#?....
0001a700: d201 e2de 1000 0d35 19e5 2feb 132a 222b  .......5../..*"+
0001a710: f202 e523 15da 313f 2ed3 1ee7 f91a 21df  ...#..1?......!.
0001a720: eff7 1d06 06e7 fff3 241a f408 07e8 0031  ........$......1
0001a730: 0de4 4ef4 d02b c709 e3f5 3103 3904 04de  ..N..+....1.9...
0001a740: 0206 ec1c e7f6 db0b faf1 f7e5 00f2 a9ff  ................
0001a750: d307 152a 1106 3114 d80d 0303 1bdd 0311  ...*..1.........
0001a760: 11f2 111e 0e08 fe19 fe20 02ee 1c02 f60e  ......... ......
0001a770: 0915 c806 f7d6 2614 3b03 e30e fe16 20ce  ......&.;..... .
0001a780: e2d6 46e9 09de 1724 241b 4b18 e1f8 3205  ..F....$$.K...2.
0001a790: fdf1 fada d41d d7ee 0449 e221 3613 36e9  .........I.!6.6.
0001a7a0: 2943 2715 0c2c 1f07 50e8 170f ff23 f107  )C'..,..P....#..
0001a7b0: f7f9 0813 fa25 ce05 090d 2dd8 f6c8 281f  .....%....-...(.
0001a7c0: 1036 0c16 b015 d803 021d 0d15 1604 2c17  .6............,.
0001a7d0: 2f40 f1f5 16e5 3e00 8bf6 d4e3 0ef0 33e4  /@....>.......3.
0001a7e0: 05e3 09dc 0d05 ebfe 12e4 020f 00e9 cdf8  ................
0001a7f0: f538 e92f 1510 0af6 e538 fbfd ee1e 20d5  .8./.....8.... .
0001a800: 0af6 dbcf 0c01 f006 f21d 070d 2202 f812  ............"...
0001a810: e627 e10a 002b f3c2 0b2f 1712 d8fd 16b9  .'...+.../......
0001a820: 2118 e3f4 fbe1 0a33 ea17 11b6 3805 fb01  !......3....8...
0001a830: 09f3 090a f9f8 0d2e 55d3 1814 2a18 e9fc  ........U...*...
0001a840: f301 db03 b608 1205 01c6 e020 22e1 1613  ........... "...
0001a850: eaf6 112b 3c18 19f7 03eb d4ed 04f2 f7eb  ...+<...........
0001a860: 581e 122f 0fe0 171d 2224 fcf9 0ed7 cbf4  X../...."$......
0001a870: 2708 0a0f 0320 f0fe f1ee ee26 161d bdf6  '.... .....&....
0001a880: 19c5 edd3 df11 ee02 e9ec e8cb 04eb ea07  ................
0001a890: cd29 131f d2f9 e227 05d7 0a05 1efc 17d0  .).....'........
0001a8a0: f218 0f17 20fc f8f9 e6f0 c8eb decb feed  .... ...........
0001a8b0: 97d8 ee26 1c06 e5e3 12d9 0557 feda 28e6  ...&.......W..(.
0001a8c0: f9ed 1fe5 cfff f4ba 0410 21f4 2cf7 0a22  ..........!.,.."
0001a8d0: 0a36 ec27 18c0 ee0d d835 e841 21f8 f0fd  .6.'.....5.A!...
0001a8e0: 06de 04e9 cf42 13d3 fe00 0df3 36cc 240c  .....B......6.$.
0001a8f0: 0f32 0b0c 3fe3 f24e 0f2e 35d1 1828 182d  .2..?..N..5..(.-
0001a900: 2407 0f23 160e f8a9 fb42 efd9 0705 fee6  $..#.....B......
0001a910: c4f3 dade 01c4 0403 fd0d 562b f512 f9ea  ..........V+....
0001a920: d7df 34e8 9bd8 ceb9 9811 edd0 e505 d8e6  ..4.............
0001a930: ff03 15ea 08b7 d9fa 2717 9d45 fa0a cee3  ........'..E....
0001a940: bc17 dfee 1aec f30a f6d1 3c13 0ed3 3004  ..........<...0.
0001a950: 273b def3 f5df 2dee 3b1c 2309 bdfe c011  ';....-.;.#.....
0001a960: 0ae1 f509 db11 0aeb d7f0 ddd3 ed36 1219  .............6..
0001a970: 10e1 d50d 1a31 d708 37fd 2fef 272e f3d3  .....1..7./.'...
0001a980: 30f2 ead1 dbb8 fd0d 0be2 dd03 2829 090f  0...........()..
0001a990: e003 ca11 f9e6 2a11 153d 1a01 0cf1 2b29  ......*..=....+)
0001a9a0: 3e12 f0e6 171f d134 d6fb 3305 f9ea deb5  >......4..3.....
0001a9b0: 041d e9f8 7f07 d507 dc2b de37 391c 17ff  .........+.79...
0001a9c0: 1415 02d3 fce9 0f0f f82f 2435 0f1b 07d5  ........./$5....
0001a9d0: 082d fc1d 13cf 2135 d518 faf1 0f20 1dcc  .-....!5..... ..
0001a9e0: 04f3 19f7 eeed d11b e046 11d1 15f8 f604  .........F......
0001a9f0: daff 12d0 ee1f 3729 ebed 1b18 e632 f9f8  ......7).....2..
0001aa00: 1729 0a41 e6f4 fb30 11f1 f5ea f213 09f4  .).A...0........
0001aa10: cef4 f0e8 1cfc 1f0e ed1c e1f4 07e1 1829  ...............)
0001aa20: 0fd4 e4f0 ee1c 291d 1ef8 33f9 d1db 1223  ......)...3....#
0001aa30: f4fe ff30 c7ce 1704 eae9 0124 f10f dc06  ...0.......$....
0001aa40: 1708 fa16 0144 fb1a df0f 06fb 07c8 ff12  .....D..........
0001aa50: c30b 03f4 ff1d f810 f4d6 dcc5 22de ebf6  ............"...
0001aa60: 2c07 f9c8 ffee cf0f faf7 1e22 22ff f10c  ,..........""...
0001aa70: 260a 08e3 f0ed f1a4 de10 edda dbe4 e101  &...............
0001aa80: 1b1b 191e 1ce1 131f 01c4 dc00 2e2a 16da  .............*..
0001aa90: edf8 1a00 2400 c919 d7f9 e9e5 1c05 022f  ....$........../
0001aaa0: 1d08 16f9 2afb 08bc 0219 ff10 f216 0f21  ....*..........!
0001aab0: fa12 c9f5 e0f6 d408 fee5 281a 03eb f715  ..........(.....
0001aac0: fa20 0d18 c725 1002 b90c cc17 1003 f504  . ...%..........
0001aad0: 18dd 2d2e 0200 de1a 0513 05c6 dbe5 0028  ..-............(
0001aae0: c800 db00 9be1 f1e9 091f 070d 02d5 15d4  ................
0001aaf0: 04c1 b5fb bc21 06e4 0bc3 11e7 01c8 dffc  .....!..........
0001ab00: fd1e f5dd 0e1f 8710 d31f 16f8 fd11 d3f4  ................
0001ab10: cbfe fd09 de2e 30e5 ec10 2ad0 d31c 07d0  ......0...*.....
0001ab20: e4af d512 f722 d902 f607 dff8 f112 16de  ....."..........
0001ab30: 00c7 b8ec eaf8 e8da e8c6 1c2b fc81 fcd2  ...........+....
0001ab40: 0e13 08f4 0023 0be7 dec2 cecd 9ac3 f7c8  .....#..........
0001ab50: 02cc 2a10 c1fa e406 bfec d526 281b 19ca  ..*........&(...
0001ab60: d900 d6ef 1524 d3f6 360f d120 35ea 18f5  .....$..6.. 5...
0001ab70: c21a f7f5 ef19 2b01 f2cd 32c6 f5ec e2f1  ......+...2.....
0001ab80: 2dca 12d2 2bf3 08e7 e411 11f3 2ad3 e92f  -...+.......*../
0001ab90: 18ef 0dcf 1011 0627 1ae6 bdfa f2de f1fe  .......'........
0001aba0: 17f5 0dea 0b10 24eb 1f08 fecd d302 1d10  ......$.........
0001abb0: 0415 fbee 1213 f435 f6ea f31f ea1d eaed  .......5........
0001abc0: 2709 ed02 0a04 d821 9dd7 f3dd 2ee4 fef1  '......!........
0001abd0: dfc9 c83a 2e07 eb07 f538 1cf9 09fe 14e3  ...:.....8......
0001abe0: daf9 f545 d402 2bd9 cbdf afe8 ebe5 e9e7  ...E..+.........
0001abf0: d9d0 fcbd 25ff dde4 d8de eae2 eb0e 37de  ....%.........7.
0001ac00: d4e2 d3de edf0 ec0f 33f9 c4be fee2 070d  ........3.......
0001ac10: 091b 20f9 1504 4ee6 2af8 f9e1 cd0e 23b4  .. ...N.*.....#.
0001ac20: 1d06 102e 4225 da1c 96dd 4d13 df0b 2a2f  ....B%....M...*/
0001ac30: 0913 2efb 0dff 1016 05e4 f3db 1306 dff5  ................
0001ac40: 30f3 f43b f209 eef5 00cd fee8 bded 0306  0..;............
0001ac50: f700 fa09 cf35 0c30 e4c8 e4e9 32a5 e821  .....5.0....2..!
0001ac60: ee5b d1ea 1dd0 fdd7 ffcb 1e05 19eb 3b41  .[............;A
0001ac70: cdff 4245 fe0a 0710 db31 12c9 30f8 169f  ..BE.....1..0...
0001ac80: de15 fd17 3f03 ff0b 144b 0ff5 f430 d6dc  ....?....K...0..
0001ac90: 0cf0 1ebb 1b24 1bf3 ca04 3f37 f520 11dd  .....$....?7. ..
0001aca0: df0d 30fb 2fe9 0714 d4de 02e6 0efa e400  ..0./...........
0001acb0: 1528 2902 160a 1922 12d3 d3f4 e30d faea  .()...."........
0001acc0: 0a51 30f9 1407 0339 1adc ed00 07f5 f6ed  .Q0....9........
0001acd0: d8f5 4aeb e618 efe7 ebed 27e9 1006 43fb  ..J.......'...C.
0001ace0: f91e 021e 1428 312d faee fe13 0e07 faf5  .....(1-........
0001acf0: ec28 2ad7 0901 3124 1014 2009 c6b3 20d0  .(*...1$.. ... .
0001ad00: 143d cb0c f704 1a17 002d d25d 4050 f6eb  .=.......-.]@P..
0001ad10: 0634 35b2 bb37 1000 f3ff ddde d11f e505  .45..7..........
0001ad20: 1845 2316 41de 331e 00c6 ef1c e903 3119  .E#.A.3.......1.
0001ad30: fb08 dff5 e4c4 dadc dcaf 0f15 0b27 eab0  .............'..
0001ad40: e01c 12dd da28 ecec e205 0826 17df faed  .....(.....&....
0001ad50: e530 f1de 28fb c616 e1cb eefa 39fd 3c07  .0..(.......9.<.
0001ad60: faf2 13ec f5e4 ebf3 e008 0f03 ff10 db29  ...............)
0001ad70: 0e11 2e06 26d7 33e4 0b16 0413 0603 e9e7  ....&.3.........
0001ad80: 2404 f006 1ae6 0ff1 bfe2 040f fcf8 27ec  $.............'.
0001ad90: 370b dff4 15f3 e321 33ca 5244 2027 04f2  7......!3.RD '..
0001ada0: f2fe fc04 05bd f60d 2a19 1ffd 2002 0907  ........*... ...
0001adb0: b807 dd3b 502e 1bea c09d 3813 15e6 fe17  ...;P.....8.....
0001adc0: d908 ec08 bce4 ed28 f204 34d8 28d5 e0e1  .......(..4.(...
0001add0: 090e bafe 30d6 f7fb 4037 0f25 03eb 1afe  ....0...@7.%....
0001ade0: 17fb 0e0e 27ff 3422 fe13 db0b e9c1 f737  ....'.4".......7
0001adf0: 3935 ebc4 f70c a50d 17f0 0939 f336 c0ec  95.........9.6..
0001ae00: 16b4 0c25 ef1d 2c22 0520 0cf0 e622 122e  ...%..,". ..."..
0001ae10: 9742 f809 3105 fbf9 fcff fee1 16c1 1e42  .B..1..........B
0001ae20: efc3 f5dc e60e e4ef 2408 14bf 32e5 de19  ........$...2...
0001ae30: dbdb 2dbc ed25 dd15 fa52 f2e7 1def f709  ..-..%...R......
0001ae40: 12e9 c7df 3be2 06db 0ee9 31d5 154c 2d1e  ....;.....1..L-.
0001ae50: fe26 0c11 0524 0101 f3fc f416 50d4 0c19  .&...$......P...
0001ae60: 082e f213 231b 113b b104 31bd eaf7 f3eb  ....#..;..1.....
0001ae70: fbed 20f3 1f43 f9f5 e6f3 1932 2dcd 20e0  .. ..C.....2-. .
0001ae80: 233e 19f9 eee6 f9f5 f8fb 24fc 43b8 0af1  #>........$.C...
0001ae90: 02f8 fd31 2d02 1400 d61f 2e29 eb13 d3fd  ...1-......)....
0001aea0: 0b08 fd1b 3918 cff6 1116 da16 e4d5 03fd  ....9...........
0001aeb0: 07e7 b8f6 ffcf 12fc 1b1a 0e1a e8f9 ee25  ...............%
0001aec0: 162c 22e3 e7d3 28ec e3e9 502a 1ee1 1f2a  .,"...(...P*...*
0001aed0: 9c2b d70f 270d dd23 dfc0 fb2d e7f6 0b1f  .+..'..#...-....
0001aee0: f8fb f8d2 abcb 07bc 53fa df5d a7ef d8f5  ........S..]....
0001aef0: 1ed2 d8cf 0ce5 0834 ceab cfca f812 f10e  .......4........
0001af00: e00a dc02 f5e1 cd3a f6cc bf18 0316 26fc  .......:......&.
0001af10: 0adf 0a16 dbd9 07d8 ef1a ecda f30a 1a08  ................
0001af20: e814 18e4 1e28 45c3 1eda 0158 0d1d 3ced  .....(E....X..<.
0001af30: 13a7 efeb f00f 0a2a d10c f523 ac24 1a07  .......*...#.$..
0001af40: d402 db01 ea17 e6ec eae5 11ec dc1a d0e4  ................
0001af50: 3303 d41d f1fa ff10 24f6 e5e4 f42b 11ce  3.......$....+..
0001af60: ebde 192d d306 19ea fdef d806 ca53 08f2  ...-.........S..
0001af70: 23eb f513 f219 150c e0c6 0c13 fdee 53ac  #.............S.
0001af80: 090f 15ff 0d1c bbe2 1f1e e8c7 fa05 04f1  ................
0001af90: ed10 084e 2bdb e04a 0722 9c48 ee0e 0125  ...N+..J.".H...%
0001afa0: 1a3b 3f00 2218 1f23 cf23 dbde 09e7 0f17  .;?."..#.#......
0001afb0: 482b fb16 d729 0f25 2cde 01e4 f92f 0e20  H+...).%,..../. 
0001afc0: 09d8 e90b eb11 2cdd f6f0 0bcf 1625 f9db  ......,......%..
0001afd0: f7e9 bc0d 38cc 174f 06f0 ecf5 081a 275a  ....8..O......'Z
0001afe0: 23ea f2c8 13c8 f717 12f7 0a31 1024 f61d  #..........1.$..
0001aff0: bafb fcef 56c4 051d 5f4b 137f fb17 14e8  ....V..._K......
0001b000: d1fe 20d9 f3b8 1236 ad38 efe7 ff3a ddca  .. ....6.8...:..
0001b010: 1d12 e2e2 12e6 370f 1337 1819 04bd 12ee  ......7..7......
0001b020: 0719 d804 f710 3d1c 04d3 06ee eb29 1df2  ......=......)..
0001b030: c807 0b0d 034a f32a e9c8 f620 4c2f fdfd  .....J.*... L/..
0001b040: dc0b 12af c8f4 d634 033f 38fb dcfa b7f5  .......4.?8.....
0001b050: 0e39 c9ff 02e9 0fb3 c4e3 1e3d 351a 0415  .9.........=5...
0001b060: ebe7 dad8 1dc5 f024 1114 04d8 33ea f44d  .......$....3..M
0001b070: f5f5 e701 00ec d701 17ec 113b cbe4 32f2  ...........;..2.
0001b080: e501 151a 2809 ef1c 20f5 f53a 36d4 1bc0  ....(... ..:6...
0001b090: e418 0f26 d7ff 12eb 09fd f52f 01c6 fbe7  ...&......./....
0001b0a0: 011c bf3e fd28 d7d2 010e 49fb 10cb f10e  ...>.(....I.....
0001b0b0: 0218 fad7 e8f6 d82c e22f 27cf c5fb cefd  .......,./'.....
0001b0c0: d311 ed08 0919 e2e0 0adf eedb 0713 38ea  ..............8.
0001b0d0: 0a1f f210 e921 e7ff 30f9 e216 a602 af11  .....!..0.......
0001b0e0: 1f0a e3df d417 cfdf f108 e0cd ed1b 301e  ..............0.
0001b0f0: 041f f0c9 b5da 23ff 271d 050d 1722 19f1  ......#.'...."..
0001b100: ae24 c204 07d8 f627 c4fe e134 22e5 9de9  .$.....'...4"...
0001b110: 11bf 2ee7 4524 37fb 0ff8 2ff9 0df4 ddfd  ....E$7.../.....
0001b120: 0002 23fe 1a23 0600 c4f7 2030 1914 02b6  ..#..#.... 0....
0001b130: fed9 e5ea 2fa7 e220 e0da 2efb 18fa f7f9  ..../.. ........
0001b140: 05db fa2c 102f 33ce 2c28 de1c f80d ddd7  ...,./3.,(......
0001b150: 15d7 fce0 d915 ee2a ced7 0804 c6e6 0de5  .......*........
0001b160: fe39 37fc fbf4 d616 d3d7 da09 bb0a cfa8  .97.............
0001b170: dc04 2826 2017 0605 13e0 15ce 21ed ddc5  ..(& .......!...
0001b180: f322 2a0d c1ea cee5 2102 e903 1aeb 18e0  ."*.....!.......
0001b190: 26d2 16f5 f5f7 40ee d1f0 08ed d5fd 1419  &.....@.........
0001b1a0: d7eb 16e1 e1f8 c7bf 1700 c907 fec7 e1b1  ................
0001b1b0: c8e1 011e 19f4 ed07 da99 10c6 fc25 f60c  .............%..
0001b1c0: db12 0601 ecd4 063a ea2d ece6 0ecf 012c  .......:.-.....,
0001b1d0: 16e9 f2ee 11f1 fbca 2955 0d21 36fc f2b5  ........)U.!6...
0001b1e0: d901 1f02 20db 0a12 e51d 0dea 2fe2 08db  .... ......./...
0001b1f0: 0713 e509 eb1f c6ed 09d8 e3f4 e812 e2cc  ................
0001b200: f1ef f1c8 eec4 c023 f9dc d9f9 fe21 3200  .......#.....!2.
0001b210: 2a37 0009 ea04 16c4 fec1 2bb2 faf9 d3c1  *7........+.....
0001b220: 2924 0138 e3fd 0e16 084f 5523 19f4 eee2  )$.8.....OU#....
0001b230: d70c dd24 e118 b602 eb14 15fe 1c37 0475  ...$.........7.u
0001b240: b7bd 3431 1d29 cb1f 04fa fa13 15f3 322e  ..41.)........2.
0001b250: 1a08 3953 d904 ce1a 10e3 241a 13f5 daf2  ..9S......$.....
0001b260: b41e ff23 f306 1308 4b81 c7bf 112f 121c  ...#....K..../..
0001b270: 3127 3f1b 384b 0a03 0b11 f9e8 061d efc5  1'?.8K..........
0001b280: dae5 d7ec 12fd e9b8 0b0b ecf5 e0f0 d7bf  ................
0001b290: d7e9 06e3 01f5 ee01 c0e7 2b0a 11fa 05f2  ..........+.....
0001b2a0: 11c4 34d4 0c29 f204 040c 0ec3 27e2 e043  ..4..)......'..C
0001b2b0: 0513 ff01 580c e7d3 0504 f80b 07ef e3dc  ....X...........
0001b2c0: 0ad6 cd08 f8fd 10fb 0bfc 20fc 1d23 d839  .......... ..#.9
0001b2d0: 15d0 2be4 fe2f f329 445e fed3 d1ca fbc0  ..+../.)D^......
0001b2e0: c826 ed03 263e d6ec f7ea 153b 2519 fdf3  .&..&>.....;%...
0001b2f0: d0f5 3bce f41e 2e1c 13fc 15d4 dde4 fe01  ..;.............
0001b300: 2827 0326 f2f6 4cd8 2ebd f51a ded6 96ef  ('.&..L.........
0001b310: 23ad 20f7 2819 34d9 031a 9d19 180d 260a  #. .(.4.......&.
0001b320: ed22 ebff 3dfc 0827 030e 409c 0a26 0b0f  ."..=..'..@..&..
0001b330: d0de f209 1b1a 2b03 0003 2318 eb14 f209  ......+...#.....
0001b340: 06f1 ad11 40e2 4cbb 5a39 f0f3 bdc0 4a26  ....@.L.Z9....J&
0001b350: c4a5 9cc6 bfee 40cf 4a01 fed5 c994 b403  ......@.J.......
0001b360: fc0b 3630 f9ec f0a1 2602 f908 1315 abab  ..60....&.......
0001b370: f7f8 12da e612 33fd bbe0 fe3f 2e06 0b2e  ......3....?....
0001b380: 1671 20c4 1fff 4851 eaca b90b 0e0b dcd6  .q ...HQ........
0001b390: e309 2624 1ef0 cff8 151e 011a 18d2 1330  ..&$...........0
0001b3a0: 17f3 0211 ddd2 2ebe 2717 05f6 1609 f2da  ........'.......
0001b3b0: 18d1 ced2 13d9 0a0f 32ce 07c6 01cd fcf7  ........2.......
0001b3c0: 12fe 1432 08f9 10eb 26f7 ee13 01c7 0ce3  ...2....&.......
0001b3d0: e226 ee01 fe1b caeb c91c cf19 35da 22e4  .&..........5.".
0001b3e0: eb65 ffd7 3d01 b737 afe5 d0c5 e8e5 f1f0  .e..=..7........
0001b3f0: fc43 f914 e50a d511 b7f6 0933 c700 f0f9  .C.........3....
0001b400: 261b 0716 f6dd dd26 0c37 d734 0512 e7cd  &......&.7.4....
0001b410: e50f f843 fafa 1736 f7f7 b5fa 1a20 d60e  ...C...6..... ..
0001b420: e713 06f1 fa28 ef3a 04ef 21d7 df1c 32ec  .....(.:..!...2.
0001b430: d206 0c13 e40a ed06 fc15 ed05 f5fc 190f  ................
0001b440: 0b3f 1514 0ae0 0af4 eef5 0fe3 ec3e fb03  .?...........>..
0001b450: 17ef 0e08 26e8 d0d4 38fc f20d 190d 0b22  ....&...8......"
0001b460: 53f9 eb3c d016 203f 29fe a726 ecd2 2dc9  S..<.. ?)..&..-.
0001b470: 140e 1f1f 0ec0 31fc 100c ed02 d7fc f9b5  ......1.........
0001b480: eee6 f6f2 1530 ca4d fb06 2102 ee01 1f48  .....0.M..!....H
0001b490: d3ff 0637 10ca 05f7 01f4 e7ce 1018 d9ee  ...7............
0001b4a0: ebe6 f709 0f1d f821 0859 1017 f43d f621  .......!.Y...=.!
0001b4b0: f930 ffe9 2417 db00 f403 fd21 1e02 f032  .0..$......!...2
0001b4c0: 6711 111f e9ef dfd2 1be0 0a05 1618 ea13  g...............
0001b4d0: ed0e f608 f4f8 c213 01f0 2f28 212c 2ddf  ........../(!,-.
0001b4e0: e50d fe06 b7ff 1d0c 2a0f 1cef d6dd 3b16  ........*.....;.
0001b4f0: 25ee 2a24 35e9 1239 f71b 01eb f6e2 de06  %.*$5..9........
0001b500: 0ed6 30e3 1f1a 1fe0 f213 e11a f7e8 0f0c  ..0.............
0001b510: b5fc dce5 1d00 0712 fb1b e6dd 2efd f8e2  ................
0001b520: 032d 2828 2731 b439 e7fa 1d00 f5ee d0ec  .-(('1.9........
0001b530: 1e04 ffe7 1bec f20d dce9 0e0b ff42 f109  .............B..
0001b540: 2ef5 f5e8 f015 0907 14fc f30d 1108 f405  ................
0001b550: 1710 f60f 14fb 1bf3 ddec 07fd d5ef 0306  ................
0001b560: 28ff 3a11 1bd8 e0f8 1ce3 151a d6df 0e1c  (.:.............
0001b570: d70f 2103 d801 f619 0f01 3bf9 172f 161b  ..!.......;../..
0001b580: c5e9 25ed 1cd8 c4d9 f335 35e6 0c11 f1f5  ..%......55.....
0001b590: ff19 2413 16e3 be2e be29 ef2b 41f2 d3fe  ..$......).+A...
0001b5a0: 4018 11d2 2b0a ed06 0d0e e821 fde7 1505  @...+......!....
0001b5b0: fe29 4e3a 10cc 02e6 34c2 00fe 1211 e8ed  .)N:....4.......
0001b5c0: dce7 dc15 de11 fae0 f7fc 4115 23ee 0827  ..........A.#..'
0001b5d0: d9ec 340d 03f1 1320 fa12 f127 0f01 f8f8  ..4.... ...'....
0001b5e0: f61b 1d41 39f5 1409 f4e4 0c02 d619 23e3  ...A9.........#.
0001b5f0: e812 e70e 19f5 1705 f90d 1af5 0145 09ed  .............E..
0001b600: 20cb 1de6 1002 fbfa 3108 edca fe04 2a1c   .......1.....*.
0001b610: 2300 fc0f dfee 2c1a 19e4 08f9 2e11 2be2  #.....,.......+.
0001b620: 16fb fc11 f7f6 09ef ee18 ec02 c315 0b20  ............... 
0001b630: 66f4 18f0 f1e7 e824 ffea 2308 e9e8 2016  f......$..#... .
0001b640: 03e3 f4ff 35ce 4105 3aff 001a f6eb 03de  ....5.A.:.......
0001b650: c400 dff0 2715 f711 ff05 e5e7 0203 17d2  ....'...........
0001b660: b833 1034 d3f1 e216 02e3 3d17 29f1 e8f7  .3.4......=.)...
0001b670: f704 21cf e91f cd10 f144 dd04 cfe2 e208  ..!......D......
0001b680: d746 ef18 0930 b744 ee22 10b5 3c10 fbf5  .F...0.D."..<...
0001b690: 1a39 1d41 c51d f606 f8c5 ee3c cfc9 28ef  .9.A.......<..(.
0001b6a0: 318f bd04 07d7 39e1 02e8 e620 d500 0a15  1.....9.... ....
0001b6b0: 487f 3a16 f61f 06f5 c7ae dade 253b f4d9  H.:.........%;..
0001b6c0: ed19 09de c1bf eaf6 3207 f926 2fea efe8  ........2..&/...
0001b6d0: 0906 05ca 0be4 d51e 9b2f 5033 16de eef2  ........./P3....
0001b6e0: fd37 15ea 4639 cbc5 d3e2 381c 0316 13fd  .7..F9....8.....
0001b6f0: f9fb 31e9 c503 edaa ecdc 2ef0 e6e6 2a34  ..1...........*4
0001b700: d7f2 3d15 f92c 14f9 050d 0917 0b1c 46cd  ..=..,........F.
0001b710: 2a0d d1ff 2e0d 08f0 c5f7 3e02 08f0 c223  *.........>....#
0001b720: ea17 d0e2 22fc eb1f c2db f5ed 1910 eae9  ...."...........
0001b730: fff2 2b0d f444 e8fe e43c e7fb d6c4 b7ed  ..+..D...<......
0001b740: fa29 0908 e922 e234 dcd2 c3f4 dee8 1dea  .)...".4........
0001b750: 2a67 e7f3 0c09 ed27 11fe 240a fb1d f21b  *g.....'..$.....
0001b760: befb f7db 0a02 a010 eb11 130e fc26 49d8  .............&I.
0001b770: d20a f625 11ce fdee 1803 082a 07eb b45b  ...%.......*...[
0001b780: d104 0010 4a48 39ef c3e7 0de8 ec23 fa22  ....JH9......#."
0001b790: 1733 f93a 2932 17de fd0e e0e7 0101 e5f6  .3.:)2..........
0001b7a0: f9fd f2d2 fe05 1bef c436 e107 fff6 1007  .........6......
0001b7b0: e81e 9609 1b03 1118 eff7 09fd 31ea b9f3  ............1...
0001b7c0: 10ec 02fa 17ed 4f21 b5fc eb24 0101 ccfb  ......O!...$....
0001b7d0: cdd0 d5df 22c3 11f8 6536 0bc3 0729 e6b8  ...."...e6...)..
0001b7e0: d008 e0f4 10f5 f8da 39f6 20f4 dfe8 d508  ........9. .....
0001b7f0: cc18 f80a 41d3 e2ec 2905 0c42 ffda ec26  ....A...)..B...&
0001b800: f9f4 cee1 26bb 230f 93ec 11d0 d33b fd04  ....&.#......;..
0001b810: 160d fa03 3f42 f849 27fb f526 fe25 e622  ....?B.I'..&.%."
0001b820: 0409 fa14 060b 30e3 0b31 f6f5 f006 11e6  ......0..1......
0001b830: bb2c 1500 dcfe ff0e e5d6 0002 22f1 f730  .,.........."..0
0001b840: e310 2cfc e927 b8d0 2b17 01e1 1b0b 0419  ..,..'..+.......
0001b850: 1d07 0105 f930 d2d9 ed19 02d0 fc07 0216  .....0..........
0001b860: f6d3 14fe ebe6 f905 0fe9 0e09 05e8 2b0a  ..............+.
0001b870: 1c2e 1b1b d026 de1c 1a11 fcfd f6ee 0430  .....&.........0
0001b880: e0fe 1af4 07be 191f e435 fc22 0320 f9c0  .........5.". ..
0001b890: 03f0 00d0 0121 f44a 0e18 c3dc 0402 ceff  .....!.J........
0001b8a0: 5404 2a24 ecfb 2308 1edb 0311 e2f6 ff06  T.*$..#.........
0001b8b0: 4c16 ee2b dee6 d2ec f925 110a 292e f417  L..+.....%..)...
0001b8c0: fe18 1512 1a04 011b da0d 1a20 0539 d5ef  ........... .9..
0001b8d0: ed14 ee13 ff27 3817 0add 3427 1a2e c9e8  .....'8...4'....
0001b8e0: 0c21 f625 4529 033c 0b53 03df 0b22 f8e4  .!.%E).<.S..."..
0001b8f0: e6ff fe27 13f3 033f d9dd e70a ea33 1806  ...'...?.....3..
0001b900: 0ae1 0103 3223 ebf0 17d1 3b02 23ee 00e9  ....2#....;.#...
0001b910: effc 0c36 f1d2 0bec 41dc 0a42 3008 d510  ...6....A..B0...
0001b920: 0aff 21f0 102d 4611 18e8 2ccf f835 2922  ..!..-F...,..5)"
0001b930: e5fc ff0d 0e08 013b d5e5 18d4 0e1e 1b16  .......;........
0001b940: ec10 130a 33ee 1b19 f80f 4e19 f216 06e5  ....3.....N.....
0001b950: eacd 0402 13f9 38d6 dc05 1de8 2108 1503  ......8.....!...
0001b960: f6ec de1a d4e9 0d07 0ddd ede1 01ed dd08  ................
0001b970: eef7 22cd 2ede ccfa e21c 15ea 23e3 e339  ..".........#..9
0001b980: 032d 0e0c 0b1b d20f ea06 debe d4ed e0f0  .-..............
0001b990: f110 c9ec 271e d4ee 97d5 d3de 1217 d5c5  ....'...........
0001b9a0: 3dc4 d0de daca f6f5 daf2 f928 e0c2 e7f9  =..........(....
0001b9b0: 1b44 dfde dee1 0b20 d7c9 f010 f7ff e6c4  .D..... ........
0001b9c0: d634 0bd1 0a3c d911 230e fe0f 14fe d7d8  .4...<..#.......
0001b9d0: d7ca 1bf9 14c9 e80d f9f1 3825 e6f6 f6ff  ..........8%....
0001b9e0: fce1 e7b1 bcfa b0ed ec36 fa01 05f0 04fb  .........6......
0001b9f0: 1804 4b24 1414 c931 0d01 2bf2 0312 e5f1  ..K$...1..+.....
0001ba00: e210 5ff4 2d44 0b10 3ad1 0a13 f0e4 dcd3  .._.-D..:.......
0001ba10: f911 df0f fbf8 2aff cfe1 c711 dad9 d606  ......*.........
0001ba20: f9e6 0ce1 d209 0d42 f252 0e34 0112 f107  .......B.R.4....
0001ba30: ebfe d9ea 0f11 f832 1409 ec0d e60d 01ae  .......2........
0001ba40: 0221 e7df 02f8 3b20 f7db d240 31d3 ca0a  .!....; ...@1...
0001ba50: ddf7 f8fa 3a17 0df1 e7de ece0 05c2 ed02  ....:...........
0001ba60: 28e1 06cd f9d1 dbe2 f5d1 1508 06da fb16  (...............
0001ba70: 1619 02d6 14ed b9cf f400 102a fffa e2c5  ...........*....
0001ba80: dbf8 007f f6f8 051c cf2c 0ee5 1c27 231e  .........,...'#.
0001ba90: 1d18 10db 442b f412 e8ea db10 fa31 00e5  ....D+.......1..
0001baa0: c83e fee1 1915 0bee c30a fc0d caeb f408  .>..............
0001bab0: e204 f006 ea19 24ee 0e23 03f9 e0f4 3a2d  ......$..#....:-
0001bac0: fd2d 252f db0e def3 182e 1d21 2018 0bff  .-%/.......! ...
0001bad0: 03d2 e0d1 fb15 f904 0df3 fb23 db1f 2605  ...........#..&.
0001bae0: 02ef 2ef2 0c3b 07e2 f113 fa04 e321 3452  .....;.......!4R
0001baf0: 0a20 0221 e301 1112 27e3 e4e6 fef2 1525  . .!....'......%
0001bb00: e4d9 0fc5 fe01 d2fb 16ee 3d0e 170a 2216  ..........=...".
0001bb10: 0704 26ed 2104 c5fd 13f5 10f5 3cec f04b  ..&.!.......<..K
0001bb20: 1d08 bb22 09fa fbef 6018 fee7 1321 10fa  ..."....`....!..
0001bb30: d219 1af1 ba18 f025 0c0a 2be2 d815 3315  .......%..+...3.
0001bb40: f40f 0610 d913 1bbf 0efc 0a18 20cc cb17  ............ ...
0001bb50: def1 e622 e9ff 0816 da1f 2f1a 110b fe07  ..."....../.....
0001bb60: 0b12 eaf5 0d2c 2b05 09ce 25ef 0013 0815  .....,+...%.....
0001bb70: 15db e4f6 f00b ce0d d01a 032e ebdd 0efe  ................
0001bb80: 22b6 f708 0915 01de f3ee f30e 05e4 1cf6  "...............
0001bb90: 30f3 e522 1005 010b ecf6 e9d9 f7d6 f33b  0.."...........;
0001bba0: 17fa fae4 2d09 2626 dcf6 1547 0b27 022a  ....-.&&...G.'.*
0001bbb0: 2409 2d02 fcd1 0c3f f012 ff22 d539 0a02  $.-....?...".9..
0001bbc0: 24ec f7e6 0ef8 f904 2604 e10c 210f 3738  $.......&...!.78
0001bbd0: 0a06 17ee f948 032e 2a22 f6dc 0149 1117  .....H..*"...I..
0001bbe0: e008 0c12 29c2 de1f 9f81 0ddf d920 d8d6  ....)........ ..
0001bbf0: f8d4 d31e 20e4 2b06 f307 e219 de10 e894  .... .+.........
0001bc00: 1dc2 fafc 08f7 0100 0416 1e03 e709 e0e2  ................
0001bc10: d1c6 28c5 f626 042b 0fab cdf4 30f2 20ed  ..(..&.+....0. .
0001bc20: dfee 1efa 04f6 1ade fdd2 ef14 df05 c404  ................
0001bc30: fa02 1a12 f311 e210 02cd b51b fd60 d31c  .............`..
0001bc40: 13f2 0504 3502 a102 06f5 1d0a 222f f01a  ....5......."/..
0001bc50: 0312 08f7 0008 b3ef f4f1 04fe 0e1d dad1  ................
0001bc60: f6fd fdc4 fb08 0706 ec3d fd04 e11d d1f4  .........=......
0001bc70: edf3 c9df fd00 cce4 dbb1 d6e4 0a1c f637  ...............7
0001bc80: 31b1 151f 2104 1bd6 e5ea a232 16a7 2acc  1...!......2..*.
0001bc90: ee23 26c6 bf17 eddb 0833 21d4 1e24 278b  .#&......3!..$'.
0001bca0: dbf4 f81c 1b0d e3f8 f620 f6eb d420 f1de  ......... ... ..
0001bcb0: ecf2 08d0 df0b 17ec d2fc 0826 e9f6 d114  ...........&....
0001bcc0: 09d4 01ff 2d22 23f0 f516 eef6 fcc2 ef1b  ....-"#.........
0001bcd0: fa26 0413 1a0d 1610 19db f3e2 12d8 3ede  .&............>.
0001bce0: 1dd5 bf15 db09 4019 16ce 11c0 cef4 e30f  ......@.........
0001bcf0: e3e7 16fd 2028 3c08 06f4 cd04 0db5 0247  .... (<........G
0001bd00: 1240 fd36 f823 f7cc 0117 29e6 f5db 1c25  .@.6.#....)....%
0001bd10: f4c6 e8e6 34df 0422 2dca 08e6 0701 eb1d  ....4.."-.......
0001bd20: 0102 0815 e31c fbe1 0309 f710 f440 03db  .............@..
0001bd30: 0d43 ecfe 2a38 edd9 0621 db05 17fa ee35  .C..*8...!.....5
0001bd40: 2329 1115 feca 1231 05da e205 eb44 14c6  #).....1.....D..
0001bd50: e3ee 2113 03ee f9d5 e3ee f946 240d d3f7  ..!........F$...
0001bd60: 01f3 fcfb 29eb 06f6 d841 2cfc 4110 de06  ....)....A,.A...
0001bd70: b24a e908 1221 d4f1 39fe ebe2 2d49 cffe  .J...!..9...-I..
0001bd80: fefe 201d dbdd f0ca eee1 9cfb d0ec f80c  .. .............
0001bd90: dfc1 0ad2 e51b d807 02bb dd25 faf1 f32b  ...........%...+
0001bda0: 1cd2 f1bd e12d f111 cf0c dc65 0d24 0f03  .....-.....e.$..
0001bdb0: 16ef f934 482d 01f8 fce2 291c fa2a 2cbf  ...4H-....)..*,.
0001bdc0: f817 d81f 29a8 18fd ebf7 e637 b6c7 2809  ....)......7..(.
0001bdd0: b6ef 34fc e939 21fb fb01 e508 e915 0aef  ..4..9!.........
0001bde0: 0538 f5db 400a f020 05d1 1ac8 09f2 262a  .8..@.. ......&*
0001bdf0: e332 fcff ec0c c1e4 3ce9 14ff 18c3 1bef  .2......<.......
0001be00: ea39 fbde ef13 ca39 d2f2 b9e0 14e0 fcfe  .9.....9........
0001be10: 0809 f1ed 151f 1ef3 0217 0b06 1d0f ef37  ...............7
0001be20: 20f3 0f1a eefd d617 effe 1629 fc09 2227   ..........).."'
0001be30: 061b eb0e 0828 edfd dce2 13c3 05e9 212c  .....(........!,
0001be40: 02fb d904 1520 f516 030d 2a07 2ff0 1217  ..... ....*./...
0001be50: 130f f71e 0531 f0f5 1a06 a800 dab8 26ec  .....1........&.
0001be60: 1c1f e811 ef0f 310d f212 08bb 26f6 0611  ......1.....&...
0001be70: e2f7 d40f ed1c f913 0459 aa0a 2902 c5cd  .........Y..)...
0001be80: 17c8 03cf 2b2b 4805 a8f9 1306 4243 e324  ....++H.....BC.$
0001be90: da18 f4dd 1027 14c6 32f6 c1f7 f658 0406  .....'..2....X..
0001bea0: 2301 31f9 15cf c441 ba1a 1427 0ced c0fc  #.1....A...'....
0001beb0: 09fc e905 17bc b3f5 1a1b 032d 12f1 d942  ...........-...B
0001bec0: 1ecf 2500 fc26 420b d2e4 2102 120c 271d  ..%..&B...!...'.
0001bed0: 13f1 0b24 2342 1c0d 2007 f607 2aec c3b1  ...$#B.. ...*...
0001bee0: 1afe 36f7 4c08 2c09 2aee ea08 d35c f004  ..6.L.,.*....\..
0001bef0: e9f3 0a1b fa2c 0c27 b2e5 f908 2df4 dd37  .....,.'....-..7
0001bf00: 19ed f8d8 100a dd1d 01e4 14f8 feec 2718  ..............'.
0001bf10: e203 3a3b f50a e008 050a eb1f 381c e7e5  ..:;........8...
0001bf20: 2ffc 2217 211f 0509 0610 292f 0710 d0f8  /.".!.....)/....
0001bf30: 0ee3 e4ff 1a07 e00e ce13 d7db fb1b f7e2  ................
0001bf40: 3022 0828 f705 e40a e9ed f7f8 12e8 c6e7  0".(............
0001bf50: fafd e8f8 ef37 fbec 0010 0a40 f72b 26fa  .....7.....@.+&.
0001bf60: 1526 0efa 02f3 d7fd 4229 edc1 ff04 fd0a  .&......B)......
0001bf70: 0ee8 dd0f fb0b 0ed1 fd04 f6fd ec21 0ad8  .............!..
0001bf80: d219 32f8 2dff adee e0f5 d5e0 cbfd 081e  ..2.-...........
0001bf90: 1108 0916 f525 01c6 f40c 4b21 e524 fec0  .....%....K!.$..
0001bfa0: 0c1a cbc3 401f cde6 f71e f217 f1fc bbf4  ....@...........
0001bfb0: 0c02 14bb d70e e8e4 3617 e2ef 1304 d31b  ........6.......
0001bfc0: f89d 11c1 3c21 3802 19fa 04f7 a8e0 1afe  ....<!8.........
0001bfd0: 1edf ea12 ddf4 e9da 1ab3 f320 dbd2 faf2  ........... ....
0001bfe0: 36f3 dddd 0d13 19fe 51c4 26de 3f4c 0909  6.......Q.&.?L..
0001bff0: 1eed 201b b71c 3f48 2111 ff2e 15ec dae8  .. ...?H!.......
0001c000: 0728 0318 e6cc ee26 1007 10e6 e81e ff18  .(.....&........
0001c010: e302 e9fe cfdf 0ef8 f101 0427 ee46 01f8  ...........'.F..
0001c020: 1326 d4d9 ce1f e8f0 3022 faef fe0d ec0e  .&......0"......
0001c030: 1d23 e0ec e6c8 0705 e503 13d7 050c 07ff  .#..............
0001c040: e71b 232b fc20 32ef 0801 4212 c309 1cce  ..#+. 2...B.....
0001c050: 2101 f2d7 1f25 fd15 4afd fde9 001a 29f3  !....%..J.....).
0001c060: 1503 4939 1611 240f 0de0 05e1 391b 0e20  ..I9..$.....9.. 
0001c070: 2be8 2725 f13f fff2 d204 30e3 ddd9 e908  +.'%.?....0.....
0001c080: 02fd 04dd e805 0921 4dec 1738 e4e5 d70c  .......!M..8....
0001c090: 21ea 1947 ac05 dd03 1998 1d1a def4 fc07  !..G............
0001c0a0: c4e3 0d29 0c21 0913 06c0 da0a e6fa c7fa  ...).!..........
0001c0b0: eb02 1ee5 f203 03b0 1004 0ff7 100e 17e4  ................
0001c0c0: f22d 3a0a ffff ece2 d5e9 f511 04e4 f0f6  .-:.............
0001c0d0: 07ef dbe3 effe 23ed 8101 151a c8c2 031b  ......#.........
0001c0e0: 1a0b 10ad 560c 220e c3e1 1402 1c09 022c  ....V."........,
0001c0f0: 1c0a 39f4 17cb 1637 3bda 04fc dcf7 17d6  ..9....7;.......
0001c100: 10ed d5c0 8a54 0e20 36e8 08da f502 b616  .....T. 6.......
0001c110: d143 4bf4 2117 0f4a 1445 f238 f70e 30ce  .CK.!..J.E.8..0.
0001c120: 0711 0c0e 342a ea04 e8d6 0f04 ff1a 08f6  ....4*..........
0001c130: 1eeb 0341 ecf0 1c24 e221 4b09 1b20 30fe  ...A...$.!K.. 0.
0001c140: 152a 0311 b10c f809 0e22 b40a 0132 1940  .*......."...2.@
0001c150: 190b fc2e 21d8 2315 fa14 26e3 0202 482d  ....!.#...&...H-
0001c160: daf0 f01e f312 ba1e fe16 1608 fbd9 cc1e  ................
0001c170: 1ffd 0900 fd0d 0bf3 1af8 db03 27f2 aa09  ............'...
0001c180: cf3c becb caec f407 df24 da13 03e6 ddec  .<.......$......
0001c190: c731 e715 39fb eb31 e6e4 b6dc e6d1 ecd9  .1..9..1........
0001c1a0: 30f3 31eb 0f16 f106 f827 00e4 09c8 fdfb  0.1......'......
0001c1b0: 311a cce8 db00 92ed dd23 c8d7 dc03 e2e5  1........#......
0001c1c0: 07e4 f6bd 45e4 ece6 f30c eedc f327 f1da  ....E........'..
0001c1d0: 210f bd03 d7e6 05f6 c5bc eef2 00f7 87fa  !...............
0001c1e0: 2c0d ebd5 eae6 0fd4 01fa fbee c5e5 08b9  ,...............
0001c1f0: b1da e0f7 f148 f59b adb4 d2e5 3615 2448  .....H......6.$H
0001c200: 1cdf fdc6 c607 ffc8 f9eb 33e1 21f9 00da  ..........3.!...
0001c210: 1b1c e8e9 213b c50f fd20 2fe6 1efa ef1a  ....!;... /.....
0001c220: 4a0e 180d 14e7 02fb 2ed5 07ff ffe7 07e4  J...............
0001c230: 14d6 f8f7 cb43 0429 d5c5 1c18 0b11 0a0f  .....C.)........
0001c240: 0118 11c6 f2da 0d1f cb42 ef02 f236 ef0c  .........B...6..
0001c250: dfee 2c06 1cfa e215 05c1 e1d0 13db 0f2f  ..,............/
0001c260: 0af1 daf4 1815 fd01 f9bb fef9 2210 09fb  ............"...
0001c270: 0704 cdfb 303a 0003 eefe e113 27fa f708  ....0:......'...
0001c280: 0b16 f00b 0c18 1c07 28fd 3a08 0eec 0f22  ........(.:...."
0001c290: e905 2509 2002 f21d e4e5 e6f9 f923 2cce  ..%. ........#,.
0001c2a0: f20d ec18 070a 0c26 5005 01fc 1610 1006  .......&P.......
0001c2b0: 271e 25c1 0c05 cc0c 40ff db0b 0ce4 e6f7  '.%.....@.......
0001c2c0: 3526 1e0c 1237 3615 14bf efff e71f 22f0  5&...76.......".
0001c2d0: 1501 f80f 04d8 13fa 2513 d8f4 2a14 2100  ........%...*.!.
0001c2e0: 16e2 eefc 09f6 e5e5 1ef9 020a f918 391c  ..............9.
0001c2f0: de39 5c04 fd17 e80e 0bcd df09 e9c5 c741  .9\............A
0001c300: de07 2105 08da 12ec 140c ce31 dfd7 15cd  ..!........1....
0001c310: 06da e122 243a 2333 24c9 9c15 02c3 2f11  ..."$:#3$...../.
0001c320: 0431 20d4 33dd db0f 10e8 243f 0abb 0afc  .1 .3.....$?....
0001c330: fdf6 0e1c 170e 0bd3 3bf8 1ce5 34f5 890b  ........;...4...
0001c340: 0805 1e4c 2524 190a 0cf5 fbcc 0334 fb10  ...L%$.......4..
0001c350: cf0b e40c 03da faf0 03fe 2411 39e3 074a  ..........$.9..J
0001c360: 55fb f21a 0be2 58c5 09ec 07df 19ff 04f5  U.....X.........
0001c370: 20dd fcca 3ea9 1dee ff19 432b 08f7 38e2   ...>.....C+..8.
0001c380: f0f9 160c ece0 0e0b e31c e125 f914 f8f5  ...........%....
0001c390: 26f9 e6da fc11 8920 030e 15e8 1cdc 021a  &...... ........
0001c3a0: da0f 252b 26f5 09f9 0b48 24f3 16f9 3be9  ..%+&....H$...;.
0001c3b0: ee15 a2ef 041e e12f ffb8 0131 e222 07c6  ......./...1."..
0001c3c0: 251c 1995 dce4 dba6 0542 d0f8 f5f6 1b91  %........B......
0001c3d0: 2d1d fafe 0b20 14c0 11d5 fa0f 2831 ff0a  -.... ......(1..
0001c3e0: d7ca f6e7 f517 de0b 21fe f3eb da3d 025c  ........!....=.\
0001c3f0: f92f db08 07fa 001f de16 282a af24 0edd  ./........(*.$..
0001c400: 0c07 28f5 18ea c01b f9fa 0a1b 08c1 fa24  ..(............$
0001c410: 230e c720 cd05 b0de e5a2 234c 2dd8 21cc  #.. ......#L-.!.
0001c420: eb23 01f5 0e43 e0c7 213a ebbc 282a 24b8  .#...C..!:..(*$.
0001c430: c6df 0138 e6e6 3dde aafb bed4 f1ff 2118  ...8..=.......!.
0001c440: f0fa fe11 2e4d c4fe dcec eb00 3fa8 08f1  .....M......?...
0001c450: 2bfb 21f3 23ba 2107 7f12 0ac5 ea3d fee7  +.!.#.!......=..
0001c460: ec2f b8af f71a 763e f2ec 36fe e6d8 c939  ./....v>..6....9
0001c470: 3eca a90d 0624 0256 1c07 dae8 fb3c 1922  >....$.V.....<."
0001c480: 322a 2fc3 d91c 0e19 dee0 f1f4 b72a e321  2*/..........*.!
0001c490: ed14 d503 37ad dc02 ffe0 af4b 113f 12e0  ....7......K.?..
0001c4a0: e520 d64a f2f2 5f05 cd23 0ac2 2917 fc01  . .J.._..#..)...
0001c4b0: d922 0ed4 58f9 25f2 fa45 d3d4 c207 e7b8  ."..X.%..E......
0001c4c0: 030a e7c6 bbff f6cf e0f5 ad12 d8f5 ef38  ...............8
0001c4d0: f709 2d23 1cd7 0ec5 4431 e517 f5e5 f9f4  ..-#....D1......
0001c4e0: 1f39 3711 15d7 5311 0e22 e928 0628 f319  .97...S..".(.(..
0001c4f0: f70d b820 f425 11ed 2d0d 2d1a 1a1a 0ed5  ... .%..-.-.....
0001c500: de13 e9fb ca28 b9eb 2df5 d115 0d20 ef2f  .....(..-.... ./
0001c510: f1fc fe19 15d4 e716 130d fb23 4700 2334  ...........#G.#4
0001c520: 05e4 2815 cffa 950c 40ef 10ee 0e03 2ef3  ..(.....@.......
0001c530: 151f 10e2 f707 ec03 e6c1 eaf8 2eda adbc  ................
0001c540: 00f3 c70d e20c 271a 34e0 32f6 33ec eec1  ......'.4.2.3...
0001c550: 080d e9d2 e7c7 f50a cbec d8e2 989e ef0b  ................
0001c560: 030e 478c 1011 fb02 1215 cb11 04dd 4e0c  ..G...........N.
0001c570: 17c0 0c15 c830 0228 f5c6 1a0b 0711 dd21  .....0.(.......!
0001c580: 190f cf0b e606 120a 351d 1906 f350 d814  ........5....P..
0001c590: fbeb 1ee2 031f d7fb fc07 38f4 00dd 110e  ..........8.....
0001c5a0: fa1c da1a 0aea 01d9 2afd fc09 2be8 2434  ........*...+.$4
0001c5b0: 172c f200 fcd6 f306 1b1e f33b 21f4 0bd8  .,.........;!...
0001c5c0: df09 ee36 1108 3c2d 0eea 0d03 0127 f8e9  ...6..<-.....'..
0001c5d0: fa02 f7c9 17e7 f431 de22 ef1d 01fc 0cde  .......1."......
0001c5e0: e202 b71a eac5 0820 0641 efe9 e2f9 f7f0  ....... .A......
0001c5f0: 012e fe20 eef7 2304 fef4 24f1 fac1 0b23  ... ..#...$....#
0001c600: d6ce b9c8 cb23 32f2 f4f9 0b1e e5e9 12c9  .....#2.........
0001c610: e3fc 01fe 1b10 cb2b e4e8 0dae e4e1 3b1a  .......+......;.
0001c620: cad1 26f1 4126 17e8 160b f9fa eacc dee0  ..&.A&..........
0001c630: f525 e82c 22f0 0f0b 51dd 1f2f 1ee0 0f05  .%.,"...Q../....
0001c640: f604 fcd8 16dd e827 06cd ce1d c001 ee0f  .......'........
0001c650: e210 def3 361a 3003 f0de ffbf 7feb fafe  ....6.0.........
0001c660: 0710 ea01 0711 0126 dfed 292a 2f2b 0143  .......&..)*/+.C
0001c670: f523 1202 4db9 eb02 f33b ff38 202a 1317  .#..M....;.8 *..
0001c680: fb16 0a5f c127 11e1 eee4 2def 2816 eed2  ..._.'....-.(...
0001c690: 1e19 20d6 c808 09e3 c302 d6ec e2d9 4826  .. ...........H&
0001c6a0: f1c3 f43d dc1d dd3a 2b2e 11d2 18df 46e4  ...=...:+.....F.
0001c6b0: 0de4 e9ed e11b 24f0 bb0c e5e8 c7f1 e5e3  ......$.........
0001c6c0: e1c4 e7c1 df0a 1827 3bc9 25e9 0c41 d3e6  .......';.%..A..
0001c6d0: c512 10f9 000f 1cd6 e3bd f7fe ca30 03fc  .............0..
0001c6e0: edd1 f0e5 03fb d4d7 0b0f 0bf0 c3e7 f925  ...............%
0001c6f0: 12c0 d2f6 e90d edcf fb8f ba1a b316 e298  ................
0001c700: 2ac2 f114 0305 cd19 feea f4d5 daf8 f308  *...............
0001c710: f5ff 272b 0e5b c949 0d02 2402 0706 12f5  ..'+.[.I..$.....
0001c720: 1114 3ee0 e3fc 1416 f525 f613 0df5 dadf  ..>......%......
0001c730: e2f0 e811 3f1a f8f3 c8df f915 d2de 0d14  ....?...........
0001c740: de36 fa18 28bf 0af6 cd21 c102 23da 190a  .6..(....!..#...
0001c750: 3917 1aca fb23 302a 241d d2f0 0f2b 250a  9....#0*$....+%.
0001c760: 0b18 1236 1e15 dfe6 df2a 2235 23e3 c442  ...6.....*"5#..B
0001c770: 1433 fedc 0b3f e0f2 b807 6441 df15 d1fc  .3...?....dA....
0001c780: eaa5 f6f5 0d16 ff0f aee6 f808 0747 302b  .............G0+
0001c790: cbd0 efd8 1236 cb34 0e12 4b0a ba09 daec  .....6.4..K.....
0001c7a0: e63d 033f 0cbe 0463 1f04 16ec 27c2 0445  .=.?...c....'..E
0001c7b0: 3f01 fbec c8fe 0d08 da0b faf2 0e15 27c6  ?.............'.
0001c7c0: fb21 431a 1619 1bfe e710 dbf8 2f0d 4209  .!C........./.B.
0001c7d0: e0e9 35f5 2926 39e2 161f 2bf0 fe1e 1cc3  ..5.)&9...+.....
0001c7e0: 171f 221e 4cfa 1d46 af04 2527 e90c ee14  ..".L..F..%'....
0001c7f0: fcd9 18fe 380c dc37 0df9 3415 050a 4dea  ....8..7..4...M.
0001c800: fef0 0428 cee2 faf5 3a12 23ef 0ad2 a8e0  ...(....:.#.....
0001c810: f62f f947 e9df d80c ff8f 2f08 1b0b 39f3  ./.G....../...9.
0001c820: cc25 062f 02fa 04e5 d307 e321 0af8 210c  .%./.......!..!.
0001c830: 30fc 2f1d cd0f e209 27cc ffb5 00f7 c1bd  0./.....'.......
0001c840: fa1c fa42 1ac7 f7fd fff0 1cdc 02dc f21a  ...B............
0001c850: e236 38d7 f714 e605 aee7 fddf fa2a fd07  .68..........*..
0001c860: 0ee9 e615 f300 ec50 dff1 ece9 fd0f f3d7  .......P........
0001c870: 010e bb00 e315 0bd6 f405 05b6 e4f9 4329  ..............C)
0001c880: fed1 1df9 0eed bae0 e0f6 03d5 fde5 f805  ................
0001c890: e334 2502 cc1d e207 d53a 1035 fbdf d1c3  .4%......:.5....
0001c8a0: d7c1 d8f4 d71e 30b6 fbe7 d5db 1426 310a  ......0......&1.
0001c8b0: ed13 082c e211 23c5 fee1 e3dc 0d09 1e05  ...,..#.........
0001c8c0: eade f820 3bbb 2ffa ff12 f4da 0a05 10fe  ... ;./.........
0001c8d0: 0403 d622 f710 d1f2 fc05 04c5 0dc0 e6e0  ..."............
0001c8e0: f021 ef1c 4bf5 f31b cfe1 d5ec e53a 00b6  .!..K........:..
0001c8f0: e921 d318 f906 1e0e 3130 0801 1b10 bde1  .!......10......
0001c900: fe34 1ad9 204d 1219 b6eb 1fc3 ceea 17bb  .4.. M..........
0001c910: 14f2 a7d6 dcf5 30ea 1ce4 0716 f8e7 c7e9  ......0.........
0001c920: d5d5 bfdf d4f1 f317 12d4 413c 001d e2e3  ..........A<....
0001c930: fc03 0dff f4de f0d2 e6c7 0a41 51d4 e412  ...........AQ...
0001c940: d6cc e1ff eab5 f1d8 e911 f313 d2f4 d8f8  ................
0001c950: 6019 f40e fef6 131b 1cf9 0bca 2d16 1832  `...........-..2
0001c960: e431 f41a 2df5 f010 00f2 1110 ff16 f00d  .1..-...........
0001c970: 040f 01f0 3f1d 030f 0a23 18f0 0d14 12c4  ....?....#......
0001c980: e0e0 e9e1 e7f4 12d0 01de 0f27 ff13 eec2  ...........'....
0001c990: ff0e f2d6 f8f6 fb2f fa07 e000 00cc ec31  ......./.......1
0001c9a0: 01f6 27d6 04d8 fefb 1d18 be0f d601 fac6  ..'.............
0001c9b0: be04 3103 1212 dbf4 dfe9 051b f401 0b0b  ..1.............
0001c9c0: 11f4 f5fd 0bef ea2e d826 2113 1c13 06db  .........&!.....
0001c9d0: 2706 f8e8 e4e9 f7d6 e8de 19f4 ff10 b42f  '............../
0001c9e0: 172e 230c f1f6 f7a9 f815 d208 d301 03da  ..#.............
0001c9f0: fbbd 070d 1b10 e916 e4ec e7fd e124 01ea  .............$..
0001ca00: 2115 f4ee 18ea 3538 16e0 8103 fc29 fb05  !.....58.....)..
0001ca10: fb11 fb0a f01b f6e6 d01a fbf8 221a 16ba  ............"...
0001ca20: 0619 03f5 f838 1eef ff20 0cf5 f7e4 0410  .....8... ......
0001ca30: 07e0 1be9 07f0 02e6 fef6 fd21 f8f1 f6ee  ...........!....
0001ca40: 000f 0201 0f05 0a08 02e4 f618 11cc fef4  ................
0001ca50: 18f8 0710 c62a 12f9 3231 0710 fcea 0407  .....*..21......
0001ca60: f635 0ff8 0d07 1419 ffed 04b8 f907 d024  .5.............$
0001ca70: f1fa e41e fe0d dd06 f4f4 fdca 18e7 f235  ...............5
0001ca80: 1205 20e4 f8d2 01f1 0ed4 20f4 cfec e1df  .. ....... .....
0001ca90: ecc8 2813 2dff 06ff 0ee9 ed2d 21e9 3109  ..(.-......-!.1.
0001caa0: e41f ae25 ea16 efe6 df0f 0822 3cf4 cce3  ...%......."<...
0001cab0: f103 f8cc f326 15df d101 f300 06d9 e7c4  .....&..........
0001cac0: 1714 e815 05f9 030b c3cb f336 f2fc da15  ...........6....
0001cad0: ee03 d8ea f4f8 e3d3 0be7 002b e777 03ba  ...........+.w..
0001cae0: 1924 dd27 09f5 220d be06 e0f5 2c2b ebf9  .$.'..".....,+..
0001caf0: e727 f819 f10b ebf1 0719 bdf7 e0e4 cb31  .'.............1
0001cb00: f3f6 42c7 1efa d3c9 e232 fcb7 1908 0c4f  ..B......2.....O
0001cb10: 54f6 240f e2ce f5e3 25d9 1423 000b 2323  T.$.....%..#..##
0001cb20: f1c3 ff10 f0ef 03e6 f10f d919 4f1f 2cfe  ............O.,.
0001cb30: e8df f8f9 f5f8 2f05 e20c fdf1 f90a d70e  ....../.........
0001cb40: fd32 14d7 fd18 fd15 fe02 f9ea cad5 d0f1  .2..............
0001cb50: f7b6 12f5 06fa 07ee fffa cf2b e01b 1ffe  ...........+....
0001cb60: e202 f6e4 08ed d502 f404 1cfb 26d0 1be3  ............&...
0001cb70: cb1d d9fe fef6 2112 0be5 0512 f9e4 d412  ......!.........
0001cb80: f1ef c0f8 d8dc fb1c 0ee4 1ec1 d9f3 e929  ...............)
0001cb90: f9eb 11f1 f249 2123 eb16 edd8 18cc e33e  .....I!#.......>
0001cba0: 031a e403 1513 101a c926 ea13 0e04 012b  .........&.....+
0001cbb0: 23e4 2305 1310 0411 0711 0c04 0612 240c  #.#...........$.
0001cbc0: 0305 2d19 ea16 11d2 cfdc deef f526 e4ea  ..-..........&..
0001cbd0: ebfb bf0b 2a23 ecf8 d014 f3e3 cc17 0a1c  ....*#..........
0001cbe0: 1218 21f5 12f0 17d7 3544 0ef4 011e 1bc1  ..!.....5D......
0001cbf0: e92e 3a05 160c f2f1 0bd1 f634 0b14 e29e  ..:........4....
0001cc00: 050b f054 18d3 100a e310 0d27 0c36 f1e7  ...T.......'.6..
0001cc10: fd2c e708 1724 2b19 f5f8 c803 db0d 17d7  .,...$+.........
0001cc20: 1902 17e7 f7d2 c318 6a02 fc00 0d31 0b08  ........j....1..
0001cc30: 0bdf 3520 e4dc 001d 071e 391a 3806 fc2e  ..5 ......9.8...
0001cc40: fdf4 f3f9 0ef5 cb02 0315 08da 0805 03f7  ................
0001cc50: fa23 fd17 0712 182f cf0d ec11 061b 0bfe  .#...../........
0001cc60: 0fc3 1cd3 eb19 ff37 2015 ee1c 15f7 ebfe  .......7 .......
0001cc70: f106 11e7 11f7 ff0d ed14 e91b 1608 0ae1  ................
0001cc80: fa09 0ad7 e8f9 e61e 17e7 0a09 11e2 15fe  ................
0001cc90: e201 141a 1504 f226 f0f2 f905 08f5 1314  .......&........
0001cca0: 1d26 fff2 03db 2c2b eeee b50b e022 21e2  .&....,+....."!.
0001ccb0: de18 e8ed 3630 fa1b 0834 0c08 ddee 330a  ....60...4....3.
0001ccc0: 20cf 0905 1111 443f 2713 0f0b 1a30 f530   .....D?'....0.0
0001ccd0: 17f6 f2ed 07e5 dbb6 2906 0a30 1b03 1f45  ........)..0...E
0001cce0: 0532 0019 21ec f5e7 0117 d7ec eb0f 15fe  .2..!...........
0001ccf0: ffea f516 f011 0fc7 e921 1dec 0e2b f7c0  .........!...+..
0001cd00: 103e efe6 e02d e810 00f5 ddf9 fe28 d3cb  .>...-.......(..
0001cd10: ddf9 df37 e108 f7d7 f2f0 ed98 2f0d f627  ...7......../..'
0001cd20: 490c 49de 47f9 3a0a 27e9 a517 12fa 0640  I.I.G.:.'......@
0001cd30: 170c c901 25ce f21c 3f3a 3fed 4ffe e1e0  ....%...?:?.O...
0001cd40: 40d3 1ce2 0a17 efe7 50f5 27f6 e8ea d615  @.......P.'.....
0001cd50: e435 34f0 d919 b328 2a40 e922 dbce 3d2d  .54....(*@."..=-
0001cd60: b313 2800 35ea b9e2 2614 effc 3b58 cac9  ..(.5...&...;X..
0001cd70: 2e08 040b f422 2742 25f9 e6bd 0d17 1af9  ....."'B%.......
0001cd80: ce1b db31 d711 25ff 0a23 3cfc 0bc0 ecf1  ...1..%..#<.....
0001cd90: 030d ed48 fdee c10a edf1 e7e7 ea1f d2f7  ...H............
0001cda0: f5da e8f4 d715 d5aa 4f30 0623 dc49 e4e9  ........O0.#.I..
0001cdb0: 34ea fb1e 0b0b 57dd f4e5 2af0 0a3c 0f29  4.....W...*..<.)
0001cdc0: f01c 24ec 0e1f d530 0932 f6ed 0727 ebfe  ..$....0.2...'..
0001cdd0: fc14 b9f7 cbdd cefc d2af f303 f6fe dca2  ................
0001cde0: d8ec caad b0ff fcdf 091e f83e fdd0 2114  ...........>..!.
0001cdf0: d5fd 1816 cc09 1705 2f15 96dd deda 1c1c  ......../.......
0001ce00: d310 192f 3003 2e0e 0f1a 1330 eedf f62b  .../0......0...+
0001ce10: 2116 e1cf b1f6 06b3 0245 48ff c91e d1d9  !........EH.....
0001ce20: 4132 3cb8 312b 3cda e0c9 0f22 beea df17  A2<.1+<...."....
0001ce30: 16f5 f635 ce02 b5ef faa5 0b10 1d42 b926  ...5.........B.&
0001ce40: f700 fb13 11eb fef3 4115 b41e d0c9 4fad  ........A.....O.
0001ce50: f8eb ed0a e82d fcfd 171d eae5 1cfe cdae  .....-..........
0001ce60: ebee f938 66c6 c808 a5d9 231c 30f2 0081  ...8f.....#.0...
0001ce70: f3f3 27d9 2119 121c 33f3 f60a fdc4 d733  ..'.!...3......3
0001ce80: 261c f31c f1ec 1107 84fc 06f7 b80c 2196  &.............!.
0001ce90: edfa ed53 211c 0802 e3fd d8f2 173d ff40  ...S!........=.@
0001cea0: 152c f3e6 dbc9 17fc 1c10 d70e 0f63 fae5  .,...........c..
0001ceb0: f7e9 02dd df0a f6e4 dee1 3a27 de18 11ff  ..........:'....
0001cec0: 0c04 0723 fdc4 f4f2 cbe3 0b02 15e0 20d4  ...#.......... .
0001ced0: 19e4 2e3f 1408 a501 ce10 f703 f7c0 2702  ...?..........'.
0001cee0: fc44 e90e e418 db3a ff0d d827 f0fb 24e2  .D.....:...'..$.
0001cef0: fff2 efe6 3c05 2014 e9ed 1f02 c6ff 13d1  ....<. .........
0001cf00: fe2e 0d03 063e f2f5 0c28 d613 11fd 0304  .....>...(......
0001cf10: 00d5 3030 d2b4 0a1b d3f8 0715 ef06 eb03  ..00............
0001cf20: 010a 0c1c 1ef0 0416 2fe8 0e10 05fc 1424  ......../......$
0001cf30: 0f03 12f0 f7d3 0e01 1b1d f2e7 fa05 05f8  ................
0001cf40: e8f0 0b2e fbf1 cb0e 0b08 38f2 2a05 d334  ..........8.*..4
0001cf50: f521 d5f1 2905 e0d2 4e9f f4e0 3ed3 d749  .!..)...N...>..I
0001cf60: 231a fd01 fde6 ee0a 221e 15e8 f635 2a23  #......."....5*#
0001cf70: 12e9 e4ea c516 03fc f306 f4ed ea2e dae4  ................
0001cf80: f13d 14f5 ee28 1f05 3021 fff3 e2ae e604  .=...(..0!......
0001cf90: eccf e30d f51a 3ba3 0ed6 0b06 faff fd0c  ......;.........
0001cfa0: ea57 eae9 ffe4 f938 02e1 c0c5 2439 0afd  .W.....8....$9..
0001cfb0: fdb2 0ef5 e508 e2d6 0808 1615 fcf5 2bc1  ..............+.
0001cfc0: ee1d d51a 3ce5 2218 1002 26de e2fa e22d  ....<."...&....-
0001cfd0: 0501 4333 0524 de1a 1621 47da e31b 0321  ..C3.$...!G....!
0001cfe0: 0719 05e3 d8fb e708 f20f 54d3 e719 f522  ..........T...."
0001cff0: fd3d 1914 04ea 0719 1ce9 2f00 0718 011b  .=......../.....
0001d000: 12f9 45ef fe33 f31a eb00 1504 0dec f3e2  ..E..3..........
0001d010: 1d36 e716 ead3 33fb 3a3f 2903 f012 5700  .6....3.:?)...W.
0001d020: 08ee eb08 e2da e7dd 39e9 281f b81f 1dfa  ........9.(.....
0001d030: d326 fb43 efdd fabc fb0f 0d1c f4eb 1d1d  .&.C............
0001d040: fbd0 081f ebfa e7c9 3315 d107 ad0c d6fd  ........3.......
0001d050: 235d b5de 51bd 1215 e2e4 e724 0d35 f002  #]..Q......$.5..
0001d060: 0cc6 fce6 122f d4f2 03e9 fdf1 fd0a d8ec  ...../..........
0001d070: e5fd e138 2bdd 15fa 20df 3b4f e731 150a  ...8+... .;O.1..
0001d080: f028 ad06 16fe 1850 1623 55e1 e909 dd08  .(.....P.#U.....
0001d090: d208 2bfd c5db 41d9 d110 4616 b322 10f5  ..+...A...F.."..
0001d0a0: 49ea 99e0 4fe1 0024 fb31 dcd9 09e0 310a  I...O..$.1....1.
0001d0b0: 10f1 b525 e537 e727 38c1 da38 fb23 0c01  ...%.7.'8..8.#..
0001d0c0: 3dc4 b743 b92e 142e f0df 5f3e e2f1 481d  =..C......_>..H.
0001d0d0: 22c9 374d 2d27 1915 e31a 253d fdf6 d7ce  ".7M-'....%=....
0001d0e0: ffd5 0df8 c0ef 2dee 2110 ef2e 08ee 1be9  ......-.!.......
0001d0f0: 9edd ffed 38d4 f7ce f020 1102 e837 2f21  ....8.... ...7/!
0001d100: 0afe cd0b 15bb 08db d0f1 061c d5da 120b  ................
0001d110: 0621 e5b7 5300 0e1c fc35 2321 ddfe 172b  .!..S....5#!...+
0001d120: 0522 08fb c9f6 f841 0611 dfe7 efdd f7bd  .".....A........
0001d130: 24d2 a6d0 f42d 2b0f ea1b f000 e6f9 090f  $....-+.........
0001d140: 0dea fa31 0844 fdd8 d4d8 f503 e3f0 ee00  ...1.D..........
0001d150: 0eca d80a 2343 e213 38f6 f434 28f8 10f5  ....#C..8..4(...
0001d160: cded 33fb da18 0c10 3d13 0343 ebd7 fd81  ..3.....=..C....
0001d170: 435b d3da 2cc2 fd12 c822 f8f2 1a1c f7bb  C[..,...."......
0001d180: fe0b 0b24 b1e4 a3d2 d2a4 24b5 0214 0ef6  ...$......$.....
0001d190: bb2a 0134 fe1a 2303 ebcf 14e0 2622 dd2a  .*.4..#.....&".*
0001d1a0: 30df 07da 1ff0 db4d 1d19 12f1 3d3b cf26  0......M....=;.&
0001d1b0: 034b f402 0764 2be0 ee1e 30ab 2a12 00fd  .K...d+...0.*...
0001d1c0: ff06 14e5 e9d9 f1e0 234a f523 f2fd f70d  ........#J.#....
0001d1d0: 2114 0541 e64b e1ee f2ce 0222 fe07 0ded  !..A.K....."....
0001d1e0: 3017 0526 2dea ab11 0ace da2c 3547 2e49  0..&-......,5G.I
0001d1f0: 130b 3b05 fe2d f8bb f2dc 2dde e31a 40dd  ..;..-....-...@.
0001d200: 1e15 fe04 0dfa e83b dae0 db23 0325 fc1b  .......;...#.%..
0001d210: cefc ec0d 1fd3 fb3d 27d4 1de5 d7fe de49  .......='......I
0001d220: 0c0e e61b e4ed ef23 c4bf aade 3212 f048  .......#....2..H
0001d230: d9e0 41cf d44a 21f9 23ce 1bf6 49d8 fbd1  ..A..J!.#...I...
0001d240: c5e5 da16 f62e d343 13f3 d22a 0607 dddc  .......C...*....
0001d250: 29fc f7e3 effe cf0b 180a 2a22 32e8 08f2  ).........*"2...
0001d260: 02f3 ddfb ccef 0719 d1b7 f020 0af4 ee1b  ........... ....
0001d270: d9df f816 fb0d fb20 d4f3 f9f3 f6b7 19f9  ....... ........
0001d280: ea13 1206 03c4 0a12 ef14 0c13 0b0b 2722  ..............'"
0001d290: 07d4 f2ef f7d8 0c13 00fb 1bd8 07e6 cb0d  ................
0001d2a0: eaee 31e8 cbfb bad8 eaf5 1e26 f4f0 f5b7  ..1........&....
0001d2b0: dde5 de54 e2f8 0e19 04bf 0a17 f33b e00b  ...T.........;..
0001d2c0: 06f3 0610 b9f9 fc1a 24d9 f307 f70a b8ca  ........$.......
0001d2d0: 9ccd 17ef 352e 4cd9 e311 02f4 d5fd e4fc  ....5.L.........
0001d2e0: 08ed fa07 b3dc e4fc 69e9 39ea 2df3 e8b6  ........i.9.-...
0001d2f0: dc19 030f f0db b81a edde d3fd 0b16 fa08  ................
0001d300: 1a0a 2de0 dcfe 1d31 daf1 2c06 f2d7 fad8  ..-....1..,.....
0001d310: 4c11 03e7 da50 1ddc e6ff dd0d 0000 c616  L....P..........
0001d320: c71d 1efe 1c3f f7ff ccd3 10c6 bee2 f701  .....?..........
0001d330: fcd4 b01d ea28 eefd bb1b e3ec 9b10 141d  .....(..........
0001d340: 12d2 dcd2 e30f d50f 0014 fe1a 030d a6b5  ................
0001d350: 25f6 ea04 d522 abdb eb14 f91d e9e6 0eca  %...."..........
0001d360: d701 200f f728 83f8 1ea3 cdc3 0240 202d  .. ..(.......@ -
0001d370: ebed 0710 0d2c d9fd 2506 3602 db0a ed03  .....,..%.6.....
0001d380: fefb e2fb 1702 23fb 96d1 cf0a e813 16c0  ......#.........
0001d390: f9f7 f0ea 24fe fef1 e0ec cfec b20b 270f  ....$.........'.
0001d3a0: 2613 370e 4113 f54a 21ee e7e3 f5ee fd24  &.7.A..J!......$
0001d3b0: dbfb 0519 decb 0617 0f25 172c 23ff e8e6  .........%.,#...
0001d3c0: fceb 07da 3dfa 03e3 e621 550b d70b 0ad2  ....=....!U.....
0001d3d0: 3cef 24fd e31c d90e 140d 0e25 1bf5 0628  <.$........%...(
0001d3e0: ce10 08de fffb fbfa a3ec e329 1105 d5ea  ...........)....
0001d3f0: ca1e 443e 47fb ee22 b33f d60d 4202 29b8  ..D>G..".?..B.).
0001d400: 05ee 1860 d7d0 e213 b101 f61c 05e6 17d3  ...`............
0001d410: fd08 07dd 23f3 e507 bed7 81c0 0ef3 2e12  ....#...........
0001d420: f2e2 2b1b 33fd fb32 f95c d81c 3fdc ddc4  ..+.3..2.\..?...
0001d430: ef08 f0d5 d0fe 2be3 faff 07f3 e218 f7d2  ......+.........
0001d440: b737 1407 f70c cc02 daf3 0400 0ec6 e3eb  .7..............
0001d450: e3ec f6e8 1d02 1dd2 0523 17e9 f1e8 19f2  .........#......
0001d460: e719 dbc6 d906 1224 dd14 f5da f5e0 0ae6  .......$........
0001d470: e8ea dc11 dffd ef31 f7ae 0002 0f36 2aff  .......1.....6*.
0001d480: e811 0305 e1e0 f1d5 030d f5bd d1f2 fdd4  ................
0001d490: 2a1d 221c d9ee dcf0 2e0e ef33 12ef 48fb  *."........3..H.
0001d4a0: 2fe6 220f 07fa ffd7 0928 000f e309 2eeb  /."......(......
0001d4b0: 2000 2001 2812 40e5 bae3 3ffc 09b2 12f7   . .(.@...?.....
0001d4c0: f9bf ecf5 05ed 04ea c422 e6c2 cea9 f017  ........."......
0001d4d0: 3be2 cf15 41e3 33f3 22ec fbd5 fff6 39f5  ;...A.3.".....9.
0001d4e0: 3eef dac2 0827 1af3 13ff 3325 0901 d45f  >....'....3%..._
0001d4f0: cac3 fcd9 3444 c0cf d2ea e0e8 1eeb ff10  ....4D..........
0001d500: d62a fd35 d525 0e2d 2537 0e5b 0001 f2aa  .*.5.%.-%7.[....
0001d510: f335 1bfc fdcb 5ed9 cae9 2135 f515 e40d  .5....^...!5....
0001d520: 0fff f7e6 40f2 0415 e5ce e90c 13fe fe20  ....@.......... 
0001d530: 5f0f 21dd 15db 13e9 0c27 cf9f 35d3 0bfe  _.!......'..5...
0001d540: f313 e313 eecf 24f7 c511 4807 0e1c dfa5  ......$...H.....
0001d550: e303 e808 34f1 c407 ff12 0403 25db e002  ....4.......%...
0001d560: 1900 c526 2715 3e0c f0b5 3a1a 640e e10d  ...&'.>...:.d...
0001d570: e1f7 34fe 2335 03e5 0cf6 4302 30d8 f9fe  ..4.#5....C.0...
0001d580: 3cfa f919 eaf7 ecbd 06eb f6de ee1c d805  <...............
0001d590: c8ac 1bd9 de0b fdf5 f6fa 05f7 e613 1a3e  ...............>
0001d5a0: 3107 2315 21f2 e62d f416 eebe e7fc 35e9  1.#.!..-......5.
0001d5b0: 1416 1348 ecc1 bf33 0e2c 18e5 1111 d106  ...H...3.,......
0001d5c0: 1427 0dca 03d9 e70c 0aec b6ea 1fde dad2  .'..............
0001d5d0: 0419 f8f4 f2fc e215 1c0a 1625 25cf 1211  ...........%%...
0001d5e0: 09c7 1633 0826 e228 2201 ed06 1114 e12c  ...3.&.("......,
0001d5f0: 1128 1338 d309 cf02 1718 0fea 0422 2afb  .(.8........."*.
0001d600: 17fc f9e5 55fb d106 dbf2 f7d7 dbe1 f12a  ....U..........*
0001d610: 0fe3 dc08 e4cb aff9 07e4 0bf5 f4f9 4b18  ..............K.
0001d620: d90a 23ba d4e2 f2cb bde7 0ddc e9c9 fd18  ..#.............
0001d630: 280c 32fc 21da f1ca 2803 ea0c f412 fb4c  (.2.!...(......L
0001d640: b31b 231b 38c3 32f9 efc2 f1e1 075a 1506  ..#.8.2......Z..
0001d650: 1203 e8e5 02eb e802 29da d520 ec0d 14c3  ........).. ....
0001d660: 16f8 0716 e3f8 13fe 2fee f833 05f8 1422  ......../..3..."
0001d670: 33ba f5e1 f332 1ced 3817 3542 060a ee31  3....2..8.5B...1
0001d680: c0f5 10d7 0829 f6aa f017 fee4 d7d4 fa0b  .....)..........
0001d690: c806 e71a f619 faf7 df1a e30e 41fc ee1b  ............A...
0001d6a0: f5f9 ef3d fe0e 0adb 21eb f5f3 f704 ef1c  ...=....!.......
0001d6b0: 1337 e0fe 1501 d0e2 0ce5 1a08 32cc c0fb  .7..........2...
0001d6c0: 4010 20ef 29ef 1dfd f310 1111 2b07 edfd  @. .).......+...
0001d6d0: 1409 0806 e4f8 1114 0be6 05fd c526 03e7  .............&..
0001d6e0: f0df 1124 12d6 1e02 10f3 df1b 38f9 f2f4  ...$........8...
0001d6f0: d500 0130 e420 dd22 18ba 08f6 020c 02f9  ...0. ."........
0001d700: 27ec 26eb 2a0d fe1a 01da 29f3 0207 fa04  '.&.*.....).....
0001d710: 3d23 0103 2bdf 1317 1111 ebe6 152a d5f6  =#..+........*..
0001d720: 1126 0806 fff3 0efd f0e1 10fb 3101 1a30  .&..........1..0
0001d730: f918 1807 1500 f4ff f3ff 2323 0906 150b  ..........##....
0001d740: 03e7 e311 1507 02d3 fb0e ed18 e1d1 e9fd  ................
0001d750: fc0f 10d3 37fe 03fd 05f8 050c 020f d2fc  ....7...........
0001d760: f82e f410 14f6 2ee0 ed06 3fff fd03 d8c8  ..........?.....
0001d770: 3857 32fa 1ae4 ba01 e4e6 ceea f831 2244  8W2..........1"D
0001d780: 0612 f002 1f2d 28f9 fafc 1a0f ec13 eb48  .....-(........H
0001d790: fd04 1302 f21a f9f2 25e7 f823 0912 df0a  ........%..#....
0001d7a0: e0cb f828 26ef 1ef9 c31f 20ff 02cb 0af1  ...(&..... .....
0001d7b0: ff18 dfed 24ee 1ffe 32c5 cc11 0d07 e3e9  ....$...2.......
0001d7c0: 141a f1ed 4224 0f0b 061c f41f 07fa 1329  ....B$.........)
0001d7d0: ea26 18df da07 f513 101d 0e29 0f22 ceec  .&.........)."..
0001d7e0: f019 f7fe 15f2 0418 ebfd 0918 2a11 0406  ............*...
0001d7f0: 1c2b e715 09ec ecd9 fedb e91e df27 d00b  .+...........'..
0001d800: e6d4 01d8 ea09 11dc cfd3 1908 230b 06e8  ............#...
0001d810: e933 1810 0ff0 dc3d ccef 090d 1a0d 1032  .3.....=.......2
0001d820: 0106 331a 07d9 0cf9 ce0b 0be3 d015 eb10  ..3.............
0001d830: 1af0 d2fe 1a21 e227 f720 1adc 00da 241a  .....!.'. ....$.
0001d840: 1adf f90b f90c e340 ebfc 37e5 10ec 433f  .......@..7...C?
0001d850: 0400 4608 d301 e4c1 f629 dcb4 0502 33e5  ..F......)....3.
0001d860: 15cc 3701 da00 c5d2 4702 dff5 f7e5 11ef  ..7.....G.......
0001d870: fb2d 3e51 04fa ddff 3fd9 efd9 c5e6 c341  .->Q....?......A
0001d880: 08ff 3f35 12d4 f9fe 02f9 e6cb 0014 e9d3  ..?5............
0001d890: 52c2 bc0b 18fb 35fd 5b04 f6ef 122a 8149  R.....5.[....*.I
0001d8a0: 0aee 27df fa17 2526 0334 eae0 ef07 0324  ..'...%&.4.....$
0001d8b0: 36e7 edf6 fcd6 ffe6 a2d4 001f c7f3 12ce  6...............
0001d8c0: 33ce cfab f1e8 ede3 03ff dbd8 f80a e8f9  3...............
0001d8d0: ebf9 a71b dbb7 f7ff f2f9 fe01 0cf8 241d  ..............$.
0001d8e0: e4ec 183e 05d3 3b9f eb07 d5f3 0713 57de  ...>..;.......W.
0001d8f0: e21e 071a d429 1ceb 3229 1c26 dc4d 27f3  .....)..2).&.M'.
0001d900: 0b08 e8ec 08e1 f316 065e bde1 f623 e555  .........^...#.U
0001d910: 2e40 e912 ee0d 0e05 2001 0d0e dbe7 dbec  .@...... .......
0001d920: 2bab ecf9 d019 25fa 22f4 0208 31f2 eb14  +.....%."...1...
0001d930: 0911 10ea 3afc 213d 150d 2f00 001d edf2  ....:.!=../.....
0001d940: 01c5 f921 08cf 2ced 0d12 e632 d3e6 fc09  ...!..,....2....
0001d950: 0b1b 0b19 1ffc 1b1c dd32 fb14 ff14 3414  .........2....4.
0001d960: 0315 e807 0cdc 3227 001c 1618 021c 0713  ......2'........
0001d970: f4e5 0624 17e4 001d ce32 fa23 3bf7 f60e  ...$.....2.#;...
0001d980: f012 c107 50f1 12fd 0509 05aa d706 fcfd  ....P...........
0001d990: b234 eb05 49ed b81b f012 fb0b eddd dee1  .4..I...........
0001d9a0: dc1d 1140 001d e909 e815 22fd 0fc7 d418  ...@......".....
0001d9b0: f723 17f8 dff4 06cd f231 acfb 05ba e50a  .#.......1......
0001d9c0: 040c f024 11e3 e7db e421 e3fa e929 0ce7  ...$.....!...)..
0001d9d0: 0c33 ccf4 14d7 3c21 d801 1815 e501 ece3  .3....<!........
0001d9e0: 25cb 18e0 0ff3 10f1 06f3 0c0f 03d5 14f3  %...............
0001d9f0: 0016 d506 f60b e50b 09f2 04ef dfff 000f  ................
0001da00: d2f9 0402 2db2 1406 dce4 d041 14db 1300  ....-......A....
0001da10: 0802 0621 05f7 e434 01f9 0702 d526 eefc  ...!...4.....&..
0001da20: eddb b309 f708 0cf4 d3f9 4722 381b 0d49  ..........G"8..I
0001da30: efd9 fb09 1607 eb30 0514 dec9 0310 f41a  .......0........
0001da40: 0ada bf02 b2e6 fc0c fbf1 fbf5 cf2b fcfb  .............+..
0001da50: f9fd f149 f8af 15c5 ee38 2328 f409 f2c5  ...I.....8#(....
0001da60: 29e6 e521 eef4 f9ff ee11 f65d d603 14be  )..!.......]....
0001da70: 01f6 d5e5 e52d 1dfa d507 fce0 19dd 0b0c  .....-..........
0001da80: f8d8 41e3 1426 d0ef ed12 ec45 ff1d e9dd  ..A..&.....E....
0001da90: 2b33 f029 e932 0bb9 c7f6 2733 f424 dabb  +3.).2....'3.$..
0001daa0: e9c7 bbf0 0474 d724 07fe 5c18 4725 e7cc  .....t.$..\.G%..
0001dab0: 2123 160f d8cf f8c7 e32e 18f6 c400 fd28  !#.............(
0001dac0: e016 f4d8 d1f9 f7c3 170b fdea eff3 1f13  ................
0001dad0: 20df fb6e 12f8 11d8 eecd f30a d9f4 f12f   ..n.........../
0001dae0: 07e3 e331 2907 f5f4 3b05 0544 daf8 dd39  ...1)...;..D...9
0001daf0: 3afc 0b0d 3208 11f3 110e ed04 f807 d60b  :...2...........
0001db00: 24ff 0eec da15 25f9 19e1 1dfb 0800 09fd  $.....%.........
0001db10: dfca 0807 07ca de0d 07e0 4435 c7e5 0801  ..........D5....
0001db20: 02e8 15fc e2fb 3511 de00 1712 1401 fab3  ......5.........
0001db30: bc39 0103 dfea 0f16 2c09 230c 2f0f 1fff  .9......,.#./...
0001db40: eefc ff1b ff06 fd09 3801 f50c cfd4 333e  ........8.....3>
0001db50: 240c 2103 fa2c 5946 eafb edc7 eef9 1e1a  $.!..,YF........
0001db60: ed25 0218 2bd5 0821 1b03 d5dc d6f3 cf19  .%..+..!........
0001db70: f4f9 040c 28ea fccd fd02 2b14 1306 1411  ....(.....+.....
0001db80: fd26 052e d72c fe16 e629 1509 1fec 08dd  .&...,...)......
0001db90: 1ce0 d4ea 13cb f0fc e6ec 0800 23f8 3104  ............#.1.
0001dba0: c5ef 1121 e0ea cd0d d23f 0118 ddfe e908  ...!.....?......
0001dbb0: 3e0e 41da 0937 02f2 ccff 0a15 de16 0c23  >.A..7.........#
0001dbc0: f5f9 291d 15db 1633 f3fa 1bcd 0024 12f1  ..)....3.....$..
0001dbd0: fad5 ede1 2231 02ea d134 2981 223c 2a33  ...."1...4)."<*3
0001dbe0: 1803 ef06 ce17 fd2e 670e 0410 15dd eb06  ........g.......
0001dbf0: e43a 2d4b e909 dc03 17e1 fb3e 1202 130d  .:-K.......>....
0001dc00: e226 1c2a f82b c50c 22c5 3b28 ede8 eef6  .&.*.+..".;(....
0001dc10: bf1d faad 3cf7 ebc7 f252 21ed f8ce b7e8  ....<....R!.....
0001dc20: edd3 e008 002c 10e5 ed18 0501 e627 21e8  .....,.......'!.
0001dc30: 1127 6523 2cfd df14 06e2 f1a7 c743 eef7  .'e#,........C..
0001dc40: e5e3 1f40 261e f213 f3bb dd21 e4f5 3c16  ...@&......!..<.
0001dc50: fe19 f620 d81a 3216 1ac2 bbec 0c08 0dc3  ... ..2.........
0001dc60: ec10 2208 350d 140a 0715 09d9 2b21 2728  ..".5.......+!'(
0001dc70: cfe5 cbe5 c9c2 fde9 fb33 f0c4 1213 d117  .........3......
0001dc80: ff0a dbf2 faf7 10f5 be17 e1e8 f509 2b16  ..............+.
0001dc90: 10fc edec 0513 c81d ee11 d8c6 fbb9 d2f8  ................
0001dca0: 1111 4121 f30d 0dea e4f1 dede c61d defc  ..A!............
0001dcb0: e60f 14de f1f8 2ce1 edc1 150e d3fe 0f06  ......,.........
0001dcc0: fa02 ccd0 0920 ece9 0cf9 dbed f419 c8e2  ..... ..........
0001dcd0: b4e9 bc10 0113 19f8 fed2 f2c7 0418 12bf  ................
0001dce0: 4afa 16ec e9d7 1606 d306 ece3 f9f7 f0e6  J...............
0001dcf0: dedd eb20 caf6 e509 0318 bf07 efe8 f8e6  ... ............
0001dd00: f0ef eebc d427 e5bf 57eb 190b e7d5 08d2  .....'..W.......
0001dd10: 16f1 1602 f4e3 aae1 dee2 2308 f5fc df16  ..........#.....
0001dd20: fbde f7eb 0006 0e04 0a35 fbfb 08df fc23  .........5.....#
0001dd30: 371c e619 0740 04f8 f4f6 d0fb 2f27 d6fe  7....@....../'..
0001dd40: 2aef f500 e4e6 05e8 0d11 11dc e3f2 f4e7  *...............
0001dd50: f2ca e400 ebe8 f71d 0ca7 f5e1 fef5 1dd7  ................
0001dd60: effa e7fc ffee 0318 1c27 eaf3 e902 a8f1  .........'......
0001dd70: d91f 28fe ec16 e9d0 e921 e822 07fa d40c  ..(......!."....
0001dd80: f220 fa1a 182d dcfa e8ef d81d 0b30 0ed6  . ...-.......0..
0001dd90: ff27 dff5 03d9 f12a e0a5 3ca1 f0fc ee15  .'.....*..<.....
0001dda0: f92c e317 e5fa f501 f2f4 12df f00e 3b22  .,............;"
0001ddb0: 1500 2ee0 0fe5 fd14 ecee 0bec e703 de05  ................
0001ddc0: dff2 f92f 3be1 f817 ece7 02f0 0c30 f6b0  .../;........0..
0001ddd0: 0036 d22b ec0b 16fb 1804 ddfe 08d8 1218  .6.+............
0001dde0: f217 0816 e6d4 3248 0918 17e6 b31f 02c0  ......2H........
0001ddf0: bcdc 2ee5 e9f7 e4f1 102f df09 0b07 ffee  ........./......
0001de00: 4216 ebfd ea1c ecf7 130f e7ea 17cc e9fa  B...............
0001de10: c0f9 1fde 2418 ed11 f916 fa1d 230e d70a  ....$.......#...
0001de20: 0ac6 f131 d802 36e3 f532 0409 c4f8 dcf4  ...1..6..2......
0001de30: 05cb 2024 00bf c110 2bc1 f418 35a8 0353  .. $....+...5..S
0001de40: eb1d eced 4039 b426 3823 e8ed ed03 efe4  ....@9.&8#......
0001de50: de29 1dfa 98ef 0ee6 04fb 0b17 1c2a 02b9  .)...........*..
0001de60: d323 dafd d806 15ed 3708 3ad6 c50d 03fe  .#......7.:.....
0001de70: 03ea f428 b8d0 22e6 d91a d6c2 99c8 f50d  ...(..".........
0001de80: ad09 f1c0 ec08 02eb fdfc 1df2 15d4 d81a  ................
0001de90: 09ee 1bf8 0135 1e08 e7e5 fa11 dc08 ef07  .....5..........
0001dea0: e4f6 c4f9 dfe5 93a4 f5c2 030c d2fe fdc6  ................
0001deb0: fd36 3637 2416 b605 4706 3111 4c41 242f  .667$...G.1.LA$/
0001dec0: f3fa 3814 18bd 2a3b ecfd f330 41dc f1ef  ..8...*;...0A...
0001ded0: 220b 1ff7 1604 e3c7 fdec 281b ed27 07b3  ".........(..'..
0001dee0: 02f7 f80c d1e2 edde 0207 07cc e837 041c  .............7..
0001def0: ac13 150c 2b00 1306 122e 0cd7 08f7 ee15  ....+...........
0001df00: 231e 13f3 e3f8 0de9 f624 1e1a cceb 2702  #........$....'.
0001df10: 39ea 4aec fb0f f01f e354 dafd 0a0b 01f9  9.J......T......
0001df20: c399 3e18 2bf8 013f c31e f7f3 1af6 f5f2  ..>.+..?........
0001df30: 5507 02b6 1ce3 f80b d7de 071c 4200 0ff1  U...........B...
0001df40: 0cff 09cf 0918 10b4 330a e3f4 ddb1 330e  ........3.....3.
0001df50: 31ea dffe 24d1 0bcd fbe4 0843 e7ce d7c1  1...$......C....
0001df60: 200a cbc4 33f2 f328 0c17 0709 103e fa1d   ...3..(.....>..
0001df70: 121e 26ec 1f43 1b03 b926 6012 0927 1c03  ..&..C...&`..'..
0001df80: de18 1e0f 2413 09f1 b932 14e7 0c1f 2007  ....$....2.... .
0001df90: 2ef6 33f6 33f0 f616 da06 cf03 1716 2b0c  ..3.3.........+.
0001dfa0: 4128 01d9 2443 f01c ed04 c032 eb11 10e6  A(..$C.....2....
0001dfb0: 0121 f31e fd1c 12e1 11a8 0ccf 1e3f 0a03  .!...........?..
0001dfc0: 23e8 f2f8 17d5 1832 0aaf 11f0 e3c3 2c04  #......2......,.
0001dfd0: e62a ebd3 fcd7 81e5 220d e715 f215 00de  .*......".......
0001dfe0: f138 2446 24f4 0823 f8e9 e8d1 06e8 2312  .8$F$..#......#.
0001dff0: 1846 0d32 ffed 02b4 ee3d 0f12 24e6 190e  .F.2.....=..$...
0001e000: 3512 e6ec 3aea d6e9 3721 e3dc 140e ff13  5...:...7!......
0001e010: 0746 f303 ed1b 25d3 d7fb 1bb8 1408 0fef  .F....%.........
0001e020: 01ec 14f9 eb2c 0400 e5d4 0b2d 04ee 05e9  .....,.....-....
0001e030: 2be7 0ee4 d9e5 d3bf 22f5 20f0 29f5 d00e  +.......". .)...
0001e040: c918 321c 02b8 0646 dde2 09ec bf0f f85b  ..2....F.......[
0001e050: 11e4 dc11 1e09 22ed 54f9 65f1 f4e2 359b  ......".T.e...5.
0001e060: 25f6 053a 32f7 0654 bcf1 01c4 1e02 eaf4  %..:2..T........
0001e070: ee17 082f d3da 2c07 3bde e0df d02d baca  .../..,.;....-..
0001e080: 1acc c71f 13cb 1de4 d618 1021 e311 e1fb  ...........!....
0001e090: d006 c2f5 1f18 10f7 23ce 0bc4 0aef e52e  ........#.......
0001e0a0: 182b 03ef 0afe dc3f 02ff feeb f12d bfee  .+.....?.....-..
0001e0b0: fe08 0afb 202b e6fa eede 2c11 f607 e8ff  .... +....,.....
0001e0c0: 4e11 09e6 f6d3 ddde 1c06 0606 f947 b1f1  N............G..
0001e0d0: c6dd dcc2 1537 fd08 c5c3 f51e edfd 54eb  .....7........T.
0001e0e0: 5509 d60c eff7 e233 05e2 d5e4 0c01 1dde  U......3........
0001e0f0: 25f8 f5e5 f20a 05f2 f2f7 2e0f 09e0 11f8  %...............
0001e100: 0707 0b03 222b fbf3 effc fc0f fd02 d51b  ...."+..........
0001e110: 09f8 edda 1325 d425 281d f90e c6f2 efcf  .....%.%(.......
0001e120: ec09 200e 0f05 f336 e222 e50c e1fc e8fd  .. ....6."......
0001e130: e004 01ec cf0b 0df0 e5ec 0009 3426 f0ff  ............4&..
0001e140: d8df dff0 0ac5 c5db 02eb f30c f3f1 caf8  ................
0001e150: 6711 e1f6 28fb d704 ed04 0220 ed13 ed16  g...(...... ....
0001e160: 0230 02f1 0fd6 eb21 f9f8 03df f8df 10e5  .0.....!........
0001e170: ed05 ee1a f31a e4f7 2136 df10 36c4 f8e9  ........!6..6...
0001e180: 05e7 c7d0 0029 f020 2d3e dcee f2f3 18e6  .....). ->......
0001e190: f405 0af4 16d2 f3ff eddf 300b 0b21 e62d  ..........0..!.-
0001e1a0: ebef 17e0 ebdf f00c 1520 ea0f d027 eff7  ......... ...'..
0001e1b0: e9e4 f9ef 18f2 0243 f10f e40d f04e f706  .......C.....N..
0001e1c0: 0213 f9e1 0124 0203 1801 e102 00ea 06fd  .....$..........
0001e1d0: d00a 02f4 e8fe 150d eee9 e213 f303 fbe7  ................
0001e1e0: 04dc ff06 d6c2 0820 141a eef5 3407 1cf6  ....... ....4...
0001e1f0: e7e1 f2ee fff2 0746 d71f 0709 f202 10c6  .......F........
0001e200: f908 26fc 1432 f020 f4f7 d3ed f41d edf5  ..&..2. ........
0001e210: d510 4a0f 2400 e20c 1ef7 ff05 2538 2abf  ..J.$.......%8*.
0001e220: d4ef 1101 0d0c 2e0b fdc8 2939 be09 f30a  ..........)9....
0001e230: e111 de31 1834 1bf0 f2b1 14d9 10db 1315  ...1.4..........
0001e240: 1eed ce00 0dda 63e2 ddf4 0ff1 0c02 0318  ......c.........
0001e250: ebf9 ec00 0bc3 3e05 12f2 04a3 dddc 111b  ......>.........
0001e260: 01ec d830 300f f115 cfcc ded4 18f3 f2e8  ...00...........
0001e270: ce04 1f24 f6fb eff7 0ef4 c93b 23e5 0fc4  ...$.......;#...
0001e280: 24e3 ea31 2cd7 fd00 d0d3 e938 0222 eaac  $..1,......8."..
0001e290: fef4 d6d0 03f4 4206 34c6 05e2 edce e922  ......B.4......"
0001e2a0: 1122 f0c4 e601 3cdd 2edb 0bdc 1abb 0a00  ."....<.........
0001e2b0: e5e8 dd10 e8c6 6b1c 06c1 09ee 46f5 1c2a  ......k.....F..*
0001e2c0: 272a 45e2 16e9 31ed 01ed d9fa 0603 06eb  '*E...1.........
0001e2d0: bb0d 59da d60e 25ee 1204 14d0 3dc5 0e20  ..Y...%.....=.. 
0001e2e0: 2820 2c67 24ef e628 c3fe 01f1 210e de08  ( ,g$..(....!...
0001e2f0: 16de 1301 e811 e922 fdf7 1522 d6f1 ee17  ......."..."....
0001e300: 17f0 d80f e0e4 e6f3 3411 171a 192d fad9  ........4....-..
0001e310: d758 19fd 1845 060e 19bc d5cc 36fc 245d  .X...E......6.$]
0001e320: 3e08 1638 31d1 effd befa 0225 dcd8 01ee  >..81......%....
0001e330: fb12 06ff dece e407 ef24 0a11 253e e307  .........$..%>..
0001e340: ef2a 1437 19da e210 01f6 fdda 30c9 25f5  .*.7........0.%.
0001e350: dd21 3011 0105 cce7 e404 2637 2722 4108  .!0.......&7'"A.
0001e360: 0f01 feff 1835 c65d f625 f408 030a 0a09  .....5.].%......
0001e370: e810 1216 1a11 ea02 eeff d5f6 fd34 18f1  .............4..
0001e380: 2919 13bc 1801 e715 18d2 f4e7 cfd1 1131  )..............1
0001e390: 1c24 2a3d 2cff f0f9 1afc 0cfd 2112 adf3  .$*=,.......!...
0001e3a0: ff2e 26c9 10e9 e136 f221 1ad1 1bec eef6  ..&....6.!......
0001e3b0: e539 0ef6 d61b e0ce 0c34 2c16 11e6 08e9  .9.......4,.....
0001e3c0: d2fb 00f0 0902 810e e1fb cae0 d80a 13ea  ................
0001e3d0: e42c e300 f5cb f6df fb25 c7dd f529 fb12  .,.......%...)..
0001e3e0: 0ce9 def6 01da 2302 1d03 09ed 0402 15fe  ......#.........
0001e3f0: 0ce6 f2e7 2a02 eb27 f906 001d f431 d4fa  ....*..'.....1..
0001e400: e60e e5b4 2f07 262b fb0c 08cf fae2 25e4  ..../.&+......%.
0001e410: ff15 05fa f7f4 14eb 05e6 f43a 1435 0412  ...........:.5..
0001e420: 1c08 1106 fd07 c329 f2f7 eaf3 47ed c018  .......)....G...
0001e430: 16ed 1b26 23e5 f1f4 ea34 110f eff6 ea06  ...&#....4......
0001e440: 0bdb 0a25 1037 110f 2817 270d 0e1f 0c41  ...%.7..(.'....A
0001e450: 144f 0e29 30dc 4dd1 e501 ede5 ec18 0c2a  .O.)0.M........*
0001e460: 2c1b ed12 fdf8 19aa 0103 0af2 40e0 1714  ,...........@...
0001e470: 2a3d ebf6 f4e3 3440 dc18 0413 25eb 0225  *=....4@....%..%
0001e480: d525 fe1f 2e32 4710 0a00 f8cc 07e5 ea18  .%...2G.........
0001e490: 02c2 f808 18be 1427 2643 2135 0aef f0dd  .......'&C!5....
0001e4a0: ff19 14f7 f81a 0a0e 0c00 fd06 fe10 f60e  ................
0001e4b0: 39fa 3832 2724 1a0f 1800 1623 2807 1707  9.82'$.....#(...
0001e4c0: e5e6 f2eb d90a 0b1f c7f4 4dce c245 0a11  ..........M..E..
0001e4d0: fce1 fbf5 37de 1b0a f907 f726 f50a 272e  ....7......&..'.
0001e4e0: 2e41 0a0c e6f6 ddfe 0f0a f822 1418 faec  .A........."....
0001e4f0: eb02 0208 39ae 06fe ea0f 1f14 15e2 3124  ....9.........1$
0001e500: 27e0 f114 ad45 0613 0d41 ea65 0fc7 2307  '....E...A.e..#.
0001e510: c6c8 fe25 da23 0cc5 0608 0ae7 fedf bafe  ...%.#..........
0001e520: df21 debd be06 f41b 15ce 2219 c221 0af9  .!........"..!..
0001e530: ed2f fed4 b9db b0eb bc0a f224 0901 cd2f  ./.........$.../
0001e540: 36eb b197 2ee4 fb14 120a ccee d8d9 fb0f  6...............
0001e550: f014 0f1c 00bf 25e7 ffee 0114 e9df 21d4  ......%.......!.
0001e560: 12d5 bd18 cfea 05f4 d6c7 fb3f 06c4 decb  ...........?....
0001e570: 31ea 1bc0 e21a 5c00 d81c 2001 fc06 28fe  1.....\... ...(.
0001e580: 06f0 1521 e3f8 f4d5 e90b f9f1 0315 b018  ...!............
0001e590: 54d4 1b1c ef1c 00fc be0b f3e6 ead7 dc05  T...............
0001e5a0: 1207 ecb2 eae4 23ea 1438 ebd5 3616 433f  ......#..8..6.C?
0001e5b0: 27f4 f612 02cf f426 efde 2af6 d824 d82f  '......&..*..$./
0001e5c0: f5f3 161f 01ff 3910 0a20 e52b f417 c2e3  ......9.. .+....
0001e5d0: 1d1c 16e2 043e 312f 5ee6 3153 3119 7ffc  .....>1/^.1S1...
0001e5e0: ba22 3624 184b f136 f8fe 310d e24f d055  ."6$.K.6..1..O.U
0001e5f0: 3de8 000d 1517 fb20 34e0 662d 37ea 1116  =...... 4.f-7...
0001e600: e741 2515 d61e 0cb5 d847 220d 2c1a f9dd  .A%......G".,...
0001e610: ba27 bf47 220d 322f def3 6e06 f1c9 11d0  .'.G".2/..n.....
0001e620: e409 125a 842a 2bd1 ebdd e607 f0f8 9518  ...Z.*+.........
0001e630: e2d7 f3e3 f72b 085a fef2 f9e4 1dda 1ed1  .....+.Z........
0001e640: 042f 1e30 180e bffe 0116 d91b fc30 e3f5  ./.0.........0..
0001e650: ca13 240f f513 3e0d d900 f4c9 0a19 e3d4  ..$...>.........
0001e660: edf2 12c4 00e5 02b2 3f19 2ff1 cd1e 05ec  ........?./.....
0001e670: f303 fc4a d010 251a 25f9 2741 d3ed 1eb3  ...J..%.%.'A....
0001e680: f2f0 52ea f703 f016 2cbf dbc7 e604 08ed  ..R.....,.......
0001e690: 170a b22a badb 16e1 fbe1 0312 e3de cf44  ...*...........D
0001e6a0: 0dfd c9f7 c40f 343c f1f3 adf0 b3cb da00  ......4<........
0001e6b0: fdd9 c6ff 0414 f50a edfb fc20 cbce c9bf  ........... ....
0001e6c0: dafd ecfc e6ec b5d8 f7fe 17ec 261d a7bc  ............&...
0001e6d0: db17 0500 edff d50d 9d01 0b00 b1df de2a  ...............*
0001e6e0: ef05 eae4 f403 e302 f9e7 b7fd c1ca 17f5  ................
0001e6f0: fc0a f70a 0bc2 4c04 4914 ded0 0630 26e0  ......L.I....0&.
0001e700: ee21 2222 f125 1142 da05 de20 0f14 0c36  .!"".%.B... ...6
0001e710: 1744 c308 4544 1829 c8e4 d8e8 15f1 0527  .D..ED.).......'
0001e720: 2df2 fc2c 0720 fde4 e139 191d e21d df05  -..,. ...9......
0001e730: ebf7 c361 0207 1037 d42f 5eea ef03 03d6  ...a...7./^.....
0001e740: 0614 d0dc c631 28e3 fcd7 1415 ff07 ef19  .....1(.........
0001e750: cc07 09f0 a6c6 2710 08c5 ebb7 0af7 f6bd  ......'.........
0001e760: f8ed 0c39 bde5 d3f2 15ec c623 e315 18e2  ...9.......#....
0001e770: fd07 2e0c 0a0e 22e9 bfbf c0f0 b1d6 e812  ......".........
0001e780: 07eb f5fd ebfa b7be fae0 13f5 2e0d 5be4  ..............[.
0001e790: ffed f8c1 01f0 463e e81e ccf7 f80c d1de  ......F>........
0001e7a0: 0517 0ca9 0d03 15f2 e33d 39e8 2410 011d  .........=9.$...
0001e7b0: 1c25 150d fa3c e9da e2cb f2f8 f2e8 c4f4  .%...<..........
0001e7c0: f90f ea06 ecf8 c1e6 143c ef0b eb0b 0e2c  .........<.....,
0001e7d0: 1d02 d09c e61d e602 23fc d308 000c 0615  ........#.......
0001e7e0: d3c3 2eba f6d6 f723 ca20 1fd3 e618 0229  .......#. .....)
0001e7f0: feef 02ee 0006 e6e3 2efa 11e6 020e fdcd  ................
0001e800: 12fb f644 0327 eee3 f2ec 1f0b 0c08 244e  ...D.'........$N
0001e810: 00fb 39f7 00f6 2a11 3429 f826 e5fb cde3  ..9...*.4).&....
0001e820: ce16 fd02 470d fcd8 dd16 e505 090b 250a  ....G.........%.
0001e830: f925 142e 0a1e 062e e9e6 0902 01e8 e7f7  .%..............
0001e840: 2236 df14 1cde eef7 27d6 f120 0bb7 1b17  "6......'.. ....
0001e850: c5fb 3819 241e 04df 46ec ccff e73b e60e  ..8.$...F....;..
0001e860: 030f c818 eb2b 5203 37bd f1e5 0532 fe1a  .....+R.7....2..
0001e870: e904 ecf3 41f9 f537 01ce e525 db07 d83b  ....A..7...%...;
0001e880: 1adb f9e3 1c0e 1709 46e1 fbe7 e475 f12a  ........F....u.*
0001e890: c4eb fe14 e8fd 4323 49fb 6320 0b1c d4d2  ......C#I.c ....
0001e8a0: 1508 1cd4 d90c f409 fbd8 1f13 ee1c e41d  ................
0001e8b0: 34e3 eff2 22e3 120e df5f 0cd7 f831 4013  4..."...._...1@.
0001e8c0: 0af8 13fd f1d8 fee8 eb1a 1a28 e625 f104  ...........(.%..
0001e8d0: 1cf6 36f0 13ee 4236 040c 1705 ea1c dcdd  ..6...B6........
0001e8e0: fdda 10ec f4f6 08d1 d507 ef0e d603 03c5  ................
0001e8f0: d4f5 ea20 fd26 fff6 07d2 ef2d f404 fd33  ... .&.....-...3
0001e900: 16e4 05ea 0e16 f2dc 6612 1efb f1bc d91d  ........f.......
0001e910: a626 df38 0825 f42e e9cc 052b 2323 ddbc  .&.8.%.....+##..
0001e920: 1628 12d0 1b1b dad2 1b27 0dd4 f0f7 fdfa  .(.......'......
0001e930: fb23 f917 e1fc cd1a 2bc7 4ae2 4d0b d007  .#......+.J.M...
0001e940: 04fa c04a 18ee b8e4 fcbf e516 1af3 db13  ...J............
0001e950: e33c 38f1 eec5 e2dd 00b0 2435 283e f236  .<8.......$5(>.6
0001e960: 1e1c 17f6 101a 2914 cbb5 e2ba 330b 0bd1  ......).....3...
0001e970: 1efa 0311 07f2 e2f9 30cb f219 3739 fde7  ........0...79..
0001e980: 3abf d7cc cdf9 f7fe f420 0621 30e1 d114  :........ .!0...
0001e990: 16f5 7cf6 d527 fbcc 0213 562c d5d6 b1ef  ..|..'....V,....
0001e9a0: f625 f603 09f9 1813 27f6 3c26 dbec d427  .%......'.<&...'
0001e9b0: e0ea fad9 3ce9 2100 fb28 df30 3dd3 082b  ....<.!..(.0=..+
0001e9c0: 4419 fc1e 223a fd3c 0510 e1fd dce2 ffa9  D...":.<........
0001e9d0: fc54 cbf0 410f 1e15 e52c daf7 d228 fa09  .T..A....,...(..
0001e9e0: 16b2 f2f9 1227 0a10 4dfc b80a f302 0818  .....'..M.......
0001e9f0: 28f7 f1ec dddc fcc7 1f12 ec0f 1dfb 0415  (...............
0001ea00: 131c 03ec ccf0 295e 1605 e921 07c9 3ce5  ......)^...!..<.
0001ea10: e90c aee5 282a d9eb f5b7 141c 3615 1610  ....(*......6...
0001ea20: f1f6 f9f0 d7f6 fec0 02fb fa2c e0e1 e7ce  ...........,....
0001ea30: e4fc cad4 4f12 1206 e8ef 08dc 13df 0800  ....O...........
0001ea40: fddc 180e 0ae1 a9ec dce4 c018 ecfb fdea  ................
0001ea50: 0633 0305 5408 17f3 b5c2 ffc0 0610 06fb  .3..T...........
0001ea60: 2013 132f f926 ebf8 052f 18b6 093e 48ef   ../.&.../...>H.
0001ea70: f42d ece2 0903 020d 0826 e4b7 c914 ef12  .-.......&......
0001ea80: 16d7 10d3 f8f2 feff 301b ff1f fffa 7f11  ........0.......
0001ea90: 06e2 3604 c747 1cf3 dbf6 0f11 01ef eebf  ..6..G..........
0001eaa0: 101f 1910 1111 e417 ece3 29f0 10fc 3b49  ..........)...;I
0001eab0: ce0a 2bfc e001 c72e c80e f428 cce9 dae1  ..+........(....
0001eac0: d802 0428 f6ec 0a16 ba00 f6ec 0105 04f5  ...(............
0001ead0: 0623 2414 021e 282e 36b3 f1fa cce5 e3c1  .#$...(.6.......
0001eae0: eb1a 2307 0be5 eeef 10de 1efe 0afd f527  ..#............'
0001eaf0: 0101 f61b bdf8 02d4 ec2e da0b f01d 1bfe  ................
0001eb00: 182e d816 e6e0 1c23 26b3 e0ac f32d 0711  .......#&....-..
0001eb10: 1cde 2f25 2415 1cd6 e1cc 4e06 0e28 eae1  ../%$.....N..(..
0001eb20: f923 2d2f 0403 c6fa 940b eee5 0c01 dafa  .#-/............
0001eb30: 251d fa13 000b e104 d8f2 f612 fcd5 1911  %...............
0001eb40: 27dd 0c2b 4505 ea0f e0f4 06f9 10de 04ec  '..+E...........
0001eb50: d4d9 f626 cdf4 34ec dc0e f1ef 1144 19fa  ...&..4......D..
0001eb60: fe0a 4cf7 e8e4 f1f0 04ca fbbc 06e1 14eb  ..L.............
0001eb70: 1b2a f5e4 eef1 ea27 fc3a bf02 0509 1504  .*.....'.:......
0001eb80: edf5 56f2 2637 b91c fec2 12f5 12f4 a31d  ..V.&7..........
0001eb90: f4e1 fbe6 3120 1d09 fdeb 0120 5513 e5c2  ....1 ..... U...
0001eba0: 01c9 4b02 2625 ea5b 2526 18cd 1afe f13c  ..K.&%.[%&.....<
0001ebb0: c91a 15f3 0bf0 0e06 24a4 02d9 d2fb eaf1  ........$.......
0001ebc0: eae7 4ff3 0cf0 3229 0a13 f5ed feef fc0e  ..O...2)........
0001ebd0: 41ee 2703 fd11 f81c 02ea 250a 1f53 ffd1  A.'.......%..S..
0001ebe0: 14fd 151f 2d01 da1f 02f7 0415 daf5 cc17  ....-...........
0001ebf0: f021 093c 2616 f513 05f8 2516 22f2 10d0  .!.<&.....%."...
0001ec00: e7e0 3402 db0c eaf8 d000 ee20 1f37 10ea  ..4........ .7..
0001ec10: 29ea eaf8 fdf4 1a00 0fe0 8ffd 1e1f 4f0c  ).............O.
0001ec20: 14e6 22e0 f602 ebf6 cbf6 f62b e3e6 19e4  .."........+....
0001ec30: 0c18 e80e 27c9 15fa 12dc 0db7 d1fb 2fda  ....'........./.
0001ec40: f1e3 ded5 9a0b 22cd 5df9 961f 2e32 49ec  ......".]....2I.
0001ec50: e621 f1f6 13df ee0b 56e0 d7b3 051c 0230  .!......V......0
0001ec60: 1611 0dee 0605 3aa2 e7df 3937 d3fa e0ff  ......:...97....
0001ec70: f117 cad6 d7f9 1af9 0b23 15ef c8ca cd0c  .........#......
0001ec80: ec1d b4d7 1028 1017 0c04 462f 2011 f01d  .....(....F/ ...
0001ec90: e013 dc15 0801 f3f6 46b5 d732 37fe e553  ........F..27..S
0001eca0: 2dc8 f80c 0fdc 1cd2 2400 0cdb d30d 37b9  -.......$.....7.
0001ecb0: fc0b 81ad b802 9ff3 0416 d4f0 11cf b2cb  ................
0001ecc0: dcf1 d317 e6c0 bc95 d8ef ec1c 10db 1a12  ................
0001ecd0: 211e 1aef 0d15 0e3f 161f 0d38 07d3 f8d8  !......?...8....
0001ece0: 372c 4a15 0a34 1814 aabe fae5 fc16 0ae9  7,J..4..........
0001ecf0: df00 dce6 d2bd 8be6 cbe3 20a4 f4b9 2701  .......... ...'.
0001ed00: cbc9 ed22 dc01 3ff2 1ac2 3613 1549 26fd  ..."..?...6..I&.
0001ed10: 184d d004 e5df ff14 ff45 38dc e11c efe9  .M.......E8.....
0001ed20: 1b36 261d d4f8 e5cc d6f5 1229 d16c f5eb  .6&........).l..
0001ed30: 2e03 37d0 d625 0be6 f206 bb05 b51a e913  ..7..%..........
0001ed40: d427 db13 3910 f2e9 d621 d3cf f1f5 20f3  .'..9....!.... .
0001ed50: 4638 2119 17fb eb11 e4fa 0727 19f1 11ec  F8!........'....
0001ed60: 061c 1df8 21bf a833 0e58 00e2 190d 0211  ....!..3.X......
0001ed70: d336 09f5 fbdd 0025 e406 cd3e e5fa 0bfc  .6.....%...>....
0001ed80: 3912 0214 2b27 e5fc 334e f6ed 2312 06f0  9...+'..3N..#...
0001ed90: f525 ee09 0ee0 eb0b e91d f231 f218 14d6  .%.........1....
0001eda0: 1f21 36bd 1d2d 28f8 041e 2cd9 0f05 e0f0  .!6..-(...,.....
0001edb0: fbd9 b240 e95d db08 d7c2 2418 00b2 282f  ...@.]....$...(/
0001edc0: 111c 13d8 3811 db11 e5cd f7ff 12da f6dd  ....8...........
0001edd0: fcf4 f543 1ad1 ef00 b729 0406 1833 b4e2  ...C.....)...3..
0001ede0: e3dd e24d ea3c fe5d a7ab 0af9 0f2d e2d1  ...M.<.].....-..
0001edf0: efef cb06 1f18 da3b 041c 13d6 2ff3 0613  .......;..../...
0001ee00: 1fc6 ff22 1ee5 1f06 4af1 181e fac6 e120  ..."....J...... 
0001ee10: 02e9 1bf7 ffd5 f24e 3d05 fc2e ed32 e61b  .......N=....2..
0001ee20: 05de eadc 2c0d f115 e642 19e0 2dfd dc18  ....,....B..-...
0001ee30: d324 1802 e6a7 22f1 dc03 122a 0212 f01b  .$...."....*....
0001ee40: 1102 24eb 12d5 02f5 ea1b c8de 2adb ee02  ..$.........*...
0001ee50: 0d0f 2d21 3090 f5e8 002f 17fa fd0a f3f5  ..-!0..../......
0001ee60: e01c c921 e604 3404 f307 fd0f 1a16 ee54  ...!..4........T
0001ee70: cefa 2919 14dc fc1f 1a34 0414 0ff3 2a1d  ..)......4....*.
0001ee80: fb08 21ec 06e3 03f4 e3e1 2d0b d72f 012c  ..!.......-../.,
0001ee90: d3dd ff27 fc02 fb04 ff0d 0820 da11 dee9  ...'....... ....
0001eea0: cd0f 1bff 0eb3 361d e421 0a35 fddb 0c19  ......6..!.5....
0001eeb0: fe1a 10e5 1df5 f9f3 ec30 1cec 02fa e2c8  .........0......
0001eec0: 18e9 f114 ff14 01af e0e9 360f fe10 15d3  ..........6.....
0001eed0: 01e2 f723 4247 ffe3 a7de 4612 3405 e4c5  ...#BG....F.4...
0001eee0: ceeb 0c2e 0ae3 e737 1c01 f220 2625 1b30  .......7... &%.0
0001eef0: 0312 f01e ebcd 3ef7 faea 0aed 4c29 1bf4  ......>.....L)..
0001ef00: 3032 c6f7 1afc 5922 2cda 1dc0 02d6 e6eb  02....Y",.......
0001ef10: f937 1008 e550 ee11 e5d9 0a0e 17e6 2ee2  .7...P..........
0001ef20: 34c6 4f16 22da 38e1 29b8 ad07 fa0b e2fe  4.O.".8.).......
0001ef30: 12bb 08d8 ce38 e7f2 0df8 d01e 3933 fcc6  .....8......93..
0001ef40: fc1f de04 fce4 f63a e9f3 d2e8 0d20 3ae9  .......:..... :.
0001ef50: adca 0afb ffb6 dbeb d4e8 3feb b232 07f2  ..........?..2..
0001ef60: d3d7 ff13 f61c b9f5 0900 ec13 eeab ff07  ................
0001ef70: d6fa e906 2d30 f5db e9b7 8c0e 03fd f8c8  ....-0..........
0001ef80: e5da fd1a b91f df1e fa12 f3fc f9d7 d4c5  ................
0001ef90: 4b19 c3b5 e82e 7ff0 9f18 16f6 13da fe18  K...............
0001efa0: 0fdd 15ec 0b1b e3eb c5d5 24d5 0e15 ad1d  ..........$.....
0001efb0: f5eb feef 28c5 3521 14e9 ecdc b81f fff1  ....(.5!........
0001efc0: 1417 034b f71d 47ed fcc9 fd0d f4cd 0803  ...K..G.........
0001efd0: 2ae7 d5fe d8e9 a103 dce0 f0f0 f12b 1007  *............+..
0001efe0: f6e6 e41c 0a62 0e19 e423 4fca 1dec 11c1  .....b...#O.....
0001eff0: d5e4 c718 0d44 6b18 1012 e394 dd45 1118  .....Dk......E..
0001f000: 0814 3ff1 3a28 0a59 f1fa 1f34 4a1f cb25  ..?.:(.Y...4J..%
0001f010: f841 0e0a df16 164e ea45 1c14 1a4a 2ee1  .A.....N.E...J..
0001f020: 102c 143b 4941 0fce 2e4a 1bff fdc3 e1b1  .,.;IA...J......
0001f030: ba0f b621 353a d6a2 abaf 2504 03ed 3a16  ...!5:....%...:.
0001f040: 2bbc 0236 bf29 0f4c f73c cd0e 0845 f522  +..6.).L.<...E."
0001f050: ff0f fe56 f1f0 71f6 2dda dddd b729 03af  ...V..q.-....)..
0001f060: 1902 ecb5 c10a f80c e7e5 f840 cd67 3c21  ...........@.g<!
0001f070: edfc f0ed 2001 250f a522 0f3c f8ec bf1d  .... .%..".<....
0001f080: edf7 09fe 2210 beeb 28db d002 03e6 1600  ...."...(.......
0001f090: ff31 2d2e cf2b d7d1 ec16 4e2c 4d09 fae6  .1-..+....N,M...
0001f0a0: 06db 1e1c aa10 a9f5 19a1 28eb 1a1f e100  ..........(.....
0001f0b0: 0429 300a e5ff 4cc2 eb02 be0b ee1e 06f8  .)0...L.........
0001f0c0: 10e2 dc04 fbf4 eae7 18d1 11fc 0203 1ef2  ................
0001f0d0: d9f4 e805 c828 f422 02d6 f4d6 d21c ba23  .....(.".......#
0001f0e0: d1fb e600 0f02 e3ab d2d2 d013 09f5 24e1  ..............$.
0001f0f0: 3809 dcdb ccfa ec1e c0ec 2721 dab4 bf1b  8.........'!....
0001f100: f406 ebaa bd2d fcca cd05 041b 0633 a9ba  .....-.......3..
0001f110: d1d2 1801 10e1 3010 00f8 18e9 1330 f7e7  ......0......0..
0001f120: e9de e917 d1f2 fe29 da2b 241f f4f7 e4ea  .......).+$.....
0001f130: f51c fc43 1409 1dfb e80b db28 d2e3 e311  ...C.......(....
0001f140: 420c de11 b524 960d ebfb 180b ebd0 9921  B....$.........!
0001f150: bd16 f609 15d2 f252 3942 123c f536 bbd9  .......R9B.<.6..
0001f160: 1d0a e1e0 b5ef 4005 fe09 fcf9 f71d fd08  ......@.........
0001f170: ca23 ef11 08c9 3fde 2608 cb15 e000 18f2  .#....?.&.......
0001f180: f2f5 1910 b7e7 c712 14ae da34 130a bddc  ...........4....
0001f190: ff00 1f09 0d22 2e07 cb31 c4f6 27ad f0f2  ....."...1..'...
0001f1a0: 1e04 ec27 bd0f c9ee 2942 dfe5 d3c4 2fb1  ...'....)B..../.
0001f1b0: 0f00 f312 192f 4537 250d 2ac8 fde9 f50f  ...../E7%.*.....
0001f1c0: 0a03 fdf2 d130 2003 0ad5 abfb 0110 c5d2  .....0 .........
0001f1d0: eb07 f8db 1103 2bfa 05f2 072e fe12 f5ef  ......+.........
0001f1e0: 1802 e0db efd7 e8f6 b7f2 e107 2ef9 ccff  ................
0001f1f0: 0b01 04c4 150e ecea 2a16 e610 f0eb fa02  ........*.......
0001f200: f8f4 0b41 3e13 ee1b 11dc f4d0 efef 41f0  ...A>.........A.
0001f210: 0221 f20a caf6 c9d3 09ee 1220 f712 151f  .!......... ....
0001f220: 2d25 dec9 0bfa 0ed5 fefd ffe0 3c18 e605  -%..........<...
0001f230: 1406 f21d 022a 1524 29a9 f606 0214 d22a  .....*.$)......*
0001f240: f80c f8fc eeea cd21 0a13 efff fef0 e51c  .......!........
0001f250: f0fc dbd2 1cf8 f907 ee03 1e16 1207 25de  ..............%.
0001f260: 0dc1 0def 2200 ef03 fb0a 25d2 0c0a c995  ....".....%.....
0001f270: 060d e5cb 25de d41b f300 1017 dab0 f60a  ....%...........
0001f280: d7d4 f705 0633 d6f1 e408 00f2 ea15 09be  .....3..........
0001f290: 330e da15 ef0e f601 18da fe03 f320 d01c  3............ ..
0001f2a0: e914 eadb efc9 dd1d fedb 3a08 091e fa06  ..........:.....
0001f2b0: 11f3 f3d3 edfe 03fc d302 0a10 060d f7ed  ................
0001f2c0: dde2 062a d60e f5f9 0d4e 24f1 fbb6 fe03  ...*.....N$.....
0001f2d0: d8eb d5d9 1e12 cbec 13d8 070e eeca fde2  ................
0001f2e0: f6ea fedd 040c e228 f10d cc00 ecf3 f5cf  .......(........
0001f2f0: cdde 2629 0e0f cf18 2b10 d013 fc04 0bda  ..&)....+.......
0001f300: e211 0a14 2714 db18 bb04 ecf8 fd16 f6d5  ....'...........
0001f310: f436 0b23 0d15 04f7 01c3 eb1a fed8 e1fc  .6.#............
0001f320: e819 e3ed 1e0d 17fb 1530 bed8 2116 f3fc  .........0..!...
0001f330: ac25 0007 edf5 3814 fcd6 d0ef 2c20 dede  .%....8....., ..
0001f340: db18 1758 08ee d82d fbd6 18ee aef7 0836  ...X...-.......6
0001f350: eca2 35ad fcf4 ec12 f40d 18ee 2dfe 1bbd  ..5.........-...
0001f360: dc46 561a 3cd5 e1c7 a8ef e513 3607 17da  .FV.<.......6...
0001f370: d226 eff6 33db 0128 efd9 1bd5 1b12 4f2c  .&..3..(......O,
0001f380: 0a36 34d6 d8e3 5613 1f03 d5ce f4dd 0c24  .64...V........$
0001f390: feec 0903 08ec 1640 ea04 b5e8 303b 0404  .......@....0;..
0001f3a0: fa52 ef61 f118 4d21 f8f4 d303 a0fc ea10  .R.a..M!........
0001f3b0: cbd4 3ba6 1c32 da3a 151e f2e3 3505 19cc  ..;..2.:....5...
0001f3c0: fa30 112c 12eb ebf6 f62c 241e 09fd 090f  .0.,.....,$.....
0001f3d0: 0a09 22ff f609 d7e5 0605 d312 f7cd 18fd  ..".............
0001f3e0: 0201 c041 ec09 dcf4 1627 1217 ea31 c0ef  ...A.....'...1..
0001f3f0: da2d f507 fbeb 1d18 ebc7 b413 2f18 2c07  .-........../.,.
0001f400: f926 1721 22c6 080e fe17 02b2 0b33 d9f6  .&.!"........3..
0001f410: f827 03f7 edef d1f3 f3ed 1fdc 1604 1208  .'..............
0001f420: 0808 f205 e6fc 2bed 1e10 1013 e1ea 26ec  ......+.......&.
0001f430: ce0b f804 d60e 0f12 0d16 d615 e6fc 0f17  ................
0001f440: 3be4 ebf1 04f7 c20b 2b1a fbf1 fd00 0edb  ;.......+.......
0001f450: 2005 f0f3 0b02 0005 05f8 0c1c 14fc 0c06   ...............
0001f460: f911 3dea 2205 ceec 021c 281f 2417 1d2f  ..=.".....(.$../
0001f470: 1821 daf3 0c12 81b9 c606 f70a f41a f501  .!..............
0001f480: fefb eb32 09f9 ead7 30ed 19fd fa2b 27d9  ...2....0....+'.
0001f490: dce1 ebeb e237 faec f922 f511 fbd0 f3d8  .....7..."......
0001f4a0: f8f2 0d22 38d9 2900 ded0 0425 01c2 3027  ..."8.)....%..0'
0001f4b0: 171c 1fee 05e4 fdea 07d5 d6f9 a608 1a1c  ................
0001f4c0: 26ec d9f8 0e1c df2a d0d1 ff1a 1104 2323  &......*......##
0001f4d0: 2dfc 12fe e514 cbfc d712 f138 f70b 0cf3  -..........8....
0001f4e0: 03c7 280c 07fb 1413 0d18 0fe4 0916 32fe  ..(...........2.
0001f4f0: 0d09 1afb 18f5 e7f6 3fe8 000e 3f3f d32d  ........?...??.-
0001f500: 21f7 f3ff f007 2bef 0e09 fcfd 3816 feff  !.....+.....8...
0001f510: 1a2e feff efd6 22ec fb16 06f3 e6f5 28db  ......".......(.
0001f520: 2ff6 11e1 0cf6 fb09 d92c eceb 2815 23f0  /........,..(.#.
0001f530: 2103 8113 c903 d720 170d 0323 e5b2 0bf8  !...... ...#....
0001f540: 07e9 e3e6 e127 e502 dc0d 04eb 00f6 5219  .....'........R.
0001f550: 2608 04f8 27fe f447 0bf9 cb4e f408 250c  &...'..G...N..%.
0001f560: dc1b 0519 1510 0435 d104 03c1 3202 2bff  .......5....2.+.
0001f570: 30ec f3f8 e60a d205 e2fb 3504 fe04 11d5  0.........5.....
0001f580: f6f2 e200 0eeb f3de 1018 04ef f7fb efcb  ................
0001f590: 07ff e3e0 2e12 f2ee 0716 ff10 0b2d 2caf  .............-,.
0001f5a0: 2a21 2bf3 4bd1 f321 3e03 ff04 4ec2 c621  *!+.K..!>...N..!
0001f5b0: d620 ddd4 f6d4 d620 230f 1832 270b 2a1a  . ..... #..2'.*.
0001f5c0: ff03 0d2c e0f3 11d8 2104 25d5 dafd fde5  ...,....!.%.....
0001f5d0: 2450 010c 08b9 eb08 c2bb dd14 0ed9 240a  $P............$.
0001f5e0: e0d1 1b36 e338 e0ff f3b5 e0e8 f83e fece  ...6.8.......>..
0001f5f0: b00e 04e7 ff4c 0909 fade 16d8 09f5 fae8  .....L..........
0001f600: e915 c3f1 0fe9 2f22 040e 0904 10b6 bcde  ....../"........
0001f610: e60a d6f1 e6d1 fbd3 ecf0 e029 c7e5 0826  ...........)...&
0001f620: f0d5 f110 d535 f3e7 0fcb 36d9 0ed9 ff12  .....5....6.....
0001f630: 290f 08ef cd1b f1de 19db d42f fd40 da02  )........../.@..
0001f640: 11ff f31b e8e6 fcff 1100 17fc 032c 9b15  .............,..
0001f650: ffe0 9f06 c703 c1f3 e915 c4f7 1fd1 06d5  ................
0001f660: 5c11 f026 1c20 d916 d420 1d5c 0713 e914  \..&. ... .\....
0001f670: e6c1 f9fe 3d0f 221f de00 dcae faff d8bc  ....=.".........
0001f680: d7e1 2716 e5de 19e1 e1fb f027 211e fa23  ..'........'!..#
0001f690: 24e2 f13f d6e8 4cef 1c11 14ce d3c3 fef8  $..?..L.........
0001f6a0: 1e30 1316 0ccb 28e4 f6cb 0a2c 0b53 bab5  .0....(....,.S..
0001f6b0: f6db 2d6d f70e f9e2 3c19 1a77 181b f705  ..-m....<..w....
0001f6c0: 0318 f70d baed 1211 1bef 3d52 28c8 25f9  ..........=R(.%.
0001f6d0: 03e4 eb18 e558 331a 22c8 3be3 ffcb c601  .....X3.".;.....
0001f6e0: 0fff 3e25 49c0 f1c3 d2c8 180f e2ce 8c35  ..>%I..........5
0001f6f0: 0303 35e5 03df 1215 08fd 3ae7 4d16 002a  ..5.......:.M..*
0001f700: 1534 5b12 46ef 62f1 2eab 0020 f1e2 13ea  .4[.F.b.... ....
0001f710: f7fd 1bfe ffde 1acb 00bc e0f2 c425 f1ed  .............%..
0001f720: fb04 e214 d4f8 1212 05a1 1602 0726 ccef  .............&..
0001f730: fbff fce4 db12 3839 f9e7 e11a 0bbe c5da  ......89........
0001f740: 26fd e12c 29d4 f4fa fb14 f812 dfe3 c11c  &..,)...........
0001f750: 16cd 2d00 5c45 f7d6 2dcf 3310 e53a 0cf2  ..-.\E..-.3..:..
0001f760: 3c24 dbc3 150d daed d911 0800 bdf2 0204  <$..............
0001f770: 1114 1c10 060c 1107 caf2 f61c 0fe3 ed09  ................
0001f780: 313d f7da 40fc d4ec fd08 0bef 10fc 0aec  1=..@...........
0001f790: f01b f119 fff2 0c02 f7fb f3f3 0914 fa36  ...............6
0001f7a0: 12fa e329 f7e6 0016 152d f2c7 4931 44d5  ...).....-..I1D.
0001f7b0: 0aee c902 f11b e3e7 baff 03e4 fb24 bbe6  .............$..
0001f7c0: fe53 f604 1fee b6f9 091b 0ad6 14f9 fe23  .S.............#
0001f7d0: e2fd a3f1 0b1e 0738 e12b 250e f129 eecb  .......8.+%..)..
0001f7e0: d41c 2dae 2547 e70e 2653 0be6 14fc 2a10  ..-.%G..&S....*.
0001f7f0: c61b 2040 1ff1 2ef0 d4fc 1920 0914 0202  .. @....... ....
0001f800: 31d8 2436 1c11 3b14 d5e9 25f2 f403 15ec  1.$6..;...%.....
0001f810: 2902 c50e 1bfd da2d 93f0 06d8 ede9 fc0f  )......-........
0001f820: 07f8 cd1d 0029 dc39 f31e f607 cae1 0dde  .....).9........
0001f830: 581d fc16 2a0e f321 2fd3 deca dd43 13cb  X...*..!/....C..
0001f840: 250f faff 2af4 0f0b 2c1e dadb f31e 0e07  %...*...,.......
0001f850: d05d ca12 f3ff ef09 0e21 2fa6 e52b 1b01  .].......!/..+..
0001f860: 1b0d e3fb da0c 07e0 e1f3 ffc7 fdf8 0904  ................
0001f870: 05f5 1ae2 18c8 1d0b df15 0819 f92c 0f06  .............,..
0001f880: c814 d8dd e9d3 120f f8e3 17e2 eafd e2f3  ................
0001f890: 1a10 f514 06ce 1d25 0c01 01b8 0d27 f409  .......%.....'..
0001f8a0: 100c fafd 0c07 250b 3ed9 ee13 f416 1139  ......%.>......9
0001f8b0: 05f9 27f6 0a01 d608 1a08 192c 2606 f3f0  ..'........,&...
0001f8c0: e0d5 d039 ea0e 1d15 000d 10e7 f430 f7e9  ...9.........0..
0001f8d0: 13f2 1fd6 10f7 eee8 f803 eee4 fafc 1c01  ................
0001f8e0: f314 1122 1a10 2be7 2c13 4816 0e14 08e8  ..."..+.,.H.....
0001f8f0: ed22 081a 0a18 03f5 f9e9 dc08 050b 06ba  ."..............
0001f900: f418 06ff 07f1 e40e d116 fd00 e142 f204  .............B..
0001f910: fd26 ee06 cb0a 2fcf cff9 0fdc 0722 e511  .&..../......"..
0001f920: e206 39fa f8fa ea93 1f16 e903 eb00 eae3  ..9.............
0001f930: f311 fee2 bded 330f e5f0 dbe1 ed09 ee1d  ......3.........
0001f940: 0cc8 0eec c9ef 1a0f f0d7 810a e2c5 ea02  ................
0001f950: 0a16 f817 fcdd 0b0d f2fb 19d7 f20a f0c2  ................
0001f960: 2305 f1f1 2c0d 19fe f5fc fef1 431c e60c  #...,.......C...
0001f970: e8e0 f6f7 deff e4e1 2001 e400 dfe1 05ef  ........ .......
0001f980: 1b0c 1e0c 1f12 1e08 e3c6 f800 ffe5 edfc  ................
0001f990: fafe 0e35 df23 effa 30db 2805 fd1b def2  ...5.#..0.(.....
0001f9a0: 0727 f307 18e8 14d9 dd1a dcd3 eafc f21d  .'..............
0001f9b0: 30e3 f30a daec 271b d711 23f1 f606 c01a  0.....'...#.....
0001f9c0: 010c eb13 2dd7 f1f2 f82f f4ef 10f6 bc09  ....-..../......
0001f9d0: defc e410 2e12 09ed ef02 1811 0e0f e920  ............... 
0001f9e0: 1d16 dd2a 0123 f945 f821 1c31 5719 fcce  ...*.#.E.!.1W...
0001f9f0: cd0b e6df 1b11 01b9 f321 d618 0dca f4de  .........!......
0001fa00: 0e1a 05e1 d3ef 070c 0a28 1ada d7d5 1b24  .........(.....$
0001fa10: abec 23d2 01d7 0514 17e8 1318 0500 0bff  ..#.............
0001fa20: 1d22 04fa dd0d 1225 e708 d10c 04fa fdf6  .".....%........
0001fa30: b636 f310 182c 3df6 29fc 10e4 290b 1b50  .6...,=.)...)..P
0001fa40: 12df e700 0918 ee0f 05f2 dfcd e0f2 d223  ...............#
0001fa50: 3ffc 0106 06e7 e910 f101 f304 1405 18f0  ?...............
0001fa60: ea16 0602 2a28 e512 f0bc d622 010f f021  ....*(....."...!
0001fa70: 1bf1 c1f2 c703 3023 0f07 1df5 25c4 eaea  ......0#....%...
0001fa80: ca11 f4f6 f22f f023 fb2c e1fb e21d 13f5  ...../.#.,......
0001fa90: eadd df00 2808 eef3 fb33 c7f5 fe09 1313  ....(....3......
0001faa0: ff04 f1c7 360a 002f f936 02dd 1ccc f11d  ....6../.6......
0001fab0: 09f9 0bfa ee0a 02f5 27df fa05 0300 f807  ........'.......
0001fac0: edfb c7bb ddee 1bf1 fb0c 21eb f827 f7e5  ..........!..'..
0001fad0: 090e 1308 ec15 d41e efd5 d6eb 0e08 f01f  ................
0001fae0: eedc b61a f907 edfd 02ee ec06 e712 3825  ..............8%
0001faf0: 04cd 22f6 0b2b 0612 280c 51f5 2d17 0a01  .."..+..(.Q.-...
0001fb00: ecfd 131e 1cff 2c08 c7d6 e004 cb0b 0fde  ......,.........
0001fb10: f0f6 da03 2a23 e1f0 fbfb d00c 0eee fa1f  ....*#..........
0001fb20: 1808 efe1 f5f0 18df e1ee 1e08 2417 f2b2  ............$...
0001fb30: cd3a 1c06 de2c 0ffd ed20 f4f0 1012 20e6  .:...,... .... .
0001fb40: 06fd 2a17 1005 4ad3 d00f 040e f9f5 f8fb  ..*...J.........
0001fb50: 3c43 e317 043d 0813 4bfb eecd f415 fc05  <C...=..K.......
0001fb60: fde4 2018 e8e2 fdeb e814 f815 ddfc b3ee  .. .............
0001fb70: 0023 f4e5 f216 a7e5 f3e5 14fd 060c 0512  .#..............
0001fb80: dee2 21f0 e333 e5e5 040b 2e21 0fd7 020b  ..!..3.....!....
0001fb90: ef07 fefc 17ff 3c01 04f0 1203 0324 cfe6  ......<......$..
0001fba0: fffb 2d23 e7fe 001e 41f4 e0e3 0401 e6c2  ..-#....A.......
0001fbb0: 21e3 fc18 02fc 0507 d9ee dfd6 20da f814  !........... ...
0001fbc0: edf3 fdcb efda d1fa 2fdb 2719 0cdd 2a15  ......../.'...*.
0001fbd0: 19eb fd11 d337 38e9 0218 1206 f713 e3fe  .....78.........
0001fbe0: 220a f9dc 0f09 c5f2 f701 ebc7 f231 0be2  "............1..
0001fbf0: 11ef dbff b607 f3e9 fd08 39dd ed1d fc34  ..........9....4
0001fc00: e6ea 050f d422 38ef dec8 15f2 ebe9 0604  ....."8.........
0001fc10: 0aac dd13 00e8 e719 2615 dc08 e725 dfb0  ........&....%..
0001fc20: ed0e f1ee f1de ebe1 1004 0b02 f4cf ecce  ................
0001fc30: 03f7 fbef f730 c8f4 daf3 fcfe bdf7 1205  .....0..........
0001fc40: 11ea dffa 1abf 3a10 a3d7 13fc 0739 e2fa  ......:......9..
0001fc50: eec6 bd14 ff07 fa45 f9fe 15e2 32fc e81b  .......E....2...
0001fc60: 1eff 23f5 f1de 3607 1213 1a10 13d7 f706  ..#...6.........
0001fc70: e139 b3db 5210 fcee 411e fa19 3241 f91e  .9..R...A...2A..
0001fc80: dfb1 15ed ecc5 1ddf e238 1140 ebea cfe7  .........8.@....
0001fc90: e5e7 f509 0b05 b4bd c3ce e816 f2da 10f1  ................
0001fca0: b906 0043 efe9 b10d d314 bbf8 040d 1db7  ...C............
0001fcb0: e71e 4d0a 252d 46d9 22f1 0cec 23d9 11d8  ..M.%-F."...#...
0001fcc0: d13a ea08 3306 fa29 020f 1be2 f3f3 0bdd  .:..3..)........
0001fcd0: 04ec fe04 e706 09f2 e2e4 c8f0 db06 0010  ................
0001fce0: 0920 1df2 2f0b dae0 35fe 160f 1202 0c21  . ../...5......!
0001fcf0: 00d9 1bf0 ae3a 0b15 0f37 2c25 fe42 0abf  .....:...7,%.B..
0001fd00: 16ff fce6 fffa db51 0e0d 02b4 dc1d bfe2  .......Q........
0001fd10: 1ee6 fedb 1043 f02b 071f 0710 1dfa f507  .....C.+........
0001fd20: d72f ee2c 0a10 a1d8 ed07 0e41 f302 d947  ./.,.......A...G
0001fd30: fedb 2533 3c20 edd9 f1fa f0e5 01c4 1228  ..%3< .........(
0001fd40: 4103 0618 1719 041c d944 dff1 1901 d5da  A........D......
0001fd50: 1338 e104 081d fa26 24cf ccd6 18d0 1d07  .8.....&$.......
0001fd60: 23cc fc34 ebe3 33de eee9 e0dd 15d8 fa07  #..4..3.........
0001fd70: a414 120e 0d0f df09 0d17 0a19 7f35 3938  .............598
0001fd80: 1000 dd11 25db 150f bce6 cd55 5d06 f703  ....%......U]...
0001fd90: f921 2d28 db12 31c7 0712 02fb 3bd8 ce55  .!-(..1.....;..U
0001fda0: c514 e51e d71a edfb b602 ede6 fb36 bc11  .............6..
0001fdb0: feeb ded1 0c15 fd23 32dc fed0 3225 e141  .......#2...2%.A
0001fdc0: 25da f823 e5f2 effd 22e6 f3f8 f5d0 00e7  %..#....".......
0001fdd0: 06da 29f0 130c 2cd4 de0a 130d ee19 0ee0  ..)...,.........
0001fde0: 0c2e 0927 11de f91e 0fdc f0cf e2e7 c7ef  ...'............
0001fdf0: e5f7 10cf f026 0221 de29 dd11 fccc fd05  .....&.!.)......
0001fe00: cdff f308 f9cf dcec d42a 36e1 ecc4 ed0c  .........*6.....
0001fe10: cc22 e816 370d d12a 24e7 fe2b fef6 e233  ."..7..*$..+...3
0001fe20: 460b 0614 20e5 0bc7 f513 07b3 21e3 161d  F... .......!...
0001fe30: 171d 121c 191b 0a03 a2ff 46da 2afd e5ea  ..........F.*...
0001fe40: 0607 080c 1702 a91d 051e 4528 061c 1a23  ..........E(...#
0001fe50: 1204 f8da 0a31 f504 c1e4 e8cb e5ff e71a  .....1..........
0001fe60: 0811 26f1 011b f6fc c701 01ff cc11 f90b  ..&.............
0001fe70: e2ff f8e6 1cde 00db d4f8 2e0b 0029 0e1c  .............)..
0001fe80: 0741 3910 072d ff10 1fde 1201 3d10 f73d  .A9..-......=..=
0001fe90: ff0f 0b0d fb08 c3f8 0d0c 0bf6 f20d e820  ............... 
0001fea0: 12ed 0c15 0c10 2831 0ad4 f83e fe04 da15  ......(1...>....
0001feb0: f123 1b11 021a 0c0b 4247 cd0b 4b0f e7fb  .#......BG..K...
0001fec0: f20e d638 fa3b 15f6 39d7 fcf9 ec1e 091f  ...8.;..9.......
0001fed0: 24da d700 e1eb e009 162b fc05 07e9 fbec  $........+......
0001fee0: ee11 f0eb c1db dd3b f42c e2db 26e5 f500  .......;.,..&...
0001fef0: ee17 ecd5 1e29 03fd f3fc e30d 3ea6 c4e8  .....)......>...
0001ff00: 25cf e80b 0635 35cd 4c05 10fa f3f6 e700  %....55.L.......
0001ff10: fce1 08fa 26e3 cefa f0c0 f82c 1115 1be9  ....&......,....
0001ff20: 07e2 18bd f504 faef 0ff1 420c 16e8 1eb7  ..........B.....
0001ff30: 1610 b902 28e7 e022 e307 f6cc 02e7 ff0c  ....(.."........
0001ff40: f227 10fd b706 f21e cbef faf7 dd02 1c02  .'..............
0001ff50: 1dc2 fd00 4514 0f0f 1114 d8e1 0f07 0bf1  ....E...........
0001ff60: fc1b ee2b 2cff 3d47 0cc9 cf06 f41b 023d  ...+,.=G.......=
0001ff70: 0701 f71c cef5 040b 144a 0fec f225 06eb  .........J...%..
0001ff80: 0c1c fa38 0bd3 0a00 d7f3 1cf5 f719 17c2  ...8............
0001ff90: d7e9 1000 2200 eff1 c5f9 e9e7 f317 0626  ...."..........&
0001ffa0: f81b ed07 0d21 ff0c f50c f024 fa08 0eee  .....!.....$....
0001ffb0: ec12 09f4 fdc0 10ef 24f0 f0e5 eb11 0501  ........$.......
0001ffc0: 27d2 2bfd 0a19 4fd0 51c5 e2e4 f9c7 2625  '.+...O.Q.....&%
0001ffd0: 12e3 ea07 0019 d606 4620 cef6 fb06 33da  ........F ....3.
0001ffe0: 23e2 e929 d1e9 12bb 43c9 0f06 14c5 e220  #..)....C...... 
0001fff0: 25e6 1206 e257 c9f2 3beb 1508 e2e1 0cff  %....W..;.......
00020000: 0c3c dccf 4d24 ec06 e7e4 c7f5 5959 ead9  .<..M$......YY..
00020010: e613 fdf7 12f0 2cd4 0726 feea 3913 0dc9  ......,..&..9...
00020020: 2311 ff37 e5f3 fd02 2519 2afd f8f8 eff6  #..7....%.*.....
00020030: fe1c dddd d5cf 0b17 29f5 13dd d9e1 eafd  ........).......
00020040: f1fa 1ef2 eee6 f9fb eaf4 3458 091a f305  ..........4X....
00020050: aefa 0c07 1715 0d32 0dc9 1209 1636 de08  .......2.....6..
00020060: eee7 fa1a 070a 1f1e fe38 faf0 d631 20ba  .........8...1 .
00020070: e514 f213 e0e1 dcee f9dc 0e1f c0cf eba9  ................
00020080: e90e e8ea c807 ede4 0dfb 1e37 0c12 1520  ...........7... 
00020090: 91f7 2de5 f9fa fb49 12c6 c708 e003 d547  ..-....I.......G
000200a0: 25c6 37fd 3bf3 f60d d516 fc27 cfe1 2718  %.7.;......'..'.
000200b0: 5203 1609 e7ec 34f9 f9d9 4540 1a10 2d08  R.....4...E@..-.
000200c0: 1421 edb8 27fb 0fd3 f7e7 f7e6 f31b fcf3  .!..'...........
000200d0: ef36 f141 e230 a32e 3acf 3de2 1b12 0c04  .6.A.0..:.=.....
000200e0: a129 f6d4 fde0 f411 c142 20ff a9f2 f2fd  .).......B .....
000200f0: 17b0 0b1a 30f2 47e4 e342 0f2f dc09 56af  ....0.G..B./..V.
00020100: c5ff 04e0 5dba dc1c b3f9 1cee 57f7 f7ad  ....].......W...
00020110: 033e d4b4 311c ef1a 31fb fee6 e41b de0e  .>..1...1.......
00020120: e324 ccf5 07c9 3503 e441 5bbd c6ee 20ab  .$....5..A[... .
00020130: 2000 f0e7 edde d315 ecd9 fee5 3030 f744   ...........00.D
00020140: dbec 14de 020b ee1e 06fe 33cf 24e7 b61a  ..........3.$...
00020150: d9e3 ef0e 3002 10e0 b2e2 3611 2efb 0f28  ....0.....6....(
00020160: d5fd f301 09f7 d0e3 dd30 1ff0 f82a db31  .........0...*.1
00020170: 30eb f703 50dc d205 c60c 2713 fdf8 e7fa  0...P.....'.....
00020180: 2d10 080f 0215 1ef9 f0f6 0a24 03cc 04f3  -..........$....
00020190: 1c19 1bfc 1208 07e8 e7f0 c746 fb04 4aef  ...........F..J.
000201a0: 2115 01ff 03f9 e308 f302 fc1a 0202 04ed  !...............
000201b0: f932 eb1b ffe6 03d4 f201 ab0a 03f4 cd17  .2..............
000201c0: 00eb ebf6 de10 f213 ea16 0e01 06e2 451b  ..............E.
000201d0: 261e ed0b eafe 1201 30d5 f41d 2d20 e3f9  &.......0...- ..
000201e0: 1822 f527 ca17 0831 1df5 02ff 3de8 0d21  .".'...1....=..!
000201f0: 0803 f3e8 bd28 d80a f210 0ade 10ea ddfe  .....(..........
00020200: f910 dddd 43f1 2808 0ecb eb1f f806 e2ae  ....C.(.........
00020210: f4ef 2811 26f6 fce2 cdcb 4b18 35de e2e7  ..(.&.....K.5...
00020220: 8b08 f537 fdec 4224 d2dc 03ec 1601 f6e7  ...7..B$........
00020230: a8c6 f4d9 1816 201d 4bd5 cd81 2cf4 1bff  ...... .K...,...
00020240: f711 0e40 f1e6 17f9 e101 f209 df2f 0bd6  ...@........./..
00020250: f4f0 01de 0628 d704 1320 d4c1 0c00 29e8  .....(... ....).
00020260: 482a 251d ff0c 31d5 12f8 f1f6 2905 032b  H*%...1.....)..+
00020270: ed09 f00d 15e1 04f5 f515 140a 0a19 f204  ................
00020280: ea05 092c f3fd 23f6 1a07 e9d8 f0e7 09f9  ...,..#.........
00020290: f91b 09d0 41c6 29fa ea0e fef5 1231 0707  ....A.)......1..
000202a0: df23 2cec 11f9 fb2a 260f cccb fde5 17e7  .#,....*&.......
000202b0: e523 e1f5 0b34 d504 4eea 0526 fae8 07e7  .#...4..N..&....
000202c0: 1925 ef13 1fed 0bde fdd3 f22f ee2c 2b0c  .%........./.,+.
000202d0: fdf8 0d04 ed1a fde5 240b 1c4b 0935 09f8  ........$..K.5..
000202e0: 1318 182d f0e4 0106 f8fb 131f fc01 eb0e  ...-............
000202f0: 07c0 fb98 eb07 19e9 b0f5 e3bf f219 e63e  ...............>
00020300: f430 0607 f4f1 02f2 b004 c209 2bec 25f6  .0..........+.%.
00020310: fbd8 1c21 0a12 17db 151d 2f33 c82a 2d92  ...!....../3.*-.
00020320: 050b 1118 0eef 3814 f2d7 151c 11cb 0ee5  ......8.........
00020330: f537 d229 28fb 1e0c 2eff 02d6 2202 12fa  .7.)(......."...
00020340: ead6 1fe8 3bfe fe27 2bf4 dd31 edec 0a4b  ....;..'+..1...K
00020350: 39fa 1a21 e0de f529 fb0e 1a0d f702 d525  9..!...).......%
00020360: 05c7 1ade 4a08 1609 1cd9 d7f4 eb3a 3af5  ....J........::.
00020370: 0e08 f724 1027 1531 b4ec f60e 130e 2238  ...$.'.1......"8
00020380: 35fb 2328 3deb 04ea 0a07 0a13 c844 33e7  5.#(=........D3.
00020390: f7e8 19fb 12dc 05da cefc 1aef 15e2 24f2  ..............$.
000203a0: e11b d681 afeb de1b 0cc3 e431 1d05 33e3  ...........1..3.
000203b0: d43d 0511 bedc e4f6 e2af 1020 fd28 1801  .=......... .(..
000203c0: fd0b f9fa dc26 c901 2110 def7 ed08 0d1c  .....&..!.......
000203d0: c607 0402 f91a d40a e6ff f3f0 090f c31b  ................
000203e0: 1706 bce4 f9c0 04e7 1157 ca2f bbf9 2fb2  .........W./../.
000203f0: e031 fb2b 241f 4ae5 852e d3f2 f1bb 1b1b  .1.+$.J.........
00020400: ffe3 cd09 1a34 c242 1d24 0140 5132 0324  .....4.B.$.@Q2.$
00020410: 3ffa 0222 1002 2b08 ff1a 1436 03f6 f7b7  ?.."..+....6....
00020420: 2b02 fa06 bdec e8da ed02 2d2c b106 8c18  +.........-,....
00020430: e3f9 1a2b 24e8 e92a e21f dfd5 21de 1b06  ...+$..*....!...
00020440: c611 f316 2af9 0415 f22c fce0 2a1b fbfe  ....*....,..*...
00020450: 08ef e9f6 3343 f9ff c60c 3403 1700 d716  ....3C....4.....
00020460: ecf9 b4e3 df15 3817 c917 18d3 17f5 f938  ......8........8
00020470: f2ec f909 6e06 59f1 e107 bce4 f521 433d  ....n.Y......!C=
00020480: 1cf4 a00f 1bb6 1817 1e08 34f4 f230 c4f1  ..........4..0..
00020490: d7df d8ec bcdc deed 1ae1 0248 2ff5 f2ca  ...........H/...
000204a0: e636 afb9 b618 32c2 bf34 3429 f535 ebf6  .6....2..44).5..
000204b0: 08ed 2129 f402 fef6 fd33 3a00 e4f3 052d  ..!).....3:....-
000204c0: fee2 bf0a 4efb 0e04 fbf4 e9c1 d5dc 3323  ....N.........3#
000204d0: 05dc f50c fbfa f40c 16b5 d8f3 e90e 3c1b  ..............<.
000204e0: 1515 24f7 c8e4 0f07 132a c90f 42f9 f201  ..$......*..B...
000204f0: 1508 e003 d5ed edcf e217 ea17 dc06 1324  ...............$
00020500: 06dc 0c09 e127 d7e9 c2c3 dd44 25d5 fee6  .....'.....D%...
00020510: ecf3 1bd8 f8c7 080f 22f8 ea31 2411 be0f  ........"..1$...
00020520: f124 e904 e3fa 0acf 0e08 cc0f f709 09e9  .$..............
00020530: f8b1 aff5 d8e1 18e9 f4c8 24f7 fed6 0fdd  ..........$.....
00020540: ee2a f432 e114 1faf 032a cadf 0003 00db  .*.2.....*......
00020550: 3e0e fae0 0337 a5e3 ed0f 06f8 4701 f015  >....7......G...
00020560: ef32 2fc2 40da 1933 4631 dfec eed8 f805  .2/.@..3F1......
00020570: 0911 ecd6 59d5 191d 0e07 2e26 0d02 08e0  ....Y......&....
00020580: 0ee8 f0f0 f612 e4da 31f6 2a03 cbc8 09db  ........1.*.....
00020590: f82d f224 19e8 23f8 3a3e fb0f 1716 de14  .-.$..#.:>......
000205a0: e5ec ee21 e5f7 e4eb 2110 22e1 220a 41f3  ...!....!.".".A.
000205b0: 11f7 eeb4 f0d0 a3f8 d6f2 faf0 f5f9 be17  ................
000205c0: 59fe b6ed f4ef ede0 fcf0 dee4 06dd 92ae  Y...............
000205d0: bf2e 10fa f5ff efec 0ede d1e4 d801 010b  ................
000205e0: ccee 09de f0f8 f3f1 d81d ddde e007 0ae4  ................
000205f0: 2ed0 cc1d 0e3b dfc0 ef17 ba07 26ff 0fbb  .....;......&...
00020600: 3524 f90e f604 f0e4 289e e6cd 05f6 17f3  5$......(.......
00020610: 37f8 b103 e604 fccf 08bb 20bc 03e7 dac7  7......... .....
00020620: 2ced f8f7 1fbc fce7 f3d9 a312 fdea f8dc  ,...............
00020630: 0823 03e0 dc04 210f cdf7 1431 0428 f51e  .#....!....1.(..
00020640: 28f0 061c 0c23 0dee 07f0 32e4 c7ef c0ee  (....#....2.....
00020650: e405 c246 c903 d214 c710 e716 f3ef c3f0  ...F............
00020660: 0011 12f4 3e0a dbeb 1407 e5e6 1b17 32f4  ....>.........2.
00020670: 19fb 0102 fdd1 0fd2 f709 2b0a e30c 04b0  ..........+.....
00020680: f5f6 d3e9 0f14 b8e8 0aea 04e5 102e eeff  ................
00020690: e749 05e3 ce14 d2d1 d2fd 011f 01f3 eeba  .I..............
000206a0: d6d4 52b1 fbec 85e5 d1fb 2424 20f4 f928  ..R.......$$ ..(
000206b0: 06e5 14f4 1622 d238 ed11 ba37 091d 3420  .....".8...7..4 
000206c0: 1abf fc05 f722 dde8 25f5 e632 1ad5 ad09  ....."..%..2....
000206d0: 3b25 d8ef f030 fd07 1be9 e900 0ff3 222b  ;%...0........"+
000206e0: 31c6 0222 d330 c90c f41a ee1d 0303 301d  1..".0........0.
000206f0: fdf3 e911 f3c1 f4ca 21e9 e24b 2f23 0f06  ........!..K/#..
00020700: 00f0 2b1c 0cfd ed42 ca10 30d7 fee8 0a07  ..+....B..0.....
00020710: 261a cd04 3007 2aef 3f2b 2b04 0a23 11f0  &...0.*.?++..#..
00020720: da13 0e1f fbd8 11f7 fa1a 0cbd 4dfe 97ee  ............M...
00020730: 1ffc f3f8 230d 0d08 1b37 b418 f1b8 2d35  ....#....7....-5
00020740: e014 2b04 f6ec bb16 1048 17e1 1403 22db  ..+......H....".
00020750: ef10 f5ae 3bbf b228 57fa dbf1 3927 1924  ....;..(W...9'.$
00020760: cf10 ef38 e609 2edc cddf 0caa df0b e643  ...8...........C
00020770: fd1c 91ed 2cbe dedb 5138 bf45 db1f 111a  ....,...Q8.E....
00020780: 0d0e 04bb c209 f944 d6d4 00dd de23 cbef  .......D.....#..
00020790: f2e1 3a33 d8f7 f5c3 f4aa ee02 d519 2439  ..:3..........$9
000207a0: 5916 e8b1 fdf7 532d ec17 e7ad 06c5 2538  Y.....S-......%8
000207b0: d1ec e20e 083e ce15 4726 da13 fd02 f528  .....>..G&.....(
000207c0: 0337 ff30 f2c8 ddc5 181e 220b 07d5 d0d4  .7.0......".....
000207d0: e4f6 1cf6 ebff 81f5 08c2 fee5 d984 241c  ..............$.
000207e0: 3ce0 f8d9 0c25 d4d2 a8d5 0a23 ec76 03e4  <....%.....#.v..
000207f0: abf7 2710 b11e 5ceb db0b fd2c 3f28 aa10  ..'...\....,?(..
00020800: cf21 0802 18db 4bdf 34e7 0cef b3d5 13e2  .!....K.4.......
00020810: 4c26 c115 edf4 0f1b c607 2d06 13f1 a713  L&........-.....
00020820: 060a 2ada eb00 bef8 cbea 170c f504 be18  ..*.............
00020830: 0517 a319 1642 c9e6 fa23 10e6 fc0b fcd6  .....B...#......
00020840: c608 1015 1236 1e25 2c00 34f5 d212 3de4  .....6.%,.4...=.
00020850: f316 eaf7 fd1e 400f e2f9 fafe ed07 320d  ......@.......2.
00020860: 16f3 0a3c e3ff ffff 15f5 0733 fde0 09ac  ...<.......3....
00020870: 1eed e310 201c 24e7 feee 1617 1e39 5b14  .... .$......9[.
00020880: 160d 10d5 de16 0ffc f2eb 1aec 15bc 1bd5  ................
00020890: 1d04 0015 e921 1621 c506 cee6 1e15 0ce7  .....!.!........
000208a0: ebfe 283a f1f1 eb33 ff0c 6e07 f439 1e1b  ..(:...3..n..9..
000208b0: e2e2 fa2b 060d 1e03 ecdc 3f04 65ea dccc  ...+......?.e...
000208c0: 0b08 15de ee55 21e0 08fa f1df 2cf8 e710  .....U!.....,...
000208d0: 4beb 3e0b f100 11e6 082c d70b 34fd 1329  K.>......,..4..)
000208e0: cf0e 3845 bd03 23f7 2a24 f0fc abde e5d0  ..8E..#.*$......
000208f0: 1508 52fa 0702 0300 9cdc 21d5 20ac 0506  ..R.......!. ...
00020900: 5f0e 05d5 5902 2c34 19cc a711 ccae e810  _...Y.,4........
00020910: 1f06 fe0e ee06 2bfc c51b e83a 070e e4cd  ......+....:....
00020920: f223 2845 e21d e114 2007 1102 e422 00e7  .#(E.... ...."..
00020930: f0eb 3bed 47e8 f605 d9fb 10d3 0ffa 2bed  ..;.G.........+.
00020940: 671f e618 06fd 0560 e1fd faeb f619 1506  g......`........
00020950: f71f 1de5 eed9 cb36 15f2 e1f1 2c07 dce8  .......6....,...
00020960: 160e daff 323c 1c08 2a15 d7f3 053c 141b  ....2<..*....<..
00020970: c614 f5f8 f8ca 450f 12d2 fdf9 1735 fb21  ......E......5.!
00020980: db11 d81a ffd8 e216 34dd df18 0339 2b1b  ........4....9+.
00020990: 27f5 df26 d1fa f6d3 1cf7 e134 2408 c0ff  '..&.......4$...
000209a0: e527 e1fb 07aa f7ee b90f 1614 d7eb e1fe  .'..............
000209b0: bb25 f916 f917 f6c1 01f0 f6fd b920 12f9  .%........... ..
000209c0: ddf3 e60c 094c fbf1 1605 f9e7 1715 f31d  .....L..........
000209d0: 1212 1c20 e30e b66d 20bf e2ed dccc 0531  ... ...m ......1
000209e0: fb0e 2d0d 16d1 2628 e004 ca13 edd0 f321  ..-...&(.......!
000209f0: 153a 0153 06fa c9da ec40 28ff 1a13 e410  .:.S.....@(.....
00020a00: e7cf f7e5 1be4 cb05 1ad2 d919 e124 ed04  .............$..
00020a10: 10f5 d8e9 edee fc14 d900 ead0 fdaf 29e3  ..............).
00020a20: 1d06 07f6 1bdf dfc8 110b ecd6 12ff d6cd  ................
00020a30: c5fb fef7 15cd 11cb 1a23 02e8 f225 e503  .........#...%..
00020a40: 29e5 f2ef 3dc1 f5f9 061e 3b1e fe18 0414  )...=.....;.....
00020a50: e9fe 0d13 d90b e13c 00ec 0ff5 d324 fe23  .......<.....$.#
00020a60: dedc 4807 fc07 f1ff 0ed6 f3ff 05f8 09fd  ..H.............
00020a70: 490b 2d07 1f10 461f 41ec 2e08 fb37 051a  I.-...F.A....7..
00020a80: f3eb 3315 e8fd 2afe ed24 fa28 fff8 f0e2  ..3...*..$.(....
00020a90: 0feb ef22 0f26 2f0e 010a 2069 4303 d2e2  ...".&/... iC...
00020aa0: 0dbf b6c9 dcef bb00 c3d7 becc 1408 cef1  ................
00020ab0: d541 c5e3 02f8 08f4 b8d7 ae72 fb11 d93c  .A.........r...<
00020ac0: 04be 14d1 1809 0d2f cdd0 e2ca 18ec 1a3a  ......./.......:
00020ad0: dafd 252a f3ee b339 06c8 e231 051e e400  ..%*...9...1....
00020ae0: 019f 020f cd22 65e9 0411 290c 06d1 f2d5  ....."e...).....
00020af0: 0dec fd4c 197f 2131 e7cd 0708 f4e7 0f55  ...L..!1.......U
00020b00: 3f2d f938 c4f8 18f5 f1f6 e95f e2e2 0411  ?-.8......._....
00020b10: f410 1bce 1404 fa0b 1f30 ef1c d8fa 221e  .........0....".
00020b20: 34eb 1dd2 1147 ed4d ba27 24bf f940 d3f3  4....G.M.'$..@..
00020b30: dcf4 edcf 1421 220f f31e c4d9 fff6 4607  .....!".......F.
00020b40: e603 f8c5 ac0f 3519 210c effe ece1 d7fb  ......5.!.......
00020b50: e317 e730 fc09 04ed 3d26 3517 0244 e4dd  ...0....=&5..D..
00020b60: fd46 00c9 ee0b 4b17 20f5 ef16 e732 e113  .F....K. ....2..
00020b70: cc63 e2f3 fbf4 1142 0b22 2008 1dea caf1  .c.....B." .....
00020b80: 1002 12dc f403 d3d8 e210 9cca 37b8 08cc  ............7...
00020b90: fef1 fb04 1bfe d6f8 fff8 edc1 efeb cb08  ................
00020ba0: f7c3 1cd7 b103 22f1 23ef 3027 1145 102b  ......".#.0'.E.+
00020bb0: e719 f6de 0cf4 2dcd 04eb bff9 b4e9 0de7  ......-.........
00020bc0: 19fc 2a11 f416 3ff3 18eb d718 08f1 2f29  ..*...?......./)
00020bd0: 34ef abeb f521 1bd7 f1c4 c095 02c8 dad9  4....!..........
00020be0: 07e7 11e0 dd1a dd9b 2c13 fe17 1309 28f3  ........,.....(.
00020bf0: 1006 30f8 ba2d 04f8 94f4 0714 dc1d ae0f  ..0..-..........
00020c00: e246 f7fa 0b2a ebfa d40d e601 262a de30  .F...*......&*.0
00020c10: 08f9 22f5 1008 fc5f cc5b 1615 17ef 3269  .."...._.[....2i
00020c20: e50c 1c53 4518 1c27 eb37 df1e 0d26 37ff  ...SE..'.7...&7.
00020c30: f91d e1d1 1d06 ee1c 5f31 9f16 140c 1207  ........_1......
00020c40: 5819 3a52 cf17 e21d ee0a ad10 f8d6 01e1  X.:R............
00020c50: f926 dee6 f144 ddf2 ebfc f018 27e4 fa16  .&...D......'...
00020c60: 0454 c4ed f80c 3425 fcfc f1e6 f113 e50a  .T....4%........
00020c70: bce7 fd16 d4f3 5201 1c0b d215 e7e9 edfc  ......R.........
00020c80: 0802 f71f f114 e60e cdf6 e72b d714 ef3b  ...........+...;
00020c90: eb31 4005 f518 0def 0d2b e9e9 e703 f513  .1@......+......
00020ca0: dad0 c50b efe3 c7c5 191d fa01 01c4 01fd  ................
00020cb0: ddc6 2b22 baf2 d721 d5f8 3cde e8dd 04d2  ..+"...!..<.....
00020cc0: fb20 1413 c9f3 f332 0af5 2bf8 2803 14c8  . .....2..+.(...
00020cd0: fe04 251c f409 f1ec dede e427 f820 07c0  ..%........'. ..
00020ce0: 0503 1818 170e dddc ca22 01fb 2803 fc14  ........."..(...
00020cf0: d7e3 02da d708 f902 e609 b8f2 dff4 e000  ................
00020d00: 37e6 0ef6 0c0d 0b24 29ed 38e6 e0fa 1437  7......$).8....7
00020d10: 2f09 4b34 d6d9 da01 04ab 10f9 1dfc 0ec0  /.K4............
00020d20: fd12 3ee2 29e8 10e3 f5e3 35d7 2500 181f  ..>.).....5.%...
00020d30: 03d8 1224 e7f4 151a f7dc 21f4 1316 ece4  ...$......!.....
00020d40: b31a 0c0f 01f4 fb25 3115 a2f9 e504 da1d  .......%1.......
00020d50: 4220 25e5 56df c704 ecf0 0a41 1025 edc2  B %.V......A.%..
00020d60: e325 f6a2 5603 26f4 040d e714 140b e1c2  .%..V.&.........
00020d70: f03c ccc6 3c2b d9e6 0f1e cae0 03e1 4516  .<..<+........E.
00020d80: 56e8 f3f6 9c2c 4103 1319 530c ded4 2d2b  V....,A...S...-+
00020d90: cdce d712 f9f3 fd0d 3813 f941 fdf8 2d01  ........8..A..-.
00020da0: eef4 f910 c5ea fd21 fa1d ecd6 ed12 1d20  .......!....... 
00020db0: d019 cf03 eee5 e4c8 1fec 1e44 3e20 f9e3  ...........D> ..
00020dc0: 0d2b 2a01 00d3 ecec e049 04c6 0ff2 1e29  .+*......I.....)
00020dd0: f8e8 0af5 50fb 3a2a e2fb dbf1 0714 3d34  ....P.:*......=4
00020de0: 110d 00d1 ea03 271d 09f5 d102 0aef e8e4  ......'.........
00020df0: 06e4 d4e4 fd0b 160b 3cd4 06e0 e7f5 dde7  ........<.......
00020e00: 23e0 8127 ff20 05df 0be5 3e02 b7fc fb11  #..'. ....>.....
00020e10: 03c7 d5ef 274e 0ce9 0cde 28d8 d22b 10f1  ....'N....(..+..
00020e20: edd8 c6d3 13f1 0afa 1a2d 53ed 2ef8 dbeb  .........-S.....
00020e30: d5b2 fbfa 0002 2adb e9dd fb32 1bec e0f4  ......*....2....
00020e40: 0aff 2bf9 d2f8 d209 3fd7 c001 30fc 360b  ..+.....?...0.6.
00020e50: 2d1a 430a f922 0545 3638 ec2c 11ea e827  -.C..".E68.,...'
00020e60: e603 09c0 e5aa cc17 2901 0202 dd01 f212  ........).......
00020e70: 1e04 3b00 c9e5 1cb9 f302 1702 e7ee e2fe  ..;.............
00020e80: 3b49 03df 0525 465d b4f2 c7e0 01ea eb05  ;I...%F]........
00020e90: 1dc3 e501 2c0e 5f15 d322 c120 de0a 0e01  ....,._..". ....
00020ea0: 200c ca04 f8d6 d31c 2ef0 dfea 0cbd b305   ...............
00020eb0: d81b 0cf9 bfe0 c72f 9efe c962 bd1a 1ac0  ......./...b....
00020ec0: 1e3d c8e8 9f2e f2cf 2807 12d9 c605 6de6  .=......(.....m.
00020ed0: cc4b 39fc aaee d6e1 fb31 07cd d3ff 0240  .K9......1.....@
00020ee0: 32fa d11f 260c 27ef 26d7 f1f7 d231 7802  2...&.'.&....1x.
00020ef0: 2dd5 2ab4 d5fd 261b 0e27 1e0d 0656 190c  -.*...&..'...V..
00020f00: dbdc 070a f9b8 28e6 371f f11c 3c39 040f  ......(.7...<9..
00020f10: e726 2d1a 16dc 08f3 f0e8 02d8 0003 fffd  .&-.............
00020f20: e9c5 1620 f6f7 2a03 351c f3c3 ead5 e9e5  ... ..*.5.......
00020f30: e9e0 abf5 e0ff 2812 c70d d525 fb12 e9f0  ......(....%....
00020f40: 0542 11cc ee3d 04d5 feef 281e e9d6 c6d4  .B...=....(.....
00020f50: e11b e4d0 2611 d715 ea08 2604 f701 e3ec  ....&.....&.....
00020f60: 1e16 10d5 06fb 1fe0 f9f7 11c4 d6d6 39f1  ..............9.
00020f70: ed0e f007 f60a ef3a fbd1 29f5 f029 3918  .......:..)..)9.
00020f80: f1fa 051c 0cee e7e3 20f5 4916 3303 3538  ........ .I.3.58
00020f90: df1c df09 e8f5 fc18 fe3a e716 6328 efe2  .........:..c(..
00020fa0: fa05 e5f9 eb17 05dd db2e fe0d e056 dd11  .............V..
00020fb0: 37e3 040c 4d21 d9dc f608 d405 2010 2bef  7...M!...... .+.
00020fc0: 00f5 26e8 2352 0a23 f41f 102f 710a f906  ..&.#R.#.../q...
00020fd0: c007 f1f0 dff8 e0cd d2fe 09e9 2a0d de01  ............*...
00020fe0: c43e 1107 75f5 1e1c e919 20d7 bffb 1c0f  .>..u..... .....
00020ff0: ca1f eb09 10f1 04fb 05e9 ead3 070f 16f2  ................
00021000: fef0 2fcc fbf0 142c 10cb e312 1b05 0611  ../....,........
00021010: 1210 20f6 a3ee a7e9 d4f8 eeda f9ed d610  .. .............
00021020: 0606 ee14 f30e e5ef 08dc 23de cc4d f53e  ..........#..M.>
00021030: fee2 0cd4 110d 060e ff18 2620 22f5 0ded  ..........& "...
00021040: f921 0d10 1d10 d315 0103 ea1e 0124 00fe  .!...........$..
00021050: 0426 4221 09fd ec04 00da fcea fefc f61a  .&B!............
00021060: 0de8 eefe 08ff 071e f012 f132 f7f9 f305  ...........2....
00021070: face c4d4 09e0 1b1f ede3 e104 fed8 d5d3  ................
00021080: 1d09 0920 e912 09f0 17bc e1de 071e 2bd6  ... ..........+.
00021090: 2e12 d003 0f26 1f17 1808 de01 0ab8 1ef9  .....&..........
000210a0: 1925 0620 05c2 062b 43db 0125 1c04 cc20  .%. ...+C..%... 
000210b0: c406 ced9 1d16 fedd 0528 ffe7 1e0b d2e5  .........(......
000210c0: dff9 16da f0fd 1211 2bfa 4a18 ebc5 08d8  ........+.J.....
000210d0: d22a 41e9 01ab efc2 2edb e1fc 15f5 1827  .*A............'
000210e0: ea04 2612 33bb 05f9 e0be e902 b626 efe9  ..&.3........&..
000210f0: ebfd f5e8 ebf5 d9dd cf0f eef4 fa14 0413  ................
00021100: fbfb 122c da12 ffff edee fa02 d2ff 1406  ...,............
00021110: 2707 1201 fafa 1401 c8f1 0ada 051b 0d05  '...............
00021120: f40c e4c1 c120 df04 12ff 03ea f520 be1c  ..... ....... ..
00021130: f21a eb00 fd1f fc05 0309 e9ec d716 02c1  ................
00021140: 0af6 0bef df16 fc07 e6e3 f0bd 13fe 0606  ................
00021150: 131a e20a 01eb cbfd 01df 18f1 f62d 02f6  .............-..
00021160: 1ce5 f807 1313 c3da 042a e70c 05e9 0bd3  .........*......
00021170: e5f4 d026 1511 e817 daf2 ddef f6f8 b02d  ...&...........-
00021180: 1430 47dd 1301 252e 0ae1 bc03 fc0a e31d  .0G...%.........
00021190: 332b 1332 f911 0024 d172 0af2 0642 0b0f  3+.2...$.r...B..
000211a0: 3220 d2e7 f1fe 06ef af1b e212 ecc5 c004  2 ..............
000211b0: eaef fb2c 10de bb16 faff 0af4 3d21 d915  ...,........=!..
000211c0: 211e e6e2 edc9 320f c8e1 e80a d0fe 07d4  !.....2.........
000211d0: 03f7 050b 0d28 24d9 2a06 b758 f604 1bd2  .....($.*..X....
000211e0: 0ee4 7f14 2ad5 2a01 deb6 df02 09e6 2f25  ....*.*......./%
000211f0: 02e6 d029 f908 0704 fc38 1ce1 2506 cbf6  ...).....8..%...
00021200: ed3d c2f0 01f1 4d11 2d21 1c11 ef26 f5ea  .=....M.-!...&..
00021210: 1ef4 092e 0d0b 1906 010e e1c4 0435 0036  .............5.6
00021220: d61f cc33 cec0 1c08 fd0e eb0a 2a0d 08ed  ...3........*...
00021230: 01f0 d90a 49e7 f0e1 f7f1 03e6 1f21 ef31  ....I........!.1
00021240: 0e10 3ae5 0ed5 e1a2 19ce d730 fcf9 e1b9  ..:........0....
00021250: c0eb e0ff 0bdd ebf1 ad0f 2a30 08e2 0943  ..........*0...C
00021260: 0fef f0d8 00f8 d515 f1e8 effd b8f5 34d0  ..............4.
00021270: 0614 1aef 2725 d7fd ebe1 f9fd 1fe1 fffb  ....'%..........
00021280: e930 f30b 22df e505 184d 24ce 0d14 d30d  .0.."....M$.....
00021290: de02 0f2d 61e3 0ade f2ea f9f8 38dc 0127  ...-a.......8..'
000212a0: 213c facf de1e c93c f905 1afe 1e33 d952  !<.....<.....3.R
000212b0: f8e1 bee7 1bfe fb14 09d4 f8ef 2adc f948  ............*..H
000212c0: f0e0 270f 221a 0d38 0e13 e6f6 0518 1314  ..'."..8........
000212d0: d7f7 1ee1 d946 c407 c7e4 fb10 2f26 18f2  .....F....../&..
000212e0: 2ef4 0426 ea0c d91d 0b00 0524 ff17 f7fe  ...&.......$....
000212f0: 1f12 09dd c6ff 0402 07eb 0516 040b 17fa  ................
00021300: eed5 f416 1302 061f e90c 17f1 0f14 2008  .............. .
00021310: 112e 4700 d40b 091e 35f8 d312 f00b ee0e  ..G.....5.......
00021320: 1d30 1ff5 2509 2f3e ca00 f41a 00f5 ee36  .0..%./>.......6
00021330: fd10 daed 1f01 fce8 32fb 02e6 270c 022e  ........2...'...
00021340: ef0c fc03 f207 0ed9 f2ee 0ff0 24fa d105  ............$...
00021350: 0910 e6e1 0206 03f8 2518 0f0b 0f33 f1f8  ........%....3..
00021360: f7f5 2502 fce5 0bc4 e308 2914 0808 0c34  ..%.......)....4
00021370: 0d0d 18fb 3ce7 0418 fe00 1702 d3fa f604  ....<...........
00021380: 030d 090d fcf5 f902 c700 06e4 2106 06c1  ............!...
00021390: 1913 d209 fa0c cd07 c916 3401 f505 00e6  ..........4.....
000213a0: fdf3 15e1 eae9 09d1 2320 e915 dbe9 1bee  ........# ......
000213b0: 0728 35dd fce4 f902 d201 fe15 06f7 3513  .(5...........5.
000213c0: 16dd fae6 1019 08e1 0306 0d15 f6fe 0228  ...............(
000213d0: 05f7 ef40 e717 ece9 2b23 0a06 042d 0e2c  ...@....+#...-.,
000213e0: 0812 1710 fc0e 1917 320b 2c11 191d ea19  ........2.,.....
000213f0: 140d 1d20 001e d5d7 14fc 0a17 1933 d80c  ... .........3..
00021400: dce1 0ce3 000a 1615 f414 dd1f 10ec c3d0  ................
00021410: 0be1 0108 42ef 0507 01c8 ea09 13f8 81f9  ....B...........
00021420: e5de 17f9 f008 ef0e e906 05fa 2404 f40b  ............$...
00021430: d000 d4ff 2c15 002f ebfb d4ef 07f9 dcf5  ....,../........
00021440: 05f5 deca e613 15e1 1908 38f8 f116 07eb  ..........8.....
00021450: 2211 faf6 07d9 1a12 f5f0 0430 d816 ef23  "..........0...#
00021460: 1cf4 f405 06c0 d517 e30e 2511 e118 1527  ..........%....'
00021470: 09ec d608 03f8 fbff 200f 0a1f 1e03 1cee  ........ .......
00021480: fc0e f018 df0c 1fff e92b 13f4 e828 00f3  .........+...(..
00021490: fecc 03dd fde7 010a 0a15 0d1e f5d1 e713  ................
000214a0: ea1d 1fd9 0ff2 e705 e20f cc0a 2100 3003  ............!.0.
000214b0: f1dc 10fe 12ef f716 fc0e e205 eb0b f9e4  ................
000214c0: 1c0e da10 e507 0607 131b 1817 e908 0c2c  ...............,
000214d0: 13d8 f01f fb07 d6f3 d80d 2cd1 221e f603  ..........,."...
000214e0: e3f8 1cf6 f11a 18eb 050d 03fd ff10 c20e  ................
000214f0: f3e9 fbed 36f9 0ffc c4f6 1bfa 0fee 1b14  ....6...........
00021500: 0aef 0805 da19 f603 2b26 fef9 1ff5 ea1a  ........+&......
00021510: 08f3 2e03 e00b edf9 ffca d73c 51d6 32b6  ...........<Q.2.
00021520: c320 0637 0406 34f9 0a02 400b 1715 20ff  . .7..4...@... .
00021530: 2a0a 26fa e4fe 05f4 ae0a 22fd fffa eef7  *.&.......".....
00021540: 0543 230b 0dd1 0c00 cdd6 e21f 0105 21f7  .C#...........!.
00021550: 2ef5 1213 1f54 052c 0500 bd1b f010 db03  .....T.,........
00021560: f5d3 e30f fe3d 1319 1250 db1a 25d8 00ef  .....=...P..%...
00021570: dcde fbd5 15f0 0209 1434 0015 13d2 36e9  .........4....6.
00021580: 142c 0bd5 1634 00f5 16c6 e9f7 e4f7 04f7  .,...4..........
00021590: fad0 1aec 1a22 032a 020f 052d e2e1 29ec  .....".*...-..).
000215a0: efe3 e42e fcdd 0df9 c7f5 d10a 00e1 1a13  ................
000215b0: f2f5 f91c 32fb 07cc 1500 d7b4 f20f f815  ....2...........
000215c0: d406 fe21 22d7 e7eb ffe6 04e1 0b3b 0122  ...!"........;."
000215d0: 29e7 dc1a 1916 27fd f9f2 211d fcf4 e508  ).....'...!.....
000215e0: f103 23f1 cc07 1201 faf5 ee09 fbff d8cf  ..#.............
000215f0: fe04 09dc 003d f4ed f1de f910 e218 f5f5  .....=..........
00021600: 1c00 f400 dbec cde2 2c00 03f6 fcfb 02cc  ........,.......
00021610: ff3f dff8 09fa 0af5 be05 2314 06ef 0a0f  .?........#.....
00021620: 2104 ea28 0018 e4f2 f5f0 10fb dcfe 0a18  !..(............
00021630: 3413 cb08 f71a 29f1 0ae7 1212 fc18 0e14  4.....).........
00021640: e4e8 0f3e f5d9 e310 fc12 ea22 e722 1716  ...>......."."..
00021650: 03e4 c5f9 f0f7 08e9 ef1c 09f7 de0d 1d07  ................
00021660: 2ceb ea00 2309 ecf7 09ec f9ff 3806 0609  ,...#.......8...
00021670: d81c 0e1c d5fd d411 0f16 071f e1f3 eaec  ................
00021680: db12 e11a 0512 06fe 020d 2b01 080e efd9  ..........+.....
00021690: d410 fed9 cfd4 0b10 f8e7 f3ee d4f7 0fdb  ................
000216a0: dd05 e2db ccfb 0110 d2ed f9fa e3f1 e11a  ................
000216b0: 10e9 3b1b e6fc 100c 2427 1118 efca fd08  ..;.....$'......
000216c0: dffb f0f4 0ff6 dbf4 dcfc fb0f ef1c f0f6  ................
000216d0: 04ed e5fa ec11 fc03 e8e9 f1eb edf8 bf05  ................
000216e0: 1ee5 def8 f909 f604 2c00 1924 07fd f5e3  ........,..$....
000216f0: d5f9 f701 f0bd 1dd9 0a09 d1ea f0db 0036  ...............6
00021700: 2bf1 fc0d e214 c509 fffe 2ef9 2105 ebf3  +...........!...
00021710: f3ed e522 080d eb2f 18f0 040d fbf7 04e6  ...".../........
00021720: 291a e5f2 f405 14f8 011c d80f 0112 090d  )...............
00021730: 1806 dcf0 03d4 f0ee 10ed f406 0c1d 0bf9  ................
00021740: 0ff2 dc0f 25ef fc17 ecc7 18de b8cc 08fc  ....%...........
00021750: ed01 f606 c90b 17fe 01ee 0f37 f5f8 11ee  ...........7....
00021760: 09fc f8cd 2805 faf1 3407 1d22 1830 f115  ....(...4..".0..
00021770: ef37 2b27 d31a ea12 f629 fedc e52a fe34  .7+'.....)...*.4
00021780: 7fcc c2c3 e4e0 0823 dddc f507 eef6 1f05  .......#........
00021790: 0b14 2e1b d2c9 cb11 ffc8 ef1d f810 0bd9  ................
000217a0: 14a3 0750 d835 e9e8 20f0 3232 f407 04f4  ...P.5.. .22....
000217b0: f604 2c00 08f7 0726 1e0f e0f3 0e3d f71b  ..,....&.....=..
000217c0: 1be6 eaf2 1fe0 1913 d5e6 da21 2121 1ee2  ...........!!!..
000217d0: 12cf 1122 fbce 46ff fce9 e1f5 f91a 190f  ..."..F.........
000217e0: 17f6 befc 150b cb32 42dc f302 41d2 21fd  .......2B...A.!.
000217f0: be10 c1e2 eaf1 3c01 ecfe 0f17 fa24 eee8  ......<......$..
00021800: e619 c82b 251b fae7 d4e3 c8ec dc32 e213  ...+%........2..
00021810: 3efc d9e3 f61e 0708 fffd 242d 2a17 d40d  >.........$-*...
00021820: fa14 f2c7 ed0d e2e1 14cc 1c2b 03e2 f717  ...........+....
00021830: 01cc ced6 06fd e318 1d03 0d2f f129 e711  .........../.)..
00021840: d805 1206 020e d11c fae1 45d8 3534 eaca  ..........E.54..
00021850: bd4b e4e9 2abc eae6 f3d4 00f4 e0e6 d30e  .K..*...........
00021860: b113 eef7 12fc 22e0 3adb d30a 321b 6bfe  ......".:...2.k.
00021870: e005 0408 1001 3e25 edd3 fd1a 1008 ea38  ......>%.......8
00021880: f220 0808 0efd a0fe 37f4 61f2 22e2 0648  . ......7.a."..H
00021890: 16f9 06fb e71f 9bfc 0c2f 1afd 1b2f d6ff  ........./.../..
000218a0: 13fe f3fc 01ef fac1 0735 4af1 d760 3ac8  .........5J..`:.
000218b0: d4ef eb20 1620 c936 d8f8 3822 f9cf 03fc  ... . .6..8"....
000218c0: faea 1aee dffe b8f9 1ce4 ed17 3dfb 1a06  ............=...
000218d0: f930 06ec a235 1ac1 eac6 1dcf a1f8 f5c7  .0...5..........
000218e0: d8bf 0025 0620 02d9 183d 11fc 0114 d6e1  ...%. ...=......
000218f0: fc14 30f6 e613 ff24 e10f e3a3 ea09 cdff  ..0....$........
00021900: 203a f2e9 24cc d109 f930 0323 001f 2c6e   :..$....0.#..,n
00021910: 03fe 2c25 d40d f404 482e 0fe8 19e7 ed11  ..,%....H.......
00021920: 110e 0505 f5fb d012 f4e7 fcfc e2d8 f3f5  ................
00021930: f0f1 f0e6 2beb fdb4 f6bf 2122 0125 f0be  ....+.....!".%..
00021940: 1aeb 0d2b 0401 e913 a7e2 ea10 0c06 1212  ...+............
00021950: f3cf ee14 21f8 f010 d8fb 04ec 2918 330c  ....!.......).3.
00021960: 0715 e7d2 2514 220e e105 d6ec 39e8 f4e6  ....%.".....9...
00021970: f9dc 0b25 fdec 0fec c708 f0ce f1cc f5db  ...%............
00021980: 0b15 e3dd d90a 0dcf ed00 203d 0b08 0ee8  .......... =....
00021990: dd0a dc0d 2af6 3f3c 33eb 1f0d 1f29 0b0c  ....*.?<3....)..
000219a0: 06ed 1121 dd18 f432 e62b 0a06 1505 0ee1  ...!...2.+......
000219b0: fc0e 1501 2e18 0de4 c0b5 30ea f5e6 2fd3  ..........0.../.
000219c0: eee1 31f3 0c18 0efb 3814 1dd2 1f1d f6e9  ..1.....8.......
000219d0: 15ef c50e 47ff 3d21 09e5 201e e418 e6f1  ....G.=!.. .....
000219e0: f81a d4f1 bdcf 0429 04f1 0f31 e9e4 c9f6  .......)...1....
000219f0: ed12 18c3 e6ff 00fd 14ec 2900 0804 edfa  ..........).....
00021a00: f713 f8fe eab1 2015 ec17 e2f7 de0d ec3b  ...... ........;
00021a10: 1919 1d01 191d ecda ff06 de07 c6d6 bfde  ................
00021a20: cb00 edfd bd29 fc03 f218 fadd e6fc e50e  .....)..........
00021a30: e12b 06ed ee3f 2a1d 0ed1 f928 ec14 0fc9  .+...?*....(....
00021a40: 0af4 f1ce 04f1 23f5 efe3 dccd 2ef2 01ee  ......#.........
00021a50: e2ce f7bf 06f6 10f7 d4e7 b901 fce2 c33a  ...............:
00021a60: 32fb c800 dbf1 ded2 e424 00e7 15e9 f716  2........$......
00021a70: e906 d4c9 d5dd fd49 1500 f109 d50f 1406  .......I........
00021a80: 01e3 19fd f30a e3f9 d8db 14d2 3a00 e8d7  ............:...
00021a90: dc1a ee05 2219 18d8 c2e4 e8eb ef07 ffd2  ...."...........
00021aa0: effa ea2a e9f4 f1b4 e5bc cdb7 ccfc 13ce  ...*............
00021ab0: 020a 05fa 0607 0d0f eeed fab9 f90c f01b  ................
00021ac0: 1818 3ef0 f5fb e319 30f9 d911 fd19 0538  ..>.....0......8
00021ad0: c21b f2d7 cf04 e07f 0320 f3e8 03fb 14d9  ......... ......
00021ae0: 0b11 9ae3 daf4 cdd6 0ed6 140a ffe9 d723  ...............#
00021af0: 1bf9 d80a 161c f5e4 bf0f e8d4 3d15 eeff  ............=...
00021b00: fbde ec07 05ff 04df 1cef f0d2 ee00 f701  ................
00021b10: 0506 0efc c3ed 1b19 0e12 21fd 032d bfdd  ..........!..-..
00021b20: ea0a f4c9 17ab f4fd f3c9 caff ca1b eb16  ................
00021b30: fd01 0ef5 d500 013d dbec 06ca ccf1 e5ed  .......=........
00021b40: f8c5 e8f2 e955 fecf 09ce f6f2 02e4 eb19  .....U..........
00021b50: 1ff8 f316 31fd e9d5 b3fa 0edd 3411 27e7  ....1.......4.'.
00021b60: 25d0 e400 e9f6 f2d2 efdc f1ea e4f8 d508  %...............
00021b70: e906 03eb 130a 2800 d326 d0e9 f7f9 ed2e  ......(..&......
00021b80: 1526 fa3b fe0d d4fa 1427 e9e8 f6fb 2ff6  .&.;.....'..../.
00021b90: 33e3 1de1 ee0a f512 f80c dcb8 fd0c cbf3  3...............
00021ba0: 2af3 04f7 1501 f115 f9de 0108 180c 4500  *.............E.
00021bb0: f6d8 0c29 ec1a f3fb f3f5 e434 ee13 170d  ...).......4....
00021bc0: bdf9 f61c 0c06 1711 fde9 1394 1016 ec05  ................
00021bd0: 0d3b 2328 1412 5d32 0b16 fb0d acfc 1a48  .;#(..]2.......H
00021be0: 00f8 415f 2cfa e1e9 fa1b 2742 f31f 18fc  ..A_,.....'B....
00021bf0: 00e1 50eb 1f11 074a 352c 1a02 d044 ef01  ..P....J5,...D..
00021c00: 52ec 0cf7 0e0a ff13 02e3 de20 3d25 fc0c  R.......... =%..
00021c10: b9d4 20f3 e908 03fb 1dd4 f417 42fc fc02  .. .........B...
00021c20: dbe3 1810 e7fa 4813 3806 0cfb f8d3 ec10  ......H.8.......
00021c30: f2fc e842 e706 2ff1 06ec 1708 0fe5 fde5  ...B../.........
00021c40: cc23 fb04 2be5 fded 19fb f22c 0f17 c5ee  .#..+......,....
00021c50: 230e 2cc7 332d e72f db32 280c 0d12 07af  #.,.3-./.2(.....
00021c60: ec1b 1f01 0506 060b f511 bd07 311f e4c7  ............1...
00021c70: 0505 eb00 dd0d 130d 20e0 b7da 0be4 fe04  ........ .......
00021c80: f8c0 0af9 f3e0 f804 2604 ed31 e1d2 b2d9  ........&..1....
00021c90: f9f1 09ed f442 f910 3107 2115 2313 0cf5  .....B..1.!.#...
00021ca0: 11f3 df32 faf9 08ea fb18 f9fc eaf9 d1f6  ...2............
00021cb0: 1b11 eeef 1427 e8ff 0dd3 fbef 130b f606  .....'..........
00021cc0: 3df8 1b0b 0408 df06 d201 e6d6 272d e5f0  =...........'-..
00021cd0: 2ff6 00f0 47f1 ef13 e5e6 012b 01fa fc01  /...G......+....
00021ce0: 1e14 fcfa 1005 2917 f117 1206 2a06 0801  ......).....*...
00021cf0: f802 11e3 1a0b 2c01 f714 300a 1cf9 1708  ......,...0.....
00021d00: f2ec fb01 28ec f0da f716 0005 050a 1efa  ....(...........
00021d10: 1df4 f719 2a17 1017 1ffc 0018 0b36 bc2d  ....*........6.-
00021d20: 1f08 04f5 2b1e c3ed 19f9 f3f0 f80a 1907  ....+...........
00021d30: e00d dcf5 dde9 fa3b f4e7 f62a e5e3 0cf9  .......;...*....
00021d40: 0c3a 259f fed1 2902 fdfb fc32 08cd f813  .:%...)....2....
00021d50: ddf4 ea16 16d8 f60d 17c7 00e7 13b8 0c4a  ...............J
00021d60: e106 edf9 2dec 0b2f 250b fc3d e642 06ed  ....-../%..=.B..
00021d70: f50e f10a 1bec d907 c70b 0812 1709 2c0d  ..............,.
00021d80: f5ea f6fb f8d7 e8fa de0c 04ee faf0 fb0f  ................
00021d90: fada f9f9 1705 ec52 3ded e40d 0716 0514  .......R=.......
00021da0: 321c eee0 1ef6 14d1 eed9 1f12 efda ded5  2...............
00021db0: ed16 f5d7 0f34 220d 00df ec0a 210b 26e2  .....4".....!.&.
00021dc0: 100b 2936 1214 b4ce c3fc 091e d22f e613  ..)6........./..
00021dd0: 1c00 280f 040b ecf9 09fd f701 fe28 1cfa  ..(..........(..
00021de0: 09ea 0002 56f5 d913 e7e5 01b1 2cec 0a00  ....V.......,...
00021df0: f8cd cbf4 180e 0507 09fc b9e0 131d ee0e  ................
00021e00: 16f9 1802 f1c4 1a08 13e7 cdda d632 1ddb  .............2..
00021e10: e002 0af3 12ff 09fe 1214 fe54 2237 2cdf  ...........T"7,.
00021e20: 25ff 0204 16f2 d8f7 bb15 e036 e8be cceb  %..........6....
00021e30: ef1e daec 0615 fb0b bfdc 1cfb 2cdf fc40  ............,..@
00021e40: 5516 1b13 0b20 4de8 ee0d aa00 fdda 1b1f  U.... M.........
00021e50: 1b1a 2a1e fd30 1522 100e 10f2 11e7 de01  ..*..0."........
00021e60: e9df 0fe3 fce0 05fa f99f 0d0a 0eec f2f3  ................
00021e70: c9f2 fff4 1231 09f4 03eb 1301 ffd3 ff22  .....1........."
00021e80: e626 faff ffdd dffe e73f 0d0c ef1f d940  .&.......?.....@
00021e90: 03d2 0beb fed9 ef03 c731 f827 14dd da20  .........1.'... 
00021ea0: 1b23 fbb2 100f f740 1e19 f0df 06e7 ffbe  .#.....@........
00021eb0: e6d0 e61f 02d2 05fe d5e0 bff2 e543 ee20  .............C. 
00021ec0: fe0f e908 ccf7 011b 0606 00ee f2e0 d914  ................
00021ed0: 2be0 0529 24f3 eafa f1b8 1f00 01bd bcea  +..)$...........
00021ee0: f0fc e42e 3927 cae2 fbf7 36f1 ecc7 3308  ....9'....6...3.
00021ef0: d4d9 fcb9 5517 181b 0d0d 9f35 eee9 e61f  ....U......5....
00021f00: e5d1 121b d010 fb17 f6f2 02fc e909 f718  ................
00021f10: 34f8 fc42 eac2 e336 f300 f004 17fd fc1e  4..B...6........
00021f20: 13d5 e1f4 2d19 d9af c3f2 18fe f62a 09ec  ....-........*..
00021f30: f702 1cfa 2507 f01c e8d2 d76c d2ed d623  ....%......l...#
00021f40: 092c fb00 29b2 c2fc e9eb 0839 c9c0 08c4  .,..)......9....
00021f50: eedd 07f6 45f8 ddee 04f8 2b17 1f08 f3f6  ....E.....+.....
00021f60: 01fc 3bfa 29e8 f5f5 45f0 221d 2002 bb34  ..;.)...E.". ..4
00021f70: ce30 e8f5 e9dc 94e2 e9bc 1d10 cb07 5f16  .0............_.
00021f80: 0436 2181 f8dd 44f7 0025 cae1 ecff 389f  .6!...D..%....8.
00021f90: e4f9 2d20 0ee8 5509 10c7 d105 fb5f c457  ..- ..U......_.W
00021fa0: df1b 02f8 fb03 c7e7 f4cd 0814 0619 47dc  ..............G.
00021fb0: 2f33 12d6 0330 fcff 0e09 f717 e510 ffc2  /3...0..........
00021fc0: 0dc4 01ec f5ff ea45 e82f ffc7 fef0 d954  .......E./.....T
00021fd0: 3bdd 00f8 f6f2 e2f3 08d4 223b 15e1 f5ed  ;.........";....
00021fe0: 41fc efbe e81b f7f3 eefe c213 0308 31ed  A.............1.
00021ff0: 0715 feec daff b727 27dc 0c0f 1414 052d  .......''......-
00022000: 15ca 07cb f5d9 e717 0001 400c 00e6 ea13  ..........@.....
00022010: 131c 07f1 f9ed ddd3 0bf7 05f2 11eb feea  ................
00022020: fe4b e319 aa25 bf23 27f6 1ee6 104d cf0d  .K...%.#'....M..
00022030: e207 deec fa29 08c7 f13e 040d 03b9 8f0f  .....)...>......
00022040: e806 171a ed10 1f36 ee03 2207 10e4 2211  .......6.."...".
00022050: 1bd0 14ec 0dff 0f03 f831 031f 36cd 1a33  .........1..6..3
00022060: 022b 2513 eafe f9ad 0a25 e6d1 1aed 48ff  .+%......%....H.
00022070: da1e d814 e5fe 06ef e7f4 0224 ed06 df01  ...........$....
00022080: f426 f4f9 0527 dd02 08f6 f4e0 461e faee  .&...'......F...
00022090: e00f d507 cf0c ec08 1f25 37d9 f83e 0108  .........%7..>..
000220a0: fcf0 10fc 3d12 082a e5ee f2dd 16db 2623  ....=..*......&#
000220b0: 2715 0ecf 131c 2312 2103 22d9 ecd3 190d  '.....#.!.".....
000220c0: 09ea ef2b 0502 1feb d732 c5dd 0114 c7e1  ...+.....2......
000220d0: ffe7 e3f4 c216 ebc8 0f10 beef 23f8 c5e0  ............#...
000220e0: 2b2d e202 d2fb 2600 d9d2 f01d 2402 faf7  +-....&.....$...
000220f0: ff04 2831 3fef 1918 e507 f001 e4f0 dbf8  ..(1?...........
00022100: f535 1320 1eef eddf e119 2fe0 e1f5 fe07  .5. ....../.....
00022110: fb03 0704 bffa d9ec f534 0123 19ff 3004  .........4.#..0.
00022120: e7ed 29ce 1236 3c1e 0af8 f630 e816 17e1  ..)..6<....0....
00022130: 003c d5bd 5507 0c27 e9e5 f108 1af4 36cc  .<..U..'......6.
00022140: 1816 03e9 0d08 f7ac f1f0 1c34 15e6 1c1a  ...........4....
00022150: 090e fc03 2e0c f6fe be07 2c2a 36f8 f9ea  ..........,*6...
00022160: ebf4 b7e1 d316 d3a3 f407 d227 c80b e4f0  ...........'....
00022170: ed16 25dd e227 2b05 da1a cf28 d62d f80b  ..%..'+....(.-..
00022180: 031e ed0e 2cfa db15 273d 3907 12f3 d4fc  ....,...'=9.....
00022190: 32ef 0b30 c30d 312d ed5e ed1a f8d4 2ca7  2..0..1-.^....,.
000221a0: fa23 de02 0eec dd0c eb23 c6fe 0fe4 333b  .#.......#....3;
000221b0: 01cc 1815 40fa 22d3 00e2 e5e6 21f7 05e5  ....@.".....!...
000221c0: e6d2 e5fc eb04 ebdb f3e1 22e2 fa2a f9f7  .........."..*..
000221d0: c0df 38f6 fcee 3c02 1f11 02f1 08e6 11d6  ..8...<.........
000221e0: 2a14 08f1 e8f6 3619 f6ff e504 e709 ff37  *.....6........7
000221f0: eeae 0318 d412 133f f82b f302 d7eb e1fd  .......?.+......
00022200: 601c e502 fcde 2415 0206 1230 0c15 011c  `.....$....0....
00022210: fce4 f100 06f5 1cdc 20be 1bd1 2738 25fb  ........ ...'8%.
00022220: 0900 ea07 0fdb 05eb 20f7 e431 eef8 2e16  ........ ..1....
00022230: f8dd ad01 1041 ebf7 d2c3 e9e6 0ce0 121c  .....A..........
00022240: 4512 2cfb ddf7 080f 1500 2d1d 34bc 1af5  E.,.......-.4...
00022250: 0a38 0420 0dfd ef0c 5fd8 e612 ff17 def3  .8. ...._.......
00022260: 0d3e 5bfe 3264 e7cb f008 18c2 1cf3 b0c0  .>[.2d..........
00022270: e5e4 fbfd ff19 c4ea 19ec 4702 da21 15f7  ..........G..!..
00022280: 3607 990b f520 f5d3 1302 f4f7 f413 1bd1  6.... ..........
00022290: 2827 dfff e5e6 0c03 e4f1 2c44 ebe4 ef05  ('........,D....
000222a0: 0838 04e9 f255 10f4 5a1b ed08 d41c f0f6  .8...U..Z.......
000222b0: 19d6 20ca dcf7 eb31 3861 010e e100 d9ed  .. ....18a......
000222c0: 12f9 150c 5af1 fc0f 2224 f5fc 4a9e dde5  ....Z..."$..J...
000222d0: 0505 0e0a b4e4 caf6 2206 11ee f5f9 0ef1  ........".......
000222e0: 1e1f f219 2616 7c35 2395 cdda 0df6 13fc  ....&.|5#.......
000222f0: fd1a f44c f6cc 4c48 33cc f6ea 321d 242c  ...L..LH3...2.$,
00022300: f3f1 e607 b22b dedd 0fff 1633 e218 ec06  .....+.....3....
00022310: cc06 dffd 04b2 f910 f41c f824 d806 f211  ...........$....
00022320: 2613 f1f7 1440 0a12 fe10 15e7 0e0a 05f1  &....@..........
00022330: d835 fefa 4315 f703 d704 3ef9 d8ea 13eb  .5..C.....>.....
00022340: fe56 e511 820d e91e c6ea f1e5 e2fd dac3  .V..............
00022350: 21e6 1afd 1179 2e05 c123 b5aa 32fb db25  !....y...#..2..%
00022360: fef5 ff2b 23ea c314 ff22 f7f7 ef1e 0a0e  ...+#...."......
00022370: d5c5 f3d9 f121 d02b e50d fae1 c313 e42d  .....!.+.......-
00022380: e4e9 0125 e02f 0901 040f cddb d4c9 8fce  ...%./..........
00022390: 17f5 99f8 e60d 00f3 c7b6 0b14 1ccc e8d3  ................
000223a0: 14f8 28f8 bee6 2320 c8da fe03 f811 05b8  ..(...# ........
000223b0: c30c 71e0 fd0a e3d5 d9ff f6e9 f50e 35a3  ..q...........5.
000223c0: 056c de1a 03fc 380a d924 df2b 1afb 1df6  .l....8..$.+....
000223d0: b6db 011f dcdf 1e40 25e7 f0a3 48c9 dd1e  .......@%...H...
000223e0: 16ff 19e4 d5f3 edf0 1d0f fa09 eb81 ec34  ...............4
000223f0: 0ee7 2f30 88c6 4f15 17af 3eea 311a e522  ../0..O...>.1.."
00022400: e7f5 05fc 1cee 2be0 4b07 d411 dc1b 042e  ......+.K.......
00022410: e515 3a10 e829 4d42 0a1f 0aa2 04fd e4fe  ..:..)MB........
00022420: eb3e f1f7 03c5 c307 d8e0 efee faec bfb2  .>..............
00022430: 27f2 f3e8 08dd 1407 afce f3d6 f9b6 faf9  '...............
00022440: 18f2 f418 e218 441f c501 b918 fceb 28e0  ......D.......(.
00022450: 0518 fbf4 f4d8 4b14 03c5 dfc8 df14 ead7  ......K.........
00022460: f3dd 0d20 f7fe da0b efe7 fcc8 f4f5 f1c3  ... ............
00022470: d81f 1ee6 071a 25de ef1a f54d 020c 420f  ......%....M..B.
00022480: f8ee 2736 2c21 c80e dbfe 1bdc 2633 cb3d  ..'6,!......&3.=
00022490: 07e7 0bf9 e9ee 022a a7ea 19f3 01ab f9fb  .......*........
000224a0: 0217 01fd 1014 fa1d ec08 2603 7902 d7e2  ..........&.y...
000224b0: 42f8 0afe 0bdd d016 d1f8 0c1d f9fa f133  B..............3
000224c0: 28d8 250b e202 18f6 1ed9 c609 0bd7 f6be  (.%.............
000224d0: 2be1 ece8 0f20 fe4d 07bb f5a5 5e13 f83d  +.... .M....^..=
000224e0: 021e 220d 4117 ca7b 550f 42ec 150d 21f6  ..".A..{U.B...!.
000224f0: c4ea d7f7 4cc6 1912 d50a ce31 1915 d8c3  ....L......1....
00022500: 050c f016 e33d 293a f914 162c b815 07db  .....=):...,....
00022510: c8ef e2fe f931 f7d5 e7f4 11e6 f7fb 0fce  .....1..........
00022520: cfa1 0b19 16de da45 0c17 e9f5 1a1d eae4  .......E........
00022530: 25c9 16ad 22ed 08b9 9905 e905 242a 21cb  %...".......$*!.
00022540: f2d4 03d2 d6f4 d232 c6e3 00fe 18eb 0026  .......2.......&
00022550: 0018 c6c2 57e3 f2f6 fe13 1bd0 471e f0f8  ....W.......G...
00022560: 0b94 f7f4 4809 2b09 0d1c 31c3 180b 0c1e  ....H.+...1.....
00022570: e60d 0408 b0f3 fb21 01c8 0ae1 1fe6 fefd  .......!........
00022580: 0e02 dddb daa1 efee 0edd e8da fc16 2241  .............."A
00022590: 0cb3 fc00 19f4 2a16 f1e8 da0e f5c3 f28e  ......*.........
000225a0: f308 2008 1314 f4e1 3846 0505 05e2 101d  .. .....8F......
000225b0: c2ef ed1b 4a1a ca25 331e 5535 f724 c7d6  ....J..%3.U5.$..
000225c0: e026 3d25 06f4 46d9 2514 f4e3 3e36 dbf9  .&=%..F.%...>6..
000225d0: 17e0 e733 16f0 fece f527 fbf9 cfe6 e9fd  ...3.....'......
000225e0: b72a d82e 1c1b ea0b 2c16 1701 0407 d7ee  .*......,.......
000225f0: 1417 0636 ca00 04ea 0abf e3d9 ffe0 dfb2  ...6............
00022600: 1c00 0f4c 420d 0fc7 7e13 f738 2dd0 17a3  ...LB...~..8-...
00022610: faee 20f3 ba64 fcee 2e34 c2de 1ae7 ea2a  .. ..d...4.....*
00022620: 004f 3a56 efe1 3fbe 2601 a407 13f0 0ee6  .O:V..?.&.......
00022630: 36e2 da1a 3420 c8fc e637 2109 e4e0 fc20  6...4 ...7!.... 
00022640: 1e24 3bf9 332e 55fc f020 9bdb dc4f 1357  .$;.3.U.. ...O.W
00022650: be29 28ee e8bd b1e1 0242 fe0a dbde c53a  .)(......B.....:
00022660: 03ff 082b 18f5 1cd0 02aa e2ce 140d 44e2  ...+..........D.
00022670: f0b8 951b f21a 10ae 7fe5 d3eb dae0 e7fe  ................
00022680: c6e5 024c 12ed aac1 14f5 2106 0add dfc1  ...L......!.....
00022690: 5109 e5e8 0143 a81c fb04 2811 9eee b707  Q....C....(.....
000226a0: d553 fb39 0121 cb3a da26 fcce 0006 32ff  .S.9.!.:.&....2.
000226b0: efdf 49ef ed38 1d1d e75d 21dc 2f02 07fa  ..I..8...]!./...
000226c0: ec0f e025 ee1d e3dc f007 22d9 010b e005  ...%......".....
000226d0: f5db f9cc f032 0c1d f7d1 15e0 281f 07dd  .....2......(...
000226e0: 02e0 f628 22f9 fe05 0911 1401 00e8 ba18  ...("...........
000226f0: 190c e831 f7fd 0900 1af8 0f18 0008 d829  ...1...........)
00022700: edf3 07f1 cdde 0f17 ead8 1d06 2af7 f822  ............*.."
00022710: 1b70 24f0 0016 c6e8 f3ef 2d2c 16ca 251f  .p$.......-,..%.
00022720: ef17 f6f4 140c 0004 0757 d728 e205 41a6  .........W.(..A.
00022730: f6bb 4fea 0fc0 7c40 fe0c 0e28 dde7 e4ea  ..O...|@...(....
00022740: 021f 1527 0bda 0e39 23aa 21fe 09fb e909  ...'...9#.!.....
00022750: ef57 5f00 c8c1 2000 d829 f4ee e153 e66d  .W_... ..)...S.m
00022760: 4713 9ef3 0d0a 4801 07f2 d2da 0a01 13ca  G.....H.........
00022770: 23ec 1be9 f307 d734 cef2 de3c 051b dd16  #......4...<....
00022780: f8fa dbd5 00fd e031 0514 06fb 0017 f818  .......1........
00022790: f0f1 41e5 f800 1f0f 223c bb1e e0df 0cfd  ..A....."<......
000227a0: e6f7 18f5 0cfa f24f 0226 2323 01f2 88ec  .......O.&##....
000227b0: e0bc d4e5 2ac2 fdef d4e8 e907 10e6 2f0e  ....*........./.
000227c0: 2f2a 02dd e4d2 f3de effb e3ed de17 230d  /*............#.
000227d0: 341f 2205 d6ea 13fc 071e 13f8 c61f 2cc1  4."...........,.
000227e0: e423 191a 05f9 fcdf 22c2 0019 0b11 e21a  .#......".......
000227f0: 21fb 22d0 02ff d700 210e ebb4 ffec f8ef  !.".....!.......
00022800: 01f9 fd25 24f8 2c14 e4e4 f501 d308 12fb  ...%$.,.........
00022810: ffed dc0c ffdf fdfc 0df5 ffcd 161d 002a  ...............*
00022820: e318 fac3 0aec dd36 dee4 e0f3 1814 06fa  .......6........
00022830: d306 1729 e6d5 01f1 ebfa ed46 f1f8 f137  ...).......F...7
00022840: 130b d004 1cfe f627 3bdc 13fe f013 46dc  .......';.....F.
00022850: effc b8ca e81e 242c 33cf ca06 30bc 06d8  ......$,3...0...
00022860: eb16 10f4 fff7 e708 09d8 08ef d2ec e0ed  ................
00022870: ea2d 15db 0fde 1212 3e17 1e0b f8a1 ea0f  .-......>.......
00022880: d5e8 2ce7 2107 1f06 10c5 0cf8 db3a 1bf6  ..,.!........:..
00022890: fb20 fe18 e51a efe8 0118 1016 f92c ff1a  . ...........,..
000228a0: 1bde 0f0a 0eec 15dc 33e6 f1f4 ed34 0c17  ........3....4..
000228b0: 0dec 0c09 1005 181e 05b6 fffa d7c8 fcf4  ................
000228c0: 0ceb 06fc eb0c 15f9 0108 e445 13ea ef01  ...........E....
000228d0: e202 e9ec 1407 d71a 2415 fbf9 e4ee f016  ........$.......
000228e0: 0801 fa2f 2613 c908 08e3 db13 f5f7 e60d  .../&...........
000228f0: e025 fcf6 f122 d817 130a 270d f80c fe15  .%..."....'.....
00022900: 09b9 01e3 fdf1 0ef5 c04a fa0f fdd8 da31  .........J.....1
00022910: e124 040d f01b 05eb e3fd f426 30fd f509  .$.........&0...
00022920: efcc cb01 2919 faf3 f842 1400 da1b ecf6  ....)....B......
00022930: 01f3 d9fb 0527 03df d134 f3ea dddf e593  .....'...4......
00022940: 1af9 f2e0 f137 0a16 e0fe 14dd fb03 e716  .....7..........
00022950: fedf ddcf 0a0b b8f5 e3fa 551f 43fc 01c8  ..........U.C...
00022960: d9e4 daf5 dff6 fbcb d211 cfec 51e1 efd0  ............Q...
00022970: d116 1601 ebe6 f3ec cbd9 fcf2 f72e 00e8  ................
00022980: 08be 0c17 33f7 c238 f8da 322b 0bf6 f61c  ....3..8..2+....
00022990: 1dfd 4340 f5c2 120e 35d0 1023 ff09 0d05  ..C@....5..#....
000229a0: f93c 81b7 e329 6612 17fe 57ee eeb5 e3ff  .<...)f...W.....
000229b0: 1e10 fb19 291f d42a 23ff f5f3 1f16 f0da  ....)..*#.......
000229c0: d722 dfdb fffc e815 0710 07d4 1112 cde0  ."..............
000229d0: 05eb f1f0 0ced 0eeb 0cf2 e324 3411 0f08  ...........$4...
000229e0: 072a c8f0 d72c f9f9 d7f8 feb3 2019 d9d0  .*...,...... ...
000229f0: e6f8 01f1 18d6 0af1 0bf6 cf04 f90a fdd8  ................
00022a00: 1226 dffe ead7 f4eb f822 f4f8 003b d328  .&......."...;.(
00022a10: fef0 00fd 23fd 1503 f406 18fe 32f7 0ff9  ....#.......2...
00022a20: 1b08 190d 0ef1 1427 2705 090f ea0d 380d  .......''.....8.
00022a30: 1300 ea04 fd4a ffed 0d53 fef9 1708 0ada  .....J...S......
00022a40: ee1a efd4 0215 0ef5 3627 faf9 c6fd d9ec  ........6'......
00022a50: eddb fa08 1f0f 3b02 0bf8 f309 f2ec f70c  ......;.........
00022a60: 0912 3b2c bd19 c703 f0f7 2312 e407 fd04  ..;,......#.....
00022a70: 0506 1adb 0110 c30d d81d ccf5 110c f902  ................
00022a80: 362c 1a41 e5f6 c605 231e 2544 dff4 ff04  6,.A....#.%D....
00022a90: 29fb f026 1deb 0ee7 cde6 1ef6 fcba df1f  )..&............
00022aa0: ff1e 100e f1e4 1cda ef21 dfde 05ed 222d  .........!...."-
00022ab0: 12e0 ee02 1a0c 4034 fcbd f5ff 02ec 0be2  ......@4........
00022ac0: 21e2 2508 cd12 d90c 05ee 0935 3d1b 1e0e  !.%........5=...
00022ad0: dc05 2c1f ea06 061f fcf6 26d6 11fd f6d6  ..,.......&.....
00022ae0: f6fa cd01 0b0d f900 26ea f1c0 2af0 e6d0  ........&...*...
00022af0: efea 0b00 1ef8 f113 e803 0efd 05f8 d6ec  ................
00022b00: 0210 0d41 fff5 44f7 04df 0c36 e7f1 2115  ...A..D....6..!.
00022b10: efcc f614 05e2 1948 1ce1 d607 2f22 2be3  .......H..../"+.
00022b20: f6ec 1135 04f2 1c05 321d faee 000d 2541  ...5....2.....%A
00022b30: 0121 fced f51a 2007 da1d 0cfa e10d 0905  .!.... .........
00022b40: fe42 c6cf e40d ff15 67fe 1b1c 0e40 24f4  .B......g....@$.
00022b50: fae8 4533 f124 00f4 0cf1 ffed 2866 0a0c  ..E3.$......(f..
00022b60: f2f4 41fc 1247 4ad4 182b 0d41 ddd0 0b1b  ..A..GJ..+.A....
00022b70: 3fd8 f9de ee03 69d7 26fa de08 0be6 d914  ?.....i.&.......
00022b80: 1b00 3e1e 2714 df18 e4c7 e41c fd3d ba3f  ..>.'........=.?
00022b90: ced3 02eb abee ede4 cbe5 1829 0afd 0ddf  ...........)....
00022ba0: dff9 cf16 fc11 1aff 48e8 0cfb c5ee 2903  ........H.....).
00022bb0: 05fa f6d2 03fb 0be1 1d0a 0626 eeca fe36  ...........&...6
00022bc0: 1bca 32d5 0efa 39e4 f4bf 070e daef dec2  ..2...9.........
00022bd0: 0d0b 38df 17de 4aed 54c5 3a1a 05de b754  ..8...J.T.:....T
00022be0: f14b 0414 34fd 26f5 0ae9 17ff 1755 57ce  .K..4.&......UW.
00022bf0: de0e fa24 32e3 db19 d51e ccca 1f48 f721  ...$2........H.!
00022c00: 1c13 2628 22f2 3cff 2f17 2af6 0803 301d  ..&(".<./.*...0.
00022c10: f6b4 0243 05e6 2efc ec16 030e 0dd7 010b  ...C............
00022c20: 0053 f9f2 ebd9 f228 b900 dc1c 04fa f3db  .S.....(........
00022c30: 0a01 0422 4b01 2920 1214 f022 32fc c119  ..."K.) ..."2...
00022c40: f6e7 0718 fc34 fe28 0cf0 e7cf 08f6 f1d6  .....4.(........
00022c50: 0c04 e508 08e5 0e17 f227 fc0a 37f6 ca27  .........'..7..'
00022c60: 40ec 14dd 0f29 2828 2f2d ce30 e1c3 1e06  @....)((/-.0....
00022c70: 2114 e314 1423 1f10 e3da d138 1dd1 07bf  !....#.....8....
00022c80: e9da 45ed 18ed 1810 233b ea1c d20d 97d7  ..E.....#;......
00022c90: fc19 eb12 de24 b832 e3ed dd1e fa2b f3dc  .....$.2.....+..
00022ca0: dd21 e5f5 b830 edf5 fb04 36fb ccec b8cb  .!...0....6.....
00022cb0: f22b c62e 1336 bc0c 2ef9 00f2 dac9 f3b3  .+...6..........
00022cc0: f21e 27fc 4b0a 8107 1d0f ed28 1c02 01da  ..'.K......(....
00022cd0: bf14 263b 052b 13f2 f0ff fd2e 1921 d5bd  ..&;.+.......!..
00022ce0: e224 011e 25db d220 f819 040b f7dd 2044  .$..%.. ...... D
00022cf0: 1722 2f35 2730 3d31 e030 ef19 bd3f 259b  ."/5'0=1.0...?%.
00022d00: ec51 c3f0 ab3d e801 f142 0a5e ffdd 01c9  .Q...=...B.^....
00022d10: 2cef d615 08dd 09dd eb25 15e8 0ef8 d943  ,........%.....C
00022d20: fcea fee5 c717 322b 2d26 d0f3 2510 c81b  ......2+-&..%...
00022d30: fe04 311b dad7 e201 1760 ec0b f2ea 00bf  ..1......`......
00022d40: fdfb 0722 f0fc be22 b8e4 e200 fe0e c6e1  ..."..."........
00022d50: 0bdb d507 2bf9 3504 1d0f dd17 fd15 0333  ....+.5........3
00022d60: e608 cbc6 e7ec 2e13 432d e731 ea3d 103b  ........C-.1.=.;
00022d70: d202 16ed 0509 0fdc eaf2 16d8 f6f2 0109  ................
00022d80: e828 df14 d3e9 edca f4f1 c3e6 fd05 200a  .(............ .
00022d90: bbda c8ef effb 34d1 f2fc 1bd5 40d2 fd04  ......4.....@...
00022da0: fbd3 c2f8 ddfc f712 051f f9d7 17c5 1afa  ................
00022db0: 2c98 c6fd dbcf 18f0 2ac1 2207 f6df 230b  ,.......*."...#.
00022dc0: dad8 d706 c046 b601 ea2a 0418 f53c 1e16  .....F...*...<..
00022dd0: 15ea 2ab4 fb19 35ed 2cd9 c7c6 3a14 dedc  ..*...5.,...:...
00022de0: 2054 34e3 3a00 02ee 1e21 2b06 100e 2101   T4.:....!+...!.
00022df0: daec f2f3 09fd 3004 b3fb f5dc 0f23 190f  ......0......#..
00022e00: e49e bec4 ddf0 f1ad d127 e8ff dfe1 cd17  .........'......
00022e10: cc03 dc08 4639 19ba fc9a 05d9 43e7 c325  ....F9......C..%
00022e20: 06d8 50f0 0c0a f108 dbc5 a9cc cdf0 13dd  ..P.............
00022e30: 0df3 1dc3 f121 45f8 f1b8 de26 f724 0798  .....!E....&.$..
00022e40: f632 32f1 f80b db2a f8a8 24f6 ddf2 0e1b  .22....*..$.....
00022e50: 26fb 38db 2a3f 1022 04f8 00ea beb4 0810  &.8.*?."........
00022e60: 090f 15b2 2d39 1ec5 d017 ffe8 e01a 13f6  ....-9..........
00022e70: 2342 fb1f e9f6 322c 39ee ee21 e214 f4de  #B....2,9..!....
00022e80: 26c8 1515 1ad5 05f6 12f4 fcd6 fed0 fa07  &...............
00022e90: b7e3 29e3 fd10 f619 1b13 f517 1302 2012  ..)........... .
00022ea0: e525 2ef7 0212 2215 0615 07f5 16dc fdfe  .%....".........
00022eb0: 1606 1e35 0c06 0dd1 fb13 074d f9f6 c40c  ...5.......M....
00022ec0: 2a25 f1f7 e01e 21f0 10e8 cb0f 0ef1 17fd  *%....!.........
00022ed0: 1f04 efff 200b 2bfd 03fb e906 06df 0b15  .... .+.........
00022ee0: 0e15 103f f01d 4624 dc13 4016 b222 01dc  ...?..F$..@.."..
00022ef0: 07f1 f1e0 0233 e913 d52b d201 073a 0553  .....3...+...:.S
00022f00: e3fe 0606 0cfd fe03 1cc4 eecd 4cec 6100  ............L.a.
00022f10: e1da 3a04 28fb 2fe7 1e01 140a 3303 ee20  ..:.(./.....3.. 
00022f20: f113 f659 a515 1121 0bdf 47bd ef14 f2e0  ...Y...!..G.....
00022f30: 0619 d80d ffd1 f8fe 0100 fd03 1bbb 1219  ................
00022f40: f135 2f04 22e6 e00a fb07 b4e9 4410 1ffc  .5/.".......D...
00022f50: f125 3b2c f218 08e7 e6fb 01dd 15ca 1ae7  .%;,............
00022f60: b90b fe07 4918 1657 bc23 0918 f01a f501  ....I..W.#......
00022f70: 281e 0afe 1705 1923 0f0e 0419 f410 01e3  (......#........
00022f80: 1ff1 3cb2 0bdd 0328 df1b 44f0 f5fc df42  ..<....(..D....B
00022f90: ef17 3801 c00d 0f15 1bf5 1627 1d38 d517  ..8........'.8..
00022fa0: 0f31 0921 1e16 fe1d fef0 1def e011 1b0f  .1.!............
00022fb0: 1223 f52d 17e5 0303 b0e3 38f3 0a41 c0f7  .#.-......8..A..
00022fc0: 400c c71c e922 f4c3 2df4 f8f8 25cf fef4  @...."..-...%...
00022fd0: 08c6 af02 ea1b c309 02ff 48d9 db37 fde0  ..........H..7..
00022fe0: 0b08 31f2 fd1d 1df2 b9f3 07c9 0614 e8c6  ..1.............
00022ff0: 2ec7 11ff 4220 fcfc e40e e2f5 e729 e8f7  ....B .......)..
00023000: f0f5 fbf2 2507 1f37 d0f9 361a 1cf4 5025  ....%..7..6...P%
00023010: 22de ce2c ccd2 f7e3 fc61 0d29 05d9 0f37  "..,.....a.)...7
00023020: 26cd e2ae 1418 c3f0 c9cd 1227 a3f1 d31d  &..........'....
00023030: b523 e00f f124 2be4 20fc fb2d 19ea cee9  .#...$+. ..-....
00023040: 2c01 e714 2fed f00f 0319 1ad9 bbdc c4e9  ,.../...........
00023050: 374d ecd5 f4c0 dd21 cc01 2312 ceed f81b  7M.....!..#.....
00023060: 28b2 2101 0004 9d50 23f9 1ef8 0f14 0ee1  (.!....P#.......
00023070: d01c a121 f0b7 cc13 a9c4 fd01 cd17 4713  ...!..........G.
00023080: 162d 14e7 d8d8 df01 2900 2c0c ed26 18ba  .-......).,..&..
00023090: 0928 0d12 d9fd fdc2 0bfb 03b3 faf0 9a3b  .(.............;
000230a0: c750 fbe9 0ae6 c3e3 0fce f1ce c10c 1a32  .P.............2
000230b0: 2ab7 33e1 a621 70d4 cb0b fa05 d7fb 0dd5  *.3..!p.........
000230c0: 01d4 e3f4 0411 cc13 ea17 1de6 ecf7 d2ee  ................
000230d0: dd17 f4e8 0b1b f130 c912 1004 d6e2 121b  .......0........
000230e0: efdf 0b0c 14ff ed1d 08f7 08d6 df4a 48fa  .............JH.
000230f0: d3e7 14f8 f1e8 221b fa22 e6fc 0ff9 adee  ......".."......
00023100: 063b 1f1f f9c6 0d11 1119 0ef0 521a def9  .;..........R...
00023110: ce06 0f42 09f1 e5cf 1b09 f71c 2c20 17f4  ...B........, ..
00023120: e13b 340a fc21 3708 08d4 041e 2e0a 0def  .;4..!7.........
00023130: e0e5 c316 b5f6 0f57 e3e8 29d7 f4ed ca36  .......W..)....6
00023140: 25d6 14e1 d5fc 4021 e735 fb09 31f1 d30a  %.....@!.5..1...
00023150: ccf2 cadb 45d3 d71c 7f23 1507 222f f5f0  ....E....#.."/..
00023160: e0eb e30d 303c 0e10 fa03 f4df 0308 1dec  ....0<..........
00023170: 1bee 0511 dece 100b 0af2 d61b fade 12d2  ................
00023180: c1e7 bbf0 ccd2 f9d1 f03b cc29 f4f4 ea09  .........;.)....
00023190: f91e e6cd 0c36 0a26 f913 1cd3 1910 ee0f  .....6.&........
000231a0: 2df5 a4ca f6de 180b 5910 2fe7 20e8 1ac6  -.......Y./. ...
000231b0: e219 c61d e516 2e1c 00f6 deee fe1c 1714  ................
000231c0: c312 1e06 ea1b f506 1927 1d06 f91e c2e3  .........'......
000231d0: e417 0afe f1f9 0ff1 2f0c 2500 0537 5105  ......../.%..7Q.
000231e0: f519 30e9 2ef7 dcd1 b3b4 bffe f101 f4a7  ..0.............
000231f0: 0147 293c 1002 100a ef07 d8f4 0c24 f731  .G)<.........$.1
00023200: 08f1 e202 1fea 3c2a 0846 fe35 fe36 f3ec  ......<*.F.5.6..
00023210: d426 ebbf 0a00 d31d 52e0 eea7 3631 2318  .&......R...61#.
00023220: fbe0 4d11 4811 1092 11a7 0c11 14f6 efd9  ..M.H...........
00023230: 3d2c 1b03 03f8 cbf3 3162 da16 140b f8e4  =,......1b......
00023240: 1d30 090e 2809 fc23 c407 2722 292a 09f8  .0..(..#..'")*..
00023250: 260f 15ff 19fb eb12 2c3a de14 36f2 311f  &.......,:..6.1.
00023260: 0fd3 f7df baf2 1f01 0f1a 151d f632 46bd  .............2F.
00023270: d11b ecec 7710 eefc 0bc4 3ff1 9bf2 0528  ....w.....?....(
00023280: d03a f139 0bfe 8143 ea1c f25e c7f4 1ac6  .:.9...C...^....
00023290: 04d1 080b 5102 d2ec f13a 0cc5 4ef0 fc23  ....Q....:..N..#
000232a0: 0fe2 0422 0d13 d1e2 0d2b f9f1 f542 25ef  ...".....+...B%.
000232b0: 2a07 afbb cf2d de23 d819 cb35 fcfd 2019  *....-.#...5.. .
000232c0: 0ee8 20ef e204 46e0 d821 e804 f134 010d  .. ...F..!...4..
000232d0: fa1f effc 0d1a f13b 2228 fefc 161d ff06  .......;"(......
000232e0: dbef 1a3a d4e4 0c02 0017 da3e 3bc9 06f6  ...:.......>;...
000232f0: 3411 dfdc 07cd bc3c 164a f40e f83b c43b  4......<.J...;.;
00023300: eb16 1c33 e1df d90e f114 e216 05ec 5102  ...3..........Q.
00023310: 0f0c b6df f331 bfbd dccb 2e54 cce5 96f7  .....1.....T....
00023320: 2126 13cd 93b2 5e10 0c38 d64c e004 d4af  !&....^..8.L....
00023330: d100 3dfe 05a2 1f23 0d1c 1509 d11a c908  ..=....#........
00023340: 03e9 0f16 2425 e6d1 291f f728 f8e2 ffe6  ....$%..)..(....
00023350: fd29 db2a 3401 173f e749 07ec b750 0765  .).*4..?.I...P.e
00023360: ca24 25e2 0935 ecb7 f2df f104 26fc be09  .$%..5......&...
00023370: e0ec 8847 25db c714 06bd 4e0b 1693 bb3d  ...G%.....N....=
00023380: 0edf fd5d 29ba 0e9e 1bff 2d38 f6ca b7c5  ...]).....-8....
00023390: db26 e6f2 fcce f2bb de98 eb6d db0b 34fa  .&.........m..4.
000233a0: ee50 0aee 19ce 2eee 1ae8 04e2 46f9 d108  .P..........F...
000233b0: e00d d4d3 3623 47ee af2c 08c7 ca0a ec28  ....6#G..,.....(
000233c0: 161c ede1 eb2e 1fe2 0400 e836 1a19 0c25  ...........6...%
000233d0: b411 f515 fb08 0beb b0f4 e9ed 2e49 0665  .............I.e
000233e0: 48ca 0f8f 4212 1509 fdc9 4de5 07ea 96f4  H...B.....M.....
000233f0: f84d 25fe 02cb 14e7 2344 c541 5dd1 cc29  .M%.....#D.A]..)
00023400: e201 11f5 dcc1 c1f7 e30c ed0a 1118 0014  ................
00023410: 0ae3 efcc 38d3 fb5b 0816 fc0d fa3b 10ec  ....8..[.....;..
00023420: d4fd 21ca d555 04fc f008 04ca d806 cde3  ..!..U..........
00023430: ce05 f6f2 11da 15db f223 bf0a ede6 05a6  .........#......
00023440: 0119 effa 30fe 15e2 1f32 102f fb29 fcf6  ....0....2./.)..
00023450: fc19 0429 9e38 0b04 dbee f6c7 b5b8 0214  ...).8..........
00023460: e402 2dcb fffa dbda ff28 f21b 08e5 2007  ..-......(.... .
00023470: 173b 1838 eafc 1601 2cd3 60df f332 d205  .;.8....,.`..2..
00023480: fddb 2913 0b1d 22ef 391e d418 c517 f61f  ..)...".9.......
00023490: 3008 f9b6 eecd 055f dfeb e73c 2335 cb02  0......_...<#5..
000234a0: 00c4 bdf0 22d9 f490 fb37 df5b 2deb fdef  ...."....7.[-...
000234b0: a8cc 1bf4 54ae fe3c 0127 d61b f82a fb17  ....T..<.'...*..
000234c0: 360f d5ed 1cfb 3d06 b1f4 f7f0 f713 7014  6.....=.......p.
000234d0: d2fd e9e9 65e3 1f6d 122b f6de f81f 2aef  ....e..m.+....*.
000234e0: 6be9 9312 0f0b 2100 c503 2b08 c4ea fbf6  k.....!...+.....
000234f0: d1ca 151d 02dd 4907 c501 c302 f52a 22ef  ......I......*".
00023500: 00ba 0a44 cd23 3607 10d6 0d18 3529 1e40  ...D.#6.....5).@
00023510: 0ef8 02fe e434 14f2 0df7 1a18 401f ebf9  .....4......@...
00023520: 05cb b348 bce0 fc1e 11eb 170a c9ba ce04  ...H............
00023530: 2cfc ce03 1cfb 30f0 db03 19e2 dff5 12f6  ,.....0.........
00023540: 11f8 21df d1b5 3bf2 f6fb c114 d2f2 f1ab  ..!...;.........
00023550: ea09 04dd df08 2013 1d81 36c0 0913 0c2a  ...... ...6....*
00023560: f1df fbfe fde0 e01f d725 0fce eaf8 072c  .........%.....,
00023570: c30e dfff 10dd 0f0b d900 b022 042f 28ff  ..........."./(.
00023580: dafc 210c f7f0 e79c ed22 eb0f f5fc b3e4  ..!......"......
00023590: 12ee cdf0 302e 040f dccd b7fb e9d1 080e  ....0...........
000235a0: f4e6 dd06 0115 f5db e6d4 9bf4 f406 0bc6  ................
000235b0: ed44 f0f1 0327 191d 19dd 0921 09ed f2d3  .D...'.....!....
000235c0: ec19 0214 04ee 04ff ce32 16fe ceff d335  .........2.....5
000235d0: f213 fa16 dfe3 16bc 33eb ccef 1cfb d72b  ........3......+
000235e0: 2ef3 14ea 2b15 cc02 1005 f631 f322 2601  ....+......1."&.
000235f0: dad3 101b 34e3 c60a 24aa 1713 f438 f93b  ....4...$....8.;
00023600: eaea 0700 1907 20f2 4422 2129 280d ea16  ...... .D"!)(...
00023610: e4ec 9ed3 02ed ee04 fcb3 dde4 22f8 dc06  ............"...
00023620: 10fd 27fa 2b2b fa11 4ce9 190e fff5 e80a  ..'.++..L.......
00023630: f5f7 0df7 e60e 0bc8 f0f6 1226 091a 210c  ...........&..!.
00023640: 020d 0eff e12d ecfd ec20 f608 c816 ffe7  .....-... ......
00023650: e7fd fb3b e126 00fc fa1e 12e3 0813 8402  ...;.&..........
00023660: 131a 0afb dab8 1613 13e1 210c 05d3 c439  ..........!....9
00023670: 3a18 1c13 efe5 eefd d416 ecde 1e14 f5d7  :...............
00023680: eee0 f121 2a03 d0fb bec7 180e e727 04fa  ...!*........'..
00023690: 28eb 3b31 10f2 d0dc f10b fcf2 5211 0928  (.;1........R..(
000236a0: ea09 f10f f714 fe37 d410 e914 dafa 0a2d  .......7.......-
000236b0: ddfa 1acf 07ed 080e cc0f e8d9 1af5 0ec8  ................
000236c0: 0dd9 e9f8 d5bd d40b 1ef1 e810 ecf8 f000  ................
000236d0: f3d9 0d00 0af4 0bea bc13 26de dded 02b4  ..........&.....
000236e0: 5e1b e42a 0327 d0b1 44ed 2ced 0c17 d0eb  ^..*.'..D.,.....
000236f0: 292b 0ff1 db4e f4b9 fc0b d7e2 02e2 f829  )+...N.........)
00023700: 39c1 0423 f601 29f9 29e1 f5ed baf3 192e  9..#..).).......
00023710: c518 1df8 a3b0 10ce 19cd 381e 2417 1918  ..........8.$...
00023720: 1ad8 041b 4cf7 20f0 4be6 f1fd fb32 b121  ....L. .K....2.!
00023730: e2ee 2ab3 42ef fd09 f716 eb02 22f5 bcea  ..*.B......."...
00023740: eb0f cdf9 3607 060f e3d3 f0d4 2de3 2ecb  ....6.......-...
00023750: 40e8 1c18 d50e 28f1 01fe cd55 1aea d11c  @.....(....U....
00023760: 2b0d ddca d9f1 d12f 00df ed04 32ee c70d  +....../....2...
00023770: fc1a e4e7 f528 23dc 4915 e6fc 3a0e 2cf0  .....(#.I...:.,.
00023780: 19fe 03d6 1a0b fbe4 d7c4 4720 f8ff 2ebe  ..........G ....
00023790: 9c10 ed23 fd0f af33 d0b7 4020 02ff dfed  ...#...3..@ ....
000237a0: 090e 44e8 0009 0926 dc1d e7f1 0907 13bf  ..D....&........
000237b0: 0321 ff0e 0c22 ec1b 21ef efd1 caf1 0527  .!..."..!......'
000237c0: fe16 0534 eb1a 1c23 10c4 0a2d 2ffd edfa  ...4...#...-/...
000237d0: e6ee 08f9 cbe4 c8fa db14 0a9f 32f4 d4d4  ............2...
000237e0: 1a06 2004 f518 e3c9 e412 07d5 e4fc f5d9  .. .............
000237f0: 1cfb 3b2d 2d2e e3db 010d 1933 1d1a e204  ..;--......3....
00023800: fef8 1dd3 26f5 fc0b 5832 f2f6 f9ce eceb  ....&...X2......
00023810: fd3f 19f7 f700 fcfe e8b8 31d9 00f6 22bf  .?........1...".
00023820: d300 07d1 0d12 e3e9 26f4 0049 dff7 ebd6  ........&..I....
00023830: fa32 26de 1fb3 fc17 2524 fe11 082f 1c08  .2&.....%$.../..
00023840: 3e18 1ada 25d3 d134 27fb e1e2 0ef7 0e16  >...%..4'.......
00023850: 282a fa10 27f4 1419 e6fb 39e9 fcf8 0823  (*..'.....9....#
00023860: 0030 05e6 0517 0606 0711 c2ef 33dc d9c4  .0..........3...
00023870: 0d04 f1e3 21db e4f5 18ea 09e8 06c7 24ed  ....!.........$.
00023880: 1208 e10f eff8 f700 c9d0 f729 1605 17ea  ...........)....
00023890: dd04 0322 241c 0dd0 1203 ff2e 05e6 06de  ..."$...........
000238a0: 192b e7e8 212d f434 f7e3 d51d 15fb 2d02  .+..!-.4......-.
000238b0: 05db fdfa 0509 ffee ed1d 2be5 edca fcd1  ..........+.....
000238c0: fc20 2105 360b 0b23 e917 eae3 e9de cf1a  . !.6..#........
000238d0: f211 1224 0ff4 e10b 401c f1f4 0dd2 fedb  ...$....@.......
000238e0: 162b 1034 13f6 ebeb 1610 0415 15d2 f1dc  .+.4............
000238f0: 25ef 0c1d 07c9 e516 df2d 16f5 ed29 01e8  %........-...)..
00023900: c9ed 2ee1 0b01 d305 f804 d4dc daef cb03  ................
00023910: 1839 d9bd f2ed eff4 e5dd 05a8 0b30 f307  .9...........0..
00023920: fceb 122f 16eb 06fe f9c1 1bef 01c2 21d0  .../..........!.
00023930: e82c e3de 061f 020e ea1a f3c2 0f22 0be0  .,..........."..
00023940: 04d1 12fd fbfb ffef 442c 06f9 1bf9 ea12  ........D,......
00023950: d209 dce7 cf2f d6e8 d4e1 f60b e30d e7dc  ...../..........
00023960: fbed fd11 08d2 d5fc f003 e7a7 1404 1ade  ................
00023970: 200e fd0f 312b 3207 092a 2d01 070a 0116   ...1+2..*-.....
00023980: cefe fbef 0ae9 def7 fdeb 1a15 f5d1 01d9  ................
00023990: f0fa d115 3002 f813 f7e4 05b4 23f8 0619  ....0.......#...
000239a0: 0c22 08f7 0bea ee02 10c8 dd06 e211 d1ce  ."..............
000239b0: deec 1917 c123 dc21 e3d0 f12f 2d10 faf5  .....#.!.../-...
000239c0: e1e7 07e9 e612 1332 050c 05f9 f2fa db12  .......2........
000239d0: dfd9 f4f8 04eb 1dfe faaf fef2 ea19 0608  ................
000239e0: f004 e41e e820 18e9 0301 f750 4511 f905  ..... .....PE...
000239f0: 26ff 2be9 e4ff 0623 f5e0 d315 06ee eb3f  &.+....#.......?
00023a00: 2702 c1e4 1507 1d09 38e6 121f e4e5 3dea  '.......8.....=.
00023a10: 0406 2a01 ee0f 52f7 0bd7 d81c 53d4 d010  ..*...R.....S...
00023a20: dd2f fb06 2ff0 03fb e5fe 15da 3700 1ed3  ./../.......7...
00023a30: 0716 3227 1d09 d8e2 f7d0 d0c7 15e5 1c5d  ..2'...........]
00023a40: efe1 ec0f f5cf 58fc 4af3 1e27 fadf 0b13  ......X.J..'....
00023a50: 51e1 dbe3 40d3 1af9 10ea 2657 eaee ef08  Q...@.....&W....
00023a60: 2c16 0128 c2f7 fefb e409 0ff4 b315 b281  ,..(............
00023a70: f5cb d3cd 36dd 07f3 1922 02e7 f1e4 073b  ....6....".....;
00023a80: e71c 0ffb 1905 05df bddf f6d8 e623 f9e1  .............#..
00023a90: f9ea 3104 d2e6 d490 f2f0 e80e d8ec e103  ..1.............
00023aa0: 3ce3 e315 ea1e 20e6 17c6 f8f3 1606 d5f2  <..... .........
00023ab0: 2e0e 07d9 f5e6 f4fc 27ea 25f6 31f9 c00f  ........'.%.1...
00023ac0: 03f8 ce8a f9d6 1ef4 3124 0f14 0f0a 0907  ........1$......
00023ad0: 0224 3321 99da fa19 3c1a 0d04 0fe8 0420  .$3!....<...... 
00023ae0: 10fe f1f0 0d23 4f0e c0d6 0b02 eb22 1ee7  .....#O......"..
00023af0: 0e2f e6f6 d9f7 e622 fcf7 fdf5 2411 fcdd  ./....."....$...
00023b00: 0910 1814 16e5 d3fe 0bf7 2bfd e6d7 15f7  ..........+.....
00023b10: 0005 2a03 172e 08ee f90c cdf4 19fd 0e28  ..*............(
00023b20: 0019 fce8 3e13 0c21 e904 10d7 48f9 1d2b  ....>..!....H..+
00023b30: 4205 e716 f9f8 0114 11f9 0733 d64b bfeb  B..........3.K..
00023b40: 3b1f e502 06cf 2cfd fff4 0409 dc1d f01c  ;.....,.........
00023b50: 0a13 f624 0101 dde1 d920 020d 0b03 0ee5  ...$..... ......
00023b60: 2223 fd27 5ec4 e4ed 0e0c 0115 defc 0fe4  "#.'^...........
00023b70: c3fe 181b 0323 2b07 2a11 d911 fc09 2a0c  .....#+.*.....*.
00023b80: f8e0 0802 f725 db3a a104 de0a cf4c d722  .....%.:.....L."
00023b90: e7d4 dae7 3fca 2826 dc11 03ff e307 5406  ....?.(&......T.
00023ba0: e5e9 f0f7 c033 4d29 0d10 f214 db0a 04ba  .....3M)........
00023bb0: e700 e61b e643 fc11 fd2d fe23 1922 0914  .....C...-.#."..
00023bc0: f60e f742 021a e43b 0332 e7f3 f609 ab0e  ...B...;.2......
00023bd0: 071c 001f 0fef f208 ce19 df31 ea04 10ec  ...........1....
00023be0: 0103 ec0f 0324 0210 f11d fe07 1fdc 3e15  .....$........>.
00023bf0: fde4 df0e 33f7 e925 09fb fb1c da2a 191d  ....3..%.....*..
00023c00: 29f8 23fb f316 02eb 26f9 f429 11db fee9  ).#.....&..)....
00023c10: 0ec5 ffff 0400 0000 c000 0000 65ea ffff  ............e...
00023c20: fa06 0000 4d06 0000 1ee6 ffff 8d0c 0000  ....M...........
00023c30: fe36 0000 0930 0000 320b 0000 f1fe ffff  .6...0..2.......
00023c40: f5cd ffff 3a02 0000 ff33 0000 a4e7 ffff  ....:....3......
00023c50: 8e35 0000 5309 0000 83e2 ffff 5d27 0000  .5..S.......]'..
00023c60: be29 0000 df43 0000 4731 0000 8518 0000  .)...C..G1......
00023c70: b2fa ffff abe6 ffff 8e1b 0000 f80f 0000  ................
00023c80: cf26 0000 d10c 0000 eff8 ffff 0317 0000  .&..............
00023c90: bf10 0000 0ced ffff d319 0000 671b 0000  ............g...
00023ca0: 6505 0000 7707 0000 a102 0000 6a11 0000  e...w.......j...
00023cb0: cf26 0000 7100 0000 8b38 0000 da3c 0000  .&..q....8...<..
00023cc0: 4df1 ffff eb07 0000 9514 0000 461a 0000  M...........F...
00023cd0: ee4e 0000 632b 0000 f110 0000 dac5 ffff  .N..c+..........
00023ce0: 0400 0000 8028 0000 eede 0f2b 11c3 fcaf  .....(.....+....
00023cf0: 0306 31fd 1a30 dfde 0011 22d9 1a03 0919  ..1..0....".....
00023d00: f610 d51f 3c09 3301 343f aeef 0caa 2420  ....<.3.4?....$ 
00023d10: e605 f9f8 db02 10e0 a608 0340 d7b5 2433  ...........@..$3
00023d20: 7cd6 e0c4 24cd 6616 ee0b 1d54 0b01 54f9  |...$.f....T..T.
00023d30: 9fe6 b7d9 fb06 3df7 08f4 defc d5df c43c  ......=........<
00023d40: fb16 d9c0 dcf5 e1d9 c0e4 ee32 274c d6de  ...........2'L..
00023d50: d8e3 0e03 1394 121c 4565 cf3a f8c0 fdc8  ........Ee.:....
00023d60: f6e8 edf6 0c11 2bff e5f5 ac54 f61d bef8  ......+....T....
00023d70: 2ec7 d40c 0105 0f09 212a c2e4 3725 38e7  ........!*..7%8.
00023d80: f10f c844 2f2a 0a44 cae2 cfe7 2123 2404  ...D/*.D....!#$.
00023d90: b1b5 0903 6b0d 0725 14ea dde3 050d 13e1  ....k..%........
00023da0: 0be1 360b 4cf8 f924 a122 3194 cabd 2ff6  ..6.L..$."1.../.
00023db0: 0800 4c81 6135 bc33 edab f218 dfbb 41e9  ..L.a5.3......A.
00023dc0: a49a f8f6 09ce 2124 3a1a 2a49 29df 3d00  ......!$:.*I).=.
00023dd0: 16ce c728 59fa 43cc d406 3ccb dd1a 04fe  ...(Y.C...<.....
00023de0: 37d6 4901 3c18 d20f 45d3 2128 c3f5 ef0a  7.I.<...E.!(....
00023df0: c5fe 11f3 3af9 020f 4318 0e01 fe2d f714  ....:...C....-..
00023e00: d3bf 1e00 01f7 efc5 c023 d1da f21a 1f1e  .........#......
00023e10: d2ef f320 18ff 41dc d2fe e60c 14cd 240f  ... ..A.......$.
00023e20: 4a12 e413 f252 c6cd 0011 570c 06db 1fe2  J....R....W.....
00023e30: 1dd7 e345 f427 e53b dc7b 07b9 14f9 5614  ...E.'.;.{....V.
00023e40: 4d07 ed01 a8e2 33be ee1e bad1 4130 0124  M.....3.....A0.$
00023e50: 1fdc fd3f 8534 0231 08c8 f8b6 1b26 14ff  ...?.4.1.....&..
00023e60: 1409 26e2 77cd 55f3 f436 10f7 051c fa37  ..&.w.U..6.....7
00023e70: 59ac 31d9 06f9 aad2 24f7 dcf1 1536 e71f  Y.1.....$....6..
00023e80: f423 2ef7 d22a fb2b 10e2 0df2 e30e dbd1  .#...*.+........
00023e90: c9fe ff0b ff1f 3b23 1e1a 3227 1b02 1ae8  ......;#..2'....
00023ea0: 06e0 ee32 130a 13e3 0f18 f707 ffed df1d  ...2............
00023eb0: 06f2 e607 0809 2805 21e7 08f1 10e9 2b10  ......(.!.....+.
00023ec0: f429 13ce da06 e201 e812 d97f ff06 010c  .)..............
00023ed0: f9de 14d5 1f05 d7f1 fefc f3c3 d4f9 b1e5  ................
00023ee0: 0b1e f208 0822 ec1b fe22 d6f2 d90e 3313  ....."..."....3.
00023ef0: fa12 3021 1715 c8eb fccf f20c 1109 0607  ..0!............
00023f00: 1f0a 101a eaca 1bfe 0e16 c00b f6b3 d8dd  ................
00023f10: f50e e90a 1605 0fcb 1a03 1ff1 0eee 12e2  ................
00023f20: 11f7 2bec df45 fd05 dad7 f4db e32b e527  ..+..E.......+.'
00023f30: 1ee7 1a19 16fa f11d f516 19df 09ee 9b00  ................
00023f40: bfdf 0b29 fcec 1516 f628 06e7 e113 2d2b  ...).....(....-+
00023f50: fa12 2831 07ff ddd6 f0c8 d7b7 f8ed e320  ..(1........... 
00023f60: f71c 058b 40fa aa37 19ec 2613 f9e8 b7fd  ....@..7..&.....
00023f70: df02 1fe4 2e13 ec03 f420 ef1b 07f6 31ed  ......... ....1.
00023f80: 22e9 121f 40f9 27e2 0612 fddc e4ec ee0b  "...@.'.........
00023f90: e130 14f3 06fc 3d2f 28d1 17d3 17e5 bbcd  .0....=/(.......
00023fa0: e3fc fb13 0d0d e4da f91c ec15 ef19 30f7  ..............0.
00023fb0: 06fb 2627 feff b2ba 0921 0af9 151a 180e  ..&'.....!......
00023fc0: 0dfc e8f7 0119 f008 2104 e6d4 010f f4f2  ........!.......
00023fd0: dbfc 4d19 ff12 ebe7 0bfc fd31 df13 fb1f  ..M........1....
00023fe0: f2ea d013 2a05 00fe df15 f9dd 02f7 f829  ....*..........)
00023ff0: 1323 170d dfeb ef1a e5ee 1bea 0058 f50c  .#...........X..
00024000: ebc6 3cfa 14fc fb0d 2a18 fdd3 3cf4 44c6  ..<.....*...<.D.
00024010: 00ee dc03 22f6 ed39 e70e 0bcd 22e9 f0f6  ...."..9...."...
00024020: 00e1 ea01 e7ff e60b 1de6 e8f7 1b0d f91c  ................
00024030: fce9 f606 0ff0 ee29 05fe 1ce2 efff f2fc  .......)........
00024040: fff0 150d fdf8 df0e 09b4 e61e c63d 1003  .............=..
00024050: 0410 05ef d915 e610 18fb 15d7 fe19 cff6  ................
00024060: 2b03 3b0b 111f fcc7 1309 e7f1 00fc d70e  +.;.............
00024070: e3c0 d219 39d4 12f0 e1e4 1ab4 f349 e21a  ....9........I..
00024080: 07f1 f9b8 b811 1311 eaf9 00c9 fb28 02d7  .............(..
00024090: 9e16 1af7 24f9 9dea 0d04 d72e 3ae5 f301  ....$.......:...
000240a0: effe 0d17 050b d2e4 1108 1cad 0112 2a1d  ..............*.
000240b0: 02e0 f804 fc0e f9ee f8fd f6eb f136 4be6  .............6K.
000240c0: ccc5 1af9 17f7 d7ed eaed 1117 cd05 0ce2  ................
000240d0: 360d d82e cfd9 c2d4 1037 1e09 c8ec 1d0e  6........7......
000240e0: 1c34 36f1 af0f c7fd 9f24 1ffa 0829 ed30  .46......$...).0
000240f0: 3018 fff7 ddc7 dc0f bfd6 bbf5 0705 ecf2  0...............
00024100: f30f e2fd c22a 0405 1df8 2914 e4f2 22de  .....*....)...".
00024110: 3812 19d7 e548 edc1 d2fe 1f25 2651 217f  8....H.....%&Q!.
00024120: 5cf2 74f3 36f4 c818 ff0c cbe7 d7e8 d6cf  \.t.6...........
00024130: ddff f2dc 2614 ef74 fc67 3041 143b 0b12  ....&..t.g0A.;..
00024140: 0ee1 0e26 c60a 2809 dee4 0a37 e71f 1e10  ...&..(....7....
00024150: 128d 425c 2cd0 f839 e725 50dc e015 fbdf  ..B\,..9.%P.....
00024160: d6ce dcb0 f1db 1e58 e0f4 fd18 2240 d2e3  .......X...."@..
00024170: 0b0c 2e11 050b dffd d11f 3f01 09db 2500  ..........?...%.
00024180: 0a05 0200 15f6 190b 090b c2f7 1aea 2bd2  ..............+.
00024190: d618 02cb e411 0ffa fe98 f957 f127 f51d  ...........W.'..
000241a0: 48e6 1626 0818 07fb d111 3517 f6df fafb  H..&......5.....
000241b0: d9c7 f8f6 1432 01bf fde8 4bfb d4d6 1038  .....2....K....8
000241c0: 1218 03e0 1c2e e8f3 bffe fd09 2e0e 07d8  ................
000241d0: 2fe8 ded4 1adc 31ea 081b eced 27e6 1abf  /.....1.....'...
000241e0: 24e3 0a24 de2c 34ea 0afc 101f 033e 3126  $..$.,4......>1&
000241f0: f026 04ed 0c02 f8c0 0e3b 01f8 212d dc1e  .&.......;..!-..
00024200: 05fd f60b c0f1 181b 3324 0fc3 09bd f91e  ........3$......
00024210: cff4 210c 1824 530c f52e effa 23b6 ff5e  ..!..$S.....#..^
00024220: 0713 051d 0111 0d1a 03ff 2e30 d19d 171d  ...........0....
00024230: 38ff 0189 e923 faca 1908 ec81 f2f9 dc49  8....#.........I
00024240: bffc fb18 ded3 18f4 03d6 f609 b506 e718  ................
00024250: d505 49f9 e263 d216 2440 fd08 cc0b b61e  ..I..c..$@......
00024260: 2430 c31b e184 db0d 2e63 fcd9 88eb fae6  $0.......c......
00024270: 03cb c404 023d 14eb eaf8 2ff9 f1f9 9117  .....=..../.....
00024280: 2303 f101 fefe c3f6 b1e4 2bd9 2aec f816  #.........+.*...
00024290: a5ed cbf9 00ed f304 1530 260d 06ea f12d  .........0&....-
000242a0: 28be 1531 dff5 1ac9 eb31 ec10 0eed 0beb  (..1.....1......
000242b0: dcd5 3668 f614 17d4 07d0 05b5 e5fd 4b15  ..6h..........K.
000242c0: e90d e7e2 2fab 2bf0 0db4 f4a8 d72e c351  ..../.+........Q
000242d0: 5bec 09d3 c5b9 2a2e da28 f85e 21bf 05c0  [.....*..(.^!...
000242e0: effc 1141 f02b e8ff abf4 e923 7311 0751  ...A.+.....#s..Q
000242f0: e1e0 181b 3bbe 1218 25fb 09d7 f1ce e50e  ....;...%.......
00024300: 13e2 4c3b 25cb 000f cd23 18d4 07ec cecd  ..L;%....#......
00024310: ebf4 e608 0832 1aea fdfe f01b dbfe f5ba  .....2..........
00024320: e61a 1b2a 09d5 00f2 11db 0b13 a2d2 e2d4  ...*............
00024330: 14d8 e3ec 3fe8 141e 0efe d3e8 1e39 f314  ....?........9..
00024340: cee8 e9d8 dff0 d439 f7cc 0032 f8fe e6fb  .......9...2....
00024350: f80e 26d9 dcd9 2924 f2f0 f10b c8f7 05f5  ..&...)$........
00024360: ec0b 25c0 ac46 cf31 29da 03c5 f9d5 0d3f  ..%..F.1)......?
00024370: f609 023b 00e5 ee05 34f5 e9fe 0f15 00b1  ...;....4.......
00024380: 173d c8be 001d 040a fb23 f5e6 0731 0a13  .=.......#...1..
00024390: 0502 dafd 090e 2c11 1706 27ea 0ff2 ec28  ......,...'....(
000243a0: 201e 0ce0 f920 fe05 eb25 0fc2 1041 21fc   .... ...%...A!.
000243b0: 1afb ecf2 e1ff ef01 0e08 112b 2528 fa16  ...........+%(..
000243c0: 3cfa 0e15 08e9 fdee bfe0 f112 f917 ddcb  <...............
000243d0: 0716 f703 1f20 1610 2722 efb4 2e25 0426  ..... ..'"...%.&
000243e0: e52a c305 9b1d 13f8 22cb 0317 fe3f ed18  .*......"....?..
000243f0: 2dcb f0f0 ec12 d52e fee0 1b22 0728 f3d6  -..........".(..
00024400: ce04 fc03 efdf 031b ee22 1ed6 f91f 0915  ........."......
00024410: d813 e7fa 15fa d5d1 f3e7 1ce2 0719 051e  ................
00024420: 00e0 dd02 ff1a cc18 e901 1af0 19fe fc09  ................
00024430: 3526 0aed e4f5 f502 e009 fe43 eb2c 27f1  5&.........C.,'.
00024440: 160a 3b2f afeb cdec 191c c60d 2ecc e807  ..;/............
00024450: 3bde b7f0 ec24 f305 093c 0f0e 04c7 a517  ;....$...<......
00024460: 2223 d3fb d9e9 dcf8 35c4 117f 2843 010d  "#......5...(C..
00024470: 2be2 d512 a29b 4be6 2111 e504 fae5 0d11  +.....K.!.......
00024480: 153b f5f9 e8dc 0e9f d70c 161b e7fc a305  .;..............
00024490: fdf4 c19d bdf4 2e6d 110e 1b28 1b11 f9e9  .......m...(....
000244a0: 2dfc c81e f9f2 08e6 1826 e4ef fad1 c2f4  -........&......
000244b0: 2fdf c6f9 c8f7 3e04 eed4 1100 ea24 f653  /.....>......$.S
000244c0: e2f1 ede4 cd35 223b 2ebd 0e42 08fc e0f4  .....5";...B....
000244d0: 0617 12ff 230a ee31 daa5 1918 f10f 3318  ....#..1......3.
000244e0: 0bd9 ce15 14d2 3b1f ff24 d403 1809 d223  ......;..$.....#
000244f0: ee10 16de f305 05e9 fdc1 0434 da00 f517  ...........4....
00024500: f41e d4e2 07ce 0022 35e8 2ed3 14e8 1ee7  ......."5.......
00024510: eaf7 e6c0 0e0d 2bff ee0c fe14 0cd4 ea00  ......+.........
00024520: 15d0 3718 19ea 09e0 bd18 0e21 f90d e9f0  ..7........!....
00024530: 1106 140b 55fd 0b03 e822 152b bed8 dfed  ....U....".+....
00024540: f026 110f 05fc 2e06 1806 140d f22b b503  .&...........+..
00024550: 21f2 e1e7 e8e4 11f2 08f3 ef11 e900 1bf9  !...............
00024560: ee32 21fc dce1 dc00 100f 3e03 d2e8 f7fb  .2!.......>.....
00024570: 2307 cc1f 00ea d828 26e6 de04 ddf0 ffd1  #......(&.......
00024580: 501d 0512 fcfd 2507 e82e 120b 5318 eca7  P.....%.....S...
00024590: 0f04 cc26 ee08 2805 06bd be03 00ee 2e45  ...&..(........E
000245a0: 4331 e6df 03d9 1513 d8f4 eea9 ecc9 201a  C1............ .
000245b0: 6317 d515 cf07 caf3 030c 2011 0ee6 f407  c......... .....
000245c0: f3d8 c4f1 29aa 22e8 e31c f72b cb09 181f  ....)."....+....
000245d0: da15 c1ea fa01 dcff ff1f 01f6 f8f4 33f6  ..............3.
000245e0: 66d2 0334 e206 18d7 eadc eb23 edf5 f352  f..4.......#...R
000245f0: e136 38df d81c e40c f0dd ec20 f2e1 33b4  .68........ ..3.
00024600: cced aff3 fb3c ec25 01fa 98e2 24fa 1d58  .....<.%....$..X
00024610: 2c37 e83f e517 c732 d622 2fc6 215a 41df  ,7.?...2."/.!ZA.
00024620: 06ee fffc a581 7812 05ca 1405 fdcc 44f1  ......x.......D.
00024630: 3754 b5e9 dd1c ce10 11fe e1d7 e919 5dea  7T............].
00024640: 60f5 2409 153c 254e 0c05 fbc1 d528 ffd9  `.$..<%N.....(..
00024650: 0aff b10c 2ed1 4ec6 2fd5 16f9 ee0a 1b52  ......N./......R
00024660: 1f5e 18fc d1ed 5e1d 1c66 2d26 e3f4 18b3  .^....^..f-&....
00024670: 290f 2e00 07cf 06bd 22fc f40f ea1b eddc  ).......".......
00024680: 00d9 d1d2 daf2 0014 cad2 2c0a c528 0a2d  ..........,..(.-
00024690: db26 e21d 5533 fd28 e0cd 1b2a 25f7 32d9  .&..U3.(...*%.2.
000246a0: 3326 ff0e 0de9 d9f5 b522 4635 d622 2c1c  3&......."F5.",.
000246b0: d828 d125 f8d0 68fc cadb f52b f8de 3f09  .(.%..h....+..?.
000246c0: 0b02 c4fd 1820 0d21 cbc1 d4c7 f404 2843  ..... .!......(C
000246d0: fc04 8838 d833 4229 e2c4 0208 e1e9 3c1e  ...8.3B)......<.
000246e0: f4fb de03 ecc0 08fe 2609 03ee dfc6 3d16  ........&.....=.
000246f0: fe14 0de8 cefc cbd1 0d57 0fad f3e9 10ec  .........W......
00024700: ecd7 d716 c8ee fe1c 1ed6 14ea d1c8 24ea  ..............$.
00024710: ddeb 0b11 0afd 1afe e0fd 160a 0a14 ed2b  ...............+
00024720: 1410 0e24 e23f 000d 3ad8 07de cf25 0f0a  ...$.?..:....%..
00024730: e116 ee1e 2205 f9cd d8c8 feed 0c07 3a04  ....".........:.
00024740: 31d1 c210 e7f2 f51d 52e6 461d 0bec 38eb  1.......R.F...8.
00024750: 41d2 04c0 4114 e81e 01e3 0522 fad6 4001  A...A......"..@.
00024760: 00e3 d626 1ac1 fee9 f1a2 fff7 e803 c80d  ...&............
00024770: d80d ebe8 0939 01e7 f6d4 e0f2 d71b c91b  .....9..........
00024780: 04f5 180e 0404 0de4 15e7 da1a e01b 0803  ................
00024790: f5ca f1e7 0968 0a0e ef22 2724 f939 deed  .....h..."'$.9..
000247a0: e100 2de6 e7dc ffe9 2ff4 34c2 dcee cc08  ..-...../.4.....
000247b0: 9fe3 fd10 e4b2 f94a 39f2 181e 30c9 eb02  .......J9...0...
000247c0: fa02 13bf cff1 e136 26dd f615 e91a 21d6  .......6&.....!.
000247d0: 5bb2 e9c0 2481 f4ee 9a25 b5d8 d00c ff08  [...$....%......
000247e0: e130 3b5a 3499 0724 221b 645d f9f0 f923  .0;Z4..$".d]...#
000247f0: d51b 71b5 c7c9 5c1b f608 d41d 2330 08f8  ..q...\.....#0..
00024800: 08f0 ee02 e2ac fc37 1e28 b4cd 2409 f0f6  .......7.(..$...
00024810: ef59 11fc f7da 0c43 e4ec fbd2 292c c929  .Y.....C....),.)
00024820: 09dc 22d6 fcf8 31ef 16f8 1c0c 0932 dcfe  .."...1......2..
00024830: e207 11f1 0904 17f7 1aba 3416 fae9 d3fe  ..........4.....
00024840: 23e3 1ffc b03d fc00 f828 f6e0 b822 be29  #....=...(...".)
00024850: 14d9 0612 03f2 07e8 42f5 e5ef 30ee dfeb  ........B...0...
00024860: c316 49f2 e514 ee29 3302 e0f2 0de0 d2ee  ..I....)3.......
00024870: 22c1 2715 f91a 0c41 0433 06fe f811 bdb2  ".'....A.3......
00024880: d7e2 fc1f d309 fad8 f4e1 0bf3 e709 eb34  ...............4
00024890: e918 34f3 1614 d308 20f0 06f0 eaec de00  ..4..... .......
000248a0: 02d8 ef0a f433 d500 06f9 f3d3 03e8 f746  .....3.........F
000248b0: 22f9 e7f6 4513 fd16 190a 520f d2f6 f8cd  "...E.....R.....
000248c0: d1fe 04fa f8ee 2708 0b30 ebf5 b3db e90a  ......'..0......
000248d0: f229 f125 e6cf 0a2d e810 2623 28f4 9d13  .).%...-..&#(...
000248e0: efda 40fb f81e eb19 1811 2b1d 12d4 e0ee  ..@.......+.....
000248f0: 27d1 fee1 28dc c1ff 1c3d f8c3 269b bbec  '...(....=..&...
00024900: cf32 1324 cb16 dffc fc14 141c 66f6 fd60  .2.$........f..`
00024910: e1d1 2630 3246 0024 0ae3 2219 f7f5 df59  ..&02F.$.."....Y
00024920: 1215 1bf4 3331 0f0c e4d5 e0c8 148a 1923  ....31.........#
00024930: 15e5 01e6 eae2 dd28 02fb 00f4 e1e3 f901  .......(........
00024940: 0afb 14d5 dc1b d4be d625 e5ee 090e 2fdc  .........%..../.
00024950: fd4f 15f7 f8f3 f60e 0ecd fd00 ec22 dc2b  .O...........".+
00024960: 36d9 5925 ebcf f31f 2948 1914 261f e0a3  6.Y%....)H..&...
00024970: f3b2 ed22 c934 ebd2 09f1 d1db f50d 5094  ...".4........P.
00024980: 0446 c602 deff cad2 c3f8 2f0c 2eea b6b8  .F......../.....
00024990: 1ff1 7c2a 09d6 b33a 061a 4aa6 4706 e3f2  ..|*...:..J.G...
000249a0: 2de4 fc74 d316 ffed 2505 00fb e6d9 01c7  -..t....%.......
000249b0: e327 f304 0247 1410 fdd6 19ba 0346 e2d1  .'...G.......F..
000249c0: 049a 5926 7f25 cd36 f2ef 150a 29f9 06f0  ..Y&.%.6....)...
000249d0: f20c dd4e e7cd 1c2c 0cc9 f90d d5da 3c48  ...N...,......<H
000249e0: b4f6 ea0a 3927 010f 14f7 eee5 2b21 d9ff  ....9'......+!..
000249f0: 2f11 24fa fbda 1012 39f8 ff00 002a cee1  /.$.....9....*..
00024a00: 19f8 f1e3 ecfb 03d8 450e 1c20 d524 1a02  ........E.. .$..
00024a10: f22d e019 f80f d00d d330 d225 da15 0fdc  .-.......0.%....
00024a20: 2dc2 0926 ea1b 8b55 2adf 2e03 f120 15fa  -..&...U*.... ..
00024a30: d80f 00fa 9705 dfe6 18ee 1de3 22ea eebf  ............"...
00024a40: f312 1513 b91c e3e7 c9f4 e803 f2e5 200c  .............. .
00024a50: f441 df11 fc06 ef12 e219 151a 09dd f50f  .A..............
00024a60: 0d0d ea23 d6ef fa02 d9d7 34e6 d23e 20ec  ...#......4..> .
00024a70: cdfc fd16 e604 adf1 1be8 0a04 c5e3 e524  ...............$
00024a80: 2bf5 6113 8ffd a3cb fa19 ebd5 f627 660b  +.a..........'f.
00024a90: 1c14 fcf8 eaf7 c8d5 c5ea b5fb 1e16 3201  ..............2.
00024aa0: 36e4 2535 3527 13fd 20bf f724 dd27 131c  6.%55'.. ..$.'..
00024ab0: 3809 ea35 fbd9 d026 ccd3 4132 cc56 ffd3  8..5...&..A2.V..
00024ac0: 0d0d e2e5 1b18 cbd1 1ddd ddf5 9dd7 0fd0  ................
00024ad0: 0c49 030f 31e3 3549 1fde 0a11 05df 26f8  .I..1.5I......&.
00024ae0: f61d 24e5 ce0e fe4f f9c9 29e8 f112 f4f9  ..$....O..).....
00024af0: 37e7 21c0 d3ee efb5 012b 21e4 fd11 23bc  7.!......+!...#.
00024b00: ffe8 dff9 c93d dbf0 13e6 faf8 b0f1 e01d  .....=..........
00024b10: b0c4 0ff9 d621 fbd4 33b4 93c2 bd38 3a27  .....!..3....8:'
00024b20: 2d0f 2438 23da 56c6 8c3d 95c3 bb38 5b15  -.$8#.V..=...8[.
00024b30: f1b4 1347 075a c4ea 3981 5300 26f9 1a3d  ...G.Z..9.S.&..=
00024b40: 0209 7e2e 14a3 ccf1 c7f1 625c 226b 1b4d  ..~.......b\"k.M
00024b50: 4d21 b807 e7b5 e2bf 0efd c30f 9aee bfc5  M!..............
00024b60: cb9a 034e 9bff 1d2f 3ae6 f80d 0c11 2e2b  ...N.../:......+
00024b70: ede5 02c6 fc08 ff42 fa53 292e 35e9 1109  .......B.S).5...
00024b80: 3ee3 ccfa d5da e0d0 06d3 01fa f038 fbee  >............8..
00024b90: a5ae 0eeb b01a 39c4 1205 faf7 0905 0028  ......9........(
00024ba0: f3e3 4c53 ec16 fa09 42e0 3bae e00b d3dc  ..LS....B.;.....
00024bb0: d013 fcf0 ebe4 59f2 e2cd cdcf ea5d 1743  ......Y......].C
00024bc0: ff30 f0e8 d012 2ba0 272c 2b08 1229 1a36  .0....+.',+..).6
00024bd0: 95f8 2bd6 8ec5 aaf4 b40d eb3d 58fa 19de  ..+........=X...
00024be0: 1f1b ac31 b504 096d ea0e e042 8921 dc1c  ...1...m...B.!..
00024bf0: 4de4 f52f f0ce d9fd 3e01 2ef4 23eb 0f22  M../....>...#.."
00024c00: f2ff fcf1 06cd ddc4 be17 f9f4 b107 06d7  ................
00024c10: 0f0c e125 ee2a d81d e917 f5f7 1608 f126  ...%.*.........&
00024c20: e508 0f28 d5b7 0ee1 1eff fede cf04 fb20  ...(........... 
00024c30: 070d 4c16 dada d9eb 2317 e6fb 17db e012  ..L.....#.......
00024c40: fc03 f3e6 1503 f214 14f6 5be0 000a e6f1  ..........[.....
00024c50: d706 bf09 fbff ef02 123a 10fb bb04 020b  .........:......
00024c60: 0506 2d29 f81e 10d9 0c30 2601 ccd7 f834  ..-).....0&....4
00024c70: dd09 dd07 00cd e3fa e017 f607 e8fb 1cea  ................
00024c80: fb2c 341b 160a eaa5 04ea e9e3 09ea d4ef  .,4.............
00024c90: f9ec e0ff 0eca 24e5 f5fc 0005 07f0 e5f0  ......$.........
00024ca0: f2fc 04f9 102b d427 06e2 3f1b 0ddb 1cdc  .....+.'..?.....
00024cb0: 1bdd 10cf f2f5 ef42 35dc 01e3 10f5 03e6  .......B5.......
00024cc0: 1be3 4517 d4ee efd6 e2e8 2ceb 331e 0c14  ..E.......,.3...
00024cd0: 0d4c 08e4 ddd7 1216 f9f7 2c37 01e9 e8fd  .L........,7....
00024ce0: 25f2 b5c9 0723 0d2a 13ff 1acd 02f4 010d  %....#.*........
00024cf0: 3fcc f203 ee06 e222 e000 1f15 1fe4 19db  ?......"........
00024d00: e923 2213 caf5 db00 0303 0424 e981 0301  .#"........$....
00024d10: 020a 11f3 18da f11e f903 f0fd d9e2 0517  ................
00024d20: 13e5 3e0c fb16 f04e f1f4 144d 0de3 130f  ..>....N...M....
00024d30: fee7 ddf8 def2 e7f1 d9fd 0ded 0b22 15f2  ............."..
00024d40: f0fb fafe e0d7 f1fe 10ef c911 fe02 01fc  ................
00024d50: 11d6 fd0e e035 2502 0905 13d9 1107 d203  .....5%.........
00024d60: 1c10 fa0d fd08 05e2 44e2 1cfb cded 0507  ........D.......
00024d70: db44 c53a 1cff 1448 02f4 cafc 1af5 f3e7  .D.:...H........
00024d80: 05e1 0428 0ebc 1b00 00df 0016 fb1d 0d07  ...(............
00024d90: f8e0 0afd e628 1d29 10e2 0e01 fb11 f816  .....(.)........
00024da0: d02f 1cba ef1e 0427 ded8 0c17 e8f2 01e5  ./.....'........
00024db0: cdf0 0cff eafc 2213 0ef7 03fc 13cf 22de  ......".......".
00024dc0: 0bfa f8fe 081c 3126 1a16 1fff f5f8 0007  ......1&........
00024dd0: da04 e820 20df 3a26 2ff2 f2ee 1cce fcf1  ...  .:&/.......
00024de0: bffe 0d00 dc01 cd26 011b 05ef f825 e313  .......&.....%..
00024df0: a2ac 2115 d5d7 f60c 1df0 0303 f6f6 fc14  ..!.............
00024e00: a839 c71f 0025 d11f ffc3 ddff 58e7 f6f4  .9...%......X...
00024e10: e6f2 2c25 b8e0 fc2a f117 022c 53fe 2407  ..,%...*...,S.$.
00024e20: edcc 1213 0ced dde2 f70d 2ee2 f3ea 041e  ................
00024e30: fcd8 0604 3506 e0fb f3e9 01d6 002e fa0b  ....5...........
00024e40: 10e2 26f7 13e9 f303 d0e1 f7eb eaf4 3236  ..&...........26
00024e50: f409 17dd 17da 0409 dcf4 f7e5 f824 0c00  .............$..
00024e60: e60b f32e 4a03 1ee0 1de9 e8ea 2823 1508  ....J.......(#..
00024e70: 23f3 0e0d 1ef2 be02 3edd 4e03 cf16 bbdd  #.......>.N.....
00024e80: eabd ea21 d11a 1eee 612e f6aa 274b 089a  ...!....a...'K..
00024e90: 9b2f df11 041a 23f7 0646 5525 3949 ceb6  ./....#..FU%9I..
00024ea0: f5d1 2931 fdf3 bd1c e710 2ec9 2c16 d342  ..)1........,..B
00024eb0: c7ec ff0f 81ff 45f4 3ff3 c4e2 d2f0 e7c7  ......E.?.......
00024ec0: b444 1d10 e05b eddd f7e3 2605 17fe 08f7  .D...[....&.....
00024ed0: d2c6 073f c414 0815 eb0b f615 28c9 3414  ...?........(.4.
00024ee0: f324 f751 0e02 e923 f614 f4e9 d5ef 12d1  .$.Q...#........
00024ef0: f4f2 0beb 0b08 1b10 2013 fff0 0e1e 06e9  ........ .......
00024f00: 1815 0cf3 e9e5 f9f8 2d19 33fe e8d8 d6e6  ........-.3.....
00024f10: f616 f9df fc44 fcfc 2834 1e01 1969 ddf4  .....D..(4...i..
00024f20: e0f2 fc14 d9dc f8ce 0271 e0ea 0934 dcfd  .........q...4..
00024f30: 5b12 c1f7 27c2 b41c 01ea 0913 acf6 d9d2  [...'...........
00024f40: 1b14 c519 d2e4 24d6 3112 02ff 0fff db09  ......$.1.......
00024f50: 1e2d 26ef 0823 ed9b 2707 eafa e8ef f9fb  .-&..#..'.......
00024f60: 1fd4 fe07 11d2 eff8 d6f0 e413 f404 eff0  ................
00024f70: 183a ea0d e1f4 f5d5 fc1d fee2 2bfd e112  .:..........+...
00024f80: 07ea 0314 eee9 26ea 43f0 02e5 d807 0cc9  ......&.C.......
00024f90: f5fe 07f2 f5e2 0bd3 0924 e9f4 f5c6 04e2  .........$......
00024fa0: 0528 0637 0411 1be0 2929 2017 fcf9 2de7  .(.7....)) ...-.
00024fb0: fdd9 c327 c9d7 d704 1823 15d5 f000 f6b7  ...'.....#......
00024fc0: 1ef5 f131 d50e 7fb7 2803 dce6 def6 da12  ...1....(.......
00024fd0: e338 b50e dff4 0ff1 0ef0 f0fc 1af5 2329  .8............#)
00024fe0: d712 0b0b c82c dff2 1517 19df 071d acf7  .....,..........
00024ff0: f0ea e616 29cf 2621 57d0 07e4 cbff efd3  ....).&!W.......
00025000: f636 cf21 0ed8 3101 2335 1aed 430f fe0c  .6.!..1.#5..C...
00025010: 17b9 cff3 1221 1817 07ca d7e6 0535 3f02  .....!.......5?.
00025020: f1eb e840 f9ed 13e0 0eb6 e526 3e12 eac4  ...@.......&>...
00025030: 1040 33b1 3831 03e2 09d1 22f5 fc1b 0e13  .@3.81....".....
00025040: 29c7 c0bb 2efc fb61 ee18 e3d2 2930 d827  )......a....)0.'
00025050: 3c18 a813 c52e 4804 251d 8d12 cd3c d119  <.....H.%....<..
00025060: 063c e5e5 bae4 e7b9 f6e9 b34a d443 20fa  .<.........J.C .
00025070: f4ed f50c 02f6 30f4 de12 e4f4 b80d f41b  ......0.........
00025080: 0f30 b43e de4a 0e2e f63d e64f db2a a0f5  .0.>.J...=.O.*..
00025090: 19e8 d0ed c9f6 b7d2 d72c f102 28eb 3dc6  .........,..(.=.
000250a0: 1343 13ef dae7 2108 faf3 eecc e7cf 0503  .C....!.........
000250b0: 450f f709 ca2f ff03 dcd8 03cb 0107 37f2  E..../........7.
000250c0: cbdc 3f13 f5db ff3a f21d db3c f246 0310  ..?....:...<.F..
000250d0: 1302 f6f3 f9d7 0619 f4e3 f304 fa02 063b  ...............;
000250e0: 1502 030f a6cb e2fd aff4 f6f8 1d1f 263d  ..............&=
000250f0: f50f 46e7 02ec fafa 10ce 211a d931 e301  ..F.......!..1..
00025100: 3011 1c01 ff0a 041d 060a f7cc 10e7 1ddf  0...............
00025110: 13e1 2afd b3f8 e529 fb4a 46ea 0a1e e8fc  ..*....).JF.....
00025120: d4e6 f504 181f 212e d92c 05fd ef05 30f4  ......!..,....0.
00025130: 000b e8f8 05e8 0df8 11ef 3e0c c5ce efd4  ..........>.....
00025140: e522 d727 1315 d114 2ffa effc d0e8 3735  .".'..../.....75
00025150: 37eb 0000 eb20 05d7 e435 07d1 1b0f 21d3  7.... ...5....!.
00025160: 1c08 3f1c e62b 04b9 0fea dc2b a5db e4e9  ..?..+.....+....
00025170: 0217 09ef 1807 b605 04f8 e0c9 fad0 2e04  ................
00025180: 25f3 0f27 bcf0 c8dd 05d1 001f fe38 01bb  %..'.........8..
00025190: fcec d6cd 1afc 2232 1705 ea0b db13 df06  ......"2........
000251a0: dd43 f4ce f819 fd23 1548 16c1 e1e9 4b0b  .C.....#.H....K.
000251b0: 1ade f9fb f2e0 19b7 0a0f 00bb e037 2304  .............7#.
000251c0: fa13 00f3 af08 bdc9 e90d 5210 01d9 0ce3  ..........R.....
000251d0: 02f4 0214 044b ae02 00f5 e12a b224 20ec  .....K.....*.$ .
000251e0: 04e4 2b25 2a0f 1aee d804 3ac2 fb40 1203  ..+%*.....:..@..
000251f0: 1768 7ffb c0f5 fe1a 50ad 0d35 ce07 fa1e  .h......P..5....
00025200: d50e 0827 324c c9fb 2c03 ed1f 2042 5a4c  ...'2L..,... BZL
00025210: 0bee 102c c3c8 0501 ddfa 27f9 0865 dff0  ...,......'..e..
00025220: e12a e12c a733 5cee 22d2 a2f7 c2db d318  .*.,.3\.".......
00025230: ee4f ecda 2e0e c7cd 053e 56bd f6f0 07fb  .O.......>V.....
00025240: eada 34e8 10dd ae16 2bec 0525 fe33 e1fb  ..4.....+..%.3..
00025250: 220f 0600 c90c 2bfb 1cec 0ef4 ffdf 1e06  ".....+.........
00025260: f301 c11a f81b bdd2 e31d f728 e9d2 17f9  ...........(....
00025270: 0ae7 ee09 1fd1 e5f8 eaf9 0d3f e43a f1d8  ...........?.:..
00025280: 1611 2d0f cd12 24e8 ffc3 fae0 e614 0013  ..-...$.........
00025290: e1e0 f818 1257 e7c4 1252 e525 fb0b 3417  .....W...R.%..4.
000252a0: dff8 d90f e8ff 2d25 fbde 453c ff33 0613  ......-%..E<.3..
000252b0: 2410 360a d91b 0726 2de2 ea0b 2ef3 140d  $.6....&-.......
000252c0: fcfc fbce e219 ef1f 05f4 d2d6 f9f5 23df  ..............#.
000252d0: f2e4 e20e cc22 ec04 40fa 1802 2734 082b  ....."..@...'4.+
000252e0: ff2c 3215 04f0 c5e6 d1b4 032f 32f5 d90f  .,2......../2...
000252f0: e9ee 07ec 11f8 3942 36ec fef0 ed48 de05  ......9B6....H..
00025300: e2f4 f919 1231 cbc5 24e6 0e1f 0607 d4dd  .....1..$.......
00025310: fe1d f1e4 dc01 3d1e c6ff 165e e4c4 953f  ......=....^...?
00025320: 13d1 1bf2 3553 ee0d 2ce1 fe1d 7fcd 10df  ....5S..,.......
00025330: d4f5 da6b 14f5 0ae0 5233 f903 d8ec f5ea  ...k....R3......
00025340: da0b fbe7 1208 39be edfb 540e f000 31f5  ......9...T...1.
00025350: 0fb4 ed2c d7f5 e4e6 ebe5 f9eb f9b9 c6f7  ...,............
00025360: 2e02 f509 c828 ebf6 f3f3 12d7 b227 15f6  .....(.......'..
00025370: db2c 33fb 01b3 abd7 3011 c2ce e9e3 a348  .,3.....0......H
00025380: 1a15 e0e9 f458 e2ef 0842 d9dd 15fb f9f7  .....X...B......
00025390: 0b40 b6e0 2ffb c903 09f0 aebc c918 f6cb  .@../...........
000253a0: 1c20 260a e2e4 6be5 d6e2 e23e aeea b644  . &...k....>...D
000253b0: 030d 1de9 42eb 0026 62b6 49f5 3dac 07a6  ....B..&b.I.=...
000253c0: 5c0b adf1 eb37 b206 3610 fee2 2727 5de8  \....7..6...''].
000253d0: 08fe a7fd e7fe 0bca caf0 0012 181b 1b1d  ................
000253e0: 0afd cf10 e1ea c4db de08 250f 1b97 ef46  ..........%....F
000253f0: 1106 cfe8 f606 2ada 1035 d9ec 170e ec0e  ......*..5......
00025400: 12da edf5 b2f6 e81a 14da 12f9 141d f1ea  ................
00025410: e8ff 17ed fa03 edf7 f812 dd07 f9ea 1f0b  ................
00025420: 2011 1625 07fe 0819 d2e0 0efd 0618 fbf3   ..%............
00025430: 1aee 311b b9f0 2317 21da 00e5 ea3b f512  ..1...#.!....;..
00025440: d3d6 3afc ed0a 1e00 06ed 15f1 22f4 f7ef  ..:........."...
00025450: 3115 02b3 a8ef def4 f8ee dd2c 0428 37e6  1..........,.(7.
00025460: 0a00 c7e9 0004 d4eb f9fd ed19 f401 2e08  ................
00025470: 04da 39d4 e318 edf3 d7cd 0926 01ef 0333  ..9........&...3
00025480: 1515 2e25 15e1 f4f4 16f3 01fe 0408 1106  ...%............
00025490: 1408 1a2d ef16 e3dd 06fc ec38 dbe8 cd03  ...-.......8....
000254a0: 15e8 0edb 1ff5 0ae4 fdf2 0701 21f4 edf7  ............!...
000254b0: ed04 20f6 1e34 1514 fc0b 0bf9 04f8 e0fa  .. ..4..........
000254c0: eb1c 1113 cbf0 27f5 e4e0 01ac 1710 f1f0  ......'.........
000254d0: f118 36f0 e6c0 0e21 bac0 e8eb 11fd 012f  ..6....!......./
000254e0: f703 0f13 171b 0015 0cf7 f2d5 f70e bbea  ................
000254f0: 1bf4 c6ec 1601 fd17 1307 0cd1 0b15 0500  ................
00025500: f6ea 56f7 f912 fde8 0b08 0323 ed1f 1818  ..V........#....
00025510: fbf5 0eee 19ba f21f 0e03 2425 00c0 1142  ..........$%...B
00025520: 0601 f638 8ff4 cd0c 11e2 2c30 231a f900  ...8......,0#...
00025530: 100d f226 ff18 100c 1ef4 1ef9 0bee e8ee  ...&............
00025540: 242f eefc 0802 9cce edea 3f1e c2ea 367f  $/........?...6.
00025550: f4e4 e2d8 94ad 5c2e ec23 f5d2 d811 d5d0  ......\..#......
00025560: 190b f2ed 075a 4009 1af5 2e11 03e1 c2fd  .....Z@.........
00025570: d90a e315 d0cc e611 c3e9 2cf8 31ee 141e  ..........,.1...
00025580: 0625 e4fe d6f1 1909 de1f 1af5 29f5 f0f0  .%..........)...
00025590: 2713 d7ef edf9 1049 1005 20f6 e0f2 edd1  '......I.. .....
000255a0: 0924 172d 07e1 eefd d6f6 07f0 0ee7 e00f  .$.-............
000255b0: 05eb 2fee 0b13 d120 e305 fa16 d4f6 3ffa  ../.... ......?.
000255c0: e0f7 15f8 f816 0305 c6fe 01e7 0d02 400a  ..............@.
000255d0: ea22 1ed9 f50e e410 09cf f2ff cedc c308  ."..............
000255e0: 15cc 16f4 16de 2c73 d8f6 f5d9 e80d 0219  ......,s........
000255f0: 1f0a bd01 2af1 fa06 af3b d3db d3fb 2262  ....*....;...."b
00025600: 1afb eb22 d612 f707 c109 dcf9 0a06 f7e4  ..."............
00025610: 0010 f20c 23d4 203c 1112 05f3 be22 f3cc  ....#. <....."..
00025620: ec19 ca0f f421 1f06 16ef f01a c1f2 d7ed  .....!..........
00025630: 13d0 0ff8 e529 18fa 1efa 02f4 3014 2524  .....)......0.%$
00025640: 3a05 0ed0 10fe 38f0 03d7 d6d9 e12d 2602  :.....8......-&.
00025650: 97bb 0f1c 1df5 eff3 1df5 fa1a d913 e7e1  ................
00025660: 1e0f f011 1605 dfd8 2e26 f70b 1c52 41fd  .........&...RA.
00025670: e829 0cc1 e0f8 020b fcb9 e239 2961 310e  .).........9)a1.
00025680: e6eb fb1e dcdf 880c aaf5 1106 28d8 29f4  ............(.).
00025690: 09c2 dff5 14c7 40db 18eb eede 0318 fdf7  ......@.........
000256a0: cf1a 06f3 02e0 e2f2 daf5 13f2 313d d112  ............1=..
000256b0: ded0 3803 0b12 e432 1935 1000 f7d0 3b01  ..8....2.5....;.
000256c0: e42a 14f8 011a ef13 052f 19cb 0423 0223  .*......./...#.#
000256d0: 1df3 bc34 2fe7 11e1 04e5 ce3a 1326 2b2f  ...4/......:.&+/
000256e0: fee6 f91e 01bc aac3 11b3 37f8 f8f0 e2fb  ..........7.....
000256f0: f922 c4d8 070f 1001 263a 17f8 1820 e41a  ."......&:... ..
00025700: 6715 d032 0ef0 c6ae 2841 0be7 e915 fffe  g..2....(A......
00025710: 32d3 0cf7 8135 ea08 a3f3 f8f1 0012 d30a  2....5..........
00025720: d23f efb5 cc00 13a9 f328 0570 ba52 a527  .?.......(.p.R.'
00025730: 1123 f3e4 ec0a c0e3 5022 eaf5 f616 1031  .#......P".....1
00025740: 1cef 13f0 fc24 d010 cdca ab1f 17c2 1bf0  .....$..........
00025750: cdfb 10d7 d2e9 12e6 0cd9 f7eb 1033 410a  .............3A.
00025760: ed27 31cd ed13 471c e600 f0ee 32d3 0ee6  .'1...G.....2...
00025770: 190d 1ff0 e31d 33fa 280c 25e2 fcf6 dc2f  ......3.(.%..../
00025780: ff1d 0a11 0102 05d4 0cf2 e70c 0810 c6eb  ................
00025790: 3d11 03d5 f9f6 cd0c 383a 2d1c 0f0a ac28  =.......8:-....(
000257a0: 31e7 1000 e2f6 1313 fbe9 0930 b3eb dbde  1..........0....
000257b0: 3522 f343 0ff7 4ac8 16e4 f3d3 0a2e 01f4  5".C..J.........
000257c0: 2c37 39f0 ee27 e9bd 12f2 24ed d211 cc12  ,79..'....$.....
000257d0: 29cd f703 1d1a 28fa 0ad6 b5f8 1708 fb0b  ).....(.........
000257e0: fc19 f001 f42c ff09 f2f5 fdfe eb05 f8d9  .....,..........
000257f0: f6eb 2204 f929 e302 1e14 ee2d fd00 f41a  .."..).....-....
00025800: 16f3 d9f1 3912 0d04 e9e2 eefa f60c c8dd  ....9...........
00025810: ee15 f113 e60b 07f5 e818 f3f4 1e0b 12ee  ................
00025820: 1afe 2ffd e5f9 1b08 3625 022b e326 1af0  ../.....6%.+.&..
00025830: c5fa 0ce4 ede4 e622 d00e ffd9 dde0 b425  .......".......%
00025840: cf05 1cf4 001b 21fc 100b e9f6 3128 140c  ......!.....1(..
00025850: 0ef6 e90b 0ce8 eff3 2511 0920 1118 f309  ........%.. ....
00025860: daea eff3 ed26 f8fc ebed 08c7 f212 8d0b  .....&..........
00025870: edfa 2c02 fcf3 09ef e3d9 fa10 f9d9 0720  ..,............ 
00025880: 0f1c 19fe ee02 a4f2 23eb 1305 18fc 101d  ........#.......
00025890: 28e9 050c 1823 d836 f00b 1322 faeb b9e7  (....#.6..."....
000258a0: 043a edfc fef2 f002 c0f6 2ff2 17f6 eef7  .:......../.....
000258b0: dcf2 300d 8fff 1340 20c5 040f d9e8 0dee  ..0....@ .......
000258c0: 16fe 1cf4 1e38 be02 edc5 e5cd 0d03 81d8  .....8..........
000258d0: 012a 28fc 5507 31f7 fcfb f2d9 fb00 f12a  .*(.U.1........*
000258e0: f9eb 06e7 dd0b 2e1e 35cb f4f1 e4d6 0f1b  ........5.......
000258f0: 160f e023 f514 1edf 21fc 09f5 d42d 9de0  ...#....!....-..
00025900: eb18 120d f3e6 fec3 07f9 f01c fb03 eb0b  ................
00025910: 07d5 f62f fa1f ebd9 0ecd 070e 1103 1a01  .../............
00025920: 1218 ed10 0625 eefe ce16 142e 1ceb 08fd  .....%..........
00025930: e9e1 f811 1af4 fbef 09f1 fe0c eade e4bd  ................
00025940: ede0 f5fb cf0b 1c22 f8a8 de0a 1dd9 2d16  ......."......-.
00025950: f601 3543 2d2b 2a0a 081c 011a 0d08 db11  ..5C-+*.........
00025960: d2e6 d8fb 13f6 060d dc04 d1fa f7f5 e9ff  ................
00025970: f6fc ccd7 e81c 1041 fb36 0409 fdca 0014  .......A.6......
00025980: 1014 1139 22fa e626 f114 dc1f e91a dee7  ...9"..&........
00025990: 0afc 1df7 dcd9 0b1e 0400 0e20 da0e 0304  ........... ....
000259a0: 0e0d 210e ec11 c3ee 5415 2e21 07e8 df19  ..!.....T..!....
000259b0: 00f3 d6f2 040c ed12 ee16 f628 1510 f61a  ...........(....
000259c0: bf09 29ee ec21 cf36 e830 212c e611 e5ef  ..)..!.6.0!,....
000259d0: fa28 ea00 f44a fcba 483d 5262 0ae1 cc0c  .(...J..H=Rb....
000259e0: 225a e842 1eea f60f 1505 e4fd 05e6 f60f  "Z.B............
000259f0: 1101 071f 0a23 e42d e8ec 44ea fdfd 0715  .....#.-..D.....
00025a00: 1e1f d402 e4f4 31fd 00d3 ee26 faed d00d  ......1....&....
00025a10: 432d bb0d fdec ec04 e5da fc11 ec08 c816  C-..............
00025a20: eef5 120c 001d ed0b e9ec e7ff 1ae9 1dc7  ................
00025a30: 180d fcf9 0031 ec16 2bf4 5a1a fe1a fc0c  .....1..+.Z.....
00025a40: f3c9 f527 26ef 07e8 20ff f742 fa02 0920  ...'&... ..B... 
00025a50: d1e4 1303 f71e 06de 40da c30a 14cf 160d  ........@.......
00025a60: 1005 060e e573 1a12 30c4 7f15 cce8 f155  .....s..0......U
00025a70: f31f 00dc 4731 471c 2816 fae7 f6e8 031b  ....G1G.(.......
00025a80: def6 2607 eb68 df14 f718 db0e dbe4 21f3  ..&..h........!.
00025a90: 0714 00ef 271a 4717 0a0f 504e e7b4 d01d  ....'.G...PN....
00025aa0: cf52 ed0d e00c f310 0b0c 24e5 d5c7 e8eb  .R........$.....
00025ab0: 07f8 150c f32a 01e2 0a2d 1a00 06f5 ff04  .....*...-......
00025ac0: 1fe4 f31d f828 f5cf 04ef f6e2 cf0b fb28  .....(.........(
00025ad0: e30e efd4 082f f3d9 e5fd 0704 2bf7 f4f3  ...../......+...
00025ae0: 2ec4 02fe 1d31 1d09 f131 0de3 05eb ff04  .....1...1......
00025af0: 22cf fa02 0703 19eb 1407 1c0c 011a 002f  "............../
00025b00: fcf3 1b24 2f1c f720 f4fc 10fe fa20 f0dc  ...$/.. ..... ..
00025b10: 06fe 00ed e006 f612 faed 20f1 e5ab 2624  .......... ...&$
00025b20: 110e fe15 0ed2 0be9 ccea f2fc c7ec 1a16  ................
00025b30: ba08 09f8 e1ef ca2e 08e8 fcbc e107 08fe  ................
00025b40: e6ff f707 20f4 0e04 1446 cbfa d2fc f7e1  .... ....F......
00025b50: ec0c ea10 f0ef 1124 24fd fc05 218f e524  .......$$...!..$
00025b60: 2fe5 fbf7 0252 c7c9 06e6 dd2d 0747 eced  /....R.....-.G..
00025b70: e6fb 43ed 0106 353d d992 32f8 1121 8beb  ..C...5=..2..!..
00025b80: 18c1 e20e fbed 40c9 1cb3 e0ac e717 21c9  ......@.......!.
00025b90: 17af 0310 02db d72c f6eb 2c02 ebc5 2600  .......,..,...&.
00025ba0: cf21 1d21 c4f8 b815 fa1d f5f1 0a00 06ef  .!.!............
00025bb0: df03 1c17 4316 370a 1d3a e9e2 1510 11e9  ....C.7..:......
00025bc0: f304 e4d1 ec1a 24c7 d7f3 e409 0f2c 0fff  ......$......,..
00025bd0: fe21 0ae9 f3ef e504 f301 022b db47 e818  .!.........+.G..
00025be0: 2d1b 1738 e1d6 0730 0c1a d5f3 1230 d44c  -..8...0.....0.L
00025bf0: 0ec5 6cde 0328 f91f 13cc cdee f1ee f82a  ..l..(.........*
00025c00: 09ff e630 f12f db42 311d 211e 031b f994  ...0./.B1.!.....
00025c10: 2218 04ef ead0 4db7 36e8 02dc 140e e9d6  ".....M.6.......
00025c20: d6a9 7f37 0fef 9dd2 1ce5 a0f5 ffd1 bf3b  ...7...........;
00025c30: e3df 0953 d42f 3306 3f01 23ea f2f2 1002  ...S./3.?.#.....
00025c40: e33a 12e4 013c 4ae6 ebf4 e2d2 0d26 0afe  .:...<J......&..
00025c50: daf8 2514 f0eb e0f8 c3ed f13b d505 d4c3  ..%........;....
00025c60: b6e5 2de6 fac6 d7f5 f4f1 f816 4528 0238  ..-.........E(.8
00025c70: 20f6 18db f501 f91b cdff 17f7 070e e02f   ............../
00025c80: 26f8 efef 2be9 f7ec 01fa 14fc f8d0 0927  &...+..........'
00025c90: f1d6 c1f8 13fc fffb d6da f6f4 f021 001f  .............!..
00025ca0: 590e c5f3 e9f9 f7c0 f0e1 1dda 0253 160e  Y............S..
00025cb0: 43e4 150d 2c22 e847 e5f9 36fe 12eb 0b07  C...,".G..6.....
00025cc0: 171b dc2f d3e8 2213 0ce4 f9e0 3709 e30e  .../..".....7...
00025cd0: f132 ec1d fa05 09f2 d9f4 14ec 15ef effe  .2..............
00025ce0: fdc6 15de 1da5 0add 4011 effa f6da 1615  ........@.......
00025cf0: 1409 1f08 17db 0cfa 1be9 fe17 e80e 0be5  ................
00025d00: fdd5 de24 030f 4311 f50e f9f2 291c 1d09  ...$..C.....)...
00025d10: 150c df1e 0e11 10f1 00d7 ef09 11ac fd0a  ................
00025d20: e104 00e4 06fc 15e8 0f04 41eb f32a 2a0d  ..........A..**.
00025d30: f900 09dc 082a 120a 2311 24e6 10ed 47fc  .....*..#.$...G.
00025d40: edc3 ddf3 dc37 1f02 15c6 1a3c cde9 ddda  .....7.....<....
00025d50: 03ee e8f3 fdb3 ef20 f8fc f6f6 364a e211  ....... ....6J..
00025d60: e6ec f611 05cd d6ec 2d09 fac7 f0c1 cde0  ........-.......
00025d70: 390d d000 1c09 19f1 29a7 f905 1110 e120  9.......)...... 
00025d80: 01fa e200 0d38 0e56 1d1a 7ffe e7e4 50cf  .....8.V......P.
00025d90: 05fd 06bc 0d12 fe09 29d9 0fd4 fcfb fe45  ........)......E
00025da0: faa6 dde8 fee0 3cf6 d741 2209 03d2 c9f5  ......<..A".....
00025db0: 08b7 69da 0014 df0d 0907 206b 07f6 fbdb  ..i....... k....
00025dc0: c131 b5a9 214c fc04 0934 f629 ecc0 f923  .1..!L...4.)...#
00025dd0: 1ae3 e444 caff 2e21 e53f 000c c4ee 8cf9  ...D...!.?......
00025de0: 519e 1bf6 0bbe de54 ff16 f247 0b22 e82f  Q......T...G."./
00025df0: e0f9 fb04 1ffa 0e0f 10da d420 13ee cd43  ........... ...C
00025e00: 032f dc43 e3e3 f80a e2f8 15f1 e5ef b31d  ./.C............
00025e10: 31b3 eab7 dae9 e0f2 f40b f6ec 14f0 17f7  1...............
00025e20: 1406 12e2 130f 501e 2bf7 1f0e 1cf2 dff2  ......P.+.......
00025e30: 1500 0df6 12f4 10fa 1435 fddb 0e05 0e12  .........5......
00025e40: 17c9 1008 c9d9 2df8 0aa9 cfb7 19e4 3af3  ......-.......:.
00025e50: f264 8ad7 23da e5e3 f5db 07e5 c6f2 c707  .d..#...........
00025e60: b827 282d f511 1bed e236 071b 3202 f1f9  .'(-.....6..2...
00025e70: ecc9 1d34 2917 1704 b7d3 f8f5 e6f7 01e7  ...4)...........
00025e80: fe48 f2ed ffbc eceb 0708 0fef f0e5 19f2  .H..............
00025e90: e710 1e1b 285e 1904 f7ea 2106 30ce 0313  ....(^....!.0...
00025ea0: ea57 fe10 edef 1ebb 070c 1610 c304 061c  .W..............
00025eb0: 01e3 1be6 3b1c 48d1 e6d8 ebf7 09da 1e31  ....;.H........1
00025ec0: e6fd c5c5 fe40 eb4d e3db f6fd 4604 dcc4  .....@.M....F...
00025ed0: 101b 32d5 fb09 2005 0c24 1b19 e32d 9b1c  ..2... ..$...-..
00025ee0: 2938 0400 5b2d 230b ee58 f100 26cf ea57  )8..[-#..X..&..W
00025ef0: f0f4 a228 a5e5 2505 30fe 0d46 27e1 f2df  ...(..%.0..F'...
00025f00: daef 17d9 3e18 f430 0913 3a0f c90b 05df  ....>..0..:.....
00025f10: 2840 20cc 160e baf9 0ae8 192a 1ffa e4ed  (@ ........*....
00025f20: 2b10 c0fb d8d9 f4f9 f3f4 f8c1 37f7 195a  +...........7..Z
00025f30: acf4 1009 374f e436 e312 1a2f 13fb d794  ....7O.6.../....
00025f40: cbf4 21f9 c4fd 4105 00b4 4301 8712 eb12  ..!...A...C.....
00025f50: e00f 1704 f5a2 14f3 fe08 0634 2112 fe07  ...........4!...
00025f60: f383 1606 e14c 0c11 142e efeb 28dd 00b7  .....L......(...
00025f70: c621 27f4 e20a 0be0 e420 7f3b 38e3 f335  .!'...... .;8..5
00025f80: 9ced dc33 d2df 02ed beff 05fd e3c9 c607  ...3............
00025f90: 5ade 0c27 a462 d927 3c10 d446 32c7 2518  Z..'.b.'<..F2.%.
00025fa0: 0b23 e5b9 2a43 bed5 0bf6 79ef 14f1 de04  .#..*C....y.....
00025fb0: ac0d 15f3 ed19 f9d9 e1f9 3511 2dda eae5  ..........5.-...
00025fc0: 463e f8cf 13fe e721 04ee 00d1 d718 2534  F>.....!......%4
00025fd0: 1ff0 2824 1900 0d05 3c54 f80b e70e e2e2  ..($....<T......
00025fe0: 1cb6 10df 3ab7 0eee 1e65 0ff6 fe15 f30f  ....:....e......
00025ff0: 23b4 0ef2 1526 31c4 41fc 229c 51c1 3fc0  #....&1.A.".Q.?.
00026000: 0eef a0f0 cfb4 aedd e8ea 4943 ecee e405  ..........IC....
00026010: e233 16d8 07c0 1dd0 fb4d fa0c 13ec 13aa  .3.......M......
00026020: 1721 19e5 e3f4 d0e8 0cea f3e8 19f7 f016  .!..............
00026030: c254 f7f2 eee1 c0da 37d6 e631 e4cb fe1f  .T......7..1....
00026040: fb03 fee4 3935 08ed f501 0aec 0606 d827  ....95.........'
00026050: f85c f6bb eb10 decb f9f7 e6d9 3818 ee31  .\..........8..1
00026060: 2afc fa0b f8ed 00fc 8711 1e3d dc1a 0602  *..........=....
00026070: 1fb6 11f9 f1d9 c5f1 0f4d 1206 e4f6 1d03  .........M......
00026080: 07f8 16f3 01ff 07e2 f703 eedf 2725 faf1  ............'%..
00026090: fc10 0b1f f006 e6a6 22e4 0a2a fd35 2df8  ........"..*.5-.
000260a0: fee6 c445 2e50 4ed6 dbae 342d dd5e dc47  ...E.PN...4-.^.G
000260b0: eb44 e1dc cffa d42a 02e6 dc05 3638 100e  .D.....*....68..
000260c0: f154 ed21 fd0c 0dda f138 0bae 10da 0407  .T.!.....8......
000260d0: d2e0 e03d 41ea 48fa e8d2 0fd3 fef0 27e0  ...=A.H.......'.
000260e0: 1849 d1ed edec eb30 13ca 673d f503 0601  .I.....0..g=....
000260f0: c8c6 f7eb ca2b 11fa baed 16ee 68c0 5525  .....+......h.U%
00026100: 2921 00ec f9dc 13d4 c8fc fb1e b6b9 a414  )!..............
00026110: f44f 1ab4 0007 01d1 14d7 3c63 98de d82b  .O........<c...+
00026120: 26dc 1eb7 ebe6 fb0c 31fd cff4 3c9a aa67  &.......1...<..g
00026130: fcf0 0502 e8cd 46dc db04 9c72 c4b3 810f  ......F....r....
00026140: 130e 07d4 1beb b3e7 05d0 0821 b92d 1229  ...........!.-.)
00026150: 0fe7 2908 02ac 0805 1302 ebe2 fd94 e5d1  ..).............
00026160: 310a 20f6 12b5 e2e7 e41a 1f64 ec12 a8fc  1. ........d....
00026170: eadc 2309 0301 cdf6 ca13 2ae2 3603 0abc  ..#.......*.6...
00026180: fc39 122a 2322 1763 d1d7 37db 040e 18f2  .9.*#".c..7.....
00026190: 12f1 fa45 1dee 09f7 2f1a d1e8 1342 ca00  ...E..../....B..
000261a0: f9b8 de24 e5f4 3014 d0e1 f0c8 e620 d1da  ...$..0...... ..
000261b0: 4c64 a80a 180b ea54 d2e0 f6ea c549 fb19  Ld.....T.....I..
000261c0: f7af de21 eb25 1124 0526 dd22 02b8 d5ec  ...!.%.$.&."....
000261d0: 3fae 2c24 24d9 4b20 fbe9 1012 16f8 08d5  ?.,$$.K ........
000261e0: 2f05 1925 1dcc f127 16d1 f79d d019 f6bd  /..%...'........
000261f0: c8bc 224a 3542 f417 2323 2eec fcee f2e1  .."J5B..##......
00026200: 03ea ea0c 05ff 4e27 e7d8 2fbf e514 21f1  ......N'../...!.
00026210: cccb f51d 1f16 1a20 36eb a4f2 ee15 f0f6  ....... 6.......
00026220: 25e2 251c 31c8 0b12 04df c6fb 05d8 2204  %.%.1.........".
00026230: bc0f 32fe 0906 f51c 02f5 20f6 e001 c207  ..2....... .....
00026240: 0c0b d149 bbdc 0518 00e3 30c7 f4d6 cc30  ...I......0....0
00026250: ec31 0fbd c8d8 0924 3409 0d0a d5f7 ad1e  .1.....$4.......
00026260: 1b49 22dd 13d1 1dd1 fc16 0528 d032 1ad5  .I"........(.2..
00026270: 0bba 101b f0ea e9c6 2df4 0fe6 e7f8 2903  ........-.....).
00026280: fee4 cf0b e6f0 dde0 2bbf f902 18df 1d11  ........+.......
00026290: fefa f215 0be8 be03 ecc6 1026 41ec 16d9  ...........&A...
000262a0: 1a32 101a d7c0 def0 ffe6 0db9 15eb e2eb  .2..............
000262b0: 29d8 30ed d85d d204 2714 3c0f 20ce dad9  ).0..]..'.<. ...
000262c0: 0724 28db 52dc 3fe2 ebe5 2d35 e5fb fbc5  .$(.R.?...-5....
000262d0: e024 6b7f ce17 2a15 9e18 32f4 1c02 b2fe  .$k...*...2.....
000262e0: b510 a530 bc18 0913 47bc 3b2f 2ccc e657  ...0....G.;/,..W
000262f0: 43eb dadb 483b 39f6 04a7 54fe ffc0 00dd  C...H;9...T.....
00026300: ff23 06e4 ff0e f2dd e706 1407 5744 19e7  .#..........WD..
00026310: fddf bf22 b12c 00eb b5ee 2bdb e7d3 0c1f  ...".,....+.....
00026320: 222a cd24 060e f556 2722 291e f8da e5f7  "*.$...V'").....
00026330: fbbf 0126 d8fc e8ff 11ff ef16 9c14 3608  ...&..........6.
00026340: 0606 eb06 10f0 1227 05bf b2fe f3d3 0f21  .......'.......!
00026350: 061e f1f9 0e42 00b5 1bb2 f8ef e709 41e3  .....B........A.
00026360: c024 1eec ecef fe1b fbec d30f dd7b c452  .$...........{.R
00026370: 0b35 0ad3 2016 fcdf ea0c c73e e41e ffdd  .5.. ......>....
00026380: 34bb 12ed 0a27 03de 2d2c d6da 27ef e140  4....'..-,..'..@
00026390: 0e19 f1d8 3513 1008 02eb 091d 0c42 c0e5  ....5........B..
000263a0: 27da 02e1 1a07 1943 f1e7 ed07 18d6 09fa  '......C........
000263b0: 05f1 0ef9 ffd0 1623 9118 52bd ece1 2ffb  .......#..R.../.
000263c0: 08fe 1ee8 acd2 f6de 05ad d7b6 bbd8 25ef  ..............%.
000263d0: 1402 f0ea c8fd f6fa c0c8 aa14 cdfb dce6  ................
000263e0: 133a 0f3b d526 d4f4 1003 4b30 2f1d f9eb  .:.;.&....K0/...
000263f0: ec36 1c23 21fa 15ee 0a07 1830 d4b6 fff7  .6.#!......0....
00026400: fc2f fcfa 0822 1ff3 17fb f1ed d93a d51d  ./...".......:..
00026410: f207 fffc f73a 8152 1112 f803 30f6 0028  .....:.R....0..(
00026420: f60b f5fb 1d1c eb01 e9ff da27 1add f61a  ...........'....
00026430: 04fe 0e05 e1e1 150c 17e2 263f 0f05 f31e  ..........&?....
00026440: 00cc 1120 faf3 eb1f babd 1227 0d0f fded  ... .......'....
00026450: 3007 3513 f114 bae3 0ddf f40a f4f3 e4cb  0.5.............
00026460: 0fb1 261c 29fa 1202 d5e4 dddb eafb f6d4  ..&.)...........
00026470: 36f0 ff39 1cc1 fda6 59d8 251b ef38 0827  6..9....Y.%..8.'
00026480: e919 1df2 3a12 2a29 3a08 cbe3 2710 9c14  ....:.*):...'...
00026490: e402 0918 5832 101c 37d2 e4c1 b511 fc30  ....X2..7......0
000264a0: d40c 07f0 f706 45bf e8c6 cef4 c41e e704  ......E.........
000264b0: 0628 f7b1 ee1f 421b 2ed7 2212 0ac8 b4e0  .(....B...".....
000264c0: ec22 2e08 e4f8 0f25 01fc d7cf 11ab 33c9  .".....%......3.
000264d0: 221b f631 ec18 1807 eeea 1406 e32c ebd1  "..1.........,..
000264e0: 1700 d6ef ee15 fd26 1dfb 17c9 0bf1 0923  .......&.......#
000264f0: 11e7 220a ca2c f101 eae1 f10f 0306 011c  .."..,..........
00026500: 0609 0bdd 2ae2 06c9 e2ed c317 e930 f517  ....*........0..
00026510: d6ea 0bda ec3b 252a 2dee 34fc 2533 d716  .....;%*-.4.%3..
00026520: 15f5 0bcf 0d06 16e4 fdfc 3939 cbec 1733  ..........99...3
00026530: fe12 0501 ecca e41a 1d31 ed0a 0e0a 1b0a  .........1......
00026540: ff22 e902 df24 19cc e8e8 f200 0be0 e303  ."...$..........
00026550: f4de ef12 ddf6 f801 11a7 2810 f531 1dc6  ..........(..1..
00026560: fb1e 27fe e20a 4bf7 66ee ffff 0400 0000  ..'...K.f.......
00026570: 6000 0000 e9f5 ffff f403 0000 0c2a 0000  `............*..
00026580: 1d42 0000 09f6 ffff 08f3 ffff ddf3 ffff  .B..............
00026590: e7fd ffff 0015 0000 cd19 0000 a81e 0000  ................
000265a0: 110e 0000 b310 0000 921a 0000 b10b 0000  ................
000265b0: a718 0000 8a00 0000 dbfd ffff 731c 0000  ............s...
000265c0: 2cfc ffff de0c 0000 5309 0000 03f7 ffff  ,.......S.......
000265d0: cc04 0000 d2ee ffff 0400 0000 200a 0000  ............ ...
000265e0: e401 f4f6 dcfa f610 ef17 e420 19d6 ff11  ........... ....
000265f0: b355 1227 cce6 dd01 eb0b c1f5 ebf1 8ff5  .U.'............
00026600: 0503 f229 26f0 1b1f b907 023c d5cc 18f8  ...)&......<....
00026610: 0b13 fde4 f6fa eafa 0103 15f3 fad0 1722  ..............."
00026620: c3f0 f123 0008 e80e ff23 e5e5 dd27 fde8  ...#.....#...'..
00026630: f8ef fe3b 0aad ed01 c220 00e0 06c9 46ea  ...;..... ....F.
00026640: 0834 d718 2505 54ef 11ef 0045 14aa f41b  .4..%.T....E....
00026650: 8514 1105 c0b3 8123 cd2e 1115 e103 08db  .......#........
00026660: 0321 f1e5 4bf5 0c13 981d e4f5 e1a1 5926  .!..K.........Y&
00026670: f818 e208 1115 0f15 fefa 095a 0225 e11e  ...........Z.%..
00026680: ef02 b3e8 0aef f9f7 0414 0b1f 210c cef8  ............!...
00026690: 0fed f2d7 21d1 ee20 9204 e4fa f6ea 1ef6  ....!.. ........
000266a0: 0af4 f007 0306 05f1 10fe ece9 20de 1a2c  ............ ..,
000266b0: 8a11 f902 eedd ebfd f902 0400 06ed d512  ................
000266c0: bc0d fb34 01df 1804 9b5a 06f8 2d0a e6f3  ...4.....Z..-...
000266d0: 032f 1b1f fbff e8ec 12d9 ec0b da0b 2c54  ./............,T
000266e0: ac3a f2d3 7432 111d f300 421d df18 d7c7  .:..t2....B.....
000266f0: 0418 f808 3604 fd1d c1ff 09ce 4231 292f  ....6.......B1)/
00026700: c015 4862 3d01 651b 3be0 0137 0708 fd11  ..Hb=.e.;..7....
00026710: 9955 ecde 20e7 fd15 fb07 7f68 2623 22fb  .U.. ......h&#".
00026720: 0fe2 dd20 f8d1 bd1e a577 d6c0 6a2d 0f3d  ... .....w..j-.=
00026730: 122b 2a3f 190f f2f6 0f0a f0ed b1e5 fe1f  .+*?............
00026740: e914 b4d5 5317 e3f5 e3ee 2f16 1c5d c92b  ....S...../..].+
00026750: b2e5 d707 0cd9 e9f9 f8db e722 0512 f7f7  ..........."....
00026760: ecfc 3521 0b36 0b17 03e3 06ec cae1 e702  ..5!.6..........
00026770: be3c dbf7 2b48 07c3 0bf8 1161 0ed6 07ea  .<..+H.....a....
00026780: 3204 180f f4fd dcf8 1400 dfd0 f026 0df6  2............&..
00026790: e301 1df8 2345 0aea 64f0 0b1c fa05 d6e5  ....#E..d.......
000267a0: 03bb fe30 0c0d ce3b d84a 2321 38ce 44e8  ...0...;.J#!8.D.
000267b0: 1e1b 9ffc ed1b def7 ecca 1623 0a24 0ffe  ...........#.$..
000267c0: fe0c 0c1d 270f f6ec 2110 eb18 eefe f512  ....'...!.......
000267d0: 17d4 0225 1d16 f022 8f4b ca23 1b29 d608  ...%...".K.#.)..
000267e0: 061a b3e2 fbe2 09df c8ae 0e5b 1302 22e2  ...........[..".
000267f0: cc11 0312 15fb ebc2 7f33 cde5 00c5 ceca  .........3......
00026800: 08fc e555 453d 0edf ebfc 054f 11e0 d9db  ...UE=.....O....
00026810: f007 a5f6 d607 03f2 12bc db04 351e f809  ............5...
00026820: e8f7 db0b 17fa fa1b ff26 ca1d f6cb fff7  .........&......
00026830: d50f 431b 06f7 f707 ce1c 05ff d323 00f0  ..C..........#..
00026840: 1623 b918 bdd1 3b97 08b4 fbf9 6d05 2c1a  .#....;.....m.,.
00026850: cf0d 2306 c612 ef10 2af2 cd1b 09e9 1edc  ..#.....*.......
00026860: 04f4 02ec ec1f 0d02 fbc6 ea12 f3f5 191d  ................
00026870: 0322 dbf2 31d9 fc40 edf5 0f2c ed12 1118  ."..1..@...,....
00026880: c8e8 def4 06e5 4709 f815 d6e7 3cdb f9ea  ......G.....<...
00026890: eb08 c835 e837 f3fe f2f4 fb02 f609 0709  ...5.7..........
000268a0: 03e8 f104 1bea 0eef ef1c e314 f40f 0531  ...............1
000268b0: e9f7 da06 bafd f304 0b23 f9f6 3fd7 eadc  .........#..?...
000268c0: f518 fb24 ee34 eff7 f2e8 e234 a812 e1ec  ...$.4.....4....
000268d0: 2213 fc07 7fb7 06ea f918 e545 ee39 0d1b  "..........E.9..
000268e0: d5eb f509 bd06 d8e8 d205 ea02 2edc ead8  ................
000268f0: fb0d e329 fd19 f82f ea1d fb27 eb04 02f5  ...).../...'....
00026900: f80a 1005 26e1 00ec 0dfa fbfc f9ef 1a05  ....&...........
00026910: 061f f90a c304 04ec ef0c eb10 29d6 ebeb  ............)...
00026920: fcf8 f10d fff4 eff4 fdf2 f218 d319 fcf4  ................
00026930: f2f7 f1f5 26d7 fdfc 07e7 f1f6 f208 0a0b  ....&...........
00026940: ea18 19f2 d4e5 bcf8 ddfb 2a06 2bfd f11f  ..........*.+...
00026950: 1a1f fcfc d008 f906 ddf0 2381 12fa dd19  ..........#.....
00026960: 23e1 01f6 2b09 2c14 4d46 e00b f2c3 fd2b  #...+.,.MF.....+
00026970: 0602 ffd4 06fd fad4 010a dece d6fb 0f0b  ................
00026980: 0e0a e41a 15cd 0936 f210 2fa2 11c2 f3e1  .......6../.....
00026990: 46d8 2ade 4713 4619 3028 f8bb be09 e9ff  F.*.G.F.0(......
000269a0: dfe0 1387 0ab1 2ed6 22db 1ddb 6528 240b  ........"...e($.
000269b0: 2722 10e9 f4c4 1449 0eed 08bd ebe9 2710  '".....I......'.
000269c0: 1e22 eff1 13fb 281d 0d18 cefe f6f9 e445  ."....(........E
000269d0: db21 00c7 e7e9 0ff7 e8fe 0ef9 0dde 1e29  .!.............)
000269e0: 04fc 1418 2318 fb42 0cdb 05d4 f5ed 06e5  ....#..B........
000269f0: 3c0d 27e3 37f8 2828 1ac6 39f2 2d1e f94d  <.'.7.((..9.-..M
00026a00: e8ec 04a6 d715 4cef 29ea f7fd 0b16 fe01  ......L.).......
00026a10: f0f7 fe25 10f2 0e5c 32d6 eef3 1811 fb16  ...%...\2.......
00026a20: 3738 c5f3 f114 0b2f 0012 cd06 0ae7 0ef7  78...../........
00026a30: 07cd e3dc 161e 25fd 4f28 dbe9 d9d7 cd1b  ......%.O(......
00026a40: 0c52 3232 dde6 1f31 bed9 c60e e803 14cc  .R22...1........
00026a50: f5f0 c3fc feef e50f f9f5 3b1a d9fc f43d  ..........;....=
00026a60: dbe3 d5ec dd35 1405 353b cc33 efa6 f019  .....5..5;.3....
00026a70: 23df 0b13 2b06 f103 aa06 cbc5 cb59 06f8  #...+........Y..
00026a80: 1937 d041 fbe3 bdec 437f da33 1301 f80c  .7.A....C..3....
00026a90: f4c7 e5f7 972c dfcc 26f0 b5f6 d3cd da30  .....,..&......0
00026aa0: 1630 4404 de47 f8fc de1f 0e13 dd07 dc15  .0D..G..........
00026ab0: 0535 be1b e1d1 f5d8 3ef5 ab00 f5f9 07f7  .5......>.......
00026ac0: ce57 2414 c320 23dc fc33 d940 f2f4 b0fa  .W$.. #..3.@....
00026ad0: 3d09 140b 0bd1 edd3 ff18 c928 01f6 feea  =..........(....
00026ae0: 0a03 e834 d80f fa07 12f2 17ea fcf4 1df5  ...4............
00026af0: dd0a e2ef 2808 2abf c504 fb05 1447 0efc  ....(.*......G..
00026b00: 1525 0940 eb18 1dc4 f4d2 e6f1 eeec 18aa  .%.@............
00026b10: ff13 d610 1b42 fd0d eefd 0c0a db5b d61c  .....B.......[..
00026b20: d808 f3f1 feb7 0def d2fd f0fc 0f0d 22d1  ..............".
00026b30: f900 09f6 f60b 1703 16f6 08e2 e1e6 e9db  ................
00026b40: dd11 ba3b df22 fbdc fbf3 072c 0d14 e9fb  ...;.".....,....
00026b50: c61a e818 c3fc 1587 da0c 8121 e741 3603  ...........!.A6.
00026b60: 18fe 3e42 0b75 ee2e bff0 06ed d9fd e9e3  ..>B.u..........
00026b70: d40d 9706 3222 3333 d31a 291e f74a fb33  ....2"33..)..J.3
00026b80: f422 22e8 e5f9 c3d2 252a 004c f60d effc  ."".....%*.L....
00026b90: 09e5 ee18 1ef3 0225 ed0b 4027 f6fe dcea  .......%..@'....
00026ba0: b30c cd31 c4db f2ce eff0 1d33 00ec 0c2d  ...1.......3...-
00026bb0: f5f0 fa05 d411 d8f1 bf30 9cf0 a41b e020  .........0..... 
00026bc0: 25d5 ec1a 3aea 0f51 ff20 eaef 02ee f111  %...:..Q. ......
00026bd0: 13cf 0916 0bec 2a09 effd 08fc e803 26ef  ......*.......&.
00026be0: fafd 2b0a 01f4 21fb 21ee e1fd 03fd f6e9  ..+...!.!.......
00026bf0: fa03 2113 eaf6 c20b f1f4 ddf1 ebf8 08ff  ..!.............
00026c00: 1eed f40d 01fc 0101 ff11 fdfb edcb 390e  ..............9.
00026c10: 06e0 f4fd fff2 122a 0bf3 f520 0204 eb13  .......*... ....
00026c20: ea18 0816 eafc 3c06 f9b8 fb39 c9f7 5b19  ......<....9..[.
00026c30: 3ef1 e810 23e4 3ef7 f7f2 2cec f61a 81fe  >...#.>...,.....
00026c40: 03e2 0f10 e0f4 fc0a 24ef d6db e5fc 2dd7  ........$.....-.
00026c50: fe03 fedc e809 4202 0802 05f4 f210 c6ff  ......B.........
00026c60: 02fe e814 fe30 fcf3 1002 dcff 1200 3009  .....0........0.
00026c70: 03c1 fc29 02ea c8f1 1b34 fdf3 04f3 f2ee  ...).....4......
00026c80: f8f2 1aee f820 c90c f20d f119 e005 f4f9  ..... ..........
00026c90: 07f6 dde8 010e 1b1c 01ec f20a 0acd 2415  ..............$.
00026ca0: f707 fff7 0b05 c613 fc03 f9fa 13fe 000f  ................
00026cb0: fd09 0eed f403 fefa f1f5 f4dd 1612 b901  ................
00026cc0: 12ed 05f4 09fd 0e10 f8f8 0cdf 0611 ff06  ................
00026cd0: 0702 f20d f50e d2f1 0f01 eef1 f5fc ec0a  ................
00026ce0: f3e5 fcec 030c 0a0b fe01 0ddf f114 360c  ..............6.
00026cf0: 2af5 0004 02fd 1710 14f1 03c3 061f 080b  *...............
00026d00: 0af0 02f3 ff2b 620f 14f7 0ff4 fcff 080e  .....+b.........
00026d10: fe03 09b2 0b0f 0a2a f4ed 05f5 1526 7f08  .......*.....&..
00026d20: 0d05 f8f6 fbf4 03f3 f702 15f2 05f4 e60f  ................
00026d30: fafe 01e9 0a03 e607 f1fb 0405 fafc f902  ................
00026d40: 03fa f302 fa0c e113 0ce5 f4fc f40f ec03  ................
00026d50: 0709 fe09 14fb ef1b f301 fd02 fd13 f311  ................
00026d60: 00f1 05f4 fe13 f20d 08ec f905 f4ff f0ff  ................
00026d70: fbf2 e712 04fe 2003 e905 fee4 0eed f5fb  ...... .........
00026d80: ed15 c302 1bd1 0012 1c09 09e2 e50d f602  ................
00026d90: d108 24e9 ea16 37e8 49fb c602 2afa ffe3  ..$...7.I...*...
00026da0: 5621 d2f9 deed 2202 fd00 1c06 110d 360a  V!....".......6.
00026db0: 19d6 c6e7 efee 0ce2 e109 c0dd faf7 fc09  ................
00026dc0: fae8 ffdc c8cf df08 2942 caf3 23ec e70e  ........)B..#...
00026dd0: 0a0d eb12 c816 eaf5 cacc 4220 cb18 d6ec  ..........B ....
00026de0: 430a 81f0 09f4 13dc 2711 ebb4 d90d fc1d  C.......'.......
00026df0: e9f6 25ed e71f 03e6 41ef a809 1f09 16fc  ..%.....A.......
00026e00: 0bcb e3dc fde2 ef02 e415 0bf9 c6ff d6d8  ................
00026e10: 0b30 dffa 0e0c fbf9 16e8 fbf1 2408 0a07  .0..........$...
00026e20: 03de 2bfd e015 1af6 2d14 b32d 1dfc fdf1  ..+.....-..-....
00026e30: 05c4 cfd8 2207 1314 0be2 fbeb e5f5 44f8  ....".........D.
00026e40: 240f b7fd 15f0 2b05 03f7 13ec 2ae3 f908  $.....+.....*...
00026e50: dc11 26ce 0a33 0eed 3d03 e617 f930 09f1  ..&..3..=....0..
00026e60: e2c9 f430 1514 0d1c 0f10 09f6 e8dc 42dd  ...0..........B.
00026e70: 0d49 b3fd dd17 0b0a ebeb 162e 0440 0612  .I...........@..
00026e80: ef06 fee2 e4f8 3205 b819 ba13 0604 0ee4  ......2.........
00026e90: 12fa f729 0820 fdfc 1a26 f707 e9f3 f3f4  ...). ...&......
00026ea0: 3b5b 950a ede0 1204 c20d 1745 fcf2 f907  ;[.........E....
00026eb0: f504 361a dee3 f0d0 4559 8e21 effc 02d5  ..6.....EY.!....
00026ec0: ebe9 1561 1a26 fdfa e9f9 2d10 d8eb d7f8  ...a.&....-.....
00026ed0: 2b1e 8124 d90e 0cd3 fdf4 1740 2302 fd36  +..$.......@#..6
00026ee0: 14f5 f00c 08d4 fbfa c538 f808 000b edf1  .........8......
00026ef0: 1b27 2424 d1db 02f9 0202 2023 e7d5 dbce  .'$$...... #....
00026f00: fd49 f219 29ef 0e9a 1de2 1523 07d6 130b  .I..)......#....
00026f10: d1ed 28ea ed05 0be6 241b b2fc 0e17 0ce6  ..(.....$.......
00026f20: dee7 0020 1fe6 0c2b 2bf5 160a e901 092d  ... ...++......-
00026f30: f8e6 ca24 dc05 e112 2cf8 28eb 0620 0cf8  ...$....,.(.. ..
00026f40: faef 081b d9d4 4b48 28dc dae7 fb0a ec0b  ......KH(.......
00026f50: 0d0c 65e4 f7f6 ddd7 f4f4 daf2 f2cd 1f15  ..e.............
00026f60: d628 e201 00ff b4f7 0709 16df f0f6 0903  .(..............
00026f70: 111e f0e2 fcee ea55 0cd5 ccc9 ed0b cc2d  .......U.......-
00026f80: f81e 25fb f6e4 0a09 db08 ece6 dd11 c65c  ..%............\
00026f90: ccea b215 dc22 813a 1f15 44d7 ddd7 1353  .....".:..D....S
00026fa0: d0d1 0002 04fd 5844 1fde e8fe e9f3 a81c  ......XD........
00026fb0: f527 641f dac9 0a17 f11d ee21 0ff7 0314  .'d........!....
00026fc0: 24e7 e2ff f40f fd2b 0d10 1adf d703 ec05  $......+........
00026fd0: e3fe cbfc 11e1 f024 eed4 e80a f20b d84d  .......$.......M
00026fe0: 141d 1606 ddf8 ff27 fb04 fdeb f004 da0f  .......'........
00026ff0: 03f4 e8f8 d30e db37 1806 29eb 0109 143f  .......7..)....?
00027000: fef8 ffff 0400 0000 3000 0000 8a05 0000  ........0.......
00027010: e8f2 ffff 61fd ffff eefa ffff 881e 0000  ....a...........
00027020: e815 0000 fdfa ffff 6ff4 ffff c10c 0000  ........o.......
00027030: 790b 0000 23f4 ffff f215 0000 3af9 ffff  y...#.......:...
00027040: 0400 0000 6003 0000 e819 1ffa 35f8 f896  ....`.......5...
00027050: 0cd1 fef0 01f3 e615 ee08 1bd9 03dc 21d2  ..............!.
00027060: 29fd e9f7 d0f4 127f f2f3 f6e7 06cc eb0d  )...............
00027070: f6e8 0431 e596 2812 f831 daf7 d934 382e  ...1..(..1...48.
00027080: 1bdb 1ce2 f711 d6fb df03 f9d7 e73f 270a  .............?'.
00027090: f60c fa08 eefe 1614 0ac0 1cf1 c104 be23  ...............#
000270a0: eccb f7b6 dbf1 4614 d71c d601 121b dfa8  ......F.........
000270b0: 1a0f 31f6 fdef 1514 3805 f92a d7ec f929  ..1.....8..*...)
000270c0: f25f b829 37f0 0a38 f9ea 0c0e 1e02 fbd9  ._.)7..8........
000270d0: d21d 0fe5 0ff6 0c17 d544 b20e 0ef7 09cd  .........D......
000270e0: 2bd2 351f ef4e da06 1626 f726 d6d7 3ff8  +.5..N...&.&..?.
000270f0: f925 d7ed ffff 0a4d de17 09ce 1912 f5f7  .%.....M........
00027100: c1fd fe81 d716 1df0 f73d 98e6 001c fa30  .........=.....0
00027110: 01ed 4ee3 cdf2 edf7 0302 04e6 e5fa 1906  ..N.............
00027120: bc0c 0100 ed10 110a 1c08 f4e6 c7f4 0ddf  ................
00027130: e105 1c17 0cff fcde e401 00e6 170d 06f3  ................
00027140: 1b09 e81d dbfe 1804 ed12 11b0 0513 ebdc  ................
00027150: 81ed f4fd 0e0f 303d 0a0e cf10 cffb f8fd  ......0=........
00027160: ea13 251b 0e04 fc11 e4fc f21e fafc 12e2  ..%.............
00027170: 1215 ec04 acfb 0305 fd1d 28fe 0d06 dcf7  ..........(.....
00027180: 04fc f7f9 e6f8 1606 0708 fae2 ceec ff1b  ................
00027190: ec17 f6d5 f610 ffd6 81e5 2522 ef15 f3d3  ..........%"....
000271a0: f3fb fef3 d71c e816 6800 1cbd d2ee cc29  ........h......)
000271b0: 9bd2 09f9 140d f7d4 04fb 0a2a 93fe a763  ...........*...c
000271c0: 393e b884 b633 1de8 bbeb 0b03 ff0a f9ab  9>...3..........
000271d0: dffa f710 ce1b f80e 1816 b6e7 ea0f 0df2  ................
000271e0: cfd7 f123 0ff9 e1b3 fdfb 2002 06ee da09  ...#...... .....
000271f0: d02c 19b4 1717 06fe faef e708 fa16 f4d7  .,..............
00027200: f70d e9fa 02f7 c708 0bcd 281e 0436 eb10  ..........(..6..
00027210: 33ca 111c f523 174f 1bf8 d921 1500 2f3e  3....#.O...!../>
00027220: 27f4 395b ed09 8e03 fc02 f077 262f 53fa  '.9[.......w&/S.
00027230: 131c 81da f5f7 d442 25d2 2cea 1c14 e241  .......B%.,....A
00027240: 05ec d345 13ea 2413 0116 eff3 2405 125e  ...E..$.....$..^
00027250: 27fa 462f caf9 974e f011 141b ebec f006  '.F/...N........
00027260: 0103 a0d7 2019 01f7 d118 29a2 0908 e51b  .... .....).....
00027270: e2d7 0930 cc0b fdd7 fc37 f826 fb00 dc15  ...0.....7.&....
00027280: 0bf6 2712 e358 f113 cde5 e241 defd 110c  ..'..X.....A....
00027290: e643 ef37 1111 d35b bae4 2794 f85a e92e  .C.7...[..'..Z..
000272a0: deed 1e3f c20a 088f 0b33 d83a e6f5 f945  ...?.....3.:...E
000272b0: cde9 f429 2129 f124 d9ff d442 dfed 3026  ...)!).$...B..0&
000272c0: 212f d434 f404 fe18 fcea 0581 0518 ffea  !/.4............
000272d0: 060a f2ed 0cef f8f1 1a8b 11df ead5 19fd  ................
000272e0: fd3b 34c7 e3b5 e5cf d908 1500 fa0a 23f0  .;4...........#.
000272f0: 042d d5e6 01dc e5fd f820 0848 fa81 f704  .-....... .H....
00027300: 08f7 d717 f231 2a02 dfdc 0e0e bdff fe38  .....1*........8
00027310: e20c 22bc d43a d8cf 1c03 f420 e033 e6c6  .."..:..... .3..
00027320: 24c7 0af2 d6ed de0f fcd4 f1d7 da02 f5ee  $...............
00027330: f61b dd2f 0222 14c4 08f5 f405 f8ed b955  .../.".........U
00027340: 2c5e 960f ab07 ca05 efd6 1121 0925 0e92  ,^.........!.%..
00027350: fb2a d93a 1fff f2f5 d407 e417 4b36 af1b  .*.:........K6..
00027360: 1ee5 ab52 e1f0 0e49 0d0a d8ee 171b a97f  ...R...I........
00027370: c860 f2e7 6377 ede5 03fa 18f8 def9 ca9b  .`..cw..........
00027380: 194e e9eb 39bf ee11 ca2f 440b 4a19 9a12  .N..9..../D.J...
00027390: 1843 9150 f7d7 1f41 4224 2cdc d7fa f041  .C.P...AB$,....A
000273a0: f7d4 160d a235 44ed a6fc ffff 0400 0000  .....5D.........
000273b0: 2000 0000 2304 0000 e306 0000 da00 0000   ...#...........
000273c0: 9c01 0000 6bff ffff 22fc ffff 5604 0000  ....k..."...V...
000273d0: 19fd ffff d2fc ffff 0400 0000 4002 0000  ............@...
000273e0: d3f1 fbdb f3eb 67f4 bd08 1cd7 ef48 c91f  ......g......H..
000273f0: c337 ca76 0781 bb20 ca1c 1024 f9e2 e328  .7.v... ...$...(
00027400: c317 4b18 d7fc 1d01 c93e 1178 484d feab  ..K......>.xHM..
00027410: 0303 f8fc 3b08 a4f9 e3f9 3308 0bec 22ea  ....;.....3...".
00027420: 3ee6 31e7 3b24 e0c0 f9ec fea9 ddd8 0e0f  >.1.;$..........
00027430: b914 e99e ee25 2618 07ff edda 1f06 08ec  .....%&.........
00027440: fb02 e807 e72d 111c 37df fe81 e1e7 3a7e  .....-..7.....:~
00027450: c4fe 35d5 13e2 1d1a f7fb f5f9 0a11 0dcd  ..5.............
00027460: f8ef 1744 05de 2513 03fa e806 f714 f5f7  ...D..%.........
00027470: 3a2d 0615 1e18 acd0 2376 c4af 0a3b 0a9b  :-......#v...;..
00027480: c149 0838 d3f5 1bf0 4743 fc81 1b4c edde  .I.8....GC...L..
00027490: c45b 18cd 2df1 07c1 f626 fefe e1d6 23cb  .[..-....&....#.
000274a0: d5db 073c ff14 2344 0c2c f100 20d7 39d4  ...<..#D.,.. .9.
000274b0: f821 0ceb e5e0 000c d015 c40d 24f9 7133  .!..........$.q3
000274c0: 0fda 1731 c009 43dc 10d4 300c 1cdf 0f09  ...1..C...0.....
000274d0: e27e d713 1d1e e2b4 eeb4 fb4d b53d b9dc  .~.........M.=..
000274e0: 0516 0cf9 05ef 2bf9 f52a f938 5a51 810e  ......+..*.8ZQ..
000274f0: ec38 f52c fd08 d3d4 15d7 debb de17 f3f2  .8.,............
00027500: 0be2 1ad0 0014 0706 f83e c103 fbce 4c29  .........>....L)
00027510: f205 1605 30ed 03f3 f1ff 06ea d70b 1e28  ....0..........(
00027520: e415 c27f 4d17 e226 1af4 120b 0f01 f500  ....M..&........
00027530: f7ee 1507 efe0 0af2 0f08 f3ef 301b bc1c  ............0...
00027540: 09ef 19f1 f8ef f5f2 c2f3 fb1c 060c 1a23  ...............#
00027550: e4d4 cdfb 1504 fb08 ecf4 f8bc fffa fdd3  ................
00027560: 0ee9 87e1 0958 17d7 0613 83be 7f6e 0dd8  .....X.......n..
00027570: 0333 bad9 f90b 12ff 2606 c8c4 f3d5 0cff  .3......&.......
00027580: e5fb e221 d6e6 3d1e 0df6 5a10 40db fadc  ...!..=...Z.@...
00027590: cc2e e2f7 f0f4 18f9 b70a 0832 19c7 e819  ...........2....
000275a0: 1be6 cd41 beea cbe1 d9fa 19fe faec 25f4  ...A..........%.
000275b0: ba2b 087f 482d eed1 d132 f708 0ff0 d5fb  .+..H-...2......
000275c0: cf18 12f0 21f6 0005 12ea 20eb 1ce5 e6c2  ....!..... .....
000275d0: d707 0f04 1740 39d3 110e f516 1819 0ede  .....@9.........
000275e0: 58e8 0ee8 df0b c9f2 1428 1209 1d12 dfea  X........(......
000275f0: f137 10fe 0734 f3e9 33db 06c9 04d4 5927  .7...4..3.....Y'
00027600: 0608 c009 0b81 62d5 dbff 0cfc ed3a 0be6  ......b......:..
00027610: b5e6 fe24 1b12 140a f809 0215 e1cd 1a12  ...$............
00027620: 1eff ffff 0400 0000 2000 0000 3d05 0000  ........ ...=...
00027630: de00 0000 6103 0000 c403 0000 d502 0000  ....a...........
00027640: 35fd ffff 7506 0000 f901 0000 4aff ffff  5...u.......J...
00027650: 0400 0000 4800 0000 eeec ff0c 0603 0ee5  ....H...........
00027660: c9f1 22fe 28ec 21d1 eae4 eecd 17e9 110a  ..".(.!.........
00027670: cef6 f706 19e2 2ae9 fe81 7b15 5119 61fc  ......*...{.Q.a.
00027680: e602 4905 1016 02f5 fff6 0801 f3ef 02fd  ..I.............
00027690: 07fd 02fe f72e f50c 0be9 d606 082a fffe  .............*..
000276a0: 9eff ffff 0400 0000 0400 0000 11ed ffff  ................
000276b0: aeff ffff 0400 0000 0800 0000 4000 0000  ............@...
000276c0: 4000 0000 c2ff ffff 0400 0000 0800 0000  @...............
000276d0: 2000 0000 2000 0000 d6ff ffff 0400 0000   ... ...........
000276e0: 0800 0000 1000 0000 1000 0000 eaff ffff  ................
000276f0: 0400 0000 0800 0000 0800 0000 0800 0000  ................
00027700: 0000 0600 0800 0400 0600 0000 0400 0000  ................
00027710: 1000 0000 0100 0000 0400 0000 0400 0000  ................
00027720: 6000 0000 d04f ffff d44f ffff 0f00 0000  `....O...O......
00027730: 4d4c 4952 2043 6f6e 7665 7274 6564 2e00  MLIR Converted..
00027740: 0100 0000 1400 0000 0000 0e00 1800 1400  ................
00027750: 1000 0c00 0800 0400 0e00 0000 1400 0000  ................
00027760: 1c00 0000 6803 0000 6c03 0000 7003 0000  ....h...l...p...
00027770: 0400 0000 6d61 696e 0000 0000 0d00 0000  ....main........
00027780: 1003 0000 d802 0000 8c02 0000 2c02 0000  ............,...
00027790: f401 0000 b001 0000 7801 0000 3401 0000  ........x...4...
000277a0: fc00 0000 b800 0000 7400 0000 2800 0000  ........t...(...
000277b0: 0400 0000 62fd ffff 0c00 0000 1000 0000  ....b...........
000277c0: 0400 0000 0100 0000 2000 0000 0100 0000  ........ .......
000277d0: 1f00 0000 cefd ffff 2000 0000 0000 0001  ........ .......
000277e0: 2400 0000 2800 0000 0300 0000 0000 0a00  $...(...........
000277f0: 0c00 0000 0800 0400 0a00 0000 0100 0000  ................
00027800: 0100 0000 0100 0000 1f00 0000 0300 0000  ................
00027810: 1e00 0000 0700 0000 0600 0000 16fe ffff  ................
00027820: 1400 0000 0000 0001 1c00 0000 2000 0000  ............ ...
00027830: 0300 0000 64fe ffff 0000 0001 0100 0000  ....d...........
00027840: 0100 0000 0100 0000 1e00 0000 0300 0000  ................
00027850: 1d00 0000 0900 0000 0800 0000 56fe ffff  ............V...
00027860: 1400 0000 0000 0001 1c00 0000 2000 0000  ............ ...
00027870: 0300 0000 a4fe ffff 0000 0001 0100 0000  ................
00027880: 0100 0000 0100 0000 1d00 0000 0300 0000  ................
00027890: 1c00 0000 0b00 0000 0a00 0000 96fe ffff  ................
000278a0: 1400 0000 0000 004a 1400 0000 1800 0000  .......J........
000278b0: 0200 0000 88fe ffff 0000 0001 0100 0000  ................
000278c0: 1c00 0000 0200 0000 1b00 0000 0500 0000  ................
000278d0: cafe ffff 1400 0000 0000 0001 1c00 0000  ................
000278e0: 2000 0000 0300 0000 18ff ffff 0000 0001   ...............
000278f0: 0100 0000 0100 0000 0100 0000 1b00 0000  ................
00027900: 0300 0000 1a00 0000 0d00 0000 0c00 0000  ................
00027910: 0aff ffff 1400 0000 0000 004a 1400 0000  ...........J....
00027920: 1800 0000 0200 0000 fcfe ffff 0000 0001  ................
00027930: 0100 0000 1a00 0000 0200 0000 1900 0000  ................
00027940: 0400 0000 3eff ffff 1400 0000 0000 0001  ....>...........
00027950: 1c00 0000 2000 0000 0300 0000 8cff ffff  .... ...........
00027960: 0000 0001 0100 0000 0100 0000 0100 0000  ................
00027970: 1900 0000 0300 0000 1800 0000 0f00 0000  ................
00027980: 0e00 0000 7eff ffff 1400 0000 0000 004a  ....~..........J
00027990: 1400 0000 1800 0000 0200 0000 70ff ffff  ............p...
000279a0: 0000 0001 0100 0000 1800 0000 0200 0000  ................
000279b0: 1700 0000 0300 0000 b2ff ffff 2000 0000  ............ ...
000279c0: 0000 0001 2800 0000 2c00 0000 0300 0000  ....(...,.......
000279d0: 0c00 1000 0000 0c00 0800 0700 0c00 0000  ................
000279e0: 0000 0001 0100 0000 0100 0000 0100 0000  ................
000279f0: 1700 0000 0300 0000 1600 0000 1100 0000  ................
00027a00: 1000 0000 0000 0e00 1800 1400 1000 0c00  ................
00027a10: 0b00 0400 0e00 0000 1c00 0000 0000 004a  ...............J
00027a20: 1c00 0000 2000 0000 0200 0000 0800 0800  .... ...........
00027a30: 0000 0700 0800 0000 0000 0001 0100 0000  ................
00027a40: 1600 0000 0200 0000 1500 0000 0200 0000  ................
00027a50: 0000 0a00 1000 0c00 0800 0400 0a00 0000  ................
00027a60: 0c00 0000 1000 0000 0100 0000 0100 0000  ................
00027a70: 1500 0000 0200 0000 1400 0000 0100 0000  ................
00027a80: 0000 0e00 1600 0000 1000 0c00 0b00 0400  ................
00027a90: 0e00 0000 1800 0000 0000 0008 1800 0000  ................
00027aa0: 1c00 0000 0000 0600 0800 0700 0600 0000  ................
00027ab0: 0000 0001 0100 0000 1400 0000 0300 0000  ................
00027ac0: 0000 0000 1300 0000 1200 0000 0100 0000  ................
00027ad0: 2000 0000 0100 0000 0000 0000 2100 0000   ...........!...
00027ae0: b0ac 0000 54ac 0000 14ac 0000 d4ab 0000  ....T...........
00027af0: 94ab 0000 54ab 0000 f4aa 0000 88aa 0000  ....T...........
00027b00: d4a9 0000 10a9 0000 5ca8 0000 98a7 0000  ........\.......
00027b10: b4a6 0000 c0a5 0000 4ca4 0000 c8a2 0000  ........L.......
00027b20: 34a0 0000 909d 0000 3c55 0000 e00c 0000  4.......<U......
00027b30: 3c0c 0000 c00b 0000 2c0b 0000 9009 0000  <.......,.......
00027b40: fc08 0000 5007 0000 bc06 0000 1005 0000  ....P...........
00027b50: 7c04 0000 d002 0000 2401 0000 6800 0000  |.......$...h...
00027b60: 0400 0000 ea53 ffff 0000 0001 1400 0000  .....S..........
00027b70: 3000 0000 2100 0000 0000 0009 3400 0000  0...!.......4...
00027b80: d453 ffff 0800 0000 1000 0000 0100 0000  .S..............
00027b90: 0000 0000 0000 0000 0100 0000 0000 003c  ...............<
00027ba0: 0800 0000 4964 656e 7469 7479 0000 0000  ....Identity....
00027bb0: 0400 0000 0100 0000 4000 0000 4000 0000  ........@...@...
00027bc0: 0100 0000 4a54 ffff 0000 0001 1400 0000  ....JT..........
00027bd0: 3400 0000 2000 0000 0000 0009 8c00 0000  4... ...........
00027be0: 3454 ffff 0800 0000 1400 0000 0100 0000  4T..............
00027bf0: f7ff ffff ffff ffff 0000 0000 0100 0000  ................
00027c00: 99c6 0a3d 5f00 0000 7365 7175 656e 7469  ...=_...sequenti
00027c10: 616c 5f31 2f63 6f6e 7632 645f 355f 312f  al_1/conv2d_5_1/
00027c20: 4164 643b 7365 7175 656e 7469 616c 5f31  Add;sequential_1
00027c30: 2f63 6f6e 7632 645f 355f 312f 636f 6e76  /conv2d_5_1/conv
00027c40: 6f6c 7574 696f 6e3b 7365 7175 656e 7469  olution;sequenti
00027c50: 616c 5f31 2f63 6f6e 7632 645f 355f 312f  al_1/conv2d_5_1/
00027c60: 5265 7368 6170 6500 0400 0000 0100 0000  Reshape.........
00027c70: 4000 0000 4000 0000 0100 0000 0255 ffff  @...@........U..
00027c80: 0000 0001 1400 0000 3400 0000 1f00 0000  ........4.......
00027c90: 0000 0009 7c01 0000 ec54 ffff 0800 0000  ....|....T......
00027ca0: 1400 0000 0100 0000 80ff ffff ffff ffff  ................
00027cb0: 0000 0000 0100 0000 dc6b 1b3d 4f01 0000  .........k.=O...
00027cc0: 7365 7175 656e 7469 616c 5f31 2f72 655f  sequential_1/re_
00027cd0: 6c75 5f35 5f31 2f52 656c 753b 7365 7175  lu_5_1/Relu;sequ
00027ce0: 656e 7469 616c 5f31 2f62 6174 6368 5f6e  ential_1/batch_n
00027cf0: 6f72 6d61 6c69 7a61 7469 6f6e 5f34 5f31  ormalization_4_1
00027d00: 2f62 6174 6368 6e6f 726d 2f61 6464 5f31  /batchnorm/add_1
00027d10: 3b73 6571 7565 6e74 6961 6c5f 312f 6261  ;sequential_1/ba
00027d20: 7463 685f 6e6f 726d 616c 697a 6174 696f  tch_normalizatio
00027d30: 6e5f 345f 312f 6261 7463 686e 6f72 6d2f  n_4_1/batchnorm/
00027d40: 6d75 6c5f 313b 7365 7175 656e 7469 616c  mul_1;sequential
00027d50: 5f31 2f63 6f6e 7632 645f 345f 312f 5371  _1/conv2d_4_1/Sq
00027d60: 7565 657a 653b 7365 7175 656e 7469 616c  ueeze;sequential
00027d70: 5f31 2f63 6f6e 7632 645f 345f 312f 4269  _1/conv2d_4_1/Bi
00027d80: 6173 4164 643b 7365 7175 656e 7469 616c  asAdd;sequential
00027d90: 5f31 2f62 6174 6368 5f6e 6f72 6d61 6c69  _1/batch_normali
00027da0: 7a61 7469 6f6e 5f34 5f31 2f62 6174 6368  zation_4_1/batch
00027db0: 6e6f 726d 2f6d 756c 3b73 6571 7565 6e74  norm/mul;sequent
00027dc0: 6961 6c5f 312f 636f 6e76 3264 5f34 5f31  ial_1/conv2d_4_1
00027dd0: 2f63 6f6e 766f 6c75 7469 6f6e 3b73 6571  /convolution;seq
00027de0: 7565 6e74 6961 6c5f 312f 6261 7463 685f  uential_1/batch_
00027df0: 6e6f 726d 616c 697a 6174 696f 6e5f 345f  normalization_4_
00027e00: 312f 6261 7463 686e 6f72 6d2f 7375 6200  1/batchnorm/sub.
00027e10: 0400 0000 0100 0000 4000 0000 4000 0000  ........@...@...
00027e20: 0800 0000 aa56 ffff 0000 0001 1400 0000  .....V..........
00027e30: 3400 0000 1e00 0000 0000 0009 7c01 0000  4...........|...
00027e40: 9456 ffff 0800 0000 1400 0000 0100 0000  .V..............
00027e50: 80ff ffff ffff ffff 0000 0000 0100 0000  ................
00027e60: 72b6 fb3c 4f01 0000 7365 7175 656e 7469  r..<O...sequenti
00027e70: 616c 5f31 2f72 655f 6c75 5f34 5f31 2f52  al_1/re_lu_4_1/R
00027e80: 656c 753b 7365 7175 656e 7469 616c 5f31  elu;sequential_1
00027e90: 2f62 6174 6368 5f6e 6f72 6d61 6c69 7a61  /batch_normaliza
00027ea0: 7469 6f6e 5f33 5f31 2f62 6174 6368 6e6f  tion_3_1/batchno
00027eb0: 726d 2f61 6464 5f31 3b73 6571 7565 6e74  rm/add_1;sequent
00027ec0: 6961 6c5f 312f 6261 7463 685f 6e6f 726d  ial_1/batch_norm
00027ed0: 616c 697a 6174 696f 6e5f 335f 312f 6261  alization_3_1/ba
00027ee0: 7463 686e 6f72 6d2f 6d75 6c5f 313b 7365  tchnorm/mul_1;se
00027ef0: 7175 656e 7469 616c 5f31 2f63 6f6e 7632  quential_1/conv2
00027f00: 645f 335f 312f 5371 7565 657a 653b 7365  d_3_1/Squeeze;se
00027f10: 7175 656e 7469 616c 5f31 2f63 6f6e 7632  quential_1/conv2
00027f20: 645f 335f 312f 4269 6173 4164 643b 7365  d_3_1/BiasAdd;se
00027f30: 7175 656e 7469 616c 5f31 2f62 6174 6368  quential_1/batch
00027f40: 5f6e 6f72 6d61 6c69 7a61 7469 6f6e 5f33  _normalization_3
00027f50: 5f31 2f62 6174 6368 6e6f 726d 2f6d 756c  _1/batchnorm/mul
00027f60: 3b73 6571 7565 6e74 6961 6c5f 312f 636f  ;sequential_1/co
00027f70: 6e76 3264 5f33 5f31 2f63 6f6e 766f 6c75  nv2d_3_1/convolu
00027f80: 7469 6f6e 3b73 6571 7565 6e74 6961 6c5f  tion;sequential_
00027f90: 312f 6261 7463 685f 6e6f 726d 616c 697a  1/batch_normaliz
00027fa0: 6174 696f 6e5f 335f 312f 6261 7463 686e  ation_3_1/batchn
00027fb0: 6f72 6d2f 7375 6200 0400 0000 0100 0000  orm/sub.........
00027fc0: 4000 0000 4000 0000 0800 0000 5258 ffff  @...@.......RX..
00027fd0: 0000 0001 1400 0000 3400 0000 1d00 0000  ........4.......
00027fe0: 0000 0009 6400 0000 3c58 ffff 0800 0000  ....d...<X......
00027ff0: 1400 0000 0100 0000 80ff ffff ffff ffff  ................
00028000: 0000 0000 0100 0000 9312 e23c 3600 0000  ...........<6...
00028010: 7365 7175 656e 7469 616c 5f31 2f72 6573  sequential_1/res
00028020: 697a 696e 675f 335f 312f 7265 7369 7a65  izing_3_1/resize
00028030: 2f52 6573 697a 654e 6561 7265 7374 4e65  /ResizeNearestNe
00028040: 6967 6862 6f72 0000 0400 0000 0100 0000  ighbor..........
00028050: 4000 0000 4000 0000 0c00 0000 e258 ffff  @...@........X..
00028060: 0000 0001 1400 0000 3400 0000 1c00 0000  ........4.......
00028070: 0000 0009 7c01 0000 cc58 ffff 0800 0000  ....|....X......
00028080: 1400 0000 0100 0000 80ff ffff ffff ffff  ................
00028090: 0000 0000 0100 0000 9312 e23c 4f01 0000  ...........<O...
000280a0: 7365 7175 656e 7469 616c 5f31 2f72 655f  sequential_1/re_
000280b0: 6c75 5f33 5f31 2f52 656c 753b 7365 7175  lu_3_1/Relu;sequ
000280c0: 656e 7469 616c 5f31 2f62 6174 6368 5f6e  ential_1/batch_n
000280d0: 6f72 6d61 6c69 7a61 7469 6f6e 5f32 5f31  ormalization_2_1
000280e0: 2f62 6174 6368 6e6f 726d 2f61 6464 5f31  /batchnorm/add_1
000280f0: 3b73 6571 7565 6e74 6961 6c5f 312f 6261  ;sequential_1/ba
00028100: 7463 685f 6e6f 726d 616c 697a 6174 696f  tch_normalizatio
00028110: 6e5f 325f 312f 6261 7463 686e 6f72 6d2f  n_2_1/batchnorm/
00028120: 6d75 6c5f 313b 7365 7175 656e 7469 616c  mul_1;sequential
00028130: 5f31 2f63 6f6e 7632 645f 325f 312f 5371  _1/conv2d_2_1/Sq
00028140: 7565 657a 653b 7365 7175 656e 7469 616c  ueeze;sequential
00028150: 5f31 2f63 6f6e 7632 645f 325f 312f 4269  _1/conv2d_2_1/Bi
00028160: 6173 4164 643b 7365 7175 656e 7469 616c  asAdd;sequential
00028170: 5f31 2f62 6174 6368 5f6e 6f72 6d61 6c69  _1/batch_normali
00028180: 7a61 7469 6f6e 5f32 5f31 2f62 6174 6368  zation_2_1/batch
00028190: 6e6f 726d 2f6d 756c 3b73 6571 7565 6e74  norm/mul;sequent
000281a0: 6961 6c5f 312f 636f 6e76 3264 5f32 5f31  ial_1/conv2d_2_1
000281b0: 2f63 6f6e 766f 6c75 7469 6f6e 3b73 6571  /convolution;seq
000281c0: 7565 6e74 6961 6c5f 312f 6261 7463 685f  uential_1/batch_
000281d0: 6e6f 726d 616c 697a 6174 696f 6e5f 325f  normalization_2_
000281e0: 312f 6261 7463 686e 6f72 6d2f 7375 6200  1/batchnorm/sub.
000281f0: 0400 0000 0100 0000 2000 0000 2000 0000  ........ ... ...
00028200: 0c00 0000 8a5a ffff 0000 0001 1400 0000  .....Z..........
00028210: 3400 0000 1b00 0000 0000 0009 6400 0000  4...........d...
00028220: 745a ffff 0800 0000 1400 0000 0100 0000  tZ..............
00028230: 80ff ffff ffff ffff 0000 0000 0100 0000  ................
00028240: 77d6 e13c 3600 0000 7365 7175 656e 7469  w..<6...sequenti
00028250: 616c 5f31 2f72 6573 697a 696e 675f 325f  al_1/resizing_2_
00028260: 312f 7265 7369 7a65 2f52 6573 697a 654e  1/resize/ResizeN
00028270: 6561 7265 7374 4e65 6967 6862 6f72 0000  earestNeighbor..
00028280: 0400 0000 0100 0000 2000 0000 2000 0000  ........ ... ...
00028290: 1800 0000 1a5b ffff 0000 0001 1400 0000  .....[..........
000282a0: 3400 0000 1a00 0000 0000 0009 7c01 0000  4...........|...
000282b0: 045b ffff 0800 0000 1400 0000 0100 0000  .[..............
000282c0: 80ff ffff ffff ffff 0000 0000 0100 0000  ................
000282d0: 77d6 e13c 4f01 0000 7365 7175 656e 7469  w..<O...sequenti
000282e0: 616c 5f31 2f72 655f 6c75 5f32 5f31 2f52  al_1/re_lu_2_1/R
000282f0: 656c 753b 7365 7175 656e 7469 616c 5f31  elu;sequential_1
00028300: 2f62 6174 6368 5f6e 6f72 6d61 6c69 7a61  /batch_normaliza
00028310: 7469 6f6e 5f31 5f32 2f62 6174 6368 6e6f  tion_1_2/batchno
00028320: 726d 2f61 6464 5f31 3b73 6571 7565 6e74  rm/add_1;sequent
00028330: 6961 6c5f 312f 6261 7463 685f 6e6f 726d  ial_1/batch_norm
00028340: 616c 697a 6174 696f 6e5f 315f 322f 6261  alization_1_2/ba
00028350: 7463 686e 6f72 6d2f 6d75 6c5f 313b 7365  tchnorm/mul_1;se
00028360: 7175 656e 7469 616c 5f31 2f63 6f6e 7632  quential_1/conv2
00028370: 645f 315f 322f 5371 7565 657a 653b 7365  d_1_2/Squeeze;se
00028380: 7175 656e 7469 616c 5f31 2f63 6f6e 7632  quential_1/conv2
00028390: 645f 315f 322f 4269 6173 4164 643b 7365  d_1_2/BiasAdd;se
000283a0: 7175 656e 7469 616c 5f31 2f62 6174 6368  quential_1/batch
000283b0: 5f6e 6f72 6d61 6c69 7a61 7469 6f6e 5f31  _normalization_1
000283c0: 5f32 2f62 6174 6368 6e6f 726d 2f6d 756c  _2/batchnorm/mul
000283d0: 3b73 6571 7565 6e74 6961 6c5f 312f 636f  ;sequential_1/co
000283e0: 6e76 3264 5f31 5f32 2f63 6f6e 766f 6c75  nv2d_1_2/convolu
000283f0: 7469 6f6e 3b73 6571 7565 6e74 6961 6c5f  tion;sequential_
00028400: 312f 6261 7463 685f 6e6f 726d 616c 697a  1/batch_normaliz
00028410: 6174 696f 6e5f 315f 322f 6261 7463 686e  ation_1_2/batchn
00028420: 6f72 6d2f 7375 6200 0400 0000 0100 0000  orm/sub.........
00028430: 1000 0000 1000 0000 1800 0000 c25c ffff  .............\..
00028440: 0000 0001 1400 0000 3400 0000 1900 0000  ........4.......
00028450: 0000 0009 6400 0000 ac5c ffff 0800 0000  ....d....\......
00028460: 1400 0000 0100 0000 80ff ffff ffff ffff  ................
00028470: 0000 0000 0100 0000 3f90 cd3c 3600 0000  ........?..<6...
00028480: 7365 7175 656e 7469 616c 5f31 2f72 6573  sequential_1/res
00028490: 697a 696e 675f 315f 322f 7265 7369 7a65  izing_1_2/resize
000284a0: 2f52 6573 697a 654e 6561 7265 7374 4e65  /ResizeNearestNe
000284b0: 6967 6862 6f72 0000 0400 0000 0100 0000  ighbor..........
000284c0: 1000 0000 1000 0000 3000 0000 525d ffff  ........0...R]..
000284d0: 0000 0001 1400 0000 3000 0000 1800 0000  ........0.......
000284e0: 0000 0009 6c01 0000 3c5d ffff 0800 0000  ....l...<]......
000284f0: 1000 0000 0100 0000 80ff ffff ffff ffff  ................
00028500: 0100 0000 3f90 cd3c 4101 0000 7365 7175  ....?..<A...sequ
00028510: 656e 7469 616c 5f31 2f72 655f 6c75 5f31  ential_1/re_lu_1
00028520: 5f32 2f52 656c 753b 7365 7175 656e 7469  _2/Relu;sequenti
00028530: 616c 5f31 2f62 6174 6368 5f6e 6f72 6d61  al_1/batch_norma
00028540: 6c69 7a61 7469 6f6e 5f31 2f62 6174 6368  lization_1/batch
00028550: 6e6f 726d 2f61 6464 5f31 3b73 6571 7565  norm/add_1;seque
00028560: 6e74 6961 6c5f 312f 6261 7463 685f 6e6f  ntial_1/batch_no
00028570: 726d 616c 697a 6174 696f 6e5f 312f 6261  rmalization_1/ba
00028580: 7463 686e 6f72 6d2f 6d75 6c5f 313b 7365  tchnorm/mul_1;se
00028590: 7175 656e 7469 616c 5f31 2f63 6f6e 7632  quential_1/conv2
000285a0: 645f 312f 5371 7565 657a 653b 7365 7175  d_1/Squeeze;sequ
000285b0: 656e 7469 616c 5f31 2f63 6f6e 7632 645f  ential_1/conv2d_
000285c0: 312f 4269 6173 4164 643b 7365 7175 656e  1/BiasAdd;sequen
000285d0: 7469 616c 5f31 2f62 6174 6368 5f6e 6f72  tial_1/batch_nor
000285e0: 6d61 6c69 7a61 7469 6f6e 5f31 2f62 6174  malization_1/bat
000285f0: 6368 6e6f 726d 2f6d 756c 3b73 6571 7565  chnorm/mul;seque
00028600: 6e74 6961 6c5f 312f 636f 6e76 3264 5f31  ntial_1/conv2d_1
00028610: 2f63 6f6e 766f 6c75 7469 6f6e 3b73 6571  /convolution;seq
00028620: 7565 6e74 6961 6c5f 312f 6261 7463 685f  uential_1/batch_
00028630: 6e6f 726d 616c 697a 6174 696f 6e5f 312f  normalization_1/
00028640: 6261 7463 686e 6f72 6d2f 7375 6200 0000  batchnorm/sub...
00028650: 0400 0000 0100 0000 0800 0000 0800 0000  ................
00028660: 3000 0000 ea5e ffff 0000 0001 1400 0000  0....^..........
00028670: 3400 0000 1700 0000 0000 0009 6400 0000  4...........d...
00028680: d45e ffff 0800 0000 1400 0000 0100 0000  .^..............
00028690: 80ff ffff ffff ffff 0000 0000 0100 0000  ................
000286a0: 385e 653c 3400 0000 7365 7175 656e 7469  8^e<4...sequenti
000286b0: 616c 5f31 2f72 6573 697a 696e 675f 312f  al_1/resizing_1/
000286c0: 7265 7369 7a65 2f52 6573 697a 654e 6561  resize/ResizeNea
000286d0: 7265 7374 4e65 6967 6862 6f72 0000 0000  restNeighbor....
000286e0: 0400 0000 0100 0000 0800 0000 0800 0000  ................
000286f0: 6000 0000 7a5f ffff 0000 0001 1400 0000  `...z_..........
00028700: 3400 0000 1600 0000 0000 0009 4c00 0000  4...........L...
00028710: 645f ffff 0800 0000 1400 0000 0100 0000  d_..............
00028720: 80ff ffff ffff ffff 0000 0000 0100 0000  ................
00028730: 385e 653c 1e00 0000 7365 7175 656e 7469  8^e<....sequenti
00028740: 616c 5f31 2f72 6573 6861 7065 5f31 2f52  al_1/reshape_1/R
00028750: 6573 6861 7065 0000 0400 0000 0100 0000  eshape..........
00028760: 0400 0000 0400 0000 6000 0000 f25f ffff  ........`...._..
00028770: 0000 0001 1400 0000 3000 0000 1500 0000  ........0.......
00028780: 0000 0009 7c00 0000 dc5f ffff 0800 0000  ....|...._......
00028790: 1000 0000 0100 0000 80ff ffff ffff ffff  ................
000287a0: 0100 0000 385e 653c 5200 0000 7365 7175  ....8^e<R...sequ
000287b0: 656e 7469 616c 5f31 2f64 656e 7365 5f31  ential_1/dense_1
000287c0: 2f4d 6174 4d75 6c3b 7365 7175 656e 7469  /MatMul;sequenti
000287d0: 616c 5f31 2f72 655f 6c75 5f31 2f52 656c  al_1/re_lu_1/Rel
000287e0: 753b 7365 7175 656e 7469 616c 5f31 2f64  u;sequential_1/d
000287f0: 656e 7365 5f31 2f42 6961 7341 6464 0000  ense_1/BiasAdd..
00028800: 0200 0000 0100 0000 0006 0000 9260 ffff  .............`..
00028810: 0000 0001 1400 0000 2848 0000 1400 0000  ........(H......
00028820: 0000 0009 3448 0000 7c60 ffff 0800 0000  ....4H..|`......
00028830: 0c30 0000 0006 0000 0000 0000 0000 0000  .0..............
00028840: 0000 0000 0000 0000 0000 0000 0000 0000  ................
00028850: 0000 0000 0000 0000 0000 0000 0000 0000  ................
00028860: 0000 0000 0000 0000 0000 0000 0000 0000  ................
00028870: 0000 0000 0000 0000 0000 0000 0000 0000  ................
00028880: 0000 0000 0000 0000 0000 0000 0000 0000  ................
00028890: 0000 0000 0000 0000 0000 0000 0000 0000  ................
000288a0: 0000 0000 0000 0000 0000 0000 0000 0000  ................
000288b0: 0000 0000 0000 0000 0000 0000 0000 0000  ................
000288c0: 0000 0000 0000 0000 0000 0000 0000 0000  ................
000288d0: 0000 0000 0000 0000 0000 0000 0000 0000  ................
000288e0: 0000 0000 0000 0000 0000 0000 0000 0000  ................
000288f0: 0000 0000 0000 0000 0000 0000 0000 0000  ................
00028900: 0000 0000 0000 0000 0000 0000 0000 0000  ................
00028910: 0000 0000 0000 0000 0000 0000 0000 0000  ................
00028920: 0000 0000 0000 0000 0000 0000 0000 0000  ................
00028930: 0000 0000 0000 0000 0000 0000 0000 0000  ................
00028940: 0000 0000 0000 0000 0000 0000 0000 0000  ................
00028950: 0000 0000 0000 0000 0000 0000 0000 0000  ................
00028960: 0000 0000 0000 0000 0000 0000 0000 0000  ................
00028970: 0000 0000 0000 0000 0000 0000 0000 0000  ................
00028980: 0000 0000 0000 0000 0000 0000 0000 0000  ................
00028990: 0000 0000 0000 0000 0000 0000 0000 0000  ................
000289a0: 0000 0000 0000 0000 0000 0000 0000 0000  ................
000289b0: 0000 0000 0000 0000 0000 0000 0000 0000  ................
000289c0: 0000 0000 0000 0000 0000 0000 0000 0000  ................
000289d0: 0000 0000 0000 0000 0000 0000 0000 0000  ................
000289e0: 0000 0000 0000 0000 0000 0000 0000 0000  ................
000289f0: 0000 0000 0000 0000 0000 0000 0000 0000  ................
00028a00: 0000 0000 0000 0000 0000 0000 0000 0000  ................
00028a10: 0000 0000 0000 0000 0000 0000 0000 0000  ................
00028a20: 0000 0000 0000 0000 0000 0000 0000 0000  ................
00028a30: 0000 0000 0000 0000 0000 0000 0000 0000  ................
00028a40: 0000 0000 0000 0000 0000 0000 0000 0000  ................
00028a50: 0000 0000 0000 0000 0000 0000 0000 0000  ................
00028a60: 0000 0000 0000 0000 0000 0000 0000 0000  ................
00028a70: 0000 0000 0000 0000 0000 0000 0000 0000  ................
00028a80: 0000 0000 0000 0000 0000 0000 0000 0000  ................
00028a90: 0000 0000 0000 0000 0000 0000 0000 0000  ................
00028aa0: 0000 0000 0000 0000 0000 0000 0000 0000  ................
00028ab0: 0000 0000 0000 0000 0000 0000 0000 0000  ................
00028ac0: 0000 0000 0000 0000 0000 0000 0000 0000  ................
00028ad0: 0000 0000 0000 0000 0000 0000 0000 0000  ................
00028ae0: 0000 0000 0000 0000 0000 0000 0000 0000  ................
00028af0: 0000 0000 0000 0000 0000 0000 0000 0000  ................
00028b00: 0000 0000 0000 0000 0000 0000 0000 0000  ................
00028b10: 0000 0000 0000 0000 0000 0000 0000 0000  ................
00028b20: 0000 0000 0000 0000 0000 0000 0000 0000  ................
00028b30: 0000 0000 0000 0000 0000 0000 0000 0000  ................
00028b40: 0000 0000 0000 0000 0000 0000 0000 0000  ................
00028b50: 0000 0000 0000 0000 0000 0000 0000 0000  ................
00028b60: 0000 0000 0000 0000 0000 0000 0000 0000  ................
00028b70: 0000 0000 0000 0000 0000 0000 0000 0000  ................
00028b80: 0000 0000 0000 0000 0000 0000 0000 0000  ................
00028b90: 0000 0000 0000 0000 0000 0000 0000 0000  ................
00028ba0: 0000 0000 0000 0000 0000 0000 0000 0000  ................
00028bb0: 0000 0000 0000 0000 0000 0000 0000 0000  ................
00028bc0: 0000 0000 0000 0000 0000 0000 0000 0000  ................
00028bd0: 0000 0000 0000 0000 0000 0000 0000 0000  ................
00028be0: 0000 0000 0000 0000 0000 0000 0000 0000  ................
00028bf0: 0000 0000 0000 0000 0000 0000 0000 0000  ................
00028c00: 0000 0000 0000 0000 0000 0000 0000 0000  ................
00028c10: 0000 0000 0000 0000 0000 0000 0000 0000  ................
00028c20: 0000 0000 0000 0000 0000 0000 0000 0000  ................
00028c30: 0000 0000 0000 0000 0000 0000 0000 0000  ................
00028c40: 0000 0000 0000 0000 0000 0000 0000 0000  ................
00028c50: 0000 0000 0000 0000 0000 0000 0000 0000  ................
00028c60: 0000 0000 0000 0000 0000 0000 0000 0000  ................
00028c70: 0000 0000 0000 0000 0000 0000 0000 0000  ................
00028c80: 0000 0000 0000 0000 0000 0000 0000 0000  ................
00028c90: 0000 0000 0000 0000 0000 0000 0000 0000  ................
00028ca0: 0000 0000 0000 0000 0000 0000 0000 0000  ................
00028cb0: 0000 0000 0000 0000 0000 0000 0000 0000  ................
00028cc0: 0000 0000 0000 0000 0000 0000 0000 0000  ................
00028cd0: 0000 0000 0000 0000 0000 0000 0000 0000  ................
00028ce0: 0000 0000 0000 0000 0000 0000 0000 0000  ................
00028cf0: 0000 0000 0000 0000 0000 0000 0000 0000  ................
00028d00: 0000 0000 0000 0000 0000 0000 0000 0000  ................
00028d10: 0000 0000 0000 0000 0000 0000 0000 0000  ................
00028d20: 0000 0000 0000 0000 0000 0000 0000 0000  ................
00028d30: 0000 0000 0000 0000 0000 0000 0000 0000  ................
00028d40: 0000 0000 0000 0000 0000 0000 0000 0000  ................
00028d50: 0000 0000 0000 0000 0000 0000 0000 0000  ................
00028d60: 0000 0000 0000 0000 0000 0000 0000 0000  ................
00028d70: 0000 0000 0000 0000 0000 0000 0000 0000  ................
00028d80: 0000 0000 0000 0000 0000 0000 0000 0000  ................
00028d90: 0000 0000 0000 0000 0000 0000 0000 0000  ................
00028da0: 0000 0000 0000 0000 0000 0000 0000 0000  ................
00028db0: 0000 0000 0000 0000 0000 0000 0000 0000  ................
00028dc0: 0000 0000 0000 0000 0000 0000 0000 0000  ................
00028dd0: 0000 0000 0000 0000 0000 0000 0000 0000  ................
00028de0: 0000 0000 0000 0000 0000 0000 0000 0000  ................
00028df0: 0000 0000 0000 0000 0000 0000 0000 0000  ................
00028e00: 0000 0000 0000 0000 0000 0000 0000 0000  ................
00028e10: 0000 0000 0000 0000 0000 0000 0000 0000  ................
00028e20: 0000 0000 0000 0000 0000 0000 0000 0000  ................
00028e30: 0000 0000 0000 0000 0000 0000 0000 0000  ................
00028e40: 0000 0000 0000 0000 0000 0000 0000 0000  ................
00028e50: 0000 0000 0000 0000 0000 0000 0000 0000  ................
00028e60: 0000 0000 0000 0000 0000 0000 0000 0000  ................
00028e70: 0000 0000 0000 0000 0000 0000 0000 0000  ................
00028e80: 0000 0000 0000 0000 0000 0000 0000 0000  ................
00028e90: 0000 0000 0000 0000 0000 0000 0000 0000  ................
00028ea0: 0000 0000 0000 0000 0000 0000 0000 0000  ................
00028eb0: 0000 0000 0000 0000 0000 0000 0000 0000  ................
00028ec0: 0000 0000 0000 0000 0000 0000 0000 0000  ................
00028ed0: 0000 0000 0000 0000 0000 0000 0000 0000  ................
00028ee0: 0000 0000 0000 0000 0000 0000 0000 0000  ................
00028ef0: 0000 0000 0000 0000 0000 0000 0000 0000  ................
00028f00: 0000 0000 0000 0000 0000 0000 0000 0000  ................
00028f10: 0000 0000 0000 0000 0000 0000 0000 0000  ................
00028f20: 0000 0000 0000 0000 0000 0000 0000 0000  ................
00028f30: 0000 0000 0000 0000 0000 0000 0000 0000  ................
00028f40: 0000 0000 0000 0000 0000 0000 0000 0000  ................
00028f50: 0000 0000 0000 0000 0000 0000 0000 0000  ................
00028f60: 0000 0000 0000 0000 0000 0000 0000 0000  ................
00028f70: 0000 0000 0000 0000 0000 0000 0000 0000  ................
00028f80: 0000 0000 0000 0000 0000 0000 0000 0000  ................
00028f90: 0000 0000 0000 0000 0000 0000 0000 0000  ................
00028fa0: 0000 0000 0000 0000 0000 0000 0000 0000  ................
00028fb0: 0000 0000 0000 0000 0000 0000 0000 0000  ................
00028fc0: 0000 0000 0000 0000 0000 0000 0000 0000  ................
00028fd0: 0000 0000 0000 0000 0000 0000 0000 0000  ................
00028fe0: 0000 0000 0000 0000 0000 0000 0000 0000  ................
00028ff0: 0000 0000 0000 0000 0000 0000 0000 0000  ................
00029000: 0000 0000 0000 0000 0000 0000 0000 0000  ................
00029010: 0000 0000 0000 0000 0000 0000 0000 0000  ................
00029020: 0000 0000 0000 0000 0000 0000 0000 0000  ................
00029030: 0000 0000 0000 0000 0000 0000 0000 0000  ................
00029040: 0000 0000 0000 0000 0000 0000 0000 0000  ................
00029050: 0000 0000 0000 0000 0000 0000 0000 0000  ................
00029060: 0000 0000 0000 0000 0000 0000 0000 0000  ................
00029070: 0000 0000 0000 0000 0000 0000 0000 0000  ................
00029080: 0000 0000 0000 0000 0000 0000 0000 0000  ................
00029090: 0000 0000 0000 0000 0000 0000 0000 0000  ................
000290a0: 0000 0000 0000 0000 0000 0000 0000 0000  ................
000290b0: 0000 0000 0000 0000 0000 0000 0000 0000  ................
000290c0: 0000 0000 0000 0000 0000 0000 0000 0000  ................
000290d0: 0000 0000 0000 0000 0000 0000 0000 0000  ................
000290e0: 0000 0000 0000 0000 0000 0000 0000 0000  ................
000290f0: 0000 0000 0000 0000 0000 0000 0000 0000  ................
00029100: 0000 0000 0000 0000 0000 0000 0000 0000  ................
00029110: 0000 0000 0000 0000 0000 0000 0000 0000  ................
00029120: 0000 0000 0000 0000 0000 0000 0000 0000  ................
00029130: 0000 0000 0000 0000 0000 0000 0000 0000  ................
00029140: 0000 0000 0000 0000 0000 0000 0000 0000  ................
00029150: 0000 0000 0000 0000 0000 0000 0000 0000  ................
00029160: 0000 0000 0000 0000 0000 0000 0000 0000  ................
00029170: 0000 0000 0000 0000 0000 0000 0000 0000  ................
00029180: 0000 0000 0000 0000 0000 0000 0000 0000  ................
00029190: 0000 0000 0000 0000 0000 0000 0000 0000  ................
000291a0: 0000 0000 0000 0000 0000 0000 0000 0000  ................
000291b0: 0000 0000 0000 0000 0000 0000 0000 0000  ................
000291c0: 0000 0000 0000 0000 0000 0000 0000 0000  ................
000291d0: 0000 0000 0000 0000 0000 0000 0000 0000  ................
000291e0: 0000 0000 0000 0000 0000 0000 0000 0000  ................
000291f0: 0000 0000 0000 0000 0000 0000 0000 0000  ................
00029200: 0000 0000 0000 0000 0000 0000 0000 0000  ................
00029210: 0000 0000 0000 0000 0000 0000 0000 0000  ................
00029220: 0000 0000 0000 0000 0000 0000 0000 0000  ................
00029230: 0000 0000 0000 0000 0000 0000 0000 0000  ................
00029240: 0000 0000 0000 0000 0000 0000 0000 0000  ................
00029250: 0000 0000 0000 0000 0000 0000 0000 0000  ................
00029260: 0000 0000 0000 0000 0000 0000 0000 0000  ................
00029270: 0000 0000 0000 0000 0000 0000 0000 0000  ................
00029280: 0000 0000 0000 0000 0000 0000 0000 0000  ................
00029290: 0000 0000 0000 0000 0000 0000 0000 0000  ................
000292a0: 0000 0000 0000 0000 0000 0000 0000 0000  ................
000292b0: 0000 0000 0000 0000 0000 0000 0000 0000  ................
000292c0: 0000 0000 0000 0000 0000 0000 0000 0000  ................
000292d0: 0000 0000 0000 0000 0000 0000 0000 0000  ................
000292e0: 0000 0000 0000 0000 0000 0000 0000 0000  ................
000292f0: 0000 0000 0000 0000 0000 0000 0000 0000  ................
00029300: 0000 0000 0000 0000 0000 0000 0000 0000  ................
00029310: 0000 0000 0000 0000 0000 0000 0000 0000  ................
00029320: 0000 0000 0000 0000 0000 0000 0000 0000  ................
00029330: 0000 0000 0000 0000 0000 0000 0000 0000  ................
00029340: 0000 0000 0000 0000 0000 0000 0000 0000  ................
00029350: 0000 0000 0000 0000 0000 0000 0000 0000  ................
00029360: 0000 0000 0000 0000 0000 0000 0000 0000  ................
00029370: 0000 0000 0000 0000 0000 0000 0000 0000  ................
00029380: 0000 0000 0000 0000 0000 0000 0000 0000  ................
00029390: 0000 0000 0000 0000 0000 0000 0000 0000  ................
000293a0: 0000 0000 0000 0000 0000 0000 0000 0000  ................
000293b0: 0000 0000 0000 0000 0000 0000 0000 0000  ................
000293c0: 0000 0000 0000 0000 0000 0000 0000 0000  ................
000293d0: 0000 0000 0000 0000 0000 0000 0000 0000  ................
000293e0: 0000 0000 0000 0000 0000 0000 0000 0000  ................
000293f0: 0000 0000 0000 0000 0000 0000 0000 0000  ................
00029400: 0000 0000 0000 0000 0000 0000 0000 0000  ................
00029410: 0000 0000 0000 0000 0000 0000 0000 0000  ................
00029420: 0000 0000 0000 0000 0000 0000 0000 0000  ................
00029430: 0000 0000 0000 0000 0000 0000 0000 0000  ................
00029440: 0000 0000 0000 0000 0000 0000 0000 0000  ................
00029450: 0000 0000 0000 0000 0000 0000 0000 0000  ................
00029460: 0000 0000 0000 0000 0000 0000 0000 0000  ................
00029470: 0000 0000 0000 0000 0000 0000 0000 0000  ................
00029480: 0000 0000 0000 0000 0000 0000 0000 0000  ................
00029490: 0000 0000 0000 0000 0000 0000 0000 0000  ................
000294a0: 0000 0000 0000 0000 0000 0000 0000 0000  ................
000294b0: 0000 0000 0000 0000 0000 0000 0000 0000  ................
000294c0: 0000 0000 0000 0000 0000 0000 0000 0000  ................
000294d0: 0000 0000 0000 0000 0000 0000 0000 0000  ................
000294e0: 0000 0000 0000 0000 0000 0000 0000 0000  ................
000294f0: 0000 0000 0000 0000 0000 0000 0000 0000  ................
00029500: 0000 0000 0000 0000 0000 0000 0000 0000  ................
00029510: 0000 0000 0000 0000 0000 0000 0000 0000  ................
00029520: 0000 0000 0000 0000 0000 0000 0000 0000  ................
00029530: 0000 0000 0000 0000 0000 0000 0000 0000  ................
00029540: 0000 0000 0000 0000 0000 0000 0000 0000  ................
00029550: 0000 0000 0000 0000 0000 0000 0000 0000  ................
00029560: 0000 0000 0000 0000 0000 0000 0000 0000  ................
00029570: 0000 0000 0000 0000 0000 0000 0000 0000  ................
00029580: 0000 0000 0000 0000 0000 0000 0000 0000  ................
00029590: 0000 0000 0000 0000 0000 0000 0000 0000  ................
000295a0: 0000 0000 0000 0000 0000 0000 0000 0000  ................
000295b0: 0000 0000 0000 0000 0000 0000 0000 0000  ................
000295c0: 0000 0000 0000 0000 0000 0000 0000 0000  ................
000295d0: 0000 0000 0000 0000 0000 0000 0000 0000  ................
000295e0: 0000 0000 0000 0000 0000 0000 0000 0000  ................
000295f0: 0000 0000 0000 0000 0000 0000 0000 0000  ................
00029600: 0000 0000 0000 0000 0000 0000 0000 0000  ................
00029610: 0000 0000 0000 0000 0000 0000 0000 0000  ................
00029620: 0000 0000 0000 0000 0000 0000 0000 0000  ................
00029630: 0000 0000 0000 0000 0000 0000 0000 0000  ................
00029640: 0000 0000 0000 0000 0000 0000 0000 0000  ................
00029650: 0000 0000 0000 0000 0000 0000 0000 0000  ................
00029660: 0000 0000 0000 0000 0000 0000 0000 0000  ................
00029670: 0000 0000 0000 0000 0000 0000 0000 0000  ................
00029680: 0000 0000 0000 0000 0000 0000 0000 0000  ................
00029690: 0000 0000 0000 0000 0000 0000 0000 0000  ................
000296a0: 0000 0000 0000 0000 0000 0000 0000 0000  ................
000296b0: 0000 0000 0000 0000 0000 0000 0000 0000  ................
000296c0: 0000 0000 0000 0000 0000 0000 0000 0000  ................
000296d0: 0000 0000 0000 0000 0000 0000 0000 0000  ................
000296e0: 0000 0000 0000 0000 0000 0000 0000 0000  ................
000296f0: 0000 0000 0000 0000 0000 0000 0000 0000  ................
00029700: 0000 0000 0000 0000 0000 0000 0000 0000  ................
00029710: 0000 0000 0000 0000 0000 0000 0000 0000  ................
00029720: 0000 0000 0000 0000 0000 0000 0000 0000  ................
00029730: 0000 0000 0000 0000 0000 0000 0000 0000  ................
00029740: 0000 0000 0000 0000 0000 0000 0000 0000  ................
00029750: 0000 0000 0000 0000 0000 0000 0000 0000  ................
00029760: 0000 0000 0000 0000 0000 0000 0000 0000  ................
00029770: 0000 0000 0000 0000 0000 0000 0000 0000  ................
00029780: 0000 0000 0000 0000 0000 0000 0000 0000  ................
00029790: 0000 0000 0000 0000 0000 0000 0000 0000  ................
000297a0: 0000 0000 0000 0000 0000 0000 0000 0000  ................
000297b0: 0000 0000 0000 0000 0000 0000 0000 0000  ................
000297c0: 0000 0000 0000 0000 0000 0000 0000 0000  ................
000297d0: 0000 0000 0000 0000 0000 0000 0000 0000  ................
000297e0: 0000 0000 0000 0000 0000 0000 0000 0000  ................
000297f0: 0000 0000 0000 0000 0000 0000 0000 0000  ................
00029800: 0000 0000 0000 0000 0000 0000 0000 0000  ................
00029810: 0000 0000 0000 0000 0000 0000 0000 0000  ................
00029820: 0000 0000 0000 0000 0000 0000 0000 0000  ................
00029830: 0000 0000 0000 0000 0000 0000 0000 0000  ................
00029840: 0000 0000 0000 0000 0000 0000 0000 0000  ................
00029850: 0000 0000 0000 0000 0000 0000 0000 0000  ................
00029860: 0000 0000 0000 0000 0000 0000 0000 0000  ................
00029870: 0000 0000 0000 0000 0000 0000 0000 0000  ................
00029880: 0000 0000 0000 0000 0000 0000 0000 0000  ................
00029890: 0000 0000 0000 0000 0000 0000 0000 0000  ................
000298a0: 0000 0000 0000 0000 0000 0000 0000 0000  ................
000298b0: 0000 0000 0000 0000 0000 0000 0000 0000  ................
000298c0: 0000 0000 0000 0000 0000 0000 0000 0000  ................
000298d0: 0000 0000 0000 0000 0000 0000 0000 0000  ................
000298e0: 0000 0000 0000 0000 0000 0000 0000 0000  ................
000298f0: 0000 0000 0000 0000 0000 0000 0000 0000  ................
00029900: 0000 0000 0000 0000 0000 0000 0000 0000  ................
00029910: 0000 0000 0000 0000 0000 0000 0000 0000  ................
00029920: 0000 0000 0000 0000 0000 0000 0000 0000  ................
00029930: 0000 0000 0000 0000 0000 0000 0000 0000  ................
00029940: 0000 0000 0000 0000 0000 0000 0000 0000  ................
00029950: 0000 0000 0000 0000 0000 0000 0000 0000  ................
00029960: 0000 0000 0000 0000 0000 0000 0000 0000  ................
00029970: 0000 0000 0000 0000 0000 0000 0000 0000  ................
00029980: 0000 0000 0000 0000 0000 0000 0000 0000  ................
00029990: 0000 0000 0000 0000 0000 0000 0000 0000  ................
000299a0: 0000 0000 0000 0000 0000 0000 0000 0000  ................
000299b0: 0000 0000 0000 0000 0000 0000 0000 0000  ................
000299c0: 0000 0000 0000 0000 0000 0000 0000 0000  ................
000299d0: 0000 0000 0000 0000 0000 0000 0000 0000  ................
000299e0: 0000 0000 0000 0000 0000 0000 0000 0000  ................
000299f0: 0000 0000 0000 0000 0000 0000 0000 0000  ................
00029a00: 0000 0000 0000 0000 0000 0000 0000 0000  ................
00029a10: 0000 0000 0000 0000 0000 0000 0000 0000  ................
00029a20: 0000 0000 0000 0000 0000 0000 0000 0000  ................
00029a30: 0000 0000 0000 0000 0000 0000 0000 0000  ................
00029a40: 0000 0000 0000 0000 0000 0000 0000 0000  ................
00029a50: 0000 0000 0000 0000 0000 0000 0000 0000  ................
00029a60: 0000 0000 0000 0000 0000 0000 0000 0000  ................
00029a70: 0000 0000 0000 0000 0000 0000 0000 0000  ................
00029a80: 0000 0000 0000 0000 0000 0000 0000 0000  ................
00029a90: 0000 0000 0000 0000 0000 0000 0000 0000  ................
00029aa0: 0000 0000 0000 0000 0000 0000 0000 0000  ................
00029ab0: 0000 0000 0000 0000 0000 0000 0000 0000  ................
00029ac0: 0000 0000 0000 0000 0000 0000 0000 0000  ................
00029ad0: 0000 0000 0000 0000 0000 0000 0000 0000  ................
00029ae0: 0000 0000 0000 0000 0000 0000 0000 0000  ................
00029af0: 0000 0000 0000 0000 0000 0000 0000 0000  ................
00029b00: 0000 0000 0000 0000 0000 0000 0000 0000  ................
00029b10: 0000 0000 0000 0000 0000 0000 0000 0000  ................
00029b20: 0000 0000 0000 0000 0000 0000 0000 0000  ................
00029b30: 0000 0000 0000 0000 0000 0000 0000 0000  ................
00029b40: 0000 0000 0000 0000 0000 0000 0000 0000  ................
00029b50: 0000 0000 0000 0000 0000 0000 0000 0000  ................
00029b60: 0000 0000 0000 0000 0000 0000 0000 0000  ................
00029b70: 0000 0000 0000 0000 0000 0000 0000 0000  ................
00029b80: 0000 0000 0000 0000 0000 0000 0000 0000  ................
00029b90: 0000 0000 0000 0000 0000 0000 0000 0000  ................
00029ba0: 0000 0000 0000 0000 0000 0000 0000 0000  ................
00029bb0: 0000 0000 0000 0000 0000 0000 0000 0000  ................
00029bc0: 0000 0000 0000 0000 0000 0000 0000 0000  ................
00029bd0: 0000 0000 0000 0000 0000 0000 0000 0000  ................
00029be0: 0000 0000 0000 0000 0000 0000 0000 0000  ................
00029bf0: 0000 0000 0000 0000 0000 0000 0000 0000  ................
00029c00: 0000 0000 0000 0000 0000 0000 0000 0000  ................
00029c10: 0000 0000 0000 0000 0000 0000 0000 0000  ................
00029c20: 0000 0000 0000 0000 0000 0000 0000 0000  ................
00029c30: 0000 0000 0000 0000 0000 0000 0000 0000  ................
00029c40: 0000 0000 0000 0000 0000 0000 0000 0000  ................
00029c50: 0000 0000 0000 0000 0000 0000 0000 0000  ................
00029c60: 0000 0000 0000 0000 0000 0000 0000 0000  ................
00029c70: 0000 0000 0000 0000 0000 0000 0000 0000  ................
00029c80: 0000 0000 0000 0000 0000 0000 0000 0000  ................
00029c90: 0000 0000 0000 0000 0000 0000 0000 0000  ................
00029ca0: 0000 0000 0000 0000 0000 0000 0000 0000  ................
00029cb0: 0000 0000 0000 0000 0000 0000 0000 0000  ................
00029cc0: 0000 0000 0000 0000 0000 0000 0000 0000  ................
00029cd0: 0000 0000 0000 0000 0000 0000 0000 0000  ................
00029ce0: 0000 0000 0000 0000 0000 0000 0000 0000  ................
00029cf0: 0000 0000 0000 0000 0000 0000 0000 0000  ................
00029d00: 0000 0000 0000 0000 0000 0000 0000 0000  ................
00029d10: 0000 0000 0000 0000 0000 0000 0000 0000  ................
00029d20: 0000 0000 0000 0000 0000 0000 0000 0000  ................
00029d30: 0000 0000 0000 0000 0000 0000 0000 0000  ................
00029d40: 0000 0000 0000 0000 0000 0000 0000 0000  ................
00029d50: 0000 0000 0000 0000 0000 0000 0000 0000  ................
00029d60: 0000 0000 0000 0000 0000 0000 0000 0000  ................
00029d70: 0000 0000 0000 0000 0000 0000 0000 0000  ................
00029d80: 0000 0000 0000 0000 0000 0000 0000 0000  ................
00029d90: 0000 0000 0000 0000 0000 0000 0000 0000  ................
00029da0: 0000 0000 0000 0000 0000 0000 0000 0000  ................
00029db0: 0000 0000 0000 0000 0000 0000 0000 0000  ................
00029dc0: 0000 0000 0000 0000 0000 0000 0000 0000  ................
00029dd0: 0000 0000 0000 0000 0000 0000 0000 0000  ................
00029de0: 0000 0000 0000 0000 0000 0000 0000 0000  ................
00029df0: 0000 0000 0000 0000 0000 0000 0000 0000  ................
00029e00: 0000 0000 0000 0000 0000 0000 0000 0000  ................
00029e10: 0000 0000 0000 0000 0000 0000 0000 0000  ................
00029e20: 0000 0000 0000 0000 0000 0000 0000 0000  ................
00029e30: 0000 0000 0000 0000 0000 0000 0000 0000  ................
00029e40: 0000 0000 0000 0000 0000 0000 0000 0000  ................
00029e50: 0000 0000 0000 0000 0000 0000 0000 0000  ................
00029e60: 0000 0000 0000 0000 0000 0000 0000 0000  ................
00029e70: 0000 0000 0000 0000 0000 0000 0000 0000  ................
00029e80: 0000 0000 0000 0000 0000 0000 0000 0000  ................
00029e90: 0000 0000 0000 0000 0000 0000 0000 0000  ................
00029ea0: 0000 0000 0000 0000 0000 0000 0000 0000  ................
00029eb0: 0000 0000 0000 0000 0000 0000 0000 0000  ................
00029ec0: 0000 0000 0000 0000 0000 0000 0000 0000  ................
00029ed0: 0000 0000 0000 0000 0000 0000 0000 0000  ................
00029ee0: 0000 0000 0000 0000 0000 0000 0000 0000  ................
00029ef0: 0000 0000 0000 0000 0000 0000 0000 0000  ................
00029f00: 0000 0000 0000 0000 0000 0000 0000 0000  ................
00029f10: 0000 0000 0000 0000 0000 0000 0000 0000  ................
00029f20: 0000 0000 0000 0000 0000 0000 0000 0000  ................
00029f30: 0000 0000 0000 0000 0000 0000 0000 0000  ................
00029f40: 0000 0000 0000 0000 0000 0000 0000 0000  ................
00029f50: 0000 0000 0000 0000 0000 0000 0000 0000  ................
00029f60: 0000 0000 0000 0000 0000 0000 0000 0000  ................
00029f70: 0000 0000 0000 0000 0000 0000 0000 0000  ................
00029f80: 0000 0000 0000 0000 0000 0000 0000 0000  ................
00029f90: 0000 0000 0000 0000 0000 0000 0000 0000  ................
00029fa0: 0000 0000 0000 0000 0000 0000 0000 0000  ................
00029fb0: 0000 0000 0000 0000 0000 0000 0000 0000  ................
00029fc0: 0000 0000 0000 0000 0000 0000 0000 0000  ................
00029fd0: 0000 0000 0000 0000 0000 0000 0000 0000  ................
00029fe0: 0000 0000 0000 0000 0000 0000 0000 0000  ................
00029ff0: 0000 0000 0000 0000 0000 0000 0000 0000  ................
0002a000: 0000 0000 0000 0000 0000 0000 0000 0000  ................
0002a010: 0000 0000 0000 0000 0000 0000 0000 0000  ................
0002a020: 0000 0000 0000 0000 0000 0000 0000 0000  ................
0002a030: 0000 0000 0000 0000 0000 0000 0000 0000  ................
0002a040: 0000 0000 0000 0000 0000 0000 0000 0000  ................
0002a050: 0000 0000 0000 0000 0000 0000 0000 0000  ................
0002a060: 0000 0000 0000 0000 0000 0000 0000 0000  ................
0002a070: 0000 0000 0000 0000 0000 0000 0000 0000  ................
0002a080: 0000 0000 0000 0000 0000 0000 0000 0000  ................
0002a090: 0000 0000 0000 0000 0000 0000 0000 0000  ................
0002a0a0: 0000 0000 0000 0000 0000 0000 0000 0000  ................
0002a0b0: 0000 0000 0000 0000 0000 0000 0000 0000  ................
0002a0c0: 0000 0000 0000 0000 0000 0000 0000 0000  ................
0002a0d0: 0000 0000 0000 0000 0000 0000 0000 0000  ................
0002a0e0: 0000 0000 0000 0000 0000 0000 0000 0000  ................
0002a0f0: 0000 0000 0000 0000 0000 0000 0000 0000  ................
0002a100: 0000 0000 0000 0000 0000 0000 0000 0000  ................
0002a110: 0000 0000 0000 0000 0000 0000 0000 0000  ................
0002a120: 0000 0000 0000 0000 0000 0000 0000 0000  ................
0002a130: 0000 0000 0000 0000 0000 0000 0000 0000  ................
0002a140: 0000 0000 0000 0000 0000 0000 0000 0000  ................
0002a150: 0000 0000 0000 0000 0000 0000 0000 0000  ................
0002a160: 0000 0000 0000 0000 0000 0000 0000 0000  ................
0002a170: 0000 0000 0000 0000 0000 0000 0000 0000  ................
0002a180: 0000 0000 0000 0000 0000 0000 0000 0000  ................
0002a190: 0000 0000 0000 0000 0000 0000 0000 0000  ................
0002a1a0: 0000 0000 0000 0000 0000 0000 0000 0000  ................
0002a1b0: 0000 0000 0000 0000 0000 0000 0000 0000  ................
0002a1c0: 0000 0000 0000 0000 0000 0000 0000 0000  ................
0002a1d0: 0000 0000 0000 0000 0000 0000 0000 0000  ................
0002a1e0: 0000 0000 0000 0000 0000 0000 0000 0000  ................
0002a1f0: 0000 0000 0000 0000 0000 0000 0000 0000  ................
0002a200: 0000 0000 0000 0000 0000 0000 0000 0000  ................
0002a210: 0000 0000 0000 0000 0000 0000 0000 0000  ................
0002a220: 0000 0000 0000 0000 0000 0000 0000 0000  ................
0002a230: 0000 0000 0000 0000 0000 0000 0000 0000  ................
0002a240: 0000 0000 0000 0000 0000 0000 0000 0000  ................
0002a250: 0000 0000 0000 0000 0000 0000 0000 0000  ................
0002a260: 0000 0000 0000 0000 0000 0000 0000 0000  ................
0002a270: 0000 0000 0000 0000 0000 0000 0000 0000  ................
0002a280: 0000 0000 0000 0000 0000 0000 0000 0000  ................
0002a290: 0000 0000 0000 0000 0000 0000 0000 0000  ................
0002a2a0: 0000 0000 0000 0000 0000 0000 0000 0000  ................
0002a2b0: 0000 0000 0000 0000 0000 0000 0000 0000  ................
0002a2c0: 0000 0000 0000 0000 0000 0000 0000 0000  ................
0002a2d0: 0000 0000 0000 0000 0000 0000 0000 0000  ................
0002a2e0: 0000 0000 0000 0000 0000 0000 0000 0000  ................
0002a2f0: 0000 0000 0000 0000 0000 0000 0000 0000  ................
0002a300: 0000 0000 0000 0000 0000 0000 0000 0000  ................
0002a310: 0000 0000 0000 0000 0000 0000 0000 0000  ................
0002a320: 0000 0000 0000 0000 0000 0000 0000 0000  ................
0002a330: 0000 0000 0000 0000 0000 0000 0000 0000  ................
0002a340: 0000 0000 0000 0000 0000 0000 0000 0000  ................
0002a350: 0000 0000 0000 0000 0000 0000 0000 0000  ................
0002a360: 0000 0000 0000 0000 0000 0000 0000 0000  ................
0002a370: 0000 0000 0000 0000 0000 0000 0000 0000  ................
0002a380: 0000 0000 0000 0000 0000 0000 0000 0000  ................
0002a390: 0000 0000 0000 0000 0000 0000 0000 0000  ................
0002a3a0: 0000 0000 0000 0000 0000 0000 0000 0000  ................
0002a3b0: 0000 0000 0000 0000 0000 0000 0000 0000  ................
0002a3c0: 0000 0000 0000 0000 0000 0000 0000 0000  ................
0002a3d0: 0000 0000 0000 0000 0000 0000 0000 0000  ................
0002a3e0: 0000 0000 0000 0000 0000 0000 0000 0000  ................
0002a3f0: 0000 0000 0000 0000 0000 0000 0000 0000  ................
0002a400: 0000 0000 0000 0000 0000 0000 0000 0000  ................
0002a410: 0000 0000 0000 0000 0000 0000 0000 0000  ................
0002a420: 0000 0000 0000 0000 0000 0000 0000 0000  ................
0002a430: 0000 0000 0000 0000 0000 0000 0000 0000  ................
0002a440: 0000 0000 0000 0000 0000 0000 0000 0000  ................
0002a450: 0000 0000 0000 0000 0000 0000 0000 0000  ................
0002a460: 0000 0000 0000 0000 0000 0000 0000 0000  ................
0002a470: 0000 0000 0000 0000 0000 0000 0000 0000  ................
0002a480: 0000 0000 0000 0000 0000 0000 0000 0000  ................
0002a490: 0000 0000 0000 0000 0000 0000 0000 0000  ................
0002a4a0: 0000 0000 0000 0000 0000 0000 0000 0000  ................
0002a4b0: 0000 0000 0000 0000 0000 0000 0000 0000  ................
0002a4c0: 0000 0000 0000 0000 0000 0000 0000 0000  ................
0002a4d0: 0000 0000 0000 0000 0000 0000 0000 0000  ................
0002a4e0: 0000 0000 0000 0000 0000 0000 0000 0000  ................
0002a4f0: 0000 0000 0000 0000 0000 0000 0000 0000  ................
0002a500: 0000 0000 0000 0000 0000 0000 0000 0000  ................
0002a510: 0000 0000 0000 0000 0000 0000 0000 0000  ................
0002a520: 0000 0000 0000 0000 0000 0000 0000 0000  ................
0002a530: 0000 0000 0000 0000 0000 0000 0000 0000  ................
0002a540: 0000 0000 0000 0000 0000 0000 0000 0000  ................
0002a550: 0000 0000 0000 0000 0000 0000 0000 0000  ................
0002a560: 0000 0000 0000 0000 0000 0000 0000 0000  ................
0002a570: 0000 0000 0000 0000 0000 0000 0000 0000  ................
0002a580: 0000 0000 0000 0000 0000 0000 0000 0000  ................
0002a590: 0000 0000 0000 0000 0000 0000 0000 0000  ................
0002a5a0: 0000 0000 0000 0000 0000 0000 0000 0000  ................
0002a5b0: 0000 0000 0000 0000 0000 0000 0000 0000  ................
0002a5c0: 0000 0000 0000 0000 0000 0000 0000 0000  ................
0002a5d0: 0000 0000 0000 0000 0000 0000 0000 0000  ................
0002a5e0: 0000 0000 0000 0000 0000 0000 0000 0000  ................
0002a5f0: 0000 0000 0000 0000 0000 0000 0000 0000  ................
0002a600: 0000 0000 0000 0000 0000 0000 0000 0000  ................
0002a610: 0000 0000 0000 0000 0000 0000 0000 0000  ................
0002a620: 0000 0000 0000 0000 0000 0000 0000 0000  ................
0002a630: 0000 0000 0000 0000 0000 0000 0000 0000  ................
0002a640: 0000 0000 0000 0000 0000 0000 0000 0000  ................
0002a650: 0000 0000 0000 0000 0000 0000 0000 0000  ................
0002a660: 0000 0000 0000 0000 0000 0000 0000 0000  ................
0002a670: 0000 0000 0000 0000 0000 0000 0000 0000  ................
0002a680: 0000 0000 0000 0000 0000 0000 0000 0000  ................
0002a690: 0000 0000 0000 0000 0000 0000 0000 0000  ................
0002a6a0: 0000 0000 0000 0000 0000 0000 0000 0000  ................
0002a6b0: 0000 0000 0000 0000 0000 0000 0000 0000  ................
0002a6c0: 0000 0000 0000 0000 0000 0000 0000 0000  ................
0002a6d0: 0000 0000 0000 0000 0000 0000 0000 0000  ................
0002a6e0: 0000 0000 0000 0000 0000 0000 0000 0000  ................
0002a6f0: 0000 0000 0000 0000 0000 0000 0000 0000  ................
0002a700: 0000 0000 0000 0000 0000 0000 0000 0000  ................
0002a710: 0000 0000 0000 0000 0000 0000 0000 0000  ................
0002a720: 0000 0000 0000 0000 0000 0000 0000 0000  ................
0002a730: 0000 0000 0000 0000 0000 0000 0000 0000  ................
0002a740: 0000 0000 0000 0000 0000 0000 0000 0000  ................
0002a750: 0000 0000 0000 0000 0000 0000 0000 0000  ................
0002a760: 0000 0000 0000 0000 0000 0000 0000 0000  ................
0002a770: 0000 0000 0000 0000 0000 0000 0000 0000  ................
0002a780: 0000 0000 0000 0000 0000 0000 0000 0000  ................
0002a790: 0000 0000 0000 0000 0000 0000 0000 0000  ................
0002a7a0: 0000 0000 0000 0000 0000 0000 0000 0000  ................
0002a7b0: 0000 0000 0000 0000 0000 0000 0000 0000  ................
0002a7c0: 0000 0000 0000 0000 0000 0000 0000 0000  ................
0002a7d0: 0000 0000 0000 0000 0000 0000 0000 0000  ................
0002a7e0: 0000 0000 0000 0000 0000 0000 0000 0000  ................
0002a7f0: 0000 0000 0000 0000 0000 0000 0000 0000  ................
0002a800: 0000 0000 0000 0000 0000 0000 0000 0000  ................
0002a810: 0000 0000 0000 0000 0000 0000 0000 0000  ................
0002a820: 0000 0000 0000 0000 0000 0000 0000 0000  ................
0002a830: 0000 0000 0000 0000 0000 0000 0000 0000  ................
0002a840: 0000 0000 0000 0000 0000 0000 0000 0000  ................
0002a850: 0000 0000 0000 0000 0000 0000 0000 0000  ................
0002a860: 0000 0000 0000 0000 0000 0000 0000 0000  ................
0002a870: 0000 0000 0000 0000 0000 0000 0000 0000  ................
0002a880: 0000 0000 0000 0000 0000 0000 0000 0000  ................
0002a890: 0000 0000 0000 0000 0000 0000 0000 0000  ................
0002a8a0: 0000 0000 0000 0000 0000 0000 0000 0000  ................
0002a8b0: 0000 0000 0000 0000 0000 0000 0000 0000  ................
0002a8c0: 0000 0000 0000 0000 0000 0000 0000 0000  ................
0002a8d0: 0000 0000 0000 0000 0000 0000 0000 0000  ................
0002a8e0: 0000 0000 0000 0000 0000 0000 0000 0000  ................
0002a8f0: 0000 0000 0000 0000 0000 0000 0000 0000  ................
0002a900: 0000 0000 0000 0000 0000 0000 0000 0000  ................
0002a910: 0000 0000 0000 0000 0000 0000 0000 0000  ................
0002a920: 0000 0000 0000 0000 0000 0000 0000 0000  ................
0002a930: 0000 0000 0000 0000 0000 0000 0000 0000  ................
0002a940: 0000 0000 0000 0000 0000 0000 0000 0000  ................
0002a950: 0000 0000 0000 0000 0000 0000 0000 0000  ................
0002a960: 0000 0000 0000 0000 0000 0000 0000 0000  ................
0002a970: 0000 0000 0000 0000 0000 0000 0000 0000  ................
0002a980: 0000 0000 0000 0000 0000 0000 0000 0000  ................
0002a990: 0000 0000 0000 0000 0000 0000 0000 0000  ................
0002a9a0: 0000 0000 0000 0000 0000 0000 0000 0000  ................
0002a9b0: 0000 0000 0000 0000 0000 0000 0000 0000  ................
0002a9c0: 0000 0000 0000 0000 0000 0000 0000 0000  ................
0002a9d0: 0000 0000 0000 0000 0000 0000 0000 0000  ................
0002a9e0: 0000 0000 0000 0000 0000 0000 0000 0000  ................
0002a9f0: 0000 0000 0000 0000 0000 0000 0000 0000  ................
0002aa00: 0000 0000 0000 0000 0000 0000 0000 0000  ................
0002aa10: 0000 0000 0000 0000 0000 0000 0000 0000  ................
0002aa20: 0000 0000 0000 0000 0000 0000 0000 0000  ................
0002aa30: 0000 0000 0000 0000 0000 0000 0000 0000  ................
0002aa40: 0000 0000 0000 0000 0000 0000 0000 0000  ................
0002aa50: 0000 0000 0000 0000 0000 0000 0000 0000  ................
0002aa60: 0000 0000 0000 0000 0000 0000 0000 0000  ................
0002aa70: 0000 0000 0000 0000 0000 0000 0000 0000  ................
0002aa80: 0000 0000 0000 0000 0000 0000 0000 0000  ................
0002aa90: 0000 0000 0000 0000 0000 0000 0000 0000  ................
0002aaa0: 0000 0000 0000 0000 0000 0000 0000 0000  ................
0002aab0: 0000 0000 0000 0000 0000 0000 0000 0000  ................
0002aac0: 0000 0000 0000 0000 0000 0000 0000 0000  ................
0002aad0: 0000 0000 0000 0000 0000 0000 0000 0000  ................
0002aae0: 0000 0000 0000 0000 0000 0000 0000 0000  ................
0002aaf0: 0000 0000 0000 0000 0000 0000 0000 0000  ................
0002ab00: 0000 0000 0000 0000 0000 0000 0000 0000  ................
0002ab10: 0000 0000 0000 0000 0000 0000 0000 0000  ................
0002ab20: 0000 0000 0000 0000 0000 0000 0000 0000  ................
0002ab30: 0000 0000 0000 0000 0000 0000 0000 0000  ................
0002ab40: 0000 0000 0000 0000 0000 0000 0000 0000  ................
0002ab50: 0000 0000 0000 0000 0000 0000 0000 0000  ................
0002ab60: 0000 0000 0000 0000 0000 0000 0000 0000  ................
0002ab70: 0000 0000 0000 0000 0000 0000 0000 0000  ................
0002ab80: 0000 0000 0000 0000 0000 0000 0000 0000  ................
0002ab90: 0000 0000 0000 0000 0000 0000 0000 0000  ................
0002aba0: 0000 0000 0000 0000 0000 0000 0000 0000  ................
0002abb0: 0000 0000 0000 0000 0000 0000 0000 0000  ................
0002abc0: 0000 0000 0000 0000 0000 0000 0000 0000  ................
0002abd0: 0000 0000 0000 0000 0000 0000 0000 0000  ................
0002abe0: 0000 0000 0000 0000 0000 0000 0000 0000  ................
0002abf0: 0000 0000 0000 0000 0000 0000 0000 0000  ................
0002ac00: 0000 0000 0000 0000 0000 0000 0000 0000  ................
0002ac10: 0000 0000 0000 0000 0000 0000 0000 0000  ................
0002ac20: 0000 0000 0000 0000 0000 0000 0000 0000  ................
0002ac30: 0000 0000 0000 0000 0000 0000 0000 0000  ................
0002ac40: 0000 0000 0000 0000 0000 0000 0000 0000  ................
0002ac50: 0000 0000 0000 0000 0000 0000 0000 0000  ................
0002ac60: 0000 0000 0000 0000 0000 0000 0000 0000  ................
0002ac70: 0000 0000 0000 0000 0000 0000 0000 0000  ................
0002ac80: 0000 0000 0000 0000 0000 0000 0000 0000  ................
0002ac90: 0000 0000 0000 0000 0000 0000 0000 0000  ................
0002aca0: 0000 0000 0000 0000 0000 0000 0000 0000  ................
0002acb0: 0000 0000 0000 0000 0000 0000 0000 0000  ................
0002acc0: 0000 0000 0000 0000 0000 0000 0000 0000  ................
0002acd0: 0000 0000 0000 0000 0000 0000 0000 0000  ................
0002ace0: 0000 0000 0000 0000 0000 0000 0000 0000  ................
0002acf0: 0000 0000 0000 0000 0000 0000 0000 0000  ................
0002ad00: 0000 0000 0000 0000 0000 0000 0000 0000  ................
0002ad10: 0000 0000 0000 0000 0000 0000 0000 0000  ................
0002ad20: 0000 0000 0000 0000 0000 0000 0000 0000  ................
0002ad30: 0000 0000 0000 0000 0000 0000 0000 0000  ................
0002ad40: 0000 0000 0000 0000 0000 0000 0000 0000  ................
0002ad50: 0000 0000 0000 0000 0000 0000 0000 0000  ................
0002ad60: 0000 0000 0000 0000 0000 0000 0000 0000  ................
0002ad70: 0000 0000 0000 0000 0000 0000 0000 0000  ................
0002ad80: 0000 0000 0000 0000 0000 0000 0000 0000  ................
0002ad90: 0000 0000 0000 0000 0000 0000 0000 0000  ................
0002ada0: 0000 0000 0000 0000 0000 0000 0000 0000  ................
0002adb0: 0000 0000 0000 0000 0000 0000 0000 0000  ................
0002adc0: 0000 0000 0000 0000 0000 0000 0000 0000  ................
0002add0: 0000 0000 0000 0000 0000 0000 0000 0000  ................
0002ade0: 0000 0000 0000 0000 0000 0000 0000 0000  ................
0002adf0: 0000 0000 0000 0000 0000 0000 0000 0000  ................
0002ae00: 0000 0000 0000 0000 0000 0000 0000 0000  ................
0002ae10: 0000 0000 0000 0000 0000 0000 0000 0000  ................
0002ae20: 0000 0000 0000 0000 0000 0000 0000 0000  ................
0002ae30: 0000 0000 0000 0000 0000 0000 0000 0000  ................
0002ae40: 0000 0000 0000 0000 0000 0000 0000 0000  ................
0002ae50: 0000 0000 0000 0000 0000 0000 0000 0000  ................
0002ae60: 0000 0000 0000 0000 0000 0000 0000 0000  ................
0002ae70: 0000 0000 0000 0000 0000 0000 0000 0000  ................
0002ae80: 0000 0000 0000 0000 0000 0000 0000 0000  ................
0002ae90: 0000 0000 0000 0000 0000 0000 0000 0000  ................
0002aea0: 0000 0000 0000 0000 0000 0000 0000 0000  ................
0002aeb0: 0000 0000 0000 0000 0000 0000 0000 0000  ................
0002aec0: 0000 0000 0000 0000 0000 0000 0000 0000  ................
0002aed0: 0000 0000 0000 0000 0000 0000 0000 0000  ................
0002aee0: 0000 0000 0000 0000 0000 0000 0000 0000  ................
0002aef0: 0000 0000 0000 0000 0000 0000 0000 0000  ................
0002af00: 0000 0000 0000 0000 0000 0000 0000 0000  ................
0002af10: 0000 0000 0000 0000 0000 0000 0000 0000  ................
0002af20: 0000 0000 0000 0000 0000 0000 0000 0000  ................
0002af30: 0000 0000 0000 0000 0000 0000 0000 0000  ................
0002af40: 0000 0000 0000 0000 0000 0000 0000 0000  ................
0002af50: 0000 0000 0000 0000 0000 0000 0000 0000  ................
0002af60: 0000 0000 0000 0000 0000 0000 0000 0000  ................
0002af70: 0000 0000 0000 0000 0000 0000 0000 0000  ................
0002af80: 0000 0000 0000 0000 0000 0000 0000 0000  ................
0002af90: 0000 0000 0000 0000 0000 0000 0000 0000  ................
0002afa0: 0000 0000 0000 0000 0000 0000 0000 0000  ................
0002afb0: 0000 0000 0000 0000 0000 0000 0000 0000  ................
0002afc0: 0000 0000 0000 0000 0000 0000 0000 0000  ................
0002afd0: 0000 0000 0000 0000 0000 0000 0000 0000  ................
0002afe0: 0000 0000 0000 0000 0000 0000 0000 0000  ................
0002aff0: 0000 0000 0000 0000 0000 0000 0000 0000  ................
0002b000: 0000 0000 0000 0000 0000 0000 0000 0000  ................
0002b010: 0000 0000 0000 0000 0000 0000 0000 0000  ................
0002b020: 0000 0000 0000 0000 0000 0000 0000 0000  ................
0002b030: 0000 0000 0000 0000 0000 0000 0000 0000  ................
0002b040: 0000 0000 0000 0000 0000 0000 0000 0000  ................
0002b050: 0000 0000 0000 0000 0000 0000 0000 0000  ................
0002b060: 0000 0000 0000 0000 0000 0000 0000 0000  ................
0002b070: 0000 0000 0000 0000 0000 0000 0000 0000  ................
0002b080: 0000 0000 0000 0000 0000 0000 0000 0000  ................
0002b090: 0000 0000 0000 0000 0000 0000 0000 0000  ................
0002b0a0: 0000 0000 0000 0000 0000 0000 0000 0000  ................
0002b0b0: 0000 0000 0000 0000 0000 0000 0000 0000  ................
0002b0c0: 0000 0000 0000 0000 0000 0000 0000 0000  ................
0002b0d0: 0000 0000 0000 0000 0000 0000 0000 0000  ................
0002b0e0: 0000 0000 0000 0000 0000 0000 0000 0000  ................
0002b0f0: 0000 0000 0000 0000 0000 0000 0000 0000  ................
0002b100: 0000 0000 0000 0000 0000 0000 0000 0000  ................
0002b110: 0000 0000 0000 0000 0000 0000 0000 0000  ................
0002b120: 0000 0000 0000 0000 0000 0000 0000 0000  ................
0002b130: 0000 0000 0000 0000 0000 0000 0000 0000  ................
0002b140: 0000 0000 0000 0000 0000 0000 0000 0000  ................
0002b150: 0000 0000 0000 0000 0000 0000 0000 0000  ................
0002b160: 0000 0000 0000 0000 0000 0000 0000 0000  ................
0002b170: 0000 0000 0000 0000 0000 0000 0000 0000  ................
0002b180: 0000 0000 0000 0000 0000 0000 0000 0000  ................
0002b190: 0000 0000 0000 0000 0000 0000 0000 0000  ................
0002b1a0: 0000 0000 0000 0000 0000 0000 0000 0000  ................
0002b1b0: 0000 0000 0000 0000 0000 0000 0000 0000  ................
0002b1c0: 0000 0000 0000 0000 0000 0000 0000 0000  ................
0002b1d0: 0000 0000 0000 0000 0000 0000 0000 0000  ................
0002b1e0: 0000 0000 0000 0000 0000 0000 0000 0000  ................
0002b1f0: 0000 0000 0000 0000 0000 0000 0000 0000  ................
0002b200: 0000 0000 0000 0000 0000 0000 0000 0000  ................
0002b210: 0000 0000 0000 0000 0000 0000 0000 0000  ................
0002b220: 0000 0000 0000 0000 0000 0000 0000 0000  ................
0002b230: 0000 0000 0000 0000 0000 0000 0000 0000  ................
0002b240: 0000 0000 0000 0000 0000 0000 0000 0000  ................
0002b250: 0000 0000 0000 0000 0000 0000 0000 0000  ................
0002b260: 0000 0000 0000 0000 0000 0000 0000 0000  ................
0002b270: 0000 0000 0000 0000 0000 0000 0000 0000  ................
0002b280: 0000 0000 0000 0000 0000 0000 0000 0000  ................
0002b290: 0000 0000 0000 0000 0000 0000 0000 0000  ................
0002b2a0: 0000 0000 0000 0000 0000 0000 0000 0000  ................
0002b2b0: 0000 0000 0000 0000 0000 0000 0000 0000  ................
0002b2c0: 0000 0000 0000 0000 0000 0000 0000 0000  ................
0002b2d0: 0000 0000 0000 0000 0000 0000 0000 0000  ................
0002b2e0: 0000 0000 0000 0000 0000 0000 0000 0000  ................
0002b2f0: 0000 0000 0000 0000 0000 0000 0000 0000  ................
0002b300: 0000 0000 0000 0000 0000 0000 0000 0000  ................
0002b310: 0000 0000 0000 0000 0000 0000 0000 0000  ................
0002b320: 0000 0000 0000 0000 0000 0000 0000 0000  ................
0002b330: 0000 0000 0000 0000 0000 0000 0000 0000  ................
0002b340: 0000 0000 0000 0000 0000 0000 0000 0000  ................
0002b350: 0000 0000 0000 0000 0000 0000 0000 0000  ................
0002b360: 0000 0000 0000 0000 0000 0000 0000 0000  ................
0002b370: 0000 0000 0000 0000 0000 0000 0000 0000  ................
0002b380: 0000 0000 0000 0000 0000 0000 0000 0000  ................
0002b390: 0000 0000 0000 0000 0000 0000 0000 0000  ................
0002b3a0: 0000 0000 0000 0000 0000 0000 0000 0000  ................
0002b3b0: 0000 0000 0000 0000 0000 0000 0000 0000  ................
0002b3c0: 0000 0000 0000 0000 0000 0000 0000 0000  ................
0002b3d0: 0000 0000 0000 0000 0000 0000 0000 0000  ................
0002b3e0: 0000 0000 0000 0000 0000 0000 0000 0000  ................
0002b3f0: 0000 0000 0000 0000 0000 0000 0000 0000  ................
0002b400: 0000 0000 0000 0000 0000 0000 0000 0000  ................
0002b410: 0000 0000 0000 0000 0000 0000 0000 0000  ................
0002b420: 0000 0000 0000 0000 0000 0000 0000 0000  ................
0002b430: 0000 0000 0000 0000 0000 0000 0000 0000  ................
0002b440: 0000 0000 0000 0000 0000 0000 0000 0000  ................
0002b450: 0000 0000 0000 0000 0000 0000 0000 0000  ................
0002b460: 0000 0000 0000 0000 0000 0000 0000 0000  ................
0002b470: 0000 0000 0000 0000 0000 0000 0000 0000  ................
0002b480: 0000 0000 0000 0000 0000 0000 0000 0000  ................
0002b490: 0000 0000 0000 0000 0000 0000 0000 0000  ................
0002b4a0: 0000 0000 0000 0000 0000 0000 0000 0000  ................
0002b4b0: 0000 0000 0000 0000 0000 0000 0000 0000  ................
0002b4c0: 0000 0000 0000 0000 0000 0000 0000 0000  ................
0002b4d0: 0000 0000 0000 0000 0000 0000 0000 0000  ................
0002b4e0: 0000 0000 0000 0000 0000 0000 0000 0000  ................
0002b4f0: 0000 0000 0000 0000 0000 0000 0000 0000  ................
0002b500: 0000 0000 0000 0000 0000 0000 0000 0000  ................
0002b510: 0000 0000 0000 0000 0000 0000 0000 0000  ................
0002b520: 0000 0000 0000 0000 0000 0000 0000 0000  ................
0002b530: 0000 0000 0000 0000 0000 0000 0000 0000  ................
0002b540: 0000 0000 0000 0000 0000 0000 0000 0000  ................
0002b550: 0000 0000 0000 0000 0000 0000 0000 0000  ................
0002b560: 0000 0000 0000 0000 0000 0000 0000 0000  ................
0002b570: 0000 0000 0000 0000 0000 0000 0000 0000  ................
0002b580: 0000 0000 0000 0000 0000 0000 0000 0000  ................
0002b590: 0000 0000 0000 0000 0000 0000 0000 0000  ................
0002b5a0: 0000 0000 0000 0000 0000 0000 0000 0000  ................
0002b5b0: 0000 0000 0000 0000 0000 0000 0000 0000  ................
0002b5c0: 0000 0000 0000 0000 0000 0000 0000 0000  ................
0002b5d0: 0000 0000 0000 0000 0000 0000 0000 0000  ................
0002b5e0: 0000 0000 0000 0000 0000 0000 0000 0000  ................
0002b5f0: 0000 0000 0000 0000 0000 0000 0000 0000  ................
0002b600: 0000 0000 0000 0000 0000 0000 0000 0000  ................
0002b610: 0000 0000 0000 0000 0000 0000 0000 0000  ................
0002b620: 0000 0000 0000 0000 0000 0000 0000 0000  ................
0002b630: 0000 0000 0000 0000 0000 0000 0000 0000  ................
0002b640: 0000 0000 0000 0000 0000 0000 0000 0000  ................
0002b650: 0000 0000 0000 0000 0000 0000 0000 0000  ................
0002b660: 0000 0000 0000 0000 0000 0000 0000 0000  ................
0002b670: 0000 0000 0000 0000 0000 0000 0000 0000  ................
0002b680: 0000 0000 0000 0000 0000 0000 0000 0000  ................
0002b690: 0000 0000 0000 0000 0000 0000 0000 0000  ................
0002b6a0: 0000 0000 0000 0000 0000 0000 0000 0000  ................
0002b6b0: 0000 0000 0000 0000 0000 0000 0000 0000  ................
0002b6c0: 0000 0000 0000 0000 0000 0000 0000 0000  ................
0002b6d0: 0000 0000 0000 0000 0000 0000 0000 0000  ................
0002b6e0: 0000 0000 0000 0000 0000 0000 0000 0000  ................
0002b6f0: 0000 0000 0000 0000 0000 0000 0000 0000  ................
0002b700: 0000 0000 0000 0000 0000 0000 0000 0000  ................
0002b710: 0000 0000 0000 0000 0000 0000 0000 0000  ................
0002b720: 0000 0000 0000 0000 0000 0000 0000 0000  ................
0002b730: 0000 0000 0000 0000 0000 0000 0000 0000  ................
0002b740: 0000 0000 0000 0000 0000 0000 0000 0000  ................
0002b750: 0000 0000 0000 0000 0000 0000 0000 0000  ................
0002b760: 0000 0000 0000 0000 0000 0000 0000 0000  ................
0002b770: 0000 0000 0000 0000 0000 0000 0000 0000  ................
0002b780: 0000 0000 0000 0000 0000 0000 0000 0000  ................
0002b790: 0000 0000 0000 0000 0000 0000 0000 0000  ................
0002b7a0: 0000 0000 0000 0000 0000 0000 0000 0000  ................
0002b7b0: 0000 0000 0000 0000 0000 0000 0000 0000  ................
0002b7c0: 0000 0000 0000 0000 0000 0000 0000 0000  ................
0002b7d0: 0000 0000 0000 0000 0000 0000 0000 0000  ................
0002b7e0: 0000 0000 0000 0000 0000 0000 0000 0000  ................
0002b7f0: 0000 0000 0000 0000 0000 0000 0000 0000  ................
0002b800: 0000 0000 0000 0000 0000 0000 0000 0000  ................
0002b810: 0000 0000 0000 0000 0000 0000 0000 0000  ................
0002b820: 0000 0000 0000 0000 0000 0000 0000 0000  ................
0002b830: 0000 0000 0000 0000 0000 0000 0006 0000  ................
0002b840: 1b44 5c3a 5d16 c33a 14aa cb3a 3052 533a  .D\:]..:...:0RS:
0002b850: 4475 313a b885 ab3a 4dcc 1d3b b05f f83a  Du1:...:M..;._.:
0002b860: b935 163b 7f3f 893a 3b4d c53a b565 483a  .5.;.?.:;M.:.eH:
0002b870: 3a70 a13a fe18 593a dd6a d13a 87f4 4b3a  :p.:..Y:.j.:..K:
0002b880: 394d 7a3a 141e 943a 8ede 683a 5e99 b83a  9Mz:...:..h:^..:
0002b890: 251c 803a 37b4 e13a 6e83 8e3a 0aa2 ad3a  %..:7..:n..:...:
0002b8a0: a0bd 273a e9d6 8d3a 70cd 603a b70f b13a  ..':...:p.`:...:
0002b8b0: e2ab 003b 5ad8 bc3a 542f 2b3a 5a1e 673a  ...;Z..:T/+:Z.g:
0002b8c0: 81a3 883a 7b0d 7b3a f395 cf3a fe7d aa3a  ...:{.{:...:.}.:
0002b8d0: 66c1 ab3a 30b9 be3a 4951 9c3a e66c 8b3a  f..:0..:IQ.:.l.:
0002b8e0: 73dc 293a aef6 8d3a f9aa 813a e5c3 3c3a  s.):...:...:..<:
0002b8f0: 9233 573a f8e6 1b3a 7908 903a c6ee 523a  .3W:...:y..:..R:
0002b900: fae7 743a 0785 833a 411c 803a 1f88 2c3a  ..t:...:A..:..,:
0002b910: ad63 5a3a 2449 893a 5efc 553a 69e2 8b3a  .cZ:$I.:^.U:i..:
0002b920: c3ee 593a f6e8 c13a 2258 393a f8d9 a33a  ..Y:...:"X9:...:
0002b930: aaed 5d3a 8848 083b ce65 ba3a f4f9 cf3a  ..]:.H.;.e.:...:
0002b940: d4d8 ff39 f2aa 8b3a afae 5e3a 8fc4 c73a  ...9...:..^:...:
0002b950: d1c5 ab3a 79bc 5a3a b352 8f3a 8c26 b13a  ...:y.Z:.R.:.&.:
0002b960: 2382 633a 8181 343a 3e04 863a 3996 543a  #.c:..4:>..:9.T:
0002b970: 83bc c33a 834e 793a 25c2 e53a 16ae 873a  ...:.Ny:%..:...:
0002b980: ec28 523a 23a8 9e3a 9c7e 913a bb0f 4d3a  .(R:#..:.~.:..M:
0002b990: 31f4 b13a 86d6 6c3a dd8a 403a 0d6e b53a  1..:..l:..@:.n.:
0002b9a0: 11d7 af3a 23d4 863a 3c47 2b3a cdf3 7f3a  ...:#..:<G+:...:
0002b9b0: 46d8 563a 760f 783a d3b1 413a d355 9c3a  F.V:v.x:..A:.U.:
0002b9c0: 5da3 983a cc4c 663a f300 a03a 2e28 183a  ]..:.Lf:...:.(.:
0002b9d0: d23f 763a b64a f93a 8f55 b43a 0bb3 8d3a  .?v:.J.:.U.:...:
0002b9e0: 22e8 5f3a 2230 c13a 07c7 903a f6be 9a3a  "._:"0.:...:...:
0002b9f0: 84b1 9c3a 49db 763a 9659 a13a a392 573a  ...:I.v:.Y.:..W:
0002ba00: caf1 7c3a 6afe a13a 293b 8a3a 1f60 b43a  ..|:j..:);.:.`.:
0002ba10: f4ac a43a 6bad 983a 0867 8a3a f493 cd3a  ...:k..:.g.:...:
0002ba20: caba 3d3a b195 803a bf21 533a 44f8 a53a  ..=:...:.!S:D..:
0002ba30: 915d dc3a 19d5 833a 5491 3d3a dc58 953a  .].:...:T.=:.X.:
0002ba40: 49c6 603a 8053 533a fb54 b33a 4fb0 5c3a  I.`:.SS:.T.:O.\:
0002ba50: 0a57 483a 8892 e33a 8f39 8e3a 8664 863a  .WH:...:.9.:.d.:
0002ba60: 476f 4e3a 8ca8 6b3a 8c72 4c3a 1b61 993a  GoN:..k:.rL:.a.:
0002ba70: fd93 a13a e353 993a ea75 443a e9ee 2d3a  ...:.S.:.uD:..-:
0002ba80: c8b0 3d3a b9a7 b13a 2630 6f3a b010 903a  ..=:...:&0o:...:
0002ba90: 6443 8a3a 8af0 a03a e674 2b3a 9ad3 993a  dC.:...:.t+:...:
0002baa0: 87f1 9b3a 5a73 7e3a 69d9 963a e324 453a  ...:Zs~:i..:.$E:
0002bab0: e40d 193b 72bb 373a 7d11 5d3a 64bd 8f3a  ...;r.7:}.]:d..:
0002bac0: e163 743a d31a 9f3a 80a9 8e3a cbf5 8c3a  .ct:...:...:...:
0002bad0: 3444 643a 5cb1 623a 6b77 a63a 7adc 893a  4Dd:\.b:kw.:z..:
0002bae0: bc15 7c3a 66ae 2b3a c58e 873a 2e68 233a  ..|:f.+:...:.h#:
0002baf0: 808d c73a 8ce4 8c3a faab 8d3a f71c 4f3a  ...:...:...:..O:
0002bb00: 5a5a 623a 414c 6b3a 99b6 af3a e4fa c73a  ZZb:ALk:...:...:
0002bb10: 1fbb 613a 848f 883a 860b 4f3a e08b 3a3a  ..a:...:..O:..::
0002bb20: 70d0 3f3a 4287 fe39 7015 b33a cab3 6c3a  p.?:B..9p..:..l:
0002bb30: 419b 893a 8dca 703a cac9 a93a 1aa4 6c3a  A..:..p:...:..l:
0002bb40: cffd 593a 563b 5d3a c5c6 d63a 2d7d 583a  ..Y:V;]:...:-}X:
0002bb50: e054 343a 3a45 903a 891b a53a 25e8 ac3a  .T4::E.:...:%..:
0002bb60: 2b8d a03a 1fb0 ae3a 7668 ad3a 2ecb 2d3a  +..:...:vh.:..-:
0002bb70: 2cee b63a 43ac dc3a b6a5 f13a ba2b 573a  ,..:C..:...:.+W:
0002bb80: 7a58 793a 76d6 373a 7f21 893a fc2d 933a  zXy:v.7:.!.:.-.:
0002bb90: 8a04 8e3a b035 c03a 900d 7a3a 975b b83a  ...:.5.:..z:.[.:
0002bba0: 4234 6f3a 8be4 743a 44eb 7e3a 19b9 6a3a  B4o:..t:D.~:..j:
0002bbb0: 0907 443a 39d3 ae3a 5d59 5b3a 2345 673a  ..D:9..:]Y[:#Eg:
0002bbc0: e708 b93a 4be1 283a e21e 6d3a 54d0 423a  ...:K.(:..m:T.B:
0002bbd0: 0c35 303a ad97 e33a 871f 563a 20fd 733a  .50:...:..V: .s:
0002bbe0: 6902 533a 7cf7 6a3a 4153 6f3a f4c9 2f3a  i.S:|.j:ASo:../:
0002bbf0: a692 8e3a 3056 273a 2943 c13a 8392 313a  ...:0V':)C.:..1:
0002bc00: 335f ab3a 1488 8e3a a595 633a bf71 3b3a  3_.:...:..c:.q;:
0002bc10: 637a 143a 7ff5 b23a adb9 bc3a caa6 b23a  cz.:...:...:...:
0002bc20: c5c9 a03a bec0 9e3a d87f 983a bcc2 a33a  ...:...:...:...:
0002bc30: 5f7e b93a 3883 5b3a 9dec 9a3a 6306 d23a  _~.:8.[:...:c..:
0002bc40: 8da0 163a a009 503a b2b0 6c3a 27aa 833a  ...:..P:..l:'..:
0002bc50: 6039 5a3a c6e6 713a bf56 843a 6981 813a  `9Z:..q:.V.:i..:
0002bc60: 5016 903a 13b1 453a 2549 513a 04f9 7c3a  P..:..E:%IQ:..|:
0002bc70: 9c48 b13a ff93 9d3a bcd6 9d3a 5a2f 3b3a  .H.:...:...:Z/;:
0002bc80: e348 743a 546c 893a bb26 643a fe68 a73a  .Ht:Tl.:.&d:.h.:
0002bc90: 85ce bd3a 4e17 983a a4a2 463a 803c 9a3a  ...:N..:..F:.<.:
0002bca0: 1f38 983a 2db3 5b3a 11ab 833a cabf 713a  .8.:-.[:...:..q:
0002bcb0: 1847 313a 0f9b 693a aaa6 d03a 674e 923a  .G1:..i:...:gN.:
0002bcc0: 7dc7 503a cef3 883a cefc 863a e8a1 853a  }.P:...:...:...:
0002bcd0: 1625 f739 811e 273b a39e 833a dc65 a13a  .%.9..';...:.e.:
0002bce0: 1254 b53a 26d8 b93a 9d13 a93a 8b90 893a  .T.:&..:...:...:
0002bcf0: 6901 b13a 7d36 973a f1e2 c43a bab0 973a  i..:}6.:...:...:
0002bd00: b3b0 6d3a ad89 863a 25d7 4e3a 35c2 093b  ..m:...:%.N:5..;
0002bd10: 1d9c ab3a 1702 723a 91a1 2a3a becf 8d3a  ...:..r:..*:...:
0002bd20: cde5 643a 938b 903a 7436 743a 0831 d13a  ..d:...:t6t:.1.:
0002bd30: a812 753a db3c 643a d684 9c3a 4140 633a  ..u:.<d:...:A@c:
0002bd40: 286a 933a 7be1 e33a 4d92 9a3a af15 1f3a  (j.:{..:M..:...:
0002bd50: 4341 1f3a def7 893a 507c ab3a 354f e43a  CA.:...:P|.:5O.:
0002bd60: 880a 5f3a 91d9 143b 1641 9d3a 8b34 9e3a  .._:...;.A.:.4.:
0002bd70: a7b3 443a 054c e13a ef70 573a 82d4 503a  ..D:.L.:.pW:..P:
0002bd80: 76b8 a53a f34e 803a 7dbc 703a d134 233a  v..:.N.:}.p:.4#:
0002bd90: 39a5 5a3a 2fa3 9f3a 89f9 7a3a 2a3c b13a  9.Z:/..:..z:*<.:
0002bda0: 6cfa 363a ec2d 9f3a 9b2d 623a a9d8 473a  l.6:.-.:.-b:..G:
0002bdb0: f0b0 7f3a 6619 7d3a b120 513a 50e5 3d3a  ...:f.}:. Q:P.=:
0002bdc0: 8f31 773a 035e 733a 580f b43a 2b1b 803a  .1w:.^s:X..:+..:
0002bdd0: dc1b 163a 4e8f e53a e5ff 4c3a dbcc 963a  ...:N..:..L:...:
0002bde0: 7514 a63a ebf8 033a 92f8 8e3a f9da ac3a  u..:...:...:...:
0002bdf0: 9f6b 803a a126 893a f125 8c3a 9a61 8e3a  .k.:.&.:.%.:.a.:
0002be00: 85aa 4b3a d264 b63a 87f4 ab3a 4921 673a  ..K:.d.:...:I!g:
0002be10: 191d c83a bfcf 563a 7eea b23a e5f2 a33a  ...:..V:~..:...:
0002be20: 463a db3a 6a25 183a 14f6 883a c8f1 8c3a  F:.:j%.:...:...:
0002be30: 636a 913a c744 243a e26b 303a ae64 5c3a  cj.:.D$:.k0:.d\:
0002be40: ea3b 883a cef4 8d3a 7706 713a 458c 743a  .;.:...:w.q:E.t:
0002be50: 5677 a43a a574 a93a ebba a23a 6711 823a  Vw.:.t.:...:g..:
0002be60: 9628 8c3a 623f 4c3a ad2c e13a cd8f 713a  .(.:b?L:.,.:..q:
0002be70: 823a d03a 7196 b73a 4a15 433a 300c 793a  .:.:q..:J.C:0.y:
0002be80: fd55 8c3a f042 443a 18a8 8d3a 6b7a 663a  .U.:.BD:...:kzf:
0002be90: cf24 083a fe5c 853a 5444 923a 2b01 283a  .$.:.\.:TD.:+.(:
0002bea0: bca0 063a ffdd 8d3a 0995 953a 0927 2d3a  ...:...:...:.'-:
0002beb0: e2a4 3b3a 0184 c53a 027d 7a3a 0b61 403a  ..;:...:.}z:.a@:
0002bec0: 1398 463a 073e 893a 4c3f 713a 86bc a13a  ..F:.>.:L?q:...:
0002bed0: 7cc6 503a a9f6 033b af5e 5f3a eb7e 913a  |.P:...;.^_:.~.:
0002bee0: 835d 1e3a ac18 373a 906d 8d3a 941b cf3a  .].:..7:.m.:...:
0002bef0: c14a 683a 1973 963a b564 3f3a 7f58 963a  .Jh:.s.:.d?:.X.:
0002bf00: aa4d 523a 26f4 643a d1cc 7f3a a22c 603a  .MR:&.d:...:.,`:
0002bf10: 9e84 123a 3ed4 a43a bca5 713a 42e6 333a  ...:>..:..q:B.3:
0002bf20: 5211 433a f100 7b3a 8815 8a3a 58f8 a63a  R.C:..{:...:X..:
0002bf30: 3e5e a93a 6bcb 9f3a cb31 223a f16d 893a  >^.:k..:.1":.m.:
0002bf40: 38c0 193a a207 ce3a 902d 193a f797 b13a  8..:...:.-.:...:
0002bf50: d7b6 6e3a a040 813a 0ff2 403a a846 7a3a  ..n:.@.:..@:.Fz:
0002bf60: f9d7 4f3a 98d8 963a 2d7e 343a 9a5e 883a  ..O:...:-~4:.^.:
0002bf70: 816c 403a b63a 4a3a 4878 783a 3291 763a  .l@:.:J:Hxx:2.v:
0002bf80: 6669 a13a f88a 3e3a e28e 833a deda 2b3a  fi.:..>:...:..+:
0002bf90: 716d 6b3a 2abb 523a 1304 233b 16a7 343a  qmk:*.R:..#;..4:
0002bfa0: c85b a23a 3100 6b3a 2800 6a3a fb28 3e3a  .[.:1.k:(.j:.(>:
0002bfb0: 83b4 a13a 0189 2b3a b4eb 533a 123c 9f3a  ...:..+:..S:.<.:
0002bfc0: b5bb 8f3a 8002 8a3a def8 3e3a d0aa 3c3a  ...:...:..>:..<:
0002bfd0: 6448 753a 00ea 453a 4f68 1e3a 3ba8 773a  dHu:..E:Oh.:;.w:
0002bfe0: 5518 633a aef0 1d3a c3a4 513a b11f 153b  U.c:...:..Q:...;
0002bff0: 1ceb 893a d0a0 783a 51ad 323a c34a 8b3a  ...:..x:Q.2:.J.:
0002c000: ca37 433a 7b80 013a a7fb 843a 6329 5b3a  .7C:{..:...:c)[:
0002c010: 34d8 363a 1f53 9d3a 00a4 3b3a dda5 2b3a  4.6:.S.:..;:..+:
0002c020: bab1 b039 8888 8c3a 32c7 913a 5d1e 6c3a  ...9...:2..:].l:
0002c030: dcaf c33a 838a 2a3a 7182 ba3a 6f8a 903a  ...:..*:q..:o..:
0002c040: 893f 0e3a 65f6 9e3a 4591 003a ade5 853a  .?.:e..:E..:...:
0002c050: 0099 2c3a 129c 773a 5997 7a3a 997f 283a  ..,:..w:Y.z:..(:
0002c060: d4af 463a e015 693a b976 553a 9dd6 833a  ..F:..i:.vU:...:
0002c070: fdc2 f43a 9b5d cf3a fe02 ca3a 10a0 c13a  ...:.].:...:...:
0002c080: 77ab 9a3a 66b8 733a 030e 873a 0aca 583a  w..:f.s:...:..X:
0002c090: bff8 dc3a fb2d aa3a 4d82 643a bb90 ac3a  ...:.-.:M.d:...:
0002c0a0: 6805 6e3a add1 923a 8799 713a 195f 493a  h.n:...:..q:._I:
0002c0b0: 1cfe d53a 4e52 2a3a 3967 173b 642c 023b  ...:NR*:9g.;d,.;
0002c0c0: 247b d13a dbc0 a93a 3f08 993a 6e70 db3a  ${.:...:?..:np.:
0002c0d0: 7e72 5f3a cc68 603a 3e8f 243a e75e 813a  ~r_:.h`:>.$:.^.:
0002c0e0: e997 793a 1501 603a 7211 a73a 0f11 ce3a  ..y:..`:r..:...:
0002c0f0: f871 293a 95b4 7e3a 0ca2 553a 56ad 803a  .q):..~:..U:V..:
0002c100: 0b0c b93a 3587 213a 8e07 463a 2191 eb39  ...:5.!:..F:!..9
0002c110: e018 503a 7f8b b43a bfc1 8c3a 1804 663a  ..P:...:...:..f:
0002c120: cf1f 1c3a 6840 783a 87f7 ed3a 90bf 513a  ...:h@x:...:..Q:
0002c130: 83b6 b23a 3221 313a 1d7a d33a 370a ae3a  ...:2!1:.z.:7..:
0002c140: 917f 023b a5f8 4e3a f8dc f939 522f a43a  ...;..N:...9R/.:
0002c150: 9a8b 943a 4d9b f239 0059 3c3a 452d af3a  ...:M..9.Y<:E-.:
0002c160: 095f c03a 46c9 693a 9a0c eb3a 107b 5d3a  ._.:F.i:...:.{]:
0002c170: ac28 893a c3c4 643a 34e0 1b3a b386 a43a  .(.:..d:4..:...:
0002c180: 7677 453a 4509 363a c6a9 1e3a 8fa2 543a  vwE:E.6:...:..T:
0002c190: 7c2d 9d3a d3cf 623a 0f5c 603a 295b 5d3a  |-.:..b:.\`:)[]:
0002c1a0: cac2 6c3a bdd5 973a c801 913a 261a 603a  ..l:...:...:&.`:
0002c1b0: 6722 c13a ce4f 333a 3aee 2c3a 6189 e73a  g".:.O3::.,:a..:
0002c1c0: 28c0 223a 672d ce3a ab04 2b3a c497 823a  (.":g-.:..+:...:
0002c1d0: 796d 013b c32f 3f3a 7168 5f3a bfe4 8e3a  ym.;./?:qh_:...:
0002c1e0: 27c2 1c3a 064e 823a bef4 033b 706f 183a  '..:.N.:...;po.:
0002c1f0: 889f a63a 7064 813a 572f 773a 0e66 9f3a  ...:pd.:W/w:.f.:
0002c200: d931 7f3a 68e2 1b3a 2b9a de3a 452b db3a  .1.:h..:+..:E+.:
0002c210: 0a93 523a b2d9 b33a 943e 843a 09e8 963a  ..R:...:.>.:...:
0002c220: b787 4a3a ad4b 923a 63f3 293a 8717 a63a  ..J:.K.:c.):...:
0002c230: 24b4 2f3a 969a b53a 3ddd c83a f62c c13a  $./:...:=..:.,.:
0002c240: 205a 723a 80df 863a b411 e73a 2056 9c3a   Zr:...:...: V.:
0002c250: a510 983a 0ff1 bb3a 5a27 523a 0858 913a  ...:...:Z'R:.X.:
0002c260: 7597 813a 5889 be3a d1b0 2d3a e906 1a3a  u..:X..:..-:...:
0002c270: 73ff 313a 0c7e 133a 8467 ae3a e71f 743a  s.1:.~.:.g.:..t:
0002c280: 6f25 943a 8c1e 263a 90ff 9a3a 328b 863a  o%.:..&:...:2..:
0002c290: 55e2 863a 2f29 6d3a f2e4 3b3a ace9 3d3a  U..:/)m:..;:..=:
0002c2a0: f886 4e3a 115a 7a3a 89d6 da3a 06b8 9f3a  ..N:.Zz:...:...:
0002c2b0: 5c9d c13a d702 573a 9e08 663a 7864 1a3a  \..:..W:..f:xd.:
0002c2c0: 009d 693a 0753 703a bcfd 663a c8de ad3a  ..i:.Sp:..f:...:
0002c2d0: 9ac4 903a 09d2 733a 82a4 233a 2f19 a83a  ...:..s:..#:/..:
0002c2e0: 4378 333a 9092 243a 1297 b23a b652 323a  Cx3:..$:...:.R2:
0002c2f0: 4270 783a 8d7b 4f3a da04 243a cbd6 233a  Bpx:.{O:..$:..#:
0002c300: dd90 613a 7e84 363a cdff 623a 56f3 3c3a  ..a:~.6:..b:V.<:
0002c310: 9bdd 2c3a b1c0 c239 7a5e 5a3a b9ac 403a  ..,:...9z^Z:..@:
0002c320: 4eec dc39 c5d0 6b3a bbac a93a 54b8 ca3a  N..9..k:...:T..:
0002c330: 1601 0d3a 0ccb 273a 08a8 ab3a 3674 843a  ...:..':...:6t.:
0002c340: 6fec 443a 6ad0 893a 15a7 443a 7582 8d3a  o.D:j..:..D:u..:
0002c350: 84a0 963a b04a 743a ce23 533a 5da9 793a  ...:.Jt:.#S:].y:
0002c360: 45a6 ee39 0a08 963a a374 4b3a e390 473a  E..9...:.tK:..G:
0002c370: 7822 393a 99a3 6c3a c320 713a 0c11 bc3a  x"9:..l:. q:...:
0002c380: 43b8 2c3a 45d2 ba3a 6a9f 8b3a 6f8b 1e3a  C.,:E..:j..:o..:
0002c390: 46e2 993a c149 323a de73 183a 7a65 f839  F..:.I2:.s.:ze.9
0002c3a0: dafe 2a3a a79a 783a bcc9 403a 4ca1 2f3a  ..*:..x:..@:L./:
0002c3b0: 7858 8f3a a8e0 533a efff 343a a87a 4b3a  xX.:..S:..4:.zK:
0002c3c0: bb66 a23a af77 c839 0ac6 0e3a ab53 7d3a  .f.:.w.9...:.S}:
0002c3d0: 7e8e 803a 2bce a13a 295d 833a bb64 6a3a  ~..:+..:)].:.dj:
0002c3e0: e189 ca3a f69d 983a 4527 493a e5ec 843a  ...:...:E'I:...:
0002c3f0: cc56 713a c3cf 3f3a ad5d 613a ccf3 763a  .Vq:..?:.]a:..v:
0002c400: 3640 a83a daf4 433a 4513 833a 5e10 213a  6@.:..C:E..:^.!:
0002c410: 44f3 6c3a 97b4 3e3a c9db b93a b5fb 8c3a  D.l:..>:...:...:
0002c420: 2396 ab3a d2b8 a83a a5cb 853a ee86 723a  #..:...:...:..r:
0002c430: e29f ad3a af16 3c3a 80d7 ca3a 58e7 383a  ...:..<:...:X.8:
0002c440: 04d4 d93a bf75 2b3a 4372 543a ad0d a23a  ...:.u+:CrT:...:
0002c450: f2d5 253a ae3c 923a 846e 813a 00e5 983a  ..%:.<.:.n.:...:
0002c460: 09ed 3e3a baeb 993a fdd6 883a 03e5 8d3a  ..>:...:...:...:
0002c470: 5e0c 3c3a 86ff 563a 4adc 323a 3852 703a  ^.<:..V:J.2:8Rp:
0002c480: deee 583a 70a4 553a 78de 733a dcce 883a  ..X:p.U:x.s:...:
0002c490: 6f34 6a3a 355d 9c3a c9f2 5c3a fa54 2e3a  o4j:5].:..\:.T.:
0002c4a0: d72e 7e3a cab9 893a 3f32 6e3a 5687 9e3a  ..~:...:?2n:V..:
0002c4b0: 100e a73a 5ab2 9b3a 8d74 803a 04e2 7b3a  ...:Z..:.t.:..{:
0002c4c0: b36e 733a 71e6 4f3a 0f89 b43a 835b 583a  .ns:q.O:...:.[X:
0002c4d0: 0b98 4f3a a4f4 563a 1061 493a 5ca1 513a  ..O:..V:.aI:\.Q:
0002c4e0: 25de 9c3a cc05 d03a bcfb 473a 7d2c 543a  %..:...:..G:},T:
0002c4f0: e053 473a 4ae7 893a 7d12 953a 1a7a cc3a  .SG:J..:}..:.z.:
0002c500: f3b4 4c3a 60b1 463a 4bba 433a fb26 a43a  ..L:`.F:K.C:.&.:
0002c510: 577a ed39 46a2 9c3a 8ca5 8e3a 4834 5e3a  Wz.9F..:...:H4^:
0002c520: 8e42 873a cdf8 7b3a a3cc 7f3a 9205 8d3a  .B.:..{:...:...:
0002c530: b0e0 873a 641e b93a 6700 a73a e6ec 273a  ...:d..:g..:..':
0002c540: cdef bf3a c3a4 443a c1be 823a 95fb 3c3a  ...:..D:...:..<:
0002c550: de09 3e3a 074f 3a3a 1c54 2b3a 1fe0 373a  ..>:.O::.T+:..7:
0002c560: 2089 5d3a 5373 3c3a 598f 653a a11f 723a   .]:Ss<:Y.e:..r:
0002c570: 6824 0a3a c524 7b3a 6c57 963a 9240 0a3a  h$.:.${:lW.:.@.:
0002c580: 6b9d ab3a 4604 733a 50cb 893a e32f 853a  k..:F.s:P..:./.:
0002c590: 85d3 863a 511e bf3a d84a 533a a2f5 aa3a  ...:Q..:.JS:...:
0002c5a0: 5df0 de3a b319 4d3a fdd8 a03a 0d56 b63a  ]..:..M:...:.V.:
0002c5b0: 5eaf 533a 0d6e 943a 6e06 a43a 012e 6a3a  ^.S:.n.:n..:..j:
0002c5c0: 2b58 303a 3101 053a 8501 2a3a 519a e03a  +X0:1..:..*:Q..:
0002c5d0: 0007 8b3a 910f 8a3a 7c9f 853a 790c 573a  ...:...:|..:y.W:
0002c5e0: ae83 423a 03f5 993a e74f 623a b002 923a  ..B:...:.Ob:...:
0002c5f0: 99eb 643a af0d 4f3a b0aa 583a 7b59 633a  ..d:..O:..X:{Yc:
0002c600: e223 c73a 9ace 4c3a 510e 683a 18ed 343a  .#.:..L:Q.h:..4:
0002c610: c800 4e3a e2d9 b13a 1bd0 fe3a e259 4d3a  ..N:...:...:.YM:
0002c620: e6f6 e43a 138b 3b3a 6478 993a 704b db3a  ...:..;:dx.:pK.:
0002c630: 1ec1 8b3a 21e9 b63a e7de a43a c4bd 573a  ...:!..:...:..W:
0002c640: e25a 973a e051 263a 7c67 983a 61a9 8e3a  .Z.:.Q&:|g.:a..:
0002c650: 1ea5 8c3a 2a8c 643a ea3e 993a fc09 a03a  ...:*.d:.>.:...:
0002c660: e807 d83a 9408 8c3a 60bd 3f3a 82d7 3a3a  ...:...:`.?:..::
0002c670: 4fe1 963a 9f13 403a 7e3a 5a3a 027f 953a  O..:..@:~:Z:...:
0002c680: 96e8 1a3a d4c7 793a d2f2 273a a1df ae3a  ...:..y:..':...:
0002c690: 195b 783a 500f 283a d47b 9b3a b362 3f3a  .[x:P.(:.{.:.b?:
0002c6a0: 47f1 013b 3927 6b3a 6d89 9a3a 6626 823a  G..;9'k:m..:f&.:
0002c6b0: 5a71 533a 365f 313a a50f 893a ecdb 493a  ZqS:6_1:...:..I:
0002c6c0: 3744 4c3a 8b07 9f3a 436b 7b3a 8ca1 413a  7DL:...:Ck{:..A:
0002c6d0: f877 493a 22e4 a83a eeb3 b03a 0e40 503a  .wI:"..:...:.@P:
0002c6e0: 5e9f 983a 11ae 403a 6835 9a3a 115b 363a  ^..:..@:h5.:.[6:
0002c6f0: 21f6 2a3a 66c7 d939 72f2 733a 7b9e 813a  !.*:f..9r.s:{..:
0002c700: b7fc 553a 6139 c63a ddbe 993a 97e4 213a  ..U:a9.:...:..!:
0002c710: 3590 6d3a a5a8 d53a ea2e 413a 1667 7b3a  5.m:...:..A:.g{:
0002c720: 5a9d 933a 9352 203a 6121 253a d787 8e3a  Z..:.R :a!%:...:
0002c730: 1316 8c3a 3b0f 7c3a 9cc3 9c3a 887f 953a  ...:;.|:...:...:
0002c740: 49dc a13a c399 af3a babe 5d3a 39a6 f53a  I..:...:..]:9..:
0002c750: ebec 823a 53d1 903a ec55 753a 9765 693a  ...:S..:.Uu:.ei:
0002c760: 3dba 873a 124a 463a 6532 5f3a f29c 5a3a  =..:.JF:e2_:..Z:
0002c770: 94d3 3c3a 3553 433a 3bff 803a 3e59 b13a  ..<:5SC:;..:>Y.:
0002c780: 30a2 be3a d6dc 6c3a 3d6d 163a 177f 973a  0..:..l:=m.:...:
0002c790: 0cca 573a 55cb 363a 7876 af3a c22d 543a  ..W:U.6:xv.:.-T:
0002c7a0: 30b8 4a3a 8a6b 893a eb6c 713a a529 cb3a  0.J:.k.:.lq:.).:
0002c7b0: 03dd 633a 2aa2 313a 3223 a93a c804 813a  ..c:*.1:2#.:...:
0002c7c0: e0ae df3a 9a21 1e3a 9bf0 2b3a df7a 673a  ...:.!.:..+:.zg:
0002c7d0: 3c44 893a f43c 5c3a 4523 7c3a 28f7 923a  <D.:.<\:E#|:(..:
0002c7e0: 2a16 053b bfe0 483a 6f75 e23a f42c 823a  *..;..H:ou.:.,.:
0002c7f0: 3da4 563a 0bbd 8d3a 3e8c 9c3a e1c6 833a  =.V:...:>..:...:
0002c800: 09f5 403a 4a1c 8a3a 3b33 423a b8f6 c73a  ..@:J..:;3B:...:
0002c810: 1b9a dc3a f7bf 313a 9fc7 eb3a 779d f139  ...:..1:...:w..9
0002c820: 850b 8a3a 5f6f 6e3a d832 ce3a 7068 923a  ...:_on:.2.:ph.:
0002c830: 8178 5d3a 1df1 893a 35ea 4e3a 253b 373a  .x]:...:5.N:%;7:
0002c840: 265e c83a ef94 253a c517 ce3a c8f3 3a3a  &^.:..%:...:..::
0002c850: e694 283a fced f43a 3563 573a 25da bf3a  ..(:...:5cW:%..:
0002c860: c18e 8b3a 37cd 2f3a 503b be3a e499 983a  ...:7./:P;.:...:
0002c870: e853 733a a675 903a 742f 693a 1d9a 883a  .Ss:.u.:t/i:...:
0002c880: 84bd 583a 12ee ce3a 97be 953a b31f 393a  ..X:...:...:..9:
0002c890: 1b99 6d3a 2de1 d73a e75d 923a 4fed a93a  ..m:-..:.].:O..:
0002c8a0: 09d2 7c3a e4a3 d23a efd8 423a edf5 843a  ..|:...:..B:...:
0002c8b0: 10fc 8f3a 305b a53a 520a 553a afd7 853a  ...:0[.:R.U:...:
0002c8c0: 8881 313a b942 9a3a 7372 4a3a 3587 653a  ..1:.B.:srJ:5.e:
0002c8d0: f9b0 473a 46c4 983a fd90 533a f47c 523a  ..G:F..:..S:.|R:
0002c8e0: 2dde 6a3a cac4 cc3a b27e 3d3a 9660 363a  -.j:...:.~=:.`6:
0002c8f0: 989a 553a 7ff8 863a 1944 b63a 48b9 543a  ..U:...:.D.:H.T:
0002c900: 7924 303a ab8a 503a e20c ad3a d15f 323a  y$0:..P:...:._2:
0002c910: 71f0 5b3a 7421 8e3a 4e3d 563a 2910 873a  q.[:t!.:N=V:)..:
0002c920: 1e4b 1e3a ac6e 363a 9b80 5d3a 564b 603a  .K.:.n6:..]:VK`:
0002c930: 9e2a 313a 606d 343a de9c da3a 1ae4 a43a  .*1:`m4:...:...:
0002c940: 003d 9f3a eb13 a13a a4c3 8b3a 1c55 583a  .=.:...:...:.UX:
0002c950: f3ac 473a bbaa 0e3a 8ee1 543a 1c5f d13a  ..G:...:..T:._.:
0002c960: 6591 043a f8fb 4e3a 5845 6f3a a7e5 763a  e..:..N:XEo:..v:
0002c970: 1544 853a d902 9b3a b9ce 333a 3e23 8d3a  .D.:...:..3:>#.:
0002c980: 878d 433a 1cfa dc3a 63a5 1d3a 9aaf d63a  ..C:...:c..:...:
0002c990: 0fba cb39 d761 5c3a 3523 353a f15f 183a  ...9.a\:5#5:._.:
0002c9a0: 0488 773a 2b58 3b3a 1b18 253a a30d 813a  ..w:+X;:..%:...:
0002c9b0: 8a81 a83a deb4 193a 602e 533a c9c4 833a  ...:...:`.S:...:
0002c9c0: c5da 8e3a 341e 533a 0fd4 ac3a aaa9 6e3a  ...:4.S:...:..n:
0002c9d0: bdc6 553a 477a 3f3a 2e13 7c3a 8254 843a  ..U:Gz?:..|:.T.:
0002c9e0: d6ac 313a d949 a43a b074 803a 88f8 753a  ..1:.I.:.t.:..u:
0002c9f0: 8ed1 7f3a 0e37 9f3a 46f5 613a bba6 643a  ...:.7.:F.a:..d:
0002ca00: a4d2 2c3a c108 5c3a 9950 5b3a 29b4 833a  ..,:..\:.P[:)..:
0002ca10: 3385 183a c6f0 813a ea5a 813a 3df2 5a3a  3..:...:.Z.:=.Z:
0002ca20: b13c 363a 7671 d53a 501f 753a 092c 843a  .<6:vq.:P.u:.,.:
0002ca30: 4519 293a 5f0e b03a 110e 733a 6769 5b3a  E.):_..:..s:gi[:
0002ca40: 97ca 983a b497 b23a 1dfa 893a cd20 db3a  ...:...:...:. .:
0002ca50: b4de 0e3b d2fb b83a f7c7 eb3a d869 b23a  ...;...:...:.i.:
0002ca60: a4ec 573a 757f 523a 268d 823a e6a1 5e3a  ..W:u.R:&..:..^:
0002ca70: e786 a03a 3cda f93a a5b5 7a3a 230c da3a  ...:<..:..z:#..:
0002ca80: cfb4 9c3a 5985 7b3a a98f 463a 84c1 493a  ...:Y.{:..F:..I:
0002ca90: 05b6 4c3a fc80 a23a f2b8 5f3a 3d58 d33a  ..L:...:.._:=X.:
0002caa0: eaea 513a d7ce 523a bc12 d63a c106 c33a  ..Q:..R:...:...:
0002cab0: 1d4d 823a f64b 103b 87a3 c53a e457 8b3a  .M.:.K.;...:.W.:
0002cac0: 9f2c 9d3a a86f 5c3a 27e7 9a3a 4ff2 9f3a  .,.:.o\:'..:O..:
0002cad0: 88ea 733a b2ce 8f3a d729 d03a b9c9 813a  ..s:...:.).:...:
0002cae0: 645c 863a ef1d 3a3a 1686 b13a ef0e 273a  d\.:..::...:..':
0002caf0: 00d4 ae3a d7ea a43a 94d1 2b3b 37b5 353a  ...:...:..+;7.5:
0002cb00: 8a99 1e3b c9af 743a 2589 5f3a 9867 de3a  ...;..t:%._:.g.:
0002cb10: d067 a03a eccd fb3a ae96 ce3a 3b7c 513a  .g.:...:...:;|Q:
0002cb20: 7400 1f3b 3d1a c83a 1fe9 e73a a29b dc3a  t..;=..:...:...:
0002cb30: aa38 273a 91c1 983a b618 913a 96e4 4d3a  .8':...:...:..M:
0002cb40: 690e 943a 92a4 b73a c482 383a ab36 ca3a  i..:...:..8:.6.:
0002cb50: ecdb 6f3a 3a29 b53a e7c2 9e3a 344d 643a  ..o::).:...:4Md:
0002cb60: 7d9f 2c3a a5e0 933a 8aab ca3a 93a2 aa3a  }.,:...:...:...:
0002cb70: 38c6 ca3a d615 843a 779c 893a 1f11 793a  8..:...:w..:..y:
0002cb80: 152d da3a 3908 453a 49bd d13a bd47 223b  .-.:9.E:I..:.G";
0002cb90: 2aa1 573a 9e11 523a e7d9 663a ad9a f43a  *.W:..R:..f:...:
0002cba0: 9849 2b3a da62 953a 9730 923a 5b73 a23a  .I+:.b.:.0.:[s.:
0002cbb0: ec7d 4b3a 6e7f ff3a e296 183a d74d c43a  .}K:n..:...:.M.:
0002cbc0: 90b9 9c3a 0204 553a 4950 3e3a 3bbf 573a  ...:..U:IP>:;.W:
0002cbd0: d160 2a3a 94c5 733a a2a7 3b3a 1233 623a  .`*:..s:..;:.3b:
0002cbe0: c747 623a e370 7f3a b640 403a 88d0 883a  .Gb:.p.:.@@:...:
0002cbf0: 935a 663a 14fb 8d3a d3a8 4d3a e7ee 433a  .Zf:...:..M:..C:
0002cc00: 7175 a93a 50bb 963a 880b 993a 43b9 763a  qu.:P..:...:C.v:
0002cc10: fa7c a43a e9b7 6b3a 67db 1c3a 92d6 5d3a  .|.:..k:g..:..]:
0002cc20: a6f8 923a c2e8 da3a a0b2 8c3a 43f1 c43a  ...:...:...:C..:
0002cc30: bb94 573a 53fe d13a e3e8 1c3a 00fd 803a  ..W:S..:...:...:
0002cc40: cf72 b33a b8e1 653a 8ee8 893a 332c a13a  .r.:..e:...:3,.:
0002cc50: 4fe7 ba3a a6db 793a 8639 a43a 5894 b03a  O..:..y:.9.:X..:
0002cc60: f195 333a f590 4a3a f56c 3f3a 8ffc 323a  ..3:..J:.l?:..2:
0002cc70: ad44 363a fa6e 9e3a ce03 393a 8a43 403a  .D6:.n.:..9:.C@:
0002cc80: 8119 a43a 45d8 683a 4857 b23a 8c75 793a  ...:E.h:HW.:.uy:
0002cc90: 62ee 813a f23a 3a3a 03d3 603a 643a 973a  b..:.:::..`:d:.:
0002cca0: 430b 793a 1e4f ac3a 4219 3b3a 700d b03a  C.y:.O.:B.;:p..:
0002ccb0: 9e93 533a 6e4d 4b3a ec3b 343a fe9b 2a3a  ..S:nMK:.;4:..*:
0002ccc0: 8bd7 b63a 2366 733a f924 923a 6ae3 453a  ...:#fs:.$.:j.E:
0002ccd0: eea3 b03a bfb7 763a 5a5a 453a 438b 853a  ...:..v:ZZE:C..:
0002cce0: ed85 a83a 8d78 4f3a f794 a23a 073a 3c3a  ...:.xO:...:.:<:
0002ccf0: 2cda 923a d239 643a 105c 863a be55 483a  ,..:.9d:.\.:.UH:
0002cd00: 0740 883a 8d5b ec3a ea35 823a 87f6 033b  .@.:.[.:.5.:...;
0002cd10: d65f 353a 824f 803a b4cf 493a 4937 a93a  ._5:.O.:..I:I7.:
0002cd20: 6b71 823a ac71 573a 2be2 643a 36cd 573a  kq.:.qW:+.d:6.W:
0002cd30: c6ec 933a a86b 8e3a c724 6f3a 8c2c 9b3a  ...:.k.:.$o:.,.:
0002cd40: 79ef 463a fab5 453a 5563 433a f63e db3a  y.F:..E:UcC:.>.:
0002cd50: f682 653a 2c2e 1b3a 8fe7 613a 7e3f 743a  ..e:,..:..a:~?t:
0002cd60: 7fbb 4d3a ff04 7b3a 1ad1 593a 6851 193a  ..M:..{:..Y:hQ.:
0002cd70: a474 5d3a 8259 973a 38fd 903a 8ee2 3b3a  .t]:.Y.:8..:..;:
0002cd80: 1179 c83a 9c8c dd3a 1d54 a03a acc7 6f3a  .y.:...:.T.:..o:
0002cd90: a678 4e3a e129 563a d414 553a d0d5 363a  .xN:.)V:..U:..6:
0002cda0: 50a8 013b 90f7 803a e9a1 5c3a c9ed 6e3a  P..;...:..\:..n:
0002cdb0: 9bd7 a43a 15ac 563a cce0 0b3a 0f39 4b3a  ...:..V:...:.9K:
0002cdc0: 528d 803a 150a 333a ee73 803a 7e01 a83a  R..:..3:.s.:~..:
0002cdd0: 1ed7 423a 84ec 623a bf16 9c3a 6c4a 613a  ..B:..b:...:lJa:
0002cde0: e923 2d3a c7c7 c73a c398 ce3a 5952 823a  .#-:...:...:YR.:
0002cdf0: 25be 923a 3ad4 4c3a d844 a13a 27c0 353a  %..::.L:.D.:'.5:
0002ce00: 6b61 623a bc91 693a 2c91 8e3a 1eaa 923a  kab:..i:,..:...:
0002ce10: 1c7d 3b3a 0e76 5a3a c637 843a faf7 803a  .};:.vZ:.7.:...:
0002ce20: 6822 723a 5c40 b43a 938f 9a3a 192a da39  h"r:\@.:...:.*.9
0002ce30: 0334 6b3a b3cf 503a 4720 5d3a 2c94 b73a  .4k:..P:G ]:,..:
0002ce40: 9458 413a 46d1 243a 9dca 783a cd02 6d3a  .XA:F.$:..x:..m:
0002ce50: 5708 ec3a c4e4 6e3a 93b2 b93a 4979 513a  W..:..n:...:IyQ:
0002ce60: 83c2 043b 7468 483a 954b d33a 0e99 4e3a  ...;thH:.K.:..N:
0002ce70: 423b 9b3a b33a d33a 075d 8d3a 3789 fb3a  B;.:.:.:.].:7..:
0002ce80: bde8 663a 7032 f73a 8a82 963a 57b9 303a  ..f:p2.:...:W.0:
0002ce90: b1d5 023a 90f4 333a f21d 623a fc04 883a  ...:..3:..b:...:
0002cea0: 95cb 513a 1423 c53a 35d7 7a3a 0ca3 bd3a  ..Q:.#.:5.z:...:
0002ceb0: 8957 693a 63b4 ad3a 5788 223a dc03 453a  .Wi:c..:W.":..E:
0002cec0: bb09 ad3a ada1 a53a 3d9f b53a c1ca 693a  ...:...:=..:..i:
0002ced0: 1f05 443a 7aed 8c3a 868a b13a 0f48 713a  ..D:z..:...:.Hq:
0002cee0: 9049 4d3a c41d d53a 11bd 993a 84a9 933a  .IM:...:...:...:
0002cef0: cbad a13a da27 ae3a d5e9 9f3a 0782 633a  ...:.'.:...:..c:
0002cf00: 667f 9d3a 0962 a83a b5d5 973a fc38 5a3a  f..:.b.:...:.8Z:
0002cf10: 3482 a93a 2ad9 9a3a 57fa b73a 2052 833a  4..:*..:W..: R.:
0002cf20: 8d49 1e3a b176 953a cfe8 e83a 3c06 2d3a  .I.:.v.:...:<.-:
0002cf30: 4301 8f3a 7920 833a 0581 8e3a efb1 863a  C..:y .:...:...:
0002cf40: d15c ea3a 6cbd 7f3a f2e7 8c3a 2f46 853a  .\.:l..:...:/F.:
0002cf50: 26b9 d73a 845d a13a 9170 113a aeb5 bf3a  &..:.].:.p.:...:
0002cf60: 3ef7 a23a f4cf 4d3a f602 393a 6dd3 ac3a  >..:..M:..9:m..:
0002cf70: 8e89 5c3a 7aa4 6a3a 3b74 b03a 60c8 803a  ..\:z.j:;t.:`..:
0002cf80: d370 483a 47ba 9e3a cfc3 db3a 5863 813a  .pH:G..:...:Xc.:
0002cf90: 244d b63a 1bda 833a 1808 6b3a 112c 8b3a  $M.:...:..k:.,.:
0002cfa0: 8459 103a 85ae e93a 433c c53a 8b9b 9c3a  .Y.:...:C<.:...:
0002cfb0: 73d7 793a 3a3f 9d3a 95eb 703a df3e 0b3a  s.y::?.:..p:.>.:
0002cfc0: 35fc 933a c154 013b 7bc5 963a 5210 ac3a  5..:.T.;{..:R..:
0002cfd0: d267 7c3a 0139 993a 1fc8 763a ad77 473a  .g|:.9.:..v:.wG:
0002cfe0: 3c34 413a 28e8 b13a d625 c63a b7ae b33a  <4A:(..:.%.:...:
0002cff0: 284a 6d3a 665c 8b3a 18f3 8a3a 8286 943a  (Jm:f\.:...:...:
0002d000: a353 353a 3889 243a ca5f 783a 6f28 103b  .S5:8.$:._x:o(.;
0002d010: 341f 603a 4e7b 7a3a 32b1 9d3a ce38 693a  4.`:N{z:2..:.8i:
0002d020: 7217 303a b015 6e3a 806c a63a 6b60 ab3a  r.0:..n:.l.:k`.:
0002d030: 9c17 973a 0ffc 8a3a 8b76 fd3a 55c3 953a  ...:...:.v.:U..:
0002d040: 1300 0000 7466 6c2e 7073 6575 646f 5f71  ....tfl.pseudo_q
0002d050: 636f 6e73 7431 3300 0200 0000 0006 0000  const13.........
0002d060: 4000 0000 eaa8 ffff 0000 0001 1400 0000  @...............
0002d070: 2448 0000 1300 0000 0000 0002 3048 0000  $H..........0H..
0002d080: d4a8 ffff 0800 0000 0830 0000 0006 0000  .........0......
0002d090: 0000 0000 0000 0000 0000 0000 0000 0000  ................
0002d0a0: 0000 0000 0000 0000 0000 0000 0000 0000  ................
0002d0b0: 0000 0000 0000 0000 0000 0000 0000 0000  ................
0002d0c0: 0000 0000 0000 0000 0000 0000 0000 0000  ................
0002d0d0: 0000 0000 0000 0000 0000 0000 0000 0000  ................
0002d0e0: 0000 0000 0000 0000 0000 0000 0000 0000  ................
0002d0f0: 0000 0000 0000 0000 0000 0000 0000 0000  ................
0002d100: 0000 0000 0000 0000 0000 0000 0000 0000  ................
0002d110: 0000 0000 0000 0000 0000 0000 0000 0000  ................
0002d120: 0000 0000 0000 0000 0000 0000 0000 0000  ................
0002d130: 0000 0000 0000 0000 0000 0000 0000 0000  ................
0002d140: 0000 0000 0000 0000 0000 0000 0000 0000  ................
0002d150: 0000 0000 0000 0000 0000 0000 0000 0000  ................
0002d160: 0000 0000 0000 0000 0000 0000 0000 0000  ................
0002d170: 0000 0000 0000 0000 0000 0000 0000 0000  ................
0002d180: 0000 0000 0000 0000 0000 0000 0000 0000  ................
0002d190: 0000 0000 0000 0000 0000 0000 0000 0000  ................
0002d1a0: 0000 0000 0000 0000 0000 0000 0000 0000  ................
0002d1b0: 0000 0000 0000 0000 0000 0000 0000 0000  ................
0002d1c0: 0000 0000 0000 0000 0000 0000 0000 0000  ................
0002d1d0: 0000 0000 0000 0000 0000 0000 0000 0000  ................
0002d1e0: 0000 0000 0000 0000 0000 0000 0000 0000  ................
0002d1f0: 0000 0000 0000 0000 0000 0000 0000 0000  ................
0002d200: 0000 0000 0000 0000 0000 0000 0000 0000  ................
0002d210: 0000 0000 0000 0000 0000 0000 0000 0000  ................
0002d220: 0000 0000 0000 0000 0000 0000 0000 0000  ................
0002d230: 0000 0000 0000 0000 0000 0000 0000 0000  ................
0002d240: 0000 0000 0000 0000 0000 0000 0000 0000  ................
0002d250: 0000 0000 0000 0000 0000 0000 0000 0000  ................
0002d260: 0000 0000 0000 0000 0000 0000 0000 0000  ................
0002d270: 0000 0000 0000 0000 0000 0000 0000 0000  ................
0002d280: 0000 0000 0000 0000 0000 0000 0000 0000  ................
0002d290: 0000 0000 0000 0000 0000 0000 0000 0000  ................
0002d2a0: 0000 0000 0000 0000 0000 0000 0000 0000  ................
0002d2b0: 0000 0000 0000 0000 0000 0000 0000 0000  ................
0002d2c0: 0000 0000 0000 0000 0000 0000 0000 0000  ................
0002d2d0: 0000 0000 0000 0000 0000 0000 0000 0000  ................
0002d2e0: 0000 0000 0000 0000 0000 0000 0000 0000  ................
0002d2f0: 0000 0000 0000 0000 0000 0000 0000 0000  ................
0002d300: 0000 0000 0000 0000 0000 0000 0000 0000  ................
0002d310: 0000 0000 0000 0000 0000 0000 0000 0000  ................
0002d320: 0000 0000 0000 0000 0000 0000 0000 0000  ................
0002d330: 0000 0000 0000 0000 0000 0000 0000 0000  ................
0002d340: 0000 0000 0000 0000 0000 0000 0000 0000  ................
0002d350: 0000 0000 0000 0000 0000 0000 0000 0000  ................
0002d360: 0000 0000 0000 0000 0000 0000 0000 0000  ................
0002d370: 0000 0000 0000 0000 0000 0000 0000 0000  ................
0002d380: 0000 0000 0000 0000 0000 0000 0000 0000  ................
0002d390: 0000 0000 0000 0000 0000 0000 0000 0000  ................
0002d3a0: 0000 0000 0000 0000 0000 0000 0000 0000  ................
0002d3b0: 0000 0000 0000 0000 0000 0000 0000 0000  ................
0002d3c0: 0000 0000 0000 0000 0000 0000 0000 0000  ................
0002d3d0: 0000 0000 0000 0000 0000 0000 0000 0000  ................
0002d3e0: 0000 0000 0000 0000 0000 0000 0000 0000  ................
0002d3f0: 0000 0000 0000 0000 0000 0000 0000 0000  ................
0002d400: 0000 0000 0000 0000 0000 0000 0000 0000  ................
0002d410: 0000 0000 0000 0000 0000 0000 0000 0000  ................
0002d420: 0000 0000 0000 0000 0000 0000 0000 0000  ................
0002d430: 0000 0000 0000 0000 0000 0000 0000 0000  ................
0002d440: 0000 0000 0000 0000 0000 0000 0000 0000  ................
0002d450: 0000 0000 0000 0000 0000 0000 0000 0000  ................
0002d460: 0000 0000 0000 0000 0000 0000 0000 0000  ................
0002d470: 0000 0000 0000 0000 0000 0000 0000 0000  ................
0002d480: 0000 0000 0000 0000 0000 0000 0000 0000  ................
0002d490: 0000 0000 0000 0000 0000 0000 0000 0000  ................
0002d4a0: 0000 0000 0000 0000 0000 0000 0000 0000  ................
0002d4b0: 0000 0000 0000 0000 0000 0000 0000 0000  ................
0002d4c0: 0000 0000 0000 0000 0000 0000 0000 0000  ................
0002d4d0: 0000 0000 0000 0000 0000 0000 0000 0000  ................
0002d4e0: 0000 0000 0000 0000 0000 0000 0000 0000  ................
0002d4f0: 0000 0000 0000 0000 0000 0000 0000 0000  ................
0002d500: 0000 0000 0000 0000 0000 0000 0000 0000  ................
0002d510: 0000 0000 0000 0000 0000 0000 0000 0000  ................
0002d520: 0000 0000 0000 0000 0000 0000 0000 0000  ................
0002d530: 0000 0000 0000 0000 0000 0000 0000 0000  ................
0002d540: 0000 0000 0000 0000 0000 0000 0000 0000  ................
0002d550: 0000 0000 0000 0000 0000 0000 0000 0000  ................
0002d560: 0000 0000 0000 0000 0000 0000 0000 0000  ................
0002d570: 0000 0000 0000 0000 0000 0000 0000 0000  ................
0002d580: 0000 0000 0000 0000 0000 0000 0000 0000  ................
0002d590: 0000 0000 0000 0000 0000 0000 0000 0000  ................
0002d5a0: 0000 0000 0000 0000 0000 0000 0000 0000  ................
0002d5b0: 0000 0000 0000 0000 0000 0000 0000 0000  ................
0002d5c0: 0000 0000 0000 0000 0000 0000 0000 0000  ................
0002d5d0: 0000 0000 0000 0000 0000 0000 0000 0000  ................
0002d5e0: 0000 0000 0000 0000 0000 0000 0000 0000  ................
0002d5f0: 0000 0000 0000 0000 0000 0000 0000 0000  ................
0002d600: 0000 0000 0000 0000 0000 0000 0000 0000  ................
0002d610: 0000 0000 0000 0000 0000 0000 0000 0000  ................
0002d620: 0000 0000 0000 0000 0000 0000 0000 0000  ................
0002d630: 0000 0000 0000 0000 0000 0000 0000 0000  ................
0002d640: 0000 0000 0000 0000 0000 0000 0000 0000  ................
0002d650: 0000 0000 0000 0000 0000 0000 0000 0000  ................
0002d660: 0000 0000 0000 0000 0000 0000 0000 0000  ................
0002d670: 0000 0000 0000 0000 0000 0000 0000 0000  ................
0002d680: 0000 0000 0000 0000 0000 0000 0000 0000  ................
0002d690: 0000 0000 0000 0000 0000 0000 0000 0000  ................
0002d6a0: 0000 0000 0000 0000 0000 0000 0000 0000  ................
0002d6b0: 0000 0000 0000 0000 0000 0000 0000 0000  ................
0002d6c0: 0000 0000 0000 0000 0000 0000 0000 0000  ................
0002d6d0: 0000 0000 0000 0000 0000 0000 0000 0000  ................
0002d6e0: 0000 0000 0000 0000 0000 0000 0000 0000  ................
0002d6f0: 0000 0000 0000 0000 0000 0000 0000 0000  ................
0002d700: 0000 0000 0000 0000 0000 0000 0000 0000  ................
0002d710: 0000 0000 0000 0000 0000 0000 0000 0000  ................
0002d720: 0000 0000 0000 0000 0000 0000 0000 0000  ................
0002d730: 0000 0000 0000 0000 0000 0000 0000 0000  ................
0002d740: 0000 0000 0000 0000 0000 0000 0000 0000  ................
0002d750: 0000 0000 0000 0000 0000 0000 0000 0000  ................
0002d760: 0000 0000 0000 0000 0000 0000 0000 0000  ................
0002d770: 0000 0000 0000 0000 0000 0000 0000 0000  ................
0002d780: 0000 0000 0000 0000 0000 0000 0000 0000  ................
0002d790: 0000 0000 0000 0000 0000 0000 0000 0000  ................
0002d7a0: 0000 0000 0000 0000 0000 0000 0000 0000  ................
0002d7b0: 0000 0000 0000 0000 0000 0000 0000 0000  ................
0002d7c0: 0000 0000 0000 0000 0000 0000 0000 0000  ................
0002d7d0: 0000 0000 0000 0000 0000 0000 0000 0000  ................
0002d7e0: 0000 0000 0000 0000 0000 0000 0000 0000  ................
0002d7f0: 0000 0000 0000 0000 0000 0000 0000 0000  ................
0002d800: 0000 0000 0000 0000 0000 0000 0000 0000  ................
0002d810: 0000 0000 0000 0000 0000 0000 0000 0000  ................
0002d820: 0000 0000 0000 0000 0000 0000 0000 0000  ................
0002d830: 0000 0000 0000 0000 0000 0000 0000 0000  ................
0002d840: 0000 0000 0000 0000 0000 0000 0000 0000  ................
0002d850: 0000 0000 0000 0000 0000 0000 0000 0000  ................
0002d860: 0000 0000 0000 0000 0000 0000 0000 0000  ................
0002d870: 0000 0000 0000 0000 0000 0000 0000 0000  ................
0002d880: 0000 0000 0000 0000 0000 0000 0000 0000  ................
0002d890: 0000 0000 0000 0000 0000 0000 0000 0000  ................
0002d8a0: 0000 0000 0000 0000 0000 0000 0000 0000  ................
0002d8b0: 0000 0000 0000 0000 0000 0000 0000 0000  ................
0002d8c0: 0000 0000 0000 0000 0000 0000 0000 0000  ................
0002d8d0: 0000 0000 0000 0000 0000 0000 0000 0000  ................
0002d8e0: 0000 0000 0000 0000 0000 0000 0000 0000  ................
0002d8f0: 0000 0000 0000 0000 0000 0000 0000 0000  ................
0002d900: 0000 0000 0000 0000 0000 0000 0000 0000  ................
0002d910: 0000 0000 0000 0000 0000 0000 0000 0000  ................
0002d920: 0000 0000 0000 0000 0000 0000 0000 0000  ................
0002d930: 0000 0000 0000 0000 0000 0000 0000 0000  ................
0002d940: 0000 0000 0000 0000 0000 0000 0000 0000  ................
0002d950: 0000 0000 0000 0000 0000 0000 0000 0000  ................
0002d960: 0000 0000 0000 0000 0000 0000 0000 0000  ................
0002d970: 0000 0000 0000 0000 0000 0000 0000 0000  ................
0002d980: 0000 0000 0000 0000 0000 0000 0000 0000  ................
0002d990: 0000 0000 0000 0000 0000 0000 0000 0000  ................
0002d9a0: 0000 0000 0000 0000 0000 0000 0000 0000  ................
0002d9b0: 0000 0000 0000 0000 0000 0000 0000 0000  ................
0002d9c0: 0000 0000 0000 0000 0000 0000 0000 0000  ................
0002d9d0: 0000 0000 0000 0000 0000 0000 0000 0000  ................
0002d9e0: 0000 0000 0000 0000 0000 0000 0000 0000  ................
0002d9f0: 0000 0000 0000 0000 0000 0000 0000 0000  ................
0002da00: 0000 0000 0000 0000 0000 0000 0000 0000  ................
0002da10: 0000 0000 0000 0000 0000 0000 0000 0000  ................
0002da20: 0000 0000 0000 0000 0000 0000 0000 0000  ................
0002da30: 0000 0000 0000 0000 0000 0000 0000 0000  ................
0002da40: 0000 0000 0000 0000 0000 0000 0000 0000  ................
0002da50: 0000 0000 0000 0000 0000 0000 0000 0000  ................
0002da60: 0000 0000 0000 0000 0000 0000 0000 0000  ................
0002da70: 0000 0000 0000 0000 0000 0000 0000 0000  ................
0002da80: 0000 0000 0000 0000 0000 0000 0000 0000  ................
0002da90: 0000 0000 0000 0000 0000 0000 0000 0000  ................
0002daa0: 0000 0000 0000 0000 0000 0000 0000 0000  ................
0002dab0: 0000 0000 0000 0000 0000 0000 0000 0000  ................
0002dac0: 0000 0000 0000 0000 0000 0000 0000 0000  ................
0002dad0: 0000 0000 0000 0000 0000 0000 0000 0000  ................
0002dae0: 0000 0000 0000 0000 0000 0000 0000 0000  ................
0002daf0: 0000 0000 0000 0000 0000 0000 0000 0000  ................
0002db00: 0000 0000 0000 0000 0000 0000 0000 0000  ................
0002db10: 0000 0000 0000 0000 0000 0000 0000 0000  ................
0002db20: 0000 0000 0000 0000 0000 0000 0000 0000  ................
0002db30: 0000 0000 0000 0000 0000 0000 0000 0000  ................
0002db40: 0000 0000 0000 0000 0000 0000 0000 0000  ................
0002db50: 0000 0000 0000 0000 0000 0000 0000 0000  ................
0002db60: 0000 0000 0000 0000 0000 0000 0000 0000  ................
0002db70: 0000 0000 0000 0000 0000 0000 0000 0000  ................
0002db80: 0000 0000 0000 0000 0000 0000 0000 0000  ................
0002db90: 0000 0000 0000 0000 0000 0000 0000 0000  ................
0002dba0: 0000 0000 0000 0000 0000 0000 0000 0000  ................
0002dbb0: 0000 0000 0000 0000 0000 0000 0000 0000  ................
0002dbc0: 0000 0000 0000 0000 0000 0000 0000 0000  ................
0002dbd0: 0000 0000 0000 0000 0000 0000 0000 0000  ................
0002dbe0: 0000 0000 0000 0000 0000 0000 0000 0000  ................
0002dbf0: 0000 0000 0000 0000 0000 0000 0000 0000  ................
0002dc00: 0000 0000 0000 0000 0000 0000 0000 0000  ................
0002dc10: 0000 0000 0000 0000 0000 0000 0000 0000  ................
0002dc20: 0000 0000 0000 0000 0000 0000 0000 0000  ................
0002dc30: 0000 0000 0000 0000 0000 0000 0000 0000  ................
0002dc40: 0000 0000 0000 0000 0000 0000 0000 0000  ................
0002dc50: 0000 0000 0000 0000 0000 0000 0000 0000  ................
0002dc60: 0000 0000 0000 0000 0000 0000 0000 0000  ................
0002dc70: 0000 0000 0000 0000 0000 0000 0000 0000  ................
0002dc80: 0000 0000 0000 0000 0000 0000 0000 0000  ................
0002dc90: 0000 0000 0000 0000 0000 0000 0000 0000  ................
0002dca0: 0000 0000 0000 0000 0000 0000 0000 0000  ................
0002dcb0: 0000 0000 0000 0000 0000 0000 0000 0000  ................
0002dcc0: 0000 0000 0000 0000 0000 0000 0000 0000  ................
0002dcd0: 0000 0000 0000 0000 0000 0000 0000 0000  ................
0002dce0: 0000 0000 0000 0000 0000 0000 0000 0000  ................
0002dcf0: 0000 0000 0000 0000 0000 0000 0000 0000  ................
0002dd00: 0000 0000 0000 0000 0000 0000 0000 0000  ................
0002dd10: 0000 0000 0000 0000 0000 0000 0000 0000  ................
0002dd20: 0000 0000 0000 0000 0000 0000 0000 0000  ................
0002dd30: 0000 0000 0000 0000 0000 0000 0000 0000  ................
0002dd40: 0000 0000 0000 0000 0000 0000 0000 0000  ................
0002dd50: 0000 0000 0000 0000 0000 0000 0000 0000  ................
0002dd60: 0000 0000 0000 0000 0000 0000 0000 0000  ................
0002dd70: 0000 0000 0000 0000 0000 0000 0000 0000  ................
0002dd80: 0000 0000 0000 0000 0000 0000 0000 0000  ................
0002dd90: 0000 0000 0000 0000 0000 0000 0000 0000  ................
0002dda0: 0000 0000 0000 0000 0000 0000 0000 0000  ................
0002ddb0: 0000 0000 0000 0000 0000 0000 0000 0000  ................
0002ddc0: 0000 0000 0000 0000 0000 0000 0000 0000  ................
0002ddd0: 0000 0000 0000 0000 0000 0000 0000 0000  ................
0002dde0: 0000 0000 0000 0000 0000 0000 0000 0000  ................
0002ddf0: 0000 0000 0000 0000 0000 0000 0000 0000  ................
0002de00: 0000 0000 0000 0000 0000 0000 0000 0000  ................
0002de10: 0000 0000 0000 0000 0000 0000 0000 0000  ................
0002de20: 0000 0000 0000 0000 0000 0000 0000 0000  ................
0002de30: 0000 0000 0000 0000 0000 0000 0000 0000  ................
0002de40: 0000 0000 0000 0000 0000 0000 0000 0000  ................
0002de50: 0000 0000 0000 0000 0000 0000 0000 0000  ................
0002de60: 0000 0000 0000 0000 0000 0000 0000 0000  ................
0002de70: 0000 0000 0000 0000 0000 0000 0000 0000  ................
0002de80: 0000 0000 0000 0000 0000 0000 0000 0000  ................
0002de90: 0000 0000 0000 0000 0000 0000 0000 0000  ................
0002dea0: 0000 0000 0000 0000 0000 0000 0000 0000  ................
0002deb0: 0000 0000 0000 0000 0000 0000 0000 0000  ................
0002dec0: 0000 0000 0000 0000 0000 0000 0000 0000  ................
0002ded0: 0000 0000 0000 0000 0000 0000 0000 0000  ................
0002dee0: 0000 0000 0000 0000 0000 0000 0000 0000  ................
0002def0: 0000 0000 0000 0000 0000 0000 0000 0000  ................
0002df00: 0000 0000 0000 0000 0000 0000 0000 0000  ................
0002df10: 0000 0000 0000 0000 0000 0000 0000 0000  ................
0002df20: 0000 0000 0000 0000 0000 0000 0000 0000  ................
0002df30: 0000 0000 0000 0000 0000 0000 0000 0000  ................
0002df40: 0000 0000 0000 0000 0000 0000 0000 0000  ................
0002df50: 0000 0000 0000 0000 0000 0000 0000 0000  ................
0002df60: 0000 0000 0000 0000 0000 0000 0000 0000  ................
0002df70: 0000 0000 0000 0000 0000 0000 0000 0000  ................
0002df80: 0000 0000 0000 0000 0000 0000 0000 0000  ................
0002df90: 0000 0000 0000 0000 0000 0000 0000 0000  ................
0002dfa0: 0000 0000 0000 0000 0000 0000 0000 0000  ................
0002dfb0: 0000 0000 0000 0000 0000 0000 0000 0000  ................
0002dfc0: 0000 0000 0000 0000 0000 0000 0000 0000  ................
0002dfd0: 0000 0000 0000 0000 0000 0000 0000 0000  ................
0002dfe0: 0000 0000 0000 0000 0000 0000 0000 0000  ................
0002dff0: 0000 0000 0000 0000 0000 0000 0000 0000  ................
0002e000: 0000 0000 0000 0000 0000 0000 0000 0000  ................
0002e010: 0000 0000 0000 0000 0000 0000 0000 0000  ................
0002e020: 0000 0000 0000 0000 0000 0000 0000 0000  ................
0002e030: 0000 0000 0000 0000 0000 0000 0000 0000  ................
0002e040: 0000 0000 0000 0000 0000 0000 0000 0000  ................
0002e050: 0000 0000 0000 0000 0000 0000 0000 0000  ................
0002e060: 0000 0000 0000 0000 0000 0000 0000 0000  ................
0002e070: 0000 0000 0000 0000 0000 0000 0000 0000  ................
0002e080: 0000 0000 0000 0000 0000 0000 0000 0000  ................
0002e090: 0000 0000 0000 0000 0000 0000 0000 0000  ................
0002e0a0: 0000 0000 0000 0000 0000 0000 0000 0000  ................
0002e0b0: 0000 0000 0000 0000 0000 0000 0000 0000  ................
0002e0c0: 0000 0000 0000 0000 0000 0000 0000 0000  ................
0002e0d0: 0000 0000 0000 0000 0000 0000 0000 0000  ................
0002e0e0: 0000 0000 0000 0000 0000 0000 0000 0000  ................
0002e0f0: 0000 0000 0000 0000 0000 0000 0000 0000  ................
0002e100: 0000 0000 0000 0000 0000 0000 0000 0000  ................
0002e110: 0000 0000 0000 0000 0000 0000 0000 0000  ................
0002e120: 0000 0000 0000 0000 0000 0000 0000 0000  ................
0002e130: 0000 0000 0000 0000 0000 0000 0000 0000  ................
0002e140: 0000 0000 0000 0000 0000 0000 0000 0000  ................
0002e150: 0000 0000 0000 0000 0000 0000 0000 0000  ................
0002e160: 0000 0000 0000 0000 0000 0000 0000 0000  ................
0002e170: 0000 0000 0000 0000 0000 0000 0000 0000  ................
0002e180: 0000 0000 0000 0000 0000 0000 0000 0000  ................
0002e190: 0000 0000 0000 0000 0000 0000 0000 0000  ................
0002e1a0: 0000 0000 0000 0000 0000 0000 0000 0000  ................
0002e1b0: 0000 0000 0000 0000 0000 0000 0000 0000  ................
0002e1c0: 0000 0000 0000 0000 0000 0000 0000 0000  ................
0002e1d0: 0000 0000 0000 0000 0000 0000 0000 0000  ................
0002e1e0: 0000 0000 0000 0000 0000 0000 0000 0000  ................
0002e1f0: 0000 0000 0000 0000 0000 0000 0000 0000  ................
0002e200: 0000 0000 0000 0000 0000 0000 0000 0000  ................
0002e210: 0000 0000 0000 0000 0000 0000 0000 0000  ................
0002e220: 0000 0000 0000 0000 0000 0000 0000 0000  ................
0002e230: 0000 0000 0000 0000 0000 0000 0000 0000  ................
0002e240: 0000 0000 0000 0000 0000 0000 0000 0000  ................
0002e250: 0000 0000 0000 0000 0000 0000 0000 0000  ................
0002e260: 0000 0000 0000 0000 0000 0000 0000 0000  ................
0002e270: 0000 0000 0000 0000 0000 0000 0000 0000  ................
0002e280: 0000 0000 0000 0000 0000 0000 0000 0000  ................
0002e290: 0000 0000 0000 0000 0000 0000 0000 0000  ................
0002e2a0: 0000 0000 0000 0000 0000 0000 0000 0000  ................
0002e2b0: 0000 0000 0000 0000 0000 0000 0000 0000  ................
0002e2c0: 0000 0000 0000 0000 0000 0000 0000 0000  ................
0002e2d0: 0000 0000 0000 0000 0000 0000 0000 0000  ................
0002e2e0: 0000 0000 0000 0000 0000 0000 0000 0000  ................
0002e2f0: 0000 0000 0000 0000 0000 0000 0000 0000  ................
0002e300: 0000 0000 0000 0000 0000 0000 0000 0000  ................
0002e310: 0000 0000 0000 0000 0000 0000 0000 0000  ................
0002e320: 0000 0000 0000 0000 0000 0000 0000 0000  ................
0002e330: 0000 0000 0000 0000 0000 0000 0000 0000  ................
0002e340: 0000 0000 0000 0000 0000 0000 0000 0000  ................
0002e350: 0000 0000 0000 0000 0000 0000 0000 0000  ................
0002e360: 0000 0000 0000 0000 0000 0000 0000 0000  ................
0002e370: 0000 0000 0000 0000 0000 0000 0000 0000  ................
0002e380: 0000 0000 0000 0000 0000 0000 0000 0000  ................
0002e390: 0000 0000 0000 0000 0000 0000 0000 0000  ................
0002e3a0: 0000 0000 0000 0000 0000 0000 0000 0000  ................
0002e3b0: 0000 0000 0000 0000 0000 0000 0000 0000  ................
0002e3c0: 0000 0000 0000 0000 0000 0000 0000 0000  ................
0002e3d0: 0000 0000 0000 0000 0000 0000 0000 0000  ................
0002e3e0: 0000 0000 0000 0000 0000 0000 0000 0000  ................
0002e3f0: 0000 0000 0000 0000 0000 0000 0000 0000  ................
0002e400: 0000 0000 0000 0000 0000 0000 0000 0000  ................
0002e410: 0000 0000 0000 0000 0000 0000 0000 0000  ................
0002e420: 0000 0000 0000 0000 0000 0000 0000 0000  ................
0002e430: 0000 0000 0000 0000 0000 0000 0000 0000  ................
0002e440: 0000 0000 0000 0000 0000 0000 0000 0000  ................
0002e450: 0000 0000 0000 0000 0000 0000 0000 0000  ................
0002e460: 0000 0000 0000 0000 0000 0000 0000 0000  ................
0002e470: 0000 0000 0000 0000 0000 0000 0000 0000  ................
0002e480: 0000 0000 0000 0000 0000 0000 0000 0000  ................
0002e490: 0000 0000 0000 0000 0000 0000 0000 0000  ................
0002e4a0: 0000 0000 0000 0000 0000 0000 0000 0000  ................
0002e4b0: 0000 0000 0000 0000 0000 0000 0000 0000  ................
0002e4c0: 0000 0000 0000 0000 0000 0000 0000 0000  ................
0002e4d0: 0000 0000 0000 0000 0000 0000 0000 0000  ................
0002e4e0: 0000 0000 0000 0000 0000 0000 0000 0000  ................
0002e4f0: 0000 0000 0000 0000 0000 0000 0000 0000  ................
0002e500: 0000 0000 0000 0000 0000 0000 0000 0000  ................
0002e510: 0000 0000 0000 0000 0000 0000 0000 0000  ................
0002e520: 0000 0000 0000 0000 0000 0000 0000 0000  ................
0002e530: 0000 0000 0000 0000 0000 0000 0000 0000  ................
0002e540: 0000 0000 0000 0000 0000 0000 0000 0000  ................
0002e550: 0000 0000 0000 0000 0000 0000 0000 0000  ................
0002e560: 0000 0000 0000 0000 0000 0000 0000 0000  ................
0002e570: 0000 0000 0000 0000 0000 0000 0000 0000  ................
0002e580: 0000 0000 0000 0000 0000 0000 0000 0000  ................
0002e590: 0000 0000 0000 0000 0000 0000 0000 0000  ................
0002e5a0: 0000 0000 0000 0000 0000 0000 0000 0000  ................
0002e5b0: 0000 0000 0000 0000 0000 0000 0000 0000  ................
0002e5c0: 0000 0000 0000 0000 0000 0000 0000 0000  ................
0002e5d0: 0000 0000 0000 0000 0000 0000 0000 0000  ................
0002e5e0: 0000 0000 0000 0000 0000 0000 0000 0000  ................
0002e5f0: 0000 0000 0000 0000 0000 0000 0000 0000  ................
0002e600: 0000 0000 0000 0000 0000 0000 0000 0000  ................
0002e610: 0000 0000 0000 0000 0000 0000 0000 0000  ................
0002e620: 0000 0000 0000 0000 0000 0000 0000 0000  ................
0002e630: 0000 0000 0000 0000 0000 0000 0000 0000  ................
0002e640: 0000 0000 0000 0000 0000 0000 0000 0000  ................
0002e650: 0000 0000 0000 0000 0000 0000 0000 0000  ................
0002e660: 0000 0000 0000 0000 0000 0000 0000 0000  ................
0002e670: 0000 0000 0000 0000 0000 0000 0000 0000  ................
0002e680: 0000 0000 0000 0000 0000 0000 0000 0000  ................
0002e690: 0000 0000 0000 0000 0000 0000 0000 0000  ................
0002e6a0: 0000 0000 0000 0000 0000 0000 0000 0000  ................
0002e6b0: 0000 0000 0000 0000 0000 0000 0000 0000  ................
0002e6c0: 0000 0000 0000 0000 0000 0000 0000 0000  ................
0002e6d0: 0000 0000 0000 0000 0000 0000 0000 0000  ................
0002e6e0: 0000 0000 0000 0000 0000 0000 0000 0000  ................
0002e6f0: 0000 0000 0000 0000 0000 0000 0000 0000  ................
0002e700: 0000 0000 0000 0000 0000 0000 0000 0000  ................
0002e710: 0000 0000 0000 0000 0000 0000 0000 0000  ................
0002e720: 0000 0000 0000 0000 0000 0000 0000 0000  ................
0002e730: 0000 0000 0000 0000 0000 0000 0000 0000  ................
0002e740: 0000 0000 0000 0000 0000 0000 0000 0000  ................
0002e750: 0000 0000 0000 0000 0000 0000 0000 0000  ................
0002e760: 0000 0000 0000 0000 0000 0000 0000 0000  ................
0002e770: 0000 0000 0000 0000 0000 0000 0000 0000  ................
0002e780: 0000 0000 0000 0000 0000 0000 0000 0000  ................
0002e790: 0000 0000 0000 0000 0000 0000 0000 0000  ................
0002e7a0: 0000 0000 0000 0000 0000 0000 0000 0000  ................
0002e7b0: 0000 0000 0000 0000 0000 0000 0000 0000  ................
0002e7c0: 0000 0000 0000 0000 0000 0000 0000 0000  ................
0002e7d0: 0000 0000 0000 0000 0000 0000 0000 0000  ................
0002e7e0: 0000 0000 0000 0000 0000 0000 0000 0000  ................
0002e7f0: 0000 0000 0000 0000 0000 0000 0000 0000  ................
0002e800: 0000 0000 0000 0000 0000 0000 0000 0000  ................
0002e810: 0000 0000 0000 0000 0000 0000 0000 0000  ................
0002e820: 0000 0000 0000 0000 0000 0000 0000 0000  ................
0002e830: 0000 0000 0000 0000 0000 0000 0000 0000  ................
0002e840: 0000 0000 0000 0000 0000 0000 0000 0000  ................
0002e850: 0000 0000 0000 0000 0000 0000 0000 0000  ................
0002e860: 0000 0000 0000 0000 0000 0000 0000 0000  ................
0002e870: 0000 0000 0000 0000 0000 0000 0000 0000  ................
0002e880: 0000 0000 0000 0000 0000 0000 0000 0000  ................
0002e890: 0000 0000 0000 0000 0000 0000 0000 0000  ................
0002e8a0: 0000 0000 0000 0000 0000 0000 0000 0000  ................
0002e8b0: 0000 0000 0000 0000 0000 0000 0000 0000  ................
0002e8c0: 0000 0000 0000 0000 0000 0000 0000 0000  ................
0002e8d0: 0000 0000 0000 0000 0000 0000 0000 0000  ................
0002e8e0: 0000 0000 0000 0000 0000 0000 0000 0000  ................
0002e8f0: 0000 0000 0000 0000 0000 0000 0000 0000  ................
0002e900: 0000 0000 0000 0000 0000 0000 0000 0000  ................
0002e910: 0000 0000 0000 0000 0000 0000 0000 0000  ................
0002e920: 0000 0000 0000 0000 0000 0000 0000 0000  ................
0002e930: 0000 0000 0000 0000 0000 0000 0000 0000  ................
0002e940: 0000 0000 0000 0000 0000 0000 0000 0000  ................
0002e950: 0000 0000 0000 0000 0000 0000 0000 0000  ................
0002e960: 0000 0000 0000 0000 0000 0000 0000 0000  ................
0002e970: 0000 0000 0000 0000 0000 0000 0000 0000  ................
0002e980: 0000 0000 0000 0000 0000 0000 0000 0000  ................
0002e990: 0000 0000 0000 0000 0000 0000 0000 0000  ................
0002e9a0: 0000 0000 0000 0000 0000 0000 0000 0000  ................
0002e9b0: 0000 0000 0000 0000 0000 0000 0000 0000  ................
0002e9c0: 0000 0000 0000 0000 0000 0000 0000 0000  ................
0002e9d0: 0000 0000 0000 0000 0000 0000 0000 0000  ................
0002e9e0: 0000 0000 0000 0000 0000 0000 0000 0000  ................
0002e9f0: 0000 0000 0000 0000 0000 0000 0000 0000  ................
0002ea00: 0000 0000 0000 0000 0000 0000 0000 0000  ................
0002ea10: 0000 0000 0000 0000 0000 0000 0000 0000  ................
0002ea20: 0000 0000 0000 0000 0000 0000 0000 0000  ................
0002ea30: 0000 0000 0000 0000 0000 0000 0000 0000  ................
0002ea40: 0000 0000 0000 0000 0000 0000 0000 0000  ................
0002ea50: 0000 0000 0000 0000 0000 0000 0000 0000  ................
0002ea60: 0000 0000 0000 0000 0000 0000 0000 0000  ................
0002ea70: 0000 0000 0000 0000 0000 0000 0000 0000  ................
0002ea80: 0000 0000 0000 0000 0000 0000 0000 0000  ................
0002ea90: 0000 0000 0000 0000 0000 0000 0000 0000  ................
0002eaa0: 0000 0000 0000 0000 0000 0000 0000 0000  ................
0002eab0: 0000 0000 0000 0000 0000 0000 0000 0000  ................
0002eac0: 0000 0000 0000 0000 0000 0000 0000 0000  ................
0002ead0: 0000 0000 0000 0000 0000 0000 0000 0000  ................
0002eae0: 0000 0000 0000 0000 0000 0000 0000 0000  ................
0002eaf0: 0000 0000 0000 0000 0000 0000 0000 0000  ................
0002eb00: 0000 0000 0000 0000 0000 0000 0000 0000  ................
0002eb10: 0000 0000 0000 0000 0000 0000 0000 0000  ................
0002eb20: 0000 0000 0000 0000 0000 0000 0000 0000  ................
0002eb30: 0000 0000 0000 0000 0000 0000 0000 0000  ................
0002eb40: 0000 0000 0000 0000 0000 0000 0000 0000  ................
0002eb50: 0000 0000 0000 0000 0000 0000 0000 0000  ................
0002eb60: 0000 0000 0000 0000 0000 0000 0000 0000  ................
0002eb70: 0000 0000 0000 0000 0000 0000 0000 0000  ................
0002eb80: 0000 0000 0000 0000 0000 0000 0000 0000  ................
0002eb90: 0000 0000 0000 0000 0000 0000 0000 0000  ................
0002eba0: 0000 0000 0000 0000 0000 0000 0000 0000  ................
0002ebb0: 0000 0000 0000 0000 0000 0000 0000 0000  ................
0002ebc0: 0000 0000 0000 0000 0000 0000 0000 0000  ................
0002ebd0: 0000 0000 0000 0000 0000 0000 0000 0000  ................
0002ebe0: 0000 0000 0000 0000 0000 0000 0000 0000  ................
0002ebf0: 0000 0000 0000 0000 0000 0000 0000 0000  ................
0002ec00: 0000 0000 0000 0000 0000 0000 0000 0000  ................
0002ec10: 0000 0000 0000 0000 0000 0000 0000 0000  ................
0002ec20: 0000 0000 0000 0000 0000 0000 0000 0000  ................
0002ec30: 0000 0000 0000 0000 0000 0000 0000 0000  ................
0002ec40: 0000 0000 0000 0000 0000 0000 0000 0000  ................
0002ec50: 0000 0000 0000 0000 0000 0000 0000 0000  ................
0002ec60: 0000 0000 0000 0000 0000 0000 0000 0000  ................
0002ec70: 0000 0000 0000 0000 0000 0000 0000 0000  ................
0002ec80: 0000 0000 0000 0000 0000 0000 0000 0000  ................
0002ec90: 0000 0000 0000 0000 0000 0000 0000 0000  ................
0002eca0: 0000 0000 0000 0000 0000 0000 0000 0000  ................
0002ecb0: 0000 0000 0000 0000 0000 0000 0000 0000  ................
0002ecc0: 0000 0000 0000 0000 0000 0000 0000 0000  ................
0002ecd0: 0000 0000 0000 0000 0000 0000 0000 0000  ................
0002ece0: 0000 0000 0000 0000 0000 0000 0000 0000  ................
0002ecf0: 0000 0000 0000 0000 0000 0000 0000 0000  ................
0002ed00: 0000 0000 0000 0000 0000 0000 0000 0000  ................
0002ed10: 0000 0000 0000 0000 0000 0000 0000 0000  ................
0002ed20: 0000 0000 0000 0000 0000 0000 0000 0000  ................
0002ed30: 0000 0000 0000 0000 0000 0000 0000 0000  ................
0002ed40: 0000 0000 0000 0000 0000 0000 0000 0000  ................
0002ed50: 0000 0000 0000 0000 0000 0000 0000 0000  ................
0002ed60: 0000 0000 0000 0000 0000 0000 0000 0000  ................
0002ed70: 0000 0000 0000 0000 0000 0000 0000 0000  ................
0002ed80: 0000 0000 0000 0000 0000 0000 0000 0000  ................
0002ed90: 0000 0000 0000 0000 0000 0000 0000 0000  ................
0002eda0: 0000 0000 0000 0000 0000 0000 0000 0000  ................
0002edb0: 0000 0000 0000 0000 0000 0000 0000 0000  ................
0002edc0: 0000 0000 0000 0000 0000 0000 0000 0000  ................
0002edd0: 0000 0000 0000 0000 0000 0000 0000 0000  ................
0002ede0: 0000 0000 0000 0000 0000 0000 0000 0000  ................
0002edf0: 0000 0000 0000 0000 0000 0000 0000 0000  ................
0002ee00: 0000 0000 0000 0000 0000 0000 0000 0000  ................
0002ee10: 0000 0000 0000 0000 0000 0000 0000 0000  ................
0002ee20: 0000 0000 0000 0000 0000 0000 0000 0000  ................
0002ee30: 0000 0000 0000 0000 0000 0000 0000 0000  ................
0002ee40: 0000 0000 0000 0000 0000 0000 0000 0000  ................
0002ee50: 0000 0000 0000 0000 0000 0000 0000 0000  ................
0002ee60: 0000 0000 0000 0000 0000 0000 0000 0000  ................
0002ee70: 0000 0000 0000 0000 0000 0000 0000 0000  ................
0002ee80: 0000 0000 0000 0000 0000 0000 0000 0000  ................
0002ee90: 0000 0000 0000 0000 0000 0000 0000 0000  ................
0002eea0: 0000 0000 0000 0000 0000 0000 0000 0000  ................
0002eeb0: 0000 0000 0000 0000 0000 0000 0000 0000  ................
0002eec0: 0000 0000 0000 0000 0000 0000 0000 0000  ................
0002eed0: 0000 0000 0000 0000 0000 0000 0000 0000  ................
0002eee0: 0000 0000 0000 0000 0000 0000 0000 0000  ................
0002eef0: 0000 0000 0000 0000 0000 0000 0000 0000  ................
0002ef00: 0000 0000 0000 0000 0000 0000 0000 0000  ................
0002ef10: 0000 0000 0000 0000 0000 0000 0000 0000  ................
0002ef20: 0000 0000 0000 0000 0000 0000 0000 0000  ................
0002ef30: 0000 0000 0000 0000 0000 0000 0000 0000  ................
0002ef40: 0000 0000 0000 0000 0000 0000 0000 0000  ................
0002ef50: 0000 0000 0000 0000 0000 0000 0000 0000  ................
0002ef60: 0000 0000 0000 0000 0000 0000 0000 0000  ................
0002ef70: 0000 0000 0000 0000 0000 0000 0000 0000  ................
0002ef80: 0000 0000 0000 0000 0000 0000 0000 0000  ................
0002ef90: 0000 0000 0000 0000 0000 0000 0000 0000  ................
0002efa0: 0000 0000 0000 0000 0000 0000 0000 0000  ................
0002efb0: 0000 0000 0000 0000 0000 0000 0000 0000  ................
0002efc0: 0000 0000 0000 0000 0000 0000 0000 0000  ................
0002efd0: 0000 0000 0000 0000 0000 0000 0000 0000  ................
0002efe0: 0000 0000 0000 0000 0000 0000 0000 0000  ................
0002eff0: 0000 0000 0000 0000 0000 0000 0000 0000  ................
0002f000: 0000 0000 0000 0000 0000 0000 0000 0000  ................
0002f010: 0000 0000 0000 0000 0000 0000 0000 0000  ................
0002f020: 0000 0000 0000 0000 0000 0000 0000 0000  ................
0002f030: 0000 0000 0000 0000 0000 0000 0000 0000  ................
0002f040: 0000 0000 0000 0000 0000 0000 0000 0000  ................
0002f050: 0000 0000 0000 0000 0000 0000 0000 0000  ................
0002f060: 0000 0000 0000 0000 0000 0000 0000 0000  ................
0002f070: 0000 0000 0000 0000 0000 0000 0000 0000  ................
0002f080: 0000 0000 0000 0000 0000 0000 0000 0000  ................
0002f090: 0000 0000 0000 0000 0000 0000 0000 0000  ................
0002f0a0: 0000 0000 0000 0000 0000 0000 0000 0000  ................
0002f0b0: 0000 0000 0000 0000 0000 0000 0000 0000  ................
0002f0c0: 0000 0000 0000 0000 0000 0000 0000 0000  ................
0002f0d0: 0000 0000 0000 0000 0000 0000 0000 0000  ................
0002f0e0: 0000 0000 0000 0000 0000 0000 0000 0000  ................
0002f0f0: 0000 0000 0000 0000 0000 0000 0000 0000  ................
0002f100: 0000 0000 0000 0000 0000 0000 0000 0000  ................
0002f110: 0000 0000 0000 0000 0000 0000 0000 0000  ................
0002f120: 0000 0000 0000 0000 0000 0000 0000 0000  ................
0002f130: 0000 0000 0000 0000 0000 0000 0000 0000  ................
0002f140: 0000 0000 0000 0000 0000 0000 0000 0000  ................
0002f150: 0000 0000 0000 0000 0000 0000 0000 0000  ................
0002f160: 0000 0000 0000 0000 0000 0000 0000 0000  ................
0002f170: 0000 0000 0000 0000 0000 0000 0000 0000  ................
0002f180: 0000 0000 0000 0000 0000 0000 0000 0000  ................
0002f190: 0000 0000 0000 0000 0000 0000 0000 0000  ................
0002f1a0: 0000 0000 0000 0000 0000 0000 0000 0000  ................
0002f1b0: 0000 0000 0000 0000 0000 0000 0000 0000  ................
0002f1c0: 0000 0000 0000 0000 0000 0000 0000 0000  ................
0002f1d0: 0000 0000 0000 0000 0000 0000 0000 0000  ................
0002f1e0: 0000 0000 0000 0000 0000 0000 0000 0000  ................
0002f1f0: 0000 0000 0000 0000 0000 0000 0000 0000  ................
0002f200: 0000 0000 0000 0000 0000 0000 0000 0000  ................
0002f210: 0000 0000 0000 0000 0000 0000 0000 0000  ................
0002f220: 0000 0000 0000 0000 0000 0000 0000 0000  ................
0002f230: 0000 0000 0000 0000 0000 0000 0000 0000  ................
0002f240: 0000 0000 0000 0000 0000 0000 0000 0000  ................
0002f250: 0000 0000 0000 0000 0000 0000 0000 0000  ................
0002f260: 0000 0000 0000 0000 0000 0000 0000 0000  ................
0002f270: 0000 0000 0000 0000 0000 0000 0000 0000  ................
0002f280: 0000 0000 0000 0000 0000 0000 0000 0000  ................
0002f290: 0000 0000 0000 0000 0000 0000 0000 0000  ................
0002f2a0: 0000 0000 0000 0000 0000 0000 0000 0000  ................
0002f2b0: 0000 0000 0000 0000 0000 0000 0000 0000  ................
0002f2c0: 0000 0000 0000 0000 0000 0000 0000 0000  ................
0002f2d0: 0000 0000 0000 0000 0000 0000 0000 0000  ................
0002f2e0: 0000 0000 0000 0000 0000 0000 0000 0000  ................
0002f2f0: 0000 0000 0000 0000 0000 0000 0000 0000  ................
0002f300: 0000 0000 0000 0000 0000 0000 0000 0000  ................
0002f310: 0000 0000 0000 0000 0000 0000 0000 0000  ................
0002f320: 0000 0000 0000 0000 0000 0000 0000 0000  ................
0002f330: 0000 0000 0000 0000 0000 0000 0000 0000  ................
0002f340: 0000 0000 0000 0000 0000 0000 0000 0000  ................
0002f350: 0000 0000 0000 0000 0000 0000 0000 0000  ................
0002f360: 0000 0000 0000 0000 0000 0000 0000 0000  ................
0002f370: 0000 0000 0000 0000 0000 0000 0000 0000  ................
0002f380: 0000 0000 0000 0000 0000 0000 0000 0000  ................
0002f390: 0000 0000 0000 0000 0000 0000 0000 0000  ................
0002f3a0: 0000 0000 0000 0000 0000 0000 0000 0000  ................
0002f3b0: 0000 0000 0000 0000 0000 0000 0000 0000  ................
0002f3c0: 0000 0000 0000 0000 0000 0000 0000 0000  ................
0002f3d0: 0000 0000 0000 0000 0000 0000 0000 0000  ................
0002f3e0: 0000 0000 0000 0000 0000 0000 0000 0000  ................
0002f3f0: 0000 0000 0000 0000 0000 0000 0000 0000  ................
0002f400: 0000 0000 0000 0000 0000 0000 0000 0000  ................
0002f410: 0000 0000 0000 0000 0000 0000 0000 0000  ................
0002f420: 0000 0000 0000 0000 0000 0000 0000 0000  ................
0002f430: 0000 0000 0000 0000 0000 0000 0000 0000  ................
0002f440: 0000 0000 0000 0000 0000 0000 0000 0000  ................
0002f450: 0000 0000 0000 0000 0000 0000 0000 0000  ................
0002f460: 0000 0000 0000 0000 0000 0000 0000 0000  ................
0002f470: 0000 0000 0000 0000 0000 0000 0000 0000  ................
0002f480: 0000 0000 0000 0000 0000 0000 0000 0000  ................
0002f490: 0000 0000 0000 0000 0000 0000 0000 0000  ................
0002f4a0: 0000 0000 0000 0000 0000 0000 0000 0000  ................
0002f4b0: 0000 0000 0000 0000 0000 0000 0000 0000  ................
0002f4c0: 0000 0000 0000 0000 0000 0000 0000 0000  ................
0002f4d0: 0000 0000 0000 0000 0000 0000 0000 0000  ................
0002f4e0: 0000 0000 0000 0000 0000 0000 0000 0000  ................
0002f4f0: 0000 0000 0000 0000 0000 0000 0000 0000  ................
0002f500: 0000 0000 0000 0000 0000 0000 0000 0000  ................
0002f510: 0000 0000 0000 0000 0000 0000 0000 0000  ................
0002f520: 0000 0000 0000 0000 0000 0000 0000 0000  ................
0002f530: 0000 0000 0000 0000 0000 0000 0000 0000  ................
0002f540: 0000 0000 0000 0000 0000 0000 0000 0000  ................
0002f550: 0000 0000 0000 0000 0000 0000 0000 0000  ................
0002f560: 0000 0000 0000 0000 0000 0000 0000 0000  ................
0002f570: 0000 0000 0000 0000 0000 0000 0000 0000  ................
0002f580: 0000 0000 0000 0000 0000 0000 0000 0000  ................
0002f590: 0000 0000 0000 0000 0000 0000 0000 0000  ................
0002f5a0: 0000 0000 0000 0000 0000 0000 0000 0000  ................
0002f5b0: 0000 0000 0000 0000 0000 0000 0000 0000  ................
0002f5c0: 0000 0000 0000 0000 0000 0000 0000 0000  ................
0002f5d0: 0000 0000 0000 0000 0000 0000 0000 0000  ................
0002f5e0: 0000 0000 0000 0000 0000 0000 0000 0000  ................
0002f5f0: 0000 0000 0000 0000 0000 0000 0000 0000  ................
0002f600: 0000 0000 0000 0000 0000 0000 0000 0000  ................
0002f610: 0000 0000 0000 0000 0000 0000 0000 0000  ................
0002f620: 0000 0000 0000 0000 0000 0000 0000 0000  ................
0002f630: 0000 0000 0000 0000 0000 0000 0000 0000  ................
0002f640: 0000 0000 0000 0000 0000 0000 0000 0000  ................
0002f650: 0000 0000 0000 0000 0000 0000 0000 0000  ................
0002f660: 0000 0000 0000 0000 0000 0000 0000 0000  ................
0002f670: 0000 0000 0000 0000 0000 0000 0000 0000  ................
0002f680: 0000 0000 0000 0000 0000 0000 0000 0000  ................
0002f690: 0000 0000 0000 0000 0000 0000 0000 0000  ................
0002f6a0: 0000 0000 0000 0000 0000 0000 0000 0000  ................
0002f6b0: 0000 0000 0000 0000 0000 0000 0000 0000  ................
0002f6c0: 0000 0000 0000 0000 0000 0000 0000 0000  ................
0002f6d0: 0000 0000 0000 0000 0000 0000 0000 0000  ................
0002f6e0: 0000 0000 0000 0000 0000 0000 0000 0000  ................
0002f6f0: 0000 0000 0000 0000 0000 0000 0000 0000  ................
0002f700: 0000 0000 0000 0000 0000 0000 0000 0000  ................
0002f710: 0000 0000 0000 0000 0000 0000 0000 0000  ................
0002f720: 0000 0000 0000 0000 0000 0000 0000 0000  ................
0002f730: 0000 0000 0000 0000 0000 0000 0000 0000  ................
0002f740: 0000 0000 0000 0000 0000 0000 0000 0000  ................
0002f750: 0000 0000 0000 0000 0000 0000 0000 0000  ................
0002f760: 0000 0000 0000 0000 0000 0000 0000 0000  ................
0002f770: 0000 0000 0000 0000 0000 0000 0000 0000  ................
0002f780: 0000 0000 0000 0000 0000 0000 0000 0000  ................
0002f790: 0000 0000 0000 0000 0000 0000 0000 0000  ................
0002f7a0: 0000 0000 0000 0000 0000 0000 0000 0000  ................
0002f7b0: 0000 0000 0000 0000 0000 0000 0000 0000  ................
0002f7c0: 0000 0000 0000 0000 0000 0000 0000 0000  ................
0002f7d0: 0000 0000 0000 0000 0000 0000 0000 0000  ................
0002f7e0: 0000 0000 0000 0000 0000 0000 0000 0000  ................
0002f7f0: 0000 0000 0000 0000 0000 0000 0000 0000  ................
0002f800: 0000 0000 0000 0000 0000 0000 0000 0000  ................
0002f810: 0000 0000 0000 0000 0000 0000 0000 0000  ................
0002f820: 0000 0000 0000 0000 0000 0000 0000 0000  ................
0002f830: 0000 0000 0000 0000 0000 0000 0000 0000  ................
0002f840: 0000 0000 0000 0000 0000 0000 0000 0000  ................
0002f850: 0000 0000 0000 0000 0000 0000 0000 0000  ................
0002f860: 0000 0000 0000 0000 0000 0000 0000 0000  ................
0002f870: 0000 0000 0000 0000 0000 0000 0000 0000  ................
0002f880: 0000 0000 0000 0000 0000 0000 0000 0000  ................
0002f890: 0000 0000 0000 0000 0000 0000 0000 0000  ................
0002f8a0: 0000 0000 0000 0000 0000 0000 0000 0000  ................
0002f8b0: 0000 0000 0000 0000 0000 0000 0000 0000  ................
0002f8c0: 0000 0000 0000 0000 0000 0000 0000 0000  ................
0002f8d0: 0000 0000 0000 0000 0000 0000 0000 0000  ................
0002f8e0: 0000 0000 0000 0000 0000 0000 0000 0000  ................
0002f8f0: 0000 0000 0000 0000 0000 0000 0000 0000  ................
0002f900: 0000 0000 0000 0000 0000 0000 0000 0000  ................
0002f910: 0000 0000 0000 0000 0000 0000 0000 0000  ................
0002f920: 0000 0000 0000 0000 0000 0000 0000 0000  ................
0002f930: 0000 0000 0000 0000 0000 0000 0000 0000  ................
0002f940: 0000 0000 0000 0000 0000 0000 0000 0000  ................
0002f950: 0000 0000 0000 0000 0000 0000 0000 0000  ................
0002f960: 0000 0000 0000 0000 0000 0000 0000 0000  ................
0002f970: 0000 0000 0000 0000 0000 0000 0000 0000  ................
0002f980: 0000 0000 0000 0000 0000 0000 0000 0000  ................
0002f990: 0000 0000 0000 0000 0000 0000 0000 0000  ................
0002f9a0: 0000 0000 0000 0000 0000 0000 0000 0000  ................
0002f9b0: 0000 0000 0000 0000 0000 0000 0000 0000  ................
0002f9c0: 0000 0000 0000 0000 0000 0000 0000 0000  ................
0002f9d0: 0000 0000 0000 0000 0000 0000 0000 0000  ................
0002f9e0: 0000 0000 0000 0000 0000 0000 0000 0000  ................
0002f9f0: 0000 0000 0000 0000 0000 0000 0000 0000  ................
0002fa00: 0000 0000 0000 0000 0000 0000 0000 0000  ................
0002fa10: 0000 0000 0000 0000 0000 0000 0000 0000  ................
0002fa20: 0000 0000 0000 0000 0000 0000 0000 0000  ................
0002fa30: 0000 0000 0000 0000 0000 0000 0000 0000  ................
0002fa40: 0000 0000 0000 0000 0000 0000 0000 0000  ................
0002fa50: 0000 0000 0000 0000 0000 0000 0000 0000  ................
0002fa60: 0000 0000 0000 0000 0000 0000 0000 0000  ................
0002fa70: 0000 0000 0000 0000 0000 0000 0000 0000  ................
0002fa80: 0000 0000 0000 0000 0000 0000 0000 0000  ................
0002fa90: 0000 0000 0000 0000 0000 0000 0000 0000  ................
0002faa0: 0000 0000 0000 0000 0000 0000 0000 0000  ................
0002fab0: 0000 0000 0000 0000 0000 0000 0000 0000  ................
0002fac0: 0000 0000 0000 0000 0000 0000 0000 0000  ................
0002fad0: 0000 0000 0000 0000 0000 0000 0000 0000  ................
0002fae0: 0000 0000 0000 0000 0000 0000 0000 0000  ................
0002faf0: 0000 0000 0000 0000 0000 0000 0000 0000  ................
0002fb00: 0000 0000 0000 0000 0000 0000 0000 0000  ................
0002fb10: 0000 0000 0000 0000 0000 0000 0000 0000  ................
0002fb20: 0000 0000 0000 0000 0000 0000 0000 0000  ................
0002fb30: 0000 0000 0000 0000 0000 0000 0000 0000  ................
0002fb40: 0000 0000 0000 0000 0000 0000 0000 0000  ................
0002fb50: 0000 0000 0000 0000 0000 0000 0000 0000  ................
0002fb60: 0000 0000 0000 0000 0000 0000 0000 0000  ................
0002fb70: 0000 0000 0000 0000 0000 0000 0000 0000  ................
0002fb80: 0000 0000 0000 0000 0000 0000 0000 0000  ................
0002fb90: 0000 0000 0000 0000 0000 0000 0000 0000  ................
0002fba0: 0000 0000 0000 0000 0000 0000 0000 0000  ................
0002fbb0: 0000 0000 0000 0000 0000 0000 0000 0000  ................
0002fbc0: 0000 0000 0000 0000 0000 0000 0000 0000  ................
0002fbd0: 0000 0000 0000 0000 0000 0000 0000 0000  ................
0002fbe0: 0000 0000 0000 0000 0000 0000 0000 0000  ................
0002fbf0: 0000 0000 0000 0000 0000 0000 0000 0000  ................
0002fc00: 0000 0000 0000 0000 0000 0000 0000 0000  ................
0002fc10: 0000 0000 0000 0000 0000 0000 0000 0000  ................
0002fc20: 0000 0000 0000 0000 0000 0000 0000 0000  ................
0002fc30: 0000 0000 0000 0000 0000 0000 0000 0000  ................
0002fc40: 0000 0000 0000 0000 0000 0000 0000 0000  ................
0002fc50: 0000 0000 0000 0000 0000 0000 0000 0000  ................
0002fc60: 0000 0000 0000 0000 0000 0000 0000 0000  ................
0002fc70: 0000 0000 0000 0000 0000 0000 0000 0000  ................
0002fc80: 0000 0000 0000 0000 0000 0000 0000 0000  ................
0002fc90: 0000 0000 0000 0000 0000 0000 0000 0000  ................
0002fca0: 0000 0000 0000 0000 0000 0000 0000 0000  ................
0002fcb0: 0000 0000 0000 0000 0000 0000 0000 0000  ................
0002fcc0: 0000 0000 0000 0000 0000 0000 0000 0000  ................
0002fcd0: 0000 0000 0000 0000 0000 0000 0000 0000  ................
0002fce0: 0000 0000 0000 0000 0000 0000 0000 0000  ................
0002fcf0: 0000 0000 0000 0000 0000 0000 0000 0000  ................
0002fd00: 0000 0000 0000 0000 0000 0000 0000 0000  ................
0002fd10: 0000 0000 0000 0000 0000 0000 0000 0000  ................
0002fd20: 0000 0000 0000 0000 0000 0000 0000 0000  ................
0002fd30: 0000 0000 0000 0000 0000 0000 0000 0000  ................
0002fd40: 0000 0000 0000 0000 0000 0000 0000 0000  ................
0002fd50: 0000 0000 0000 0000 0000 0000 0000 0000  ................
0002fd60: 0000 0000 0000 0000 0000 0000 0000 0000  ................
0002fd70: 0000 0000 0000 0000 0000 0000 0000 0000  ................
0002fd80: 0000 0000 0000 0000 0000 0000 0000 0000  ................
0002fd90: 0000 0000 0000 0000 0000 0000 0000 0000  ................
0002fda0: 0000 0000 0000 0000 0000 0000 0000 0000  ................
0002fdb0: 0000 0000 0000 0000 0000 0000 0000 0000  ................
0002fdc0: 0000 0000 0000 0000 0000 0000 0000 0000  ................
0002fdd0: 0000 0000 0000 0000 0000 0000 0000 0000  ................
0002fde0: 0000 0000 0000 0000 0000 0000 0000 0000  ................
0002fdf0: 0000 0000 0000 0000 0000 0000 0000 0000  ................
0002fe00: 0000 0000 0000 0000 0000 0000 0000 0000  ................
0002fe10: 0000 0000 0000 0000 0000 0000 0000 0000  ................
0002fe20: 0000 0000 0000 0000 0000 0000 0000 0000  ................
0002fe30: 0000 0000 0000 0000 0000 0000 0000 0000  ................
0002fe40: 0000 0000 0000 0000 0000 0000 0000 0000  ................
0002fe50: 0000 0000 0000 0000 0000 0000 0000 0000  ................
0002fe60: 0000 0000 0000 0000 0000 0000 0000 0000  ................
0002fe70: 0000 0000 0000 0000 0000 0000 0000 0000  ................
0002fe80: 0000 0000 0000 0000 0000 0000 0000 0000  ................
0002fe90: 0000 0000 0000 0000 0000 0000 0000 0000  ................
0002fea0: 0000 0000 0000 0000 0000 0000 0000 0000  ................
0002feb0: 0000 0000 0000 0000 0000 0000 0000 0000  ................
0002fec0: 0000 0000 0000 0000 0000 0000 0000 0000  ................
0002fed0: 0000 0000 0000 0000 0000 0000 0000 0000  ................
0002fee0: 0000 0000 0000 0000 0000 0000 0000 0000  ................
0002fef0: 0000 0000 0000 0000 0000 0000 0000 0000  ................
0002ff00: 0000 0000 0000 0000 0000 0000 0000 0000  ................
0002ff10: 0000 0000 0000 0000 0000 0000 0000 0000  ................
0002ff20: 0000 0000 0000 0000 0000 0000 0000 0000  ................
0002ff30: 0000 0000 0000 0000 0000 0000 0000 0000  ................
0002ff40: 0000 0000 0000 0000 0000 0000 0000 0000  ................
0002ff50: 0000 0000 0000 0000 0000 0000 0000 0000  ................
0002ff60: 0000 0000 0000 0000 0000 0000 0000 0000  ................
0002ff70: 0000 0000 0000 0000 0000 0000 0000 0000  ................
0002ff80: 0000 0000 0000 0000 0000 0000 0000 0000  ................
0002ff90: 0000 0000 0000 0000 0000 0000 0000 0000  ................
0002ffa0: 0000 0000 0000 0000 0000 0000 0000 0000  ................
0002ffb0: 0000 0000 0000 0000 0000 0000 0000 0000  ................
0002ffc0: 0000 0000 0000 0000 0000 0000 0000 0000  ................
0002ffd0: 0000 0000 0000 0000 0000 0000 0000 0000  ................
0002ffe0: 0000 0000 0000 0000 0000 0000 0000 0000  ................
0002fff0: 0000 0000 0000 0000 0000 0000 0000 0000  ................
00030000: 0000 0000 0000 0000 0000 0000 0000 0000  ................
00030010: 0000 0000 0000 0000 0000 0000 0000 0000  ................
00030020: 0000 0000 0000 0000 0000 0000 0000 0000  ................
00030030: 0000 0000 0000 0000 0000 0000 0000 0000  ................
00030040: 0000 0000 0000 0000 0000 0000 0000 0000  ................
00030050: 0000 0000 0000 0000 0000 0000 0000 0000  ................
00030060: 0000 0000 0000 0000 0000 0000 0000 0000  ................
00030070: 0000 0000 0000 0000 0000 0000 0000 0000  ................
00030080: 0000 0000 0000 0000 0000 0000 0000 0000  ................
00030090: 0006 0000 e3b6 e937 99ff 4e38 5f19 5838  .......7..N8_.X8
000300a0: 2839 e037 f44a bc37 a1fe 3538 b36e a738  (9.7.J.7..58.n.8
000300b0: e6c4 8338 8461 9f38 b2a0 1138 1359 5138  ...8.a.8...8.YQ8
000300c0: f0a1 d437 864b 2b38 405a e637 1434 5e38  ...7.K+8@Z.7.4^8
000300d0: 5e68 d837 bbca 0438 2b29 1d38 5316 f737  ^h.7...8+).8S..7
000300e0: abde 4338 84ee 0738 fd7b 6f38 ee36 1738  ..C8...8.{o8.6.8
000300f0: f03b 3838 6efb b137 e07f 1638 1f87 ee37  .;88n..7...8...7
00030100: 34df 3b38 0887 8838 0560 4838 f7a2 b537  4.;8...8.`H8...7
00030110: c23a f537 2efb 1038 bb30 0538 8942 5c38  .:.7...8.0.8.B\8
00030120: cde6 3438 f43d 3638 365e 4a38 8bdc 2538  ..48.=686^J8..%8
00030130: 21f0 1338 653b b437 96a1 1638 b295 0938  !..8e;.7...8...8
00030140: 504a c837 3157 e437 bc6b a537 b9d3 1838  PJ.71W.7.k.7...8
00030150: accf df37 f1ed 0138 b18c 0b38 a2ee 0738  ...7...8...8...8
00030160: cf10 b737 1fb9 e737 eeaa 1138 fc0c e337  ...7...7...8...7
00030170: d16c 1438 123d e737 cbbf 4d38 15a9 c437  .l.8.=.7..M8...7
00030180: fcda 2d38 6d7a eb37 a79a 9038 38c7 4538  ..-8mz.7...88.E8
00030190: a5ac 5c38 dfbb 8737 f731 1438 3b47 ec37  ..\8...7.1.8;G.7
000301a0: f3f6 5338 a442 3638 5717 e837 da12 1838  ..S8.B68W..7...8
000301b0: 6df7 3b38 1d66 f137 d486 bf37 ef32 0e38  m.;8.f.7...7.2.8
000301c0: fa90 e137 e4af 4f38 9a43 0438 4ac9 7338  ...7..O8.C.8J.s8
000301d0: c7f6 0f38 befd de37 f557 2838 b460 1a38  ...8...7.W(8.`.8
000301e0: dc94 d937 a1d1 3c38 534c fb37 524c cc37  ...7..<8SL.7RL.7
000301f0: d181 4038 7793 3a38 860f 0f38 55bc b537  ..@8w.:8...8U..7
00030200: 2eca 0738 52f6 e337 569a 0338 4a85 cd37  ...8R..7V..8J..7
00030210: 5ce1 2538 1df5 2138 685c f437 d3c5 2938  \.%8..!8h\.7..)8
00030220: 6872 a137 5ca4 0238 9541 8438 3358 3f38  hr.7\..8.A.83X?8
00030230: d159 1638 d193 ed37 aefb 4c38 ea9d 1938  .Y.8...7..L8...8
00030240: a831 2438 a642 2638 d7f6 0238 8033 2b38  .1$8.B&8...8.3+8
00030250: 0fbc e437 ab31 0638 65e2 2b38 baab 1238  ...7.1.8e.+8...8
00030260: 6863 3f38 d9ba 2e38 c8ff 2138 46da 1238  hc?8...8..!8F..8
00030270: 2821 5a38 4850 c937 7c6f 0838 c205 e037  (!Z8HP.7|o.8...7
00030280: 641a 3038 e6d1 6938 a7e1 0b38 4a24 c937  d.08..i8...8J$.7
00030290: 2b77 1e38 887f ee37 8c3a e037 f547 3e38  +w.8...7.:.7.G>8
000302a0: b229 ea37 5f92 d437 8277 7138 8ce8 1638  .).7_..7.wq8...8
000302b0: 1899 0e38 df09 db37 e90b fa37 15ee d837  ...8...7...7...7
000302c0: 70be 2238 7871 2b38 6ab0 2238 9d74 d037  p."8xq+8j."8.t.7
000302d0: 818d b837 aa45 c937 7d80 3c38 aeca fd37  ...7.E.7}.<8...7
000302e0: 71dc 1838 75b4 1238 0ac4 2a38 c8ec b537  q..8u..8..*8...7
000302f0: ed37 2338 f076 2538 38fe 0638 330f 2038  .7#8.v%88..83. 8
00030300: 452e d137 2566 a238 33f3 c237 cf90 ea37  E..7%f.83..7...7
00030310: 0f84 1838 dca7 0138 a6d1 2838 535f 1738  ...8...8..(8S_.8
00030320: 0391 1538 0734 f237 9788 f037 4ea1 3038  ...8.4.7...7N.08
00030330: 4347 1238 ecbc 0538 cb29 b637 8dd5 0f38  CG.8...8.).7...8
00030340: 3f62 ad37 87bc 5338 b77e 1538 5252 1638  ?b.7..S8.~.8RR.8
00030350: 2ac2 db37 452c f037 fba9 f937 0371 3a38  *..7E,.7...7.q:8
00030360: 9930 5438 5183 ef37 f9e5 1038 a8af db37  .0T8Q..7...8...7
00030370: 9def c537 8386 cb37 c808 8737 8904 3e38  ...7...7...7..>8
00030380: 7827 fb37 0e02 1238 247e ff37 9827 3438  x'.7...8$~.7.'48
00030390: d316 fb37 094d e737 36bd ea37 bfe3 6338  ...7.M.76..7..c8
000303a0: ebb4 e537 7957 bf37 3014 1938 2f30 2f38  ...7yW.70..8/0/8
000303b0: b276 3738 9a5a 2a38 835a 3938 d8fe 3738  .v78.Z*8.Z98..78
000303c0: 9767 b837 6419 4238 6625 6a38 5733 8038  .g.7d.B8f%j8W3.8
000303d0: de4e e437 e348 0438 dd0f c337 dd80 1138  .N.7.H.8...7...8
000303e0: 6b2a 1c38 4ab0 1638 f2f1 4b38 f5a8 0438  k*.8J..8..K8...8
000303f0: 1f9d 4338 0bcf fd37 1fec 0138 d63d 0738  ..C8...7...8.=.8
00030400: d70d f937 f7fe cf37 c17f 3938 cfbd e837  ...7...7..98...7
00030410: e963 f537 0455 4438 e830 b337 1a99 fb37  .c.7.UD8.0.7...7
00030420: 49b5 ce37 2ff7 ba37 f87c 7138 4b32 e337  I..7/..7.|q8K2.7
00030430: 5971 0138 82e4 df37 0a50 f937 eeef fd37  Yq.8...7.P.7...7
00030440: 8d85 ba37 1347 1738 ad8d b137 df0f 4d38  ...7.G.8...7..M8
00030450: fc69 bc37 c2d5 3538 dc3b 1738 d07a f137  .i.7..58.;.8.z.7
00030460: 85e3 c637 1d8b 9d37 a4e2 3d38 783f 4838  ...7...7..=8x?H8
00030470: 218f 3d38 e79a 2a38 1172 2838 6dcf 2138  !.=8..*8.r(8m.!8
00030480: 54c2 2d38 a8d1 4438 39ea e837 1862 2438  T.-8..D89..7.b$8
00030490: 19d9 5e38 ded2 9f37 46bd dc37 3024 fb37  ..^8...7F..70$.7
000304a0: 15b4 0b38 3d8c e737 dc55 0038 376b 0c38  ...8=..7.U.87k.8
000304b0: 9869 0938 69e2 1838 04c3 d137 4d10 de37  .i.8i..8...7M..7
000304c0: 8035 0638 921b 3c38 f532 2738 c579 2738  .5.8..<8.2'8.y'8
000304d0: 129d c637 8a99 0138 44d0 1138 c214 f237  ...7...8D..8...7
000304e0: a1a1 3138 3865 4938 8160 2138 54c3 d237  ..188eI8.`!8T..7
000304f0: 3ba7 2338 5283 2138 1b1d e937 0eb5 0b38  ;.#8R.!8...7...8
00030500: 2d41 0038 f619 bc37 57de f737 e663 5d38  -A.8...7W..7.c]8
00030510: 2f3d 1b38 ba86 dd37 6250 1138 ac3a 0f38  /=.8...7bP.8.:.8
00030520: 98ca 0d38 fe1d 8337 9852 b138 dda7 0b38  ...8...7.R.8...8
00030530: 8640 2b38 4066 4038 ea30 4538 4c66 3338  .@+8@f@8.0E8Lf38
00030540: b1f6 1138 06d0 3b38 f671 2038 4ce8 5038  ...8..;8.q 8L.P8
00030550: a9f3 2038 d233 fc37 84c0 0e38 1478 db37  .. 8.3.7...8.x.7
00030560: 632b 9238 6416 3638 5a64 0038 8c0c b537  c+.8d.68Zd.8...7
00030570: 4578 1638 7edf f237 d45e 1938 c38f 0138  Ex.8~..7.^.8...8
00030580: b7f6 5d38 9604 0238 3c2c f237 3e13 2638  ..]8...8<,.7>.&8
00030590: 3520 f137 436a 1c38 47cb 7138 4502 2438  5 .7Cj.8G.q8E.$8
000305a0: 31cc a837 6efa a837 5364 1238 a6f4 3538  1..7n..7Sd.8..58
000305b0: b43f 7238 b0a8 ec37 1bf0 9d38 fcda 2638  .?r8...7...8..&8
000305c0: 4edd 2738 1fb6 d037 6f0d 6f38 4d98 e437  N.'8...7o.o8M..7
000305d0: 8b94 dd37 b0d6 2f38 6c24 0838 386f ff37  ...7../8l$.88o.7
000305e0: bf2b ad37 acfe e737 5562 2938 2626 0538  .+.7...7Ub)8&&.8
000305f0: 5d0e 3c38 6426 c237 e9e5 2838 cbfc ef37  ].<8d&.7..(8...7
00030600: 470c d437 b5a6 0738 af46 0638 61e5 dd37  G..7...8.F.8a..7
00030610: 677d c937 9c24 0338 ef1c 0138 b30d 3f38  g}.7.$.8...8..?8
00030620: 7bed 0738 1346 9f37 5993 7338 0f84 d937  {..8.F.7Y.s8...7
00030630: e101 2038 4d38 3038 a907 8c37 38b3 1738  .. 8M808...78..8
00030640: b868 3738 d842 0838 5086 1138 79b4 1438  .h78.B.8P..8y..8
00030650: 0913 1738 d719 d837 a787 4138 3474 3638  ...8...7..A84t68
00030660: df3d f537 e554 5438 45ed e337 f7d6 3d38  .=.7.TT8E..7..=8
00030670: 6ef5 2d38 d39c 6838 796f a137 cc52 1138  n.-8..h8yo.7.R.8
00030680: c28c 1538 3f4b 1a38 504c ae37 5e31 bb37  ...8?K.8PL.7^1.7
00030690: 73d9 e937 448d 1038 989f 1638 b6bd ff37  s..7D..8...8...7
000306a0: 4abd 0138 f581 2e38 41cd 3338 68aa 2c38  J..8...8A.38h.,8
000306b0: 6102 0a38 47b7 1438 cbb7 d837 2dec 6e38  a..8G..8...7-.n8
000306c0: b827 0038 24f1 5c38 efcb 4238 75fe ce37  .'.8$.\8..B8u..7
000306d0: 6a20 0438 74e7 1438 863e d037 334e 1638  j .8t..8.>.73N.8
000306e0: d08c f437 c074 9037 7981 0d38 7e32 1b38  ...7.t.7y..8~2.8
000306f0: 1843 b237 fbd8 8e37 6587 1638 05b7 1e38  .C.7...7e..8...8
00030700: 6db9 b737 c719 c737 3193 5138 15e4 0438  m..7...71.Q8...8
00030710: f21f cc37 1eb8 d237 239f 1138 04fa ff37  ...7...7#..8...7
00030720: 7b9c 2b38 aa85 dd37 4305 8c38 fa01 ed37  {.+8...7C..8...7
00030730: 0861 1a38 c708 a837 7c46 c237 1810 1638  .a.8...7|F.7...8
00030740: b1c0 5b38 8079 f637 a4a2 1f38 3414 cb37  ..[8.y.7...84..7
00030750: 6a86 1f38 ba24 df37 b8ee f237 7fb5 0738  j..8.$.7...7...8
00030760: 80dc ed37 b576 9b37 89e4 2e38 5a33 0038  ...7.v.7...8Z3.8
00030770: 1ae2 be37 3ffa ce37 142a 0538 cd83 1238  ...7?..7.*.8...8
00030780: 1a2a 3138 7cb5 3338 068d 2938 e918 ac37  .*18|.38..)8...7
00030790: fad1 1138 5c23 a337 e69b 5a38 c087 a237  ...8\#.7..Z8...7
000307a0: c56f 3c38 f749 fd37 da24 0938 d1b9 cc37  .o<8.I.7.$.8...7
000307b0: 3fc7 0438 9788 dc37 550e 2038 4c83 bf37  ?..8...7U. 8L..7
000307c0: 12b2 1038 1b2c cc37 9393 d637 f2d1 0338  ...8.,.7...7...8
000307d0: 88cf 0238 4744 2b38 2c2d ca37 2697 0b38  ...8GD+8,-.7&..8
000307e0: fa58 b637 32cd f937 e998 df37 07f8 ac38  .X.72..7...7...8
000307f0: b4ae bf37 7645 2c38 4759 f937 9c49 f837  ...7vE,8GY.7.I.7
00030800: 33c5 c937 fa93 2b38 1d02 b637 0bdc e037  3..7..+8...7...7
00030810: ecf4 2838 4582 1838 9b6f 1238 c8a1 ca37  ..(8E..8.o.8...7
00030820: b32f c837 1821 0238 6aff d137 3b14 a837  ./.7.!.8j..7;..7
00030830: 9163 0338 d9f5 f037 4d95 a737 8371 de37  .c.8...7M..7.q.7
00030840: 833a 9e38 ca56 1238 73e7 0338 0e96 bd37  .:.8.V.8s..8...7
00030850: e9cb 1338 1023 cf37 9b68 8937 311a 0d38  ...8.#.7.h.71..8
00030860: e88a e837 1502 c237 1fee 2638 d718 c737  ...7...7..&8...7
00030870: bd20 b637 7a7b 3b37 151d 1538 b9ad 1a38  . .7z{;7...8...8
00030880: eb88 fa37 77a2 4f38 16f4 b437 9ae5 4538  ...7w.O8...7..E8
00030890: 9f5d 1938 e3ee 9637 feaa 2838 cb6a 8837  .].8...7..(8.j.7
000308a0: 8012 0e38 b822 b737 1e5d 0338 0ef2 0438  ...8.".7.].8...8
000308b0: 3fc9 b237 53d1 d237 0651 f737 2f7f e237  ?..7S..7.Q.7/..7
000308c0: 42e3 0b38 52da 8138 c006 5c38 7458 5638  B..8R..8..\8tXV8
000308d0: 7272 4d38 f81c 2438 e34c 0138 ee4c 0f38  rrM8..$8.L.8.L.8
000308e0: 7a06 e637 8e76 6a38 e791 3438 eb75 f237  z..7.vj8..48.u.7
000308f0: f219 3738 b38d fc37 79c8 1b38 e12c 0038  ..78...7y..8.,.8
00030900: 8eaa d537 d60e 6338 72b8 b437 aba5 a038  ...7..c8r..7...8
00030910: 031f 8a38 5945 5e38 1e1e 3438 2860 2238  ...8YE^8..48(`"8
00030920: 49d6 6838 fe16 ed37 561c ee37 539b ae37  I.h8...7V..7S..7
00030930: fb44 0938 8a6a 0438 4aae ed37 bd44 3138  .D.8.j.8J..7.D18
00030940: e6a5 5a38 6aca b337 d320 0738 27ad e237  ..Z8j..7. .8'..7
00030950: 9288 0838 5958 4438 e863 ab37 c61e d237  ...8YXD8.c.7...7
00030960: 10f3 7937 74cd dc37 6e91 3f38 ca59 1538  ..y7t..7n.?8.Y.8
00030970: 440f f437 0ca8 a537 4db4 0338 f97e 7c38  D..7...7M..8.~|8
00030980: f38d de37 d09f 3d38 c0f1 bb37 8563 6038  ...7..=8...7.c`8
00030990: 7aaa 3838 4477 8a38 a09b db37 2d8f 8437  z.88Dw.8...7-..7
000309a0: 8c35 2e38 619d 1d38 a2b5 8037 e4d8 c737  .5.8a..8...7...7
000309b0: 4ddf 3938 d11d 4c38 600f f837 7266 7938  M.98..L8`..7rfy8
000309c0: d400 eb37 7a88 1138 70bc f237 8f64 a537  ...7z..8p..7.d.7
000309d0: 4292 2e38 e285 d137 8326 c137 b259 a837  B..8...7.&.7.Y.7
000309e0: 109e e137 30c6 2638 eaa8 f037 d20e ee37  ...70.&8...7...7
000309f0: fade ea37 6237 fb37 ef1a 2138 41dc 1938  ...7b7.7..!8A..8
00030a00: e3c8 ed37 1ded 4c38 7742 be37 267d b737  ...7..L8wB.7&}.7
00030a10: 52ac 7538 f7af ac37 f9c3 5a38 b375 b537  R.u8...7..Z8.u.7
00030a20: f290 0a38 7054 8938 07dc ca37 540c ed37  ...8pT.8...7T..7
00030a30: 309e 1738 4d54 a637 b342 0a38 3a03 8c38  0..8MT.7.B.8:..8
00030a40: 04be a137 decb 3038 da4a 0938 6f23 0338  ...7..08.J.8o#.8
00030a50: 7921 2938 4863 0738 e566 a537 7631 6c38  y!)8Hc.8.f.7v1l8
00030a60: e78c 6838 566e df37 c6d4 3e38 9251 0c38  ..h8Vn.7..>8.Q.8
00030a70: b71e 2038 48e5 d637 4a3a 1b38 bc53 b437  .. 8H..7J:.8.S.7
00030a80: 8f3b 3038 686e ba37 12b1 4038 c420 5538  .;08hn.7..@8. U8
00030a90: 51f8 4c38 0e93 0038 941b 0f38 562d 7538  Q.L8...8...8V-u8
00030aa0: aee1 2538 6f59 2138 9b6a 4738 13fc de37  ..%8oY!8.jG8...7
00030ab0: c537 1a38 fd80 0938 732b 4a38 9e4b b837  .7.8...8s+J8.K.7
00030ac0: 5e6e a337 93dd bc37 5e7f 9c37 790d 3938  ^n.7...7^..7y.98
00030ad0: cc83 0138 f930 1d38 0243 b037 3376 2438  ...8.0.8.C.73v$8
00030ae0: 20c2 0e38 951e 0f38 08a4 fb37 c05d c737   ..8...8...7.].7
00030af0: 0782 c937 0223 db37 8bd1 0438 ff32 6838  ...7.#.7...8.2h8
00030b00: 7278 2938 936f 4d38 7c23 e437 1114 f437  rx)8.oM8|#.7...7
00030b10: a3d1 a337 66e0 f737 52ff fe37 2618 f537  ...7f..7R..7&..7
00030b20: 647c 3838 579b 1938 7c5a 0138 42a2 ad37  d|88W..8|Z.8B..7
00030b30: 945c 3238 646d be37 d99e ae37 737e 3d38  .\28dm.7...7s~=8
00030b40: eb35 bd37 b0cd 0338 8626 dc37 7c08 ae37  .5.7...8.&.7|..7
00030b50: 9dd7 ad37 7b56 ef37 42a9 c137 d2db f037  ...7{V.7B..7...7
00030b60: a77c c837 836b b737 b2a4 4e37 9bb3 e737  .|.7.k.7..N7...7
00030b70: 3f70 cc37 5a69 6a37 9736 fa37 c308 3438  ?p.7Zij7.6.7..48
00030b80: dd18 5738 ff9c 9537 ac09 b237 0923 3638  ..W8...7...7.#68
00030b90: 7b8a 0c38 5ef2 d037 763a 1238 c8a8 d037  {..8^..7v:.8...7
00030ba0: 4426 1638 d5d2 1f38 7f9a 0138 f107 e037  D&.8...8...8...7
00030bb0: cd73 0438 6238 7d37 0b31 1f38 abe0 d737  .s.8b8}7.1.8...7
00030bc0: 1fc0 d337 2470 c437 4a16 fb37 9dd9 ff37  ...7$p.7J..7...7
00030bd0: 8c8c 4738 e343 b737 4e3a 4638 bb25 1438  ..G8.C.7N:F8.%.8
00030be0: 8139 a837 7e47 2338 6a2c bd37 b7c2 a137  .9.7~G#8j,.7...7
00030bf0: f8c7 8337 876f b537 2ee4 0338 088f cc37  ...7.o.7...8...7
00030c00: 695a ba37 f918 1838 53d0 e037 fa0c c037  iZ.7...8S..7...7
00030c10: 0ee7 d737 1451 2c38 03b5 5437 9b7d 9737  ...7.Q,8..T7.}.7
00030c20: 9865 0638 d867 0838 33af 2b38 6462 0b38  .e.8.g.83.+8db.8
00030c30: 53b4 f837 94e7 5638 61ef 2138 516f d537  S..7..V8a.!8Qo.7
00030c40: 880a 0d38 7a09 0038 cc85 cb37 2b20 ef37  ...8z..8...7+ .7
00030c50: d803 0338 fd85 3238 abeb cf37 fd13 0b38  ...8..28...7...8
00030c60: d0e5 aa37 d26a fb37 5659 ca37 c634 4538  ...7.j.7VY.7.4E8
00030c70: 4a97 1538 0d10 3638 f605 3338 e2f6 0d38  J..8..68..38...8
00030c80: d3aa 0038 a739 3838 8792 c737 f039 5738  ...8.988...7.9W8
00030c90: 6831 c437 b120 6738 aeed b537 d26a e137  h1.7. g8...7.j.7
00030ca0: 96f2 2b38 f9f5 af37 612a 1b38 8c55 0938  ..+8...7a*.8.U.8
00030cb0: c23a 2238 3a95 ca37 8651 2338 cf31 1138  .:"8:..7.Q#8.1.8
00030cc0: d68e 1638 9587 c737 f71f e437 e5c7 bd37  ...8...7...7...7
00030cd0: 76fe fe37 8d2d e637 b0af e237 1561 0138  v..7.-.7...7.a.8
00030ce0: 2f29 1138 1481 f837 31e9 2538 3b70 ea37  /).8...71.%8;p.7
00030cf0: cdf9 b837 dfd9 0638 7522 1238 47bd fc37  ...7...8u".8G..7
00030d00: 2735 2838 2641 3138 e833 2538 524c 0838  '5(8&A18.3%8RL.8
00030d10: 7ca1 0538 c925 0138 f197 dc37 d88e 3f38  |..8.%.8...7..?8
00030d20: 3391 e537 c244 dc37 6b14 e437 a3ac d537  3..7.D.7k..7...7
00030d30: e76d de37 0172 2638 36b9 5c38 7e31 d437  .m.7.r&86.\8~1.7
00030d40: c920 e137 637f d337 bc52 1238 802c 1e38  . .7c..7.R.8.,.8
00030d50: 19f6 5838 8934 d937 f7d2 d237 89ad cf37  ..X8.4.7...7...7
00030d60: b22c 2e38 24fa 7b37 7a32 2638 215b 1738  .,.8$.{7z2&8![.8
00030d70: 5bc5 eb37 ae84 0f38 93ad 0538 67b5 0738  [..7...8...8g..8
00030d80: c1a1 1538 782c 1038 d06b 4438 a732 3138  ...8x,.8.kD8.218
00030d90: 972d b237 caa7 4b38 52a6 d037 50ba 0a38  .-.7..K8R..7P..8
00030da0: 6785 c837 30a4 c937 0daf c537 fec9 b537  g..70..7...7...7
00030db0: 1d1a c337 c00f eb37 d3f4 c737 6493 f337  ...7...7...7d..7
00030dc0: 0674 0038 9593 9237 163d 0538 4685 1f38  .t.8...7.=.8F..8
00030dd0: 77b1 9237 c717 3638 53ed 0038 0d35 1238  w..7..68S..8.5.8
00030de0: 9d51 0d38 de0e 0f38 84c9 4a38 5d31 e037  .Q.8...8..J8]1.7
00030df0: bf65 3538 ec8c 6c38 709f d937 0dab 2a38  .e58..l8p..7..*8
00030e00: fb77 4138 069c e037 067e 1d38 280a 2e38  .wA8...7.~.8(..8
00030e10: 417a f837 731c bb37 1120 8d37 bb62 b437  Az.7s..7. .7.b.7
00030e20: e150 6e38 0384 1338 787d 1238 06c8 0d38  .Pn8...8x}.8...8
00030e30: b42d e437 f563 ce37 605b 2338 2f21 f037  .-.7.c.7`[#8/!.7
00030e40: d8ec 1a38 a5e5 f237 f3b1 db37 36e5 e537  ...8...7...76..7
00030e50: fa3a f137 764c 5338 c14f d937 5f39 f637  .:.7vLS8.O.7_9.7
00030e60: fdf8 bf37 a194 da37 b6b5 3c38 6e2f 8738  ...7...7..<8n/.8
00030e70: 8ae3 d937 a3f1 7238 65fe c637 25d7 2238  ...7..r8e..7%."8
00030e80: 09af 6838 7e49 1438 0a14 4238 d9ef 2e38  ..h8~I.8..B8...8
00030e90: d3e9 e437 9498 2038 7879 b037 94b5 2138  ...7.. 8xy.7..!8
00030ea0: 325f 1738 693b 1538 6280 f237 299a 2238  2_.8i;.8b..7)."8
00030eb0: 69cf 2938 7d38 6538 5195 1438 4972 cb37  i.)8}8e8Q..8Ir.7
00030ec0: dd3f c637 9417 2038 cccd cb37 6d8d e737  .?.7.. 8...7m..7
00030ed0: a69f 1e38 d25d a437 f683 0438 df33 b237  ...8.].7...8.3.7
00030ee0: eb8c 3938 76c2 0338 1b52 b237 0efa 2438  ..98v..8.R.7..$8
00030ef0: 1312 cb37 4ae0 8938 b182 f937 daf8 2338  ...7J..8...7..#8
00030f00: a818 0a38 395a e037 8d33 bc37 ec6d 1138  ...89Z.7.3.7.m.8
00030f10: 002f d637 ebbc d837 30bd 2838 7b62 0538  ./.7...70.(8{b.8
00030f20: 0574 cd37 f1c4 d537 eb33 3338 d07d 3b38  .t.7...7.338.};8
00030f30: 07f7 dc37 dff0 2138 ac71 cc37 b49f 2338  ...7..!8.q.7..#8
00030f40: 4e7d c137 4666 b537 4e13 6737 ae6b 0138  N}.7Ff.7N.g7.k.8
00030f50: 7088 0938 5b0d e337 a453 5238 ec21 2338  p..8[..7.SR8.!#8
00030f60: fec6 ab37 5811 fc37 27b4 6238 63fa cc37  ...7X..7'.b8c..7
00030f70: 4460 0538 95a0 1c38 6e1c aa37 6236 af37  D`.8...8n..7b6.7
00030f80: 9b3b 1738 a3a3 1438 79b9 0538 d955 2638  .;.8...8y..8.U&8
00030f90: 34a0 1e38 2ebe 2b38 6b52 3a38 9f48 eb37  4..8..+8kR:8.H.7
00030fa0: df52 8238 4ceb 0a38 d7a8 1938 4528 0238  .R.8L..8...8E(.8
00030fb0: 9ba5 f737 ac03 1038 5a65 d237 fcd2 ec37  ...7...8Ze.7...7
00030fc0: e3f5 e737 f45a c837 2840 cf37 77df 0838  ...7.Z.7(@.7w..8
00030fd0: 382d 3c38 cf45 4a38 0653 fb37 6c9c 9f37  8-<8.EJ8.S.7l..7
00030fe0: febe 2038 dbf6 e437 6df4 c137 f82c 3a38  .. 8...7m..7.,:8
00030ff0: 2222 e137 b618 d737 6ecf 1138 3615 0038  "".7...7n..86..8
00031000: 1991 5738 8ac6 f137 987a bc37 d576 3338  ..W8...7.z.7.v38
00031010: 5be5 0838 1057 6d38 35c9 a737 0b70 b637  [..8.Wm85..7.p.7
00031020: ed9c f537 b9a5 1138 4caf e937 1bc4 0538  ...7...8L..7...8
00031030: 3ef0 1b38 5236 8d38 7d24 d537 0149 7038  >..8R6.8}$.7.Ip8
00031040: 9c1f 0a38 1bbf e337 6e64 1638 1a1b 2638  ...8...7nd.8..&8
00031050: 90d2 0b38 f9bc cc37 f88a 1238 990e ce37  ...8...7...8...7
00031060: 2c2c 5438 2312 6a38 369a bc37 e22c 7a38  ,,T8#.j86..7.,z8
00031070: f72e 8037 2d79 1238 22fe fc37 bfc9 5a38  ...7-y.8"..7..Z8
00031080: cf58 1b38 1dfe ea37 285d 1238 4e8c db37  .X.8...7(].8N..7
00031090: 106b c237 ea99 5438 feb0 af37 05ad 5a38  .k.7..T8...7..Z8
000310a0: dd5d c637 d8df b237 21f1 8138 bc89 e437  .].7...7!..8...7
000310b0: d090 4b38 0e14 1438 0389 ba37 a7d8 4938  ..K8...8...7..I8
000310c0: 10eb 2138 9217 0138 9147 1938 2a6c f737  ..!8...8.G.8*l.7
000310d0: 37f1 1038 30f9 e537 6890 5b38 1ce3 1e38  7..80..7h.[8...8
000310e0: 346d c437 c91a fc37 650f 6538 a14d 1b38  4m.7...7e.e8.M.8
000310f0: 494d 3438 d220 0638 3880 5f38 6bbe ce37  IM48. .88._8k..7
00031100: 1d14 0d38 8ec6 1838 b973 2f38 290c e237  ...8...8.s/8)..7
00031110: a803 0e38 f857 bc37 d5ad 2338 b7ce d637  ...8.W.7..#8...7
00031120: c18a f337 2be2 d337 0818 2238 ca7b e037  ...7+..7.."8.{.7
00031130: e756 df37 2f35 f937 5845 5938 8510 c937  .V.7/5.7XEY8...7
00031140: 2983 c137 3ea5 e237 1a36 0f38 ef64 4138  )..7>..7.6.8.dA8
00031150: 2db6 e137 99e5 ba37 3246 dd37 ad9d 3738  -..7...72F.7..78
00031160: d343 bd37 1d5e e937 f8ce 1638 e351 e337  .C.7.^.7...8.Q.7
00031170: 364f 0f38 42f5 a737 1b92 c137 b506 eb37  6O.8B..7...7...7
00031180: 14fd ed37 bffb bb37 7871 bf37 cef5 6738  ...7...7xq.7..g8
00031190: 5df5 2e38 e9f5 2838 94e9 2a38 2b4c 1438  ]..8..(8..*8+L.8
000311a0: 688a e537 e6dd d337 a160 9737 e8e0 e137  h..7...7.`.7...7
000311b0: 9b27 5e38 72a9 8c37 279f db37 2ce1 fd37  .'^8r..7'..7,..7
000311c0: 57fc 0238 0b67 0d38 b079 2438 22c9 be37  W..8.g.8.y$8"..7
000311d0: 3dc1 1538 0a7e cf37 0078 6a38 6945 a737  =..8.~.7.xj8iE.7
000311e0: 2acb 6338 542a 5837 6fd6 e937 6732 c037  *.c8T*X7o..7g2.7
000311f0: 93ad a137 7a52 0338 61c8 c637 8b2c af37  ...7zR.8a..7.,.7
00031200: c0ee 0838 4ecb 3238 5117 a337 2813 e037  ...8N.28Q..7(..7
00031210: 58d0 0b38 9a93 1738 ff01 e037 6261 3738  X..8...8...7ba78
00031220: fc3b fd37 15d4 e237 172b cb37 91bb 0538  .;.7...7.+.7...8
00031230: d768 0c38 ea85 bc37 b151 2e38 774c 0838  .h.8...7.Q.8wL.8
00031240: 8a7e 0238 03b8 0738 9aef 2838 05c1 ef37  .~.8...8..(8...7
00031250: 929c f237 e15f b737 e977 e937 82b4 e837  ...7._.7.w.7...7
00031260: b4be 0b38 1bd5 a137 c2df 0938 bf40 0938  ...8...7...8.@.8
00031270: 6450 e837 135d c137 9979 6238 4d0b 0238  dP.7.].7.yb8M..8
00031280: e53d 0c38 4c6c b337 25ce 3a38 85f2 0038  .=.8Ll.7%.:8...8
00031290: d4ce e837 bc1e 2238 1f7f 3d38 b566 1238  ...7.."8..=8.f.8
000312a0: cb81 6838 c697 9738 2247 4438 3f2d 7a38  ..h8...8"GD8?-z8
000312b0: 774e 3d38 8f1b e537 8f59 df37 ae85 0a38  wN=8...7.Y.7...8
000312c0: aa39 ec37 f453 2a38 ba8d 8438 2102 0538  .9.7.S*8...8!..8
000312d0: 3d5c 6738 2546 2638 5270 0538 31af d237  =\g8%F&8Rp.81..7
000312e0: fb12 d637 ac35 d937 ef6c 2c38 c061 ed37  ...7.5.7.l,8.a.7
000312f0: 933f 6038 f2bb de37 caad df37 b824 6338  .?`8...7...7.$c8
00031300: 09ef 4e38 bc41 0a38 551b 9938 a4b4 5138  ..N8.A.8U..8..Q8
00031310: d7d9 1338 45c5 2638 18e5 e937 4d5c 2438  ...8E.&8...7M\$8
00031320: 4ab6 2938 7b67 0138 6b96 1838 74df 5c38  J.)8{g.8k..8t.\8
00031330: 52b6 0938 7790 0e38 f67a c537 cd5c 3c38  R..8w..8.z.7.\<8
00031340: 1242 b137 9580 3938 84fc 2e38 1f4f b638  .B.7..98...8.O.8
00031350: 54cd c037 7848 a838 21d0 0138 082f ed37  T..7xH.8!..8./.7
00031360: cdfb 6b38 f732 2a38 d396 8538 ae33 5b38  ..k8.2*8...8.3[8
00031370: 8146 de37 abb5 a838 dc51 5438 e811 7638  .F.7...8.QT8..v8
00031380: c213 6a38 5a6e b137 2915 2238 95f4 1938  ..j8Zn.7)."8...8
00031390: b676 da37 8b18 1d38 edda 4238 b0c6 c337  .v.7...8..B8...7
000313a0: 498f 5638 f180 fe37 cb38 4038 5b74 2838  I.V8...7.8@8[t(8
000313b0: 943d f237 9a29 b737 fce7 1c38 4b0b 5738  .=.7.).7...8K.W8
000313c0: 9e0d 3538 9a27 5738 5826 0c38 5703 1238  ..58.'W8X&.8W..8
000313d0: 0823 0438 327f 6738 db0f d137 888b 5e38  .#.82.g8...7..^8
000313e0: 3230 ac38 7acb e437 03e5 de37 21f2 f437  20.8z..7...7!..7
000313f0: eec4 8138 d5be b537 c581 1e38 8d1d 1b38  ...8...7...8...8
00031400: 795e 2c38 85ea d737 718c 8738 dfe7 a137  y^,8...7q..8...7
00031410: 174a 5038 304b 2638 7705 e237 e8ee c937  .JP80K&8w..7...7
00031420: 60eb e437 d8c7 b437 e153 0138 b21c c737  `..7...7.S.8...7
00031430: 9702 f037 9018 f037 ba84 0738 a4fd cb37  ...7...7...8...7
00031440: f52a 1138 076b f437 40a6 1638 4d37 da37  .*.8.k.7@..8M7.7
00031450: 5be5 cf37 19ce 3338 43ef 1f38 a463 2238  [..7..38C..8.c"8
00031460: cae4 0238 f187 2e38 361c fa37 186f a637  ...8...86..7.o.7
00031470: ec61 eb37 d3f1 1b38 5446 6838 bf49 1538  .a.7...8TFh8.I.8
00031480: 7ef7 5038 48be e437 8bd0 5e38 677d a637  ~.P8H..7..^8g}.7
00031490: 19dd 0838 9b67 3e38 cbea f337 1454 1238  ...8.g>8...7.T.8
000314a0: 5803 2b38 a150 4638 7a8e 0438 5f40 2e38  X.+8.PF8z..8_@.8
000314b0: 4c5c 3b38 e28c be37 16ef d637 f51c cb37  L\;8...7...7...7
000314c0: 23ea bd37 8c65 c137 4f1b 2838 9b4f c437  #..7.e.7O.(8.O.7
000314d0: a400 cc37 661e 2e38 a80f f737 c43a 3d38  ...7f..8...7.:=8
000314e0: 4f58 0438 38dd 0938 be99 c537 098d ee37  OX.88..8...7...7
000314f0: 1a76 2038 ec1f 0438 53d4 3638 a185 c637  .v 8...8S.68...7
00031500: 28cd 3a38 957e e037 11b7 d737 ff3c bf37  (.:8.~.7...7.<.7
00031510: a206 b537 6101 4238 3e21 0138 3911 1b38  ...7a.B8>!.89..8
00031520: 6ef8 d137 d66c 3b38 fce3 0238 ff66 d137  n..7.l;8...8.f.7
00031530: 91b2 0d38 f5cf 3238 5723 dc37 2382 2c38  ...8..28W#.7#.,8
00031540: 07b8 c737 7dd1 1b38 0329 f237 1e90 0e38  ...7}..8.).7...8
00031550: ff90 d437 a191 1038 d8c9 7a38 1e29 0a38  ...7...8..z8.).8
00031560: 1f05 8c38 bc72 c037 0425 0838 0922 d637  ...8.r.7.%.8.".7
00031570: 268c 3338 4168 0a38 1599 e437 a3db f237  &.38Ah.8...7...7
00031580: 36fa e437 dbf4 1c38 b41d 1738 9ebe fd37  6..7...8...8...7
00031590: eea5 2438 da14 d337 37c8 d137 4451 cf37  ..$8...77..7DQ.7
000315a0: cca1 6838 4086 f337 a8a7 a437 78b2 ef37  ..h8@..7...7x..7
000315b0: 8e94 0138 1d4b da37 3a2c 0538 991d e737  ...8.K.7:,.8...7
000315c0: c8ad a237 03fa ea37 1e97 2038 6ad7 1938  ...7...7.. 8j..8
000315d0: 375b c737 7ab6 5438 7213 6b38 101e 2a38  7[.7z.T8r.k8..*8
000315e0: 756b fe37 d113 db37 473d e337 4f17 e237  uk.7...7G=.7O..7
000315f0: 8bff c137 df92 8938 54d7 0838 6b1a ea37  ...7...8T..8k..7
00031600: 4484 fd37 1be8 2e38 6ec7 e337 1b6b 9437  D..7...8n..7.k.7
00031610: 74a1 d737 9a66 0838 7cf8 bd37 a94b 0838  t..7.f.8|..7.K.8
00031620: 7143 3238 7dbc ce37 5cc7 f037 6e9e 2538  qC28}..7\..7n.%8
00031630: bd0b ef37 1cb6 b737 5dfa 5338 e335 5b38  ...7...7].S8.5[8
00031640: 4a47 0a38 bfb3 1b38 b955 d937 7e1d 2b38  JG.8...8.U.7~.+8
00031650: efd8 c037 c533 f037 72d4 f737 8245 1738  ...7.3.7r..7.E.8
00031660: 7f9e 1b38 93ef c637 a0cc e737 5a4a 0c38  ...8...7...7ZJ.8
00031670: c5d7 0838 7f75 0038 b541 3f38 60ff 2338  ...8.u.8.A?8`.#8
00031680: 077c 6737 4390 f937 718f dd37 80a0 ea37  .|g7C..7q..7...7
00031690: 87c9 4238 9826 cd37 63e1 ae37 a0fd 0338  ..B8.&.7c..7...8
000316a0: 4e7b fb37 8d71 7a38 b27a fd37 0b09 4538  N{.7.qz8.z.7..E8
000316b0: 6143 de37 8fdd 8c38 daa4 d437 2632 6038  aC.7...8...7&2`8
000316c0: 3336 db37 8ab5 2438 3c20 6038 8dfe 1538  36.7..$8< `8...8
000316d0: 6072 8538 df01 f537 1325 8338 06b3 1f38  `r.8...7.%.8...8
000316e0: 8e83 bb37 a7d2 8a37 48f1 be37 2dec ef37  ...7...7H..7-..7
000316f0: fb52 1038 b49a de37 592c 5138 ef13 0538  .R.8...7Y,Q8...8
00031700: 1737 4938 b196 f737 684f 3838 bd74 ac37  .7I8...7hO88.t.7
00031710: 390b d137 559a 3738 83be 2f38 02b6 4038  9..7U.78../8..@8
00031720: f210 f837 effc cf37 3088 1538 8261 3c38  ...7...70..8.a<8
00031730: a801 0038 39d2 d937 cb20 6238 0420 2338  ...89..7. b8. #8
00031740: 7dad 1c38 d98c 2b38 ecc9 3838 4bad 2938  }..8..+8..88K.)8
00031750: 0066 f137 1a1d 2738 e0a9 3238 e61a 2138  .f.7..'8..28..!8
00031760: d38b e737 a4db 3338 754d 2438 ef35 4338  ...7..38uM$8.5C8
00031770: af56 0b38 99f3 a737 d396 1e38 3521 7738  .V.8...7...85!w8
00031780: 9f96 b737 71bc 1738 ff21 0b38 5f34 1738  ...7q..8.!.8_4.8
00031790: 3beb 0e38 edab 7838 55ad 0738 5282 1538  ;..8..x8U..8R..8
000317a0: 4569 0d38 ece4 6438 ac37 2b38 ce51 9a37  Ei.8..d8.7+8.Q.7
000317b0: 1f6a 4b38 6aea 2c38 d260 da37 b64e c437  .jK8j.,8.`.7.N.7
000317c0: b660 3738 9300 ea37 f6f7 f837 393a 3b38  .`78...7...79:;8
000317d0: 43a5 0838 bbad d437 356b 2838 c12e 6938  C..8...75k(8..i8
000317e0: b149 0938 876e 4138 f7e6 0b38 a961 f937  .I.8.nA8...8.a.7
000317f0: 57ab 1338 b729 9937 fdf2 7738 1247 5138  W..8.).7..w8.GQ8
00031800: 562b 2638 408c 0438 03d9 2638 30a1 ff37  V+&8@..8..&80..7
00031810: 4bbf 9337 3b05 1d38 363a 8938 0dfa 1f38  K..7;..86:.8...8
00031820: b191 3638 79e8 0538 e493 2238 acec 0238  ..68y..8.."8...8
00031830: 5fa5 d337 0800 cd37 dcc4 3c38 e83e 5238  _..7...7..<8.>R8
00031840: 2ba7 3e38 04c7 fb37 a0de 1338 e46e 1338  +.>8...7...8.n.8
00031850: f997 1d38 ca65 c037 ef94 ae37 f3c4 0338  ...8.e.7...7...8
00031860: a3f5 9838 40ce ed37 2ee3 0438 f051 2738  ...8@..7...8.Q'8
00031870: 1676 f737 c6d7 ba37 f99e fc37 b895 3038  .v.7...7...7..08
00031880: 0dd7 3538 3251 2038 6778 1338 1978 8638  ..582Q 8gx.8.x.8
00031890: 24e8 1e38 1300 0000 7466 6c2e 7073 6575  $..8....tfl.pseu
000318a0: 646f 5f71 636f 6e73 7431 3200 0100 0000  do_qconst12.....
000318b0: 0006 0000 3af1 ffff 0000 0001 1400 0000  ....:...........
000318c0: 6802 0000 1200 0000 0000 0009 7402 0000  h...........t...
000318d0: 24f1 ffff 0800 0000 8c01 0000 3000 0000  $...........0...
000318e0: 0000 0000 0000 0000 0000 0000 0000 0000  ................
000318f0: 0000 0000 0000 0000 0000 0000 0000 0000  ................
00031900: 0000 0000 0000 0000 0000 0000 0000 0000  ................
00031910: 0000 0000 0000 0000 0000 0000 0000 0000  ................
00031920: 0000 0000 0000 0000 0000 0000 0000 0000  ................
00031930: 0000 0000 0000 0000 0000 0000 0000 0000  ................
00031940: 0000 0000 0000 0000 0000 0000 0000 0000  ................
00031950: 0000 0000 0000 0000 0000 0000 0000 0000  ................
00031960: 0000 0000 0000 0000 0000 0000 0000 0000  ................
00031970: 0000 0000 0000 0000 0000 0000 0000 0000  ................
00031980: 0000 0000 0000 0000 0000 0000 0000 0000  ................
00031990: 0000 0000 0000 0000 0000 0000 0000 0000  ................
000319a0: 0000 0000 0000 0000 0000 0000 0000 0000  ................
000319b0: 0000 0000 0000 0000 0000 0000 0000 0000  ................
000319c0: 0000 0000 0000 0000 0000 0000 0000 0000  ................
000319d0: 0000 0000 0000 0000 0000 0000 0000 0000  ................
000319e0: 0000 0000 0000 0000 0000 0000 0000 0000  ................
000319f0: 0000 0000 0000 0000 0000 0000 0000 0000  ................
00031a00: 0000 0000 0000 0000 0000 0000 0000 0000  ................
00031a10: 0000 0000 0000 0000 0000 0000 0000 0000  ................
00031a20: 0000 0000 0000 0000 0000 0000 0000 0000  ................
00031a30: 0000 0000 0000 0000 0000 0000 0000 0000  ................
00031a40: 0000 0000 0000 0000 0000 0000 0000 0000  ................
00031a50: 0000 0000 0000 0000 0000 0000 0000 0000  ................
00031a60: 0000 0000 3000 0000 9059 0f3b 6eab 013b  ....0....Y.;n..;
00031a70: 84ae 1f3b 6314 3b3b db41 143b f0e4 f23a  ...;c.;;.A.;...:
00031a80: 7d6b fd3a 207d f43a 1b87 f03a b752 1f3b  }k.: }.:...:.R.;
00031a90: 0b52 033b a371 003b f0a3 073b cffd 0c3b  .R.;.q.;...;...;
00031aa0: 0a7b 533b 64ac fb3a 845f 073b 5754 113b  .{S;d..:._.;WT.;
00031ab0: 2e29 d03a 91e6 063b 6ed9 f83a 908e 0d3b  .).:...;n..:...;
00031ac0: 21f2 f63a 7433 023b dad0 123b 3629 023b  !..:t3.;...;6).;
00031ad0: 3bae 1f3b 27dc 103b f389 463b ecb8 273b  ;..;'..;..F;..';
00031ae0: 9608 053b 14dd 013b 03f5 063b a99e 0b3b  ...;...;...;...;
00031af0: 8dd2 0e3b 1c11 313b a0fd 343b 5d66 1c3b  ...;..1;..4;]f.;
00031b00: f8ae 113b 7092 1e3b 5216 0b3b 2a8b 023b  ...;p..;R..;*..;
00031b10: 6e4d 1d3b 3189 f73a 4cce fa3a f286 a73a  nM.;1..:L..:...:
00031b20: 28aa 153b dd13 243b 1300 0000 7466 6c2e  (..;..$;....tfl.
00031b30: 7073 6575 646f 5f71 636f 6e73 7431 3100  pseudo_qconst11.
00031b40: 0400 0000 3000 0000 0300 0000 0300 0000  ....0...........
00031b50: 6000 0000 daf3 ffff 0000 0001 1400 0000  `...............
00031b60: 6402 0000 1100 0000 0000 0002 7002 0000  d...........p...
00031b70: c4f3 ffff 0800 0000 8801 0000 3000 0000  ............0...
00031b80: 0000 0000 0000 0000 0000 0000 0000 0000  ................
00031b90: 0000 0000 0000 0000 0000 0000 0000 0000  ................
00031ba0: 0000 0000 0000 0000 0000 0000 0000 0000  ................
00031bb0: 0000 0000 0000 0000 0000 0000 0000 0000  ................
00031bc0: 0000 0000 0000 0000 0000 0000 0000 0000  ................
00031bd0: 0000 0000 0000 0000 0000 0000 0000 0000  ................
00031be0: 0000 0000 0000 0000 0000 0000 0000 0000  ................
00031bf0: 0000 0000 0000 0000 0000 0000 0000 0000  ................
00031c00: 0000 0000 0000 0000 0000 0000 0000 0000  ................
00031c10: 0000 0000 0000 0000 0000 0000 0000 0000  ................
00031c20: 0000 0000 0000 0000 0000 0000 0000 0000  ................
00031c30: 0000 0000 0000 0000 0000 0000 0000 0000  ................
00031c40: 0000 0000 0000 0000 0000 0000 0000 0000  ................
00031c50: 0000 0000 0000 0000 0000 0000 0000 0000  ................
00031c60: 0000 0000 0000 0000 0000 0000 0000 0000  ................
00031c70: 0000 0000 0000 0000 0000 0000 0000 0000  ................
00031c80: 0000 0000 0000 0000 0000 0000 0000 0000  ................
00031c90: 0000 0000 0000 0000 0000 0000 0000 0000  ................
00031ca0: 0000 0000 0000 0000 0000 0000 0000 0000  ................
00031cb0: 0000 0000 0000 0000 0000 0000 0000 0000  ................
00031cc0: 0000 0000 0000 0000 0000 0000 0000 0000  ................
00031cd0: 0000 0000 0000 0000 0000 0000 0000 0000  ................
00031ce0: 0000 0000 0000 0000 0000 0000 0000 0000  ................
00031cf0: 0000 0000 0000 0000 0000 0000 0000 0000  ................
00031d00: 3000 0000 e06f 0038 255c e837 e111 0f38  0....o.8%\.7...8
00031d10: 179e 2738 7ad5 0438 30a0 d937 6c0e e337  ..'8z..80..7l..7
00031d20: e90d db37 6181 d737 a1bf 0e38 7151 eb37  ...7a..7...8qQ.7
00031d30: d929 e637 230f f337 dca5 fc37 e57a 3d38  .).7#..7...7.z=8
00031d40: d67d e137 8894 f237 ef35 0238 7381 ba37  .}.7...7.5.8s..7
00031d50: ccbb f137 16f6 de37 40a9 fd37 7a41 dd37  ...7...7@..7zA.7
00031d60: e44f e937 dc8a 0338 8a3d e937 a011 0f38  .O.7...8.=.7...8
00031d70: 3fca 0138 78e2 3138 2646 1638 4963 ee37  ?..8x.18&F.8Ic.7
00031d80: 1db5 e837 aed5 f137 a030 fa37 d1ed ff37  ...7...7.0.7...7
00031d90: 79a5 1e38 7d29 2238 2121 0c38 2287 0238  y..8})"8!!.8"..8
00031da0: 5b13 0e38 503c f937 10ed e937 28f0 0c38  [..8P<.7...7(..8
00031db0: d3c8 dd37 d9b6 e037 5f19 9637 4b18 0638  ...7...7_..7K..8
00031dc0: 2802 1338 1300 0000 7466 6c2e 7073 6575  (..8....tfl.pseu
00031dd0: 646f 5f71 636f 6e73 7431 3000 0100 0000  do_qconst10.....
00031de0: 3000 0000 6af6 ffff 0000 0001 1400 0000  0...j...........
00031df0: 4801 0000 1000 0000 0000 0009 5401 0000  H...........T...
00031e00: 54f6 ffff 0800 0000 cc00 0000 1800 0000  T...............
00031e10: 0000 0000 0000 0000 0000 0000 0000 0000  ................
00031e20: 0000 0000 0000 0000 0000 0000 0000 0000  ................
00031e30: 0000 0000 0000 0000 0000 0000 0000 0000  ................
00031e40: 0000 0000 0000 0000 0000 0000 0000 0000  ................
00031e50: 0000 0000 0000 0000 0000 0000 0000 0000  ................
00031e60: 0000 0000 0000 0000 0000 0000 0000 0000  ................
00031e70: 0000 0000 0000 0000 0000 0000 0000 0000  ................
00031e80: 0000 0000 0000 0000 0000 0000 0000 0000  ................
00031e90: 0000 0000 0000 0000 0000 0000 0000 0000  ................
00031ea0: 0000 0000 0000 0000 0000 0000 0000 0000  ................
00031eb0: 0000 0000 0000 0000 0000 0000 0000 0000  ................
00031ec0: 0000 0000 0000 0000 0000 0000 0000 0000  ................
00031ed0: 0000 0000 1800 0000 392c 9a3a 4a6a ee3a  ........9,.:Jj.:
00031ee0: f416 7c3a 3cb7 a83a afd2 bd3a 55ce 823a  ..|:<..:...:U..:
00031ef0: e468 4c3b 0bcd a23a 7db3 5b3a fa58 f53a  .hL;...:}.[:.X.:
00031f00: a290 ab3a e5e2 c23a a461 903a 461b c43a  ...:...:.a.:F..:
00031f10: c37a c43a 19d4 8e3a 4163 d13a 44be 693a  .z.:...:Ac.:D.i:
00031f20: 9639 a23a d94b c43a 0e37 6b3a 50d1 ac3a  .9.:.K.:.7k:P..:
00031f30: 1ddb 3b3b 2d55 d63a 1200 0000 7466 6c2e  ..;;-U.:....tfl.
00031f40: 7073 6575 646f 5f71 636f 6e73 7439 0000  pseudo_qconst9..
00031f50: 0400 0000 1800 0000 0300 0000 0300 0000  ................
00031f60: 3000 0000 eaf7 ffff 0000 0001 1400 0000  0...............
00031f70: 4401 0000 0f00 0000 0000 0002 5001 0000  D...........P...
00031f80: d4f7 ffff 0800 0000 c800 0000 1800 0000  ................
00031f90: 0000 0000 0000 0000 0000 0000 0000 0000  ................
00031fa0: 0000 0000 0000 0000 0000 0000 0000 0000  ................
00031fb0: 0000 0000 0000 0000 0000 0000 0000 0000  ................
00031fc0: 0000 0000 0000 0000 0000 0000 0000 0000  ................
00031fd0: 0000 0000 0000 0000 0000 0000 0000 0000  ................
00031fe0: 0000 0000 0000 0000 0000 0000 0000 0000  ................
00031ff0: 0000 0000 0000 0000 0000 0000 0000 0000  ................
00032000: 0000 0000 0000 0000 0000 0000 0000 0000  ................
00032010: 0000 0000 0000 0000 0000 0000 0000 0000  ................
00032020: 0000 0000 0000 0000 0000 0000 0000 0000  ................
00032030: 0000 0000 0000 0000 0000 0000 0000 0000  ................
00032040: 0000 0000 0000 0000 0000 0000 0000 0000  ................
00032050: 1800 0000 9198 f737 7471 3f38 6c6c ca37  .......7tq?8ll.7
00032060: cc79 0738 ab6c 1838 dd11 d237 2c23 a438  .y.8.l.8...7,#.8
00032070: edb9 0238 866a b037 7f02 4538 7dc3 0938  ...8.j.7..E8}..8
00032080: 817d 1c38 16df e737 5778 1d38 04c5 1d38  .}.8...7Wx.8...8
00032090: a560 e537 7622 2838 11b1 bb37 8543 0238  .`.7v"(8...7.C.8
000320a0: 589f 1d38 9fdf bc37 fdc4 0a38 50d8 9638  X..8...7...8P..8
000320b0: fa1a 2c38 1200 0000 7466 6c2e 7073 6575  ..,8....tfl.pseu
000320c0: 646f 5f71 636f 6e73 7438 0000 0100 0000  do_qconst8......
000320d0: 1800 0000 5af9 ffff 0000 0001 1400 0000  ....Z...........
000320e0: b800 0000 0e00 0000 0000 0009 c400 0000  ................
000320f0: 44f9 ffff 0800 0000 6c00 0000 0c00 0000  D.......l.......
00032100: 0000 0000 0000 0000 0000 0000 0000 0000  ................
00032110: 0000 0000 0000 0000 0000 0000 0000 0000  ................
00032120: 0000 0000 0000 0000 0000 0000 0000 0000  ................
00032130: 0000 0000 0000 0000 0000 0000 0000 0000  ................
00032140: 0000 0000 0000 0000 0000 0000 0000 0000  ................
00032150: 0000 0000 0000 0000 0000 0000 0000 0000  ................
00032160: 0000 0000 0c00 0000 a77a 353b f5a2 623a  .........z5;..b:
00032170: 7381 a83a f6a7 ec3a c14c 9e3a aa3c e23a  s..:...:.L.:.<.:
00032180: 3dfc ae3a 8848 a73b b34f 393b b26a c23a  =..:.H.;.O9;.j.:
00032190: f657 b33a 60b4 ca3a 1200 0000 7466 6c2e  .W.:`..:....tfl.
000321a0: 7073 6575 646f 5f71 636f 6e73 7437 0000  pseudo_qconst7..
000321b0: 0400 0000 0c00 0000 0300 0000 0300 0000  ................
000321c0: 1800 0000 4afa ffff 0000 0001 1400 0000  ....J...........
000321d0: b400 0000 0d00 0000 0000 0002 c000 0000  ................
000321e0: 34fa ffff 0800 0000 6800 0000 0c00 0000  4.......h.......
000321f0: 0000 0000 0000 0000 0000 0000 0000 0000  ................
00032200: 0000 0000 0000 0000 0000 0000 0000 0000  ................
00032210: 0000 0000 0000 0000 0000 0000 0000 0000  ................
00032220: 0000 0000 0000 0000 0000 0000 0000 0000  ................
00032230: 0000 0000 0000 0000 0000 0000 0000 0000  ................
00032240: 0000 0000 0000 0000 0000 0000 0000 0000  ................
00032250: 0c00 0000 d618 a038 17ef c737 f1a6 1438  .......8...7...8
00032260: e2c5 5038 13a6 0b38 d994 4738 4a5e 1a38  ..P8...8..G8J^.8
00032270: e492 1339 4b7a a338 a682 2b38 8e36 1e38  ...9Kz.8..+8.6.8
00032280: 59d2 3238 1200 0000 7466 6c2e 7073 6575  Y.28....tfl.pseu
00032290: 646f 5f71 636f 6e73 7436 0000 0100 0000  do_qconst6......
000322a0: 0c00 0000 2afb ffff 0000 0001 1400 0000  ....*...........
000322b0: 8800 0000 0c00 0000 0000 0009 9400 0000  ................
000322c0: 14fb ffff 0800 0000 4c00 0000 0800 0000  ........L.......
000322d0: 0000 0000 0000 0000 0000 0000 0000 0000  ................
000322e0: 0000 0000 0000 0000 0000 0000 0000 0000  ................
000322f0: 0000 0000 0000 0000 0000 0000 0000 0000  ................
00032300: 0000 0000 0000 0000 0000 0000 0000 0000  ................
00032310: 0000 0000 0800 0000 19ef 733b 1129 223b  ..........s;.)";
00032320: 7dc8 843b dc2d 843b 3ea3 403b 29f1 a43b  }..;.-.;>.@;)..;
00032330: 0d17 b23b 3a38 393b 1200 0000 7466 6c2e  ...;:89;....tfl.
00032340: 7073 6575 646f 5f71 636f 6e73 7435 0000  pseudo_qconst5..
00032350: 0400 0000 0800 0000 0300 0000 0300 0000  ................
00032360: 0c00 0000 eafb ffff 0000 0001 1400 0000  ................
00032370: 8400 0000 0b00 0000 0000 0002 9000 0000  ................
00032380: d4fb ffff 0800 0000 4800 0000 0800 0000  ........H.......
00032390: 0000 0000 0000 0000 0000 0000 0000 0000  ................
000323a0: 0000 0000 0000 0000 0000 0000 0000 0000  ................
000323b0: 0000 0000 0000 0000 0000 0000 0000 0000  ................
000323c0: 0000 0000 0000 0000 0000 0000 0000 0000  ................
000323d0: 0800 0000 c76a d738 0534 8f38 4185 ea38  .....j.8.4.8A..8
000323e0: 2774 e938 171e aa38 dea8 1139 4545 1d39  't.8...8...9EE.9
000323f0: 1491 a338 1200 0000 7466 6c2e 7073 6575  ...8....tfl.pseu
00032400: 646f 5f71 636f 6e73 7434 0000 0100 0000  do_qconst4......
00032410: 0800 0000 9afc ffff 0000 0001 1400 0000  ................
00032420: 8800 0000 0a00 0000 0000 0009 9400 0000  ................
00032430: 84fc ffff 0800 0000 4c00 0000 0800 0000  ........L.......
00032440: 0000 0000 0000 0000 0000 0000 0000 0000  ................
00032450: 0000 0000 0000 0000 0000 0000 0000 0000  ................
00032460: 0000 0000 0000 0000 0000 0000 0000 0000  ................
00032470: 0000 0000 0000 0000 0000 0000 0000 0000  ................
00032480: 0000 0000 0800 0000 3870 ad3b 2534 1b3c  ........8p.;%4.<
00032490: d531 313b 0e78 cc3b 4629 e53b f43c d93b  .11;.x.;F).;.<.;
000324a0: d91c b03b 3213 003c 1200 0000 7466 6c2e  ...;2..<....tfl.
000324b0: 7073 6575 646f 5f71 636f 6e73 7433 0000  pseudo_qconst3..
000324c0: 0400 0000 0800 0000 0300 0000 0300 0000  ................
000324d0: 0800 0000 5afd ffff 0000 0001 1400 0000  ....Z...........
000324e0: 8400 0000 0900 0000 0000 0002 9000 0000  ................
000324f0: 44fd ffff 0800 0000 4800 0000 0800 0000  D.......H.......
00032500: 0000 0000 0000 0000 0000 0000 0000 0000  ................
00032510: 0000 0000 0000 0000 0000 0000 0000 0000  ................
00032520: 0000 0000 0000 0000 0000 0000 0000 0000  ................
00032530: 0000 0000 0000 0000 0000 0000 0000 0000  ................
00032540: 0800 0000 a288 2a39 bc9a 9839 243a ae38  ......*9...9$:.8
00032550: 6e0b 4939 c952 6139 9599 5539 cc29 2d39  n.I9.Ra9..U9.)-9
00032560: 31dc 7b39 1200 0000 7466 6c2e 7073 6575  1.{9....tfl.pseu
00032570: 646f 5f71 636f 6e73 7432 0000 0100 0000  do_qconst2......
00032580: 0800 0000 0afe ffff 0000 0001 1400 0000  ................
00032590: 3000 0000 0800 0000 0000 0009 3c00 0000  0...........<...
000325a0: f4fd ffff 0800 0000 1000 0000 0100 0000  ................
000325b0: 0000 0000 0000 0000 0100 0000 d951 b43b  .............Q.;
000325c0: 1200 0000 7466 6c2e 7073 6575 646f 5f71  ....tfl.pseudo_q
000325d0: 636f 6e73 7431 0000 0400 0000 0100 0000  const1..........
000325e0: 0300 0000 0300 0000 0800 0000 72fe ffff  ............r...
000325f0: 0000 0001 1400 0000 3000 0000 0700 0000  ........0.......
00032600: 0000 0002 3c00 0000 5cfe ffff 0800 0000  ....<...\.......
00032610: 1000 0000 0100 0000 0000 0000 0000 0000  ................
00032620: 0100 0000 0ff3 5a39 1100 0000 7466 6c2e  ......Z9....tfl.
00032630: 7073 6575 646f 5f71 636f 6e73 7400 0000  pseudo_qconst...
00032640: 0100 0000 0100 0000 cefe ffff 0000 0001  ................
00032650: 1400 0000 1400 0000 0600 0000 0000 0002  ................
00032660: 1c00 0000 10ff ffff 0f00 0000 6172 6974  ............arit
00032670: 682e 636f 6e73 7461 6e74 3400 0100 0000  h.constant4.....
00032680: 0200 0000 0aff ffff 0000 0001 1400 0000  ................
00032690: 1400 0000 0500 0000 0000 0002 1c00 0000  ................
000326a0: 4cff ffff 0f00 0000 6172 6974 682e 636f  L.......arith.co
000326b0: 6e73 7461 6e74 3300 0100 0000 0200 0000  nstant3.........
000326c0: 46ff ffff 0000 0001 1400 0000 1400 0000  F...............
000326d0: 0400 0000 0000 0002 1c00 0000 88ff ffff  ................
000326e0: 0f00 0000 6172 6974 682e 636f 6e73 7461  ....arith.consta
000326f0: 6e74 3200 0100 0000 0200 0000 82ff ffff  nt2.............
00032700: 0000 0001 1400 0000 1400 0000 0300 0000  ................
00032710: 0000 0002 1c00 0000 c4ff ffff 0f00 0000  ................
00032720: 6172 6974 682e 636f 6e73 7461 6e74 3100  arith.constant1.
00032730: 0100 0000 0200 0000 beff ffff 0000 0001  ................
00032740: 1800 0000 1800 0000 0200 0000 0000 0002  ................
00032750: 2000 0000 0400 0400 0400 0000 0e00 0000   ...............
00032760: 6172 6974 682e 636f 6e73 7461 6e74 0000  arith.constant..
00032770: 0100 0000 0400 0000 0000 1600 1c00 1800  ................
00032780: 1700 1000 0c00 0800 0000 0000 0000 0700  ................
00032790: 1600 0000 0000 0001 2000 0000 3c00 0000  ........ ...<...
000327a0: 0100 0000 0000 0009 3800 0000 0c00 0c00  ........8.......
000327b0: 0000 0000 0800 0400 0c00 0000 0800 0000  ................
000327c0: 1000 0000 0100 0000 f3ff ffff ffff ffff  ................
000327d0: 0100 0000 a7d0 073d 0100 0000 7a00 0000  .......=....z...
000327e0: 0200 0000 0100 0000 4000 0000 0500 0000  ........@.......
000327f0: 6800 0000 4c00 0000 2c00 0000 1800 0000  h...L...,.......
00032800: 0400 0000 b8ff ffff 1c00 0000 0200 0000  ................
00032810: 0000 001c c8ff ffff 0300 0000 0300 0000  ................
00032820: 0000 0003 d8ff ffff 6100 0000 0300 0000  ........a.......
00032830: 0000 0061 0c00 0c00 0b00 0000 0000 0400  ...a............
00032840: 0c00 0000 1600 0000 0000 0016 0c00 1000  ................
00032850: 0f00 0000 0800 0400 0c00 0000 0900 0000  ................
00032860: 0400 0000 0000 0009                      ........
