0.014260    -0.004726   0.98    0.00    0.00
-0.004243   0.009399    0.98    0.00    0.00
0.004874    0.013940    0.98    0.00    0.00
0.008757    -0.006948   0.98    0.00    0.00
0.006405    -0.013028   0.98    0.00    0.00
-0.004098   -0.014436   0.98    0.00    0.00
-0.005729   0.008492    0.98    0.00    0.00
-0.005105   0.012208    0.98    0.00    0.00
-0.012061   -0.005865   0.98    0.00    0.00
0.010620    -0.007211   0.98    0.00    0.00
-0.012818   0.006124    0.98    0.00    0.00
0.011237    0.007251    0.98    0.00    0.00
0.011591    0.004677    0.98    0.00    0.00
0.011464    0.001604    0.98    0.00    0.00
0.006093    -0.015618   0.98    0.00    0.00
-0.004998   0.013472    0.98    0.00    0.00
-0.005871   0.010311    0.98    0.00    0.00
-0.013924   0.000860    0.98    0.00    0.00
0.003658    0.009616    0.98    0.00    0.00
-0.001893   -0.015133   0.98    0.00    0.00
0.002944    -0.012691   0.98    0.00    0.00
-0.010977   0.005193    0.98    0.00    0.00
0.004425    0.009608    0.98    0.00    0.00
0.004564    -0.012628   0.98    0.00    0.00
-0.002644   0.016444    0.98    0.00    0.00
0.014849    -0.008884   0.98    0.00    0.00
0.001213    -0.014258   0.98    0.00    0.00
0.008831    -0.006256   0.98    0.00    0.00
0.015151    -0.000139   0.98    0.00    0.00
-0.014332   -0.001538   0.98    0.00    0.00
-0.001810   0.016220    0.98    0.00    0.00
0.007558    0.011410    0.98    0.00    0.00
0.016515    -0.000435   0.98    0.00    0.00
-0.014578   -0.000852   0.98    0.00    0.00
-0.015889   -0.001416   0.98    0.00    0.00
-0.009028   -0.007469   0.98    0.00    0.00
-0.011795   0.000370    0.98    0.00    0.00
-0.014185   -0.006501   0.98    0.00    0.00
-0.011366   -0.000582   0.98    0.00    0.00
-0.012981   0.008751    0.98    0.00    0.00
0.011729    0.010836    0.98    0.00    0.00
-0.012815   0.008821    0.98    0.00    0.00
0.013030    -0.004015   0.98    0.00    0.00
0.012096    -0.001422   0.98    0.00    0.00
0.013398    -0.008796   0.98    0.00    0.00
-0.004458   -0.008974   0.98    0.00    0.00
0.013156    -0.006925   0.98    0.00    0.00
-0.016541   -0.004258   0.98    0.00    0.00
0.006124    0.012911    0.98    0.00    0.00
0.003631    0.009759    0.98    0.00    0.00
0.000245    0.011129    0.98    0.00    0.00
-0.015350   -0.006790   0.98    0.00    0.00
0.005226    -0.015768   0.98    0.00    0.00
0.008624    -0.014069   0.98    0.00    0.00
-0.005492   -0.012389   0.98    0.00    0.00
0.012833    0.011016    0.98    0.00    0.00
-0.011892   -0.008452   0.98    0.00    0.00
-0.004566   -0.010776   0.98    0.00    0.00
-0.007306   0.007410    0.98    0.00    0.00
-0.003113   -0.009928   0.98    0.00    0.00
0.009332    -0.010620   0.98    0.00    0.00
-0.008446   -0.014546   0.98    0.00    0.00
-0.006418   0.012926    0.98    0.00    0.00
0.009848    0.003231    0.98    0.00    0.00
0.004496    -0.013744   0.98    0.00    0.00
-0.009958   -0.001960   0.98    0.00    0.00
-0.010098   -0.005577   0.98    0.00    0.00
0.012569    -0.004001   0.98    0.00    0.00
0.015711    -0.000676   0.98    0.00    0.00
-0.011679   0.012411    0.98    0.00    0.00
0.009940    -0.008575   0.98    0.00    0.00
0.000284    -0.011835   0.98    0.00    0.00
0.012624    0.011450    0.98    0.00    0.00
-0.012256   -0.003970   0.98    0.00    0.00
-0.003681   0.012859    0.98    0.00    0.00
0.013784    0.002016    0.98    0.00    0.00
0.000847    0.011769    0.98    0.00    0.00
-0.011288   -0.010660   0.98    0.00    0.00
0.012298    -0.007415   0.98    0.00    0.00
0.006741    -0.011732   0.98    0.00    0.00
0.010405    0.005401    0.98    0.00    0.00
0.007715    0.013565    0.98    0.00    0.00
0.004842    -0.011516   0.98    0.00    0.00
0.011944    0.010951    0.98    0.00    0.00
-0.012101   0.000183    0.98    0.00    0.00
0.001166    -0.014956   0.98    0.00    0.00
-0.015278   -0.008383   0.98    0.00    0.00
-0.006677   -0.014185   0.98    0.00    0.00
-0.017223   -0.002081   0.98    0.00    0.00
-0.006680   -0.015054   0.98    0.00    0.00
0.001932    0.016686    0.98    0.00    0.00
0.015408    -0.002507   0.98    0.00    0.00
0.004886    -0.008935   0.98    0.00    0.00
0.005633    -0.010342   0.98    0.00    0.00
-0.010835   -0.006385   0.98    0.00    0.00
-0.007758   0.008514    0.98    0.00    0.00
-0.013500   0.009189    0.98    0.00    0.00
0.016176    0.006075    0.98    0.00    0.00
-0.007658   -0.013634   0.98    0.00    0.00
-0.000563   -0.017169   0.98    0.00    0.00
-0.006321   -0.010302   0.98    0.00    0.00
0.000448    0.012807    0.98    0.00    0.00
-0.006293   0.009078    0.98    0.00    0.00
-0.002503   -0.016021   0.98    0.00    0.00
0.011216    -0.004990   0.98    0.00    0.00
0.005734    -0.015509   0.98    0.00    0.00
0.012074    0.000089    0.98    0.00    0.00
0.006871    -0.012325   0.98    0.00    0.00
0.007218    -0.011792   0.98    0.00    0.00
0.005413    -0.008474   0.98    0.00    0.00
0.010258    -0.002217   0.98    0.00    0.00
-0.006081   -0.009873   0.98    0.00    0.00
-0.006171   0.014293    0.98    0.00    0.00
0.010813    0.003432    0.98    0.00    0.00
0.007819    0.010183    0.98    0.00    0.00
-0.011272   -0.013313   0.98    0.00    0.00
-0.012699   0.000922    0.98    0.00    0.00
-0.010192   -0.005696   0.98    0.00    0.00
0.007604    0.008683    0.98    0.00    0.00
0.009079    -0.007547   0.98    0.00    0.00
0.001500    0.010823    0.98    0.00    0.00
-0.005687   0.009258    0.98    0.00    0.00
-0.010671   -0.008873   0.98    0.00    0.00
-0.012214   0.011754    0.98    0.00    0.00
0.004384    -0.013937   0.98    0.00    0.00
0.015125    -0.004384   0.98    0.00    0.00
-0.001461   0.010029    0.98    0.00    0.00
0.007088    0.007593    0.98    0.00    0.00
-0.001001   -0.012535   0.98    0.00    0.00
-0.005252   0.015710    0.98    0.00    0.00
0.013586    0.002702    0.98    0.00    0.00
-0.004237   0.016107    0.98    0.00    0.00
-0.008229   0.014809    0.98    0.00    0.00
-0.009619   0.014223    0.98    0.00    0.00
0.001173    -0.010652   0.98    0.00    0.00
0.011309    0.009719    0.98    0.00    0.00
-0.006596   -0.015705   0.98    0.00    0.00
0.010966    0.012554    0.98    0.00    0.00
0.015682    -0.003429   0.98    0.00    0.00
0.012013    -0.006507   0.98    0.00    0.00
0.005319    -0.015056   0.98    0.00    0.00
-0.001226   0.014317    0.98    0.00    0.00
-0.013232   0.000708    0.98    0.00    0.00
-0.014946   0.002549    0.98    0.00    0.00
0.008137    0.007914    0.98    0.00    0.00
0.012495    -0.006277   0.98    0.00    0.00
-0.015825   0.002023    0.98    0.00    0.00
0.004285    0.013593    0.98    0.00    0.00
0.005154    0.008980    0.98    0.00    0.00
-0.012852   -0.011299   0.98    0.00    0.00
0.003473    -0.016774   0.98    0.00    0.00
-0.012895   -0.000038   0.98    0.00    0.00
0.011296    -0.011132   0.98    0.00    0.00
0.013101    0.006183    0.98    0.00    0.00
-0.011120   0.003013    0.98    0.00    0.00
-0.013852   -0.000818   0.98    0.00    0.00
0.005574    0.013423    0.98    0.00    0.00
-0.000383   0.013544    0.98    0.00    0.00
-0.003095   -0.014241   0.98    0.00    0.00
-0.004541   -0.011755   0.98    0.00    0.00
0.008331    0.006297    0.98    0.00    0.00
-0.004901   -0.015398   0.98    0.00    0.00
0.000688    -0.015516   0.98    0.00    0.00
-0.012058   -0.001085   0.98    0.00    0.00
0.007099    0.011434    0.98    0.00    0.00
0.005201    0.008918    0.98    0.00    0.00
-0.010888   -0.001677   0.98    0.00    0.00
0.012969    0.004337    0.98    0.00    0.00
0.004039    -0.010000   0.98    0.00    0.00
-0.011700   -0.006692   0.98    0.00    0.00
-0.016107   -0.006323   0.98    0.00    0.00
-0.005794   0.011253    0.98    0.00    0.00
-0.016404   0.003806    0.98    0.00    0.00
0.012296    0.006736    0.98    0.00    0.00
-0.013516   -0.000905   0.98    0.00    0.00
0.008986    0.009412    0.98    0.00    0.00
0.017250    0.002011    0.98    0.00    0.00
0.014483    0.006400    0.98    0.00    0.00
0.007269    0.013839    0.98    0.00    0.00
0.016277    0.002763    0.98    0.00    0.00
-0.010092   -0.000557   0.98    0.00    0.00
0.012564    0.003441    0.98    0.00    0.00
0.005265    -0.009767   0.98    0.00    0.00
-0.008255   -0.005980   0.98    0.00    0.00
0.001252    0.011623    0.98    0.00    0.00
-0.011706   0.001382    0.98    0.00    0.00
-0.010804   0.011226    0.98    0.00    0.00
0.009853    -0.006688   0.98    0.00    0.00
-0.013680   -0.003311   0.98    0.00    0.00
-0.011406   0.007230    0.98    0.00    0.00
0.010948    0.013318    0.98    0.00    0.00
0.010847    -0.010970   0.98    0.00    0.00
0.007131    -0.012196   0.98    0.00    0.00
-0.015279   -0.002664   0.98    0.00    0.00
0.014765    0.006647    0.98    0.00    0.00
0.005263    -0.013129   0.98    0.00    0.00
-0.016832   0.001636    0.98    0.00    0.00
0.004621    -0.015944   0.98    0.00    0.00
0.009547    0.010849    0.98    0.00    0.00
0.013549    0.010982    0.98    0.00    0.00
0.012082    0.001003    0.98    0.00    0.00
-0.011572   0.006525    0.98    0.00    0.00
-0.012449   0.007657    0.98    0.00    0.00
-0.010347   -0.003581   0.98    0.00    0.00
-0.012807   -0.006116   0.98    0.00    0.00
0.013174    -0.001315   0.98    0.00    0.00
-0.006604   -0.011412   0.98    0.00    0.00
0.000583    0.014351    0.98    0.00    0.00
-0.000620   -0.014652   0.98    0.00    0.00
-0.007398   -0.009289   0.98    0.00    0.00
0.013635    0.008260    0.98    0.00    0.00
0.004834    -0.010884   0.98    0.00    0.00
-0.012552   -0.006285   0.98    0.00    0.00
0.012363    0.001544    0.98    0.00    0.00
0.003606    0.013158    0.98    0.00    0.00
0.014711    -0.006924   0.98    0.00    0.00
0.013814    -0.007207   0.98    0.00    0.00
0.008790    -0.008218   0.98    0.00    0.00
0.011597    -0.009965   0.98    0.00    0.00
0.000989    -0.015533   0.98    0.00    0.00
-0.008202   -0.009047   0.98    0.00    0.00
-0.010978   0.012718    0.98    0.00    0.00
0.007470    -0.012427   0.98    0.00    0.00
0.003705    -0.014138   0.98    0.00    0.00
-0.013472   0.010252    0.98    0.00    0.00
0.009704    0.008877    0.98    0.00    0.00
0.002984    0.012803    0.98    0.00    0.00
-0.014284   0.008236    0.98    0.00    0.00
-0.011175   -0.012150   0.98    0.00    0.00
0.002066    -0.010122   0.98    0.00    0.00
-0.011723   0.000158    0.98    0.00    0.00
0.012389    -0.011990   0.98    0.00    0.00
-0.013971   0.006651    0.98    0.00    0.00
-0.015692   0.002006    0.98    0.00    0.00
-0.007151   -0.014632   0.98    0.00    0.00
-0.013443   0.005680    0.98    0.00    0.00
-0.001543   -0.016420   0.98    0.00    0.00
0.007393    0.009498    0.98    0.00    0.00
-0.012872   -0.007998   0.98    0.00    0.00
0.012958    0.010022    0.98    0.00    0.00
-0.012924   0.002293    0.98    0.00    0.00
0.010763    0.008790    0.98    0.00    0.00
0.009710    -0.008437   0.98    0.00    0.00
0.014136    -0.002239   0.98    0.00    0.00
-0.015327   -0.004453   0.98    0.00    0.00
0.004656    -0.009046   0.98    0.00    0.00
-0.003518   -0.011316   0.98    0.00    0.00
0.001927    -0.016104   0.98    0.00    0.00
-0.006109   -0.010241   0.98    0.00    0.00
0.011632    0.004402    0.98    0.00    0.00
0.007726    0.008642    0.98    0.00    0.00
0.010615    -0.013807   0.98    0.00    0.00
0.001025    0.014954    0.98    0.00    0.00
0.007451    -0.011492   0.98    0.00    0.00
-0.010419   -0.013028   0.98    0.00    0.00
-0.010014   -0.010982   0.98    0.00    0.00
0.001186    0.011450    0.98    0.00    0.00
0.000502    -0.011402   0.98    0.00    0.00
0.005169    0.015907    0.98    0.00    0.00
-0.009487   0.006170    0.98    0.00    0.00
-0.011428   -0.005538   0.98    0.00    0.00
0.008194    -0.006315   0.98    0.00    0.00
0.007891    -0.012496   0.98    0.00    0.00
-0.009959   -0.009583   0.98    0.00    0.00
-0.010104   0.001154    0.98    0.00    0.00
0.000223    -0.016031   0.98    0.00    0.00
-0.014923   0.006140    0.98    0.00    0.00
-0.000885   0.010056    0.98    0.00    0.00
0.004224    -0.012815   0.98    0.00    0.00
-0.009363   0.008897    0.98    0.00    0.00
-0.010651   -0.006936   0.98    0.00    0.00
-0.008471   -0.012905   0.98    0.00    0.00
-0.011754   -0.008799   0.98    0.00    0.00
-0.016554   0.004633    0.98    0.00    0.00
-0.014193   -0.007783   0.98    0.00    0.00
0.013678    0.007798    0.98    0.00    0.00
0.001848    0.016168    0.98    0.00    0.00
0.009532    -0.003505   0.98    0.00    0.00
-0.012398   -0.007420   0.98    0.00    0.00
-0.004546   0.009162    0.98    0.00    0.00
0.012327    0.006587    0.98    0.00    0.00
0.009809    0.014375    0.98    0.00    0.00
-0.010675   0.007742    0.98    0.00    0.00
-0.011267   -0.001043   0.98    0.00    0.00
-0.012517   0.006597    0.98    0.00    0.00
-0.011292   -0.006944   0.98    0.00    0.00
-0.010484   0.007270    0.98    0.00    0.00
0.003680    -0.012173   0.98    0.00    0.00
-0.014770   -0.006054   0.98    0.00    0.00
0.010222    -0.012445   0.98    0.00    0.00
0.004606    -0.013536   0.98    0.00    0.00
-0.000060   0.010699    0.98    0.00    0.00
0.007346    -0.014037   0.98    0.00    0.00
0.012705    -0.006011   0.98    0.00    0.00
-0.009406   -0.006355   0.98    0.00    0.00
0.005092    0.013485    0.98    0.00    0.00
-0.015377   0.002272    0.98    0.00    0.00
-0.005286   0.016186    0.98    0.00    0.00
0.014226    -0.005385   0.98    0.00    0.00
-0.012037   -0.009963   0.98    0.00    0.00
-0.005093   -0.014349   0.98    0.00    0.00
-0.004492   -0.015199   0.98    0.00    0.00
-0.011368   0.001283    0.98    0.00    0.00
0.008981    -0.013533   0.98    0.00    0.00
0.004529    0.016877    0.98    0.00    0.00
-0.009749   0.005213    0.98    0.00    0.00
-0.010928   -0.011842   0.98    0.00    0.00
0.009674    0.004429    0.98    0.00    0.00
0.006513    -0.015336   0.98    0.00    0.00
0.009579    -0.003083   0.98    0.00    0.00
-0.016002   -0.003826   0.98    0.00    0.00
-0.008192   0.012581    0.98    0.00    0.00
0.001420    -0.010281   0.98    0.00    0.00
0.007436    -0.013452   0.98    0.00    0.00
-0.008490   -0.009455   0.98    0.00    0.00
0.000507    -0.012704   0.98    0.00    0.00
0.014141    -0.004932   0.98    0.00    0.00
0.000140    -0.016734   0.98    0.00    0.00
0.000732    -0.011762   0.98    0.00    0.00
-0.011992   -0.008783   0.98    0.00    0.00
0.013324    0.009720    0.98    0.00    0.00
0.012285    -0.009478   0.98    0.00    0.00
-0.013149   0.010724    0.98    0.00    0.00
0.015587    0.006450    0.98    0.00    0.00
-0.001549   -0.015098   0.98    0.00    0.00
-0.005576   -0.014234   0.98    0.00    0.00
0.000188    -0.015847   0.98    0.00    0.00
-0.012438   -0.012044   0.98    0.00    0.00
-0.005261   0.014902    0.98    0.00    0.00
-0.008105   0.011385    0.98    0.00    0.00
-0.010570   -0.001482   0.98    0.00    0.00
-0.004048   0.015084    0.98    0.00    0.00
0.011930    -0.007148   0.98    0.00    0.00
-0.015971   0.001792    0.98    0.00    0.00
-0.017229   -0.000114   0.98    0.00    0.00
-0.008891   0.007563    0.98    0.00    0.00
0.004034    -0.014361   0.98    0.00    0.00
-0.004331   0.011617    0.98    0.00    0.00
-0.014308   -0.001067   0.98    0.00    0.00
-0.000004   -0.015619   0.98    0.00    0.00
-0.009416   -0.006075   0.98    0.00    0.00
0.007885    -0.009683   0.98    0.00    0.00
0.011148    -0.010946   0.98    0.00    0.00
0.013147    -0.011330   0.98    0.00    0.00
0.013877    -0.005017   0.98    0.00    0.00
-0.000188   -0.010685   0.98    0.00    0.00
-0.012803   -0.011325   0.98    0.00    0.00
-0.002928   -0.010690   0.98    0.00    0.00
-0.009438   -0.013868   0.98    0.00    0.00
0.016600    0.000226    0.98    0.00    0.00
-0.000278   -0.015486   0.98    0.00    0.00
0.010459    0.011715    0.98    0.00    0.00
0.005260    0.016059    0.98    0.00    0.00
-0.009511   -0.006222   0.98    0.00    0.00
0.008752    0.010413    0.98    0.00    0.00
0.011260    -0.001775   0.98    0.00    0.00
0.010419    0.009503    0.98    0.00    0.00
0.013916    -0.001564   0.98    0.00    0.00
-0.004001   -0.015981   0.98    0.00    0.00
0.008526    0.014806    0.98    0.00    0.00
-0.012685   0.010334    0.98    0.00    0.00
-0.011108   -0.004591   0.98    0.00    0.00
-0.011819   0.000258    0.98    0.00    0.00
-0.011144   0.010328    0.98    0.00    0.00
0.014758    -0.009245   0.98    0.00    0.00
-0.014689   -0.000920   0.98    0.00    0.00
0.005606    0.013102    0.98    0.00    0.00
0.012330    -0.001419   0.98    0.00    0.00
0.011323    0.002398    0.98    0.00    0.00
-0.011930   -0.006593   0.98    0.00    0.00
-0.012201   0.010533    0.98    0.00    0.00
0.010543    0.000774    0.98    0.00    0.00
-0.009294   -0.008988   0.98    0.00    0.00
-0.002257   0.013039    0.98    0.00    0.00
0.010709    0.008279    0.98    0.00    0.00
-0.010535   0.005284    0.98    0.00    0.00
0.005942    0.009064    0.98    0.00    0.00
-0.012535   -0.001306   0.98    0.00    0.00
-0.012078   -0.011106   0.98    0.00    0.00
-0.012115   -0.000224   0.98    0.00    0.00
0.004377    0.010453    0.98    0.00    0.00
0.003601    -0.012057   0.98    0.00    0.00
0.013272    -0.005373   0.98    0.00    0.00
0.001928    0.016567    0.98    0.00    0.00
-0.011985   0.006097    0.98    0.00    0.00
-0.011072   -0.006173   0.98    0.00    0.00
-0.015428   0.002401    0.98    0.00    0.00
-0.002161   -0.016088   0.98    0.00    0.00
-0.007672   0.014650    0.98    0.00    0.00
-0.006906   0.014317    0.98    0.00    0.00
0.009338    0.012592    0.98    0.00    0.00
-0.010234   0.005430    0.98    0.00    0.00
0.008317    0.009251    0.98    0.00    0.00
-0.003896   0.011993    0.98    0.00    0.00
0.010885    0.000441    0.98    0.00    0.00
0.008908    -0.008225   0.98    0.00    0.00
0.008462    -0.009546   0.98    0.00    0.00
-0.010279   -0.011094   0.98    0.00    0.00
-0.017055   0.000639    0.98    0.00    0.00
-0.011720   0.010676    0.98    0.00    0.00
0.016881    0.004260    0.98    0.00    0.00
0.009519    -0.014035   0.98    0.00    0.00
0.003666    0.015076    0.98    0.00    0.00
0.012611    -0.011081   0.98    0.00    0.00
0.008165    0.010418    0.98    0.00    0.00
-0.013855   0.000254    0.98    0.00    0.00
-0.002038   0.015028    0.98    0.00    0.00
-0.011680   0.003601    0.98    0.00    0.00
0.006245    -0.010316   0.98    0.00    0.00
-0.008638   0.008746    0.98    0.00    0.00
0.005104    0.015478    0.98    0.00    0.00
-0.010919   0.007042    0.98    0.00    0.00
0.011869    0.004798    0.98    0.00    0.00
-0.005894   0.013288    0.98    0.00    0.00
-0.005788   0.012469    0.98    0.00    0.00
-0.007968   0.014367    0.98    0.00    0.00
0.010986    0.013542    0.98    0.00    0.00
0.014213    -0.006878   0.98    0.00    0.00
0.005325    -0.012300   0.98    0.00    0.00
-0.002618   -0.012134   0.98    0.00    0.00
-0.013389   -0.005661   0.98    0.00    0.00
-0.007850   -0.006990   0.98    0.00    0.00
0.003113    0.012773    0.98    0.00    0.00
0.009057    0.009086    0.98    0.00    0.00
0.015516    -0.006435   0.98    0.00    0.00
0.010863    0.006079    0.98    0.00    0.00
0.014400    0.000747    0.98    0.00    0.00
0.016921    0.000631    0.98    0.00    0.00
-0.005017   0.013583    0.98    0.00    0.00
0.014174    -0.008993   0.98    0.00    0.00
-0.015237   0.005798    0.98    0.00    0.00
-0.002032   0.014166    0.98    0.00    0.00
0.012651    0.006835    0.98    0.00    0.00
0.008922    -0.005058   0.98    0.00    0.00
-0.001778   0.012211    0.98    0.00    0.00
0.011090    -0.012235   0.98    0.00    0.00
-0.008900   0.009500    0.98    0.00    0.00
0.002158    0.012449    0.98    0.00    0.00
-0.012171   -0.005163   0.98    0.00    0.00
0.002503    -0.015022   0.98    0.00    0.00
0.013643    -0.001608   0.98    0.00    0.00
0.000356    0.013627    0.98    0.00    0.00
0.012043    -0.006998   0.98    0.00    0.00
0.011959    -0.010617   0.98    0.00    0.00
0.007700    -0.008598   0.98    0.00    0.00
-0.010347   -0.007962   0.98    0.00    0.00
-0.009784   -0.014179   0.98    0.00    0.00
0.000420    -0.014987   0.98    0.00    0.00
0.000219    0.016784    0.98    0.00    0.00
-0.013150   -0.010200   0.98    0.00    0.00
-0.011835   -0.010736   0.98    0.00    0.00
0.015000    -0.001119   0.98    0.00    0.00
0.012572    -0.004325   0.98    0.00    0.00
-0.002625   -0.009921   0.98    0.00    0.00
-0.013535   0.005731    0.98    0.00    0.00
-0.011844   -0.011008   0.98    0.00    0.00
-0.006557   0.011510    0.98    0.00    0.00
0.009853    -0.002393   0.98    0.00    0.00
-0.005823   0.013075    0.98    0.00    0.00
0.001396    0.011210    0.98    0.00    0.00
0.013204    -0.009734   0.98    0.00    0.00
0.006355    -0.007737   0.98    0.00    0.00
-0.007486   0.008341    0.98    0.00    0.00
-0.002501   -0.013207   0.98    0.00    0.00
0.009330    0.011180    0.98    0.00    0.00
0.014328    0.009897    0.98    0.00    0.00
0.001557    0.011659    0.98    0.00    0.00
-0.000608   0.011534    0.98    0.00    0.00
-0.006824   0.010919    0.98    0.00    0.00
0.012609    0.007352    0.98    0.00    0.00
-0.016802   -0.001849   0.98    0.00    0.00
-0.010379   0.010578    0.98    0.00    0.00
0.016601    -0.005411   0.98    0.00    0.00
-0.004907   0.016664    0.98    0.00    0.00
-0.014089   -0.010074   0.98    0.00    0.00
-0.014675   0.006141    0.98    0.00    0.00
-0.010654   0.001242    0.98    0.00    0.00
0.000081    -0.012336   0.98    0.00    0.00
0.001766    -0.011640   0.98    0.00    0.00
-0.005215   0.010546    0.98    0.00    0.00
-0.007349   -0.010594   0.98    0.00    0.00
0.000802    -0.013648   0.98    0.00    0.00
-0.000493   -0.013381   0.98    0.00    0.00
-0.011125   -0.006771   0.98    0.00    0.00
0.002312    -0.015897   0.98    0.00    0.00
0.000108    0.014184    0.98    0.00    0.00
0.007425    0.008280    0.98    0.00    0.00
-0.005890   -0.010980   0.98    0.00    0.00
0.010621    -0.000776   0.98    0.00    0.00
0.012506    -0.000839   0.98    0.00    0.00
0.000927    -0.015477   0.98    0.00    0.00
0.014485    0.009814    0.98    0.00    0.00
-0.011416   -0.006381   0.98    0.00    0.00
-0.010275   0.012869    0.98    0.00    0.00
-0.001164   -0.014384   0.98    0.00    0.00
-0.015160   -0.008554   0.98    0.00    0.00
0.009862    -0.002522   0.98    0.00    0.00
0.015703    -0.001114   0.98    0.00    0.00
-0.008337   -0.006368   0.98    0.00    0.00
0.014381    -0.009225   0.98    0.00    0.00
0.011168    -0.010680   0.98    0.00    0.00
0.012163    -0.004723   0.98    0.00    0.00
-0.015709   -0.004534   0.98    0.00    0.00
-0.015165   0.005932    0.98    0.00    0.00
-0.002557   -0.013760   0.98    0.00    0.00
0.006776    -0.011274   0.98    0.00    0.00
0.009663    -0.005710   0.98    0.00    0.00
-0.003326   -0.016703   0.98    0.00    0.00
-0.012847   -0.008053   0.98    0.00    0.00
-0.009497   0.004512    0.98    0.00    0.00
-0.012677   -0.006610   0.98    0.00    0.00
0.009224    0.010916    0.98    0.00    0.00
0.003217    0.010634    0.98    0.00    0.00
0.013063    0.004417    0.98    0.00    0.00
-0.014475   -0.001331   0.98    0.00    0.00
-0.015199   -0.005835   0.98    0.00    0.00
-0.008252   -0.008840   0.98    0.00    0.00
-0.014127   -0.000619   0.98    0.00    0.00
0.004511    0.014758    0.98    0.00    0.00
0.015042    0.003456    0.98    0.00    0.00
-0.003039   -0.015219   0.98    0.00    0.00
0.012264    -0.001142   0.98    0.00    0.00
0.000773    -0.012280   0.98    0.00    0.00
-0.015027   -0.002874   0.98    0.00    0.00
-0.006263   0.011095    0.98    0.00    0.00
0.009362    0.003903    0.98    0.00    0.00
0.013572    0.004635    0.98    0.00    0.00
0.011218    -0.000160   0.98    0.00    0.00
-0.003989   0.009733    0.98    0.00    0.00
0.007544    -0.007908   0.98    0.00    0.00
-0.009070   0.012080    0.98    0.00    0.00
-0.009386   0.006561    0.98    0.00    0.00
-0.008548   -0.012993   0.98    0.00    0.00
-0.004233   0.016901    0.98    0.00    0.00
-0.005443   -0.015538   0.98    0.00    0.00
0.010175    0.004074    0.98    0.00    0.00
0.008392    0.010306    0.98    0.00    0.00
-0.009272   -0.010712   0.98    0.00    0.00
0.014847    0.002399    0.98    0.00    0.00
0.003493    -0.016307   0.98    0.00    0.00
0.002201    0.015435    0.98    0.00    0.00
-0.005073   0.013350    0.98    0.00    0.00
-0.012090   -0.000223   0.98    0.00    0.00
-0.010787   0.003054    0.98    0.00    0.00
0.004864    -0.013360   0.98    0.00    0.00
-0.003279   0.014471    0.98    0.00    0.00
0.001086    0.012827    0.98    0.00    0.00
0.014286    0.004763    0.98    0.00    0.00
-0.008073   -0.012143   0.98    0.00    0.00
-0.015294   0.004211    0.98    0.00    0.00
0.004441    0.015358    0.98    0.00    0.00
-0.004002   0.012605    0.98    0.00    0.00
-0.001326   0.012617    0.98    0.00    0.00
0.015362    -0.006459   0.98    0.00    0.00
-0.014819   -0.001680   0.98    0.00    0.00
-0.004112   0.014427    0.98    0.00    0.00
0.003728    -0.012428   0.98    0.00    0.00
0.010146    -0.013335   0.98    0.00    0.00
0.010084    0.004480    0.98    0.00    0.00
0.008579    -0.008515   0.98    0.00    0.00
0.016205    -0.002549   0.98    0.00    0.00
-0.009863   0.009206    0.98    0.00    0.00
0.016838    -0.004512   0.98    0.00    0.00
-0.014599   0.008437    0.98    0.00    0.00
0.010928    0.012057    0.98    0.00    0.00
-0.011953   0.011828    0.98    0.00    0.00
0.003736    -0.016216   0.98    0.00    0.00
-0.001754   0.012435    0.98    0.00    0.00
0.011561    -0.005928   0.98    0.00    0.00
0.011273    -0.004761   0.98    0.00    0.00
-0.001680   0.016648    0.98    0.00    0.00
-0.001222   0.012699    0.98    0.00    0.00
-0.008561   0.008470    0.98    0.00    0.00
0.007360    -0.008829   0.98    0.00    0.00
0.013209    0.004991    0.98    0.00    0.00
-0.012261   -0.005033   0.98    0.00    0.00
0.005011    -0.016043   0.98    0.00    0.00
-0.014522   -0.000639   0.98    0.00    0.00
0.010060    -0.010144   0.98    0.00    0.00
-0.013512   0.004363    0.98    0.00    0.00
0.011602    0.005514    0.98    0.00    0.00
-0.010425   -0.000371   0.98    0.00    0.00
-0.008507   0.009323    0.98    0.00    0.00
0.016800    -0.004285   0.98    0.00    0.00
0.016765    -0.004410   0.98    0.00    0.00
0.002935    -0.015738   0.98    0.00    0.00
-0.006521   0.014183    0.98    0.00    0.00
-0.012194   -0.004380   0.98    0.00    0.00
0.001252    0.011980    0.98    0.00    0.00
0.010597    0.008664    0.98    0.00    0.00
0.003212    -0.013673   0.98    0.00    0.00
0.015948    -0.006009   0.98    0.00    0.00
-0.015407   -0.001290   0.98    0.00    0.00
0.002140    -0.012113   0.98    0.00    0.00
-0.007540   0.011039    0.98    0.00    0.00
-0.011523   -0.004746   0.98    0.00    0.00
-0.015942   -0.001055   0.98    0.00    0.00
0.011146    -0.001971   0.98    0.00    0.00
-0.004154   0.015695    0.98    0.00    0.00
-0.003673   0.012944    0.98    0.00    0.00
0.009898    0.007453    0.98    0.00    0.00
-0.016482   0.005871    0.98    0.00    0.00
-0.007781   0.010227    0.98    0.00    0.00
-0.007221   0.011754    0.98    0.00    0.00
0.016581    0.005580    0.98    0.00    0.00
-0.005313   -0.014089   0.98    0.00    0.00
0.014913    0.004895    0.98    0.00    0.00
-0.003352   -0.010678   0.98    0.00    0.00
-0.014105   -0.000893   0.98    0.00    0.00
0.001908    -0.013562   0.98    0.00    0.00
-0.006764   0.007893    0.98    0.00    0.00
0.011575    0.009492    0.98    0.00    0.00
0.004010    -0.012330   0.98    0.00    0.00
0.009427    0.013557    0.98    0.00    0.00
-0.011953   -0.003139   0.98    0.00    0.00
-0.011549   -0.009073   0.98    0.00    0.00
-0.017023   0.001011    0.98    0.00    0.00
0.001317    -0.012686   0.98    0.00    0.00
0.013417    0.008915    0.98    0.00    0.00
0.002002    0.011817    0.98    0.00    0.00
0.010400    0.000095    0.98    0.00    0.00
-0.002568   0.016538    0.98    0.00    0.00
-0.001549   0.015979    0.98    0.00    0.00
-0.004561   -0.014347   0.98    0.00    0.00
0.010931    0.001446    0.98    0.00    0.00
0.012812    -0.000383   0.98    0.00    0.00
-0.012257   -0.011532   0.98    0.00    0.00
0.008612    -0.011579   0.98    0.00    0.00
0.014606    -0.002246   0.98    0.00    0.00
-0.010038   -0.007675   0.98    0.00    0.00
-0.003673   0.013306    0.98    0.00    0.00
-0.006602   0.015478    0.98    0.00    0.00
0.012971    -0.004158   0.98    0.00    0.00
0.013045    0.008485    0.98    0.00    0.00
0.007113    0.012256    0.98    0.00    0.00
0.006739    -0.009940   0.98    0.00    0.00
-0.008663   0.014615    0.98    0.00    0.00
-0.009181   -0.004611   0.98    0.00    0.00
-0.014527   0.000826    0.98    0.00    0.00
-0.000869   0.015950    0.98    0.00    0.00
0.014546    0.000645    0.98    0.00    0.00
0.009955    -0.005813   0.98    0.00    0.00
-0.016519   0.004728    0.98    0.00    0.00
0.016249    0.001582    0.98    0.00    0.00
-0.005694   -0.016034   0.98    0.00    0.00
-0.011702   0.009096    0.98    0.00    0.00
0.009416    0.003997    0.98    0.00    0.00
-0.014216   0.009516    0.98    0.00    0.00
-0.000724   0.011958    0.98    0.00    0.00
-0.009959   0.005875    0.98    0.00    0.00
-0.010474   -0.008438   0.98    0.00    0.00
-0.003898   0.012145    0.98    0.00    0.00
0.013548    0.005528    0.98    0.00    0.00
0.016716    0.001639    0.98    0.00    0.00
-0.006389   -0.013151   0.98    0.00    0.00
-0.016113   -0.001759   0.98    0.00    0.00
0.002734    -0.009696   0.98    0.00    0.00
0.008672    0.011784    0.98    0.00    0.00
-0.007873   0.013450    0.98    0.00    0.00
0.009216    0.007862    0.98    0.00    0.00
-0.011281   -0.010115   0.98    0.00    0.00
0.016761    0.002606    0.98    0.00    0.00
-0.005055   0.015497    0.98    0.00    0.00
0.001502    -0.012180   0.98    0.00    0.00
-0.010643   -0.006102   0.98    0.00    0.00
0.008194    0.013726    0.98    0.00    0.00
0.008980    -0.010159   0.98    0.00    0.00
-0.015022   -0.008438   0.98    0.00    0.00
0.011267    -0.005951   0.98    0.00    0.00
-0.014209   -0.000500   0.98    0.00    0.00
0.001944    -0.014608   0.98    0.00    0.00
0.015976    0.003706    0.98    0.00    0.00
0.002744    -0.016821   0.98    0.00    0.00
0.007069    -0.009814   0.98    0.00    0.00
-0.010291   -0.005088   0.98    0.00    0.00
0.007722    -0.008591   0.98    0.00    0.00
0.011998    -0.009933   0.98    0.00    0.00
0.013969    0.009405    0.98    0.00    0.00
-0.013737   -0.003472   0.98    0.00    0.00
-0.002482   0.016736    0.98    0.00    0.00
-0.003225   -0.011672   0.98    0.00    0.00
0.008838    -0.005170   0.98    0.00    0.00
-0.012840   -0.010969   0.98    0.00    0.00
0.003908    -0.010260   0.98    0.00    0.00
0.008343    -0.014220   0.98    0.00    0.00
0.000033    -0.015872   0.98    0.00    0.00
0.007242    -0.008030   0.98    0.00    0.00
-0.013714   -0.007068   0.98    0.00    0.00
-0.010587   0.003670    0.98    0.00    0.00
0.016279    0.000387    0.98    0.00    0.00
0.013156    0.003519    0.98    0.00    0.00
-0.008137   0.011543    0.98    0.00    0.00
-0.006045   0.016269    0.98    0.00    0.00
-0.010464   -0.006256   0.98    0.00    0.00
-0.013197   -0.000496   0.98    0.00    0.00
0.007082    -0.009295   0.98    0.00    0.00
0.003323    0.016982    0.98    0.00    0.00
-0.009818   0.006917    0.98    0.00    0.00
-0.016242   0.005893    0.98    0.00    0.00
0.003024    -0.014479   0.98    0.00    0.00
-0.005576   0.016566    0.98    0.00    0.00
0.014637    0.008093    0.98    0.00    0.00
0.003822    -0.009558   0.98    0.00    0.00
0.013801    0.009675    0.98    0.00    0.00
0.008152    0.012165    0.98    0.00    0.00
-0.006901   0.008955    0.98    0.00    0.00
-0.007170   -0.009661   0.98    0.00    0.00
-0.004799   -0.012665   0.98    0.00    0.00
0.016602    0.005045    0.98    0.00    0.00
-0.011084   0.013426    0.98    0.00    0.00
-0.000850   0.015845    0.98    0.00    0.00
0.012087    -0.002631   0.98    0.00    0.00
0.005674    0.011787    0.98    0.00    0.00
0.010214    -0.002028   0.98    0.00    0.00
-0.009016   -0.009493   0.98    0.00    0.00
0.009043    0.008642    0.98    0.00    0.00
0.002988    -0.015521   0.98    0.00    0.00
-0.008594   -0.006867   0.98    0.00    0.00
0.007791    -0.007344   0.98    0.00    0.00
0.013858    -0.000964   0.98    0.00    0.00
-0.015972   0.006983    0.98    0.00    0.00
0.003798    0.013393    0.98    0.00    0.00
-0.014287   0.002506    0.98    0.00    0.00
0.008632    -0.010624   0.98    0.00    0.00
0.012173    -0.010939   0.98    0.00    0.00
-0.015084   0.003859    0.98    0.00    0.00
0.010771    0.013657    0.98    0.00    0.00
0.017223    -0.002963   0.98    0.00    0.00
-0.007613   0.009562    0.98    0.00    0.00
0.000658    -0.013436   0.98    0.00    0.00
0.010807    -0.001258   0.98    0.00    0.00
0.000865    -0.013470   0.98    0.00    0.00
0.002316    -0.013247   0.98    0.00    0.00
-0.013093   0.008842    0.98    0.00    0.00
0.004768    0.013972    0.98    0.00    0.00
-0.015709   0.006514    0.98    0.00    0.00
-0.007779   -0.013285   0.98    0.00    0.00
0.007275    -0.013722   0.98    0.00    0.00
-0.001395   -0.012605   0.98    0.00    0.00
0.010885    0.011324    0.98    0.00    0.00
0.013675    -0.002027   0.98    0.00    0.00
0.012288    0.009499    0.98    0.00    0.00
0.014092    0.000069    0.98    0.00    0.00
-0.009430   -0.004274   0.98    0.00    0.00
-0.003118   -0.010571   0.98    0.00    0.00
0.013668    0.009500    0.98    0.00    0.00
-0.002592   -0.011079   0.98    0.00    0.00
0.000219    -0.013627   0.98    0.00    0.00
-0.010271   0.001119    0.98    0.00    0.00
-0.016569   0.003727    0.98    0.00    0.00
-0.006475   -0.015044   0.98    0.00    0.00
0.011131    -0.009884   0.98    0.00    0.00
-0.009069   0.009659    0.98    0.00    0.00
-0.010601   0.008413    0.98    0.00    0.00
-0.004638   -0.013969   0.98    0.00    0.00
-0.015049   -0.004553   0.98    0.00    0.00
0.015339    -0.002892   0.98    0.00    0.00
-0.012009   0.011191    0.98    0.00    0.00
0.006824    0.013329    0.98    0.00    0.00
0.013331    0.000787    0.98    0.00    0.00
0.006838    -0.012858   0.98    0.00    0.00
0.001429    0.011397    0.98    0.00    0.00
0.013118    0.009827    0.98    0.00    0.00
-0.010244   0.008459    0.98    0.00    0.00
-0.012615   0.003517    0.98    0.00    0.00
-0.013792   -0.001027   0.98    0.00    0.00
0.010755    0.009823    0.98    0.00    0.00
-0.016819   0.003950    0.98    0.00    0.00
0.006091    0.010461    0.98    0.00    0.00
-0.003784   0.013339    0.98    0.00    0.00
0.003842    -0.015577   0.98    0.00    0.00
0.008565    0.011757    0.98    0.00    0.00
0.015605    -0.001532   0.98    0.00    0.00
0.014427    0.009009    0.98    0.00    0.00
0.009614    -0.013063   0.98    0.00    0.00
0.013266    -0.004977   0.98    0.00    0.00
0.006412    0.009275    0.98    0.00    0.00
-0.011446   -0.012060   0.98    0.00    0.00
-0.003580   -0.015500   0.98    0.00    0.00
-0.012206   -0.011484   0.98    0.00    0.00
-0.012204   0.004938    0.98    0.00    0.00
-0.012914   0.001172    0.98    0.00    0.00
0.001759    0.010873    0.98    0.00    0.00
0.007561    0.009893    0.98    0.00    0.00
0.012702    -0.004568   0.98    0.00    0.00
0.008904    0.006564    0.98    0.00    0.00
0.012174    0.009712    0.98    0.00    0.00
0.013304    0.008737    0.98    0.00    0.00
0.011527    -0.011279   0.98    0.00    0.00
-0.011816   0.000110    0.98    0.00    0.00
0.009367    -0.013627   0.98    0.00    0.00
0.009049    0.011965    0.98    0.00    0.00
0.006253    -0.014029   0.98    0.00    0.00
0.003706    -0.011454   0.98    0.00    0.00
0.010177    0.006247    0.98    0.00    0.00
0.005704    -0.015576   0.98    0.00    0.00
-0.001485   -0.016158   0.98    0.00    0.00
-0.005025   0.013670    0.98    0.00    0.00
-0.007983   0.013729    0.98    0.00    0.00
0.012727    0.003416    0.98    0.00    0.00
0.004057    -0.014987   0.98    0.00    0.00
-0.010117   -0.014107   0.98    0.00    0.00
-0.009849   0.007059    0.98    0.00    0.00
0.000685    0.011285    0.98    0.00    0.00
-0.009783   -0.008689   0.98    0.00    0.00
0.011913    0.007681    0.98    0.00    0.00
-0.010832   0.006074    0.98    0.00    0.00
-0.006227   -0.015666   0.98    0.00    0.00
0.010814    -0.009524   0.98    0.00    0.00
0.003502    -0.016070   0.98    0.00    0.00
0.008509    -0.014001   0.98    0.00    0.00
0.006940    -0.015612   0.98    0.00    0.00
0.010759    -0.004370   0.98    0.00    0.00
-0.006398   0.012457    0.98    0.00    0.00
0.006808    -0.014590   0.98    0.00    0.00
0.005300    -0.012237   0.98    0.00    0.00
-0.012227   -0.001227   0.98    0.00    0.00
0.015053    0.007620    0.98    0.00    0.00
-0.012235   0.003254    0.98    0.00    0.00
-0.004706   -0.009813   0.98    0.00    0.00
-0.015140   0.006054    0.98    0.00    0.00
0.013701    -0.009824   0.98    0.00    0.00
-0.000722   0.017364    0.98    0.00    0.00
0.013783    0.009902    0.98    0.00    0.00
-0.013370   -0.005864   0.98    0.00    0.00
-0.009932   -0.010749   0.98    0.00    0.00
-0.009408   0.010535    0.98    0.00    0.00
-0.007172   -0.013499   0.98    0.00    0.00
0.003814    0.015632    0.98    0.00    0.00
0.010105    0.012207    0.98    0.00    0.00
-0.008386   0.012777    0.98    0.00    0.00
0.013239    -0.003837   0.98    0.00    0.00
0.005926    0.015976    0.98    0.00    0.00
0.010303    0.010478    0.98    0.00    0.00
-0.015275   0.001738    0.98    0.00    0.00
-0.016661   0.003752    0.98    0.00    0.00
-0.002549   0.011008    0.98    0.00    0.00
0.009317    -0.011805   0.98    0.00    0.00
0.006032    0.015318    0.98    0.00    0.00
-0.011263   -0.006078   0.98    0.00    0.00
0.010782    0.013783    0.98    0.00    0.00
0.012685    0.009304    0.98    0.00    0.00
0.000427    0.011149    0.98    0.00    0.00
0.004679    0.014321    0.98    0.00    0.00
-0.002650   -0.015201   0.98    0.00    0.00
-0.008117   -0.008359   0.98    0.00    0.00
-0.013845   0.002919    0.98    0.00    0.00
0.003078    0.014625    0.98    0.00    0.00
0.000267    -0.012720   0.98    0.00    0.00
-0.009852   0.012186    0.98    0.00    0.00
-0.013720   -0.006895   0.98    0.00    0.00
-0.001206   -0.016436   0.98    0.00    0.00
-0.007124   0.008833    0.98    0.00    0.00
-0.015939   -0.004843   0.98    0.00    0.00
0.003742    -0.016983   0.98    0.00    0.00
0.014294    0.004648    0.98    0.00    0.00
0.016380    -0.003055   0.98    0.00    0.00
-0.011226   -0.006085   0.98    0.00    0.00
-0.010653   0.011151    0.98    0.00    0.00
0.011386    0.002127    0.98    0.00    0.00
-0.015104   0.001862    0.98    0.00    0.00
0.001434    -0.016173   0.98    0.00    0.00
-0.007554   -0.013912   0.98    0.00    0.00
0.015969    0.006283    0.98    0.00    0.00
-0.006665   0.016177    0.98    0.00    0.00
-0.012849   0.005914    0.98    0.00    0.00
0.003789    -0.010340   0.98    0.00    0.00
0.009043    0.010865    0.98    0.00    0.00
-0.000942   -0.017172   0.98    0.00    0.00
-0.014878   0.003296    0.98    0.00    0.00
0.001071    -0.014515   0.98    0.00    0.00
-0.010217   -0.013847   0.98    0.00    0.00
-0.011664   -0.012580   0.98    0.00    0.00
-0.014039   -0.005383   0.98    0.00    0.00
0.002396    -0.013587   0.98    0.00    0.00
-0.009666   -0.004144   0.98    0.00    0.00
-0.005502   0.008724    0.98    0.00    0.00
0.007762    0.013701    0.98    0.00    0.00
-0.010853   -0.011743   0.98    0.00    0.00
0.013155    0.009834    0.98    0.00    0.00
0.010803    0.006151    0.98    0.00    0.00
0.007497    -0.014128   0.98    0.00    0.00
0.002252    -0.016057   0.98    0.00    0.00
0.001816    0.014088    0.98    0.00    0.00
0.015301    0.001644    0.98    0.00    0.00
-0.007505   0.012255    0.98    0.00    0.00
-0.008908   0.014281    0.98    0.00    0.00
0.002239    -0.016611   0.98    0.00    0.00
0.010209    -0.010268   0.98    0.00    0.00
0.005319    -0.014534   0.98    0.00    0.00
0.014718    -0.000742   0.98    0.00    0.00
0.001377    0.013476    0.98    0.00    0.00
0.010150    0.008594    0.98    0.00    0.00
0.007480    -0.009003   0.98    0.00    0.00
-0.014374   0.006622    0.98    0.00    0.00
-0.002726   -0.010427   0.98    0.00    0.00
0.006039    -0.013848   0.98    0.00    0.00
0.005413    0.011450    0.98    0.00    0.00
-0.014371   0.002399    0.98    0.00    0.00
-0.004101   0.011466    0.98    0.00    0.00
0.013932    -0.004220   0.98    0.00    0.00
-0.003582   0.015046    0.98    0.00    0.00
0.014013    -0.002368   0.98    0.00    0.00
-0.008535   0.008392    0.98    0.00    0.00
0.016395    0.001699    0.98    0.00    0.00
-0.013223   0.000046    0.98    0.00    0.00
0.017373    0.001035    0.98    0.00    0.00
-0.012626   -0.004996   0.98    0.00    0.00
0.010999    0.001259    0.98    0.00    0.00
0.014160    -0.009333   0.98    0.00    0.00
0.011162    0.003919    0.98    0.00    0.00
-0.010435   -0.000494   0.98    0.00    0.00
0.014857    0.009161    0.98    0.00    0.00
0.004325    -0.009121   0.98    0.00    0.00
0.000004    0.013955    0.98    0.00    0.00
0.005395    0.011146    0.98    0.00    0.00
0.010468    0.011153    0.98    0.00    0.00
0.011223    0.010523    0.98    0.00    0.00
-0.009547   0.003672    0.98    0.00    0.00
-0.006554   -0.010892   0.98    0.00    0.00
-0.005030   0.014371    0.98    0.00    0.00
-0.006318   -0.015678   0.98    0.00    0.00
0.014721    -0.006045   0.98    0.00    0.00
-0.005908   -0.010830   0.98    0.00    0.00
-0.011059   0.001934    0.98    0.00    0.00
-0.000736   0.016507    0.98    0.00    0.00
-0.010659   0.011860    0.98    0.00    0.00
0.001192    -0.017193   0.98    0.00    0.00
0.015613    -0.001050   0.98    0.00    0.00
0.013218    -0.010340   0.98    0.00    0.00
-0.007205   -0.008171   0.98    0.00    0.00
0.014173    -0.008068   0.98    0.00    0.00
0.010739    0.004718    0.98    0.00    0.00
-0.010893   0.012198    0.98    0.00    0.00
-0.002837   -0.012909   0.98    0.00    0.00
0.004587    -0.009523   0.98    0.00    0.00
-0.012085   -0.002603   0.98    0.00    0.00
0.003021    -0.017175   0.98    0.00    0.00
-0.014204   0.005216    0.98    0.00    0.00
0.010787    0.000390    0.98    0.00    0.00
0.010846    0.012186    0.98    0.00    0.00
0.004320    -0.011376   0.98    0.00    0.00
-0.002778   -0.014770   0.98    0.00    0.00
0.013042    0.001609    0.98    0.00    0.00
-0.010384   -0.010305   0.98    0.00    0.00
-0.003162   -0.014266   0.98    0.00    0.00
-0.006501   0.012092    0.98    0.00    0.00
-0.003340   -0.013410   0.98    0.00    0.00
0.001210    -0.016785   0.98    0.00    0.00
-0.011160   -0.002752   0.98    0.00    0.00
0.012567    -0.009425   0.98    0.00    0.00
-0.006771   -0.009200   0.98    0.00    0.00
-0.012026   0.010887    0.98    0.00    0.00
-0.009287   0.010757    0.98    0.00    0.00
-0.013052   -0.001525   0.98    0.00    0.00
0.000748    -0.012758   0.98    0.00    0.00
-0.012989   0.000331    0.98    0.00    0.00
-0.003558   0.013943    0.98    0.00    0.00
0.008856    -0.004858   0.98    0.00    0.00
0.003779    0.014164    0.98    0.00    0.00
-0.017089   -0.002038   0.98    0.00    0.00
0.015344    -0.007446   0.98    0.00    0.00
0.014963    0.005105    0.98    0.00    0.00
-0.010051   0.005530    0.98    0.00    0.00
0.015567    -0.005512   0.98    0.00    0.00
-0.002500   -0.013166   0.98    0.00    0.00
-0.008617   0.010935    0.98    0.00    0.00
-0.011863   0.011597    0.98    0.00    0.00
-0.006869   -0.015332   0.98    0.00    0.00
0.000327    -0.014572   0.98    0.00    0.00
0.013764    -0.000793   0.98    0.00    0.00
0.006506    -0.010363   0.98    0.00    0.00
0.002207    -0.011730   0.98    0.00    0.00
0.010893    0.011986    0.98    0.00    0.00
0.013285    0.003622    0.98    0.00    0.00
-0.010841   0.007968    0.98    0.00    0.00
-0.016368   -0.003224   0.98    0.00    0.00
-0.012342   -0.008813   0.98    0.00    0.00
0.002752    -0.012400   0.98    0.00    0.00
-0.004160   0.016339    0.98    0.00    0.00
-0.001988   0.014657    0.98    0.00    0.00
-0.009951   -0.007186   0.98    0.00    0.00
-0.012517   0.011495    0.98    0.00    0.00
0.015048    -0.000062   0.98    0.00    0.00
-0.014682   -0.002460   0.98    0.00    0.00
-0.009838   -0.006694   0.98    0.00    0.00
0.010830    -0.003974   0.98    0.00    0.00
-0.006107   -0.014034   0.98    0.00    0.00
0.004233    -0.012083   0.98    0.00    0.00
0.013009    -0.005536   0.98    0.00    0.00
-0.010963   0.001790    0.98    0.00    0.00
-0.006388   0.011235    0.98    0.00    0.00
0.010982    0.005379    0.98    0.00    0.00
-0.003883   -0.012585   0.98    0.00    0.00
0.007555    -0.015716   0.98    0.00    0.00
0.012608    0.008645    0.98    0.00    0.00
-0.002291   0.014301    0.98    0.00    0.00
0.004589    -0.009252   0.98    0.00    0.00
-0.005615   0.010407    0.98    0.00    0.00
-0.007681   0.012903    0.98    0.00    0.00
-0.013935   -0.014406   0.00    0.98    0.00
0.017867    -0.007380   0.00    0.98    0.00
-0.020458   0.014784    0.00    0.98    0.00
-0.015458   -0.014083   0.00    0.98    0.00
0.014462    -0.021060   0.00    0.98    0.00
-0.016428   -0.022767   0.00    0.98    0.00
-0.005993   -0.018545   0.00    0.98    0.00
0.019212    -0.008349   0.00    0.98    0.00
-0.023582   -0.017714   0.00    0.98    0.00
-0.006565   -0.016870   0.00    0.98    0.00
-0.004561   0.024962    0.00    0.98    0.00
-0.015926   0.024786    0.00    0.98    0.00
0.006067    -0.022596   0.00    0.98    0.00
0.020070    -0.000803   0.00    0.98    0.00
0.005788    0.018919    0.00    0.98    0.00
0.010513    -0.018504   0.00    0.98    0.00
-0.015644   -0.023588   0.00    0.98    0.00
-0.013209   0.017597    0.00    0.98    0.00
-0.024637   0.021724    0.00    0.98    0.00
0.009538    -0.019034   0.00    0.98    0.00
0.012550    0.017100    0.00    0.98    0.00
-0.020295   -0.002464   0.00    0.98    0.00
-0.015697   -0.017438   0.00    0.98    0.00
0.014238    0.015544    0.00    0.98    0.00
0.001410    0.018707    0.00    0.98    0.00
-0.008245   -0.018159   0.00    0.98    0.00
-0.021233   0.017987    0.00    0.98    0.00
-0.018071   0.008688    0.00    0.98    0.00
-0.010638   0.016498    0.00    0.98    0.00
0.012202    0.024449    0.00    0.98    0.00
0.012113    0.023760    0.00    0.98    0.00
-0.017657   0.010913    0.00    0.98    0.00
0.016335    -0.012833   0.00    0.98    0.00
0.018368    -0.009653   0.00    0.98    0.00
0.004340    0.024965    0.00    0.98    0.00
0.020419    0.013477    0.00    0.98    0.00
-0.022090   0.002476    0.00    0.98    0.00
0.019669    -0.019408   0.00    0.98    0.00
-0.005577   -0.020002   0.00    0.98    0.00
-0.016763   -0.016982   0.00    0.98    0.00
0.003582    -0.023523   0.00    0.98    0.00
0.022922    0.013175    0.00    0.98    0.00
0.019641    0.013082    0.00    0.98    0.00
0.018322    -0.010715   0.00    0.98    0.00
0.005837    0.022279    0.00    0.98    0.00
0.012718    -0.020309   0.00    0.98    0.00
-0.010991   -0.015410   0.00    0.98    0.00
-0.017837   0.022978    0.00    0.98    0.00
-0.022576   0.020315    0.00    0.98    0.00
-0.023471   -0.014670   0.00    0.98    0.00
-0.014385   0.014727    0.00    0.98    0.00
0.011946    0.017453    0.00    0.98    0.00
0.018536    -0.020855   0.00    0.98    0.00
-0.023156   -0.023630   0.00    0.98    0.00
-0.024518   0.013849    0.00    0.98    0.00
-0.018318   -0.011517   0.00    0.98    0.00
-0.022393   0.010234    0.00    0.98    0.00
0.010631    -0.020790   0.00    0.98    0.00
0.021763    -0.013293   0.00    0.98    0.00
-0.013863   0.011407    0.00    0.98    0.00
-0.013064   0.016404    0.00    0.98    0.00
0.020377    0.007864    0.00    0.98    0.00
0.008309    -0.022269   0.00    0.98    0.00
-0.017066   -0.005168   0.00    0.98    0.00
-0.019327   0.015651    0.00    0.98    0.00
-0.005450   0.024707    0.00    0.98    0.00
0.007722    -0.020930   0.00    0.98    0.00
-0.017183   -0.015568   0.00    0.98    0.00
0.004915    -0.023838   0.00    0.98    0.00
0.017798    0.014478    0.00    0.98    0.00
-0.024695   -0.016696   0.00    0.98    0.00
0.024459    -0.024805   0.00    0.98    0.00
-0.014150   0.022995    0.00    0.98    0.00
-0.016368   -0.016018   0.00    0.98    0.00
0.013750    -0.022476   0.00    0.98    0.00
0.014921    0.013135    0.00    0.98    0.00
-0.014400   0.013926    0.00    0.98    0.00
-0.004806   -0.021842   0.00    0.98    0.00
0.021625    -0.009637   0.00    0.98    0.00
0.006150    0.016433    0.00    0.98    0.00
-0.009960   -0.019411   0.00    0.98    0.00
-0.023606   0.001264    0.00    0.98    0.00
0.009565    0.019800    0.00    0.98    0.00
0.003522    0.024637    0.00    0.98    0.00
-0.013795   0.014473    0.00    0.98    0.00
0.022283    -0.007466   0.00    0.98    0.00
-0.010336   -0.021670   0.00    0.98    0.00
-0.022517   0.022024    0.00    0.98    0.00
-0.022535   -0.017327   0.00    0.98    0.00
0.001565    -0.022081   0.00    0.98    0.00
-0.022512   0.009295    0.00    0.98    0.00
-0.010393   0.021559    0.00    0.98    0.00
0.023507    -0.018052   0.00    0.98    0.00
0.009099    -0.019244   0.00    0.98    0.00
-0.007123   -0.021819   0.00    0.98    0.00
-0.013267   -0.023689   0.00    0.98    0.00
0.000222    0.019400    0.00    0.98    0.00
-0.014996   0.012810    0.00    0.98    0.00
-0.021406   -0.009498   0.00    0.98    0.00
-0.012799   0.023353    0.00    0.98    0.00
0.017843    -0.000216   0.00    0.98    0.00
-0.008777   0.020612    0.00    0.98    0.00
-0.023686   0.013139    0.00    0.98    0.00
-0.013854   -0.021497   0.00    0.98    0.00
-0.013116   0.019418    0.00    0.98    0.00
-0.021540   -0.024820   0.00    0.98    0.00
0.014457    0.017798    0.00    0.98    0.00
-0.022246   -0.006329   0.00    0.98    0.00
0.007454    -0.019744   0.00    0.98    0.00
0.019772    0.010439    0.00    0.98    0.00
-0.007380   0.016897    0.00    0.98    0.00
0.023235    -0.014787   0.00    0.98    0.00
0.019787    -0.024765   0.00    0.98    0.00
0.017663    -0.017662   0.00    0.98    0.00
-0.017497   -0.023903   0.00    0.98    0.00
-0.019951   0.018599    0.00    0.98    0.00
0.018072    -0.020940   0.00    0.98    0.00
-0.003202   0.017252    0.00    0.98    0.00
-0.019914   0.018064    0.00    0.98    0.00
0.014186    0.018542    0.00    0.98    0.00
-0.017496   0.022497    0.00    0.98    0.00
-0.020100   0.021126    0.00    0.98    0.00
-0.000019   -0.020038   0.00    0.98    0.00
-0.023980   0.005084    0.00    0.98    0.00
-0.021734   0.013495    0.00    0.98    0.00
-0.016135   0.009663    0.00    0.98    0.00
-0.021686   0.010341    0.00    0.98    0.00
-0.024434   -0.002628   0.00    0.98    0.00
0.024293    0.005921    0.00    0.98    0.00
-0.022723   0.014414    0.00    0.98    0.00
-0.024717   -0.022892   0.00    0.98    0.00
0.002482    -0.020051   0.00    0.98    0.00
-0.021096   -0.008154   0.00    0.98    0.00
-0.017384   0.018928    0.00    0.98    0.00
0.007390    -0.020337   0.00    0.98    0.00
0.010180    -0.021348   0.00    0.98    0.00
-0.002154   0.018216    0.00    0.98    0.00
-0.003627   0.022663    0.00    0.98    0.00
0.014925    -0.009947   0.00    0.98    0.00
-0.020041   -0.010207   0.00    0.98    0.00
0.004112    0.018202    0.00    0.98    0.00
-0.022671   0.022977    0.00    0.98    0.00
0.012987    -0.017349   0.00    0.98    0.00
-0.021765   0.013605    0.00    0.98    0.00
-0.014175   0.021050    0.00    0.98    0.00
0.018064    0.006351    0.00    0.98    0.00
0.019814    -0.014961   0.00    0.98    0.00
0.014517    0.022894    0.00    0.98    0.00
-0.013154   -0.014956   0.00    0.98    0.00
0.018515    -0.020463   0.00    0.98    0.00
0.016848    -0.006269   0.00    0.98    0.00
0.022887    -0.010786   0.00    0.98    0.00
-0.007641   0.024629    0.00    0.98    0.00
-0.013301   -0.013449   0.00    0.98    0.00
-0.022135   -0.013756   0.00    0.98    0.00
-0.022169   0.008036    0.00    0.98    0.00
-0.021672   0.008093    0.00    0.98    0.00
-0.024117   0.011216    0.00    0.98    0.00
0.004622    0.020606    0.00    0.98    0.00
-0.024318   0.008113    0.00    0.98    0.00
-0.022907   0.010673    0.00    0.98    0.00
-0.020810   0.017794    0.00    0.98    0.00
0.000598    -0.019811   0.00    0.98    0.00
0.015013    -0.016372   0.00    0.98    0.00
0.014052    0.018303    0.00    0.98    0.00
0.023520    0.011464    0.00    0.98    0.00
0.021501    0.004683    0.00    0.98    0.00
-0.020158   -0.007687   0.00    0.98    0.00
-0.019293   0.002454    0.00    0.98    0.00
0.008503    0.023167    0.00    0.98    0.00
-0.015835   -0.024627   0.00    0.98    0.00
0.018410    -0.011560   0.00    0.98    0.00
-0.020672   0.020965    0.00    0.98    0.00
-0.011412   0.023389    0.00    0.98    0.00
-0.004350   -0.024327   0.00    0.98    0.00
0.014359    0.014088    0.00    0.98    0.00
0.018288    0.007555    0.00    0.98    0.00
-0.024002   -0.011966   0.00    0.98    0.00
0.006303    -0.023854   0.00    0.98    0.00
-0.019822   -0.022588   0.00    0.98    0.00
-0.005026   -0.017194   0.00    0.98    0.00
-0.004776   0.019327    0.00    0.98    0.00
0.019039    -0.004756   0.00    0.98    0.00
0.019956    -0.020055   0.00    0.98    0.00
-0.024852   0.013127    0.00    0.98    0.00
0.001975    0.022810    0.00    0.98    0.00
-0.018760   0.001318    0.00    0.98    0.00
-0.008008   -0.022237   0.00    0.98    0.00
-0.012631   0.021301    0.00    0.98    0.00
-0.022649   0.010621    0.00    0.98    0.00
-0.012672   0.014477    0.00    0.98    0.00
-0.011219   -0.015126   0.00    0.98    0.00
-0.007172   -0.024993   0.00    0.98    0.00
0.022729    -0.013150   0.00    0.98    0.00
-0.000682   0.021036    0.00    0.98    0.00
-0.011995   -0.016568   0.00    0.98    0.00
0.008542    -0.021489   0.00    0.98    0.00
-0.017306   0.010898    0.00    0.98    0.00
-0.017815   0.021946    0.00    0.98    0.00
-0.019156   0.019324    0.00    0.98    0.00
0.023152    -0.022654   0.00    0.98    0.00
0.021225    0.010005    0.00    0.98    0.00
-0.017382   0.018895    0.00    0.98    0.00
-0.020719   0.001278    0.00    0.98    0.00
0.018958    -0.012873   0.00    0.98    0.00
-0.012378   0.019499    0.00    0.98    0.00
0.002371    -0.024641   0.00    0.98    0.00
0.020973    -0.004713   0.00    0.98    0.00
-0.004171   0.023706    0.00    0.98    0.00
-0.012989   -0.018949   0.00    0.98    0.00
0.013603    0.024608    0.00    0.98    0.00
0.010301    -0.022056   0.00    0.98    0.00
-0.010106   0.014329    0.00    0.98    0.00
-0.022354   0.002715    0.00    0.98    0.00
0.018642    0.007500    0.00    0.98    0.00
0.000805    -0.018012   0.00    0.98    0.00
0.019911    -0.003745   0.00    0.98    0.00
-0.020009   0.001980    0.00    0.98    0.00
0.020687    -0.005358   0.00    0.98    0.00
0.016786    0.010259    0.00    0.98    0.00
-0.018219   -0.014391   0.00    0.98    0.00
-0.005276   -0.017377   0.00    0.98    0.00
-0.019569   0.017757    0.00    0.98    0.00
0.002651    0.022886    0.00    0.98    0.00
-0.009189   0.021465    0.00    0.98    0.00
-0.003398   -0.023353   0.00    0.98    0.00
-0.024796   -0.023890   0.00    0.98    0.00
-0.024383   -0.022487   0.00    0.98    0.00
-0.018845   -0.019603   0.00    0.98    0.00
-0.012835   0.016923    0.00    0.98    0.00
0.020923    -0.009333   0.00    0.98    0.00
0.020907    -0.018585   0.00    0.98    0.00
0.007273    -0.016641   0.00    0.98    0.00
-0.007882   0.016255    0.00    0.98    0.00
-0.018505   0.019526    0.00    0.98    0.00
0.004163    0.018198    0.00    0.98    0.00
-0.013605   -0.018433   0.00    0.98    0.00
-0.018128   0.006016    0.00    0.98    0.00
-0.021842   -0.020289   0.00    0.98    0.00
-0.017772   0.023930    0.00    0.98    0.00
0.011064    -0.016344   0.00    0.98    0.00
-0.014608   -0.017879   0.00    0.98    0.00
-0.020154   0.008344    0.00    0.98    0.00
-0.021210   -0.015511   0.00    0.98    0.00
0.012358    0.023060    0.00    0.98    0.00
0.012939    0.012871    0.00    0.98    0.00
0.012801    -0.017231   0.00    0.98    0.00
-0.020749   0.018479    0.00    0.98    0.00
0.012340    0.022911    0.00    0.98    0.00
0.017075    -0.023222   0.00    0.98    0.00
0.003648    0.020219    0.00    0.98    0.00
-0.020220   -0.021425   0.00    0.98    0.00
-0.019567   0.019387    0.00    0.98    0.00
0.017259    -0.013194   0.00    0.98    0.00
-0.001784   -0.022076   0.00    0.98    0.00
-0.011675   -0.019595   0.00    0.98    0.00
0.022336    -0.012511   0.00    0.98    0.00
0.024457    0.000512    0.00    0.98    0.00
0.017281    -0.024723   0.00    0.98    0.00
0.012454    0.016348    0.00    0.98    0.00
-0.010397   0.015470    0.00    0.98    0.00
-0.023570   -0.019952   0.00    0.98    0.00
-0.019511   -0.003990   0.00    0.98    0.00
0.017746    0.006646    0.00    0.98    0.00
-0.022096   -0.007226   0.00    0.98    0.00
0.012913    0.017603    0.00    0.98    0.00
-0.020836   -0.015696   0.00    0.98    0.00
-0.019634   -0.021673   0.00    0.98    0.00
-0.023004   0.006270    0.00    0.98    0.00
0.014742    -0.018801   0.00    0.98    0.00
0.005700    -0.017483   0.00    0.98    0.00
-0.020916   0.003000    0.00    0.98    0.00
-0.009654   0.020272    0.00    0.98    0.00
-0.005593   0.019680    0.00    0.98    0.00
0.020437    0.014753    0.00    0.98    0.00
0.012563    -0.020264   0.00    0.98    0.00
0.007083    0.019960    0.00    0.98    0.00
0.010201    0.015750    0.00    0.98    0.00
0.024652    -0.013023   0.00    0.98    0.00
0.018465    -0.014843   0.00    0.98    0.00
-0.016010   0.007101    0.00    0.98    0.00
0.018443    -0.006792   0.00    0.98    0.00
-0.024536   -0.004593   0.00    0.98    0.00
-0.012684   0.018900    0.00    0.98    0.00
0.003947    -0.021886   0.00    0.98    0.00
-0.018341   0.014149    0.00    0.98    0.00
-0.022818   -0.019348   0.00    0.98    0.00
-0.022990   -0.000949   0.00    0.98    0.00
-0.004118   -0.020790   0.00    0.98    0.00
-0.020662   -0.000616   0.00    0.98    0.00
-0.020753   0.004132    0.00    0.98    0.00
-0.020596   -0.022781   0.00    0.98    0.00
-0.002270   -0.021537   0.00    0.98    0.00
0.021946    -0.020072   0.00    0.98    0.00
0.023412    -0.022013   0.00    0.98    0.00
0.011458    0.018210    0.00    0.98    0.00
-0.015829   -0.015498   0.00    0.98    0.00
0.014687    0.018120    0.00    0.98    0.00
-0.010271   -0.019675   0.00    0.98    0.00
-0.019242   0.005647    0.00    0.98    0.00
0.019175    0.014992    0.00    0.98    0.00
-0.017268   -0.024480   0.00    0.98    0.00
-0.019878   -0.014289   0.00    0.98    0.00
-0.000458   -0.023901   0.00    0.98    0.00
-0.024232   -0.020388   0.00    0.98    0.00
-0.018631   -0.017727   0.00    0.98    0.00
-0.020783   -0.006136   0.00    0.98    0.00
0.013851    0.016375    0.00    0.98    0.00
-0.014973   0.016211    0.00    0.98    0.00
-0.020603   0.015880    0.00    0.98    0.00
0.021244    0.006437    0.00    0.98    0.00
0.005297    0.020043    0.00    0.98    0.00
-0.021606   -0.014793   0.00    0.98    0.00
-0.011892   -0.016593   0.00    0.98    0.00
-0.018098   0.010617    0.00    0.98    0.00
-0.018262   -0.017087   0.00    0.98    0.00
0.022069    -0.007497   0.00    0.98    0.00
0.014647    0.011998    0.00    0.98    0.00
-0.021718   -0.023412   0.00    0.98    0.00
-0.017595   0.007800    0.00    0.98    0.00
0.007345    -0.022071   0.00    0.98    0.00
0.019819    -0.003573   0.00    0.98    0.00
0.024718    -0.022259   0.00    0.98    0.00
0.004592    0.019378    0.00    0.98    0.00
-0.020108   0.023627    0.00    0.98    0.00
-0.021176   -0.006740   0.00    0.98    0.00
0.012048    0.022105    0.00    0.98    0.00
-0.021489   -0.013549   0.00    0.98    0.00
-0.016583   -0.016165   0.00    0.98    0.00
0.018010    -0.000295   0.00    0.98    0.00
-0.016299   0.006394    0.00    0.98    0.00
0.011745    -0.023287   0.00    0.98    0.00
-0.014857   -0.012029   0.00    0.98    0.00
-0.020854   -0.016401   0.00    0.98    0.00
0.004061    0.018045    0.00    0.98    0.00
0.004541    0.022170    0.00    0.98    0.00
0.015173    -0.013828   0.00    0.98    0.00
-0.001443   -0.023364   0.00    0.98    0.00
-0.024636   -0.019653   0.00    0.98    0.00
-0.012837   0.017395    0.00    0.98    0.00
-0.024396   -0.013401   0.00    0.98    0.00
0.010341    0.020855    0.00    0.98    0.00
0.020650    0.010307    0.00    0.98    0.00
-0.015691   0.009649    0.00    0.98    0.00
0.008254    -0.015761   0.00    0.98    0.00
-0.000130   0.023358    0.00    0.98    0.00
-0.023888   0.011650    0.00    0.98    0.00
-0.023154   0.010972    0.00    0.98    0.00
-0.022829   0.013172    0.00    0.98    0.00
-0.023366   0.000421    0.00    0.98    0.00
-0.010147   -0.017331   0.00    0.98    0.00
-0.016411   -0.017462   0.00    0.98    0.00
0.021612    -0.020216   0.00    0.98    0.00
-0.021275   -0.015901   0.00    0.98    0.00
0.008215    -0.019387   0.00    0.98    0.00
0.022844    0.010259    0.00    0.98    0.00
0.022217    0.000530    0.00    0.98    0.00
-0.006925   0.019895    0.00    0.98    0.00
0.006664    0.018420    0.00    0.98    0.00
-0.024134   -0.022799   0.00    0.98    0.00
0.018469    0.001465    0.00    0.98    0.00
-0.023534   0.010577    0.00    0.98    0.00
0.008216    0.018510    0.00    0.98    0.00
-0.020633   0.001624    0.00    0.98    0.00
-0.016671   0.017031    0.00    0.98    0.00
-0.011389   -0.014416   0.00    0.98    0.00
-0.021977   -0.008199   0.00    0.98    0.00
-0.022415   0.023129    0.00    0.98    0.00
0.015310    -0.013188   0.00    0.98    0.00
0.015499    0.011404    0.00    0.98    0.00
-0.012684   0.015078    0.00    0.98    0.00
0.016739    0.014104    0.00    0.98    0.00
0.001582    0.019768    0.00    0.98    0.00
0.005727    -0.023654   0.00    0.98    0.00
0.005609    0.018633    0.00    0.98    0.00
0.023506    -0.003839   0.00    0.98    0.00
0.012402    0.016182    0.00    0.98    0.00
0.014569    -0.020090   0.00    0.98    0.00
-0.008657   -0.021763   0.00    0.98    0.00
-0.018570   0.000840    0.00    0.98    0.00
0.005040    0.018962    0.00    0.98    0.00
0.014302    0.022625    0.00    0.98    0.00
0.012213    -0.013201   0.00    0.98    0.00
0.009784    -0.021942   0.00    0.98    0.00
0.020730    -0.008628   0.00    0.98    0.00
0.009045    0.024532    0.00    0.98    0.00
-0.024227   0.022434    0.00    0.98    0.00
-0.022893   -0.017952   0.00    0.98    0.00
-0.010033   -0.020188   0.00    0.98    0.00
-0.014932   0.020349    0.00    0.98    0.00
0.012218    -0.023715   0.00    0.98    0.00
0.018363    -0.015602   0.00    0.98    0.00
0.021404    -0.015921   0.00    0.98    0.00
-0.023677   -0.005201   0.00    0.98    0.00
-0.019480   -0.004773   0.00    0.98    0.00
0.021423    -0.024988   0.00    0.98    0.00
0.011980    0.020963    0.00    0.98    0.00
-0.020813   0.012546    0.00    0.98    0.00
-0.002591   0.019679    0.00    0.98    0.00
0.022181    0.013056    0.00    0.98    0.00
0.022695    -0.003254   0.00    0.98    0.00
0.010613    0.024103    0.00    0.98    0.00
0.024150    -0.009554   0.00    0.98    0.00
0.000201    -0.019796   0.00    0.98    0.00
0.017595    0.003046    0.00    0.98    0.00
0.012079    0.013663    0.00    0.98    0.00
0.019787    0.006040    0.00    0.98    0.00
-0.012792   -0.017302   0.00    0.98    0.00
-0.021182   0.022305    0.00    0.98    0.00
0.010139    -0.022442   0.00    0.98    0.00
-0.021891   0.001636    0.00    0.98    0.00
0.019396    -0.022518   0.00    0.98    0.00
-0.024811   -0.001746   0.00    0.98    0.00
0.015833    -0.021835   0.00    0.98    0.00
0.022343    -0.007262   0.00    0.98    0.00
-0.005309   0.024115    0.00    0.98    0.00
-0.002627   0.024783    0.00    0.98    0.00
0.019202    -0.004741   0.00    0.98    0.00
-0.021214   0.006677    0.00    0.98    0.00
0.017673    -0.021695   0.00    0.98    0.00
0.024766    0.007946    0.00    0.98    0.00
-0.007538   0.016257    0.00    0.98    0.00
-0.000448   0.021811    0.00    0.98    0.00
0.004553    -0.017245   0.00    0.98    0.00
-0.017046   -0.022936   0.00    0.98    0.00
0.002681    -0.017414   0.00    0.98    0.00
0.007891    0.022096    0.00    0.98    0.00
-0.023468   0.004261    0.00    0.98    0.00
0.019640    -0.006543   0.00    0.98    0.00
0.019104    0.005940    0.00    0.98    0.00
-0.024535   -0.021777   0.00    0.98    0.00
0.003528    -0.019783   0.00    0.98    0.00
-0.024696   -0.012635   0.00    0.98    0.00
0.021760    0.004721    0.00    0.98    0.00
0.008990    -0.019444   0.00    0.98    0.00
0.011545    -0.018074   0.00    0.98    0.00
0.023111    -0.018037   0.00    0.98    0.00
0.018009    -0.007104   0.00    0.98    0.00
-0.013173   -0.023753   0.00    0.98    0.00
0.018232    0.003404    0.00    0.98    0.00
0.024021    -0.013590   0.00    0.98    0.00
-0.019649   -0.001931   0.00    0.98    0.00
0.019693    -0.002575   0.00    0.98    0.00
0.023820    -0.016510   0.00    0.98    0.00
0.024468    0.005904    0.00    0.98    0.00
-0.012412   -0.021241   0.00    0.98    0.00
0.010440    -0.016102   0.00    0.98    0.00
-0.005072   0.021349    0.00    0.98    0.00
0.016447    -0.021112   0.00    0.98    0.00
-0.023291   0.024818    0.00    0.98    0.00
0.010102    0.023340    0.00    0.98    0.00
0.021786    -0.014709   0.00    0.98    0.00
0.014880    0.018021    0.00    0.98    0.00
0.015157    -0.009992   0.00    0.98    0.00
0.017793    0.013667    0.00    0.98    0.00
0.002198    0.024375    0.00    0.98    0.00
-0.000259   -0.018097   0.00    0.98    0.00
-0.018424   0.018409    0.00    0.98    0.00
0.022539    -0.021828   0.00    0.98    0.00
-0.018623   0.001857    0.00    0.98    0.00
-0.024854   -0.020433   0.00    0.98    0.00
-0.021842   -0.004280   0.00    0.98    0.00
-0.012083   -0.021152   0.00    0.98    0.00
-0.019190   0.000718    0.00    0.98    0.00
0.013296    -0.014107   0.00    0.98    0.00
-0.018139   -0.004540   0.00    0.98    0.00
0.013375    0.017103    0.00    0.98    0.00
-0.021727   -0.002120   0.00    0.98    0.00
0.019971    0.006546    0.00    0.98    0.00
0.014332    0.019840    0.00    0.98    0.00
0.017993    -0.017924   0.00    0.98    0.00
0.010732    0.016110    0.00    0.98    0.00
-0.021861   -0.004426   0.00    0.98    0.00
-0.016451   -0.015978   0.00    0.98    0.00
0.007529    -0.024480   0.00    0.98    0.00
0.015826    -0.008779   0.00    0.98    0.00
0.024142    0.005176    0.00    0.98    0.00
-0.022810   -0.008724   0.00    0.98    0.00
-0.018625   0.012542    0.00    0.98    0.00
0.011083    -0.020812   0.00    0.98    0.00
0.019232    -0.008162   0.00    0.98    0.00
-0.011434   -0.023938   0.00    0.98    0.00
0.019510    -0.021457   0.00    0.98    0.00
-0.023561   -0.022891   0.00    0.98    0.00
-0.008520   -0.016319   0.00    0.98    0.00
-0.007979   0.015970    0.00    0.98    0.00
-0.003236   0.022956    0.00    0.98    0.00
-0.024926   -0.023332   0.00    0.98    0.00
0.022071    -0.007791   0.00    0.98    0.00
-0.000407   0.022398    0.00    0.98    0.00
-0.017677   -0.008701   0.00    0.98    0.00
-0.005842   -0.021860   0.00    0.98    0.00
-0.000458   0.023239    0.00    0.98    0.00
-0.009532   0.024188    0.00    0.98    0.00
-0.015411   0.009971    0.00    0.98    0.00
-0.019228   0.020438    0.00    0.98    0.00
-0.006683   0.021010    0.00    0.98    0.00
0.021905    -0.000178   0.00    0.98    0.00
0.008836    0.022215    0.00    0.98    0.00
0.007305    -0.019771   0.00    0.98    0.00
0.014899    0.018582    0.00    0.98    0.00
-0.011514   -0.024811   0.00    0.98    0.00
0.017868    -0.002934   0.00    0.98    0.00
-0.014558   -0.015528   0.00    0.98    0.00
-0.022287   0.003287    0.00    0.98    0.00
-0.017680   0.008116    0.00    0.98    0.00
0.021877    -0.005120   0.00    0.98    0.00
0.011920    0.013146    0.00    0.98    0.00
-0.001794   -0.023876   0.00    0.98    0.00
-0.021564   -0.024829   0.00    0.98    0.00
0.015628    -0.013036   0.00    0.98    0.00
-0.023509   0.016006    0.00    0.98    0.00
0.024542    0.010742    0.00    0.98    0.00
-0.009211   -0.015432   0.00    0.98    0.00
-0.011386   -0.015734   0.00    0.98    0.00
-0.016043   -0.022438   0.00    0.98    0.00
0.017060    0.006947    0.00    0.98    0.00
-0.021683   0.001737    0.00    0.98    0.00
0.002475    -0.020329   0.00    0.98    0.00
-0.012682   -0.013189   0.00    0.98    0.00
0.019181    0.000933    0.00    0.98    0.00
-0.019125   0.003716    0.00    0.98    0.00
0.009888    -0.024335   0.00    0.98    0.00
0.024607    -0.005332   0.00    0.98    0.00
-0.008174   0.023660    0.00    0.98    0.00
0.020891    0.011559    0.00    0.98    0.00
0.010308    0.019299    0.00    0.98    0.00
-0.008845   0.024149    0.00    0.98    0.00
-0.023151   -0.000970   0.00    0.98    0.00
-0.022888   -0.002709   0.00    0.98    0.00
0.013336    0.019168    0.00    0.98    0.00
-0.021465   0.024662    0.00    0.98    0.00
-0.024342   0.007626    0.00    0.98    0.00
0.021781    -0.015076   0.00    0.98    0.00
0.022060    -0.014435   0.00    0.98    0.00
0.004784    0.019514    0.00    0.98    0.00
-0.003681   -0.024681   0.00    0.98    0.00
-0.023840   0.020108    0.00    0.98    0.00
-0.017010   -0.011219   0.00    0.98    0.00
-0.024501   0.015680    0.00    0.98    0.00
-0.021007   -0.008126   0.00    0.98    0.00
-0.015589   -0.019807   0.00    0.98    0.00
0.001051    -0.023948   0.00    0.98    0.00
-0.022017   -0.008080   0.00    0.98    0.00
-0.015288   -0.019801   0.00    0.98    0.00
-0.021318   0.016580    0.00    0.98    0.00
-0.017750   0.017215    0.00    0.98    0.00
0.024558    0.002712    0.00    0.98    0.00
-0.022708   -0.001495   0.00    0.98    0.00
0.004151    0.021834    0.00    0.98    0.00
-0.024426   -0.018754   0.00    0.98    0.00
0.000423    0.019518    0.00    0.98    0.00
-0.006620   -0.018680   0.00    0.98    0.00
0.004851    -0.020036   0.00    0.98    0.00
0.021706    0.005193    0.00    0.98    0.00
0.012678    0.024046    0.00    0.98    0.00
-0.020627   -0.012178   0.00    0.98    0.00
0.021446    -0.002457   0.00    0.98    0.00
0.023232    -0.005168   0.00    0.98    0.00
0.012597    0.015793    0.00    0.98    0.00
-0.021866   -0.023222   0.00    0.98    0.00
0.016782    0.005691    0.00    0.98    0.00
0.012057    -0.017679   0.00    0.98    0.00
-0.020002   0.009936    0.00    0.98    0.00
-0.023398   0.004889    0.00    0.98    0.00
-0.015505   -0.011280   0.00    0.98    0.00
0.003993    -0.020373   0.00    0.98    0.00
-0.010647   -0.017763   0.00    0.98    0.00
0.004166    0.020176    0.00    0.98    0.00
-0.014234   -0.021343   0.00    0.98    0.00
-0.024640   0.014571    0.00    0.98    0.00
-0.022241   0.018250    0.00    0.98    0.00
0.020681    0.009768    0.00    0.98    0.00
-0.019949   -0.020463   0.00    0.98    0.00
-0.016903   0.024510    0.00    0.98    0.00
-0.024748   -0.002495   0.00    0.98    0.00
-0.019671   -0.018155   0.00    0.98    0.00
0.014467    -0.017703   0.00    0.98    0.00
-0.013040   -0.019638   0.00    0.98    0.00
0.015869    -0.013321   0.00    0.98    0.00
0.006307    0.018545    0.00    0.98    0.00
-0.016868   -0.010309   0.00    0.98    0.00
-0.020047   0.005849    0.00    0.98    0.00
-0.021129   -0.012302   0.00    0.98    0.00
0.012721    -0.020486   0.00    0.98    0.00
-0.005548   0.021695    0.00    0.98    0.00
0.002990    -0.020118   0.00    0.98    0.00
-0.016277   -0.013059   0.00    0.98    0.00
0.010342    -0.016748   0.00    0.98    0.00
0.024757    -0.021097   0.00    0.98    0.00
0.021940    -0.023591   0.00    0.98    0.00
0.024849    -0.011531   0.00    0.98    0.00
0.024512    0.013841    0.00    0.98    0.00
-0.016515   0.009002    0.00    0.98    0.00
0.021561    0.012690    0.00    0.98    0.00
-0.016415   0.019320    0.00    0.98    0.00
-0.011002   -0.017872   0.00    0.98    0.00
0.020240    -0.011477   0.00    0.98    0.00
-0.024828   -0.010961   0.00    0.98    0.00
-0.018746   -0.000057   0.00    0.98    0.00
-0.021808   -0.000786   0.00    0.98    0.00
-0.020266   -0.011112   0.00    0.98    0.00
-0.003517   0.019598    0.00    0.98    0.00
-0.015088   -0.019723   0.00    0.98    0.00
-0.000500   0.018287    0.00    0.98    0.00
0.018955    -0.008656   0.00    0.98    0.00
0.019318    0.000881    0.00    0.98    0.00
0.017346    -0.017766   0.00    0.98    0.00
0.021175    -0.004047   0.00    0.98    0.00
0.018106    -0.013821   0.00    0.98    0.00
-0.013494   -0.024725   0.00    0.98    0.00
-0.013481   0.023910    0.00    0.98    0.00
-0.020480   0.001999    0.00    0.98    0.00
-0.012662   -0.014338   0.00    0.98    0.00
0.011198    0.018995    0.00    0.98    0.00
0.002408    -0.023364   0.00    0.98    0.00
0.007630    -0.023113   0.00    0.98    0.00
-0.021913   -0.016318   0.00    0.98    0.00
-0.020631   -0.011270   0.00    0.98    0.00
0.001261    -0.019594   0.00    0.98    0.00
-0.022082   0.009553    0.00    0.98    0.00
-0.015723   0.018134    0.00    0.98    0.00
-0.021261   -0.003664   0.00    0.98    0.00
-0.004414   -0.019161   0.00    0.98    0.00
-0.017530   -0.019856   0.00    0.98    0.00
-0.024545   0.000358    0.00    0.98    0.00
-0.019722   -0.016495   0.00    0.98    0.00
-0.017473   0.004734    0.00    0.98    0.00
-0.015586   0.022044    0.00    0.98    0.00
-0.016947   0.004464    0.00    0.98    0.00
-0.011235   0.020866    0.00    0.98    0.00
0.019446    -0.003576   0.00    0.98    0.00
-0.021702   -0.018935   0.00    0.98    0.00
-0.018457   -0.003522   0.00    0.98    0.00
-0.012146   0.021169    0.00    0.98    0.00
-0.001974   0.022882    0.00    0.98    0.00
-0.012878   -0.021237   0.00    0.98    0.00
0.012269    -0.016250   0.00    0.98    0.00
-0.017591   0.019977    0.00    0.98    0.00
0.017425    -0.012410   0.00    0.98    0.00
0.014549    -0.010484   0.00    0.98    0.00
-0.022793   -0.014851   0.00    0.98    0.00
-0.016108   -0.011614   0.00    0.98    0.00
-0.009398   0.024818    0.00    0.98    0.00
-0.022547   -0.022443   0.00    0.98    0.00
-0.012553   -0.016531   0.00    0.98    0.00
0.023613    -0.000638   0.00    0.98    0.00
-0.024671   0.007003    0.00    0.98    0.00
-0.005145   -0.017218   0.00    0.98    0.00
-0.000721   0.017560    0.00    0.98    0.00
0.023090    -0.006132   0.00    0.98    0.00
-0.015985   -0.016273   0.00    0.98    0.00
-0.000381   -0.021560   0.00    0.98    0.00
0.011164    -0.021306   0.00    0.98    0.00
0.017508    0.013818    0.00    0.98    0.00
0.006397    0.018810    0.00    0.98    0.00
0.014311    0.023533    0.00    0.98    0.00
0.024167    0.005219    0.00    0.98    0.00
0.024524    -0.020805   0.00    0.98    0.00
0.000343    -0.023459   0.00    0.98    0.00
-0.015439   -0.015656   0.00    0.98    0.00
0.017532    0.013560    0.00    0.98    0.00
-0.013035   0.016601    0.00    0.98    0.00
-0.013060   -0.019684   0.00    0.98    0.00
-0.016188   -0.024368   0.00    0.98    0.00
-0.014643   0.021006    0.00    0.98    0.00
-0.018478   0.013639    0.00    0.98    0.00
0.022424    -0.012786   0.00    0.98    0.00
-0.013333   -0.012847   0.00    0.98    0.00
0.022696    -0.019374   0.00    0.98    0.00
-0.016334   0.013071    0.00    0.98    0.00
-0.012463   -0.024453   0.00    0.98    0.00
0.016664    0.010943    0.00    0.98    0.00
0.024775    -0.018563   0.00    0.98    0.00
-0.013302   0.021862    0.00    0.98    0.00
0.005830    -0.023381   0.00    0.98    0.00
0.012610    -0.022275   0.00    0.98    0.00
-0.010341   0.019718    0.00    0.98    0.00
-0.008908   0.015875    0.00    0.98    0.00
-0.015462   -0.017823   0.00    0.98    0.00
0.023992    -0.024446   0.00    0.98    0.00
0.015241    -0.019300   0.00    0.98    0.00
0.017600    -0.012446   0.00    0.98    0.00
0.003029    -0.017449   0.00    0.98    0.00
0.021567    -0.005879   0.00    0.98    0.00
-0.017547   0.005570    0.00    0.98    0.00
-0.022860   -0.018190   0.00    0.98    0.00
-0.015806   0.015198    0.00    0.98    0.00
0.001387    0.017565    0.00    0.98    0.00
0.022235    -0.000166   0.00    0.98    0.00
0.017155    -0.006036   0.00    0.98    0.00
-0.018254   -0.019097   0.00    0.98    0.00
0.012345    -0.014196   0.00    0.98    0.00
0.017100    0.008061    0.00    0.98    0.00
-0.015298   -0.009897   0.00    0.98    0.00
0.022963    -0.002931   0.00    0.98    0.00
0.021757    -0.006809   0.00    0.98    0.00
-0.017008   -0.021451   0.00    0.98    0.00
-0.021991   -0.008049   0.00    0.98    0.00
-0.020044   -0.019273   0.00    0.98    0.00
0.018473    -0.015831   0.00    0.98    0.00
-0.010481   0.016536    0.00    0.98    0.00
-0.017221   0.008070    0.00    0.98    0.00
0.011222    0.016891    0.00    0.98    0.00
-0.017046   -0.005967   0.00    0.98    0.00
0.008930    -0.016969   0.00    0.98    0.00
0.024843    -0.018118   0.00    0.98    0.00
0.013979    0.011621    0.00    0.98    0.00
0.017987    -0.001327   0.00    0.98    0.00
-0.011587   -0.015670   0.00    0.98    0.00
0.018612    -0.021292   0.00    0.98    0.00
0.017256    0.005579    0.00    0.98    0.00
-0.019561   0.021315    0.00    0.98    0.00
-0.017576   0.016585    0.00    0.98    0.00
0.022173    -0.000681   0.00    0.98    0.00
-0.017988   0.003272    0.00    0.98    0.00
0.015033    -0.019016   0.00    0.98    0.00
0.017990    -0.012990   0.00    0.98    0.00
-0.018059   0.016708    0.00    0.98    0.00
-0.007943   -0.018269   0.00    0.98    0.00
-0.020873   0.007395    0.00    0.98    0.00
-0.000921   -0.020404   0.00    0.98    0.00
0.023309    -0.019582   0.00    0.98    0.00
-0.003302   0.023993    0.00    0.98    0.00
-0.018637   -0.013115   0.00    0.98    0.00
0.015989    -0.023894   0.00    0.98    0.00
0.021196    0.011982    0.00    0.98    0.00
0.002759    0.022958    0.00    0.98    0.00
-0.002108   -0.022451   0.00    0.98    0.00
-0.020977   -0.009364   0.00    0.98    0.00
0.010471    -0.015041   0.00    0.98    0.00
0.014240    -0.021499   0.00    0.98    0.00
0.013902    0.023915    0.00    0.98    0.00
-0.014057   0.013489    0.00    0.98    0.00
-0.019350   0.001624    0.00    0.98    0.00
0.014965    -0.012675   0.00    0.98    0.00
0.017802    -0.015315   0.00    0.98    0.00
0.019635    0.001571    0.00    0.98    0.00
-0.002263   -0.023666   0.00    0.98    0.00
0.018272    -0.017765   0.00    0.98    0.00
-0.001249   -0.023676   0.00    0.98    0.00
0.016561    -0.014284   0.00    0.98    0.00
0.022799    -0.015344   0.00    0.98    0.00
-0.021954   0.001570    0.00    0.98    0.00
-0.019340   -0.018331   0.00    0.98    0.00
-0.019845   0.002861    0.00    0.98    0.00
0.021657    -0.021823   0.00    0.98    0.00
0.007470    0.021018    0.00    0.98    0.00
-0.023206   -0.003449   0.00    0.98    0.00
-0.024770   -0.016287   0.00    0.98    0.00
0.021604    -0.017762   0.00    0.98    0.00
-0.013355   -0.015661   0.00    0.98    0.00
-0.012463   -0.020826   0.00    0.98    0.00
0.006019    -0.022210   0.00    0.98    0.00
-0.019604   -0.020587   0.00    0.98    0.00
0.014235    -0.016729   0.00    0.98    0.00
0.022070    -0.015701   0.00    0.98    0.00
-0.021044   0.008538    0.00    0.98    0.00
-0.020638   -0.017493   0.00    0.98    0.00
-0.004535   0.017503    0.00    0.98    0.00
-0.001453   0.020233    0.00    0.98    0.00
-0.019641   -0.003684   0.00    0.98    0.00
-0.012595   0.020784    0.00    0.98    0.00
-0.023065   -0.011959   0.00    0.98    0.00
-0.020517   0.021244    0.00    0.98    0.00
-0.015073   -0.015663   0.00    0.98    0.00
-0.018923   0.024464    0.00    0.98    0.00
-0.014217   0.010825    0.00    0.98    0.00
-0.005456   -0.020782   0.00    0.98    0.00
-0.023719   -0.014189   0.00    0.98    0.00
-0.019560   -0.012563   0.00    0.98    0.00
-0.008870   0.015580    0.00    0.98    0.00
-0.000458   0.022872    0.00    0.98    0.00
-0.012845   0.020609    0.00    0.98    0.00
-0.016576   -0.005826   0.00    0.98    0.00
0.013340    0.015180    0.00    0.98    0.00
0.016562    -0.022571   0.00    0.98    0.00
0.024129    0.005185    0.00    0.98    0.00
0.021692    0.004069    0.00    0.98    0.00
-0.007794   0.016514    0.00    0.98    0.00
0.006790    -0.016802   0.00    0.98    0.00
0.024990    0.003696    0.00    0.98    0.00
-0.021592   0.006031    0.00    0.98    0.00
0.008804    0.019112    0.00    0.98    0.00
0.008755    0.019023    0.00    0.98    0.00
-0.023412   0.008756    0.00    0.98    0.00
0.015640    -0.021390   0.00    0.98    0.00
0.023545    -0.024711   0.00    0.98    0.00
-0.013942   -0.024047   0.00    0.98    0.00
-0.012495   -0.018296   0.00    0.98    0.00
-0.011630   0.023466    0.00    0.98    0.00
0.017061    -0.022891   0.00    0.98    0.00
0.024707    -0.023748   0.00    0.98    0.00
-0.006960   0.020796    0.00    0.98    0.00
0.019443    0.011492    0.00    0.98    0.00
-0.011336   0.019912    0.00    0.98    0.00
0.017592    -0.005754   0.00    0.98    0.00
-0.023893   0.014190    0.00    0.98    0.00
-0.020054   0.001384    0.00    0.98    0.00
-0.007922   0.021480    0.00    0.98    0.00
-0.018180   0.011333    0.00    0.98    0.00
-0.017996   0.006089    0.00    0.98    0.00
-0.016992   0.006617    0.00    0.98    0.00
0.022481    -0.008015   0.00    0.98    0.00
0.011851    -0.023332   0.00    0.98    0.00
-0.016774   -0.012043   0.00    0.98    0.00
-0.020893   0.009625    0.00    0.98    0.00
-0.004200   0.021728    0.00    0.98    0.00
-0.016235   -0.008990   0.00    0.98    0.00
0.014664    -0.014972   0.00    0.98    0.00
0.022776    -0.014113   0.00    0.98    0.00
-0.022053   -0.021738   0.00    0.98    0.00
-0.002627   -0.024627   0.00    0.98    0.00
-0.020857   0.023631    0.00    0.98    0.00
-0.003328   0.023796    0.00    0.98    0.00
-0.013018   0.013210    0.00    0.98    0.00
-0.010619   0.014887    0.00    0.98    0.00
0.011037    -0.019046   0.00    0.98    0.00
-0.012495   0.022078    0.00    0.98    0.00
-0.019644   -0.014327   0.00    0.98    0.00
-0.021850   0.014644    0.00    0.98    0.00
-0.020314   -0.014742   0.00    0.98    0.00
-0.023813   -0.020089   0.00    0.98    0.00
-0.019956   0.000515    0.00    0.98    0.00
-0.018007   -0.023068   0.00    0.98    0.00
0.009424    0.015540    0.00    0.98    0.00
-0.005425   -0.017541   0.00    0.98    0.00
0.019691    0.011806    0.00    0.98    0.00
-0.021270   -0.003383   0.00    0.98    0.00
0.011403    0.018021    0.00    0.98    0.00
0.006900    -0.019586   0.00    0.98    0.00
-0.023085   -0.010451   0.00    0.98    0.00
0.004069    -0.024432   0.00    0.98    0.00
0.015192    -0.017255   0.00    0.98    0.00
0.020633    -0.015749   0.00    0.98    0.00
0.023051    -0.009981   0.00    0.98    0.00
-0.009275   -0.016782   0.00    0.98    0.00
-0.024575   -0.011213   0.00    0.98    0.00
0.004310    -0.023444   0.00    0.98    0.00
-0.017408   -0.009080   0.00    0.98    0.00
-0.021676   0.009891    0.00    0.98    0.00
0.023157    0.005545    0.00    0.98    0.00
-0.002021   -0.018706   0.00    0.98    0.00
-0.006878   0.020410    0.00    0.98    0.00
0.013817    -0.017008   0.00    0.98    0.00
0.002654    0.019140    0.00    0.98    0.00
0.009235    -0.019070   0.00    0.98    0.00
-0.023967   -0.009803   0.00    0.98    0.00
-0.019910   0.012103    0.00    0.98    0.00
-0.010076   -0.017919   0.00    0.98    0.00
0.021072    -0.011710   0.00    0.98    0.00
0.017946    -0.003477   0.00    0.98    0.00
0.009392    -0.021009   0.00    0.98    0.00
0.009232    -0.016794   0.00    0.98    0.00
0.013786    0.016861    0.00    0.98    0.00
-0.004867   -0.024679   0.00    0.98    0.00
0.016823    -0.019657   0.00    0.98    0.00
-0.005866   -0.018418   0.00    0.98    0.00
-0.015713   -0.013201   0.00    0.98    0.00
-0.021558   -0.013018   0.00    0.98    0.00
-0.017797   -0.012965   0.00    0.98    0.00
0.017223    -0.018132   0.00    0.98    0.00
-0.017346   0.010709    0.00    0.98    0.00
-0.022507   -0.011113   0.00    0.98    0.00
0.016613    -0.024942   0.00    0.98    0.00
0.012847    0.016973    0.00    0.98    0.00
-0.016546   0.014049    0.00    0.98    0.00
0.014998    -0.022463   0.00    0.98    0.00
-0.007865   0.016050    0.00    0.98    0.00
-0.008925   0.020139    0.00    0.98    0.00
-0.019760   0.014864    0.00    0.98    0.00
0.010047    -0.015997   0.00    0.98    0.00
0.024199    -0.004568   0.00    0.98    0.00
-0.018506   0.023414    0.00    0.98    0.00
0.015707    0.012684    0.00    0.98    0.00
-0.023474   0.018767    0.00    0.98    0.00
-0.018515   0.023133    0.00    0.98    0.00
0.018880    0.013195    0.00    0.98    0.00
-0.023412   0.010446    0.00    0.98    0.00
0.015201    -0.014757   0.00    0.98    0.00
0.020313    -0.017746   0.00    0.98    0.00
-0.020472   -0.019159   0.00    0.98    0.00
-0.022575   -0.008886   0.00    0.98    0.00
-0.023257   -0.020878   0.00    0.98    0.00
0.020019    -0.005831   0.00    0.98    0.00
-0.022510   0.003758    0.00    0.98    0.00
0.015679    -0.021753   0.00    0.98    0.00
-0.020277   -0.005725   0.00    0.98    0.00
0.015812    -0.008405   0.00    0.98    0.00
0.005121    0.019318    0.00    0.98    0.00
0.023671    0.010584    0.00    0.98    0.00
0.019324    -0.020948   0.00    0.98    0.00
0.024714    -0.011143   0.00    0.98    0.00
0.003173    -0.023264   0.00    0.98    0.00
0.024709    -0.021896   0.00    0.98    0.00
0.020968    -0.012312   0.00    0.98    0.00
0.005501    0.022433    0.00    0.98    0.00
-0.016607   -0.020520   0.00    0.98    0.00
-0.011051   0.022999    0.00    0.98    0.00
0.022196    -0.003524   0.00    0.98    0.00
-0.002091   0.024371    0.00    0.98    0.00
0.013644    -0.013645   0.00    0.98    0.00
0.000463    -0.020658   0.00    0.98    0.00
-0.012151   0.021432    0.00    0.98    0.00
0.020103    0.002343    0.00    0.98    0.00
0.016268    0.013300    0.00    0.98    0.00
0.023226    -0.006015   0.00    0.98    0.00
0.005488    -0.020001   0.00    0.98    0.00
-0.023558   -0.002872   0.00    0.98    0.00
-0.023984   -0.023192   0.00    0.98    0.00
-0.013637   -0.024497   0.00    0.98    0.00
0.022499    -0.011215   0.00    0.98    0.00
-0.024991   -0.023335   0.00    0.98    0.00
-0.019958   -0.000693   0.00    0.98    0.00
-0.012787   0.016311    0.00    0.98    0.00
0.009716    0.015995    0.00    0.98    0.00
0.004882    -0.018157   0.00    0.98    0.00
0.002179    -0.019499   0.00    0.98    0.00
-0.015710   0.011329    0.00    0.98    0.00
0.011040    -0.021978   0.00    0.98    0.00
0.019903    -0.017688   0.00    0.98    0.00
-0.007735   -0.019706   0.00    0.98    0.00
0.014821    -0.010237   0.00    0.98    0.00
-0.023997   -0.014528   0.00    0.98    0.00
-0.004778   -0.022219   0.00    0.98    0.00
0.017152    0.009964    0.00    0.98    0.00
-0.020765   -0.022612   0.00    0.98    0.00
0.011281    -0.018619   0.00    0.98    0.00
0.014429    -0.016450   0.00    0.98    0.00
0.008315    0.020552    0.00    0.98    0.00
-0.024696   0.001536    0.00    0.98    0.00
0.017501    -0.004600   0.00    0.98    0.00
0.003780    0.022851    0.00    0.98    0.00
-0.016556   0.019405    0.00    0.98    0.00
-0.018100   -0.007079   0.00    0.98    0.00
0.019885    0.013249    0.00    0.98    0.00
-0.000259   -0.018224   0.00    0.98    0.00
-0.022351   -0.018159   0.00    0.98    0.00
0.011930    -0.016865   0.00    0.98    0.00
-0.024560   0.023178    0.00    0.98    0.00
-0.022414   -0.018591   0.00    0.98    0.00
0.003870    0.018076    0.00    0.98    0.00
0.011076    0.018951    0.00    0.98    0.00
-0.001723   -0.024621   0.00    0.98    0.00
-0.010142   0.023945    0.00    0.98    0.00
-0.004570   -0.021774   0.00    0.98    0.00
0.014569    0.014420    0.00    0.98    0.00
0.010224    -0.019691   0.00    0.98    0.00
-0.018421   0.019523    0.00    0.98    0.00
0.007954    -0.018665   0.00    0.98    0.00
-0.011736   -0.016275   0.00    0.98    0.00
-0.013969   -0.017299   0.00    0.98    0.00
-0.020223   -0.006167   0.00    0.98    0.00
0.007063    0.016189    0.00    0.98    0.00
-0.012385   0.023012    0.00    0.98    0.00
-0.024648   0.017281    0.00    0.98    0.00
0.020993    -0.014548   0.00    0.98    0.00
-0.016549   0.011586    0.00    0.98    0.00
-0.020719   -0.006014   0.00    0.98    0.00
0.003257    -0.018423   0.00    0.98    0.00
0.010846    -0.021165   0.00    0.98    0.00
0.015294    0.010290    0.00    0.98    0.00
0.017880    -0.018203   0.00    0.98    0.00
-0.018573   0.022722    0.00    0.98    0.00
-0.012059   0.018122    0.00    0.98    0.00
0.014854    -0.021604   0.00    0.98    0.00
-0.024103   0.004772    0.00    0.98    0.00
-0.002211   0.020435    0.00    0.98    0.00
-0.016282   -0.008034   0.00    0.98    0.00
0.012713    -0.020686   0.00    0.98    0.00
0.014889    -0.012117   0.00    0.98    0.00
-0.022841   0.023791    0.00    0.98    0.00
0.013089    0.014596    0.00    0.98    0.00
-0.003337   0.017478    0.00    0.98    0.00
0.020580    -0.002601   0.00    0.98    0.00
-0.018635   -0.008252   0.00    0.98    0.00
0.002139    -0.021253   0.00    0.98    0.00
-0.024939   0.005101    0.00    0.98    0.00
0.000891    -0.018233   0.00    0.98    0.00
-0.018407   0.020843    0.00    0.98    0.00
-0.019437   0.012624    0.00    0.98    0.00
0.024614    0.012089    0.00    0.98    0.00
0.010941    -0.015795   0.00    0.98    0.00
-0.015430   0.014449    0.00    0.98    0.00
-0.018301   0.008127    0.00    0.98    0.00
0.023088    -0.016463   0.00    0.98    0.00
-0.019908   -0.001076   0.00    0.98    0.00
-0.019427   -0.008527   0.00    0.98    0.00
0.011034    -0.017142   0.00    0.98    0.00
0.019510    -0.006199   0.00    0.98    0.00
0.020822    -0.009715   0.00    0.98    0.00
0.021143    -0.010832   0.00    0.98    0.00
-0.013324   0.019952    0.00    0.98    0.00
0.010520    0.021944    0.00    0.98    0.00
-0.002118   -0.023244   0.00    0.98    0.00
-0.008364   -0.015768   0.00    0.98    0.00
-0.024439   0.001534    0.00    0.98    0.00
-0.015935   -0.020650   0.00    0.98    0.00
0.011740    0.019148    0.00    0.98    0.00
0.012152    -0.014098   0.00    0.98    0.00
0.007209    0.004934    0.00    0.98    0.00
0.007571    0.003039    0.00    0.98    0.00
0.000773    -0.002645   0.00    0.98    0.00
0.004923    0.008285    0.00    0.98    0.00
0.006689    0.002756    0.00    0.98    0.00
0.007947    -0.000842   0.00    0.98    0.00
0.001011    -0.009266   0.00    0.98    0.00
0.000008    0.003583    0.00    0.98    0.00
0.001184    -0.008423   0.00    0.98    0.00
0.007576    -0.001336   0.00    0.98    0.00
-0.008545   0.003960    0.00    0.98    0.00
0.008480    0.001058    0.00    0.98    0.00
0.007076    0.000845    0.00    0.98    0.00
0.007925    0.000604    0.00    0.98    0.00
0.003238    -0.000674   0.00    0.98    0.00
0.003624    0.001718    0.00    0.98    0.00
0.003951    0.005918    0.00    0.98    0.00
-0.001439   0.003528    0.00    0.98    0.00
0.000040    -0.000958   0.00    0.98    0.00
0.008858    0.000734    0.00    0.98    0.00
-0.000978   0.004069    0.00    0.98    0.00
-0.004283   0.005903    0.00    0.98    0.00
0.003400    -0.000760   0.00    0.98    0.00
-0.000250   -0.009402   0.00    0.98    0.00
0.002774    -0.007604   0.00    0.98    0.00
0.003980    -0.008254   0.00    0.98    0.00
0.006057    0.006712    0.00    0.98    0.00
0.006249    0.000865    0.00    0.98    0.00
0.000925    -0.008457   0.00    0.98    0.00
0.001931    -0.008642   0.00    0.98    0.00
0.004259    0.003865    0.00    0.98    0.00
-0.003980   -0.008365   0.00    0.98    0.00
0.002928    0.005666    0.00    0.98    0.00
-0.004792   -0.002849   0.00    0.98    0.00
-0.005926   0.006350    0.00    0.98    0.00
-0.002373   0.009416    0.00    0.98    0.00
-0.007443   0.004740    0.00    0.98    0.00
-0.004546   0.001589    0.00    0.98    0.00
0.001930    0.006582    0.00    0.98    0.00
-0.005032   -0.005690   0.00    0.98    0.00
0.004559    -0.006045   0.00    0.98    0.00
0.006085    0.003911    0.00    0.98    0.00
-0.003880   -0.007818   0.00    0.98    0.00
-0.002036   -0.001555   0.00    0.98    0.00
0.003425    0.002407    0.00    0.98    0.00
0.003236    0.002097    0.00    0.98    0.00
0.004268    0.006158    0.00    0.98    0.00
-0.002593   0.002164    0.00    0.98    0.00
0.006386    0.004888    0.00    0.98    0.00
0.000469    0.008202    0.00    0.98    0.00
0.003010    -0.000124   0.00    0.98    0.00
0.002007    -0.000157   0.00    0.98    0.00
-0.001854   -0.005765   0.00    0.98    0.00
0.001225    -0.001438   0.00    0.98    0.00
-0.008664   -0.002306   0.00    0.98    0.00
-0.001963   0.001062    0.00    0.98    0.00
0.000906    0.003300    0.00    0.98    0.00
0.007009    0.006842    0.00    0.98    0.00
0.002787    -0.004995   0.00    0.98    0.00
0.004167    0.008121    0.00    0.98    0.00
-0.000617   0.004411    0.00    0.98    0.00
-0.000693   -0.004185   0.00    0.98    0.00
0.008689    0.000720    0.00    0.98    0.00
0.007245    0.005897    0.00    0.98    0.00
-0.001804   0.009600    0.00    0.98    0.00
-0.002723   0.001393    0.00    0.98    0.00
0.004307    -0.004728   0.00    0.98    0.00
-0.009468   0.000726    0.00    0.98    0.00
-0.001507   -0.009251   0.00    0.98    0.00
-0.004704   -0.001024   0.00    0.98    0.00
0.003917    -0.004201   0.00    0.98    0.00
-0.008139   -0.005492   0.00    0.98    0.00
0.001128    0.007978    0.00    0.98    0.00
-0.000661   -0.007399   0.00    0.98    0.00
0.004469    0.001744    0.00    0.98    0.00
0.000675    0.005704    0.00    0.98    0.00
-0.004797   -0.003116   0.00    0.98    0.00
-0.000603   0.002803    0.00    0.98    0.00
-0.001052   -0.009645   0.00    0.98    0.00
0.004446    0.004309    0.00    0.98    0.00
0.000202    -0.000973   0.00    0.98    0.00
0.007805    -0.004598   0.00    0.98    0.00
-0.007994   -0.002315   0.00    0.98    0.00
-0.003183   0.009270    0.00    0.98    0.00
0.007106    -0.006121   0.00    0.98    0.00
0.000295    0.006610    0.00    0.98    0.00
-0.007309   0.005980    0.00    0.98    0.00
0.000514    -0.005338   0.00    0.98    0.00
-0.003190   -0.005784   0.00    0.98    0.00
-0.000858   0.001354    0.00    0.98    0.00
-0.004581   0.006639    0.00    0.98    0.00
-0.005801   0.005984    0.00    0.98    0.00
0.000620    -0.009743   0.00    0.98    0.00
-0.005198   -0.000979   0.00    0.98    0.00
0.001899    0.009684    0.00    0.98    0.00
-0.007899   0.001983    0.00    0.98    0.00
0.006442    -0.000923   0.00    0.98    0.00
-0.007144   -0.004435   0.00    0.98    0.00
0.003783    0.007850    0.00    0.98    0.00
0.002499    -0.006971   0.00    0.98    0.00
-0.002272   0.004717    0.00    0.98    0.00
-0.003963   -0.005061   0.00    0.98    0.00
-0.006520   -0.005481   0.00    0.98    0.00
0.002507    0.006536    0.00    0.98    0.00
0.001108    -0.004798   0.00    0.98    0.00
0.004070    0.008684    0.00    0.98    0.00
0.006542    -0.003679   0.00    0.98    0.00
0.000885    -0.001384   0.00    0.98    0.00
0.002288    0.002579    0.00    0.98    0.00
0.001694    0.003226    0.00    0.98    0.00
-0.004111   -0.005459   0.00    0.98    0.00
-0.002310   -0.007123   0.00    0.98    0.00
-0.001171   -0.003828   0.00    0.98    0.00
0.006130    0.004401    0.00    0.98    0.00
0.007264    0.006357    0.00    0.98    0.00
-0.004386   -0.000863   0.00    0.98    0.00
0.004047    -0.007926   0.00    0.98    0.00
-0.004098   -0.001793   0.00    0.98    0.00
-0.007380   -0.003478   0.00    0.98    0.00
0.005331    0.000560    0.00    0.98    0.00
0.000520    -0.003898   0.00    0.98    0.00
0.000844    0.007102    0.00    0.98    0.00
-0.002340   0.007059    0.00    0.98    0.00
-0.004712   0.005324    0.00    0.98    0.00
0.002245    -0.008000   0.00    0.98    0.00
0.002897    -0.005677   0.00    0.98    0.00
0.003616    0.000078    0.00    0.98    0.00
-0.001859   0.002561    0.00    0.98    0.00
0.006753    -0.001794   0.00    0.98    0.00
-0.004936   0.000307    0.00    0.98    0.00
-0.001711   0.003068    0.00    0.98    0.00
-0.006188   -0.000070   0.00    0.98    0.00
-0.004309   -0.001338   0.00    0.98    0.00
-0.000693   -0.000546   0.00    0.98    0.00
0.004301    0.003225    0.00    0.98    0.00
0.006462    0.002892    0.00    0.98    0.00
-0.005409   -0.007530   0.00    0.98    0.00
0.007875    -0.004981   0.00    0.98    0.00
-0.004029   0.002402    0.00    0.98    0.00
-0.002617   -0.001853   0.00    0.98    0.00
0.002522    -0.007821   0.00    0.98    0.00
0.000414    0.009797    0.00    0.98    0.00
-0.004716   0.007013    0.00    0.98    0.00
-0.004575   -0.008657   0.00    0.98    0.00
-0.008547   0.000324    0.00    0.98    0.00
-0.003371   0.001613    0.00    0.98    0.00
-0.001844   0.006540    0.00    0.98    0.00
0.002287    -0.009656   0.00    0.98    0.00
0.001964    0.002008    0.00    0.98    0.00
0.003973    -0.001520   0.00    0.98    0.00
0.004570    0.007641    0.00    0.98    0.00
-0.009207   -0.000223   0.00    0.98    0.00
0.002456    -0.007687   0.00    0.98    0.00
0.005759    0.002456    0.00    0.98    0.00
-0.001593   0.006544    0.00    0.98    0.00
-0.006342   -0.001814   0.00    0.98    0.00
0.001064    -0.009474   0.00    0.98    0.00
0.006625    -0.005973   0.00    0.98    0.00
-0.000831   -0.002563   0.00    0.98    0.00
-0.006400   0.001451    0.00    0.98    0.00
0.004297    0.005280    0.00    0.98    0.00
0.001121    -0.001972   0.00    0.98    0.00
0.000059    0.005900    0.00    0.98    0.00
0.004689    0.003702    0.00    0.98    0.00
0.005617    0.003061    0.00    0.98    0.00
-0.007677   0.002024    0.00    0.98    0.00
-0.000975   -0.006452   0.00    0.98    0.00
0.002959    -0.000517   0.00    0.98    0.00
0.002143    -0.000261   0.00    0.98    0.00
0.004930    0.005694    0.00    0.98    0.00
-0.005607   -0.006102   0.00    0.98    0.00
-0.008625   -0.003462   0.00    0.98    0.00
-0.006465   -0.005450   0.00    0.98    0.00
0.001584    0.007533    0.00    0.98    0.00
-0.000455   0.009502    0.00    0.98    0.00
0.002258    -0.003399   0.00    0.98    0.00
0.002840    0.004769    0.00    0.98    0.00
-0.003755   -0.000284   0.00    0.98    0.00
0.002046    -0.007185   0.00    0.98    0.00
-0.005044   -0.006034   0.00    0.98    0.00
-0.005483   -0.003318   0.00    0.98    0.00
-0.001989   0.006138    0.00    0.98    0.00
-0.008738   0.000060    0.00    0.98    0.00
-0.006984   0.001811    0.00    0.98    0.00
-0.003524   0.005855    0.00    0.98    0.00
0.002523    -0.006602   0.00    0.98    0.00
-0.006618   0.005171    0.00    0.98    0.00
0.007777    0.006163    0.00    0.98    0.00
0.007668    0.003713    0.00    0.98    0.00
0.003224    0.000146    0.00    0.98    0.00
0.000036    -0.007195   0.00    0.98    0.00
0.004588    0.000522    0.00    0.98    0.00
0.002209    0.009640    0.00    0.98    0.00
-0.000486   -0.004668   0.00    0.98    0.00
0.005411    0.005965    0.00    0.98    0.00
0.009045    -0.000469   0.00    0.98    0.00
-0.004095   0.004324    0.00    0.98    0.00
-0.003321   -0.000739   0.00    0.98    0.00
-0.007425   -0.004419   0.00    0.98    0.00
-0.001479   -0.007092   0.00    0.98    0.00
0.007980    0.000979    0.00    0.98    0.00
0.003965    0.007622    0.00    0.98    0.00
-0.009163   0.000761    0.00    0.98    0.00
0.003574    0.005790    0.00    0.98    0.00
-0.000799   0.009365    0.00    0.98    0.00
0.003517    -0.000522   0.00    0.98    0.00
0.004218    0.007056    0.00    0.98    0.00
-0.000643   -0.009127   0.00    0.98    0.00
0.006937    0.003792    0.00    0.98    0.00
0.002730    0.001334    0.00    0.98    0.00
0.008306    -0.002326   0.00    0.98    0.00
-0.004309   0.005756    0.00    0.98    0.00
-0.000740   0.004392    0.00    0.98    0.00
-0.002934   -0.005128   0.00    0.98    0.00
-0.000627   0.009075    0.00    0.98    0.00
-0.008298   0.005518    0.00    0.98    0.00
0.002180    -0.005879   0.00    0.98    0.00
-0.005721   -0.004051   0.00    0.98    0.00
-0.001090   -0.009452   0.00    0.98    0.00
0.003826    -0.007140   0.00    0.98    0.00
0.003127    0.005345    0.00    0.98    0.00
-0.008562   0.002813    0.00    0.98    0.00
-0.000756   0.005705    0.00    0.98    0.00
0.009311    -0.002287   0.00    0.98    0.00
0.005149    -0.007559   0.00    0.98    0.00
-0.001512   -0.002549   0.00    0.98    0.00
0.006680    0.003673    0.00    0.98    0.00
-0.000215   0.008707    0.00    0.98    0.00
0.003659    -0.006664   0.00    0.98    0.00
-0.005095   0.006468    0.00    0.98    0.00
-0.004075   0.002912    0.00    0.98    0.00
-0.008067   0.002401    0.00    0.98    0.00
-0.007347   0.000479    0.00    0.98    0.00
0.000122    0.008438    0.00    0.98    0.00
0.002228    0.008071    0.00    0.98    0.00
0.001432    0.006895    0.00    0.98    0.00
0.002482    -0.004953   0.00    0.98    0.00
-0.001549   0.009696    0.00    0.98    0.00
0.006550    0.000991    0.00    0.98    0.00
-0.007757   -0.001279   0.00    0.98    0.00
-0.005990   0.007524    0.00    0.98    0.00
-0.001069   -0.005177   0.00    0.98    0.00
-0.005813   -0.001346   0.00    0.98    0.00
0.003724    -0.001222   0.00    0.98    0.00
0.006720    -0.003791   0.00    0.98    0.00
0.002717    -0.006538   0.00    0.98    0.00
0.002014    0.001901    0.00    0.98    0.00
0.000247    -0.007272   0.00    0.98    0.00
0.002428    -0.002490   0.00    0.98    0.00
0.007292    0.003439    0.00    0.98    0.00
-0.008773   -0.003446   0.00    0.98    0.00
-0.004876   -0.008240   0.00    0.98    0.00
0.005821    0.000162    0.00    0.98    0.00
-0.003916   0.007502    0.00    0.98    0.00
0.005094    0.003715    0.00    0.98    0.00
-0.000576   0.009014    0.00    0.98    0.00
0.001683    -0.001394   0.00    0.98    0.00
-0.002919   0.003265    0.00    0.98    0.00
-0.009776   0.000592    0.00    0.98    0.00
0.005492    0.003739    0.00    0.98    0.00
0.003439    -0.000308   0.00    0.98    0.00
0.002705    -0.001176   0.00    0.98    0.00
0.003223    0.008325    0.00    0.98    0.00
0.002516    -0.001609   0.00    0.98    0.00
0.002448    0.009344    0.00    0.98    0.00
0.002051    0.008683    0.00    0.98    0.00
0.003490    -0.006366   0.00    0.98    0.00
-0.001670   -0.003483   0.00    0.98    0.00
-0.000076   0.006220    0.00    0.98    0.00
-0.007354   0.001900    0.00    0.98    0.00
-0.001314   0.002861    0.00    0.98    0.00
-0.005373   0.002314    0.00    0.98    0.00
0.002458    0.008132    0.00    0.98    0.00
-0.003349   -0.005462   0.00    0.98    0.00
0.007261    0.003539    0.00    0.98    0.00
0.004678    -0.005848   0.00    0.98    0.00
-0.004268   -0.008345   0.00    0.98    0.00
-0.000722   -0.000585   0.00    0.98    0.00
0.001879    0.005118    0.00    0.98    0.00
0.000466    0.001024    0.00    0.98    0.00
0.000095    0.005440    0.00    0.98    0.00
0.003556    0.005214    0.00    0.98    0.00
-0.002990   0.004875    0.00    0.98    0.00
0.006822    0.003915    0.00    0.98    0.00
-0.003186   0.009126    0.00    0.98    0.00
0.000351    -0.000799   0.00    0.98    0.00
-0.004954   -0.002540   0.00    0.98    0.00
0.005276    -0.007293   0.00    0.98    0.00
-0.008977   0.002399    0.00    0.98    0.00
0.005863    -0.001523   0.00    0.98    0.00
-0.008226   0.001041    0.00    0.98    0.00
0.000529    -0.009027   0.00    0.98    0.00
-0.006457   0.001638    0.00    0.98    0.00
0.007518    0.005683    0.00    0.98    0.00
-0.006205   0.002086    0.00    0.98    0.00
0.002026    -0.009036   0.00    0.98    0.00
0.006056    0.004009    0.00    0.98    0.00
-0.000226   -0.001683   0.00    0.98    0.00
0.008371    0.004006    0.00    0.98    0.00
0.002872    -0.001386   0.00    0.98    0.00
-0.004243   -0.001651   0.00    0.98    0.00
0.008794    -0.002217   0.00    0.98    0.00
-0.008481   0.002398    0.00    0.98    0.00
0.003703    0.003235    0.00    0.98    0.00
-0.003559   -0.008987   0.00    0.98    0.00
-0.008938   -0.002745   0.00    0.98    0.00
0.006131    0.001816    0.00    0.98    0.00
0.005102    -0.004657   0.00    0.98    0.00
0.000947    0.001483    0.00    0.98    0.00
0.001125    0.008219    0.00    0.98    0.00
0.006414    0.000544    0.00    0.98    0.00
-0.002325   -0.004230   0.00    0.98    0.00
0.005366    0.004943    0.00    0.98    0.00
0.003459    -0.001656   0.00    0.98    0.00
0.003070    0.009217    0.00    0.98    0.00
0.001778    0.002740    0.00    0.98    0.00
0.001157    -0.001762   0.00    0.98    0.00
-0.006369   -0.003370   0.00    0.98    0.00
0.005359    -0.000113   0.00    0.98    0.00
-0.002925   -0.007785   0.00    0.98    0.00
0.003995    -0.007549   0.00    0.98    0.00
-0.003324   0.005573    0.00    0.98    0.00
0.002713    -0.007128   0.00    0.98    0.00
-0.002519   0.003391    0.00    0.98    0.00
0.002752    0.000957    0.00    0.98    0.00
0.008301    0.002666    0.00    0.98    0.00
0.007596    -0.001213   0.00    0.98    0.00
0.007002    0.000244    0.00    0.98    0.00
-0.000920   0.002585    0.00    0.98    0.00
0.006756    -0.000305   0.00    0.98    0.00
-0.002979   0.004035    0.00    0.98    0.00
0.002190    0.009433    0.00    0.98    0.00
0.004490    -0.003496   0.00    0.98    0.00
0.006047    0.004370    0.00    0.98    0.00
0.001129    0.009045    0.00    0.98    0.00
-0.009676   0.001714    0.00    0.98    0.00
-0.003535   -0.007744   0.00    0.98    0.00
0.003091    0.008217    0.00    0.98    0.00
-0.008893   -0.001511   0.00    0.98    0.00
-0.000840   -0.009198   0.00    0.98    0.00
0.007964    0.005288    0.00    0.98    0.00
0.003948    -0.007590   0.00    0.98    0.00
0.004289    0.006762    0.00    0.98    0.00
0.008366    -0.000964   0.00    0.98    0.00
0.001265    -0.003123   0.00    0.98    0.00
-0.002303   -0.008644   0.00    0.98    0.00
-0.006957   -0.001736   0.00    0.98    0.00
0.000171    -0.002042   0.00    0.98    0.00
0.000414    -0.006041   0.00    0.98    0.00
0.005563    0.002608    0.00    0.98    0.00
-0.005062   0.005875    0.00    0.98    0.00
0.001406    -0.002148   0.00    0.98    0.00
0.000271    -0.009768   0.00    0.98    0.00
-0.006723   -0.006528   0.00    0.98    0.00
-0.003180   0.004380    0.00    0.98    0.00
0.001477    0.008784    0.00    0.98    0.00
0.005381    -0.005695   0.00    0.98    0.00
-0.006144   0.006303    0.00    0.98    0.00
0.007186    -0.004148   0.00    0.98    0.00
-0.008341   -0.002222   0.00    0.98    0.00
0.003365    -0.004707   0.00    0.98    0.00
0.004800    -0.000437   0.00    0.98    0.00
0.007521    0.002838    0.00    0.98    0.00
0.003983    -0.008715   0.00    0.98    0.00
-0.006530   0.004313    0.00    0.98    0.00
0.003119    -0.004897   0.00    0.98    0.00
0.006497    0.004962    0.00    0.98    0.00
0.000106    -0.007415   0.00    0.98    0.00
-0.000066   -0.002259   0.00    0.98    0.00
0.003057    -0.006430   0.00    0.98    0.00
-0.003275   -0.009044   0.00    0.98    0.00
0.001160    -0.006008   0.00    0.98    0.00
-0.002684   -0.000654   0.00    0.98    0.00
-0.000491   -0.004985   0.00    0.98    0.00
0.000423    -0.004937   0.00    0.98    0.00
-0.007065   0.002068    0.00    0.98    0.00
0.002528    -0.009532   0.00    0.98    0.00
-0.002839   0.008428    0.00    0.98    0.00
-0.005546   0.006312    0.00    0.98    0.00
0.000090    -0.008204   0.00    0.98    0.00
0.008243    0.000332    0.00    0.98    0.00
0.000233    0.009138    0.00    0.98    0.00
-0.005503   -0.003045   0.00    0.98    0.00
0.006339    -0.006065   0.00    0.98    0.00
0.002472    -0.002771   0.00    0.98    0.00
0.006646    0.000023    0.00    0.98    0.00
0.002642    -0.006743   0.00    0.98    0.00
0.001245    0.003754    0.00    0.98    0.00
0.002522    -0.006717   0.00    0.98    0.00
-0.007378   0.004676    0.00    0.98    0.00
-0.003243   0.002557    0.00    0.98    0.00
0.001559    -0.000041   0.00    0.98    0.00
0.002868    0.006765    0.00    0.98    0.00
-0.002398   -0.006076   0.00    0.98    0.00
0.001721    0.000255    0.00    0.98    0.00
0.001362    -0.008414   0.00    0.98    0.00
0.000185    -0.002689   0.00    0.98    0.00
-0.002206   -0.001376   0.00    0.98    0.00
-0.008358   0.002844    0.00    0.98    0.00
-0.007599   0.005482    0.00    0.98    0.00
0.005644    -0.008135   0.00    0.98    0.00
-0.003331   0.007934    0.00    0.98    0.00
0.005377    0.006414    0.00    0.98    0.00
-0.006958   -0.002990   0.00    0.98    0.00
0.000569    -0.005067   0.00    0.98    0.00
-0.006285   0.007116    0.00    0.98    0.00
-0.009339   -0.001346   0.00    0.98    0.00
0.000694    -0.002735   0.00    0.98    0.00
-0.005032   -0.003714   0.00    0.98    0.00
0.001907    0.008712    0.00    0.98    0.00
0.002960    -0.006931   0.00    0.98    0.00
0.000288    -0.007194   0.00    0.98    0.00
-0.000007   -0.000194   0.00    0.98    0.00
-0.000838   0.006479    0.00    0.98    0.00
0.007215    -0.000161   0.00    0.98    0.00
0.003703    0.006970    0.00    0.98    0.00
-0.005514   -0.002640   0.00    0.98    0.00
-0.003385   0.007691    0.00    0.98    0.00
-0.004000   0.006023    0.00    0.98    0.00
0.003500    0.001911    0.00    0.98    0.00
0.004176    -0.004571   0.00    0.98    0.00
-0.004022   0.008528    0.00    0.98    0.00
-0.006075   -0.004766   0.00    0.98    0.00
0.002520    0.000206    0.00    0.98    0.00
0.004256    -0.000739   0.00    0.98    0.00
0.000411    -0.008318   0.00    0.98    0.00
-0.000601   0.009934    0.00    0.98    0.00
-0.006104   -0.007636   0.00    0.98    0.00
0.003813    -0.008942   0.00    0.98    0.00
0.003711    -0.009089   0.00    0.98    0.00
-0.000590   -0.002654   0.00    0.98    0.00
-0.002317   0.008199    0.00    0.98    0.00
-0.006826   -0.004759   0.00    0.98    0.00
0.003294    -0.003225   0.00    0.98    0.00
-0.001307   -0.005719   0.00    0.98    0.00
-0.003814   0.001954    0.00    0.98    0.00
-0.000916   -0.005991   0.00    0.98    0.00
-0.007644   -0.005096   0.00    0.98    0.00
-0.009586   0.002184    0.00    0.98    0.00
0.007592    0.005296    0.00    0.98    0.00
-0.005644   0.002967    0.00    0.98    0.00
-0.007541   -0.001668   0.00    0.98    0.00
-0.005131   0.004889    0.00    0.98    0.00
0.004816    -0.004104   0.00    0.98    0.00
0.003069    -0.002840   0.00    0.98    0.00
0.009738    -0.001160   0.00    0.98    0.00
0.008670    -0.002411   0.00    0.98    0.00
0.001403    -0.004213   0.00    0.98    0.00
-0.006424   0.005382    0.00    0.98    0.00
-0.001464   0.004252    0.00    0.98    0.00
0.005075    0.003688    0.00    0.98    0.00
0.002128    0.007412    0.00    0.98    0.00
-0.003192   -0.001435   0.00    0.98    0.00
-0.002777   0.005190    0.00    0.98    0.00
0.005890    0.006886    0.00    0.98    0.00
-0.009472   -0.000948   0.00    0.98    0.00
-0.002230   -0.001461   0.00    0.98    0.00
0.004320    -0.005171   0.00    0.98    0.00
0.006157    0.007021    0.00    0.98    0.00
0.006567    0.006531    0.00    0.98    0.00
-0.001480   0.007391    0.00    0.98    0.00
-0.008172   0.001224    0.00    0.98    0.00
0.004872    -0.008112   0.00    0.98    0.00
-0.005514   -0.007747   0.00    0.98    0.00
0.000772    0.005201    0.00    0.98    0.00
-0.002423   0.003874    0.00    0.98    0.00
-0.000275   -0.009988   0.00    0.98    0.00
-0.001304   -0.007756   0.00    0.98    0.00
0.009688    0.002454    0.00    0.98    0.00
0.005313    -0.007821   0.00    0.98    0.00
0.007095    0.006528    0.00    0.98    0.00
-0.004623   0.001141    0.00    0.98    0.00
0.006550    -0.003054   0.00    0.98    0.00
0.000277    -0.006607   0.00    0.98    0.00
-0.005462   0.008324    0.00    0.98    0.00
0.005341    -0.004092   0.00    0.98    0.00
0.000436    0.002953    0.00    0.98    0.00
-0.004850   -0.003588   0.00    0.98    0.00
-0.006019   -0.005955   0.00    0.98    0.00
-0.000256   -0.002443   0.00    0.98    0.00
0.001453    0.009267    0.00    0.98    0.00
0.000330    -0.008365   0.00    0.98    0.00
-0.003119   0.004207    0.00    0.98    0.00
0.002026    -0.000197   0.00    0.98    0.00
-0.002517   0.000563    0.00    0.98    0.00
0.001430    -0.001777   0.00    0.98    0.00
0.003301    -0.007515   0.00    0.98    0.00
0.005355    0.008108    0.00    0.98    0.00
0.004765    0.004347    0.00    0.98    0.00
0.006861    -0.002582   0.00    0.98    0.00
0.002455    -0.008435   0.00    0.98    0.00
-0.007385   0.004216    0.00    0.98    0.00
-0.008559   -0.001679   0.00    0.98    0.00
-0.004272   -0.006016   0.00    0.98    0.00
-0.000911   0.004795    0.00    0.98    0.00
0.002159    -0.003572   0.00    0.98    0.00
-0.008773   -0.002031   0.00    0.98    0.00
0.006234    0.006372    0.00    0.98    0.00
0.002001    -0.001766   0.00    0.98    0.00
-0.004685   0.003366    0.00    0.98    0.00
-0.002960   0.001426    0.00    0.98    0.00
-0.001459   0.006134    0.00    0.98    0.00
-0.001626   -0.009243   0.00    0.98    0.00
-0.003085   0.005157    0.00    0.98    0.00
0.007607    -0.005256   0.00    0.98    0.00
0.009798    0.000538    0.00    0.98    0.00
-0.005710   -0.001638   0.00    0.98    0.00
0.002855    -0.008172   0.00    0.98    0.00
0.004268    0.002107    0.00    0.98    0.00
0.000948    -0.008418   0.00    0.98    0.00
-0.002902   -0.008087   0.00    0.98    0.00
0.009776    0.001204    0.00    0.98    0.00
0.005987    -0.001263   0.00    0.98    0.00
0.006322    0.005673    0.00    0.98    0.00
-0.006488   0.006997    0.00    0.98    0.00
-0.002895   -0.003298   0.00    0.98    0.00
-0.003592   0.007159    0.00    0.98    0.00
-0.005445   0.001198    0.00    0.98    0.00
0.008619    0.001243    0.00    0.98    0.00
0.002789    -0.000636   0.00    0.98    0.00
0.004601    0.005740    0.00    0.98    0.00
0.006960    -0.006534   0.00    0.98    0.00
0.006032    0.002994    0.00    0.98    0.00
0.003439    -0.002307   0.00    0.98    0.00
0.001328    -0.002449   0.00    0.98    0.00
-0.008490   -0.003434   0.00    0.98    0.00
0.003556    0.002357    0.00    0.98    0.00
-0.006588   -0.001199   0.00    0.98    0.00
-0.009015   0.003315    0.00    0.98    0.00
0.000309    -0.001213   0.00    0.98    0.00
-0.003435   0.004694    0.00    0.98    0.00
0.002801    -0.005093   0.00    0.98    0.00
-0.005641   -0.007401   0.00    0.98    0.00
0.005393    -0.001136   0.00    0.98    0.00
0.002012    0.009209    0.00    0.98    0.00
0.003810    -0.000297   0.00    0.98    0.00
0.000149    0.008228    0.00    0.98    0.00
-0.006424   -0.002341   0.00    0.98    0.00
-0.001138   0.004756    0.00    0.98    0.00
0.007351    -0.001426   0.00    0.98    0.00
0.006040    0.001841    0.00    0.98    0.00
-0.000830   0.009327    0.00    0.98    0.00
-0.003959   -0.000453   0.00    0.98    0.00
-0.002168   -0.008071   0.00    0.98    0.00
0.008592    -0.002250   0.00    0.98    0.00
0.008348    -0.002450   0.00    0.98    0.00
-0.002415   -0.006133   0.00    0.98    0.00
-0.002691   0.001431    0.00    0.98    0.00
0.003245    0.003274    0.00    0.98    0.00
-0.000006   -0.001115   0.00    0.98    0.00
-0.007430   0.003650    0.00    0.98    0.00
0.008249    -0.004111   0.00    0.98    0.00
-0.006838   0.001651    0.00    0.98    0.00
0.006605    -0.003767   0.00    0.98    0.00
-0.003359   -0.005134   0.00    0.98    0.00
0.008471    0.004985    0.00    0.98    0.00
-0.007865   -0.001388   0.00    0.98    0.00
0.006223    0.005378    0.00    0.98    0.00
0.001966    0.000111    0.00    0.98    0.00
0.004800    -0.000006   0.00    0.98    0.00
0.001157    0.000368    0.00    0.98    0.00
-0.007663   0.005065    0.00    0.98    0.00
-0.004739   0.003544    0.00    0.98    0.00
0.000797    -0.008966   0.00    0.98    0.00
0.002366    0.004353    0.00    0.98    0.00
0.002107    0.005739    0.00    0.98    0.00
0.008563    0.001565    0.00    0.98    0.00
0.000862    -0.009154   0.00    0.98    0.00
0.001897    -0.009492   0.00    0.98    0.00
-0.005755   -0.003722   0.00    0.98    0.00
0.004533    0.001342    0.00    0.98    0.00
0.005026    0.007415    0.00    0.98    0.00
0.001110    0.000442    0.00    0.98    0.00
0.003122    -0.003118   0.00    0.98    0.00
-0.008530   0.004813    0.00    0.98    0.00
-0.009907   -0.001257   0.00    0.98    0.00
0.001534    0.007379    0.00    0.98    0.00
-0.005449   -0.000913   0.00    0.98    0.00
-0.004830   -0.000487   0.00    0.98    0.00
0.004230    0.006408    0.00    0.98    0.00
0.002658    0.002971    0.00    0.98    0.00
0.006933    0.001308    0.00    0.98    0.00
-0.001074   -0.001526   0.00    0.98    0.00
0.006040    0.006606    0.00    0.98    0.00
-0.006160   0.007174    0.00    0.98    0.00
-0.003021   0.000898    0.00    0.98    0.00
0.002369    -0.005651   0.00    0.98    0.00
-0.001052   -0.009511   0.00    0.98    0.00
0.001689    0.003425    0.00    0.98    0.00
0.003105    -0.001990   0.00    0.98    0.00
-0.005345   0.001675    0.00    0.98    0.00
-0.005394   0.001149    0.00    0.98    0.00
-0.008621   -0.001844   0.00    0.98    0.00
0.008672    -0.003614   0.00    0.98    0.00
-0.006745   -0.004917   0.00    0.98    0.00
-0.007033   -0.005418   0.00    0.98    0.00
0.003081    0.006621    0.00    0.98    0.00
0.005452    -0.004700   0.00    0.98    0.00
-0.000815   0.006781    0.00    0.98    0.00
0.005863    -0.000717   0.00    0.98    0.00
0.007435    -0.003924   0.00    0.98    0.00
-0.007428   -0.006652   0.00    0.98    0.00
-0.006277   -0.003450   0.00    0.98    0.00
0.002574    -0.008615   0.00    0.98    0.00
0.008420    -0.001365   0.00    0.98    0.00
0.003716    0.003963    0.00    0.98    0.00
-0.001674   0.008257    0.00    0.98    0.00
0.005697    0.001880    0.00    0.98    0.00
0.004155    -0.003212   0.00    0.98    0.00
0.004265    0.001743    0.00    0.98    0.00
0.002035    -0.000919   0.00    0.98    0.00
-0.001614   -0.007718   0.00    0.98    0.00
0.003557    0.002151    0.00    0.98    0.00
0.005626    0.003947    0.00    0.98    0.00
0.005517    0.007046    0.00    0.98    0.00
0.001658    0.008285    0.00    0.98    0.00
0.000364    -0.007690   0.00    0.98    0.00
-0.003588   -0.000394   0.00    0.98    0.00
0.001982    0.008052    0.00    0.98    0.00
-0.001942   -0.002520   0.00    0.98    0.00
0.001377    -0.001382   0.00    0.98    0.00
0.003736    0.005762    0.00    0.98    0.00
0.008886    0.002336    0.00    0.98    0.00
-0.002219   -0.000558   0.00    0.98    0.00
0.007142    -0.005442   0.00    0.98    0.00
0.009722    0.000342    0.00    0.98    0.00
0.005251    0.007561    0.00    0.98    0.00
0.005373    0.000318    0.00    0.98    0.00
-0.006330   0.000585    0.00    0.98    0.00
0.004568    0.000175    0.00    0.98    0.00
0.003728    0.003858    0.00    0.98    0.00
-0.008108   0.002720    0.00    0.98    0.00
-0.007415   -0.001205   0.00    0.98    0.00
-0.007051   0.002072    0.00    0.98    0.00
-0.006994   0.001861    0.00    0.98    0.00
0.002239    -0.003531   0.00    0.98    0.00
-0.009283   0.000833    0.00    0.98    0.00
-0.004228   0.007073    0.00    0.98    0.00
-0.009465   -0.001377   0.00    0.98    0.00
0.001440    -0.007654   0.00    0.98    0.00
-0.008580   -0.000821   0.00    0.98    0.00
-0.005238   -0.005424   0.00    0.98    0.00
-0.007748   -0.005500   0.00    0.98    0.00
0.004166    -0.007290   0.00    0.98    0.00
0.003883    -0.009139   0.00    0.98    0.00
0.001251    0.000083    0.00    0.98    0.00
0.000470    -0.002312   0.00    0.98    0.00
0.003089    0.004585    0.00    0.98    0.00
0.006203    -0.002211   0.00    0.98    0.00
-0.001888   0.002506    0.00    0.98    0.00
-0.004872   0.000490    0.00    0.98    0.00
0.002858    0.001726    0.00    0.98    0.00
0.002894    0.005983    0.00    0.98    0.00
0.001932    0.004730    0.00    0.98    0.00
-0.002164   0.005533    0.00    0.98    0.00
-0.000549   -0.006841   0.00    0.98    0.00
-0.007226   0.005906    0.00    0.98    0.00
-0.002619   -0.009067   0.00    0.98    0.00
0.001779    -0.004045   0.00    0.98    0.00
0.006627    -0.001308   0.00    0.98    0.00
0.003699    -0.001599   0.00    0.98    0.00
-0.001303   -0.009410   0.00    0.98    0.00
-0.005985   -0.000409   0.00    0.98    0.00
0.002575    0.001436    0.00    0.98    0.00
0.004355    -0.005910   0.00    0.98    0.00
-0.001410   0.009863    0.00    0.98    0.00
0.005697    -0.007490   0.00    0.98    0.00
-0.003914   0.006235    0.00    0.98    0.00
0.008380    0.001034    0.00    0.98    0.00
0.008575    -0.002443   0.00    0.98    0.00
-0.002394   -0.001714   0.00    0.98    0.00
0.005988    -0.002852   0.00    0.98    0.00
0.003856    -0.006934   0.00    0.98    0.00
0.000817    -0.004160   0.00    0.98    0.00
0.003114    -0.001885   0.00    0.98    0.00
0.000053    0.002271    0.00    0.98    0.00
0.004860    -0.004962   0.00    0.98    0.00
-0.001829   0.005728    0.00    0.98    0.00
0.005262    -0.003253   0.00    0.98    0.00
0.002944    -0.009074   0.00    0.98    0.00
-0.004630   -0.007977   0.00    0.98    0.00
-0.002607   0.001667    0.00    0.98    0.00
-0.000947   0.002496    0.00    0.98    0.00
0.004944    -0.005619   0.00    0.98    0.00
0.004708    0.007820    0.00    0.98    0.00
0.000111    0.007560    0.00    0.98    0.00
0.009096    -0.004131   0.00    0.98    0.00
-0.008715   -0.004839   0.00    0.98    0.00
-0.004716   0.003586    0.00    0.98    0.00
-0.004869   0.002032    0.00    0.98    0.00
0.001619    0.001031    0.00    0.98    0.00
0.005802    -0.004878   0.00    0.98    0.00
0.003227    -0.005120   0.00    0.98    0.00
0.002477    -0.009068   0.00    0.98    0.00
-0.002083   -0.003714   0.00    0.98    0.00
0.001335    -0.007855   0.00    0.98    0.00
0.005017    0.008163    0.00    0.98    0.00
0.000709    -0.007896   0.00    0.98    0.00
-0.005060   -0.002605   0.00    0.98    0.00
-0.004201   0.008242    0.00    0.98    0.00
0.005984    0.006400    0.00    0.98    0.00
0.001866    -0.001991   0.00    0.98    0.00
0.008965    -0.003974   0.00    0.98    0.00
0.004862    0.005458    0.00    0.98    0.00
-0.005002   -0.003005   0.00    0.98    0.00
-0.003863   -0.007226   0.00    0.98    0.00
0.009115    -0.001758   0.00    0.98    0.00
-0.005099   0.007598    0.00    0.98    0.00
0.003885    0.006407    0.00    0.98    0.00
0.007099    -0.004939   0.00    0.98    0.00
0.004277    -0.008194   0.00    0.98    0.00
-0.001687   -0.006003   0.00    0.98    0.00
-0.001112   -0.008702   0.00    0.98    0.00
-0.006086   -0.002839   0.00    0.98    0.00
0.000829    0.004529    0.00    0.98    0.00
0.002461    -0.008699   0.00    0.98    0.00
0.004192    -0.004817   0.00    0.98    0.00
0.000116    0.007647    0.00    0.98    0.00
-0.006084   0.005434    0.00    0.98    0.00
0.003169    -0.004603   0.00    0.98    0.00
-0.005683   0.001598    0.00    0.98    0.00
0.004544    -0.004749   0.00    0.98    0.00
-0.005159   -0.008257   0.00    0.98    0.00
-0.001137   -0.001299   0.00    0.98    0.00
0.002891    0.006512    0.00    0.98    0.00
0.006877    0.003036    0.00    0.98    0.00
-0.004188   -0.001361   0.00    0.98    0.00
0.004762    0.006950    0.00    0.98    0.00
0.003354    -0.005169   0.00    0.98    0.00
0.007777    0.001944    0.00    0.98    0.00
0.003768    -0.004909   0.00    0.98    0.00
-0.005110   -0.001372   0.00    0.98    0.00
-0.003253   -0.007455   0.00    0.98    0.00
0.006391    -0.002243   0.00    0.98    0.00
0.002992    0.005830    0.00    0.98    0.00
0.000920    -0.005992   0.00    0.98    0.00
0.006136    0.000548    0.00    0.98    0.00
-0.004169   0.001752    0.00    0.98    0.00
-0.003679   -0.006066   0.00    0.98    0.00
-0.001730   0.009207    0.00    0.98    0.00
0.000857    -0.004475   0.00    0.98    0.00
0.007141    -0.005628   0.00    0.98    0.00
0.002444    -0.004300   0.00    0.98    0.00
0.001774    -0.005383   0.00    0.98    0.00
-0.008218   -0.000642   0.00    0.98    0.00
0.009954    -0.000181   0.00    0.98    0.00
0.001504    0.006480    0.00    0.98    0.00
0.003276    0.008174    0.00    0.98    0.00
-0.000374   0.000584    0.00    0.98    0.00
0.008516    -0.001602   0.00    0.98    0.00
0.000897    0.001425    0.00    0.98    0.00
0.000279    0.004607    0.00    0.98    0.00
0.002713    0.001318    0.00    0.98    0.00
-0.007528   -0.004220   0.00    0.98    0.00
-0.002288   0.003243    0.00    0.98    0.00
-0.006264   0.006033    0.00    0.98    0.00
0.004466    -0.004086   0.00    0.98    0.00
0.004863    0.000713    0.00    0.98    0.00
0.000158    0.001861    0.00    0.98    0.00
-0.006604   -0.004604   0.00    0.98    0.00
-0.001862   0.007012    0.00    0.98    0.00
0.000480    -0.001581   0.00    0.98    0.00
-0.001314   -0.000181   0.00    0.98    0.00
0.003575    -0.007310   0.00    0.98    0.00
0.000221    -0.005513   0.00    0.98    0.00
0.004271    0.006765    0.00    0.98    0.00
-0.004798   0.007915    0.00    0.98    0.00
-0.008087   0.005046    0.00    0.98    0.00
-0.007081   0.001650    0.00    0.98    0.00
-0.009577   -0.001669   0.00    0.98    0.00
0.003959    -0.001048   0.00    0.98    0.00
0.008112    -0.004777   0.00    0.98    0.00
0.002388    -0.005219   0.00    0.98    0.00
-0.007124   -0.005505   0.00    0.98    0.00
0.004849    -0.006628   0.00    0.98    0.00
-0.006209   0.003761    0.00    0.98    0.00
-0.007370   0.001246    0.00    0.98    0.00
-0.003929   -0.005633   0.00    0.98    0.00
0.006516    0.004942    0.00    0.98    0.00
0.001854    -0.005732   0.00    0.98    0.00
0.006838    0.000999    0.00    0.98    0.00
0.005183    0.005334    0.00    0.98    0.00
0.001348    -0.006074   0.00    0.98    0.00
-0.001929   -0.004695   0.00    0.98    0.00
-0.001642   -0.004379   0.00    0.98    0.00
-0.005120   0.003885    0.00    0.98    0.00
-0.007187   0.005031    0.00    0.98    0.00
-0.005306   -0.005216   0.00    0.98    0.00
-0.009137   0.001539    0.00    0.98    0.00
-0.003916   0.003969    0.00    0.98    0.00
-0.000246   -0.009973   0.00    0.98    0.00
0.005116    0.006341    0.00    0.98    0.00
-0.007250   0.004451    0.00    0.98    0.00
0.000327    -0.001594   0.00    0.98    0.00
-0.006133   -0.002254   0.00    0.98    0.00
-0.007994   0.003291    0.00    0.98    0.00
0.004915    0.002898    0.00    0.98    0.00
0.005026    0.008058    0.00    0.98    0.00
0.008228    -0.000393   0.00    0.98    0.00
0.008468    0.001801    0.00    0.98    0.00
-0.009289   0.000358    0.00    0.98    0.00
0.007123    0.003618    0.00    0.98    0.00
-0.004493   -0.005790   0.00    0.98    0.00
-0.005519   -0.005080   0.00    0.98    0.00
-0.004691   -0.007090   0.00    0.98    0.00
0.002971    0.002551    0.00    0.98    0.00
0.001208    0.007270    0.00    0.98    0.00
-0.000690   -0.005249   0.00    0.98    0.00
-0.005849   0.005298    0.00    0.98    0.00
-0.002778   -0.008824   0.00    0.98    0.00
0.005730    -0.004865   0.00    0.98    0.00
0.007297    0.000361    0.00    0.98    0.00
0.005644    -0.006335   0.00    0.98    0.00
0.005949    0.007031    0.00    0.98    0.00
0.002720    -0.002429   0.00    0.98    0.00
0.000122    0.000735    0.00    0.98    0.00
-0.000488   -0.003820   0.00    0.98    0.00
0.004712    -0.002260   0.00    0.98    0.00
0.002308    0.008607    0.00    0.98    0.00
-0.008000   -0.002960   0.00    0.98    0.00
-0.000721   -0.000985   0.00    0.98    0.00
-0.005449   -0.004393   0.00    0.98    0.00
0.001849    -0.009528   0.00    0.98    0.00
-0.005479   -0.004950   0.00    0.98    0.00
0.002962    0.004834    0.00    0.98    0.00
0.003129    0.004719    0.00    0.98    0.00
0.009047    -0.000066   0.00    0.98    0.00
0.000032    0.007524    0.00    0.98    0.00
0.009064    -0.000404   0.00    0.98    0.00
-0.000618   -0.000174   0.00    0.98    0.00
0.003061    0.000961    0.00    0.98    0.00
-0.004864   -0.003755   0.00    0.98    0.00
-0.003669   -0.000440   0.00    0.98    0.00
-0.003271   0.007268    0.00    0.98    0.00
0.001417    -0.005235   0.00    0.98    0.00
0.002396    0.005671    0.00    0.98    0.00
-0.007452   -0.000322   0.00    0.98    0.00
-0.007514   -0.002885   0.00    0.98    0.00
-0.008504   0.000762    0.00    0.98    0.00
-0.003000   0.007786    0.00    0.98    0.00
0.002759    -0.000325   0.00    0.98    0.00
0.001866    -0.003274   0.00    0.98    0.00
0.004914    0.004946    0.00    0.98    0.00
0.007734    0.004041    0.00    0.98    0.00
0.003991    0.002339    0.00    0.98    0.00
-0.000442   0.009979    0.00    0.98    0.00
-0.003408   -0.003803   0.00    0.98    0.00
0.001028    -0.007389   0.00    0.98    0.00
-0.006795   0.005674    0.00    0.98    0.00
-0.004646   -0.004549   0.00    0.98    0.00
-0.000969   0.002727    0.00    0.98    0.00
0.000069    -0.005166   0.00    0.98    0.00
0.004215    -0.000636   0.00    0.98    0.00
0.001514    0.002052    0.00    0.98    0.00
0.001086    -0.004445   0.00    0.98    0.00
-0.004242   -0.007118   0.00    0.98    0.00
0.000930    0.000767    0.00    0.98    0.00
-0.002795   -0.007090   0.00    0.98    0.00
-0.006811   -0.001987   0.00    0.98    0.00
0.007368    0.000541    0.00    0.98    0.00
-0.002132   -0.009455   0.00    0.98    0.00
-0.006730   0.006128    0.00    0.98    0.00
-0.003693   -0.001397   0.00    0.98    0.00
-0.003376   -0.000095   0.00    0.98    0.00
0.005332    -0.000591   0.00    0.98    0.00
-0.007176   0.003549    0.00    0.98    0.00
0.004138    -0.004734   0.00    0.98    0.00
0.005676    0.007229    0.00    0.98    0.00
0.002053    -0.009199   0.00    0.98    0.00
-0.001052   -0.009269   0.00    0.98    0.00
-0.003483   -0.006162   0.00    0.98    0.00
0.007552    -0.002906   0.00    0.98    0.00
0.001027    -0.009779   0.00    0.98    0.00
0.001549    -0.008416   0.00    0.98    0.00
0.002645    0.003825    0.00    0.98    0.00
0.006137    -0.005475   0.00    0.98    0.00
-0.004504   0.004323    0.00    0.98    0.00
-0.007069   -0.001960   0.00    0.98    0.00
-0.002686   0.005653    0.00    0.98    0.00
-0.008511   -0.003657   0.00    0.98    0.00
-0.004675   0.007462    0.00    0.98    0.00
0.001358    -0.002044   0.00    0.98    0.00
0.008876    -0.003373   0.00    0.98    0.00
-0.004521   0.001377    0.00    0.98    0.00
0.006569    0.006380    0.00    0.98    0.00
-0.001273   -0.007668   0.00    0.98    0.00
-0.006397   -0.005326   0.00    0.98    0.00
0.001232    0.006087    0.00    0.98    0.00
-0.002995   -0.009076   0.00    0.98    0.00
-0.001822   0.007196    0.00    0.98    0.00
0.004824    -0.003736   0.00    0.98    0.00
-0.003228   0.006037    0.00    0.98    0.00
0.005186    -0.001925   0.00    0.98    0.00
-0.003988   0.007576    0.00    0.98    0.00
-0.008045   -0.004703   0.00    0.98    0.00
0.003067    0.008796    0.00    0.98    0.00
0.009014    -0.003525   0.00    0.98    0.00
-0.001326   0.001315    0.00    0.98    0.00
-0.008692   0.002209    0.00    0.98    0.00
0.002478    -0.008805   0.00    0.98    0.00
0.001165    0.001233    0.00    0.98    0.00
0.000595    -0.007998   0.00    0.98    0.00
0.007137    0.000094    0.00    0.98    0.00
0.005380    -0.006241   0.00    0.98    0.00
0.003991    -0.008940   0.00    0.98    0.00
-0.003949   0.007103    0.00    0.98    0.00
-0.000200   -0.008544   0.00    0.98    0.00
-0.007038   0.002243    0.00    0.98    0.00
-0.006293   0.000143    0.00    0.98    0.00
0.000723    -0.007175   0.00    0.98    0.00
0.005847    -0.007641   0.00    0.98    0.00
-0.002735   0.003648    0.00    0.98    0.00
0.002558    -0.005839   0.00    0.98    0.00
-0.000954   -0.008094   0.00    0.98    0.00
-0.003800   0.003579    0.00    0.98    0.00
-0.008435   -0.005078   0.00    0.98    0.00
0.007849    -0.003817   0.00    0.98    0.00
0.002400    0.008296    0.00    0.98    0.00
-0.006842   0.005976    0.00    0.98    0.00
-0.004967   0.005114    0.00    0.98    0.00
0.004358    -0.002492   0.00    0.98    0.00
-0.005515   0.006944    0.00    0.98    0.00
-0.004724   -0.003090   0.00    0.98    0.00
-0.007054   0.001828    0.00    0.98    0.00
-0.006270   -0.006213   0.00    0.98    0.00
0.002251    0.005602    0.00    0.98    0.00
0.009647    -0.001034   0.00    0.98    0.00
0.005542    -0.004867   0.00    0.98    0.00
-0.002270   -0.000015   0.00    0.98    0.00
0.003674    0.004880    0.00    0.98    0.00
-0.001546   -0.002919   0.00    0.98    0.00
0.004337    0.003039    0.00    0.98    0.00
0.000406    0.000891    0.00    0.98    0.00
0.006732    0.005294    0.00    0.98    0.00
0.002842    0.001679    0.00    0.98    0.00
0.006300    0.004625    0.00    0.98    0.00
-0.001374   -0.002088   0.00    0.98    0.00
0.003195    -0.006637   0.00    0.98    0.00
-0.001098   -0.008041   0.00    0.98    0.00
-0.006272   -0.005710   0.00    0.98    0.00
0.004382    0.000665    0.00    0.98    0.00
-0.005326   0.006545    0.00    0.98    0.00
0.003982    -0.000292   0.00    0.98    0.00
-0.001127   0.006887    0.00    0.98    0.00
-0.000998   -0.008934   0.00    0.98    0.00
-0.003081   -0.006540   0.00    0.98    0.00
0.008614    0.003813    0.00    0.98    0.00
0.002833    -0.006362   0.00    0.98    0.00
-0.007908   -0.001497   0.00    0.98    0.00
-0.001749   0.003589    0.00    0.98    0.00
-0.000896   -0.001379   0.00    0.98    0.00
-0.001834   0.008026    0.00    0.98    0.00
-0.009495   -0.002471   0.00    0.98    0.00
0.005721    0.002819    0.00    0.98    0.00
0.000073    -0.004260   0.00    0.98    0.00
0.006933    -0.005047   0.00    0.98    0.00
0.007254    0.004949    0.00    0.98    0.00
0.007360    -0.004638   0.00    0.98    0.00
0.003105    0.007211    0.00    0.98    0.00
0.005224    0.006156    0.00    0.98    0.00
0.000616    -0.005387   0.00    0.98    0.00
-0.005380   -0.000043   0.00    0.98    0.00
0.003536    -0.004600   0.00    0.98    0.00
-0.006542   0.005172    0.00    0.98    0.00
-0.005246   0.004544    0.00    0.98    0.00
-0.005588   0.001370    0.00    0.98    0.00
0.003348    0.003718    0.00    0.98    0.00
0.004773    0.001766    0.00    0.98    0.00
0.002467    -0.009505   0.00    0.98    0.00
-0.007046   -0.006313   0.00    0.98    0.00
0.002848    -0.005660   0.00    0.98    0.00
0.001294    -0.008477   0.00    0.98    0.00
0.004789    -0.001562   0.00    0.98    0.00
-0.004090   -0.004271   0.00    0.98    0.00
0.004275    0.008837    0.00    0.98    0.00
0.002287    0.000645    0.00    0.98    0.00
-0.000899   -0.002239   0.00    0.98    0.00
-0.000456   -0.008725   0.00    0.98    0.00
0.006015    0.004389    0.00    0.98    0.00
-0.001147   0.005862    0.00    0.98    0.00
-0.007022   -0.001385   0.00    0.98    0.00
0.004069    0.007601    0.00    0.98    0.00
0.007507    -0.002234   0.00    0.98    0.00
-0.006325   0.007136    0.00    0.98    0.00
0.001773    -0.008365   0.00    0.98    0.00
0.000865    0.008236    0.00    0.98    0.00
-0.004778   -0.004206   0.00    0.98    0.00
-0.001423   0.002369    0.00    0.98    0.00
-0.008359   -0.003703   0.00    0.98    0.00
0.007293    -0.004402   0.00    0.98    0.00
0.002837    -0.008196   0.00    0.98    0.00
-0.007011   0.004247    0.00    0.98    0.00
0.002621    0.001532    0.00    0.98    0.00
-0.009601   -0.001109   0.00    0.98    0.00
0.003045    -0.008424   0.00    0.98    0.00
-0.005725   -0.001772   0.00    0.98    0.00
-0.002997   0.003740    0.00    0.98    0.00
0.007215    0.002474    0.00    0.98    0.00
-0.000321   0.001258    0.00    0.98    0.00
0.001163    -0.009815   0.00    0.98    0.00
0.023564    0.023766    0.00    0.00    0.98
0.022978    0.017351    0.00    0.00    0.98
0.017819    0.024570    0.00    0.00    0.98
0.020687    0.019741    0.00    0.00    0.98
0.023082    0.024416    0.00    0.00    0.98
0.024083    0.023757    0.00    0.00    0.98
0.024161    0.020181    0.00    0.00    0.98
0.020133    0.024876    0.00    0.00    0.98
0.024908    0.019328    0.00    0.00    0.98
0.021768    0.022937    0.00    0.00    0.98
0.021023    0.022835    0.00    0.00    0.98
0.018586    0.016603    0.00    0.00    0.98
0.017845    0.019530    0.00    0.00    0.98
0.017556    0.015474    0.00    0.00    0.98
0.017710    0.020383    0.00    0.00    0.98
0.021108    0.021136    0.00    0.00    0.98
0.020522    0.021421    0.00    0.00    0.98
0.024484    0.016077    0.00    0.00    0.98
0.023564    0.022305    0.00    0.00    0.98
0.017448    0.015982    0.00    0.00    0.98
0.016113    0.018002    0.00    0.00    0.98
0.021254    0.022157    0.00    0.00    0.98
0.023347    0.024011    0.00    0.00    0.98
0.024937    0.017857    0.00    0.00    0.98
0.023113    0.022785    0.00    0.00    0.98
0.016393    0.017035    0.00    0.00    0.98
0.019751    0.023226    0.00    0.00    0.98
0.015200    0.020614    0.00    0.00    0.98
0.023021    0.022036    0.00    0.00    0.98
0.019430    0.018513    0.00    0.00    0.98
0.015740    0.018749    0.00    0.00    0.98
0.016677    0.016919    0.00    0.00    0.98
0.017727    0.020269    0.00    0.00    0.98
0.019901    0.019954    0.00    0.00    0.98
0.018739    0.018976    0.00    0.00    0.98
0.015358    0.016246    0.00    0.00    0.98
0.018150    0.024366    0.00    0.00    0.98
0.020056    0.021328    0.00    0.00    0.98
0.024093    0.018127    0.00    0.00    0.98
0.016672    0.015756    0.00    0.00    0.98
0.022022    0.022341    0.00    0.00    0.98
0.023953    0.015856    0.00    0.00    0.98
0.018892    0.021817    0.00    0.00    0.98
0.020525    0.021994    0.00    0.00    0.98
0.017348    0.020437    0.00    0.00    0.98
0.024100    0.016156    0.00    0.00    0.98
0.017526    0.016458    0.00    0.00    0.98
0.022978    0.018994    0.00    0.00    0.98
0.018645    0.018433    0.00    0.00    0.98
0.017399    0.023599    0.00    0.00    0.98
0.021385    0.024745    0.00    0.00    0.98
0.018891    0.022373    0.00    0.00    0.98
0.015086    0.024950    0.00    0.00    0.98
0.016262    0.019209    0.00    0.00    0.98
0.020316    0.023409    0.00    0.00    0.98
0.022165    0.016822    0.00    0.00    0.98
0.022063    0.018134    0.00    0.00    0.98
0.020200    0.022799    0.00    0.00    0.98
0.015759    0.016602    0.00    0.00    0.98
0.018475    0.020716    0.00    0.00    0.98
0.024029    0.015261    0.00    0.00    0.98
0.019365    0.023179    0.00    0.00    0.98
0.017955    0.023686    0.00    0.00    0.98
0.024573    0.019637    0.00    0.00    0.98
0.022682    0.015305    0.00    0.00    0.98
0.016251    0.022214    0.00    0.00    0.98
0.019593    0.017318    0.00    0.00    0.98
0.018623    0.019517    0.00    0.00    0.98
0.016088    0.019003    0.00    0.00    0.98
0.020524    0.024003    0.00    0.00    0.98
0.022648    0.017949    0.00    0.00    0.98
0.016559    0.021092    0.00    0.00    0.98
0.016342    0.021506    0.00    0.00    0.98
0.018903    0.016299    0.00    0.00    0.98
0.019122    0.020056    0.00    0.00    0.98
0.022496    0.023383    0.00    0.00    0.98
0.023659    0.022585    0.00    0.00    0.98
0.022217    0.021262    0.00    0.00    0.98
0.023821    0.017173    0.00    0.00    0.98
0.022516    0.023914    0.00    0.00    0.98
0.015180    0.022367    0.00    0.00    0.98
0.020289    0.017908    0.00    0.00    0.98
0.024318    0.018180    0.00    0.00    0.98
0.015870    0.023143    0.00    0.00    0.98
0.016992    0.016703    0.00    0.00    0.98
0.023614    0.021010    0.00    0.00    0.98
0.022022    0.015484    0.00    0.00    0.98
0.015481    0.015967    0.00    0.00    0.98
0.015200    0.017123    0.00    0.00    0.98
0.016134    0.017413    0.00    0.00    0.98
0.022389    0.020694    0.00    0.00    0.98
0.024188    0.020853    0.00    0.00    0.98
0.022670    0.021298    0.00    0.00    0.98
0.016013    0.022413    0.00    0.00    0.98
0.022998    0.022383    0.00    0.00    0.98
0.024918    0.015422    0.00    0.00    0.98
0.023135    0.019542    0.00    0.00    0.98
0.019364    0.023861    0.00    0.00    0.98
0.019354    0.017723    0.00    0.00    0.98
0.018943    0.020759    0.00    0.00    0.98
0.016089    0.024255    0.00    0.00    0.98
0.018017    0.019643    0.00    0.00    0.98
0.019758    0.016075    0.00    0.00    0.98
0.016346    0.021105    0.00    0.00    0.98
0.020808    0.015452    0.00    0.00    0.98
0.021114    0.018896    0.00    0.00    0.98
0.018936    0.016244    0.00    0.00    0.98
0.023630    0.020045    0.00    0.00    0.98
0.022399    0.015994    0.00    0.00    0.98
0.020605    0.017017    0.00    0.00    0.98
0.017017    0.019259    0.00    0.00    0.98
0.015558    0.021909    0.00    0.00    0.98
0.016875    0.018876    0.00    0.00    0.98
0.017387    0.015845    0.00    0.00    0.98
0.016792    0.018502    0.00    0.00    0.98
0.016953    0.016666    0.00    0.00    0.98
0.018007    0.021454    0.00    0.00    0.98
0.021454    0.018759    0.00    0.00    0.98
0.023309    0.015868    0.00    0.00    0.98
0.020996    0.021099    0.00    0.00    0.98
0.024678    0.018472    0.00    0.00    0.98
0.015720    0.023626    0.00    0.00    0.98
0.020907    0.016331    0.00    0.00    0.98
0.017786    0.023594    0.00    0.00    0.98
0.023876    0.019549    0.00    0.00    0.98
0.019248    0.016207    0.00    0.00    0.98
0.020501    0.017849    0.00    0.00    0.98
0.023845    0.020329    0.00    0.00    0.98
0.017499    0.015162    0.00    0.00    0.98
0.021195    0.018531    0.00    0.00    0.98
0.015596    0.016523    0.00    0.00    0.98
0.017129    0.023829    0.00    0.00    0.98
0.023066    0.024659    0.00    0.00    0.98
0.016909    0.016113    0.00    0.00    0.98
0.016253    0.017393    0.00    0.00    0.98
0.023508    0.015801    0.00    0.00    0.98
0.016955    0.020399    0.00    0.00    0.98
0.018234    0.017906    0.00    0.00    0.98
0.023311    0.020106    0.00    0.00    0.98
0.023640    0.024984    0.00    0.00    0.98
0.018968    0.021697    0.00    0.00    0.98
0.016393    0.023974    0.00    0.00    0.98
0.021503    0.017854    0.00    0.00    0.98
0.019322    0.023149    0.00    0.00    0.98
0.019079    0.016570    0.00    0.00    0.98
0.022674    0.023544    0.00    0.00    0.98
0.016322    0.021444    0.00    0.00    0.98
0.015343    0.022923    0.00    0.00    0.98
0.023221    0.022391    0.00    0.00    0.98
0.015811    0.023016    0.00    0.00    0.98
0.023949    0.024774    0.00    0.00    0.98
0.016751    0.022701    0.00    0.00    0.98
0.017816    0.017691    0.00    0.00    0.98
0.018433    0.022327    0.00    0.00    0.98
0.021358    0.015656    0.00    0.00    0.98
0.020566    0.015031    0.00    0.00    0.98
0.021307    0.023868    0.00    0.00    0.98
0.024802    0.021220    0.00    0.00    0.98
0.017771    0.018337    0.00    0.00    0.98
0.015868    0.020903    0.00    0.00    0.98
0.019640    0.017432    0.00    0.00    0.98
0.016419    0.016798    0.00    0.00    0.98
0.024370    0.023237    0.00    0.00    0.98
0.024103    0.021863    0.00    0.00    0.98
0.023695    0.021807    0.00    0.00    0.98
0.017361    0.022127    0.00    0.00    0.98
0.022136    0.022861    0.00    0.00    0.98
0.020911    0.021094    0.00    0.00    0.98
0.017159    0.016490    0.00    0.00    0.98
0.018191    0.015446    0.00    0.00    0.98
0.015401    0.020326    0.00    0.00    0.98
0.020636    0.024882    0.00    0.00    0.98
0.016086    0.019669    0.00    0.00    0.98
0.016519    0.015594    0.00    0.00    0.98
0.017778    0.019890    0.00    0.00    0.98
0.015995    0.023793    0.00    0.00    0.98
0.019827    0.015595    0.00    0.00    0.98
0.023440    0.020635    0.00    0.00    0.98
0.015984    0.015096    0.00    0.00    0.98
0.021558    0.023479    0.00    0.00    0.98
0.023705    0.021907    0.00    0.00    0.98
0.016959    0.024581    0.00    0.00    0.98
0.020511    0.018607    0.00    0.00    0.98
0.023039    0.023269    0.00    0.00    0.98
0.024222    0.019471    0.00    0.00    0.98
0.018604    0.021189    0.00    0.00    0.98
0.016952    0.019708    0.00    0.00    0.98
0.018267    0.018576    0.00    0.00    0.98
0.019835    0.023373    0.00    0.00    0.98
0.021504    0.022003    0.00    0.00    0.98
0.022198    0.022454    0.00    0.00    0.98
0.016362    0.020599    0.00    0.00    0.98
0.021344    0.020391    0.00    0.00    0.98
0.018805    0.022609    0.00    0.00    0.98
0.021909    0.022557    0.00    0.00    0.98
0.021509    0.017647    0.00    0.00    0.98
0.019620    0.016688    0.00    0.00    0.98
0.017088    0.017968    0.00    0.00    0.98
0.019938    0.020042    0.00    0.00    0.98
0.024568    0.017426    0.00    0.00    0.98
0.018132    0.015763    0.00    0.00    0.98
0.015866    0.017596    0.00    0.00    0.98
0.019768    0.017386    0.00    0.00    0.98
0.023927    0.016747    0.00    0.00    0.98
0.022849    0.021386    0.00    0.00    0.98
0.022062    0.019070    0.00    0.00    0.98
0.018751    0.019574    0.00    0.00    0.98
0.016048    0.020540    0.00    0.00    0.98
0.024513    0.021018    0.00    0.00    0.98
0.017500    0.019226    0.00    0.00    0.98
0.016345    0.017589    0.00    0.00    0.98
0.017727    0.017090    0.00    0.00    0.98
0.016618    0.018480    0.00    0.00    0.98
0.016193    0.023263    0.00    0.00    0.98
0.016502    0.021181    0.00    0.00    0.98
0.024513    0.015635    0.00    0.00    0.98
0.018389    0.023045    0.00    0.00    0.98
0.016056    0.015650    0.00    0.00    0.98
0.023718    0.024251    0.00    0.00    0.98
0.016570    0.023781    0.00    0.00    0.98
0.024712    0.021593    0.00    0.00    0.98
0.024746    0.022564    0.00    0.00    0.98
0.018255    0.016378    0.00    0.00    0.98
0.018957    0.024328    0.00    0.00    0.98
0.021121    0.018898    0.00    0.00    0.98
0.021305    0.022775    0.00    0.00    0.98
0.020269    0.022045    0.00    0.00    0.98
0.019061    0.022582    0.00    0.00    0.98
0.016349    0.022917    0.00    0.00    0.98
0.018382    0.016224    0.00    0.00    0.98
0.023979    0.020778    0.00    0.00    0.98
0.024682    0.016820    0.00    0.00    0.98
0.019594    0.015067    0.00    0.00    0.98
0.020100    0.015724    0.00    0.00    0.98
0.019233    0.020347    0.00    0.00    0.98
0.021505    0.016477    0.00    0.00    0.98
0.024339    0.023489    0.00    0.00    0.98
0.022626    0.022093    0.00    0.00    0.98
0.017476    0.024736    0.00    0.00    0.98
0.024507    0.023068    0.00    0.00    0.98
0.016232    0.024873    0.00    0.00    0.98
0.017004    0.017525    0.00    0.00    0.98
0.018960    0.015234    0.00    0.00    0.98
0.020726    0.024741    0.00    0.00    0.98
0.020074    0.015099    0.00    0.00    0.98
0.023772    0.023081    0.00    0.00    0.98
0.015033    0.019851    0.00    0.00    0.98
0.016385    0.023571    0.00    0.00    0.98
0.023040    0.024237    0.00    0.00    0.98
0.022502    0.016816    0.00    0.00    0.98
0.015024    0.023221    0.00    0.00    0.98
0.024773    0.022101    0.00    0.00    0.98
0.016927    0.019660    0.00    0.00    0.98
0.021103    0.020113    0.00    0.00    0.98
0.021418    0.022162    0.00    0.00    0.98
0.016562    0.022318    0.00    0.00    0.98
0.022392    0.024560    0.00    0.00    0.98
0.021027    0.018155    0.00    0.00    0.98
0.019911    0.019904    0.00    0.00    0.98
0.021473    0.019225    0.00    0.00    0.98
0.020364    0.018738    0.00    0.00    0.98
0.019312    0.017230    0.00    0.00    0.98
0.020467    0.024011    0.00    0.00    0.98
0.019371    0.017597    0.00    0.00    0.98
0.020697    0.024076    0.00    0.00    0.98
0.024982    0.016445    0.00    0.00    0.98
0.024880    0.023805    0.00    0.00    0.98
0.017395    0.018781    0.00    0.00    0.98
0.017341    0.024342    0.00    0.00    0.98
0.018833    0.015077    0.00    0.00    0.98
0.024365    0.017779    0.00    0.00    0.98
0.019232    0.022558    0.00    0.00    0.98
0.015642    0.015282    0.00    0.00    0.98
0.023462    0.018104    0.00    0.00    0.98
0.019433    0.015178    0.00    0.00    0.98
0.018249    0.024823    0.00    0.00    0.98
0.016534    0.015124    0.00    0.00    0.98
0.015273    0.021082    0.00    0.00    0.98
0.017965    0.016402    0.00    0.00    0.98
0.016551    0.024053    0.00    0.00    0.98
0.022383    0.024235    0.00    0.00    0.98
0.018611    0.020494    0.00    0.00    0.98
0.023136    0.019921    0.00    0.00    0.98
0.020875    0.016671    0.00    0.00    0.98
0.017843    0.022385    0.00    0.00    0.98
0.016382    0.018974    0.00    0.00    0.98
0.015694    0.022836    0.00    0.00    0.98
0.024350    0.017024    0.00    0.00    0.98
0.017303    0.020833    0.00    0.00    0.98
0.016369    0.023982    0.00    0.00    0.98
0.019604    0.024970    0.00    0.00    0.98
0.022772    0.019712    0.00    0.00    0.98
0.021572    0.021223    0.00    0.00    0.98
0.023176    0.017083    0.00    0.00    0.98
0.024470    0.023958    0.00    0.00    0.98
0.018572    0.019377    0.00    0.00    0.98
0.024482    0.015530    0.00    0.00    0.98
0.023783    0.022741    0.00    0.00    0.98
0.020159    0.024669    0.00    0.00    0.98
0.021612    0.020574    0.00    0.00    0.98
0.017909    0.017690    0.00    0.00    0.98
0.016632    0.021510    0.00    0.00    0.98
0.020120    0.020976    0.00    0.00    0.98
0.019805    0.020787    0.00    0.00    0.98
0.022812    0.017019    0.00    0.00    0.98
0.019843    0.018545    0.00    0.00    0.98
0.021700    0.019833    0.00    0.00    0.98
0.023553    0.023608    0.00    0.00    0.98
0.022293    0.017951    0.00    0.00    0.98
0.022507    0.021072    0.00    0.00    0.98
0.020211    0.022539    0.00    0.00    0.98
0.020286    0.020824    0.00    0.00    0.98
0.017247    0.020548    0.00    0.00    0.98
0.021235    0.018591    0.00    0.00    0.98
0.023714    0.021446    0.00    0.00    0.98
0.024545    0.024619    0.00    0.00    0.98
0.023444    0.023059    0.00    0.00    0.98
0.020816    0.022024    0.00    0.00    0.98
0.022742    0.022687    0.00    0.00    0.98
0.017706    0.015858    0.00    0.00    0.98
0.022083    0.019790    0.00    0.00    0.98
0.016052    0.017427    0.00    0.00    0.98
0.018565    0.021919    0.00    0.00    0.98
0.018963    0.016886    0.00    0.00    0.98
0.016494    0.019098    0.00    0.00    0.98
0.017605    0.016761    0.00    0.00    0.98
0.022653    0.019957    0.00    0.00    0.98
0.024543    0.021010    0.00    0.00    0.98
0.022449    0.024854    0.00    0.00    0.98
0.020067    0.015425    0.00    0.00    0.98
0.018750    0.016853    0.00    0.00    0.98
0.017378    0.022186    0.00    0.00    0.98
0.016547    0.022573    0.00    0.00    0.98
0.016782    0.019018    0.00    0.00    0.98
0.019006    0.019631    0.00    0.00    0.98
0.016254    0.018844    0.00    0.00    0.98
0.017871    0.021687    0.00    0.00    0.98
0.020009    0.018915    0.00    0.00    0.98
0.023110    0.015637    0.00    0.00    0.98
0.016359    0.015449    0.00    0.00    0.98
0.020545    0.016387    0.00    0.00    0.98
0.021638    0.024875    0.00    0.00    0.98
0.015835    0.018313    0.00    0.00    0.98
0.021829    0.018699    0.00    0.00    0.98
0.018488    0.021995    0.00    0.00    0.98
0.021788    0.024167    0.00    0.00    0.98
0.019578    0.016827    0.00    0.00    0.98
0.017854    0.016755    0.00    0.00    0.98
0.024871    0.015611    0.00    0.00    0.98
0.020726    0.021328    0.00    0.00    0.98
0.015943    0.018899    0.00    0.00    0.98
0.016258    0.016302    0.00    0.00    0.98
0.023674    0.016652    0.00    0.00    0.98
0.024541    0.019651    0.00    0.00    0.98
0.024229    0.015989    0.00    0.00    0.98
0.017032    0.016509    0.00    0.00    0.98
0.017445    0.017514    0.00    0.00    0.98
0.024015    0.019977    0.00    0.00    0.98
0.017514    0.018323    0.00    0.00    0.98
0.024582    0.015133    0.00    0.00    0.98
0.021423    0.016269    0.00    0.00    0.98
0.019842    0.015724    0.00    0.00    0.98
0.017281    0.018432    0.00    0.00    0.98
0.021827    0.019367    0.00    0.00    0.98
0.024933    0.016891    0.00    0.00    0.98
0.016028    0.016880    0.00    0.00    0.98
0.017087    0.021515    0.00    0.00    0.98
0.024842    0.021950    0.00    0.00    0.98
0.022526    0.023257    0.00    0.00    0.98
0.020922    0.017631    0.00    0.00    0.98
0.024815    0.021995    0.00    0.00    0.98
0.015786    0.023049    0.00    0.00    0.98
0.017708    0.020136    0.00    0.00    0.98
0.016031    0.019800    0.00    0.00    0.98
0.016539    0.018950    0.00    0.00    0.98
0.024430    0.021468    0.00    0.00    0.98
0.018724    0.019508    0.00    0.00    0.98
0.015112    0.024824    0.00    0.00    0.98
0.023277    0.024629    0.00    0.00    0.98
0.023733    0.023560    0.00    0.00    0.98
0.015996    0.024498    0.00    0.00    0.98
0.018555    0.016484    0.00    0.00    0.98
0.019745    0.023874    0.00    0.00    0.98
0.017338    0.017266    0.00    0.00    0.98
0.020116    0.016924    0.00    0.00    0.98
0.019783    0.019668    0.00    0.00    0.98
0.023857    0.019245    0.00    0.00    0.98
0.021250    0.019978    0.00    0.00    0.98
0.018973    0.018092    0.00    0.00    0.98
0.021629    0.023948    0.00    0.00    0.98
0.023544    0.017964    0.00    0.00    0.98
0.020622    0.024971    0.00    0.00    0.98
0.020962    0.021166    0.00    0.00    0.98
0.016390    0.022517    0.00    0.00    0.98
0.021857    0.023131    0.00    0.00    0.98
0.024472    0.020676    0.00    0.00    0.98
0.016613    0.019021    0.00    0.00    0.98
0.015761    0.023201    0.00    0.00    0.98
0.022395    0.021218    0.00    0.00    0.98
0.023301    0.023267    0.00    0.00    0.98
0.015239    0.024359    0.00    0.00    0.98
0.015077    0.017527    0.00    0.00    0.98
0.021441    0.024419    0.00    0.00    0.98
0.015629    0.018318    0.00    0.00    0.98
0.024411    0.024088    0.00    0.00    0.98
0.017597    0.016786    0.00    0.00    0.98
0.024107    0.017952    0.00    0.00    0.98
0.022214    0.018358    0.00    0.00    0.98
0.022029    0.024379    0.00    0.00    0.98
0.021170    0.015601    0.00    0.00    0.98
0.016661    0.019565    0.00    0.00    0.98
0.023616    0.020319    0.00    0.00    0.98
0.015943    0.015823    0.00    0.00    0.98
0.019979    0.017574    0.00    0.00    0.98
0.017957    0.020623    0.00    0.00    0.98
0.019249    0.022383    0.00    0.00    0.98
0.021161    0.023691    0.00    0.00    0.98
0.016294    0.024455    0.00    0.00    0.98
0.020817    0.018201    0.00    0.00    0.98
0.022650    0.024901    0.00    0.00    0.98
0.022870    0.021747    0.00    0.00    0.98
0.016870    0.023670    0.00    0.00    0.98
0.016398    0.019487    0.00    0.00    0.98
0.024303    0.018970    0.00    0.00    0.98
0.022746    0.022384    0.00    0.00    0.98
0.022556    0.015560    0.00    0.00    0.98
0.023951    0.019244    0.00    0.00    0.98
0.017894    0.023103    0.00    0.00    0.98
0.018115    0.017621    0.00    0.00    0.98
0.019059    0.017165    0.00    0.00    0.98
0.015986    0.017158    0.00    0.00    0.98
0.016351    0.016753    0.00    0.00    0.98
0.023470    0.024216    0.00    0.00    0.98
0.017543    0.015266    0.00    0.00    0.98
0.021485    0.022923    0.00    0.00    0.98
0.015810    0.023034    0.00    0.00    0.98
0.022148    0.021252    0.00    0.00    0.98
0.024052    0.015805    0.00    0.00    0.98
0.015695    0.023842    0.00    0.00    0.98
0.015517    0.018333    0.00    0.00    0.98
0.017470    0.022905    0.00    0.00    0.98
0.020781    0.023845    0.00    0.00    0.98
0.022267    0.019640    0.00    0.00    0.98
0.019408    0.019951    0.00    0.00    0.98
0.019827    0.015439    0.00    0.00    0.98
0.024429    0.017479    0.00    0.00    0.98
0.024544    0.020316    0.00    0.00    0.98
0.018963    0.017538    0.00    0.00    0.98
0.017613    0.023872    0.00    0.00    0.98
0.021554    0.023241    0.00    0.00    0.98
0.023462    0.016474    0.00    0.00    0.98
0.020217    0.024875    0.00    0.00    0.98
0.017538    0.015900    0.00    0.00    0.98
0.024766    0.017137    0.00    0.00    0.98
0.022899    0.017736    0.00    0.00    0.98
0.020949    0.024376    0.00    0.00    0.98
0.020209    0.022459    0.00    0.00    0.98
0.018938    0.019632    0.00    0.00    0.98
0.022762    0.015815    0.00    0.00    0.98
0.023647    0.024382    0.00    0.00    0.98
0.021699    0.017438    0.00    0.00    0.98
0.022236    0.022687    0.00    0.00    0.98
0.015131    0.021069    0.00    0.00    0.98
0.015496    0.021613    0.00    0.00    0.98
0.024995    0.019783    0.00    0.00    0.98
0.021539    0.019542    0.00    0.00    0.98
0.018585    0.022183    0.00    0.00    0.98
0.017091    0.017469    0.00    0.00    0.98
0.019451    0.020162    0.00    0.00    0.98
0.022983    0.015828    0.00    0.00    0.98
0.016184    0.018268    0.00    0.00    0.98
0.017123    0.024956    0.00    0.00    0.98
0.015770    0.019089    0.00    0.00    0.98
0.017757    0.024876    0.00    0.00    0.98
0.022565    0.015771    0.00    0.00    0.98
0.021433    0.015591    0.00    0.00    0.98
0.018865    0.015931    0.00    0.00    0.98
0.017762    0.018156    0.00    0.00    0.98
0.019595    0.022946    0.00    0.00    0.98
0.019488    0.021509    0.00    0.00    0.98
0.023372    0.022170    0.00    0.00    0.98
0.022417    0.024562    0.00    0.00    0.98
0.022707    0.018434    0.00    0.00    0.98
0.016883    0.021733    0.00    0.00    0.98
0.023106    0.022611    0.00    0.00    0.98
0.021442    0.021270    0.00    0.00    0.98
0.021081    0.024611    0.00    0.00    0.98
0.016159    0.016321    0.00    0.00    0.98
0.015055    0.017407    0.00    0.00    0.98
0.020891    0.019074    0.00    0.00    0.98
0.019005    0.015991    0.00    0.00    0.98
0.024215    0.021705    0.00    0.00    0.98
0.020457    0.017027    0.00    0.00    0.98
0.018446    0.019585    0.00    0.00    0.98
0.016457    0.022852    0.00    0.00    0.98
0.015385    0.015067    0.00    0.00    0.98
0.019048    0.016879    0.00    0.00    0.98
0.016374    0.022999    0.00    0.00    0.98
0.020688    0.020058    0.00    0.00    0.98
0.020481    0.015022    0.00    0.00    0.98
0.016886    0.018591    0.00    0.00    0.98
0.024222    0.023584    0.00    0.00    0.98
0.015207    0.024674    0.00    0.00    0.98
0.017874    0.023616    0.00    0.00    0.98
0.022809    0.019904    0.00    0.00    0.98
0.022724    0.017352    0.00    0.00    0.98
0.017763    0.019193    0.00    0.00    0.98
0.015471    0.017907    0.00    0.00    0.98
0.024957    0.020042    0.00    0.00    0.98
0.016079    0.020077    0.00    0.00    0.98
0.017343    0.022764    0.00    0.00    0.98
0.020254    0.021523    0.00    0.00    0.98
0.018875    0.024159    0.00    0.00    0.98
0.021745    0.020004    0.00    0.00    0.98
0.024192    0.016774    0.00    0.00    0.98
0.022670    0.024116    0.00    0.00    0.98
0.017638    0.021693    0.00    0.00    0.98
0.022593    0.023929    0.00    0.00    0.98
0.020385    0.021209    0.00    0.00    0.98
0.020220    0.024291    0.00    0.00    0.98
0.015572    0.024637    0.00    0.00    0.98
0.020637    0.016659    0.00    0.00    0.98
0.021984    0.022613    0.00    0.00    0.98
0.024876    0.022212    0.00    0.00    0.98
0.020089    0.022011    0.00    0.00    0.98
0.024303    0.024282    0.00    0.00    0.98
0.022451    0.024012    0.00    0.00    0.98
0.024998    0.016102    0.00    0.00    0.98
0.021747    0.017986    0.00    0.00    0.98
0.015685    0.023755    0.00    0.00    0.98
0.020448    0.020852    0.00    0.00    0.98
0.015113    0.020520    0.00    0.00    0.98
0.020274    0.018197    0.00    0.00    0.98
0.017970    0.018994    0.00    0.00    0.98
0.016113    0.024932    0.00    0.00    0.98
0.018116    0.024441    0.00    0.00    0.98
0.024056    0.016148    0.00    0.00    0.98
0.021690    0.015383    0.00    0.00    0.98
0.022768    0.020666    0.00    0.00    0.98
0.017493    0.022236    0.00    0.00    0.98
0.016934    0.021509    0.00    0.00    0.98
0.020289    0.015005    0.00    0.00    0.98
0.020930    0.016291    0.00    0.00    0.98
0.019062    0.016230    0.00    0.00    0.98
0.019739    0.023420    0.00    0.00    0.98
0.019472    0.016537    0.00    0.00    0.98
0.023838    0.024796    0.00    0.00    0.98
0.021430    0.018147    0.00    0.00    0.98
0.018610    0.016158    0.00    0.00    0.98
0.017977    0.024489    0.00    0.00    0.98
0.015564    0.023827    0.00    0.00    0.98
0.020332    0.021853    0.00    0.00    0.98
0.016951    0.023916    0.00    0.00    0.98
0.016786    0.021021    0.00    0.00    0.98
0.017031    0.024197    0.00    0.00    0.98
0.019223    0.019978    0.00    0.00    0.98
0.021286    0.021787    0.00    0.00    0.98
0.024436    0.020717    0.00    0.00    0.98
0.021235    0.024166    0.00    0.00    0.98
0.017452    0.024852    0.00    0.00    0.98
0.019663    0.021937    0.00    0.00    0.98
0.024404    0.022425    0.00    0.00    0.98
0.015803    0.016742    0.00    0.00    0.98
0.022634    0.021879    0.00    0.00    0.98
0.021738    0.023737    0.00    0.00    0.98
0.024262    0.020196    0.00    0.00    0.98
0.020384    0.022385    0.00    0.00    0.98
0.017849    0.017470    0.00    0.00    0.98
0.015878    0.017741    0.00    0.00    0.98
0.021301    0.023186    0.00    0.00    0.98
0.016252    0.024298    0.00    0.00    0.98
0.017568    0.023768    0.00    0.00    0.98
0.016301    0.019651    0.00    0.00    0.98
0.018589    0.021070    0.00    0.00    0.98
0.017504    0.015121    0.00    0.00    0.98
0.016520    0.021159    0.00    0.00    0.98
0.016090    0.020509    0.00    0.00    0.98
0.015384    0.019779    0.00    0.00    0.98
0.021197    0.018789    0.00    0.00    0.98
0.015292    0.019143    0.00    0.00    0.98
0.017432    0.016996    0.00    0.00    0.98
0.024064    0.022939    0.00    0.00    0.98
0.019739    0.020553    0.00    0.00    0.98
0.020477    0.023081    0.00    0.00    0.98
0.018115    0.016181    0.00    0.00    0.98
0.021342    0.021245    0.00    0.00    0.98
0.016580    0.023375    0.00    0.00    0.98
0.018254    0.018825    0.00    0.00    0.98
0.015611    0.022040    0.00    0.00    0.98
0.015406    0.020456    0.00    0.00    0.98
0.018690    0.022094    0.00    0.00    0.98
0.020099    0.020807    0.00    0.00    0.98
0.017514    0.024600    0.00    0.00    0.98
0.016587    0.022827    0.00    0.00    0.98
0.020498    0.021245    0.00    0.00    0.98
0.023879    0.022446    0.00    0.00    0.98
0.021185    0.020958    0.00    0.00    0.98
0.022613    0.020819    0.00    0.00    0.98
0.016286    0.024075    0.00    0.00    0.98
0.023167    0.015865    0.00    0.00    0.98
0.022170    0.015540    0.00    0.00    0.98
0.024305    0.024319    0.00    0.00    0.98
0.023711    0.016541    0.00    0.00    0.98
0.021574    0.024036    0.00    0.00    0.98
0.015691    0.024097    0.00    0.00    0.98
0.017635    0.022523    0.00    0.00    0.98
0.020303    0.017625    0.00    0.00    0.98
0.023208    0.020267    0.00    0.00    0.98
0.017802    0.018065    0.00    0.00    0.98
0.021888    0.019032    0.00    0.00    0.98
0.018371    0.022169    0.00    0.00    0.98
0.015457    0.017440    0.00    0.00    0.98
0.020032    0.021607    0.00    0.00    0.98
0.019204    0.018058    0.00    0.00    0.98
0.015398    0.017920    0.00    0.00    0.98
0.020780    0.022439    0.00    0.00    0.98
0.017342    0.018575    0.00    0.00    0.98
0.019576    0.019792    0.00    0.00    0.98
0.018898    0.021785    0.00    0.00    0.98
0.018657    0.021209    0.00    0.00    0.98
0.022950    0.016044    0.00    0.00    0.98
0.019510    0.016407    0.00    0.00    0.98
0.020747    0.024222    0.00    0.00    0.98
0.015617    0.016931    0.00    0.00    0.98
0.015125    0.016014    0.00    0.00    0.98
0.023431    0.021432    0.00    0.00    0.98
0.022698    0.018698    0.00    0.00    0.98
0.021307    0.024650    0.00    0.00    0.98
0.022825    0.019741    0.00    0.00    0.98
0.024448    0.019536    0.00    0.00    0.98
0.018748    0.016271    0.00    0.00    0.98
0.024958    0.015774    0.00    0.00    0.98
0.021151    0.022710    0.00    0.00    0.98
0.017599    0.024173    0.00    0.00    0.98
0.019963    0.017389    0.00    0.00    0.98
0.018171    0.016897    0.00    0.00    0.98
0.019970    0.020325    0.00    0.00    0.98
0.016215    0.017666    0.00    0.00    0.98
0.020814    0.017948    0.00    0.00    0.98
0.019076    0.018501    0.00    0.00    0.98
0.016827    0.016200    0.00    0.00    0.98
0.023353    0.023384    0.00    0.00    0.98
0.017230    0.024585    0.00    0.00    0.98
0.024682    0.022788    0.00    0.00    0.98
0.017073    0.017377    0.00    0.00    0.98
0.021715    0.024759    0.00    0.00    0.98
0.017685    0.019434    0.00    0.00    0.98
0.015044    0.015526    0.00    0.00    0.98
0.024332    0.021129    0.00    0.00    0.98
0.016725    0.015211    0.00    0.00    0.98
0.022511    0.016752    0.00    0.00    0.98
0.024294    0.021663    0.00    0.00    0.98
0.018076    0.017535    0.00    0.00    0.98
0.015372    0.019620    0.00    0.00    0.98
0.022541    0.019141    0.00    0.00    0.98
0.023471    0.019817    0.00    0.00    0.98
0.024644    0.020211    0.00    0.00    0.98
0.020402    0.020979    0.00    0.00    0.98
0.023765    0.019141    0.00    0.00    0.98
0.015067    0.021864    0.00    0.00    0.98
0.022406    0.023004    0.00    0.00    0.98
0.022327    0.020919    0.00    0.00    0.98
0.016128    0.022606    0.00    0.00    0.98
0.019413    0.016544    0.00    0.00    0.98
0.016934    0.017968    0.00    0.00    0.98
0.023998    0.017358    0.00    0.00    0.98
0.023282    0.016947    0.00    0.00    0.98
0.024240    0.023905    0.00    0.00    0.98
0.015382    0.021095    0.00    0.00    0.98
0.021680    0.017013    0.00    0.00    0.98
0.023634    0.016842    0.00    0.00    0.98
0.015240    0.021873    0.00    0.00    0.98
0.016761    0.018706    0.00    0.00    0.98
0.016976    0.019099    0.00    0.00    0.98
0.021913    0.015177    0.00    0.00    0.98
0.019191    0.018339    0.00    0.00    0.98
0.017302    0.020305    0.00    0.00    0.98
0.023190    0.018430    0.00    0.00    0.98
0.015430    0.024805    0.00    0.00    0.98
0.024371    0.018680    0.00    0.00    0.98
0.024491    0.016856    0.00    0.00    0.98
0.017346    0.017787    0.00    0.00    0.98
0.022472    0.018076    0.00    0.00    0.98
0.023557    0.022020    0.00    0.00    0.98
0.023567    0.021086    0.00    0.00    0.98
0.015276    0.017780    0.00    0.00    0.98
0.022296    0.016291    0.00    0.00    0.98
0.024818    0.022307    0.00    0.00    0.98
0.018277    0.021983    0.00    0.00    0.98
0.021678    0.024924    0.00    0.00    0.98
0.023199    0.023205    0.00    0.00    0.98
0.018353    0.023327    0.00    0.00    0.98
0.020033    0.022410    0.00    0.00    0.98
0.020872    0.020951    0.00    0.00    0.98
0.023779    0.023214    0.00    0.00    0.98
0.019716    0.024571    0.00    0.00    0.98
0.020496    0.019305    0.00    0.00    0.98
0.023487    0.021416    0.00    0.00    0.98
0.023525    0.019042    0.00    0.00    0.98
0.023348    0.024613    0.00    0.00    0.98
0.016482    0.021765    0.00    0.00    0.98
0.018058    0.015486    0.00    0.00    0.98
0.016771    0.024941    0.00    0.00    0.98
0.021717    0.017679    0.00    0.00    0.98
0.020915    0.023887    0.00    0.00    0.98
0.015979    0.024624    0.00    0.00    0.98
0.023080    0.021222    0.00    0.00    0.98
0.024904    0.023686    0.00    0.00    0.98
0.016540    0.022637    0.00    0.00    0.98
0.023906    0.021210    0.00    0.00    0.98
0.017083    0.019229    0.00    0.00    0.98
0.016282    0.024569    0.00    0.00    0.98
0.022738    0.020526    0.00    0.00    0.98
0.024992    0.016704    0.00    0.00    0.98
0.020663    0.017350    0.00    0.00    0.98
0.015919    0.022274    0.00    0.00    0.98
0.016504    0.017201    0.00    0.00    0.98
0.015467    0.021088    0.00    0.00    0.98
0.017468    0.016447    0.00    0.00    0.98
0.015156    0.018401    0.00    0.00    0.98
0.017256    0.017244    0.00    0.00    0.98
0.020799    0.020426    0.00    0.00    0.98
0.020690    0.020456    0.00    0.00    0.98
0.016952    0.022800    0.00    0.00    0.98
0.023105    0.022766    0.00    0.00    0.98
0.020372    0.015280    0.00    0.00    0.98
0.015317    0.015644    0.00    0.00    0.98
0.020379    0.021828    0.00    0.00    0.98
0.018265    0.017499    0.00    0.00    0.98
0.015714    0.019982    0.00    0.00    0.98
0.021803    0.018199    0.00    0.00    0.98
0.020091    0.020689    0.00    0.00    0.98
0.023517    0.020350    0.00    0.00    0.98
0.016506    0.016685    0.00    0.00    0.98
0.021841    0.021426    0.00    0.00    0.98
0.022674    0.020118    0.00    0.00    0.98
0.024917    0.023042    0.00    0.00    0.98
0.019821    0.015206    0.00    0.00    0.98
0.023945    0.016264    0.00    0.00    0.98
0.024327    0.024348    0.00    0.00    0.98
0.016302    0.019399    0.00    0.00    0.98
0.018141    0.015769    0.00    0.00    0.98
0.021126    0.015732    0.00    0.00    0.98
0.017769    0.015594    0.00    0.00    0.98
0.024310    0.017982    0.00    0.00    0.98
0.015321    0.017883    0.00    0.00    0.98
0.024120    0.017691    0.00    0.00    0.98
0.022729    0.020278    0.00    0.00    0.98
0.020302    0.022531    0.00    0.00    0.98
0.024498    0.023977    0.00    0.00    0.98
0.022724    0.024638    0.00    0.00    0.98
0.016175    0.020830    0.00    0.00    0.98
0.024483    0.017998    0.00    0.00    0.98
0.020279    0.018360    0.00    0.00    0.98
0.017165    0.019612    0.00    0.00    0.98
0.023384    0.016275    0.00    0.00    0.98
0.020158    0.019499    0.00    0.00    0.98
0.022806    0.019473    0.00    0.00    0.98
0.021084    0.024592    0.00    0.00    0.98
0.019656    0.020153    0.00    0.00    0.98
0.023973    0.024704    0.00    0.00    0.98
0.024846    0.015384    0.00    0.00    0.98
0.016600    0.018427    0.00    0.00    0.98
0.024147    0.020256    0.00    0.00    0.98
0.016392    0.021886    0.00    0.00    0.98
0.016372    0.024692    0.00    0.00    0.98
0.019838    0.018822    0.00    0.00    0.98
0.015992    0.016609    0.00    0.00    0.98
0.023075    0.015091    0.00    0.00    0.98
0.017645    0.023904    0.00    0.00    0.98
0.022429    0.020651    0.00    0.00    0.98
0.021186    0.021589    0.00    0.00    0.98
0.015213    0.016356    0.00    0.00    0.98
0.018164    0.023438    0.00    0.00    0.98
0.015733    0.021287    0.00    0.00    0.98
0.024296    0.018669    0.00    0.00    0.98
0.023053    0.024852    0.00    0.00    0.98
0.015026    0.019571    0.00    0.00    0.98
0.020327    0.023552    0.00    0.00    0.98
0.015942    0.021836    0.00    0.00    0.98
0.023011    0.017198    0.00    0.00    0.98
0.022929    0.021194    0.00    0.00    0.98
0.015332    0.020348    0.00    0.00    0.98
0.016866    0.018434    0.00    0.00    0.98
0.019782    0.019850    0.00    0.00    0.98
0.020984    0.017765    0.00    0.00    0.98
0.016961    0.016302    0.00    0.00    0.98
0.021411    0.022985    0.00    0.00    0.98
0.020947    0.018472    0.00    0.00    0.98
0.021518    0.015935    0.00    0.00    0.98
0.021652    0.020957    0.00    0.00    0.98
0.016529    0.016362    0.00    0.00    0.98
0.018259    0.020904    0.00    0.00    0.98
0.015692    0.019769    0.00    0.00    0.98
0.017928    0.024479    0.00    0.00    0.98
0.020819    0.021194    0.00    0.00    0.98
0.024976    0.019890    0.00    0.00    0.98
0.017487    0.017886    0.00    0.00    0.98
0.017163    0.020440    0.00    0.00    0.98
0.018657    0.022952    0.00    0.00    0.98
0.016790    0.024525    0.00    0.00    0.98
0.023869    0.019190    0.00    0.00    0.98
0.018149    0.023962    0.00    0.00    0.98
0.021758    0.018102    0.00    0.00    0.98
0.024259    0.022012    0.00    0.00    0.98
0.023398    0.021538    0.00    0.00    0.98
0.022405    0.018696    0.00    0.00    0.98
0.015644    0.023450    0.00    0.00    0.98
0.021873    0.018435    0.00    0.00    0.98
0.021528    0.016588    0.00    0.00    0.98
0.023441    0.020400    0.00    0.00    0.98
0.024879    0.023045    0.00    0.00    0.98
0.022629    0.016672    0.00    0.00    0.98
0.016668    0.017563    0.00    0.00    0.98
0.016903    0.019655    0.00    0.00    0.98
0.020549    0.020475    0.00    0.00    0.98
0.024233    0.019238    0.00    0.00    0.98
0.017107    0.016438    0.00    0.00    0.98
0.024818    0.022366    0.00    0.00    0.98
0.022844    0.017815    0.00    0.00    0.98
0.015188    0.017492    0.00    0.00    0.98
0.015743    0.022431    0.00    0.00    0.98
0.016587    0.024386    0.00    0.00    0.98
0.022262    0.022144    0.00    0.00    0.98
0.024268    0.024759    0.00    0.00    0.98
0.015364    0.022775    0.00    0.00    0.98
0.017742    0.016195    0.00    0.00    0.98
0.018039    0.018420    0.00    0.00    0.98
0.021052    0.015194    0.00    0.00    0.98
0.022815    0.020626    0.00    0.00    0.98
0.019157    0.020930    0.00    0.00    0.98
0.023756    0.016033    0.00    0.00    0.98
0.015916    0.024588    0.00    0.00    0.98
0.016463    0.017235    0.00    0.00    0.98
0.023661    0.022967    0.00    0.00    0.98
0.022730    0.022545    0.00    0.00    0.98
0.023662    0.015114    0.00    0.00    0.98
0.019633    0.024894    0.00    0.00    0.98
0.023882    0.022372    0.00    0.00    0.98
0.024714    0.021737    0.00    0.00    0.98
0.022778    0.016368    0.00    0.00    0.98
0.024848    0.016154    0.00    0.00    0.98
0.023377    0.021101    0.00    0.00    0.98
0.016807    0.024349    0.00    0.00    0.98
0.020678    0.018062    0.00    0.00    0.98
0.019086    0.016900    0.00    0.00    0.98
0.016784    0.023580    0.00    0.00    0.98
0.020876    0.024581    0.00    0.00    0.98
0.022147    0.019919    0.00    0.00    0.98
0.016527    0.017702    0.00    0.00    0.98
0.019945    0.018840    0.00    0.00    0.98
0.022602    0.024073    0.00    0.00    0.98
0.024232    0.021786    0.00    0.00    0.98
0.020910    0.020134    0.00    0.00    0.98
0.023491    0.018627    0.00    0.00    0.98
0.018075    0.016560    0.00    0.00    0.98
0.023369    0.019382    0.00    0.00    0.98
0.023223    0.018766    0.00    0.00    0.98
0.022728    0.022337    0.00    0.00    0.98
0.023231    0.020272    0.00    0.00    0.98
0.021748    0.015341    0.00    0.00    0.98
0.024799    0.019029    0.00    0.00    0.98
0.019156    0.016013    0.00    0.00    0.98
0.024373    0.019750    0.00    0.00    0.98
0.024812    0.020709    0.00    0.00    0.98
0.020929    0.019018    0.00    0.00    0.98
0.015255    0.016840    0.00    0.00    0.98
0.017620    0.024163    0.00    0.00    0.98
0.016728    0.023914    0.00    0.00    0.98
0.017750    0.016890    0.00    0.00    0.98
0.017863    0.016950    0.00    0.00    0.98
0.016285    0.021270    0.00    0.00    0.98
0.020607    0.024095    0.00    0.00    0.98
0.017320    0.018900    0.00    0.00    0.98
0.021472    0.018922    0.00    0.00    0.98
0.024563    0.016603    0.00    0.00    0.98
0.022367    0.019303    0.00    0.00    0.98
0.023298    0.017669    0.00    0.00    0.98
0.018652    0.016812    0.00    0.00    0.98
0.019722    0.020965    0.00    0.00    0.98
0.018193    0.022583    0.00    0.00    0.98
0.018055    0.024620    0.00    0.00    0.98
0.021535    0.018245    0.00    0.00    0.98
0.019200    0.018055    0.00    0.00    0.98
0.023314    0.022841    0.00    0.00    0.98
0.019747    0.024439    0.00    0.00    0.98
0.024939    0.019430    0.00    0.00    0.98
0.020529    0.016283    0.00    0.00    0.98
0.015491    0.018691    0.00    0.00    0.98
0.022346    0.017785    0.00    0.00    0.98
0.019579    0.019011    0.00    0.00    0.98
0.019103    0.022172    0.00    0.00    0.98
0.018503    0.015769    0.00    0.00    0.98
0.023057    0.019077    0.00    0.00    0.98
0.017960    0.020434    0.00    0.00    0.98
0.020350    0.017322    0.00    0.00    0.98
0.020046    0.021173    0.00    0.00    0.98
0.015819    0.020930    0.00    0.00    0.98
0.024815    0.023401    0.00    0.00    0.98
0.022186    0.019872    0.00    0.00    0.98
0.023984    0.016513    0.00    0.00    0.98
0.015460    0.017751    0.00    0.00    0.98
0.018938    0.019721    0.00    0.00    0.98
0.021390    0.024058    0.00    0.00    0.98
0.024131    0.024191    0.00    0.00    0.98
0.017837    0.017177    0.00    0.00    0.98
0.016483    0.020203    0.00    0.00    0.98
0.015320    0.016741    0.00    0.00    0.98
0.018622    0.020987    0.00    0.00    0.98
0.020878    0.020201    0.00    0.00    0.98
0.015578    0.017681    0.00    0.00    0.98
0.017303    0.015188    0.00    0.00    0.98
0.023726    0.022072    0.00    0.00    0.98
0.019568    0.018113    0.00    0.00    0.98
0.016988    0.022880    0.00    0.00    0.98
0.021910    0.019075    0.00    0.00    0.98
0.016634    0.024374    0.00    0.00    0.98
0.024744    0.016269    0.00    0.00    0.98
0.023752    0.016811    0.00    0.00    0.98
0.019994    0.024411    0.00    0.00    0.98
0.017621    0.021041    0.00    0.00    0.98
0.015738    0.022067    0.00    0.00    0.98
0.017667    0.015648    0.00    0.00    0.98
0.018534    0.017654    0.00    0.00    0.98
0.017035    0.018371    0.00    0.00    0.98
0.021016    0.020814    0.00    0.00    0.98
0.019061    0.023431    0.00    0.00    0.98
0.015407    0.024622    0.00    0.00    0.98
0.020108    0.023458    0.00    0.00    0.98
0.016388    0.018098    0.00    0.00    0.98
0.016726    0.022244    0.00    0.00    0.98
0.024524    0.019873    0.00    0.00    0.98
0.019183    0.015911    0.00    0.00    0.98
0.020467    0.020708    0.00    0.00    0.98
0.019965    0.015999    0.00    0.00    0.98
0.019517    0.020668    0.00    0.00    0.98
0.024618    0.019108    0.00    0.00    0.98
0.024203    0.021674    0.00    0.00    0.98
0.018971    0.017218    0.00    0.00    0.98
0.024763    0.020800    0.00    0.00    0.98
0.023808    0.018029    0.00    0.00    0.98
0.019981    0.015773    0.00    0.00    0.98
0.021893    0.019400    0.00    0.00    0.98
0.021851    0.023563    0.00    0.00    0.98
0.022948    0.023606    0.00    0.00    0.98
0.017874    0.024480    0.00    0.00    0.98
0.018647    0.019650    0.00    0.00    0.98
0.023640    0.016840    0.00    0.00    0.98
0.019002    0.023020    0.00    0.00    0.98
0.021494    0.019196    0.00    0.00    0.98
0.016939    0.020427    0.00    0.00    0.98
0.022741    0.016809    0.00    0.00    0.98
0.021085    0.023746    0.00    0.00    0.98
0.016862    0.015854    0.00    0.00    0.98
0.016699    0.018688    0.00    0.00    0.98
0.021841    0.016223    0.00    0.00    0.98
0.022699    0.020441    0.00    0.00    0.98
0.018741    0.024568    0.00    0.00    0.98
0.023546    0.019709    0.00    0.00    0.98
0.018363    0.018661    0.00    0.00    0.98
0.021204    0.018507    0.00    0.00    0.98
0.024149    0.016927    0.00    0.00    0.98
0.016224    0.017711    0.00    0.00    0.98
0.020744    0.021193    0.00    0.00    0.98
0.023315    0.019009    0.00    0.00    0.98
0.023316    0.015061    0.00    0.00    0.98
0.015289    0.016869    0.00    0.00    0.98
0.020318    0.022926    0.00    0.00    0.98
0.017300    0.016165    0.00    0.00    0.98
0.016912    0.020951    0.00    0.00    0.98
0.020075    0.021248    0.00    0.00    0.98
0.021758    0.024977    0.00    0.00    0.98
0.017394    0.020729    0.00    0.00    0.98
0.016702    0.017197    0.00    0.00    0.98
0.020815    0.019984    0.00    0.00    0.98
0.022744    0.015410    0.00    0.00    0.98
0.022596    0.023911    0.00    0.00    0.98
0.022706    0.022928    0.00    0.00    0.98
0.015455    0.023753    0.00    0.00    0.98
0.022988    0.020304    0.00    0.00    0.98
0.020093    0.017006    0.00    0.00    0.98
0.020586    0.018591    0.00    0.00    0.98
0.020421    0.023216    0.00    0.00    0.98
0.019289    0.019330    0.00    0.00    0.98
0.021182    0.023659    0.00    0.00    0.98
0.016537    0.017034    0.00    0.00    0.98
0.019229    0.018651    0.00    0.00    0.98
0.018339    0.017374    0.00    0.00    0.98
0.019305    0.020762    0.00    0.00    0.98
0.019690    0.017057    0.00    0.00    0.98
0.019537    0.021927    0.00    0.00    0.98
0.022426    0.016094    0.00    0.00    0.98
0.024155    0.017867    0.00    0.00    0.98
0.017953    0.019204    0.00    0.00    0.98
0.016971    0.022374    0.00    0.00    0.98
0.024231    0.015257    0.00    0.00    0.98
0.018935    0.018817    0.00    0.00    0.98
0.024104    0.015875    0.00    0.00    0.98
0.024622    0.018330    0.00    0.00    0.98
0.024194    0.019260    0.00    0.00    0.98
