0.004481    -0.012578   0.98    0.00    0.00
-0.001402   0.013883    0.98    0.00    0.00
0.013731    0.005280    0.98    0.00    0.00
-0.014116   0.007473    0.98    0.00    0.00
-0.011731   -0.002033   0.98    0.00    0.00
0.013172    -0.003756   0.98    0.00    0.00
-0.013401   -0.004679   0.98    0.00    0.00
0.011630    -0.004279   0.98    0.00    0.00
-0.002239   -0.011863   0.98    0.00    0.00
-0.006153   0.009633    0.98    0.00    0.00
0.001227    0.010664    0.98    0.00    0.00
0.014273    -0.003849   0.98    0.00    0.00
0.010695    -0.010902   0.98    0.00    0.00
-0.010642   -0.010629   0.98    0.00    0.00
-0.014936   -0.004435   0.98    0.00    0.00
-0.004976   -0.013016   0.98    0.00    0.00
-0.002451   0.011923    0.98    0.00    0.00
-0.014149   0.007732    0.98    0.00    0.00
-0.008494   0.012016    0.98    0.00    0.00
-0.011013   0.009350    0.98    0.00    0.00
-0.000234   -0.016447   0.98    0.00    0.00
0.013219    0.007664    0.98    0.00    0.00
0.007217    0.013502    0.98    0.00    0.00
-0.004280   -0.011840   0.98    0.00    0.00
0.012367    -0.006396   0.98    0.00    0.00
0.015908    0.005810    0.98    0.00    0.00
0.008945    -0.014459   0.98    0.00    0.00
0.005335    -0.011732   0.98    0.00    0.00
-0.015512   0.007594    0.98    0.00    0.00
-0.000137   0.015962    0.98    0.00    0.00
-0.001253   0.013589    0.98    0.00    0.00
0.012547    0.003939    0.98    0.00    0.00
0.011801    0.001802    0.98    0.00    0.00
0.008101    -0.010073   0.98    0.00    0.00
0.001044    0.014499    0.98    0.00    0.00
-0.005547   -0.008975   0.98    0.00    0.00
0.001953    -0.013674   0.98    0.00    0.00
0.004793    0.011108    0.98    0.00    0.00
0.004396    -0.014233   0.98    0.00    0.00
-0.013793   0.001206    0.98    0.00    0.00
0.003542    -0.016147   0.98    0.00    0.00
-0.014140   -0.008305   0.98    0.00    0.00
-0.006316   -0.010446   0.98    0.00    0.00
-0.014028   -0.010347   0.98    0.00    0.00
-0.015413   0.007556    0.98    0.00    0.00
-0.007560   -0.014573   0.98    0.00    0.00
0.012881    0.009695    0.98    0.00    0.00
-0.015426   -0.003269   0.98    0.00    0.00
-0.001986   -0.011244   0.98    0.00    0.00
-0.012348   0.004925    0.98    0.00    0.00
0.002452    -0.010783   0.98    0.00    0.00
0.010500    0.009621    0.98    0.00    0.00
0.015503    0.006804    0.98    0.00    0.00
0.014173    -0.007118   0.98    0.00    0.00
-0.016870   -0.002720   0.98    0.00    0.00
0.014617    0.002760    0.98    0.00    0.00
0.001462    -0.011909   0.98    0.00    0.00
0.013423    0.009638    0.98    0.00    0.00
-0.006146   0.008302    0.98    0.00    0.00
-0.012715   0.008433    0.98    0.00    0.00
-0.008541   -0.015160   0.98    0.00    0.00
-0.006735   -0.012138   0.98    0.00    0.00
0.010246    0.008487    0.98    0.00    0.00
0.014051    0.003776    0.98    0.00    0.00
-0.012754   -0.000450   0.98    0.00    0.00
-0.004875   0.010524    0.98    0.00    0.00
0.011920    0.005074    0.98    0.00    0.00
0.012545    0.006863    0.98    0.00    0.00
-0.001837   0.013182    0.98    0.00    0.00
-0.012346   0.002229    0.98    0.00    0.00
0.011605    -0.005382   0.98    0.00    0.00
0.017289    0.002332    0.98    0.00    0.00
-0.006396   -0.013628   0.98    0.00    0.00
-0.009576   -0.009548   0.98    0.00    0.00
0.004860    -0.013834   0.98    0.00    0.00
-0.007319   -0.012054   0.98    0.00    0.00
0.000068    -0.014116   0.98    0.00    0.00
0.006116    0.016087    0.98    0.00    0.00
-0.011469   -0.011271   0.98    0.00    0.00
-0.013769   0.009450    0.98    0.00    0.00
-0.013844   0.008928    0.98    0.00    0.00
-0.003400   0.013199    0.98    0.00    0.00
0.009446    0.006628    0.98    0.00    0.00
-0.014138   0.002998    0.98    0.00    0.00
0.016083    -0.004662   0.98    0.00    0.00
-0.013207   0.010784    0.98    0.00    0.00
-0.010644   -0.003693   0.98    0.00    0.00
0.002129    0.015317    0.98    0.00    0.00
0.008448    0.007040    0.98    0.00    0.00
-0.015038   0.003955    0.98    0.00    0.00
-0.012545   -0.004029   0.98    0.00    0.00
0.009791    0.006317    0.98    0.00    0.00
0.013378    -0.009395   0.98    0.00    0.00
0.010888    0.009248    0.98    0.00    0.00
-0.005886   0.012136    0.98    0.00    0.00
-0.003032   0.013661    0.98    0.00    0.00
0.011586    -0.006642   0.98    0.00    0.00
-0.014016   -0.000057   0.98    0.00    0.00
0.004906    0.012351    0.98    0.00    0.00
-0.009033   -0.008308   0.98    0.00    0.00
-0.011912   0.002384    0.98    0.00    0.00
-0.006227   0.013502    0.98    0.00    0.00
0.012370    0.011277    0.98    0.00    0.00
-0.009268   0.004461    0.98    0.00    0.00
0.004118    -0.009818   0.98    0.00    0.00
0.011420    0.005779    0.98    0.00    0.00
-0.004256   0.015618    0.98    0.00    0.00
-0.006536   0.012772    0.98    0.00    0.00
0.011045    0.010183    0.98    0.00    0.00
-0.010266   0.013917    0.98    0.00    0.00
0.005209    -0.008570   0.98    0.00    0.00
0.011415    0.010165    0.98    0.00    0.00
-0.011430   0.004768    0.98    0.00    0.00
0.013786    0.007590    0.98    0.00    0.00
-0.010566   0.003681    0.98    0.00    0.00
-0.017216   0.001297    0.98    0.00    0.00
0.011907    0.012667    0.98    0.00    0.00
0.012103    0.001996    0.98    0.00    0.00
-0.008183   0.014485    0.98    0.00    0.00
-0.006285   0.014194    0.98    0.00    0.00
-0.010137   -0.011301   0.98    0.00    0.00
-0.005489   -0.012384   0.98    0.00    0.00
0.005377    -0.010550   0.98    0.00    0.00
-0.017294   0.002035    0.98    0.00    0.00
0.005339    0.013727    0.98    0.00    0.00
-0.011829   0.008762    0.98    0.00    0.00
0.003602    0.014800    0.98    0.00    0.00
-0.005138   -0.015311   0.98    0.00    0.00
-0.010177   -0.008974   0.98    0.00    0.00
-0.011926   0.004871    0.98    0.00    0.00
0.006536    0.015426    0.98    0.00    0.00
-0.014800   -0.006493   0.98    0.00    0.00
-0.005319   -0.015962   0.98    0.00    0.00
0.006689    -0.012192   0.98    0.00    0.00
-0.007568   -0.010313   0.98    0.00    0.00
-0.012748   -0.011526   0.98    0.00    0.00
-0.005380   0.012826    0.98    0.00    0.00
-0.010208   -0.012501   0.98    0.00    0.00
-0.014917   0.003291    0.98    0.00    0.00
0.004156    0.016225    0.98    0.00    0.00
0.005932    0.008819    0.98    0.00    0.00
-0.004689   -0.009537   0.98    0.00    0.00
0.011140    0.008689    0.98    0.00    0.00
-0.011737   0.009920    0.98    0.00    0.00
0.016363    -0.005058   0.98    0.00    0.00
-0.016695   0.002733    0.98    0.00    0.00
-0.012424   0.007497    0.98    0.00    0.00
-0.012315   0.001787    0.98    0.00    0.00
-0.011648   0.001486    0.98    0.00    0.00
0.000879    0.010917    0.98    0.00    0.00
-0.000141   0.010818    0.98    0.00    0.00
-0.012960   -0.010010   0.98    0.00    0.00
-0.012856   0.010102    0.98    0.00    0.00
-0.009219   0.006101    0.98    0.00    0.00
0.011634    -0.012690   0.98    0.00    0.00
-0.010791   -0.003577   0.98    0.00    0.00
0.011347    0.001196    0.98    0.00    0.00
-0.009004   0.008291    0.98    0.00    0.00
-0.005595   -0.009617   0.98    0.00    0.00
-0.010876   0.012594    0.98    0.00    0.00
-0.005379   0.016208    0.98    0.00    0.00
0.002229    0.013153    0.98    0.00    0.00
0.013393    0.003654    0.98    0.00    0.00
-0.005228   -0.015986   0.98    0.00    0.00
-0.006966   0.014746    0.98    0.00    0.00
-0.016573   0.004707    0.98    0.00    0.00
-0.013430   -0.008585   0.98    0.00    0.00
-0.006262   0.014094    0.98    0.00    0.00
0.003519    0.015507    0.98    0.00    0.00
-0.010991   0.002410    0.98    0.00    0.00
0.014817    0.005734    0.98    0.00    0.00
-0.007192   -0.013844   0.98    0.00    0.00
0.009222    -0.007681   0.98    0.00    0.00
0.001035    0.013743    0.98    0.00    0.00
0.003297    -0.013123   0.98    0.00    0.00
-0.004978   -0.011960   0.98    0.00    0.00
-0.014535   0.009587    0.98    0.00    0.00
0.008736    0.011074    0.98    0.00    0.00
-0.012197   0.009952    0.98    0.00    0.00
-0.001907   0.014044    0.98    0.00    0.00
-0.005081   -0.009021   0.98    0.00    0.00
-0.009936   -0.005313   0.98    0.00    0.00
-0.005683   0.013606    0.98    0.00    0.00
-0.013593   0.003180    0.98    0.00    0.00
-0.010690   0.004277    0.98    0.00    0.00
0.014995    0.003530    0.98    0.00    0.00
-0.012037   0.011305    0.98    0.00    0.00
0.006245    -0.012341   0.98    0.00    0.00
0.013517    0.000198    0.98    0.00    0.00
-0.007476   0.007586    0.98    0.00    0.00
-0.010098   0.008736    0.98    0.00    0.00
0.012054    -0.007196   0.98    0.00    0.00
0.015657    0.004017    0.98    0.00    0.00
0.009702    -0.003258   0.98    0.00    0.00
-0.015879   0.003685    0.98    0.00    0.00
-0.010725   0.000443    0.98    0.00    0.00
-0.009946   0.010888    0.98    0.00    0.00
-0.007543   -0.009145   0.98    0.00    0.00
-0.012806   0.000767    0.98    0.00    0.00
-0.016029   -0.005008   0.98    0.00    0.00
0.008932    -0.005650   0.98    0.00    0.00
-0.011718   -0.007473   0.98    0.00    0.00
-0.007656   0.015327    0.98    0.00    0.00
0.002072    -0.009862   0.98    0.00    0.00
0.002590    -0.015885   0.98    0.00    0.00
0.012936    0.006627    0.98    0.00    0.00
-0.006208   -0.008159   0.98    0.00    0.00
-0.011869   -0.011288   0.98    0.00    0.00
0.007708    0.012204    0.98    0.00    0.00
0.000479    -0.012425   0.98    0.00    0.00
-0.015358   0.008018    0.98    0.00    0.00
-0.007233   -0.011335   0.98    0.00    0.00
-0.014459   0.001213    0.98    0.00    0.00
-0.013990   0.008000    0.98    0.00    0.00
0.003966    -0.012110   0.98    0.00    0.00
-0.007740   -0.013662   0.98    0.00    0.00
-0.002878   -0.015252   0.98    0.00    0.00
-0.010895   0.007316    0.98    0.00    0.00
0.010143    -0.006605   0.98    0.00    0.00
-0.015685   0.005599    0.98    0.00    0.00
0.000616    0.011220    0.98    0.00    0.00
-0.007659   0.012585    0.98    0.00    0.00
-0.006318   -0.012558   0.98    0.00    0.00
0.010189    -0.001398   0.98    0.00    0.00
-0.000632   -0.015859   0.98    0.00    0.00
-0.004205   -0.011817   0.98    0.00    0.00
0.013870    0.000929    0.98    0.00    0.00
0.010136    -0.005415   0.98    0.00    0.00
-0.016483   -0.005738   0.98    0.00    0.00
-0.000391   -0.014725   0.98    0.00    0.00
0.011056    -0.006787   0.98    0.00    0.00
-0.011131   0.009767    0.98    0.00    0.00
-0.000227   -0.010040   0.98    0.00    0.00
-0.001326   -0.016635   0.98    0.00    0.00
0.009935    -0.013261   0.98    0.00    0.00
-0.001757   -0.015515   0.98    0.00    0.00
-0.000572   0.015589    0.98    0.00    0.00
-0.008620   -0.011510   0.98    0.00    0.00
0.016726    -0.004355   0.98    0.00    0.00
-0.003908   -0.015174   0.98    0.00    0.00
-0.005370   -0.012834   0.98    0.00    0.00
-0.013210   0.004407    0.98    0.00    0.00
0.013567    -0.000305   0.98    0.00    0.00
-0.005193   -0.013426   0.98    0.00    0.00
0.011147    0.002921    0.98    0.00    0.00
0.011124    -0.008624   0.98    0.00    0.00
-0.003568   0.016956    0.98    0.00    0.00
0.008024    0.008689    0.98    0.00    0.00
-0.014767   0.001063    0.98    0.00    0.00
0.002329    0.017187    0.98    0.00    0.00
0.006029    -0.015470   0.98    0.00    0.00
-0.014213   -0.005258   0.98    0.00    0.00
0.009890    -0.005908   0.98    0.00    0.00
0.013243    0.002985    0.98    0.00    0.00
-0.006839   0.015508    0.98    0.00    0.00
-0.014914   0.004346    0.98    0.00    0.00
0.011498    -0.010344   0.98    0.00    0.00
-0.014824   -0.008592   0.98    0.00    0.00
0.003970    -0.016714   0.98    0.00    0.00
-0.004380   0.009562    0.98    0.00    0.00
0.011084    -0.007192   0.98    0.00    0.00
-0.011476   -0.000051   0.98    0.00    0.00
0.003146    -0.012062   0.98    0.00    0.00
-0.002938   -0.012652   0.98    0.00    0.00
-0.007983   -0.012350   0.98    0.00    0.00
0.007198    -0.010356   0.98    0.00    0.00
0.000280    -0.015217   0.98    0.00    0.00
0.002018    0.014444    0.98    0.00    0.00
-0.012962   -0.000356   0.98    0.00    0.00
-0.008664   -0.008092   0.98    0.00    0.00
-0.012407   0.011532    0.98    0.00    0.00
-0.004759   -0.013615   0.98    0.00    0.00
0.003627    0.010278    0.98    0.00    0.00
-0.004769   -0.015094   0.98    0.00    0.00
-0.009831   0.013633    0.98    0.00    0.00
0.011943    0.010624    0.98    0.00    0.00
-0.011645   -0.005265   0.98    0.00    0.00
0.013706    0.008891    0.98    0.00    0.00
0.010666    0.013157    0.98    0.00    0.00
-0.006308   0.010230    0.98    0.00    0.00
-0.008311   -0.006294   0.98    0.00    0.00
0.001561    -0.016896   0.98    0.00    0.00
-0.016518   0.005488    0.98    0.00    0.00
-0.005938   -0.010753   0.98    0.00    0.00
0.014728    -0.004288   0.98    0.00    0.00
0.013655    -0.008984   0.98    0.00    0.00
0.004146    0.010757    0.98    0.00    0.00
0.013387    -0.002714   0.98    0.00    0.00
-0.011976   -0.011066   0.98    0.00    0.00
-0.009224   -0.012170   0.98    0.00    0.00
-0.001059   -0.015235   0.98    0.00    0.00
0.002016    -0.015126   0.98    0.00    0.00
0.007073    -0.012146   0.98    0.00    0.00
0.014709    -0.003968   0.98    0.00    0.00
0.013670    -0.001019   0.98    0.00    0.00
0.015695    0.001098    0.98    0.00    0.00
0.003560    -0.016908   0.98    0.00    0.00
-0.015735   -0.005357   0.98    0.00    0.00
-0.014204   0.000451    0.98    0.00    0.00
-0.004859   -0.013728   0.98    0.00    0.00
-0.002342   0.011650    0.98    0.00    0.00
0.000893    -0.017160   0.98    0.00    0.00
0.014016    -0.004420   0.98    0.00    0.00
0.014143    -0.005988   0.98    0.00    0.00
0.015444    0.004620    0.98    0.00    0.00
0.014867    0.007293    0.98    0.00    0.00
-0.002180   -0.013871   0.98    0.00    0.00
-0.011465   0.010684    0.98    0.00    0.00
0.014371    0.009954    0.98    0.00    0.00
-0.013828   -0.005107   0.98    0.00    0.00
0.009171    -0.004066   0.98    0.00    0.00
0.004186    0.010490    0.98    0.00    0.00
-0.012332   0.010560    0.98    0.00    0.00
0.013787    -0.005754   0.98    0.00    0.00
0.007380    -0.013717   0.98    0.00    0.00
0.015010    -0.000463   0.98    0.00    0.00
-0.010943   0.001730    0.98    0.00    0.00
-0.006663   -0.009988   0.98    0.00    0.00
0.011808    0.009285    0.98    0.00    0.00
0.002108    0.016638    0.98    0.00    0.00
-0.010794   0.011820    0.98    0.00    0.00
0.012725    0.000638    0.98    0.00    0.00
-0.001695   -0.011466   0.98    0.00    0.00
-0.004916   -0.010135   0.98    0.00    0.00
-0.010625   -0.003860   0.98    0.00    0.00
0.015074    0.004596    0.98    0.00    0.00
0.013469    -0.005734   0.98    0.00    0.00
-0.014218   -0.006071   0.98    0.00    0.00
-0.006295   -0.009230   0.98    0.00    0.00
-0.002431   -0.016673   0.98    0.00    0.00
0.015210    0.006728    0.98    0.00    0.00
0.016460    -0.001789   0.98    0.00    0.00
0.012162    0.003254    0.98    0.00    0.00
-0.002385   -0.012471   0.98    0.00    0.00
-0.012976   -0.010929   0.98    0.00    0.00
0.002575    -0.013294   0.98    0.00    0.00
0.003927    0.015398    0.98    0.00    0.00
-0.008972   -0.007149   0.98    0.00    0.00
-0.002308   0.017287    0.98    0.00    0.00
-0.011099   -0.013356   0.98    0.00    0.00
-0.006080   0.011485    0.98    0.00    0.00
-0.011419   0.005706    0.98    0.00    0.00
0.016543    0.002015    0.98    0.00    0.00
0.015816    0.002587    0.98    0.00    0.00
-0.004227   -0.013518   0.98    0.00    0.00
0.001397    -0.014647   0.98    0.00    0.00
-0.000938   -0.011625   0.98    0.00    0.00
0.015165    -0.008378   0.98    0.00    0.00
0.012826    0.008614    0.98    0.00    0.00
-0.007851   -0.008283   0.98    0.00    0.00
0.000743    -0.015871   0.98    0.00    0.00
0.013165    -0.002417   0.98    0.00    0.00
0.012490    -0.000456   0.98    0.00    0.00
-0.014904   -0.004595   0.98    0.00    0.00
-0.005698   -0.011414   0.98    0.00    0.00
0.002006    -0.015616   0.98    0.00    0.00
0.002542    0.010070    0.98    0.00    0.00
-0.011814   0.002031    0.98    0.00    0.00
0.001354    0.014854    0.98    0.00    0.00
-0.001533   0.013455    0.98    0.00    0.00
-0.013314   -0.002094   0.98    0.00    0.00
0.007781    0.012224    0.98    0.00    0.00
-0.009157   0.009479    0.98    0.00    0.00
0.015661    0.007414    0.98    0.00    0.00
0.012529    -0.000351   0.98    0.00    0.00
0.009677    0.004447    0.98    0.00    0.00
-0.011422   0.004403    0.98    0.00    0.00
-0.008578   0.009861    0.98    0.00    0.00
-0.003095   -0.016089   0.98    0.00    0.00
-0.010895   -0.002583   0.98    0.00    0.00
-0.013211   0.011218    0.98    0.00    0.00
0.000136    -0.014252   0.98    0.00    0.00
-0.011597   -0.008684   0.98    0.00    0.00
0.017043    -0.001946   0.98    0.00    0.00
0.012354    -0.000340   0.98    0.00    0.00
-0.002498   0.016702    0.98    0.00    0.00
-0.011665   -0.006985   0.98    0.00    0.00
-0.000294   0.015827    0.98    0.00    0.00
-0.004270   -0.010408   0.98    0.00    0.00
0.010281    -0.011371   0.98    0.00    0.00
0.012670    0.005553    0.98    0.00    0.00
0.010684    -0.011435   0.98    0.00    0.00
-0.011213   -0.009772   0.98    0.00    0.00
0.015641    -0.007013   0.98    0.00    0.00
-0.009986   0.013274    0.98    0.00    0.00
0.000700    -0.010450   0.98    0.00    0.00
-0.012242   -0.006087   0.98    0.00    0.00
-0.016540   -0.000762   0.98    0.00    0.00
0.001197    0.016573    0.98    0.00    0.00
-0.007828   -0.011229   0.98    0.00    0.00
-0.009929   0.008437    0.98    0.00    0.00
0.009239    -0.009239   0.98    0.00    0.00
-0.007352   -0.011276   0.98    0.00    0.00
0.015509    -0.005794   0.98    0.00    0.00
0.011076    0.008794    0.98    0.00    0.00
-0.012310   0.004878    0.98    0.00    0.00
-0.000156   0.016555    0.98    0.00    0.00
-0.015285   -0.000401   0.98    0.00    0.00
0.003349    0.009658    0.98    0.00    0.00
-0.010593   -0.009596   0.98    0.00    0.00
0.011449    0.009959    0.98    0.00    0.00
-0.013155   -0.005918   0.98    0.00    0.00
0.015302    0.001470    0.98    0.00    0.00
-0.008651   0.012222    0.98    0.00    0.00
0.006085    0.016013    0.98    0.00    0.00
0.010792    -0.005318   0.98    0.00    0.00
-0.003000   0.014793    0.98    0.00    0.00
-0.015397   -0.006667   0.98    0.00    0.00
-0.013047   0.002676    0.98    0.00    0.00
-0.013678   0.001944    0.98    0.00    0.00
-0.005847   -0.015064   0.98    0.00    0.00
-0.005485   -0.012892   0.98    0.00    0.00
-0.003374   0.010576    0.98    0.00    0.00
0.001314    0.011749    0.98    0.00    0.00
-0.010947   0.011500    0.98    0.00    0.00
0.008964    0.009289    0.98    0.00    0.00
-0.004662   -0.014658   0.98    0.00    0.00
0.010460    -0.002743   0.98    0.00    0.00
-0.011327   0.003802    0.98    0.00    0.00
-0.000474   0.015444    0.98    0.00    0.00
-0.010735   -0.011941   0.98    0.00    0.00
-0.008615   -0.011614   0.98    0.00    0.00
0.000369    0.014870    0.98    0.00    0.00
0.008077    -0.011512   0.98    0.00    0.00
0.017441    0.001365    0.98    0.00    0.00
0.004079    -0.012660   0.98    0.00    0.00
-0.004618   0.011123    0.98    0.00    0.00
0.002700    0.010441    0.98    0.00    0.00
0.002918    0.009695    0.98    0.00    0.00
0.004381    0.014415    0.98    0.00    0.00
0.012143    0.007878    0.98    0.00    0.00
-0.008378   0.010971    0.98    0.00    0.00
0.011270    -0.013028   0.98    0.00    0.00
0.013715    -0.000546   0.98    0.00    0.00
0.003706    0.009609    0.98    0.00    0.00
0.005782    -0.012692   0.98    0.00    0.00
-0.009667   0.013151    0.98    0.00    0.00
0.014662    0.007105    0.98    0.00    0.00
-0.013858   0.002786    0.98    0.00    0.00
0.009074    0.006489    0.98    0.00    0.00
-0.012981   0.008552    0.98    0.00    0.00
0.000033    -0.013811   0.98    0.00    0.00
-0.007187   -0.010066   0.98    0.00    0.00
0.005975    -0.013878   0.98    0.00    0.00
0.011957    -0.001647   0.98    0.00    0.00
-0.012589   0.009966    0.98    0.00    0.00
-0.007958   0.008753    0.98    0.00    0.00
0.002955    -0.011240   0.98    0.00    0.00
0.002957    -0.012564   0.98    0.00    0.00
0.013930    0.004437    0.98    0.00    0.00
0.012178    -0.010247   0.98    0.00    0.00
0.012895    -0.006874   0.98    0.00    0.00
0.008903    0.004669    0.98    0.00    0.00
0.008674    -0.006266   0.98    0.00    0.00
0.002763    0.011022    0.98    0.00    0.00
-0.005047   -0.013401   0.98    0.00    0.00
-0.000522   -0.010543   0.98    0.00    0.00
-0.012747   -0.007446   0.98    0.00    0.00
-0.008703   0.012475    0.98    0.00    0.00
0.002473    -0.013492   0.98    0.00    0.00
-0.016514   -0.004974   0.98    0.00    0.00
-0.005252   -0.014666   0.98    0.00    0.00
-0.013148   0.001925    0.98    0.00    0.00
0.007318    0.013194    0.98    0.00    0.00
-0.012434   -0.009878   0.98    0.00    0.00
-0.013266   -0.006202   0.98    0.00    0.00
0.000201    -0.013405   0.98    0.00    0.00
-0.013541   0.009147    0.98    0.00    0.00
-0.012656   -0.006189   0.98    0.00    0.00
0.009884    0.004444    0.98    0.00    0.00
0.011182    0.001594    0.98    0.00    0.00
-0.012494   -0.009605   0.98    0.00    0.00
0.015626    -0.006333   0.98    0.00    0.00
-0.004385   -0.016494   0.98    0.00    0.00
-0.010215   0.010385    0.98    0.00    0.00
-0.011365   -0.010901   0.98    0.00    0.00
-0.004676   -0.011377   0.98    0.00    0.00
0.011029    -0.001198   0.98    0.00    0.00
-0.001575   -0.013520   0.98    0.00    0.00
-0.008495   0.009983    0.98    0.00    0.00
0.000053    0.017039    0.98    0.00    0.00
-0.011226   -0.004376   0.98    0.00    0.00
0.014447    -0.001051   0.98    0.00    0.00
0.009119    0.012965    0.98    0.00    0.00
0.005180    -0.010871   0.98    0.00    0.00
0.009310    0.010708    0.98    0.00    0.00
0.001607    0.014913    0.98    0.00    0.00
-0.013864   0.009488    0.98    0.00    0.00
0.009437    0.008218    0.98    0.00    0.00
-0.003892   -0.012087   0.98    0.00    0.00
0.012027    -0.010659   0.98    0.00    0.00
0.009928    0.012697    0.98    0.00    0.00
-0.016289   -0.003205   0.98    0.00    0.00
0.001029    0.016961    0.98    0.00    0.00
0.007540    -0.008249   0.98    0.00    0.00
-0.008791   -0.011377   0.98    0.00    0.00
0.007617    0.009693    0.98    0.00    0.00
-0.005488   0.010656    0.98    0.00    0.00
-0.014931   0.002076    0.98    0.00    0.00
0.007285    0.007840    0.98    0.00    0.00
0.004720    0.009657    0.98    0.00    0.00
0.009862    0.011601    0.98    0.00    0.00
0.011811    0.005573    0.98    0.00    0.00
-0.008948   -0.008388   0.98    0.00    0.00
0.011438    -0.005960   0.98    0.00    0.00
-0.007600   -0.013958   0.98    0.00    0.00
0.004682    -0.008994   0.98    0.00    0.00
-0.002899   -0.010588   0.98    0.00    0.00
0.015619    -0.001137   0.98    0.00    0.00
0.009008    -0.013141   0.98    0.00    0.00
0.014936    0.007749    0.98    0.00    0.00
-0.016173   0.002675    0.98    0.00    0.00
0.016151    -0.000896   0.98    0.00    0.00
-0.004338   0.009912    0.98    0.00    0.00
0.001341    -0.014788   0.98    0.00    0.00
0.007284    0.008262    0.98    0.00    0.00
-0.003085   0.012701    0.98    0.00    0.00
-0.011248   -0.010307   0.98    0.00    0.00
0.008126    0.011257    0.98    0.00    0.00
0.007951    0.013250    0.98    0.00    0.00
-0.002644   0.017185    0.98    0.00    0.00
-0.003692   -0.014481   0.98    0.00    0.00
0.012353    -0.004617   0.98    0.00    0.00
0.009721    0.006633    0.98    0.00    0.00
0.006954    -0.012501   0.98    0.00    0.00
0.001173    0.012102    0.98    0.00    0.00
0.013585    0.004339    0.98    0.00    0.00
0.016556    0.001282    0.98    0.00    0.00
-0.008796   0.006184    0.98    0.00    0.00
0.005708    -0.016165   0.98    0.00    0.00
-0.008061   0.013847    0.98    0.00    0.00
0.003880    0.015374    0.98    0.00    0.00
0.015036    0.004827    0.98    0.00    0.00
0.011075    -0.007056   0.98    0.00    0.00
0.006973    0.011216    0.98    0.00    0.00
0.008759    0.006539    0.98    0.00    0.00
0.008526    0.006208    0.98    0.00    0.00
-0.001967   0.016149    0.98    0.00    0.00
-0.006388   -0.008309   0.98    0.00    0.00
0.003235    -0.016458   0.98    0.00    0.00
0.005941    -0.011823   0.98    0.00    0.00
0.004514    -0.013660   0.98    0.00    0.00
-0.007747   0.013499    0.98    0.00    0.00
-0.002167   0.013822    0.98    0.00    0.00
-0.014401   -0.003117   0.98    0.00    0.00
0.000623    -0.016167   0.98    0.00    0.00
0.014284    -0.004308   0.98    0.00    0.00
0.011055    0.003862    0.98    0.00    0.00
-0.011495   0.000491    0.98    0.00    0.00
0.006158    0.011803    0.98    0.00    0.00
0.011877    -0.001203   0.98    0.00    0.00
-0.003807   -0.015864   0.98    0.00    0.00
0.010973    0.004275    0.98    0.00    0.00
-0.007581   0.010631    0.98    0.00    0.00
0.010243    -0.008893   0.98    0.00    0.00
-0.014694   0.003606    0.98    0.00    0.00
-0.011671   -0.001928   0.98    0.00    0.00
0.016724    -0.003167   0.98    0.00    0.00
0.013838    -0.010252   0.98    0.00    0.00
-0.004318   0.012177    0.98    0.00    0.00
-0.011920   -0.009540   0.98    0.00    0.00
-0.008899   0.005818    0.98    0.00    0.00
-0.004440   0.010435    0.98    0.00    0.00
-0.006195   -0.011011   0.98    0.00    0.00
0.010736    0.000479    0.98    0.00    0.00
0.016215    0.004741    0.98    0.00    0.00
-0.011899   0.006357    0.98    0.00    0.00
-0.009323   -0.014536   0.98    0.00    0.00
-0.012807   -0.000108   0.98    0.00    0.00
0.010002    -0.007222   0.98    0.00    0.00
-0.012775   -0.005642   0.98    0.00    0.00
-0.009425   -0.011737   0.98    0.00    0.00
0.011907    0.008143    0.98    0.00    0.00
-0.010745   -0.006790   0.98    0.00    0.00
0.011109    0.010048    0.98    0.00    0.00
0.005624    0.009981    0.98    0.00    0.00
0.001135    -0.011542   0.98    0.00    0.00
-0.000058   -0.015046   0.98    0.00    0.00
-0.010108   -0.008188   0.98    0.00    0.00
0.006464    -0.015590   0.98    0.00    0.00
-0.013531   0.009956    0.98    0.00    0.00
0.014255    -0.002834   0.98    0.00    0.00
0.005424    -0.014858   0.98    0.00    0.00
0.001260    0.013792    0.98    0.00    0.00
0.013577    -0.000616   0.98    0.00    0.00
-0.010431   0.001064    0.98    0.00    0.00
0.016504    -0.003940   0.98    0.00    0.00
-0.005446   0.009174    0.98    0.00    0.00
0.003369    0.015182    0.98    0.00    0.00
-0.012528   0.002286    0.98    0.00    0.00
-0.008478   0.006810    0.98    0.00    0.00
-0.009823   -0.007021   0.98    0.00    0.00
-0.009350   -0.011286   0.98    0.00    0.00
-0.009545   -0.008434   0.98    0.00    0.00
0.009748    0.012331    0.98    0.00    0.00
-0.010713   0.007139    0.98    0.00    0.00
-0.006626   0.014137    0.98    0.00    0.00
0.009140    -0.014387   0.98    0.00    0.00
-0.016936   -0.003818   0.98    0.00    0.00
-0.010129   -0.013069   0.98    0.00    0.00
0.011994    0.001913    0.98    0.00    0.00
-0.001723   -0.013278   0.98    0.00    0.00
0.004793    0.016009    0.98    0.00    0.00
0.014941    -0.006864   0.98    0.00    0.00
0.009177    -0.005156   0.98    0.00    0.00
-0.010533   0.010562    0.98    0.00    0.00
0.008451    0.012243    0.98    0.00    0.00
-0.002971   0.010214    0.98    0.00    0.00
-0.001840   -0.012921   0.98    0.00    0.00
-0.001315   -0.013563   0.98    0.00    0.00
0.006089    -0.010445   0.98    0.00    0.00
0.000465    0.014838    0.98    0.00    0.00
0.012029    0.001842    0.98    0.00    0.00
0.015058    0.004416    0.98    0.00    0.00
-0.016643   -0.001569   0.98    0.00    0.00
-0.005906   0.014436    0.98    0.00    0.00
0.014454    0.000047    0.98    0.00    0.00
-0.005447   -0.010806   0.98    0.00    0.00
-0.008444   0.012369    0.98    0.00    0.00
-0.010417   -0.010980   0.98    0.00    0.00
0.014272    -0.001618   0.98    0.00    0.00
0.014575    -0.002548   0.98    0.00    0.00
-0.011168   0.002099    0.98    0.00    0.00
0.009846    -0.012172   0.98    0.00    0.00
-0.014008   0.002570    0.98    0.00    0.00
0.001911    -0.011113   0.98    0.00    0.00
-0.002585   -0.015454   0.98    0.00    0.00
-0.002658   0.011969    0.98    0.00    0.00
-0.010136   -0.009072   0.98    0.00    0.00
-0.002039   0.014791    0.98    0.00    0.00
0.008317    -0.011369   0.98    0.00    0.00
-0.007796   -0.013136   0.98    0.00    0.00
-0.014642   0.001707    0.98    0.00    0.00
-0.007592   -0.007192   0.98    0.00    0.00
-0.007757   0.014623    0.98    0.00    0.00
0.012808    -0.005502   0.98    0.00    0.00
0.005176    -0.009698   0.98    0.00    0.00
0.009371    -0.006261   0.98    0.00    0.00
-0.007202   0.008107    0.98    0.00    0.00
-0.004910   0.016686    0.98    0.00    0.00
0.010967    0.004577    0.98    0.00    0.00
0.011369    -0.005163   0.98    0.00    0.00
-0.003549   0.013703    0.98    0.00    0.00
0.010314    0.002389    0.98    0.00    0.00
-0.010223   0.001453    0.98    0.00    0.00
-0.004184   -0.009601   0.98    0.00    0.00
-0.007813   -0.012841   0.98    0.00    0.00
0.013413    -0.006055   0.98    0.00    0.00
-0.000579   0.017277    0.98    0.00    0.00
0.012559    -0.000335   0.98    0.00    0.00
0.014959    0.007284    0.98    0.00    0.00
0.008683    -0.005030   0.98    0.00    0.00
0.015201    -0.005596   0.98    0.00    0.00
0.010522    0.010696    0.98    0.00    0.00
-0.003327   0.012125    0.98    0.00    0.00
-0.005134   0.010073    0.98    0.00    0.00
0.015607    0.002346    0.98    0.00    0.00
-0.001840   -0.011383   0.98    0.00    0.00
-0.016359   0.005035    0.98    0.00    0.00
0.000987    0.011356    0.98    0.00    0.00
-0.007776   -0.008345   0.98    0.00    0.00
-0.010087   0.014004    0.98    0.00    0.00
0.010262    0.002101    0.98    0.00    0.00
-0.000179   -0.015949   0.98    0.00    0.00
-0.015719   -0.002001   0.98    0.00    0.00
0.001682    -0.014537   0.98    0.00    0.00
0.015950    -0.002448   0.98    0.00    0.00
0.014900    0.003523    0.98    0.00    0.00
0.000213    -0.014144   0.98    0.00    0.00
-0.000154   0.012239    0.98    0.00    0.00
-0.008600   -0.007499   0.98    0.00    0.00
-0.005165   0.011645    0.98    0.00    0.00
-0.011543   0.009597    0.98    0.00    0.00
0.006499    0.007609    0.98    0.00    0.00
0.012417    0.007881    0.98    0.00    0.00
0.004423    0.013089    0.98    0.00    0.00
-0.014864   -0.007986   0.98    0.00    0.00
-0.003586   -0.016272   0.98    0.00    0.00
0.006274    0.013365    0.98    0.00    0.00
0.000564    -0.010917   0.98    0.00    0.00
-0.002416   0.015638    0.98    0.00    0.00
-0.003868   -0.012266   0.98    0.00    0.00
0.010332    -0.004406   0.98    0.00    0.00
-0.014909   -0.006426   0.98    0.00    0.00
-0.006357   0.009335    0.98    0.00    0.00
-0.008188   0.006560    0.98    0.00    0.00
0.000548    0.017209    0.98    0.00    0.00
0.011499    -0.009912   0.98    0.00    0.00
0.013518    -0.004038   0.98    0.00    0.00
-0.005748   0.012653    0.98    0.00    0.00
0.002591    -0.015813   0.98    0.00    0.00
0.007487    0.015505    0.98    0.00    0.00
-0.005729   0.011970    0.98    0.00    0.00
-0.009458   0.003595    0.98    0.00    0.00
-0.008427   0.006175    0.98    0.00    0.00
-0.014923   -0.005718   0.98    0.00    0.00
-0.013219   -0.007403   0.98    0.00    0.00
-0.015051   0.001586    0.98    0.00    0.00
0.007910    0.008787    0.98    0.00    0.00
0.010363    0.000557    0.98    0.00    0.00
-0.005617   0.010982    0.98    0.00    0.00
0.006256    0.008118    0.98    0.00    0.00
-0.015644   0.001801    0.98    0.00    0.00
-0.006396   -0.012681   0.98    0.00    0.00
-0.011859   -0.006467   0.98    0.00    0.00
-0.013795   -0.004811   0.98    0.00    0.00
-0.010571   -0.002367   0.98    0.00    0.00
-0.001066   0.010193    0.98    0.00    0.00
-0.007151   -0.010598   0.98    0.00    0.00
0.009923    0.004549    0.98    0.00    0.00
-0.010132   -0.012489   0.98    0.00    0.00
-0.007749   -0.014250   0.98    0.00    0.00
-0.012885   -0.000210   0.98    0.00    0.00
0.006853    0.008860    0.98    0.00    0.00
0.013310    -0.008598   0.98    0.00    0.00
0.012259    0.011304    0.98    0.00    0.00
0.013899    0.007063    0.98    0.00    0.00
0.010104    -0.002891   0.98    0.00    0.00
0.017158    0.000279    0.98    0.00    0.00
0.000641    0.012596    0.98    0.00    0.00
-0.003206   -0.016091   0.98    0.00    0.00
0.010513    0.010734    0.98    0.00    0.00
0.009165    -0.014592   0.98    0.00    0.00
-0.012943   0.007833    0.98    0.00    0.00
-0.005811   0.014522    0.98    0.00    0.00
-0.011727   0.004112    0.98    0.00    0.00
0.001399    -0.013288   0.98    0.00    0.00
-0.004091   0.015532    0.98    0.00    0.00
0.016086    -0.005284   0.98    0.00    0.00
-0.009790   -0.003734   0.98    0.00    0.00
-0.004926   0.012085    0.98    0.00    0.00
-0.010292   0.003094    0.98    0.00    0.00
0.003234    0.015189    0.98    0.00    0.00
-0.001973   0.014703    0.98    0.00    0.00
-0.006291   0.009724    0.98    0.00    0.00
0.011330    -0.005932   0.98    0.00    0.00
-0.009802   -0.012584   0.98    0.00    0.00
-0.009646   -0.004139   0.98    0.00    0.00
0.011289    0.003600    0.98    0.00    0.00
0.011067    0.012218    0.98    0.00    0.00
0.011778    -0.011261   0.98    0.00    0.00
-0.000586   -0.012132   0.98    0.00    0.00
0.004700    -0.016038   0.98    0.00    0.00
-0.008502   -0.010143   0.98    0.00    0.00
-0.014839   -0.001348   0.98    0.00    0.00
-0.013314   0.006260    0.98    0.00    0.00
0.003582    -0.014447   0.98    0.00    0.00
0.011610    -0.000465   0.98    0.00    0.00
-0.014069   0.001850    0.98    0.00    0.00
-0.000858   0.014869    0.98    0.00    0.00
-0.012696   0.000566    0.98    0.00    0.00
-0.015469   -0.003484   0.98    0.00    0.00
-0.001310   0.015090    0.98    0.00    0.00
0.004162    0.011699    0.98    0.00    0.00
0.017146    -0.000437   0.98    0.00    0.00
-0.003902   0.010490    0.98    0.00    0.00
-0.003540   0.009461    0.98    0.00    0.00
-0.006253   0.011656    0.98    0.00    0.00
-0.013588   0.007533    0.98    0.00    0.00
-0.010538   0.001906    0.98    0.00    0.00
0.008880    0.014634    0.98    0.00    0.00
0.008934    0.011715    0.98    0.00    0.00
-0.008828   0.013623    0.98    0.00    0.00
-0.012284   0.000869    0.98    0.00    0.00
-0.013165   0.001267    0.98    0.00    0.00
-0.015858   -0.000735   0.98    0.00    0.00
0.008261    -0.008066   0.98    0.00    0.00
0.009658    -0.003814   0.98    0.00    0.00
0.014620    -0.004766   0.98    0.00    0.00
0.005204    0.012828    0.98    0.00    0.00
0.011008    -0.005279   0.98    0.00    0.00
0.010549    0.012705    0.98    0.00    0.00
0.008534    0.015116    0.98    0.00    0.00
0.007705    0.013218    0.98    0.00    0.00
0.010316    0.002677    0.98    0.00    0.00
-0.000442   -0.011366   0.98    0.00    0.00
-0.004192   -0.011235   0.98    0.00    0.00
-0.009723   -0.008211   0.98    0.00    0.00
0.014447    0.004707    0.98    0.00    0.00
-0.008377   -0.009180   0.98    0.00    0.00
0.010224    0.012408    0.98    0.00    0.00
0.005763    0.012079    0.98    0.00    0.00
-0.016490   0.003229    0.98    0.00    0.00
0.008573    -0.008987   0.98    0.00    0.00
-0.001440   0.014980    0.98    0.00    0.00
-0.004484   0.009829    0.98    0.00    0.00
-0.005392   0.015959    0.98    0.00    0.00
-0.009398   0.014036    0.98    0.00    0.00
-0.015943   -0.005519   0.98    0.00    0.00
0.001453    0.013418    0.98    0.00    0.00
-0.005589   -0.009253   0.98    0.00    0.00
-0.016159   0.005506    0.98    0.00    0.00
0.009345    0.006244    0.98    0.00    0.00
0.006085    -0.012267   0.98    0.00    0.00
0.007310    -0.012068   0.98    0.00    0.00
0.002329    -0.012271   0.98    0.00    0.00
-0.000904   -0.013142   0.98    0.00    0.00
0.000013    0.012861    0.98    0.00    0.00
-0.014077   -0.003546   0.98    0.00    0.00
0.007034    -0.015492   0.98    0.00    0.00
0.015066    -0.000965   0.98    0.00    0.00
-0.009141   0.004887    0.98    0.00    0.00
0.011698    0.006220    0.98    0.00    0.00
0.002097    0.012152    0.98    0.00    0.00
-0.000715   0.013343    0.98    0.00    0.00
0.002677    -0.014416   0.98    0.00    0.00
-0.011379   -0.000248   0.98    0.00    0.00
0.004041    -0.013998   0.98    0.00    0.00
-0.014100   0.004958    0.98    0.00    0.00
-0.003809   0.012026    0.98    0.00    0.00
-0.004214   0.009709    0.98    0.00    0.00
-0.011884   0.006063    0.98    0.00    0.00
0.010630    -0.007390   0.98    0.00    0.00
-0.002205   -0.015914   0.98    0.00    0.00
-0.015019   -0.005593   0.98    0.00    0.00
-0.004415   0.011085    0.98    0.00    0.00
-0.010793   0.004086    0.98    0.00    0.00
0.013068    -0.006002   0.98    0.00    0.00
0.012485    0.007531    0.98    0.00    0.00
-0.012753   0.000125    0.98    0.00    0.00
-0.008670   -0.006973   0.98    0.00    0.00
0.015460    0.001152    0.98    0.00    0.00
-0.009705   -0.010879   0.98    0.00    0.00
0.006925    0.008495    0.98    0.00    0.00
-0.008498   -0.006453   0.98    0.00    0.00
-0.013410   0.004846    0.98    0.00    0.00
-0.011426   -0.000316   0.98    0.00    0.00
0.012587    -0.005317   0.98    0.00    0.00
-0.003274   0.011038    0.98    0.00    0.00
0.010122    -0.006439   0.98    0.00    0.00
-0.000231   -0.017218   0.98    0.00    0.00
-0.008172   0.008275    0.98    0.00    0.00
0.002853    0.009798    0.98    0.00    0.00
-0.005004   0.012544    0.98    0.00    0.00
-0.008093   -0.009924   0.98    0.00    0.00
0.013379    0.004350    0.98    0.00    0.00
0.000107    0.011019    0.98    0.00    0.00
-0.006234   -0.014521   0.98    0.00    0.00
0.013490    0.001734    0.98    0.00    0.00
-0.008087   0.010588    0.98    0.00    0.00
-0.011136   -0.011472   0.98    0.00    0.00
-0.006986   -0.010805   0.98    0.00    0.00
-0.009851   0.012812    0.98    0.00    0.00
-0.010295   0.000030    0.98    0.00    0.00
0.014480    0.003985    0.98    0.00    0.00
-0.002202   -0.011463   0.98    0.00    0.00
0.007688    -0.008446   0.98    0.00    0.00
0.012153    0.001778    0.98    0.00    0.00
0.010307    0.009622    0.98    0.00    0.00
0.012205    0.012073    0.98    0.00    0.00
-0.006440   -0.012309   0.98    0.00    0.00
-0.010713   -0.011822   0.98    0.00    0.00
-0.015619   -0.005783   0.98    0.00    0.00
-0.008862   0.010371    0.98    0.00    0.00
-0.007575   0.008044    0.98    0.00    0.00
0.013638    0.010484    0.98    0.00    0.00
0.011485    0.010279    0.98    0.00    0.00
-0.016057   0.002946    0.98    0.00    0.00
-0.004554   -0.016290   0.98    0.00    0.00
-0.010075   0.006390    0.98    0.00    0.00
-0.007417   0.013885    0.98    0.00    0.00
0.013864    -0.010618   0.98    0.00    0.00
-0.005109   0.009140    0.98    0.00    0.00
-0.014787   -0.001575   0.98    0.00    0.00
0.011599    -0.000406   0.98    0.00    0.00
-0.011370   -0.007314   0.98    0.00    0.00
-0.010173   0.012891    0.98    0.00    0.00
0.016354    0.006110    0.98    0.00    0.00
-0.002008   -0.012867   0.98    0.00    0.00
0.004228    0.014898    0.98    0.00    0.00
0.010070    0.007057    0.98    0.00    0.00
0.004973    0.015455    0.98    0.00    0.00
0.004384    -0.016759   0.98    0.00    0.00
0.002472    0.011896    0.98    0.00    0.00
-0.005960   -0.014596   0.98    0.00    0.00
-0.012559   0.009690    0.98    0.00    0.00
0.004152    -0.012961   0.98    0.00    0.00
0.010527    -0.009848   0.98    0.00    0.00
0.000094    -0.013654   0.98    0.00    0.00
0.007512    -0.014075   0.98    0.00    0.00
0.000532    -0.010017   0.98    0.00    0.00
0.017132    0.000374    0.98    0.00    0.00
-0.011982   0.002820    0.98    0.00    0.00
0.002773    0.011998    0.98    0.00    0.00
-0.014996   0.004183    0.98    0.00    0.00
-0.010547   -0.009204   0.98    0.00    0.00
0.003129    0.010695    0.98    0.00    0.00
-0.013323   0.002649    0.98    0.00    0.00
-0.013066   0.003704    0.98    0.00    0.00
0.006129    -0.008650   0.98    0.00    0.00
0.007316    0.013681    0.98    0.00    0.00
-0.000662   -0.010495   0.98    0.00    0.00
0.005170    -0.012733   0.98    0.00    0.00
0.010615    0.006755    0.98    0.00    0.00
0.012833    0.010497    0.98    0.00    0.00
-0.009238   -0.009345   0.98    0.00    0.00
-0.013398   -0.002658   0.98    0.00    0.00
-0.010738   0.007667    0.98    0.00    0.00
0.013655    0.006012    0.98    0.00    0.00
0.008600    0.005962    0.98    0.00    0.00
0.002943    -0.015945   0.98    0.00    0.00
0.001566    0.013252    0.98    0.00    0.00
-0.010676   -0.001406   0.98    0.00    0.00
0.013390    0.005009    0.98    0.00    0.00
0.014961    0.001246    0.98    0.00    0.00
-0.010640   -0.010196   0.98    0.00    0.00
-0.012288   -0.008824   0.98    0.00    0.00
0.010152    -0.000853   0.98    0.00    0.00
0.010636    0.001836    0.98    0.00    0.00
0.007682    0.009727    0.98    0.00    0.00
0.017264    -0.002065   0.98    0.00    0.00
0.004212    0.011844    0.98    0.00    0.00
0.011163    -0.003528   0.98    0.00    0.00
0.001663    0.012060    0.98    0.00    0.00
-0.015779   -0.001044   0.98    0.00    0.00
-0.010866   0.001950    0.98    0.00    0.00
0.011974    0.008303    0.98    0.00    0.00
0.003198    -0.010689   0.98    0.00    0.00
-0.002564   -0.012051   0.98    0.00    0.00
0.009949    -0.004471   0.98    0.00    0.00
-0.011678   0.004431    0.98    0.00    0.00
0.008752    0.013751    0.98    0.00    0.00
-0.006615   -0.014430   0.98    0.00    0.00
0.010143    0.011685    0.98    0.00    0.00
-0.013261   0.010605    0.98    0.00    0.00
-0.013109   0.010061    0.98    0.00    0.00
0.016741    0.002966    0.98    0.00    0.00
-0.013352   0.009407    0.98    0.00    0.00
0.000163    0.010746    0.98    0.00    0.00
-0.015321   -0.000853   0.98    0.00    0.00
0.014501    0.009665    0.98    0.00    0.00
-0.002152   0.014179    0.98    0.00    0.00
0.012938    0.000456    0.98    0.00    0.00
0.013259    -0.007421   0.98    0.00    0.00
0.013648    0.005777    0.98    0.00    0.00
-0.007377   -0.010047   0.98    0.00    0.00
0.005851    -0.014223   0.98    0.00    0.00
0.012540    0.001634    0.98    0.00    0.00
-0.015953   0.003550    0.98    0.00    0.00
0.012851    0.004252    0.98    0.00    0.00
-0.006436   0.012850    0.98    0.00    0.00
0.013180    0.003403    0.98    0.00    0.00
0.007114    -0.014346   0.98    0.00    0.00
-0.012842   0.010863    0.98    0.00    0.00
-0.009999   -0.008395   0.98    0.00    0.00
-0.006690   0.013430    0.98    0.00    0.00
0.010694    -0.000132   0.98    0.00    0.00
0.007026    -0.007673   0.98    0.00    0.00
-0.005795   -0.012986   0.98    0.00    0.00
0.002280    0.011112    0.98    0.00    0.00
-0.014680   -0.001202   0.98    0.00    0.00
-0.016920   0.001508    0.98    0.00    0.00
-0.011099   -0.008810   0.98    0.00    0.00
-0.017269   -0.002418   0.98    0.00    0.00
-0.003576   -0.012302   0.98    0.00    0.00
-0.005172   -0.013155   0.98    0.00    0.00
-0.012066   -0.009308   0.98    0.00    0.00
0.011018    -0.002169   0.98    0.00    0.00
0.003996    -0.010298   0.98    0.00    0.00
0.003920    0.015160    0.98    0.00    0.00
0.008524    0.010907    0.98    0.00    0.00
-0.009708   0.006124    0.98    0.00    0.00
0.011061    -0.001292   0.98    0.00    0.00
0.012216    -0.000917   0.98    0.00    0.00
-0.000273   -0.013768   0.98    0.00    0.00
-0.007342   0.010390    0.98    0.00    0.00
0.015266    0.005349    0.98    0.00    0.00
0.011451    -0.004213   0.98    0.00    0.00
0.012624    0.010331    0.98    0.00    0.00
0.016824    -0.003292   0.98    0.00    0.00
-0.009689   0.011359    0.98    0.00    0.00
-0.016302   0.003143    0.98    0.00    0.00
-0.003792   -0.011601   0.98    0.00    0.00
0.014123    0.006271    0.98    0.00    0.00
0.012853    0.006685    0.98    0.00    0.00
0.009123    0.014101    0.98    0.00    0.00
0.010639    -0.005923   0.98    0.00    0.00
0.010612    0.011808    0.98    0.00    0.00
-0.010270   0.013114    0.98    0.00    0.00
-0.015123   -0.007395   0.98    0.00    0.00
0.015167    -0.003364   0.98    0.00    0.00
-0.001454   0.012070    0.98    0.00    0.00
0.014389    0.004745    0.98    0.00    0.00
0.010018    -0.007628   0.98    0.00    0.00
0.011927    0.001990    0.98    0.00    0.00
-0.010293   -0.012013   0.98    0.00    0.00
0.010566    0.000786    0.98    0.00    0.00
0.009987    0.011510    0.98    0.00    0.00
-0.011772   -0.009504   0.98    0.00    0.00
-0.006879   -0.011812   0.98    0.00    0.00
0.009130    -0.008687   0.98    0.00    0.00
-0.013644   -0.003487   0.98    0.00    0.00
0.004210    -0.012814   0.98    0.00    0.00
0.015243    0.003471    0.98    0.00    0.00
0.000590    -0.011292   0.98    0.00    0.00
-0.014271   -0.009243   0.98    0.00    0.00
-0.000137   -0.015896   0.98    0.00    0.00
0.003255    -0.013756   0.98    0.00    0.00
0.008665    -0.013367   0.98    0.00    0.00
0.015019    0.002273    0.98    0.00    0.00
0.003322    -0.023817   0.00    0.98    0.00
0.023365    -0.003151   0.00    0.98    0.00
-0.021399   0.008769    0.00    0.98    0.00
0.023509    -0.010625   0.00    0.98    0.00
-0.017461   0.014784    0.00    0.98    0.00
-0.010390   0.015604    0.00    0.98    0.00
0.009870    0.021978    0.00    0.98    0.00
-0.018611   0.001486    0.00    0.98    0.00
-0.020774   0.000955    0.00    0.98    0.00
-0.016972   -0.019969   0.00    0.98    0.00
-0.023259   -0.016049   0.00    0.98    0.00
0.007152    0.019282    0.00    0.98    0.00
-0.022003   0.002653    0.00    0.98    0.00
-0.017022   0.019744    0.00    0.98    0.00
-0.024433   -0.021986   0.00    0.98    0.00
0.019211    0.010514    0.00    0.98    0.00
-0.015875   -0.012055   0.00    0.98    0.00
-0.006069   0.021464    0.00    0.98    0.00
-0.020845   -0.023942   0.00    0.98    0.00
0.020733    -0.002322   0.00    0.98    0.00
0.018720    0.000956    0.00    0.98    0.00
0.018049    -0.009321   0.00    0.98    0.00
-0.016616   -0.006779   0.00    0.98    0.00
0.020688    -0.004344   0.00    0.98    0.00
-0.014897   -0.019782   0.00    0.98    0.00
-0.003415   0.022032    0.00    0.98    0.00
0.005390    0.018913    0.00    0.98    0.00
0.024469    0.006228    0.00    0.98    0.00
0.015710    0.014638    0.00    0.98    0.00
0.004390    -0.017795   0.00    0.98    0.00
-0.011714   -0.024618   0.00    0.98    0.00
-0.022762   0.023013    0.00    0.98    0.00
0.004166    0.017213    0.00    0.98    0.00
-0.024352   0.022930    0.00    0.98    0.00
0.021862    0.007485    0.00    0.98    0.00
0.010734    -0.024631   0.00    0.98    0.00
-0.020360   -0.018749   0.00    0.98    0.00
0.013228    0.021255    0.00    0.98    0.00
-0.018058   -0.016747   0.00    0.98    0.00
0.018996    -0.005101   0.00    0.98    0.00
-0.015360   0.015014    0.00    0.98    0.00
-0.003298   -0.023894   0.00    0.98    0.00
-0.001360   -0.021107   0.00    0.98    0.00
-0.017320   -0.017066   0.00    0.98    0.00
-0.020245   -0.000743   0.00    0.98    0.00
0.016073    -0.021210   0.00    0.98    0.00
-0.005881   0.020703    0.00    0.98    0.00
-0.011674   0.013729    0.00    0.98    0.00
-0.019264   -0.001121   0.00    0.98    0.00
0.024618    -0.001404   0.00    0.98    0.00
-0.017621   0.010007    0.00    0.98    0.00
-0.013030   -0.024625   0.00    0.98    0.00
0.002987    0.020949    0.00    0.98    0.00
0.020634    -0.022315   0.00    0.98    0.00
-0.005754   -0.024516   0.00    0.98    0.00
-0.017807   0.017893    0.00    0.98    0.00
-0.001098   0.024369    0.00    0.98    0.00
-0.017475   0.020364    0.00    0.98    0.00
0.023280    -0.000089   0.00    0.98    0.00
0.020009    -0.010257   0.00    0.98    0.00
-0.017550   0.019511    0.00    0.98    0.00
-0.015297   0.016737    0.00    0.98    0.00
0.023891    0.014883    0.00    0.98    0.00
-0.012888   -0.022028   0.00    0.98    0.00
0.022670    -0.011598   0.00    0.98    0.00
-0.007016   -0.018125   0.00    0.98    0.00
0.000798    0.023756    0.00    0.98    0.00
-0.023240   -0.000029   0.00    0.98    0.00
-0.021270   0.001233    0.00    0.98    0.00
-0.015183   0.016053    0.00    0.98    0.00
0.007040    0.023665    0.00    0.98    0.00
0.014152    0.024162    0.00    0.98    0.00
-0.015371   0.011311    0.00    0.98    0.00
-0.007286   -0.022650   0.00    0.98    0.00
0.011762    0.023221    0.00    0.98    0.00
0.008228    0.018576    0.00    0.98    0.00
-0.017191   0.010076    0.00    0.98    0.00
-0.013712   0.016866    0.00    0.98    0.00
-0.014127   -0.017842   0.00    0.98    0.00
0.009891    -0.020249   0.00    0.98    0.00
-0.009949   0.022393    0.00    0.98    0.00
-0.014814   -0.021690   0.00    0.98    0.00
0.015283    0.013086    0.00    0.98    0.00
-0.023522   0.020658    0.00    0.98    0.00
0.003326    0.023355    0.00    0.98    0.00
-0.004565   0.019654    0.00    0.98    0.00
-0.021711   0.011765    0.00    0.98    0.00
0.024438    0.010551    0.00    0.98    0.00
-0.024848   0.018747    0.00    0.98    0.00
0.024618    -0.023090   0.00    0.98    0.00
-0.021424   -0.004132   0.00    0.98    0.00
-0.023678   0.006541    0.00    0.98    0.00
-0.020015   0.012286    0.00    0.98    0.00
0.019434    -0.006050   0.00    0.98    0.00
-0.018789   -0.011038   0.00    0.98    0.00
0.006915    -0.016450   0.00    0.98    0.00
0.015711    -0.019946   0.00    0.98    0.00
0.005818    -0.020439   0.00    0.98    0.00
0.000608    -0.021322   0.00    0.98    0.00
-0.023431   -0.011877   0.00    0.98    0.00
-0.018946   -0.000101   0.00    0.98    0.00
0.023539    -0.004309   0.00    0.98    0.00
-0.013996   -0.010731   0.00    0.98    0.00
-0.003782   -0.019871   0.00    0.98    0.00
0.001276    0.023689    0.00    0.98    0.00
-0.019551   -0.003737   0.00    0.98    0.00
-0.017015   -0.005453   0.00    0.98    0.00
-0.019951   -0.011344   0.00    0.98    0.00
0.002477    -0.024159   0.00    0.98    0.00
-0.014193   -0.022392   0.00    0.98    0.00
0.010731    0.023419    0.00    0.98    0.00
-0.014926   0.021053    0.00    0.98    0.00
0.022662    -0.005705   0.00    0.98    0.00
-0.001958   -0.019313   0.00    0.98    0.00
-0.003694   0.022157    0.00    0.98    0.00
0.022177    0.012358    0.00    0.98    0.00
0.001490    -0.019704   0.00    0.98    0.00
-0.007247   0.017941    0.00    0.98    0.00
-0.010375   0.018915    0.00    0.98    0.00
-0.020579   0.024813    0.00    0.98    0.00
0.019688    -0.002354   0.00    0.98    0.00
-0.000317   -0.021719   0.00    0.98    0.00
-0.021385   0.011309    0.00    0.98    0.00
-0.013056   -0.014329   0.00    0.98    0.00
0.018595    0.009983    0.00    0.98    0.00
0.020877    -0.016805   0.00    0.98    0.00
-0.019855   0.001113    0.00    0.98    0.00
-0.016067   -0.015679   0.00    0.98    0.00
0.011326    -0.020900   0.00    0.98    0.00
0.010230    -0.016090   0.00    0.98    0.00
-0.015797   -0.010096   0.00    0.98    0.00
0.000343    0.021061    0.00    0.98    0.00
0.017316    -0.023091   0.00    0.98    0.00
-0.012309   0.018471    0.00    0.98    0.00
-0.007288   -0.024618   0.00    0.98    0.00
0.013903    -0.011180   0.00    0.98    0.00
0.021663    -0.010583   0.00    0.98    0.00
-0.022975   0.007698    0.00    0.98    0.00
-0.016510   0.022119    0.00    0.98    0.00
0.023178    0.012706    0.00    0.98    0.00
0.017493    0.012432    0.00    0.98    0.00
-0.014406   0.022695    0.00    0.98    0.00
-0.018444   0.008061    0.00    0.98    0.00
-0.007462   0.020854    0.00    0.98    0.00
-0.018149   -0.000814   0.00    0.98    0.00
-0.021396   0.018560    0.00    0.98    0.00
0.020157    -0.006783   0.00    0.98    0.00
-0.011906   -0.024132   0.00    0.98    0.00
-0.021832   -0.005664   0.00    0.98    0.00
-0.014049   -0.022793   0.00    0.98    0.00
-0.020336   -0.004889   0.00    0.98    0.00
-0.020719   0.005600    0.00    0.98    0.00
-0.009418   -0.020622   0.00    0.98    0.00
0.013493    0.022677    0.00    0.98    0.00
-0.024371   -0.020658   0.00    0.98    0.00
0.018095    -0.013802   0.00    0.98    0.00
-0.021677   0.011673    0.00    0.98    0.00
0.000125    0.020047    0.00    0.98    0.00
0.017741    -0.011577   0.00    0.98    0.00
0.004848    0.020843    0.00    0.98    0.00
-0.015519   -0.021055   0.00    0.98    0.00
0.004946    -0.022250   0.00    0.98    0.00
-0.020239   -0.009848   0.00    0.98    0.00
-0.018517   0.001056    0.00    0.98    0.00
-0.024768   0.021540    0.00    0.98    0.00
-0.008523   0.023952    0.00    0.98    0.00
-0.018644   0.013759    0.00    0.98    0.00
-0.021725   0.021178    0.00    0.98    0.00
-0.017886   -0.006795   0.00    0.98    0.00
0.006829    -0.017219   0.00    0.98    0.00
0.017879    -0.020784   0.00    0.98    0.00
-0.013407   -0.022509   0.00    0.98    0.00
0.015303    0.011921    0.00    0.98    0.00
0.004582    -0.017087   0.00    0.98    0.00
-0.008463   -0.022520   0.00    0.98    0.00
0.022171    0.003372    0.00    0.98    0.00
-0.007996   0.020570    0.00    0.98    0.00
-0.016458   -0.007603   0.00    0.98    0.00
0.024427    -0.012977   0.00    0.98    0.00
0.019365    0.013884    0.00    0.98    0.00
-0.002058   -0.024440   0.00    0.98    0.00
-0.014687   -0.024865   0.00    0.98    0.00
-0.008341   0.022140    0.00    0.98    0.00
0.012648    0.014247    0.00    0.98    0.00
0.020428    -0.014061   0.00    0.98    0.00
0.016529    -0.006790   0.00    0.98    0.00
0.023440    -0.015666   0.00    0.98    0.00
0.021054    0.006180    0.00    0.98    0.00
0.023954    -0.008977   0.00    0.98    0.00
0.013989    0.012381    0.00    0.98    0.00
-0.017793   -0.004002   0.00    0.98    0.00
-0.018364   0.012929    0.00    0.98    0.00
-0.019061   0.003128    0.00    0.98    0.00
-0.012575   0.013551    0.00    0.98    0.00
-0.011736   0.019540    0.00    0.98    0.00
-0.016068   0.014265    0.00    0.98    0.00
-0.005194   0.021259    0.00    0.98    0.00
0.013505    0.015444    0.00    0.98    0.00
0.011464    0.017690    0.00    0.98    0.00
0.021583    0.003076    0.00    0.98    0.00
0.009864    -0.020063   0.00    0.98    0.00
0.005266    -0.024284   0.00    0.98    0.00
0.020225    -0.011460   0.00    0.98    0.00
0.024964    -0.008431   0.00    0.98    0.00
0.011889    -0.015792   0.00    0.98    0.00
-0.017328   0.008790    0.00    0.98    0.00
-0.021567   0.010416    0.00    0.98    0.00
0.012143    0.023860    0.00    0.98    0.00
0.008014    -0.016867   0.00    0.98    0.00
-0.014623   -0.022426   0.00    0.98    0.00
-0.014063   -0.015008   0.00    0.98    0.00
-0.017892   -0.001871   0.00    0.98    0.00
-0.022041   0.023833    0.00    0.98    0.00
-0.022722   0.018770    0.00    0.98    0.00
-0.007005   0.023456    0.00    0.98    0.00
-0.012655   0.024278    0.00    0.98    0.00
-0.022122   0.023517    0.00    0.98    0.00
-0.001231   -0.023179   0.00    0.98    0.00
-0.015895   0.024055    0.00    0.98    0.00
0.005188    0.022103    0.00    0.98    0.00
0.018221    -0.007901   0.00    0.98    0.00
-0.014356   0.013501    0.00    0.98    0.00
0.011848    -0.022870   0.00    0.98    0.00
-0.004663   0.018694    0.00    0.98    0.00
0.019408    -0.000278   0.00    0.98    0.00
0.023818    -0.016193   0.00    0.98    0.00
-0.023197   0.000007    0.00    0.98    0.00
-0.020718   -0.005936   0.00    0.98    0.00
0.018140    0.013740    0.00    0.98    0.00
0.015308    -0.010463   0.00    0.98    0.00
0.004964    0.019246    0.00    0.98    0.00
0.012040    -0.022785   0.00    0.98    0.00
-0.017009   -0.016981   0.00    0.98    0.00
0.005854    -0.019787   0.00    0.98    0.00
0.018364    -0.013160   0.00    0.98    0.00
-0.024442   0.007039    0.00    0.98    0.00
0.020357    0.006034    0.00    0.98    0.00
0.008242    0.021809    0.00    0.98    0.00
-0.015378   -0.018408   0.00    0.98    0.00
0.011546    -0.013495   0.00    0.98    0.00
-0.017555   0.023669    0.00    0.98    0.00
0.010595    0.024864    0.00    0.98    0.00
0.011448    -0.022567   0.00    0.98    0.00
-0.008936   0.024316    0.00    0.98    0.00
0.008878    0.021329    0.00    0.98    0.00
0.021677    -0.006180   0.00    0.98    0.00
0.018480    -0.003679   0.00    0.98    0.00
0.017360    0.008534    0.00    0.98    0.00
0.009134    0.015916    0.00    0.98    0.00
-0.020732   0.009102    0.00    0.98    0.00
0.021389    -0.017479   0.00    0.98    0.00
0.003611    -0.019728   0.00    0.98    0.00
0.009138    0.016832    0.00    0.98    0.00
0.013196    0.015298    0.00    0.98    0.00
0.014223    -0.023623   0.00    0.98    0.00
-0.016910   0.009946    0.00    0.98    0.00
-0.009631   0.019355    0.00    0.98    0.00
-0.010134   0.019825    0.00    0.98    0.00
0.000094    0.024743    0.00    0.98    0.00
-0.016583   0.006891    0.00    0.98    0.00
-0.014517   -0.019212   0.00    0.98    0.00
0.020527    -0.024550   0.00    0.98    0.00
0.007318    0.020145    0.00    0.98    0.00
-0.020015   -0.020214   0.00    0.98    0.00
-0.021506   0.018273    0.00    0.98    0.00
0.007073    -0.022535   0.00    0.98    0.00
-0.020283   0.009756    0.00    0.98    0.00
-0.015187   -0.021428   0.00    0.98    0.00
0.019874    -0.004940   0.00    0.98    0.00
-0.009591   -0.019194   0.00    0.98    0.00
-0.008084   -0.020655   0.00    0.98    0.00
0.016237    0.014183    0.00    0.98    0.00
-0.013265   -0.017864   0.00    0.98    0.00
-0.022112   -0.022969   0.00    0.98    0.00
0.009558    -0.021335   0.00    0.98    0.00
0.013526    -0.018699   0.00    0.98    0.00
-0.007980   0.020886    0.00    0.98    0.00
-0.019882   0.020953    0.00    0.98    0.00
0.002233    0.023158    0.00    0.98    0.00
0.002899    0.022219    0.00    0.98    0.00
0.017678    -0.023183   0.00    0.98    0.00
-0.020152   -0.013811   0.00    0.98    0.00
-0.020472   -0.001866   0.00    0.98    0.00
-0.023438   -0.020215   0.00    0.98    0.00
0.009903    -0.014766   0.00    0.98    0.00
-0.018381   0.015137    0.00    0.98    0.00
-0.014670   -0.018452   0.00    0.98    0.00
-0.015993   -0.017274   0.00    0.98    0.00
0.014288    0.024537    0.00    0.98    0.00
-0.024933   0.001082    0.00    0.98    0.00
0.024881    0.009019    0.00    0.98    0.00
0.007037    -0.021017   0.00    0.98    0.00
-0.022973   -0.023998   0.00    0.98    0.00
-0.011886   -0.019119   0.00    0.98    0.00
0.010970    0.024146    0.00    0.98    0.00
-0.020983   -0.021344   0.00    0.98    0.00
0.013869    0.017424    0.00    0.98    0.00
-0.019453   0.018808    0.00    0.98    0.00
-0.020980   0.013052    0.00    0.98    0.00
0.016566    -0.007723   0.00    0.98    0.00
-0.011573   -0.018733   0.00    0.98    0.00
-0.000055   0.019499    0.00    0.98    0.00
0.011951    -0.013904   0.00    0.98    0.00
0.011230    -0.023071   0.00    0.98    0.00
0.018253    0.010074    0.00    0.98    0.00
0.017682    -0.013277   0.00    0.98    0.00
-0.016544   -0.007509   0.00    0.98    0.00
-0.005431   -0.024559   0.00    0.98    0.00
0.010575    0.015878    0.00    0.98    0.00
-0.017732   0.016270    0.00    0.98    0.00
0.022538    -0.019422   0.00    0.98    0.00
-0.010683   -0.017147   0.00    0.98    0.00
-0.021831   0.011042    0.00    0.98    0.00
-0.016286   -0.024398   0.00    0.98    0.00
0.020699    -0.017654   0.00    0.98    0.00
0.019852    -0.016121   0.00    0.98    0.00
0.012414    0.012993    0.00    0.98    0.00
0.018899    -0.019355   0.00    0.98    0.00
0.012663    0.018119    0.00    0.98    0.00
-0.021233   0.003709    0.00    0.98    0.00
0.014669    -0.014847   0.00    0.98    0.00
0.010288    -0.015005   0.00    0.98    0.00
0.015367    -0.024627   0.00    0.98    0.00
-0.007548   0.017047    0.00    0.98    0.00
0.007591    -0.018652   0.00    0.98    0.00
-0.003437   -0.019724   0.00    0.98    0.00
0.013541    -0.024413   0.00    0.98    0.00
0.017498    -0.001907   0.00    0.98    0.00
-0.019109   -0.016020   0.00    0.98    0.00
-0.020877   0.005159    0.00    0.98    0.00
0.014680    -0.021290   0.00    0.98    0.00
-0.022528   -0.011735   0.00    0.98    0.00
-0.019765   -0.010051   0.00    0.98    0.00
-0.007748   0.022884    0.00    0.98    0.00
0.020154    -0.022587   0.00    0.98    0.00
-0.002801   0.019126    0.00    0.98    0.00
-0.019912   0.019892    0.00    0.98    0.00
-0.023183   -0.024710   0.00    0.98    0.00
0.024032    -0.004186   0.00    0.98    0.00
-0.022127   -0.001663   0.00    0.98    0.00
-0.016430   0.013034    0.00    0.98    0.00
-0.007256   0.018413    0.00    0.98    0.00
0.021281    -0.007079   0.00    0.98    0.00
-0.001035   0.018884    0.00    0.98    0.00
0.000427    -0.023429   0.00    0.98    0.00
-0.015831   -0.019089   0.00    0.98    0.00
-0.020494   -0.014202   0.00    0.98    0.00
-0.021262   -0.009981   0.00    0.98    0.00
0.020032    0.012122    0.00    0.98    0.00
-0.023882   -0.007736   0.00    0.98    0.00
0.018458    0.003835    0.00    0.98    0.00
0.007221    -0.022213   0.00    0.98    0.00
0.017329    -0.007703   0.00    0.98    0.00
0.017668    0.003070    0.00    0.98    0.00
-0.024406   -0.015755   0.00    0.98    0.00
0.023799    0.013527    0.00    0.98    0.00
0.017090    0.012140    0.00    0.98    0.00
0.020047    0.007302    0.00    0.98    0.00
0.021713    0.011156    0.00    0.98    0.00
0.012293    0.023583    0.00    0.98    0.00
-0.017987   -0.011398   0.00    0.98    0.00
0.021405    -0.014647   0.00    0.98    0.00
0.022904    -0.000007   0.00    0.98    0.00
-0.016068   -0.017436   0.00    0.98    0.00
-0.018821   0.007140    0.00    0.98    0.00
-0.019782   0.000178    0.00    0.98    0.00
-0.000366   0.024832    0.00    0.98    0.00
-0.010972   -0.020930   0.00    0.98    0.00
0.023238    -0.007457   0.00    0.98    0.00
-0.020144   0.017608    0.00    0.98    0.00
-0.004095   0.021750    0.00    0.98    0.00
-0.001430   -0.023130   0.00    0.98    0.00
0.021669    0.011104    0.00    0.98    0.00
0.007834    -0.019022   0.00    0.98    0.00
-0.021713   -0.020248   0.00    0.98    0.00
-0.019103   -0.005128   0.00    0.98    0.00
-0.012391   -0.016596   0.00    0.98    0.00
-0.024166   -0.010269   0.00    0.98    0.00
-0.018834   -0.007076   0.00    0.98    0.00
-0.016447   0.024034    0.00    0.98    0.00
-0.020664   0.008952    0.00    0.98    0.00
-0.019366   -0.009558   0.00    0.98    0.00
-0.018755   0.016898    0.00    0.98    0.00
0.010885    0.013768    0.00    0.98    0.00
-0.021617   0.007208    0.00    0.98    0.00
0.011027    -0.023443   0.00    0.98    0.00
-0.017563   0.013999    0.00    0.98    0.00
0.020186    -0.010239   0.00    0.98    0.00
-0.018726   0.004824    0.00    0.98    0.00
0.024579    -0.021878   0.00    0.98    0.00
0.017662    0.005746    0.00    0.98    0.00
0.013293    0.017388    0.00    0.98    0.00
-0.024509   -0.004780   0.00    0.98    0.00
-0.020158   0.013009    0.00    0.98    0.00
0.023967    -0.012175   0.00    0.98    0.00
0.018344    0.001221    0.00    0.98    0.00
-0.019295   0.022751    0.00    0.98    0.00
-0.024743   0.016409    0.00    0.98    0.00
0.009310    0.019709    0.00    0.98    0.00
0.005306    0.022986    0.00    0.98    0.00
-0.017110   0.021564    0.00    0.98    0.00
-0.008390   -0.016112   0.00    0.98    0.00
-0.021448   -0.021024   0.00    0.98    0.00
0.019695    -0.006658   0.00    0.98    0.00
0.011697    -0.019193   0.00    0.98    0.00
0.012823    -0.022201   0.00    0.98    0.00
0.011778    -0.013250   0.00    0.98    0.00
-0.012310   -0.017702   0.00    0.98    0.00
-0.013668   0.017997    0.00    0.98    0.00
0.003668    -0.020844   0.00    0.98    0.00
-0.018821   0.016988    0.00    0.98    0.00
0.014239    -0.016573   0.00    0.98    0.00
-0.015596   -0.023279   0.00    0.98    0.00
0.022975    -0.004011   0.00    0.98    0.00
0.005135    0.024793    0.00    0.98    0.00
-0.012592   0.013877    0.00    0.98    0.00
0.023951    0.004672    0.00    0.98    0.00
-0.011630   -0.022518   0.00    0.98    0.00
-0.006306   -0.019204   0.00    0.98    0.00
-0.013272   -0.023313   0.00    0.98    0.00
-0.024511   -0.015719   0.00    0.98    0.00
0.003258    -0.019757   0.00    0.98    0.00
-0.023280   0.020502    0.00    0.98    0.00
-0.000565   -0.021220   0.00    0.98    0.00
0.020784    0.007230    0.00    0.98    0.00
0.002590    0.020515    0.00    0.98    0.00
-0.014758   -0.019973   0.00    0.98    0.00
0.014385    0.013396    0.00    0.98    0.00
-0.004199   0.024846    0.00    0.98    0.00
-0.021302   0.003698    0.00    0.98    0.00
-0.020865   -0.010843   0.00    0.98    0.00
0.021796    -0.015091   0.00    0.98    0.00
0.008593    -0.016165   0.00    0.98    0.00
-0.015144   -0.019248   0.00    0.98    0.00
-0.013720   0.017414    0.00    0.98    0.00
0.010626    0.022222    0.00    0.98    0.00
-0.005995   0.021134    0.00    0.98    0.00
0.023389    -0.004443   0.00    0.98    0.00
-0.007466   -0.016245   0.00    0.98    0.00
0.014361    0.014160    0.00    0.98    0.00
0.003432    -0.019524   0.00    0.98    0.00
0.022608    0.007570    0.00    0.98    0.00
0.018542    0.010647    0.00    0.98    0.00
0.013801    0.012688    0.00    0.98    0.00
-0.019074   -0.006912   0.00    0.98    0.00
0.003396    0.023923    0.00    0.98    0.00
-0.018417   -0.002465   0.00    0.98    0.00
0.020326    0.005247    0.00    0.98    0.00
-0.018991   0.007112    0.00    0.98    0.00
-0.024723   -0.006359   0.00    0.98    0.00
-0.010700   0.022910    0.00    0.98    0.00
-0.022415   -0.016032   0.00    0.98    0.00
-0.021374   0.007978    0.00    0.98    0.00
-0.017745   -0.007207   0.00    0.98    0.00
0.007987    -0.017109   0.00    0.98    0.00
0.022271    -0.018280   0.00    0.98    0.00
-0.008526   0.017947    0.00    0.98    0.00
0.020524    0.002767    0.00    0.98    0.00
0.011742    -0.024794   0.00    0.98    0.00
-0.021058   0.014297    0.00    0.98    0.00
0.014536    0.021316    0.00    0.98    0.00
-0.019261   0.020817    0.00    0.98    0.00
-0.018223   -0.017476   0.00    0.98    0.00
0.023950    0.007219    0.00    0.98    0.00
-0.014417   0.014605    0.00    0.98    0.00
0.006651    -0.016926   0.00    0.98    0.00
0.023127    0.005204    0.00    0.98    0.00
0.019077    0.013332    0.00    0.98    0.00
-0.024436   -0.021852   0.00    0.98    0.00
-0.018714   0.020253    0.00    0.98    0.00
0.021441    0.000022    0.00    0.98    0.00
-0.023337   0.008024    0.00    0.98    0.00
-0.019386   -0.001118   0.00    0.98    0.00
-0.006683   -0.023989   0.00    0.98    0.00
-0.015177   -0.013665   0.00    0.98    0.00
0.020983    -0.000539   0.00    0.98    0.00
-0.013511   -0.021528   0.00    0.98    0.00
-0.004806   0.018815    0.00    0.98    0.00
0.000385    -0.024491   0.00    0.98    0.00
0.024943    0.004529    0.00    0.98    0.00
0.016560    0.010601    0.00    0.98    0.00
-0.019727   -0.003927   0.00    0.98    0.00
-0.012941   0.020427    0.00    0.98    0.00
0.020492    -0.014079   0.00    0.98    0.00
-0.006356   -0.023126   0.00    0.98    0.00
-0.022941   0.024345    0.00    0.98    0.00
-0.009686   -0.021789   0.00    0.98    0.00
-0.011777   -0.017187   0.00    0.98    0.00
0.019487    -0.004928   0.00    0.98    0.00
0.014693    -0.010889   0.00    0.98    0.00
-0.015717   0.014065    0.00    0.98    0.00
-0.013363   -0.012787   0.00    0.98    0.00
0.021927    0.014022    0.00    0.98    0.00
0.019090    0.012686    0.00    0.98    0.00
-0.010226   -0.016571   0.00    0.98    0.00
-0.013798   0.022257    0.00    0.98    0.00
-0.016075   0.010729    0.00    0.98    0.00
-0.015458   0.023926    0.00    0.98    0.00
0.023944    0.003060    0.00    0.98    0.00
0.003090    -0.017932   0.00    0.98    0.00
0.024101    -0.018897   0.00    0.98    0.00
-0.020372   0.003548    0.00    0.98    0.00
-0.022769   -0.024209   0.00    0.98    0.00
0.023587    -0.013777   0.00    0.98    0.00
-0.021338   -0.006634   0.00    0.98    0.00
-0.007197   -0.020222   0.00    0.98    0.00
0.011149    -0.016478   0.00    0.98    0.00
0.017076    -0.015558   0.00    0.98    0.00
0.014280    -0.017969   0.00    0.98    0.00
0.018367    -0.004825   0.00    0.98    0.00
-0.014243   -0.010515   0.00    0.98    0.00
-0.022349   0.011462    0.00    0.98    0.00
0.008380    -0.021208   0.00    0.98    0.00
-0.022253   -0.000663   0.00    0.98    0.00
-0.023610   0.000733    0.00    0.98    0.00
0.021552    -0.013459   0.00    0.98    0.00
0.012077    -0.021007   0.00    0.98    0.00
-0.021861   -0.024996   0.00    0.98    0.00
0.022238    -0.008554   0.00    0.98    0.00
-0.021460   0.011698    0.00    0.98    0.00
-0.017990   -0.013195   0.00    0.98    0.00
0.019443    0.000592    0.00    0.98    0.00
-0.017798   0.011625    0.00    0.98    0.00
-0.015107   0.020349    0.00    0.98    0.00
-0.018151   -0.023950   0.00    0.98    0.00
0.019321    0.011693    0.00    0.98    0.00
-0.017165   -0.006809   0.00    0.98    0.00
0.009101    0.021245    0.00    0.98    0.00
0.013669    0.015716    0.00    0.98    0.00
-0.017005   -0.016491   0.00    0.98    0.00
-0.017913   0.023123    0.00    0.98    0.00
0.002481    -0.020281   0.00    0.98    0.00
-0.014546   0.010261    0.00    0.98    0.00
0.020684    -0.003962   0.00    0.98    0.00
-0.020092   0.018400    0.00    0.98    0.00
0.009339    0.023004    0.00    0.98    0.00
0.018387    -0.016510   0.00    0.98    0.00
0.018472    0.007455    0.00    0.98    0.00
0.021825    -0.008876   0.00    0.98    0.00
0.019519    -0.003656   0.00    0.98    0.00
0.014668    0.020376    0.00    0.98    0.00
0.007483    0.022196    0.00    0.98    0.00
-0.022217   -0.009592   0.00    0.98    0.00
-0.000334   0.018451    0.00    0.98    0.00
0.017357    0.014413    0.00    0.98    0.00
0.001656    -0.018554   0.00    0.98    0.00
-0.018387   -0.017081   0.00    0.98    0.00
0.004191    0.017457    0.00    0.98    0.00
-0.002792   -0.018096   0.00    0.98    0.00
0.009799    -0.015424   0.00    0.98    0.00
0.015805    -0.019721   0.00    0.98    0.00
-0.018400   0.011160    0.00    0.98    0.00
-0.001491   0.023228    0.00    0.98    0.00
-0.010720   0.014691    0.00    0.98    0.00
0.017246    0.011584    0.00    0.98    0.00
-0.001052   -0.021677   0.00    0.98    0.00
-0.023851   -0.016025   0.00    0.98    0.00
0.022808    -0.006504   0.00    0.98    0.00
-0.011676   0.016454    0.00    0.98    0.00
-0.006056   0.019797    0.00    0.98    0.00
0.017925    0.000262    0.00    0.98    0.00
-0.024471   0.016488    0.00    0.98    0.00
0.022899    -0.008279   0.00    0.98    0.00
0.018518    -0.003572   0.00    0.98    0.00
0.022701    0.001837    0.00    0.98    0.00
0.022981    0.003131    0.00    0.98    0.00
-0.015992   -0.014737   0.00    0.98    0.00
-0.024642   0.014188    0.00    0.98    0.00
0.017819    -0.023584   0.00    0.98    0.00
-0.012149   -0.023114   0.00    0.98    0.00
0.001822    -0.021850   0.00    0.98    0.00
-0.022986   0.024692    0.00    0.98    0.00
0.021238    0.010890    0.00    0.98    0.00
0.023408    0.003943    0.00    0.98    0.00
-0.016948   0.018055    0.00    0.98    0.00
-0.011528   0.015189    0.00    0.98    0.00
-0.019691   -0.010172   0.00    0.98    0.00
0.015589    -0.017078   0.00    0.98    0.00
0.017998    -0.004897   0.00    0.98    0.00
0.000583    0.018490    0.00    0.98    0.00
0.008100    0.022356    0.00    0.98    0.00
0.016440    -0.009275   0.00    0.98    0.00
-0.021268   -0.007322   0.00    0.98    0.00
0.010528    -0.017455   0.00    0.98    0.00
0.018473    -0.020943   0.00    0.98    0.00
0.023887    0.000925    0.00    0.98    0.00
0.000141    0.019591    0.00    0.98    0.00
0.014330    0.017520    0.00    0.98    0.00
-0.020063   -0.009551   0.00    0.98    0.00
-0.019360   -0.006920   0.00    0.98    0.00
-0.000667   -0.024045   0.00    0.98    0.00
0.015212    -0.018655   0.00    0.98    0.00
-0.016198   0.013258    0.00    0.98    0.00
-0.019358   0.002210    0.00    0.98    0.00
-0.023239   -0.020694   0.00    0.98    0.00
0.019480    -0.023218   0.00    0.98    0.00
-0.011533   -0.017829   0.00    0.98    0.00
-0.024484   -0.023924   0.00    0.98    0.00
0.020732    0.012192    0.00    0.98    0.00
0.020028    0.010248    0.00    0.98    0.00
-0.005289   0.022615    0.00    0.98    0.00
-0.006287   0.017077    0.00    0.98    0.00
0.016240    0.013374    0.00    0.98    0.00
-0.022396   0.000444    0.00    0.98    0.00
0.024715    -0.005461   0.00    0.98    0.00
-0.012645   -0.016771   0.00    0.98    0.00
-0.015961   0.021640    0.00    0.98    0.00
-0.019236   0.005448    0.00    0.98    0.00
-0.015115   -0.011392   0.00    0.98    0.00
0.002391    0.020969    0.00    0.98    0.00
-0.004913   -0.018409   0.00    0.98    0.00
-0.005452   -0.022784   0.00    0.98    0.00
0.020659    -0.022584   0.00    0.98    0.00
-0.020993   -0.014260   0.00    0.98    0.00
0.013123    -0.023367   0.00    0.98    0.00
0.019439    -0.008788   0.00    0.98    0.00
0.008375    -0.019202   0.00    0.98    0.00
-0.018137   -0.015595   0.00    0.98    0.00
-0.012015   -0.015552   0.00    0.98    0.00
-0.024723   -0.013755   0.00    0.98    0.00
0.017122    -0.014721   0.00    0.98    0.00
0.013693    0.020030    0.00    0.98    0.00
0.014154    -0.014318   0.00    0.98    0.00
0.009806    0.023656    0.00    0.98    0.00
-0.000142   0.020864    0.00    0.98    0.00
0.015193    -0.022969   0.00    0.98    0.00
-0.016649   -0.005558   0.00    0.98    0.00
-0.013013   0.016994    0.00    0.98    0.00
0.002414    0.022815    0.00    0.98    0.00
0.008076    -0.021929   0.00    0.98    0.00
-0.021423   -0.024591   0.00    0.98    0.00
-0.016754   -0.008625   0.00    0.98    0.00
-0.016142   -0.007902   0.00    0.98    0.00
0.022983    0.005699    0.00    0.98    0.00
0.022563    0.002309    0.00    0.98    0.00
-0.020873   -0.018924   0.00    0.98    0.00
0.009488    -0.024302   0.00    0.98    0.00
-0.014875   -0.018732   0.00    0.98    0.00
0.012334    0.020848    0.00    0.98    0.00
-0.022880   -0.015716   0.00    0.98    0.00
-0.014285   0.011013    0.00    0.98    0.00
-0.017002   0.014104    0.00    0.98    0.00
0.019176    -0.022252   0.00    0.98    0.00
0.020176    -0.015577   0.00    0.98    0.00
-0.020058   -0.005365   0.00    0.98    0.00
-0.017474   0.014222    0.00    0.98    0.00
-0.023756   0.010803    0.00    0.98    0.00
-0.021749   0.021632    0.00    0.98    0.00
-0.012314   -0.013993   0.00    0.98    0.00
-0.013100   0.019502    0.00    0.98    0.00
0.012989    0.023519    0.00    0.98    0.00
0.014099    0.012368    0.00    0.98    0.00
0.019632    -0.019812   0.00    0.98    0.00
0.024393    0.012445    0.00    0.98    0.00
-0.019275   0.007869    0.00    0.98    0.00
-0.016354   0.012555    0.00    0.98    0.00
0.012039    0.015352    0.00    0.98    0.00
-0.014590   0.022280    0.00    0.98    0.00
0.022815    -0.021312   0.00    0.98    0.00
-0.023274   -0.015688   0.00    0.98    0.00
0.022510    -0.024888   0.00    0.98    0.00
-0.009020   -0.023053   0.00    0.98    0.00
-0.007830   0.018311    0.00    0.98    0.00
-0.008022   -0.017067   0.00    0.98    0.00
0.017313    -0.004319   0.00    0.98    0.00
-0.021585   -0.017763   0.00    0.98    0.00
-0.015587   -0.016111   0.00    0.98    0.00
0.024518    0.003315    0.00    0.98    0.00
-0.020859   0.013702    0.00    0.98    0.00
-0.022932   0.017001    0.00    0.98    0.00
0.020119    -0.009850   0.00    0.98    0.00
0.014982    -0.020883   0.00    0.98    0.00
-0.008289   0.016603    0.00    0.98    0.00
-0.008006   0.023722    0.00    0.98    0.00
-0.020813   0.008464    0.00    0.98    0.00
-0.017626   -0.011584   0.00    0.98    0.00
-0.001173   0.022124    0.00    0.98    0.00
0.014132    0.016822    0.00    0.98    0.00
0.016315    0.006461    0.00    0.98    0.00
-0.001063   -0.019611   0.00    0.98    0.00
0.024367    0.004898    0.00    0.98    0.00
0.021448    -0.003636   0.00    0.98    0.00
-0.020697   -0.021357   0.00    0.98    0.00
-0.021637   0.015601    0.00    0.98    0.00
-0.019193   -0.001772   0.00    0.98    0.00
-0.010899   -0.017382   0.00    0.98    0.00
0.017828    -0.021929   0.00    0.98    0.00
-0.012232   -0.023132   0.00    0.98    0.00
-0.021210   -0.003735   0.00    0.98    0.00
0.014572    0.010807    0.00    0.98    0.00
0.003690    0.020497    0.00    0.98    0.00
-0.014079   0.024437    0.00    0.98    0.00
-0.020217   -0.024162   0.00    0.98    0.00
0.022647    -0.012639   0.00    0.98    0.00
0.015122    -0.015581   0.00    0.98    0.00
0.016927    0.005787    0.00    0.98    0.00
0.018314    -0.007556   0.00    0.98    0.00
0.003762    -0.023073   0.00    0.98    0.00
0.004330    -0.022003   0.00    0.98    0.00
-0.023172   -0.002843   0.00    0.98    0.00
-0.002906   0.021408    0.00    0.98    0.00
0.009313    -0.016020   0.00    0.98    0.00
-0.019773   0.010216    0.00    0.98    0.00
-0.018280   0.012954    0.00    0.98    0.00
-0.018477   0.005035    0.00    0.98    0.00
-0.017304   -0.020887   0.00    0.98    0.00
-0.007133   -0.018451   0.00    0.98    0.00
-0.012871   -0.017341   0.00    0.98    0.00
-0.004373   0.020668    0.00    0.98    0.00
-0.017472   0.003672    0.00    0.98    0.00
-0.019396   -0.015916   0.00    0.98    0.00
0.008212    -0.018518   0.00    0.98    0.00
-0.018704   -0.007477   0.00    0.98    0.00
-0.023399   -0.014737   0.00    0.98    0.00
0.010833    -0.024023   0.00    0.98    0.00
0.020733    0.013172    0.00    0.98    0.00
-0.017710   0.020287    0.00    0.98    0.00
0.019665    0.004600    0.00    0.98    0.00
-0.020851   0.019586    0.00    0.98    0.00
0.019952    -0.008892   0.00    0.98    0.00
-0.010311   0.023374    0.00    0.98    0.00
-0.023839   -0.023198   0.00    0.98    0.00
-0.023311   -0.010079   0.00    0.98    0.00
-0.003452   0.022882    0.00    0.98    0.00
-0.020239   -0.004280   0.00    0.98    0.00
-0.012535   -0.024196   0.00    0.98    0.00
0.005544    -0.020506   0.00    0.98    0.00
-0.023519   0.017446    0.00    0.98    0.00
0.019236    -0.021030   0.00    0.98    0.00
0.020647    -0.019538   0.00    0.98    0.00
-0.017895   0.008505    0.00    0.98    0.00
-0.015774   -0.008784   0.00    0.98    0.00
-0.013388   0.023636    0.00    0.98    0.00
-0.013501   -0.019678   0.00    0.98    0.00
-0.015039   -0.012025   0.00    0.98    0.00
-0.009602   -0.020322   0.00    0.98    0.00
0.000696    -0.023722   0.00    0.98    0.00
0.020857    0.006786    0.00    0.98    0.00
0.014224    -0.018479   0.00    0.98    0.00
0.005902    -0.019965   0.00    0.98    0.00
-0.001585   -0.018803   0.00    0.98    0.00
-0.021155   -0.011322   0.00    0.98    0.00
0.021255    -0.013613   0.00    0.98    0.00
-0.024745   -0.019697   0.00    0.98    0.00
-0.023840   -0.024097   0.00    0.98    0.00
-0.022032   0.007366    0.00    0.98    0.00
0.007082    0.016724    0.00    0.98    0.00
-0.009535   -0.017186   0.00    0.98    0.00
0.003557    0.021176    0.00    0.98    0.00
-0.017540   0.015000    0.00    0.98    0.00
-0.017505   0.004247    0.00    0.98    0.00
0.011738    0.014533    0.00    0.98    0.00
0.022571    -0.002300   0.00    0.98    0.00
0.011355    0.014412    0.00    0.98    0.00
0.024764    -0.024907   0.00    0.98    0.00
0.019095    -0.014325   0.00    0.98    0.00
0.020667    -0.005447   0.00    0.98    0.00
0.019521    0.011592    0.00    0.98    0.00
0.005090    -0.017485   0.00    0.98    0.00
-0.022061   -0.022823   0.00    0.98    0.00
-0.020265   -0.018605   0.00    0.98    0.00
-0.005117   -0.018835   0.00    0.98    0.00
0.010953    0.016402    0.00    0.98    0.00
0.022813    -0.004524   0.00    0.98    0.00
-0.011151   -0.019448   0.00    0.98    0.00
-0.022423   -0.002579   0.00    0.98    0.00
0.000042    -0.020805   0.00    0.98    0.00
-0.016898   0.005268    0.00    0.98    0.00
-0.008608   -0.020885   0.00    0.98    0.00
0.024551    -0.018100   0.00    0.98    0.00
-0.020171   0.017136    0.00    0.98    0.00
-0.016174   0.009436    0.00    0.98    0.00
0.006716    -0.022720   0.00    0.98    0.00
-0.016388   -0.008242   0.00    0.98    0.00
-0.006544   0.023368    0.00    0.98    0.00
-0.018491   -0.008535   0.00    0.98    0.00
0.019399    -0.006055   0.00    0.98    0.00
0.024696    -0.000498   0.00    0.98    0.00
-0.018541   0.014379    0.00    0.98    0.00
-0.019076   0.019751    0.00    0.98    0.00
-0.006606   0.021481    0.00    0.98    0.00
-0.003886   -0.024211   0.00    0.98    0.00
0.022392    -0.009795   0.00    0.98    0.00
0.020802    -0.003445   0.00    0.98    0.00
0.019016    -0.000473   0.00    0.98    0.00
-0.012989   -0.022324   0.00    0.98    0.00
-0.013483   0.023331    0.00    0.98    0.00
-0.015520   -0.011392   0.00    0.98    0.00
0.019656    -0.009522   0.00    0.98    0.00
0.017158    -0.005240   0.00    0.98    0.00
0.023249    -0.015476   0.00    0.98    0.00
0.017168    0.013213    0.00    0.98    0.00
0.023054    -0.020292   0.00    0.98    0.00
-0.024496   0.013586    0.00    0.98    0.00
0.002254    -0.020452   0.00    0.98    0.00
-0.020629   -0.016298   0.00    0.98    0.00
0.002212    -0.021068   0.00    0.98    0.00
-0.023302   0.007263    0.00    0.98    0.00
0.018127    -0.011329   0.00    0.98    0.00
-0.014434   0.017107    0.00    0.98    0.00
-0.008299   0.017947    0.00    0.98    0.00
-0.004002   -0.024705   0.00    0.98    0.00
-0.017646   -0.008047   0.00    0.98    0.00
-0.014059   -0.011839   0.00    0.98    0.00
-0.004713   -0.024744   0.00    0.98    0.00
0.022697    -0.005576   0.00    0.98    0.00
-0.008024   0.016248    0.00    0.98    0.00
-0.020651   -0.016916   0.00    0.98    0.00
0.022850    0.010178    0.00    0.98    0.00
0.007791    0.019735    0.00    0.98    0.00
-0.015920   0.014961    0.00    0.98    0.00
0.012998    0.019975    0.00    0.98    0.00
0.022123    0.005328    0.00    0.98    0.00
0.001012    -0.022839   0.00    0.98    0.00
-0.022545   0.015778    0.00    0.98    0.00
0.021395    -0.000961   0.00    0.98    0.00
-0.006347   -0.022329   0.00    0.98    0.00
0.003202    -0.021573   0.00    0.98    0.00
-0.015523   -0.019520   0.00    0.98    0.00
0.022739    -0.005748   0.00    0.98    0.00
0.021407    -0.010643   0.00    0.98    0.00
0.006664    -0.016392   0.00    0.98    0.00
-0.006331   -0.023399   0.00    0.98    0.00
0.017870    -0.015360   0.00    0.98    0.00
0.023743    0.001512    0.00    0.98    0.00
-0.017168   0.007943    0.00    0.98    0.00
0.023235    -0.017663   0.00    0.98    0.00
0.006491    0.020361    0.00    0.98    0.00
0.018578    -0.012485   0.00    0.98    0.00
-0.020195   -0.001551   0.00    0.98    0.00
0.019844    -0.010171   0.00    0.98    0.00
0.020044    -0.009996   0.00    0.98    0.00
0.013380    -0.013969   0.00    0.98    0.00
-0.016630   0.008894    0.00    0.98    0.00
0.024906    0.009170    0.00    0.98    0.00
0.017544    -0.022575   0.00    0.98    0.00
0.011465    0.017827    0.00    0.98    0.00
0.003597    -0.017818   0.00    0.98    0.00
0.001795    0.023080    0.00    0.98    0.00
0.018090    -0.022017   0.00    0.98    0.00
-0.011954   -0.020397   0.00    0.98    0.00
-0.021699   0.005911    0.00    0.98    0.00
0.021748    -0.008366   0.00    0.98    0.00
-0.013616   -0.020638   0.00    0.98    0.00
-0.020755   0.010324    0.00    0.98    0.00
0.002522    0.020149    0.00    0.98    0.00
0.014632    0.009790    0.00    0.98    0.00
-0.018547   -0.005085   0.00    0.98    0.00
-0.016825   -0.017145   0.00    0.98    0.00
-0.015763   0.020713    0.00    0.98    0.00
0.011231    0.020253    0.00    0.98    0.00
-0.019462   0.015570    0.00    0.98    0.00
0.006800    0.023545    0.00    0.98    0.00
-0.017248   -0.019975   0.00    0.98    0.00
-0.016768   -0.014484   0.00    0.98    0.00
0.022476    0.010859    0.00    0.98    0.00
-0.018377   -0.015627   0.00    0.98    0.00
0.003427    0.021726    0.00    0.98    0.00
-0.019530   -0.001310   0.00    0.98    0.00
0.005651    -0.020838   0.00    0.98    0.00
0.002019    -0.023805   0.00    0.98    0.00
0.014005    0.017891    0.00    0.98    0.00
0.020400    0.003651    0.00    0.98    0.00
0.018820    -0.013301   0.00    0.98    0.00
0.018027    -0.016978   0.00    0.98    0.00
-0.016054   -0.011710   0.00    0.98    0.00
-0.011560   0.018653    0.00    0.98    0.00
-0.013645   0.017007    0.00    0.98    0.00
-0.016853   0.023981    0.00    0.98    0.00
0.020724    0.008064    0.00    0.98    0.00
-0.001456   -0.021608   0.00    0.98    0.00
0.024028    -0.014824   0.00    0.98    0.00
-0.023772   0.011268    0.00    0.98    0.00
-0.011192   -0.018911   0.00    0.98    0.00
0.006661    0.017977    0.00    0.98    0.00
0.012837    -0.013268   0.00    0.98    0.00
0.018305    0.002612    0.00    0.98    0.00
0.017707    -0.018373   0.00    0.98    0.00
-0.017310   -0.017353   0.00    0.98    0.00
-0.015102   0.014109    0.00    0.98    0.00
0.006506    0.019079    0.00    0.98    0.00
0.020745    -0.020531   0.00    0.98    0.00
-0.015098   -0.016324   0.00    0.98    0.00
-0.020420   -0.012290   0.00    0.98    0.00
-0.019423   0.006241    0.00    0.98    0.00
-0.007849   -0.024911   0.00    0.98    0.00
0.022137    0.014542    0.00    0.98    0.00
0.022095    -0.022199   0.00    0.98    0.00
-0.004404   -0.020814   0.00    0.98    0.00
-0.007078   0.022180    0.00    0.98    0.00
0.002105    -0.024312   0.00    0.98    0.00
0.021863    0.005679    0.00    0.98    0.00
0.012652    -0.020028   0.00    0.98    0.00
0.023441    -0.015163   0.00    0.98    0.00
-0.024443   0.016294    0.00    0.98    0.00
0.005028    -0.022243   0.00    0.98    0.00
-0.024141   -0.005773   0.00    0.98    0.00
-0.021878   0.007850    0.00    0.98    0.00
0.009269    -0.016582   0.00    0.98    0.00
-0.015363   -0.009609   0.00    0.98    0.00
0.000361    0.024224    0.00    0.98    0.00
-0.021510   0.012589    0.00    0.98    0.00
0.015300    -0.016880   0.00    0.98    0.00
-0.017156   -0.015200   0.00    0.98    0.00
0.022352    0.002486    0.00    0.98    0.00
0.023573    0.003994    0.00    0.98    0.00
-0.014692   0.020426    0.00    0.98    0.00
-0.018769   0.023260    0.00    0.98    0.00
0.022196    0.012229    0.00    0.98    0.00
-0.015162   -0.012838   0.00    0.98    0.00
0.018703    -0.001500   0.00    0.98    0.00
-0.003576   0.018430    0.00    0.98    0.00
-0.020696   -0.002986   0.00    0.98    0.00
0.017981    -0.023256   0.00    0.98    0.00
0.006159    -0.024916   0.00    0.98    0.00
0.008314    -0.017312   0.00    0.98    0.00
-0.014998   0.018790    0.00    0.98    0.00
0.011649    0.014298    0.00    0.98    0.00
-0.024253   -0.013295   0.00    0.98    0.00
-0.014413   0.020712    0.00    0.98    0.00
0.018453    -0.014358   0.00    0.98    0.00
-0.021175   0.015972    0.00    0.98    0.00
-0.021958   0.024678    0.00    0.98    0.00
-0.005469   0.023257    0.00    0.98    0.00
-0.009923   -0.021071   0.00    0.98    0.00
-0.022788   -0.012155   0.00    0.98    0.00
-0.012888   -0.023357   0.00    0.98    0.00
-0.011305   0.014199    0.00    0.98    0.00
0.004441    0.022520    0.00    0.98    0.00
0.000712    -0.021379   0.00    0.98    0.00
-0.010644   -0.019336   0.00    0.98    0.00
-0.018967   -0.002364   0.00    0.98    0.00
-0.005435   0.024891    0.00    0.98    0.00
0.024797    0.014807    0.00    0.98    0.00
0.017243    -0.011231   0.00    0.98    0.00
-0.005347   -0.024955   0.00    0.98    0.00
-0.013827   0.021285    0.00    0.98    0.00
0.019582    -0.024313   0.00    0.98    0.00
0.020666    0.002886    0.00    0.98    0.00
0.023305    0.003833    0.00    0.98    0.00
0.018842    -0.005955   0.00    0.98    0.00
0.002209    -0.020746   0.00    0.98    0.00
-0.017382   -0.020799   0.00    0.98    0.00
-0.019828   0.024897    0.00    0.98    0.00
-0.017927   -0.014200   0.00    0.98    0.00
0.019332    -0.000718   0.00    0.98    0.00
0.003228    -0.024401   0.00    0.98    0.00
-0.010830   -0.022511   0.00    0.98    0.00
0.020168    -0.013500   0.00    0.98    0.00
-0.011501   0.022943    0.00    0.98    0.00
-0.017353   -0.008770   0.00    0.98    0.00
-0.003132   -0.020640   0.00    0.98    0.00
0.016891    -0.007265   0.00    0.98    0.00
0.023686    0.006568    0.00    0.98    0.00
-0.023438   0.017993    0.00    0.98    0.00
0.024504    -0.014918   0.00    0.98    0.00
0.017448    -0.014264   0.00    0.98    0.00
-0.024257   0.017552    0.00    0.98    0.00
-0.011559   -0.018093   0.00    0.98    0.00
-0.020976   0.015831    0.00    0.98    0.00
-0.022090   0.004066    0.00    0.98    0.00
-0.017453   -0.001899   0.00    0.98    0.00
-0.000477   0.017837    0.00    0.98    0.00
0.023562    -0.003656   0.00    0.98    0.00
-0.020577   0.017602    0.00    0.98    0.00
-0.021936   -0.007573   0.00    0.98    0.00
-0.023187   -0.016413   0.00    0.98    0.00
0.023082    -0.024239   0.00    0.98    0.00
-0.003303   0.019884    0.00    0.98    0.00
-0.024090   -0.003625   0.00    0.98    0.00
0.005876    0.019066    0.00    0.98    0.00
-0.007723   0.023449    0.00    0.98    0.00
-0.018218   -0.022357   0.00    0.98    0.00
0.019712    -0.000608   0.00    0.98    0.00
-0.014612   0.024477    0.00    0.98    0.00
-0.020066   -0.011924   0.00    0.98    0.00
-0.013932   -0.023526   0.00    0.98    0.00
-0.012265   0.018083    0.00    0.98    0.00
0.020268    0.012436    0.00    0.98    0.00
0.017242    -0.008481   0.00    0.98    0.00
-0.018594   0.023534    0.00    0.98    0.00
-0.017525   0.024780    0.00    0.98    0.00
-0.019818   0.018793    0.00    0.98    0.00
-0.021535   0.015722    0.00    0.98    0.00
-0.014920   0.014098    0.00    0.98    0.00
-0.023948   0.022250    0.00    0.98    0.00
-0.000041   -0.020126   0.00    0.98    0.00
0.002039    -0.020963   0.00    0.98    0.00
-0.022201   -0.004208   0.00    0.98    0.00
-0.020034   0.012628    0.00    0.98    0.00
-0.014406   0.019857    0.00    0.98    0.00
-0.006624   -0.022539   0.00    0.98    0.00
0.014604    -0.011406   0.00    0.98    0.00
0.001470    0.023420    0.00    0.98    0.00
-0.004496   -0.018731   0.00    0.98    0.00
-0.020825   0.013478    0.00    0.98    0.00
-0.024222   0.021258    0.00    0.98    0.00
-0.018057   -0.000592   0.00    0.98    0.00
-0.011908   0.021124    0.00    0.98    0.00
-0.016941   -0.022365   0.00    0.98    0.00
0.007940    0.003320    0.00    0.98    0.00
-0.003888   0.001655    0.00    0.98    0.00
0.000899    0.002648    0.00    0.98    0.00
-0.000514   -0.004745   0.00    0.98    0.00
-0.004887   -0.007398   0.00    0.98    0.00
-0.000865   -0.001654   0.00    0.98    0.00
-0.003871   0.000879    0.00    0.98    0.00
0.003305    -0.004857   0.00    0.98    0.00
-0.000091   0.000832    0.00    0.98    0.00
0.001715    0.003811    0.00    0.98    0.00
-0.001708   0.006865    0.00    0.98    0.00
0.005168    0.007837    0.00    0.98    0.00
-0.002463   0.009079    0.00    0.98    0.00
0.003872    -0.003588   0.00    0.98    0.00
0.008009    0.005658    0.00    0.98    0.00
-0.007432   -0.000525   0.00    0.98    0.00
-0.001257   0.005554    0.00    0.98    0.00
-0.000933   0.008814    0.00    0.98    0.00
-0.000194   -0.000874   0.00    0.98    0.00
0.006308    0.003006    0.00    0.98    0.00
0.002443    0.004724    0.00    0.98    0.00
0.002857    0.001904    0.00    0.98    0.00
-0.001695   0.002893    0.00    0.98    0.00
0.006451    0.004709    0.00    0.98    0.00
0.006762    -0.006578   0.00    0.98    0.00
0.001238    0.003286    0.00    0.98    0.00
0.005504    0.003981    0.00    0.98    0.00
0.002141    -0.004682   0.00    0.98    0.00
0.001867    -0.008116   0.00    0.98    0.00
-0.004135   0.000321    0.00    0.98    0.00
-0.008176   -0.003745   0.00    0.98    0.00
0.007093    0.003379    0.00    0.98    0.00
-0.004444   -0.006016   0.00    0.98    0.00
0.006495    0.001702    0.00    0.98    0.00
0.007366    -0.000337   0.00    0.98    0.00
0.002226    -0.008633   0.00    0.98    0.00
-0.002370   -0.006525   0.00    0.98    0.00
-0.000952   0.002478    0.00    0.98    0.00
0.001736    -0.007723   0.00    0.98    0.00
0.002947    0.007554    0.00    0.98    0.00
0.000971    0.005818    0.00    0.98    0.00
0.003134    0.009185    0.00    0.98    0.00
0.002113    -0.001828   0.00    0.98    0.00
-0.004885   -0.005189   0.00    0.98    0.00
0.001626    0.006711    0.00    0.98    0.00
-0.002976   0.008359    0.00    0.98    0.00
-0.002806   0.003713    0.00    0.98    0.00
-0.006777   -0.005027   0.00    0.98    0.00
-0.003349   -0.006088   0.00    0.98    0.00
0.003337    0.004886    0.00    0.98    0.00
0.006587    0.006352    0.00    0.98    0.00
-0.007358   -0.000057   0.00    0.98    0.00
-0.006615   -0.003528   0.00    0.98    0.00
-0.001621   0.003807    0.00    0.98    0.00
-0.008151   0.000882    0.00    0.98    0.00
-0.002339   0.008953    0.00    0.98    0.00
0.002051    0.009754    0.00    0.98    0.00
0.001730    -0.002779   0.00    0.98    0.00
0.008641    -0.001115   0.00    0.98    0.00
0.001989    -0.001094   0.00    0.98    0.00
-0.000047   0.005125    0.00    0.98    0.00
-0.002974   -0.004064   0.00    0.98    0.00
0.005227    0.000061    0.00    0.98    0.00
-0.002597   -0.004815   0.00    0.98    0.00
-0.000943   0.009213    0.00    0.98    0.00
-0.000901   -0.004143   0.00    0.98    0.00
-0.007016   0.003776    0.00    0.98    0.00
-0.001818   0.009678    0.00    0.98    0.00
-0.005123   0.006620    0.00    0.98    0.00
-0.001815   0.005234    0.00    0.98    0.00
0.000465    -0.007325   0.00    0.98    0.00
-0.009029   0.002965    0.00    0.98    0.00
-0.009704   -0.002144   0.00    0.98    0.00
0.006114    0.006587    0.00    0.98    0.00
-0.007819   0.004268    0.00    0.98    0.00
-0.003283   0.007574    0.00    0.98    0.00
-0.001362   -0.008676   0.00    0.98    0.00
-0.000016   -0.002630   0.00    0.98    0.00
-0.004604   -0.005967   0.00    0.98    0.00
-0.008095   0.005653    0.00    0.98    0.00
-0.000686   0.007398    0.00    0.98    0.00
-0.001103   0.002199    0.00    0.98    0.00
0.002537    -0.004669   0.00    0.98    0.00
0.003709    -0.002465   0.00    0.98    0.00
-0.000345   -0.007973   0.00    0.98    0.00
-0.000312   0.008585    0.00    0.98    0.00
-0.004683   -0.007373   0.00    0.98    0.00
-0.001297   0.003008    0.00    0.98    0.00
-0.004700   -0.007955   0.00    0.98    0.00
0.005376    -0.007245   0.00    0.98    0.00
0.002564    -0.004228   0.00    0.98    0.00
-0.005585   0.000629    0.00    0.98    0.00
0.002635    0.000342    0.00    0.98    0.00
-0.006440   -0.001708   0.00    0.98    0.00
-0.003159   0.001574    0.00    0.98    0.00
-0.009115   -0.000773   0.00    0.98    0.00
-0.007740   -0.003120   0.00    0.98    0.00
-0.005828   0.007309    0.00    0.98    0.00
-0.008739   -0.000263   0.00    0.98    0.00
0.003484    -0.007200   0.00    0.98    0.00
-0.005674   -0.005487   0.00    0.98    0.00
0.004793    -0.008491   0.00    0.98    0.00
0.003389    -0.005046   0.00    0.98    0.00
0.008561    -0.001983   0.00    0.98    0.00
-0.001161   -0.006705   0.00    0.98    0.00
-0.005594   0.006466    0.00    0.98    0.00
0.004446    0.000588    0.00    0.98    0.00
-0.002740   0.006639    0.00    0.98    0.00
-0.002408   0.009260    0.00    0.98    0.00
0.008411    0.003134    0.00    0.98    0.00
-0.007994   -0.000904   0.00    0.98    0.00
0.005202    0.001951    0.00    0.98    0.00
-0.007705   0.000750    0.00    0.98    0.00
-0.002580   -0.007577   0.00    0.98    0.00
0.004170    -0.002737   0.00    0.98    0.00
0.004698    0.000173    0.00    0.98    0.00
0.000049    -0.008750   0.00    0.98    0.00
-0.002721   -0.004324   0.00    0.98    0.00
0.005281    0.002631    0.00    0.98    0.00
-0.003994   0.004576    0.00    0.98    0.00
-0.006966   -0.004715   0.00    0.98    0.00
-0.009595   -0.001360   0.00    0.98    0.00
-0.002477   -0.000328   0.00    0.98    0.00
-0.006805   -0.003757   0.00    0.98    0.00
0.006356    -0.007389   0.00    0.98    0.00
-0.005908   0.006321    0.00    0.98    0.00
0.001301    0.004904    0.00    0.98    0.00
0.007325    -0.005408   0.00    0.98    0.00
0.006161    -0.005207   0.00    0.98    0.00
0.002401    0.005787    0.00    0.98    0.00
0.000721    -0.007652   0.00    0.98    0.00
0.006762    0.002325    0.00    0.98    0.00
-0.002055   -0.003491   0.00    0.98    0.00
-0.000217   -0.002214   0.00    0.98    0.00
0.000218    -0.006751   0.00    0.98    0.00
-0.000165   -0.001391   0.00    0.98    0.00
0.004390    -0.003970   0.00    0.98    0.00
0.004120    -0.008729   0.00    0.98    0.00
-0.006568   -0.004282   0.00    0.98    0.00
0.005010    -0.001580   0.00    0.98    0.00
-0.003612   0.002463    0.00    0.98    0.00
0.009589    0.000395    0.00    0.98    0.00
-0.004137   -0.006472   0.00    0.98    0.00
0.005821    0.006084    0.00    0.98    0.00
0.007663    -0.000352   0.00    0.98    0.00
0.001361    0.003745    0.00    0.98    0.00
0.001235    0.008060    0.00    0.98    0.00
-0.000480   0.000670    0.00    0.98    0.00
0.005577    -0.005383   0.00    0.98    0.00
-0.000126   0.003839    0.00    0.98    0.00
0.002010    -0.006204   0.00    0.98    0.00
0.007997    0.002108    0.00    0.98    0.00
0.001089    -0.003412   0.00    0.98    0.00
0.008027    -0.001387   0.00    0.98    0.00
0.007457    0.000573    0.00    0.98    0.00
-0.006551   -0.002064   0.00    0.98    0.00
0.003420    0.000569    0.00    0.98    0.00
0.002758    0.000441    0.00    0.98    0.00
0.001748    0.003688    0.00    0.98    0.00
-0.005617   -0.005745   0.00    0.98    0.00
-0.003509   -0.004029   0.00    0.98    0.00
-0.003345   0.001732    0.00    0.98    0.00
-0.001307   0.003370    0.00    0.98    0.00
-0.000247   -0.008952   0.00    0.98    0.00
-0.005315   -0.007614   0.00    0.98    0.00
-0.001547   -0.004783   0.00    0.98    0.00
-0.004430   -0.005675   0.00    0.98    0.00
-0.003326   0.007179    0.00    0.98    0.00
0.002680    0.004810    0.00    0.98    0.00
0.000464    -0.007547   0.00    0.98    0.00
0.009283    -0.003088   0.00    0.98    0.00
0.005352    0.005743    0.00    0.98    0.00
0.004128    -0.000097   0.00    0.98    0.00
0.000129    0.009971    0.00    0.98    0.00
0.006072    0.007296    0.00    0.98    0.00
-0.004769   0.005795    0.00    0.98    0.00
0.001307    -0.004332   0.00    0.98    0.00
-0.006313   0.005761    0.00    0.98    0.00
-0.004228   -0.002762   0.00    0.98    0.00
-0.002350   -0.006919   0.00    0.98    0.00
-0.004690   -0.008055   0.00    0.98    0.00
0.001332    -0.004838   0.00    0.98    0.00
0.008081    0.001294    0.00    0.98    0.00
-0.004814   0.005796    0.00    0.98    0.00
0.005361    -0.004719   0.00    0.98    0.00
-0.007483   0.004000    0.00    0.98    0.00
0.001200    0.002695    0.00    0.98    0.00
-0.003319   0.001423    0.00    0.98    0.00
-0.000277   0.006560    0.00    0.98    0.00
-0.004625   -0.008506   0.00    0.98    0.00
0.000491    0.002625    0.00    0.98    0.00
0.003253    0.005309    0.00    0.98    0.00
-0.006774   -0.007294   0.00    0.98    0.00
0.001376    0.006305    0.00    0.98    0.00
-0.000681   0.003307    0.00    0.98    0.00
0.000825    0.006539    0.00    0.98    0.00
-0.004615   0.003350    0.00    0.98    0.00
-0.004539   0.008656    0.00    0.98    0.00
0.002167    0.002245    0.00    0.98    0.00
-0.003866   0.002732    0.00    0.98    0.00
0.002885    0.007605    0.00    0.98    0.00
0.004400    0.004316    0.00    0.98    0.00
-0.008428   0.000553    0.00    0.98    0.00
0.002571    0.005521    0.00    0.98    0.00
-0.009577   -0.002333   0.00    0.98    0.00
-0.002508   0.007669    0.00    0.98    0.00
-0.000357   -0.007563   0.00    0.98    0.00
-0.004787   0.003736    0.00    0.98    0.00
0.003983    -0.001777   0.00    0.98    0.00
0.000887    -0.009837   0.00    0.98    0.00
0.002417    -0.001093   0.00    0.98    0.00
-0.003433   0.005941    0.00    0.98    0.00
-0.000066   -0.003735   0.00    0.98    0.00
-0.001616   0.006975    0.00    0.98    0.00
0.002355    0.008654    0.00    0.98    0.00
-0.007146   -0.003295   0.00    0.98    0.00
-0.006916   0.006858    0.00    0.98    0.00
0.005074    0.008455    0.00    0.98    0.00
0.000775    -0.005011   0.00    0.98    0.00
0.004630    -0.005186   0.00    0.98    0.00
-0.007902   -0.005134   0.00    0.98    0.00
0.007487    0.002191    0.00    0.98    0.00
-0.003526   0.000172    0.00    0.98    0.00
-0.007548   -0.005473   0.00    0.98    0.00
0.001642    0.009311    0.00    0.98    0.00
0.002898    -0.002497   0.00    0.98    0.00
0.001615    0.005052    0.00    0.98    0.00
-0.007639   0.004659    0.00    0.98    0.00
-0.000545   0.001594    0.00    0.98    0.00
-0.004293   -0.006813   0.00    0.98    0.00
0.001150    -0.004350   0.00    0.98    0.00
-0.007884   0.002470    0.00    0.98    0.00
0.006519    -0.006462   0.00    0.98    0.00
0.004513    0.005646    0.00    0.98    0.00
-0.000623   0.009396    0.00    0.98    0.00
0.009035    -0.003724   0.00    0.98    0.00
-0.008205   -0.004090   0.00    0.98    0.00
0.005209    0.003773    0.00    0.98    0.00
0.008435    -0.005163   0.00    0.98    0.00
-0.001107   -0.002292   0.00    0.98    0.00
0.006930    0.000673    0.00    0.98    0.00
-0.000720   -0.001529   0.00    0.98    0.00
0.001516    0.004046    0.00    0.98    0.00
0.000541    -0.006485   0.00    0.98    0.00
0.002603    0.001879    0.00    0.98    0.00
-0.003350   0.007885    0.00    0.98    0.00
-0.008439   -0.002523   0.00    0.98    0.00
0.007636    0.000068    0.00    0.98    0.00
-0.005233   -0.000667   0.00    0.98    0.00
0.000177    0.000366    0.00    0.98    0.00
0.000181    -0.008772   0.00    0.98    0.00
-0.007521   -0.001368   0.00    0.98    0.00
-0.007888   -0.000495   0.00    0.98    0.00
-0.004548   -0.005491   0.00    0.98    0.00
0.000138    -0.004105   0.00    0.98    0.00
0.008344    -0.002510   0.00    0.98    0.00
-0.003867   -0.004324   0.00    0.98    0.00
0.007502    -0.002387   0.00    0.98    0.00
-0.000363   0.006114    0.00    0.98    0.00
-0.006264   -0.000963   0.00    0.98    0.00
0.000428    -0.009140   0.00    0.98    0.00
-0.005364   -0.001133   0.00    0.98    0.00
0.003660    0.006719    0.00    0.98    0.00
-0.002776   0.009406    0.00    0.98    0.00
0.002895    0.003975    0.00    0.98    0.00
0.008342    -0.005092   0.00    0.98    0.00
-0.002073   0.004086    0.00    0.98    0.00
0.008482    0.002411    0.00    0.98    0.00
-0.001775   0.001996    0.00    0.98    0.00
-0.002923   0.007542    0.00    0.98    0.00
0.004611    -0.007682   0.00    0.98    0.00
0.004464    0.005431    0.00    0.98    0.00
0.008084    -0.002267   0.00    0.98    0.00
0.002623    -0.007560   0.00    0.98    0.00
0.005286    0.007484    0.00    0.98    0.00
0.002274    0.009122    0.00    0.98    0.00
-0.009671   0.000503    0.00    0.98    0.00
-0.000381   -0.004370   0.00    0.98    0.00
-0.003692   0.004636    0.00    0.98    0.00
-0.002179   0.007047    0.00    0.98    0.00
-0.009959   0.000883    0.00    0.98    0.00
0.004131    0.004614    0.00    0.98    0.00
0.001972    -0.004283   0.00    0.98    0.00
-0.007040   -0.002036   0.00    0.98    0.00
0.006775    0.006653    0.00    0.98    0.00
0.006856    -0.000279   0.00    0.98    0.00
-0.005834   0.003331    0.00    0.98    0.00
0.000071    -0.009633   0.00    0.98    0.00
-0.000532   0.002819    0.00    0.98    0.00
0.001253    0.008323    0.00    0.98    0.00
-0.007616   -0.005357   0.00    0.98    0.00
-0.001742   0.002814    0.00    0.98    0.00
-0.004187   -0.004651   0.00    0.98    0.00
0.005643    0.004591    0.00    0.98    0.00
0.005232    -0.005110   0.00    0.98    0.00
0.001699    -0.004806   0.00    0.98    0.00
-0.000419   -0.009760   0.00    0.98    0.00
0.002291    -0.002496   0.00    0.98    0.00
0.007820    0.002184    0.00    0.98    0.00
-0.006319   -0.004129   0.00    0.98    0.00
-0.001807   0.000580    0.00    0.98    0.00
-0.004322   0.001552    0.00    0.98    0.00
-0.001563   -0.005089   0.00    0.98    0.00
-0.002272   -0.001254   0.00    0.98    0.00
-0.002022   -0.006734   0.00    0.98    0.00
0.003034    0.003009    0.00    0.98    0.00
-0.000530   0.006060    0.00    0.98    0.00
-0.004772   -0.008730   0.00    0.98    0.00
-0.002465   -0.001195   0.00    0.98    0.00
-0.002198   0.009683    0.00    0.98    0.00
-0.001190   0.009373    0.00    0.98    0.00
0.007753    -0.002062   0.00    0.98    0.00
0.008834    0.000420    0.00    0.98    0.00
0.006903    0.000035    0.00    0.98    0.00
-0.004314   -0.000291   0.00    0.98    0.00
0.001605    -0.009702   0.00    0.98    0.00
0.001051    -0.000062   0.00    0.98    0.00
0.002644    -0.003900   0.00    0.98    0.00
0.001285    -0.004065   0.00    0.98    0.00
0.006972    0.006358    0.00    0.98    0.00
-0.009304   -0.002374   0.00    0.98    0.00
0.007924    -0.004147   0.00    0.98    0.00
-0.003179   0.007477    0.00    0.98    0.00
-0.004144   -0.006995   0.00    0.98    0.00
-0.001746   0.005060    0.00    0.98    0.00
0.002728    -0.004573   0.00    0.98    0.00
0.001208    0.006640    0.00    0.98    0.00
0.003481    0.001317    0.00    0.98    0.00
0.000210    0.009443    0.00    0.98    0.00
-0.000358   -0.000735   0.00    0.98    0.00
0.001622    -0.008452   0.00    0.98    0.00
-0.003757   -0.005273   0.00    0.98    0.00
0.001531    -0.000364   0.00    0.98    0.00
-0.001594   0.005379    0.00    0.98    0.00
0.000518    0.008158    0.00    0.98    0.00
-0.004066   0.003615    0.00    0.98    0.00
-0.004975   -0.003156   0.00    0.98    0.00
-0.007677   -0.003028   0.00    0.98    0.00
-0.005092   0.006504    0.00    0.98    0.00
0.000357    -0.002007   0.00    0.98    0.00
0.001432    0.000298    0.00    0.98    0.00
-0.002478   -0.000407   0.00    0.98    0.00
-0.004888   0.003034    0.00    0.98    0.00
-0.007715   -0.004827   0.00    0.98    0.00
0.003868    0.002261    0.00    0.98    0.00
0.001544    -0.002837   0.00    0.98    0.00
-0.006053   0.002889    0.00    0.98    0.00
-0.006846   -0.002486   0.00    0.98    0.00
-0.006135   0.006971    0.00    0.98    0.00
0.000841    -0.009506   0.00    0.98    0.00
-0.004998   -0.005508   0.00    0.98    0.00
-0.006526   0.002763    0.00    0.98    0.00
-0.000013   0.008051    0.00    0.98    0.00
-0.000650   -0.000307   0.00    0.98    0.00
-0.009110   0.003719    0.00    0.98    0.00
0.000651    0.003649    0.00    0.98    0.00
0.004482    -0.005652   0.00    0.98    0.00
-0.003222   -0.008190   0.00    0.98    0.00
0.005854    0.002175    0.00    0.98    0.00
0.004931    -0.001591   0.00    0.98    0.00
-0.009090   -0.002510   0.00    0.98    0.00
-0.002891   -0.003651   0.00    0.98    0.00
0.007961    -0.000768   0.00    0.98    0.00
-0.004460   -0.004432   0.00    0.98    0.00
-0.000485   0.004180    0.00    0.98    0.00
0.006061    -0.004308   0.00    0.98    0.00
-0.000928   -0.002532   0.00    0.98    0.00
-0.000120   0.009311    0.00    0.98    0.00
0.002740    -0.008638   0.00    0.98    0.00
-0.004036   0.005867    0.00    0.98    0.00
0.003840    0.004073    0.00    0.98    0.00
0.008492    0.004759    0.00    0.98    0.00
-0.004856   0.001685    0.00    0.98    0.00
-0.008924   -0.001609   0.00    0.98    0.00
-0.001827   0.007808    0.00    0.98    0.00
0.002968    0.002401    0.00    0.98    0.00
-0.009547   0.002627    0.00    0.98    0.00
0.004283    -0.004544   0.00    0.98    0.00
-0.002331   -0.006559   0.00    0.98    0.00
-0.008415   -0.002540   0.00    0.98    0.00
0.009183    -0.000423   0.00    0.98    0.00
-0.005565   0.000916    0.00    0.98    0.00
0.000384    0.002809    0.00    0.98    0.00
0.005711    -0.006301   0.00    0.98    0.00
0.000090    -0.002477   0.00    0.98    0.00
0.004160    -0.002680   0.00    0.98    0.00
0.006056    -0.006905   0.00    0.98    0.00
0.008129    0.003960    0.00    0.98    0.00
-0.002510   0.006635    0.00    0.98    0.00
-0.000682   0.009364    0.00    0.98    0.00
-0.005048   -0.000066   0.00    0.98    0.00
0.006416    0.003760    0.00    0.98    0.00
0.006125    0.005966    0.00    0.98    0.00
-0.005345   0.006377    0.00    0.98    0.00
-0.005585   0.003964    0.00    0.98    0.00
0.006461    0.004759    0.00    0.98    0.00
-0.001727   -0.005107   0.00    0.98    0.00
-0.000021   -0.005945   0.00    0.98    0.00
-0.003724   -0.000029   0.00    0.98    0.00
0.003537    -0.000077   0.00    0.98    0.00
0.002119    -0.000991   0.00    0.98    0.00
-0.008073   0.001333    0.00    0.98    0.00
-0.003901   -0.003834   0.00    0.98    0.00
-0.003387   0.002255    0.00    0.98    0.00
0.001503    -0.005180   0.00    0.98    0.00
-0.009471   -0.002241   0.00    0.98    0.00
-0.000639   0.007119    0.00    0.98    0.00
0.004005    -0.005811   0.00    0.98    0.00
0.008209    0.003402    0.00    0.98    0.00
-0.004916   -0.008092   0.00    0.98    0.00
0.003582    0.007543    0.00    0.98    0.00
0.004400    -0.008675   0.00    0.98    0.00
-0.000185   -0.007666   0.00    0.98    0.00
-0.002748   -0.002256   0.00    0.98    0.00
-0.002582   0.004085    0.00    0.98    0.00
0.002484    -0.003622   0.00    0.98    0.00
0.004981    -0.000491   0.00    0.98    0.00
-0.006825   -0.003996   0.00    0.98    0.00
-0.009363   -0.002160   0.00    0.98    0.00
0.005493    -0.005660   0.00    0.98    0.00
0.003382    0.000290    0.00    0.98    0.00
0.005325    -0.003511   0.00    0.98    0.00
0.004916    -0.000716   0.00    0.98    0.00
-0.000562   0.004130    0.00    0.98    0.00
-0.009362   -0.003080   0.00    0.98    0.00
0.003638    -0.001303   0.00    0.98    0.00
-0.008510   -0.000135   0.00    0.98    0.00
0.001581    0.005712    0.00    0.98    0.00
-0.002779   0.003680    0.00    0.98    0.00
0.005061    0.000448    0.00    0.98    0.00
0.005026    -0.000257   0.00    0.98    0.00
0.000564    -0.007118   0.00    0.98    0.00
-0.006018   0.005078    0.00    0.98    0.00
-0.004454   0.002482    0.00    0.98    0.00
-0.002001   0.005619    0.00    0.98    0.00
-0.003775   -0.007225   0.00    0.98    0.00
-0.005046   -0.002513   0.00    0.98    0.00
-0.007362   -0.002842   0.00    0.98    0.00
-0.000546   0.002280    0.00    0.98    0.00
0.002180    0.005299    0.00    0.98    0.00
-0.003484   -0.002921   0.00    0.98    0.00
0.004809    -0.005041   0.00    0.98    0.00
0.006259    -0.000187   0.00    0.98    0.00
-0.000848   -0.007044   0.00    0.98    0.00
-0.003196   -0.001959   0.00    0.98    0.00
0.000419    -0.003967   0.00    0.98    0.00
0.000984    0.009535    0.00    0.98    0.00
0.004485    -0.004603   0.00    0.98    0.00
0.007155    -0.000625   0.00    0.98    0.00
0.006117    -0.002720   0.00    0.98    0.00
0.004127    0.007917    0.00    0.98    0.00
0.000890    -0.005159   0.00    0.98    0.00
-0.005132   0.005639    0.00    0.98    0.00
-0.007900   0.001629    0.00    0.98    0.00
0.002525    0.007096    0.00    0.98    0.00
0.002320    0.001512    0.00    0.98    0.00
0.000242    -0.003132   0.00    0.98    0.00
-0.001398   0.000278    0.00    0.98    0.00
0.006326    -0.006254   0.00    0.98    0.00
0.007025    -0.001562   0.00    0.98    0.00
-0.002792   0.007449    0.00    0.98    0.00
0.000415    -0.009000   0.00    0.98    0.00
-0.006968   0.002143    0.00    0.98    0.00
0.003428    -0.006949   0.00    0.98    0.00
0.003813    0.007735    0.00    0.98    0.00
0.002251    0.000125    0.00    0.98    0.00
0.000327    0.005523    0.00    0.98    0.00
0.005269    -0.004839   0.00    0.98    0.00
-0.006638   -0.000054   0.00    0.98    0.00
-0.000662   0.003872    0.00    0.98    0.00
0.006069    0.002192    0.00    0.98    0.00
-0.000269   0.003388    0.00    0.98    0.00
0.007148    0.002746    0.00    0.98    0.00
0.002648    -0.004685   0.00    0.98    0.00
-0.001031   0.004363    0.00    0.98    0.00
0.009916    -0.000867   0.00    0.98    0.00
-0.003448   -0.003492   0.00    0.98    0.00
-0.003989   0.001761    0.00    0.98    0.00
0.005059    -0.006474   0.00    0.98    0.00
-0.006897   -0.004890   0.00    0.98    0.00
0.007916    0.000641    0.00    0.98    0.00
-0.001857   0.000933    0.00    0.98    0.00
0.004616    -0.003912   0.00    0.98    0.00
-0.005637   0.006028    0.00    0.98    0.00
0.001268    -0.002452   0.00    0.98    0.00
0.006076    0.006361    0.00    0.98    0.00
-0.005166   0.001420    0.00    0.98    0.00
-0.002370   0.009060    0.00    0.98    0.00
-0.002948   -0.009224   0.00    0.98    0.00
0.003054    0.004820    0.00    0.98    0.00
0.001947    0.005639    0.00    0.98    0.00
-0.007018   -0.003133   0.00    0.98    0.00
-0.005199   0.000134    0.00    0.98    0.00
0.001940    0.004663    0.00    0.98    0.00
0.009406    0.001966    0.00    0.98    0.00
-0.003833   -0.007028   0.00    0.98    0.00
-0.009702   0.000345    0.00    0.98    0.00
-0.007715   0.002195    0.00    0.98    0.00
-0.002858   -0.005539   0.00    0.98    0.00
0.001189    -0.007277   0.00    0.98    0.00
-0.001566   0.004084    0.00    0.98    0.00
-0.006382   0.007405    0.00    0.98    0.00
-0.003517   0.002944    0.00    0.98    0.00
0.004134    0.008858    0.00    0.98    0.00
-0.002757   -0.000579   0.00    0.98    0.00
-0.001105   -0.000481   0.00    0.98    0.00
-0.001611   -0.009644   0.00    0.98    0.00
-0.006307   0.001313    0.00    0.98    0.00
-0.002495   -0.002270   0.00    0.98    0.00
0.000314    -0.009315   0.00    0.98    0.00
0.005861    -0.006180   0.00    0.98    0.00
0.008589    0.003170    0.00    0.98    0.00
0.009571    0.000758    0.00    0.98    0.00
-0.009846   0.001636    0.00    0.98    0.00
0.008315    0.002236    0.00    0.98    0.00
-0.000497   0.004833    0.00    0.98    0.00
-0.000422   -0.006451   0.00    0.98    0.00
0.001097    0.001427    0.00    0.98    0.00
0.004377    0.004807    0.00    0.98    0.00
-0.001982   -0.003288   0.00    0.98    0.00
-0.002608   0.006222    0.00    0.98    0.00
0.006893    -0.005943   0.00    0.98    0.00
0.003763    -0.007613   0.00    0.98    0.00
0.007153    -0.004269   0.00    0.98    0.00
-0.004298   -0.004407   0.00    0.98    0.00
0.003570    0.006548    0.00    0.98    0.00
-0.002990   -0.001035   0.00    0.98    0.00
-0.006115   0.007439    0.00    0.98    0.00
-0.003220   -0.001718   0.00    0.98    0.00
-0.001891   0.006282    0.00    0.98    0.00
0.002465    0.008429    0.00    0.98    0.00
0.003685    -0.002929   0.00    0.98    0.00
-0.001125   0.007162    0.00    0.98    0.00
0.001101    -0.007669   0.00    0.98    0.00
0.002469    0.004710    0.00    0.98    0.00
0.004113    0.007463    0.00    0.98    0.00
-0.003393   0.002507    0.00    0.98    0.00
-0.000305   0.003373    0.00    0.98    0.00
-0.005409   -0.006079   0.00    0.98    0.00
0.003144    0.004529    0.00    0.98    0.00
0.002808    0.001173    0.00    0.98    0.00
-0.000747   -0.006878   0.00    0.98    0.00
-0.005973   0.003498    0.00    0.98    0.00
0.005170    0.008241    0.00    0.98    0.00
-0.003757   0.008808    0.00    0.98    0.00
-0.002466   0.008224    0.00    0.98    0.00
0.001261    -0.002408   0.00    0.98    0.00
0.009326    0.002681    0.00    0.98    0.00
0.003018    -0.007823   0.00    0.98    0.00
-0.007944   0.005615    0.00    0.98    0.00
-0.000891   -0.008397   0.00    0.98    0.00
0.006065    -0.000666   0.00    0.98    0.00
0.002381    -0.002719   0.00    0.98    0.00
0.003192    -0.001980   0.00    0.98    0.00
0.003682    0.001492    0.00    0.98    0.00
-0.003585   -0.007840   0.00    0.98    0.00
-0.006967   0.001268    0.00    0.98    0.00
-0.003717   -0.006832   0.00    0.98    0.00
-0.006587   -0.003345   0.00    0.98    0.00
0.003386    -0.003097   0.00    0.98    0.00
0.003428    0.008483    0.00    0.98    0.00
-0.001217   0.001818    0.00    0.98    0.00
-0.003339   0.001023    0.00    0.98    0.00
-0.006111   0.003056    0.00    0.98    0.00
0.003958    -0.001033   0.00    0.98    0.00
-0.000786   -0.002254   0.00    0.98    0.00
-0.008677   -0.004246   0.00    0.98    0.00
-0.000782   0.007001    0.00    0.98    0.00
0.002673    -0.004538   0.00    0.98    0.00
-0.001599   0.001621    0.00    0.98    0.00
0.007117    0.000432    0.00    0.98    0.00
-0.003621   0.000438    0.00    0.98    0.00
-0.002298   0.009104    0.00    0.98    0.00
-0.001974   0.002391    0.00    0.98    0.00
-0.001536   -0.008589   0.00    0.98    0.00
-0.002400   -0.002716   0.00    0.98    0.00
0.005150    -0.003681   0.00    0.98    0.00
-0.006237   0.002555    0.00    0.98    0.00
-0.001031   0.001242    0.00    0.98    0.00
-0.009933   0.001087    0.00    0.98    0.00
0.002464    0.004078    0.00    0.98    0.00
0.004182    -0.006271   0.00    0.98    0.00
0.000822    0.008395    0.00    0.98    0.00
0.004303    0.003142    0.00    0.98    0.00
-0.003814   -0.007825   0.00    0.98    0.00
0.007937    0.000065    0.00    0.98    0.00
-0.000002   0.005031    0.00    0.98    0.00
-0.000286   0.001411    0.00    0.98    0.00
0.005797    0.002229    0.00    0.98    0.00
-0.003316   0.006573    0.00    0.98    0.00
-0.003603   0.005026    0.00    0.98    0.00
-0.002252   0.002436    0.00    0.98    0.00
-0.006237   0.002209    0.00    0.98    0.00
-0.006870   -0.000924   0.00    0.98    0.00
0.001615    0.009637    0.00    0.98    0.00
-0.008011   0.002470    0.00    0.98    0.00
-0.002293   0.008065    0.00    0.98    0.00
-0.001948   0.002782    0.00    0.98    0.00
0.000205    0.007825    0.00    0.98    0.00
-0.002417   -0.002364   0.00    0.98    0.00
0.006012    0.005629    0.00    0.98    0.00
0.006075    -0.002968   0.00    0.98    0.00
-0.005387   0.000047    0.00    0.98    0.00
-0.004956   -0.003280   0.00    0.98    0.00
0.007142    -0.005099   0.00    0.98    0.00
0.000242    0.000308    0.00    0.98    0.00
-0.002094   0.007455    0.00    0.98    0.00
0.005157    0.002978    0.00    0.98    0.00
-0.000330   -0.009427   0.00    0.98    0.00
0.008436    -0.000354   0.00    0.98    0.00
0.003028    0.008631    0.00    0.98    0.00
0.001925    -0.000039   0.00    0.98    0.00
0.005064    0.008047    0.00    0.98    0.00
0.002842    -0.001031   0.00    0.98    0.00
0.000843    0.006622    0.00    0.98    0.00
0.004140    0.007143    0.00    0.98    0.00
0.001341    -0.001216   0.00    0.98    0.00
0.004516    -0.003326   0.00    0.98    0.00
0.004820    0.003787    0.00    0.98    0.00
0.003490    -0.006420   0.00    0.98    0.00
0.002054    0.007785    0.00    0.98    0.00
0.007497    0.005308    0.00    0.98    0.00
0.001641    -0.005772   0.00    0.98    0.00
0.004101    -0.002693   0.00    0.98    0.00
0.003571    -0.006136   0.00    0.98    0.00
0.000071    -0.004002   0.00    0.98    0.00
0.003479    -0.003475   0.00    0.98    0.00
-0.006175   0.002619    0.00    0.98    0.00
-0.001358   -0.000689   0.00    0.98    0.00
0.006674    -0.004622   0.00    0.98    0.00
0.006405    0.000525    0.00    0.98    0.00
0.002537    0.004306    0.00    0.98    0.00
-0.002313   0.003828    0.00    0.98    0.00
0.003011    0.004313    0.00    0.98    0.00
-0.000310   -0.004131   0.00    0.98    0.00
-0.002370   0.009147    0.00    0.98    0.00
0.002462    -0.009383   0.00    0.98    0.00
0.005387    0.002009    0.00    0.98    0.00
-0.002275   0.000994    0.00    0.98    0.00
0.006958    0.005307    0.00    0.98    0.00
-0.006192   -0.004129   0.00    0.98    0.00
0.002406    0.004280    0.00    0.98    0.00
0.007869    0.000475    0.00    0.98    0.00
-0.002533   -0.005214   0.00    0.98    0.00
0.007108    -0.002829   0.00    0.98    0.00
-0.000691   0.005583    0.00    0.98    0.00
-0.001547   -0.006068   0.00    0.98    0.00
0.005604    -0.001948   0.00    0.98    0.00
0.000569    -0.005742   0.00    0.98    0.00
-0.007697   -0.001458   0.00    0.98    0.00
0.003732    -0.007096   0.00    0.98    0.00
-0.001867   0.006941    0.00    0.98    0.00
-0.001732   -0.003091   0.00    0.98    0.00
0.000149    -0.004741   0.00    0.98    0.00
0.008570    -0.000729   0.00    0.98    0.00
0.005389    0.005339    0.00    0.98    0.00
-0.000639   0.008749    0.00    0.98    0.00
-0.005548   0.003277    0.00    0.98    0.00
-0.004719   0.003863    0.00    0.98    0.00
0.009115    -0.002237   0.00    0.98    0.00
-0.003860   -0.002554   0.00    0.98    0.00
-0.003432   0.006487    0.00    0.98    0.00
-0.003866   0.003658    0.00    0.98    0.00
0.006221    0.001709    0.00    0.98    0.00
-0.006090   0.001633    0.00    0.98    0.00
0.000380    0.007172    0.00    0.98    0.00
-0.008182   -0.000987   0.00    0.98    0.00
-0.000941   0.008572    0.00    0.98    0.00
0.000058    -0.004416   0.00    0.98    0.00
0.006768    -0.001724   0.00    0.98    0.00
-0.002965   -0.009104   0.00    0.98    0.00
-0.001444   -0.008673   0.00    0.98    0.00
0.009120    0.000755    0.00    0.98    0.00
0.005828    0.002761    0.00    0.98    0.00
-0.007313   0.005421    0.00    0.98    0.00
0.001050    -0.008712   0.00    0.98    0.00
0.001256    0.002306    0.00    0.98    0.00
-0.003107   -0.003079   0.00    0.98    0.00
0.003419    -0.006339   0.00    0.98    0.00
0.003318    -0.004632   0.00    0.98    0.00
-0.004154   0.007043    0.00    0.98    0.00
-0.008855   0.003505    0.00    0.98    0.00
0.001431    -0.009829   0.00    0.98    0.00
-0.002169   0.006083    0.00    0.98    0.00
0.004700    0.007704    0.00    0.98    0.00
-0.007639   -0.005748   0.00    0.98    0.00
0.006455    0.007535    0.00    0.98    0.00
-0.001746   0.001098    0.00    0.98    0.00
-0.005039   0.000161    0.00    0.98    0.00
-0.005143   0.006268    0.00    0.98    0.00
-0.003882   0.003474    0.00    0.98    0.00
-0.006326   0.004923    0.00    0.98    0.00
-0.004086   0.005085    0.00    0.98    0.00
0.004852    0.004446    0.00    0.98    0.00
0.000510    0.000563    0.00    0.98    0.00
0.000978    -0.004543   0.00    0.98    0.00
-0.005643   0.004802    0.00    0.98    0.00
-0.007985   0.000431    0.00    0.98    0.00
-0.003832   -0.001531   0.00    0.98    0.00
-0.006332   0.002128    0.00    0.98    0.00
0.003533    -0.004064   0.00    0.98    0.00
0.003798    0.009002    0.00    0.98    0.00
-0.000279   -0.001633   0.00    0.98    0.00
0.007970    0.003012    0.00    0.98    0.00
-0.003679   0.003494    0.00    0.98    0.00
-0.000743   -0.004195   0.00    0.98    0.00
-0.004550   -0.004653   0.00    0.98    0.00
0.002430    0.001461    0.00    0.98    0.00
-0.003804   0.008333    0.00    0.98    0.00
0.005792    0.007829    0.00    0.98    0.00
-0.004877   -0.000310   0.00    0.98    0.00
0.005432    -0.005449   0.00    0.98    0.00
-0.007980   0.001742    0.00    0.98    0.00
0.003354    0.003740    0.00    0.98    0.00
-0.008024   0.003903    0.00    0.98    0.00
-0.003705   -0.002177   0.00    0.98    0.00
-0.001806   0.000344    0.00    0.98    0.00
0.005054    -0.001561   0.00    0.98    0.00
0.001629    0.007587    0.00    0.98    0.00
0.002395    -0.000391   0.00    0.98    0.00
-0.008647   0.001030    0.00    0.98    0.00
0.004771    -0.000513   0.00    0.98    0.00
0.000906    0.004971    0.00    0.98    0.00
-0.003100   -0.003083   0.00    0.98    0.00
0.002810    0.005109    0.00    0.98    0.00
-0.000041   0.003579    0.00    0.98    0.00
0.007250    -0.003077   0.00    0.98    0.00
-0.000930   0.002178    0.00    0.98    0.00
0.007207    0.003294    0.00    0.98    0.00
0.002407    -0.002324   0.00    0.98    0.00
-0.000456   0.004376    0.00    0.98    0.00
0.002756    -0.008439   0.00    0.98    0.00
-0.005288   -0.006033   0.00    0.98    0.00
-0.009599   0.000112    0.00    0.98    0.00
-0.006228   -0.002992   0.00    0.98    0.00
-0.004461   0.006572    0.00    0.98    0.00
0.004539    0.004446    0.00    0.98    0.00
0.001515    0.009573    0.00    0.98    0.00
-0.008652   -0.002532   0.00    0.98    0.00
-0.006391   0.003010    0.00    0.98    0.00
0.000770    -0.002137   0.00    0.98    0.00
0.005904    0.002294    0.00    0.98    0.00
-0.003904   -0.008471   0.00    0.98    0.00
-0.002159   0.005253    0.00    0.98    0.00
-0.007105   -0.005939   0.00    0.98    0.00
-0.006749   -0.002954   0.00    0.98    0.00
-0.003365   0.002859    0.00    0.98    0.00
-0.003666   0.002681    0.00    0.98    0.00
0.004121    -0.005568   0.00    0.98    0.00
0.001592    -0.002032   0.00    0.98    0.00
-0.002074   0.001175    0.00    0.98    0.00
-0.002469   0.001752    0.00    0.98    0.00
-0.008374   0.004120    0.00    0.98    0.00
0.004555    0.002368    0.00    0.98    0.00
-0.005894   -0.001416   0.00    0.98    0.00
0.001059    0.008627    0.00    0.98    0.00
0.006764    0.001149    0.00    0.98    0.00
-0.008618   -0.003174   0.00    0.98    0.00
-0.002632   -0.001279   0.00    0.98    0.00
0.002744    0.002210    0.00    0.98    0.00
-0.000089   0.000531    0.00    0.98    0.00
0.004760    0.007380    0.00    0.98    0.00
-0.002117   0.007646    0.00    0.98    0.00
0.001593    0.001960    0.00    0.98    0.00
0.001555    -0.004854   0.00    0.98    0.00
-0.001254   0.008183    0.00    0.98    0.00
0.007374    0.002209    0.00    0.98    0.00
0.000314    -0.007759   0.00    0.98    0.00
0.005216    -0.007316   0.00    0.98    0.00
0.007757    -0.004978   0.00    0.98    0.00
0.004212    -0.002300   0.00    0.98    0.00
0.007707    -0.001658   0.00    0.98    0.00
0.004657    0.002248    0.00    0.98    0.00
-0.000353   0.008359    0.00    0.98    0.00
0.005248    -0.004891   0.00    0.98    0.00
0.002424    0.001187    0.00    0.98    0.00
-0.004291   0.001139    0.00    0.98    0.00
-0.005376   -0.000209   0.00    0.98    0.00
-0.002144   -0.000713   0.00    0.98    0.00
-0.007091   0.003173    0.00    0.98    0.00
-0.003389   0.001260    0.00    0.98    0.00
0.003632    -0.007083   0.00    0.98    0.00
0.003962    -0.005966   0.00    0.98    0.00
-0.002690   -0.003702   0.00    0.98    0.00
-0.003132   -0.008416   0.00    0.98    0.00
0.006121    0.007205    0.00    0.98    0.00
-0.001644   -0.000151   0.00    0.98    0.00
0.000385    0.006537    0.00    0.98    0.00
-0.007880   0.000552    0.00    0.98    0.00
0.001989    -0.004098   0.00    0.98    0.00
-0.006852   0.004074    0.00    0.98    0.00
0.001144    -0.008960   0.00    0.98    0.00
0.008375    0.003116    0.00    0.98    0.00
0.001866    -0.006954   0.00    0.98    0.00
-0.004659   -0.003801   0.00    0.98    0.00
0.004176    0.001495    0.00    0.98    0.00
0.003820    -0.003841   0.00    0.98    0.00
-0.005932   -0.000847   0.00    0.98    0.00
0.005389    0.008030    0.00    0.98    0.00
0.008642    0.002879    0.00    0.98    0.00
0.009945    -0.000077   0.00    0.98    0.00
-0.003731   0.000232    0.00    0.98    0.00
-0.007537   0.004565    0.00    0.98    0.00
-0.007538   0.004712    0.00    0.98    0.00
-0.007542   0.002389    0.00    0.98    0.00
-0.006630   0.003463    0.00    0.98    0.00
-0.005282   -0.001089   0.00    0.98    0.00
0.008323    -0.000456   0.00    0.98    0.00
0.005651    0.004112    0.00    0.98    0.00
0.004226    0.001613    0.00    0.98    0.00
0.006133    -0.006515   0.00    0.98    0.00
0.008732    -0.004849   0.00    0.98    0.00
0.001102    0.003632    0.00    0.98    0.00
-0.003365   0.002748    0.00    0.98    0.00
-0.008219   0.003349    0.00    0.98    0.00
-0.001635   -0.007068   0.00    0.98    0.00
0.002863    -0.006125   0.00    0.98    0.00
-0.009475   0.000017    0.00    0.98    0.00
0.006366    0.000694    0.00    0.98    0.00
0.002052    0.000598    0.00    0.98    0.00
0.007104    -0.004835   0.00    0.98    0.00
0.000897    -0.003178   0.00    0.98    0.00
0.002231    0.000911    0.00    0.98    0.00
0.005918    -0.004010   0.00    0.98    0.00
0.001694    -0.000007   0.00    0.98    0.00
0.007654    0.002192    0.00    0.98    0.00
-0.006965   0.002274    0.00    0.98    0.00
-0.001292   0.005262    0.00    0.98    0.00
0.002488    0.005852    0.00    0.98    0.00
-0.005910   -0.006411   0.00    0.98    0.00
0.007078    -0.006541   0.00    0.98    0.00
-0.001350   0.008311    0.00    0.98    0.00
-0.007214   0.004233    0.00    0.98    0.00
-0.001204   -0.005724   0.00    0.98    0.00
0.004776    0.006593    0.00    0.98    0.00
0.006010    0.001256    0.00    0.98    0.00
0.004739    0.004239    0.00    0.98    0.00
-0.009627   -0.000489   0.00    0.98    0.00
0.009047    0.001084    0.00    0.98    0.00
-0.002321   0.007338    0.00    0.98    0.00
-0.008334   -0.003565   0.00    0.98    0.00
0.005359    -0.006763   0.00    0.98    0.00
0.005593    0.004182    0.00    0.98    0.00
-0.007613   0.004419    0.00    0.98    0.00
0.004357    0.007051    0.00    0.98    0.00
0.004987    0.001439    0.00    0.98    0.00
-0.004750   -0.001136   0.00    0.98    0.00
0.000410    0.000016    0.00    0.98    0.00
0.001796    0.003298    0.00    0.98    0.00
-0.005037   0.003655    0.00    0.98    0.00
-0.003911   0.003433    0.00    0.98    0.00
-0.009325   0.001712    0.00    0.98    0.00
0.001085    0.004186    0.00    0.98    0.00
-0.003535   -0.003904   0.00    0.98    0.00
0.007744    -0.006270   0.00    0.98    0.00
0.007874    -0.005919   0.00    0.98    0.00
-0.001235   -0.001939   0.00    0.98    0.00
0.001544    0.006681    0.00    0.98    0.00
-0.002419   -0.009698   0.00    0.98    0.00
0.005566    -0.006503   0.00    0.98    0.00
0.001409    0.007897    0.00    0.98    0.00
-0.003313   0.004257    0.00    0.98    0.00
-0.005563   0.003924    0.00    0.98    0.00
0.005296    0.002836    0.00    0.98    0.00
-0.000458   0.006462    0.00    0.98    0.00
-0.006215   -0.001744   0.00    0.98    0.00
0.005837    0.003281    0.00    0.98    0.00
0.007446    0.005930    0.00    0.98    0.00
-0.006613   0.001732    0.00    0.98    0.00
-0.001219   0.006262    0.00    0.98    0.00
-0.001800   0.007518    0.00    0.98    0.00
-0.000883   -0.000147   0.00    0.98    0.00
0.002792    -0.004884   0.00    0.98    0.00
-0.007560   -0.000357   0.00    0.98    0.00
0.002527    0.009052    0.00    0.98    0.00
-0.002018   -0.006231   0.00    0.98    0.00
-0.000050   0.000666    0.00    0.98    0.00
-0.003758   0.003694    0.00    0.98    0.00
0.002896    -0.006658   0.00    0.98    0.00
-0.002915   -0.002972   0.00    0.98    0.00
0.001610    -0.007003   0.00    0.98    0.00
0.000083    -0.008772   0.00    0.98    0.00
0.005649    -0.001780   0.00    0.98    0.00
0.003410    -0.008993   0.00    0.98    0.00
-0.002815   0.000410    0.00    0.98    0.00
0.007951    0.002034    0.00    0.98    0.00
-0.006468   0.006444    0.00    0.98    0.00
0.006045    0.002083    0.00    0.98    0.00
-0.004693   -0.004968   0.00    0.98    0.00
0.003834    0.005229    0.00    0.98    0.00
-0.001966   0.007947    0.00    0.98    0.00
-0.003917   -0.004890   0.00    0.98    0.00
0.002910    -0.000642   0.00    0.98    0.00
0.005854    0.005800    0.00    0.98    0.00
0.001528    -0.000263   0.00    0.98    0.00
0.003166    -0.004440   0.00    0.98    0.00
0.006257    0.004145    0.00    0.98    0.00
0.009842    0.001484    0.00    0.98    0.00
0.000001    0.001239    0.00    0.98    0.00
0.007521    0.002229    0.00    0.98    0.00
0.007821    -0.005233   0.00    0.98    0.00
0.007948    0.000477    0.00    0.98    0.00
0.003340    0.001792    0.00    0.98    0.00
-0.004848   0.005836    0.00    0.98    0.00
0.001884    -0.008166   0.00    0.98    0.00
-0.002242   -0.004048   0.00    0.98    0.00
-0.003388   0.003419    0.00    0.98    0.00
-0.001095   -0.005160   0.00    0.98    0.00
0.006404    -0.000012   0.00    0.98    0.00
0.004714    -0.002609   0.00    0.98    0.00
0.002729    0.005255    0.00    0.98    0.00
0.003110    -0.001523   0.00    0.98    0.00
0.002869    0.006804    0.00    0.98    0.00
0.001199    -0.009423   0.00    0.98    0.00
-0.003283   -0.003464   0.00    0.98    0.00
0.002647    0.004189    0.00    0.98    0.00
-0.001832   0.006373    0.00    0.98    0.00
0.004938    0.004195    0.00    0.98    0.00
-0.001755   -0.008822   0.00    0.98    0.00
0.004450    -0.003829   0.00    0.98    0.00
-0.006510   0.005639    0.00    0.98    0.00
-0.005235   0.005381    0.00    0.98    0.00
-0.004163   0.004442    0.00    0.98    0.00
0.007047    0.007027    0.00    0.98    0.00
-0.004352   -0.007419   0.00    0.98    0.00
-0.007402   0.003867    0.00    0.98    0.00
-0.009030   0.003154    0.00    0.98    0.00
-0.000291   0.006933    0.00    0.98    0.00
0.006600    -0.007433   0.00    0.98    0.00
-0.006524   -0.004135   0.00    0.98    0.00
-0.000320   -0.002690   0.00    0.98    0.00
0.007517    0.006408    0.00    0.98    0.00
0.001796    0.001035    0.00    0.98    0.00
-0.005518   -0.002243   0.00    0.98    0.00
0.002131    0.004110    0.00    0.98    0.00
-0.003292   0.007363    0.00    0.98    0.00
0.006582    0.001656    0.00    0.98    0.00
-0.000516   -0.000147   0.00    0.98    0.00
-0.003823   0.004396    0.00    0.98    0.00
-0.008607   -0.003647   0.00    0.98    0.00
-0.001391   0.002786    0.00    0.98    0.00
0.008724    0.001957    0.00    0.98    0.00
-0.009319   -0.003324   0.00    0.98    0.00
-0.001604   0.000744    0.00    0.98    0.00
-0.001145   -0.007306   0.00    0.98    0.00
-0.002029   0.008726    0.00    0.98    0.00
0.003313    -0.006047   0.00    0.98    0.00
-0.000927   -0.008318   0.00    0.98    0.00
0.007813    0.002137    0.00    0.98    0.00
-0.004522   0.002475    0.00    0.98    0.00
0.002258    0.003127    0.00    0.98    0.00
0.002660    0.006375    0.00    0.98    0.00
-0.006801   0.002285    0.00    0.98    0.00
-0.008716   0.000458    0.00    0.98    0.00
0.004444    -0.000278   0.00    0.98    0.00
0.004679    -0.003645   0.00    0.98    0.00
0.008394    -0.000155   0.00    0.98    0.00
0.004935    -0.007807   0.00    0.98    0.00
0.002460    0.005029    0.00    0.98    0.00
-0.007794   -0.000604   0.00    0.98    0.00
-0.001913   0.003092    0.00    0.98    0.00
-0.002033   -0.009712   0.00    0.98    0.00
0.006571    -0.002623   0.00    0.98    0.00
0.000919    0.009024    0.00    0.98    0.00
0.001516    0.005270    0.00    0.98    0.00
-0.004277   -0.001875   0.00    0.98    0.00
-0.007443   0.000282    0.00    0.98    0.00
-0.000192   0.001455    0.00    0.98    0.00
-0.007316   0.005277    0.00    0.98    0.00
-0.008426   -0.002144   0.00    0.98    0.00
0.002467    0.001679    0.00    0.98    0.00
-0.005039   0.007667    0.00    0.98    0.00
0.006249    -0.005543   0.00    0.98    0.00
-0.002785   0.001177    0.00    0.98    0.00
0.002597    -0.002330   0.00    0.98    0.00
0.002446    -0.006608   0.00    0.98    0.00
0.001390    0.002675    0.00    0.98    0.00
-0.008647   -0.001339   0.00    0.98    0.00
0.006213    -0.004549   0.00    0.98    0.00
0.004245    0.004319    0.00    0.98    0.00
0.002367    -0.001420   0.00    0.98    0.00
0.007817    -0.005359   0.00    0.98    0.00
-0.002102   0.002234    0.00    0.98    0.00
0.009320    -0.000525   0.00    0.98    0.00
0.002401    0.003750    0.00    0.98    0.00
0.000653    0.006273    0.00    0.98    0.00
-0.003424   0.008360    0.00    0.98    0.00
-0.003220   0.008883    0.00    0.98    0.00
-0.005863   0.001538    0.00    0.98    0.00
0.004448    -0.008676   0.00    0.98    0.00
0.003513    0.005459    0.00    0.98    0.00
-0.000119   0.007976    0.00    0.98    0.00
-0.000263   -0.006959   0.00    0.98    0.00
0.002710    0.003639    0.00    0.98    0.00
0.000867    0.005284    0.00    0.98    0.00
0.000653    -0.007355   0.00    0.98    0.00
-0.000034   0.004660    0.00    0.98    0.00
-0.007301   0.002224    0.00    0.98    0.00
-0.003472   -0.007188   0.00    0.98    0.00
0.001657    -0.002273   0.00    0.98    0.00
0.023132    0.016897    0.00    0.00    0.98
0.017005    0.016091    0.00    0.00    0.98
0.021454    0.021050    0.00    0.00    0.98
0.023647    0.022652    0.00    0.00    0.98
0.021440    0.019988    0.00    0.00    0.98
0.020417    0.015892    0.00    0.00    0.98
0.016138    0.022977    0.00    0.00    0.98
0.015146    0.024685    0.00    0.00    0.98
0.022880    0.015365    0.00    0.00    0.98
0.024906    0.018537    0.00    0.00    0.98
0.023124    0.023498    0.00    0.00    0.98
0.019699    0.019181    0.00    0.00    0.98
0.024808    0.024395    0.00    0.00    0.98
0.024760    0.021029    0.00    0.00    0.98
0.016197    0.019970    0.00    0.00    0.98
0.024532    0.023948    0.00    0.00    0.98
0.016410    0.020039    0.00    0.00    0.98
0.020120    0.020511    0.00    0.00    0.98
0.017905    0.018269    0.00    0.00    0.98
0.021866    0.015615    0.00    0.00    0.98
0.023651    0.021550    0.00    0.00    0.98
0.015665    0.016957    0.00    0.00    0.98
0.015351    0.022016    0.00    0.00    0.98
0.016973    0.022721    0.00    0.00    0.98
0.015079    0.021913    0.00    0.00    0.98
0.021229    0.016994    0.00    0.00    0.98
0.015029    0.020838    0.00    0.00    0.98
0.020923    0.023261    0.00    0.00    0.98
0.015678    0.020478    0.00    0.00    0.98
0.024257    0.024819    0.00    0.00    0.98
0.024380    0.020207    0.00    0.00    0.98
0.019570    0.015554    0.00    0.00    0.98
0.018124    0.018797    0.00    0.00    0.98
0.016073    0.017250    0.00    0.00    0.98
0.015542    0.020300    0.00    0.00    0.98
0.024028    0.015051    0.00    0.00    0.98
0.015088    0.017450    0.00    0.00    0.98
0.016599    0.024088    0.00    0.00    0.98
0.016021    0.016583    0.00    0.00    0.98
0.017363    0.020633    0.00    0.00    0.98
0.016973    0.021739    0.00    0.00    0.98
0.018088    0.018746    0.00    0.00    0.98
0.024265    0.022691    0.00    0.00    0.98
0.020795    0.021147    0.00    0.00    0.98
0.023768    0.019642    0.00    0.00    0.98
0.015066    0.018424    0.00    0.00    0.98
0.016631    0.018589    0.00    0.00    0.98
0.024822    0.020680    0.00    0.00    0.98
0.019307    0.016610    0.00    0.00    0.98
0.016953    0.018179    0.00    0.00    0.98
0.021070    0.023545    0.00    0.00    0.98
0.015681    0.022911    0.00    0.00    0.98
0.021766    0.022317    0.00    0.00    0.98
0.018917    0.017862    0.00    0.00    0.98
0.017776    0.017966    0.00    0.00    0.98
0.022107    0.015691    0.00    0.00    0.98
0.020475    0.016271    0.00    0.00    0.98
0.022173    0.022704    0.00    0.00    0.98
0.017919    0.018167    0.00    0.00    0.98
0.020372    0.016047    0.00    0.00    0.98
0.017656    0.021423    0.00    0.00    0.98
0.016718    0.018819    0.00    0.00    0.98
0.016463    0.015129    0.00    0.00    0.98
0.022062    0.020560    0.00    0.00    0.98
0.015137    0.018950    0.00    0.00    0.98
0.016998    0.019001    0.00    0.00    0.98
0.021511    0.017675    0.00    0.00    0.98
0.024755    0.015365    0.00    0.00    0.98
0.018757    0.024493    0.00    0.00    0.98
0.018630    0.019009    0.00    0.00    0.98
0.023994    0.016089    0.00    0.00    0.98
0.024123    0.021951    0.00    0.00    0.98
0.024506    0.024210    0.00    0.00    0.98
0.017514    0.018668    0.00    0.00    0.98
0.022237    0.019484    0.00    0.00    0.98
0.017803    0.017230    0.00    0.00    0.98
0.023213    0.017840    0.00    0.00    0.98
0.016877    0.017416    0.00    0.00    0.98
0.021989    0.022710    0.00    0.00    0.98
0.020852    0.016511    0.00    0.00    0.98
0.024256    0.021232    0.00    0.00    0.98
0.019588    0.024772    0.00    0.00    0.98
0.018434    0.016473    0.00    0.00    0.98
0.020528    0.015221    0.00    0.00    0.98
0.024329    0.022144    0.00    0.00    0.98
0.021164    0.015483    0.00    0.00    0.98
0.018125    0.015425    0.00    0.00    0.98
0.024985    0.024357    0.00    0.00    0.98
0.019141    0.024713    0.00    0.00    0.98
0.017337    0.018273    0.00    0.00    0.98
0.015486    0.023452    0.00    0.00    0.98
0.015173    0.019819    0.00    0.00    0.98
0.016996    0.020641    0.00    0.00    0.98
0.019596    0.016228    0.00    0.00    0.98
0.023020    0.024161    0.00    0.00    0.98
0.017043    0.021066    0.00    0.00    0.98
0.016868    0.019813    0.00    0.00    0.98
0.019503    0.022025    0.00    0.00    0.98
0.021395    0.018305    0.00    0.00    0.98
0.023474    0.016972    0.00    0.00    0.98
0.018156    0.020728    0.00    0.00    0.98
0.022894    0.018145    0.00    0.00    0.98
0.018646    0.020196    0.00    0.00    0.98
0.024629    0.017533    0.00    0.00    0.98
0.019155    0.021030    0.00    0.00    0.98
0.019813    0.021077    0.00    0.00    0.98
0.024631    0.016301    0.00    0.00    0.98
0.018289    0.023402    0.00    0.00    0.98
0.020615    0.023041    0.00    0.00    0.98
0.024825    0.018016    0.00    0.00    0.98
0.019809    0.016045    0.00    0.00    0.98
0.024249    0.015733    0.00    0.00    0.98
0.018257    0.018678    0.00    0.00    0.98
0.020714    0.023224    0.00    0.00    0.98
0.015179    0.018109    0.00    0.00    0.98
0.020147    0.016307    0.00    0.00    0.98
0.022014    0.020670    0.00    0.00    0.98
0.020943    0.018367    0.00    0.00    0.98
0.023885    0.019756    0.00    0.00    0.98
0.021720    0.019352    0.00    0.00    0.98
0.018223    0.015970    0.00    0.00    0.98
0.019094    0.015715    0.00    0.00    0.98
0.019426    0.024516    0.00    0.00    0.98
0.016391    0.018765    0.00    0.00    0.98
0.024374    0.017558    0.00    0.00    0.98
0.021496    0.021581    0.00    0.00    0.98
0.023535    0.020839    0.00    0.00    0.98
0.020855    0.020124    0.00    0.00    0.98
0.023716    0.018416    0.00    0.00    0.98
0.019734    0.023292    0.00    0.00    0.98
0.016316    0.022961    0.00    0.00    0.98
0.022253    0.021942    0.00    0.00    0.98
0.017068    0.018393    0.00    0.00    0.98
0.017137    0.018234    0.00    0.00    0.98
0.019011    0.017256    0.00    0.00    0.98
0.018535    0.019041    0.00    0.00    0.98
0.018707    0.021809    0.00    0.00    0.98
0.021883    0.015469    0.00    0.00    0.98
0.021082    0.017689    0.00    0.00    0.98
0.022191    0.022489    0.00    0.00    0.98
0.019344    0.021408    0.00    0.00    0.98
0.015624    0.015612    0.00    0.00    0.98
0.017669    0.022331    0.00    0.00    0.98
0.018693    0.021675    0.00    0.00    0.98
0.017565    0.022528    0.00    0.00    0.98
0.020832    0.018642    0.00    0.00    0.98
0.018051    0.016677    0.00    0.00    0.98
0.022567    0.017762    0.00    0.00    0.98
0.020673    0.024807    0.00    0.00    0.98
0.023667    0.021946    0.00    0.00    0.98
0.017043    0.021630    0.00    0.00    0.98
0.015199    0.022026    0.00    0.00    0.98
0.024971    0.018064    0.00    0.00    0.98
0.016043    0.020659    0.00    0.00    0.98
0.019769    0.020945    0.00    0.00    0.98
0.019027    0.022490    0.00    0.00    0.98
0.021485    0.018817    0.00    0.00    0.98
0.019801    0.024332    0.00    0.00    0.98
0.016288    0.016579    0.00    0.00    0.98
0.022677    0.024689    0.00    0.00    0.98
0.023877    0.017272    0.00    0.00    0.98
0.022618    0.020274    0.00    0.00    0.98
0.022535    0.021272    0.00    0.00    0.98
0.019459    0.016186    0.00    0.00    0.98
0.021393    0.018869    0.00    0.00    0.98
0.018502    0.019070    0.00    0.00    0.98
0.020617    0.022576    0.00    0.00    0.98
0.017787    0.018606    0.00    0.00    0.98
0.023020    0.020078    0.00    0.00    0.98
0.020616    0.015239    0.00    0.00    0.98
0.020226    0.016581    0.00    0.00    0.98
0.024970    0.015363    0.00    0.00    0.98
0.024916    0.016501    0.00    0.00    0.98
0.019855    0.016952    0.00    0.00    0.98
0.017279    0.022052    0.00    0.00    0.98
0.020483    0.022235    0.00    0.00    0.98
0.018267    0.020722    0.00    0.00    0.98
0.021423    0.015466    0.00    0.00    0.98
0.024931    0.023583    0.00    0.00    0.98
0.023484    0.024862    0.00    0.00    0.98
0.017435    0.019505    0.00    0.00    0.98
0.023524    0.015824    0.00    0.00    0.98
0.018252    0.021118    0.00    0.00    0.98
0.019647    0.019680    0.00    0.00    0.98
0.018510    0.015939    0.00    0.00    0.98
0.016743    0.024841    0.00    0.00    0.98
0.019132    0.021489    0.00    0.00    0.98
0.022226    0.023888    0.00    0.00    0.98
0.022170    0.017431    0.00    0.00    0.98
0.016127    0.023068    0.00    0.00    0.98
0.019872    0.021411    0.00    0.00    0.98
0.023733    0.020655    0.00    0.00    0.98
0.017544    0.019730    0.00    0.00    0.98
0.024367    0.020404    0.00    0.00    0.98
0.024976    0.018901    0.00    0.00    0.98
0.017637    0.021533    0.00    0.00    0.98
0.019603    0.017207    0.00    0.00    0.98
0.017131    0.020058    0.00    0.00    0.98
0.017524    0.017232    0.00    0.00    0.98
0.019766    0.018098    0.00    0.00    0.98
0.024118    0.016005    0.00    0.00    0.98
0.024855    0.018265    0.00    0.00    0.98
0.024460    0.015181    0.00    0.00    0.98
0.018097    0.020852    0.00    0.00    0.98
0.022725    0.015397    0.00    0.00    0.98
0.018027    0.019423    0.00    0.00    0.98
0.018286    0.021951    0.00    0.00    0.98
0.024371    0.021403    0.00    0.00    0.98
0.018124    0.022271    0.00    0.00    0.98
0.017341    0.021350    0.00    0.00    0.98
0.020519    0.017949    0.00    0.00    0.98
0.018516    0.018044    0.00    0.00    0.98
0.018400    0.016788    0.00    0.00    0.98
0.024786    0.018722    0.00    0.00    0.98
0.021415    0.022421    0.00    0.00    0.98
0.020192    0.016063    0.00    0.00    0.98
0.022636    0.022080    0.00    0.00    0.98
0.015184    0.017796    0.00    0.00    0.98
0.016557    0.023508    0.00    0.00    0.98
0.020538    0.024598    0.00    0.00    0.98
0.023906    0.017041    0.00    0.00    0.98
0.021598    0.018811    0.00    0.00    0.98
0.015634    0.020495    0.00    0.00    0.98
0.024009    0.021912    0.00    0.00    0.98
0.021481    0.017708    0.00    0.00    0.98
0.017626    0.016820    0.00    0.00    0.98
0.020484    0.017585    0.00    0.00    0.98
0.022025    0.023317    0.00    0.00    0.98
0.018509    0.021370    0.00    0.00    0.98
0.019988    0.016807    0.00    0.00    0.98
0.023791    0.016896    0.00    0.00    0.98
0.016994    0.021400    0.00    0.00    0.98
0.021335    0.022550    0.00    0.00    0.98
0.015483    0.020404    0.00    0.00    0.98
0.023191    0.019451    0.00    0.00    0.98
0.023184    0.022036    0.00    0.00    0.98
0.020869    0.020311    0.00    0.00    0.98
0.023151    0.016155    0.00    0.00    0.98
0.023023    0.024180    0.00    0.00    0.98
0.015605    0.021119    0.00    0.00    0.98
0.021455    0.023785    0.00    0.00    0.98
0.024162    0.020500    0.00    0.00    0.98
0.023775    0.019385    0.00    0.00    0.98
0.024692    0.019926    0.00    0.00    0.98
0.023686    0.018054    0.00    0.00    0.98
0.017786    0.015829    0.00    0.00    0.98
0.016983    0.021931    0.00    0.00    0.98
0.024702    0.024054    0.00    0.00    0.98
0.017804    0.021658    0.00    0.00    0.98
0.019300    0.022953    0.00    0.00    0.98
0.018445    0.019661    0.00    0.00    0.98
0.016451    0.017457    0.00    0.00    0.98
0.016599    0.023090    0.00    0.00    0.98
0.022868    0.020920    0.00    0.00    0.98
0.020409    0.016727    0.00    0.00    0.98
0.019564    0.018424    0.00    0.00    0.98
0.017748    0.015677    0.00    0.00    0.98
0.024222    0.023793    0.00    0.00    0.98
0.017553    0.015664    0.00    0.00    0.98
0.015878    0.022422    0.00    0.00    0.98
0.022739    0.019961    0.00    0.00    0.98
0.021263    0.019227    0.00    0.00    0.98
0.020295    0.016755    0.00    0.00    0.98
0.015534    0.019831    0.00    0.00    0.98
0.021351    0.021770    0.00    0.00    0.98
0.017917    0.024369    0.00    0.00    0.98
0.019320    0.020398    0.00    0.00    0.98
0.024326    0.016187    0.00    0.00    0.98
0.015712    0.019208    0.00    0.00    0.98
0.017194    0.023973    0.00    0.00    0.98
0.024715    0.018389    0.00    0.00    0.98
0.024837    0.020091    0.00    0.00    0.98
0.015881    0.015906    0.00    0.00    0.98
0.021901    0.015393    0.00    0.00    0.98
0.023273    0.021287    0.00    0.00    0.98
0.021517    0.015240    0.00    0.00    0.98
0.015010    0.021141    0.00    0.00    0.98
0.024620    0.018872    0.00    0.00    0.98
0.023274    0.018699    0.00    0.00    0.98
0.023292    0.024382    0.00    0.00    0.98
0.021628    0.016568    0.00    0.00    0.98
0.015730    0.018132    0.00    0.00    0.98
0.019730    0.020600    0.00    0.00    0.98
0.018712    0.020612    0.00    0.00    0.98
0.020322    0.023215    0.00    0.00    0.98
0.023120    0.019788    0.00    0.00    0.98
0.015406    0.023782    0.00    0.00    0.98
0.023237    0.018589    0.00    0.00    0.98
0.019153    0.020640    0.00    0.00    0.98
0.018262    0.021360    0.00    0.00    0.98
0.024033    0.021414    0.00    0.00    0.98
0.020402    0.021626    0.00    0.00    0.98
0.019066    0.019879    0.00    0.00    0.98
0.020675    0.017939    0.00    0.00    0.98
0.020740    0.017748    0.00    0.00    0.98
0.023924    0.024747    0.00    0.00    0.98
0.018025    0.024290    0.00    0.00    0.98
0.015890    0.024537    0.00    0.00    0.98
0.016270    0.016565    0.00    0.00    0.98
0.018903    0.024726    0.00    0.00    0.98
0.021864    0.020746    0.00    0.00    0.98
0.018559    0.024180    0.00    0.00    0.98
0.019592    0.015066    0.00    0.00    0.98
0.018006    0.017261    0.00    0.00    0.98
0.018775    0.022266    0.00    0.00    0.98
0.022430    0.019872    0.00    0.00    0.98
0.023981    0.017225    0.00    0.00    0.98
0.024397    0.016713    0.00    0.00    0.98
0.020147    0.016924    0.00    0.00    0.98
0.021001    0.019930    0.00    0.00    0.98
0.021332    0.021866    0.00    0.00    0.98
0.019522    0.022089    0.00    0.00    0.98
0.019897    0.016083    0.00    0.00    0.98
0.015130    0.021736    0.00    0.00    0.98
0.020422    0.021807    0.00    0.00    0.98
0.016469    0.018321    0.00    0.00    0.98
0.015190    0.019917    0.00    0.00    0.98
0.021067    0.020531    0.00    0.00    0.98
0.024571    0.022800    0.00    0.00    0.98
0.018472    0.024079    0.00    0.00    0.98
0.024992    0.021127    0.00    0.00    0.98
0.016362    0.021816    0.00    0.00    0.98
0.015064    0.023548    0.00    0.00    0.98
0.024047    0.016329    0.00    0.00    0.98
0.019368    0.021030    0.00    0.00    0.98
0.015285    0.023860    0.00    0.00    0.98
0.018158    0.023206    0.00    0.00    0.98
0.017250    0.023424    0.00    0.00    0.98
0.021904    0.016013    0.00    0.00    0.98
0.023922    0.015270    0.00    0.00    0.98
0.019720    0.017385    0.00    0.00    0.98
0.015365    0.024703    0.00    0.00    0.98
0.019661    0.017284    0.00    0.00    0.98
0.016072    0.019193    0.00    0.00    0.98
0.020112    0.018338    0.00    0.00    0.98
0.020231    0.015712    0.00    0.00    0.98
0.019472    0.023728    0.00    0.00    0.98
0.019315    0.019990    0.00    0.00    0.98
0.022506    0.024663    0.00    0.00    0.98
0.015087    0.015421    0.00    0.00    0.98
0.018914    0.018359    0.00    0.00    0.98
0.024030    0.020016    0.00    0.00    0.98
0.019840    0.018405    0.00    0.00    0.98
0.021840    0.016758    0.00    0.00    0.98
0.021838    0.019746    0.00    0.00    0.98
0.018460    0.016926    0.00    0.00    0.98
0.019320    0.024656    0.00    0.00    0.98
0.017525    0.024767    0.00    0.00    0.98
0.018845    0.020776    0.00    0.00    0.98
0.019902    0.023072    0.00    0.00    0.98
0.023660    0.020741    0.00    0.00    0.98
0.020381    0.015826    0.00    0.00    0.98
0.020411    0.015901    0.00    0.00    0.98
0.017815    0.021702    0.00    0.00    0.98
0.022053    0.018237    0.00    0.00    0.98
0.021719    0.021753    0.00    0.00    0.98
0.024515    0.015065    0.00    0.00    0.98
0.020214    0.016392    0.00    0.00    0.98
0.020772    0.019482    0.00    0.00    0.98
0.015541    0.024895    0.00    0.00    0.98
0.019914    0.015799    0.00    0.00    0.98
0.019938    0.018700    0.00    0.00    0.98
0.020394    0.015777    0.00    0.00    0.98
0.018562    0.020238    0.00    0.00    0.98
0.018813    0.020134    0.00    0.00    0.98
0.024152    0.022029    0.00    0.00    0.98
0.021708    0.016842    0.00    0.00    0.98
0.023933    0.018751    0.00    0.00    0.98
0.023748    0.017747    0.00    0.00    0.98
0.021517    0.024634    0.00    0.00    0.98
0.020598    0.022271    0.00    0.00    0.98
0.023392    0.020624    0.00    0.00    0.98
0.015661    0.016962    0.00    0.00    0.98
0.019613    0.023621    0.00    0.00    0.98
0.024108    0.021787    0.00    0.00    0.98
0.019843    0.022419    0.00    0.00    0.98
0.016364    0.020056    0.00    0.00    0.98
0.022649    0.015559    0.00    0.00    0.98
0.017340    0.020051    0.00    0.00    0.98
0.022607    0.019046    0.00    0.00    0.98
0.015533    0.023380    0.00    0.00    0.98
0.019970    0.024575    0.00    0.00    0.98
0.021044    0.022108    0.00    0.00    0.98
0.017005    0.017471    0.00    0.00    0.98
0.022638    0.021874    0.00    0.00    0.98
0.015129    0.019451    0.00    0.00    0.98
0.017818    0.019993    0.00    0.00    0.98
0.017780    0.016860    0.00    0.00    0.98
0.023699    0.019404    0.00    0.00    0.98
0.022983    0.017652    0.00    0.00    0.98
0.015912    0.023590    0.00    0.00    0.98
0.020725    0.015935    0.00    0.00    0.98
0.021260    0.015714    0.00    0.00    0.98
0.021707    0.020767    0.00    0.00    0.98
0.021330    0.019326    0.00    0.00    0.98
0.024289    0.021877    0.00    0.00    0.98
0.017895    0.019397    0.00    0.00    0.98
0.016451    0.024348    0.00    0.00    0.98
0.020282    0.021332    0.00    0.00    0.98
0.023900    0.020509    0.00    0.00    0.98
0.023120    0.022953    0.00    0.00    0.98
0.015767    0.016901    0.00    0.00    0.98
0.019450    0.018618    0.00    0.00    0.98
0.017123    0.018146    0.00    0.00    0.98
0.017168    0.022260    0.00    0.00    0.98
0.020975    0.018286    0.00    0.00    0.98
0.016402    0.016586    0.00    0.00    0.98
0.019739    0.016793    0.00    0.00    0.98
0.019372    0.020607    0.00    0.00    0.98
0.020567    0.015258    0.00    0.00    0.98
0.015922    0.015097    0.00    0.00    0.98
0.018731    0.024326    0.00    0.00    0.98
0.021094    0.024095    0.00    0.00    0.98
0.017213    0.015212    0.00    0.00    0.98
0.024064    0.024078    0.00    0.00    0.98
0.021733    0.016142    0.00    0.00    0.98
0.017126    0.019740    0.00    0.00    0.98
0.022088    0.020344    0.00    0.00    0.98
0.022050    0.017870    0.00    0.00    0.98
0.018120    0.017468    0.00    0.00    0.98
0.015665    0.024889    0.00    0.00    0.98
0.022534    0.015042    0.00    0.00    0.98
0.019228    0.021451    0.00    0.00    0.98
0.017825    0.020350    0.00    0.00    0.98
0.018574    0.019670    0.00    0.00    0.98
0.020035    0.019526    0.00    0.00    0.98
0.022408    0.024440    0.00    0.00    0.98
0.017962    0.020499    0.00    0.00    0.98
0.018106    0.018785    0.00    0.00    0.98
0.019919    0.023867    0.00    0.00    0.98
0.022279    0.015079    0.00    0.00    0.98
0.024463    0.019885    0.00    0.00    0.98
0.018328    0.015497    0.00    0.00    0.98
0.019866    0.022091    0.00    0.00    0.98
0.017683    0.020193    0.00    0.00    0.98
0.020003    0.021169    0.00    0.00    0.98
0.022076    0.020083    0.00    0.00    0.98
0.020045    0.021067    0.00    0.00    0.98
0.021818    0.020892    0.00    0.00    0.98
0.023247    0.020858    0.00    0.00    0.98
0.019168    0.020049    0.00    0.00    0.98
0.019196    0.016619    0.00    0.00    0.98
0.024051    0.015151    0.00    0.00    0.98
0.015412    0.021882    0.00    0.00    0.98
0.023186    0.024539    0.00    0.00    0.98
0.016867    0.018826    0.00    0.00    0.98
0.015832    0.015650    0.00    0.00    0.98
0.016755    0.020650    0.00    0.00    0.98
0.022636    0.023389    0.00    0.00    0.98
0.023535    0.024113    0.00    0.00    0.98
0.021221    0.024670    0.00    0.00    0.98
0.019224    0.024682    0.00    0.00    0.98
0.024479    0.023457    0.00    0.00    0.98
0.023173    0.018233    0.00    0.00    0.98
0.018613    0.020702    0.00    0.00    0.98
0.017451    0.016937    0.00    0.00    0.98
0.018698    0.016412    0.00    0.00    0.98
0.018485    0.024631    0.00    0.00    0.98
0.022428    0.021634    0.00    0.00    0.98
0.024193    0.019436    0.00    0.00    0.98
0.023005    0.023726    0.00    0.00    0.98
0.016951    0.021347    0.00    0.00    0.98
0.018381    0.019363    0.00    0.00    0.98
0.024666    0.018647    0.00    0.00    0.98
0.022659    0.022307    0.00    0.00    0.98
0.023808    0.016854    0.00    0.00    0.98
0.021210    0.020057    0.00    0.00    0.98
0.015813    0.019814    0.00    0.00    0.98
0.020899    0.022574    0.00    0.00    0.98
0.020505    0.018395    0.00    0.00    0.98
0.019460    0.022855    0.00    0.00    0.98
0.023274    0.015276    0.00    0.00    0.98
0.017862    0.020538    0.00    0.00    0.98
0.015011    0.016088    0.00    0.00    0.98
0.019413    0.021331    0.00    0.00    0.98
0.018521    0.019072    0.00    0.00    0.98
0.023936    0.022506    0.00    0.00    0.98
0.020974    0.022771    0.00    0.00    0.98
0.018741    0.021606    0.00    0.00    0.98
0.016016    0.019274    0.00    0.00    0.98
0.020254    0.022615    0.00    0.00    0.98
0.016818    0.022552    0.00    0.00    0.98
0.022224    0.019699    0.00    0.00    0.98
0.018987    0.024903    0.00    0.00    0.98
0.017203    0.020955    0.00    0.00    0.98
0.020604    0.017374    0.00    0.00    0.98
0.024000    0.019405    0.00    0.00    0.98
0.024651    0.019876    0.00    0.00    0.98
0.022108    0.021624    0.00    0.00    0.98
0.022326    0.015149    0.00    0.00    0.98
0.016159    0.021964    0.00    0.00    0.98
0.018742    0.023421    0.00    0.00    0.98
0.023266    0.020670    0.00    0.00    0.98
0.022133    0.016871    0.00    0.00    0.98
0.024422    0.024785    0.00    0.00    0.98
0.023900    0.023891    0.00    0.00    0.98
0.016146    0.020948    0.00    0.00    0.98
0.020762    0.023296    0.00    0.00    0.98
0.022640    0.022267    0.00    0.00    0.98
0.022790    0.019115    0.00    0.00    0.98
0.020331    0.019346    0.00    0.00    0.98
0.023723    0.019363    0.00    0.00    0.98
0.024947    0.021868    0.00    0.00    0.98
0.015870    0.017409    0.00    0.00    0.98
0.024056    0.015922    0.00    0.00    0.98
0.017988    0.023768    0.00    0.00    0.98
0.022390    0.017384    0.00    0.00    0.98
0.016052    0.015018    0.00    0.00    0.98
0.015450    0.021084    0.00    0.00    0.98
0.018347    0.023608    0.00    0.00    0.98
0.023041    0.019972    0.00    0.00    0.98
0.017618    0.022310    0.00    0.00    0.98
0.021041    0.018465    0.00    0.00    0.98
0.015037    0.020935    0.00    0.00    0.98
0.016655    0.023585    0.00    0.00    0.98
0.015943    0.017478    0.00    0.00    0.98
0.023260    0.018391    0.00    0.00    0.98
0.017763    0.021422    0.00    0.00    0.98
0.015636    0.019295    0.00    0.00    0.98
0.023938    0.017844    0.00    0.00    0.98
0.024267    0.015349    0.00    0.00    0.98
0.020750    0.023662    0.00    0.00    0.98
0.020808    0.016183    0.00    0.00    0.98
0.022905    0.018243    0.00    0.00    0.98
0.021571    0.023717    0.00    0.00    0.98
0.020935    0.022341    0.00    0.00    0.98
0.019230    0.016197    0.00    0.00    0.98
0.017746    0.017869    0.00    0.00    0.98
0.019272    0.024160    0.00    0.00    0.98
0.016877    0.020112    0.00    0.00    0.98
0.022783    0.015584    0.00    0.00    0.98
0.022829    0.017240    0.00    0.00    0.98
0.019870    0.024782    0.00    0.00    0.98
0.024903    0.018383    0.00    0.00    0.98
0.016411    0.022633    0.00    0.00    0.98
0.024880    0.019604    0.00    0.00    0.98
0.018119    0.022705    0.00    0.00    0.98
0.016134    0.015064    0.00    0.00    0.98
0.015388    0.022032    0.00    0.00    0.98
0.020915    0.017883    0.00    0.00    0.98
0.017727    0.015007    0.00    0.00    0.98
0.024522    0.016341    0.00    0.00    0.98
0.018906    0.015477    0.00    0.00    0.98
0.022820    0.019485    0.00    0.00    0.98
0.020835    0.024084    0.00    0.00    0.98
0.016946    0.020690    0.00    0.00    0.98
0.018991    0.023112    0.00    0.00    0.98
0.020103    0.021811    0.00    0.00    0.98
0.018697    0.017769    0.00    0.00    0.98
0.024502    0.021434    0.00    0.00    0.98
0.016658    0.019631    0.00    0.00    0.98
0.017152    0.021391    0.00    0.00    0.98
0.021900    0.019894    0.00    0.00    0.98
0.019916    0.024068    0.00    0.00    0.98
0.023819    0.019316    0.00    0.00    0.98
0.015820    0.023096    0.00    0.00    0.98
0.020661    0.023842    0.00    0.00    0.98
0.016965    0.023817    0.00    0.00    0.98
0.024181    0.023195    0.00    0.00    0.98
0.019899    0.024520    0.00    0.00    0.98
0.023883    0.015933    0.00    0.00    0.98
0.021456    0.016558    0.00    0.00    0.98
0.017357    0.018632    0.00    0.00    0.98
0.024490    0.015576    0.00    0.00    0.98
0.021167    0.019913    0.00    0.00    0.98
0.022262    0.015024    0.00    0.00    0.98
0.018790    0.015649    0.00    0.00    0.98
0.018936    0.018615    0.00    0.00    0.98
0.015517    0.016240    0.00    0.00    0.98
0.019425    0.020871    0.00    0.00    0.98
0.015642    0.020922    0.00    0.00    0.98
0.020948    0.016100    0.00    0.00    0.98
0.020318    0.018916    0.00    0.00    0.98
0.017645    0.023147    0.00    0.00    0.98
0.016242    0.021854    0.00    0.00    0.98
0.024588    0.020182    0.00    0.00    0.98
0.022110    0.022960    0.00    0.00    0.98
0.020836    0.020258    0.00    0.00    0.98
0.015897    0.019995    0.00    0.00    0.98
0.017359    0.020972    0.00    0.00    0.98
0.020032    0.017741    0.00    0.00    0.98
0.017365    0.018206    0.00    0.00    0.98
0.018993    0.024148    0.00    0.00    0.98
0.017638    0.023822    0.00    0.00    0.98
0.015407    0.021420    0.00    0.00    0.98
0.020943    0.015105    0.00    0.00    0.98
0.015336    0.022425    0.00    0.00    0.98
0.023064    0.015077    0.00    0.00    0.98
0.023597    0.018392    0.00    0.00    0.98
0.024086    0.021948    0.00    0.00    0.98
0.024903    0.016824    0.00    0.00    0.98
0.020500    0.017569    0.00    0.00    0.98
0.022215    0.022814    0.00    0.00    0.98
0.018154    0.015776    0.00    0.00    0.98
0.022389    0.024558    0.00    0.00    0.98
0.018410    0.024550    0.00    0.00    0.98
0.021911    0.024092    0.00    0.00    0.98
0.017520    0.023332    0.00    0.00    0.98
0.024161    0.017129    0.00    0.00    0.98
0.017440    0.018793    0.00    0.00    0.98
0.022895    0.020903    0.00    0.00    0.98
0.023143    0.022443    0.00    0.00    0.98
0.023752    0.015248    0.00    0.00    0.98
0.016118    0.018295    0.00    0.00    0.98
0.021556    0.016178    0.00    0.00    0.98
0.016661    0.024368    0.00    0.00    0.98
0.023224    0.019015    0.00    0.00    0.98
0.017911    0.024191    0.00    0.00    0.98
0.023561    0.024087    0.00    0.00    0.98
0.017814    0.020883    0.00    0.00    0.98
0.023979    0.022403    0.00    0.00    0.98
0.020791    0.019305    0.00    0.00    0.98
0.023361    0.020021    0.00    0.00    0.98
0.023138    0.016701    0.00    0.00    0.98
0.019357    0.017087    0.00    0.00    0.98
0.023612    0.018522    0.00    0.00    0.98
0.017802    0.024334    0.00    0.00    0.98
0.022693    0.016423    0.00    0.00    0.98
0.021212    0.023857    0.00    0.00    0.98
0.017977    0.023118    0.00    0.00    0.98
0.016873    0.020637    0.00    0.00    0.98
0.024081    0.022314    0.00    0.00    0.98
0.019652    0.023914    0.00    0.00    0.98
0.016580    0.021273    0.00    0.00    0.98
0.018539    0.024191    0.00    0.00    0.98
0.017394    0.024576    0.00    0.00    0.98
0.020244    0.022032    0.00    0.00    0.98
0.023883    0.024560    0.00    0.00    0.98
0.022165    0.023320    0.00    0.00    0.98
0.021309    0.022933    0.00    0.00    0.98
0.024627    0.019686    0.00    0.00    0.98
0.016188    0.019125    0.00    0.00    0.98
0.021636    0.015966    0.00    0.00    0.98
0.023983    0.024354    0.00    0.00    0.98
0.018100    0.020926    0.00    0.00    0.98
0.017972    0.018183    0.00    0.00    0.98
0.023888    0.019291    0.00    0.00    0.98
0.020641    0.019801    0.00    0.00    0.98
0.017808    0.019366    0.00    0.00    0.98
0.019570    0.015544    0.00    0.00    0.98
0.024391    0.024558    0.00    0.00    0.98
0.022683    0.017313    0.00    0.00    0.98
0.019121    0.017251    0.00    0.00    0.98
0.015493    0.015845    0.00    0.00    0.98
0.018693    0.024279    0.00    0.00    0.98
0.020617    0.020268    0.00    0.00    0.98
0.016543    0.018275    0.00    0.00    0.98
0.015913    0.018011    0.00    0.00    0.98
0.022412    0.021995    0.00    0.00    0.98
0.022311    0.022006    0.00    0.00    0.98
0.019385    0.024087    0.00    0.00    0.98
0.024837    0.019702    0.00    0.00    0.98
0.021567    0.023161    0.00    0.00    0.98
0.022471    0.022441    0.00    0.00    0.98
0.018882    0.019967    0.00    0.00    0.98
0.017509    0.023243    0.00    0.00    0.98
0.019858    0.020355    0.00    0.00    0.98
0.015132    0.016316    0.00    0.00    0.98
0.019640    0.015534    0.00    0.00    0.98
0.023449    0.018541    0.00    0.00    0.98
0.024324    0.015078    0.00    0.00    0.98
0.018273    0.023209    0.00    0.00    0.98
0.017311    0.022090    0.00    0.00    0.98
0.022376    0.021346    0.00    0.00    0.98
0.023164    0.022301    0.00    0.00    0.98
0.016815    0.022242    0.00    0.00    0.98
0.020463    0.016244    0.00    0.00    0.98
0.016122    0.023588    0.00    0.00    0.98
0.017010    0.017110    0.00    0.00    0.98
0.017153    0.017425    0.00    0.00    0.98
0.023260    0.020775    0.00    0.00    0.98
0.018498    0.020176    0.00    0.00    0.98
0.017174    0.022590    0.00    0.00    0.98
0.021526    0.021671    0.00    0.00    0.98
0.015506    0.021459    0.00    0.00    0.98
0.016577    0.021789    0.00    0.00    0.98
0.022978    0.017510    0.00    0.00    0.98
0.020356    0.016759    0.00    0.00    0.98
0.020167    0.018924    0.00    0.00    0.98
0.023782    0.019210    0.00    0.00    0.98
0.018108    0.016408    0.00    0.00    0.98
0.022159    0.017112    0.00    0.00    0.98
0.023452    0.019686    0.00    0.00    0.98
0.020731    0.024336    0.00    0.00    0.98
0.020760    0.017092    0.00    0.00    0.98
0.022339    0.015325    0.00    0.00    0.98
0.021658    0.015197    0.00    0.00    0.98
0.023055    0.021252    0.00    0.00    0.98
0.015601    0.017240    0.00    0.00    0.98
0.016159    0.020415    0.00    0.00    0.98
0.020334    0.015066    0.00    0.00    0.98
0.019124    0.017963    0.00    0.00    0.98
0.024465    0.018482    0.00    0.00    0.98
0.018223    0.016606    0.00    0.00    0.98
0.023642    0.022750    0.00    0.00    0.98
0.022467    0.024254    0.00    0.00    0.98
0.017468    0.019618    0.00    0.00    0.98
0.021279    0.017802    0.00    0.00    0.98
0.020355    0.015415    0.00    0.00    0.98
0.018320    0.017344    0.00    0.00    0.98
0.017822    0.016342    0.00    0.00    0.98
0.022591    0.023318    0.00    0.00    0.98
0.020278    0.024599    0.00    0.00    0.98
0.015502    0.021193    0.00    0.00    0.98
0.018238    0.015763    0.00    0.00    0.98
0.024262    0.019554    0.00    0.00    0.98
0.023320    0.020942    0.00    0.00    0.98
0.016933    0.020051    0.00    0.00    0.98
0.020929    0.017024    0.00    0.00    0.98
0.017191    0.023862    0.00    0.00    0.98
0.023012    0.017624    0.00    0.00    0.98
0.017243    0.018602    0.00    0.00    0.98
0.017882    0.015719    0.00    0.00    0.98
0.019705    0.015663    0.00    0.00    0.98
0.021352    0.015907    0.00    0.00    0.98
0.016421    0.024448    0.00    0.00    0.98
0.019816    0.015268    0.00    0.00    0.98
0.018350    0.022537    0.00    0.00    0.98
0.022581    0.016169    0.00    0.00    0.98
0.021678    0.022755    0.00    0.00    0.98
0.022823    0.018559    0.00    0.00    0.98
0.017329    0.016724    0.00    0.00    0.98
0.024298    0.018249    0.00    0.00    0.98
0.023419    0.023306    0.00    0.00    0.98
0.020611    0.020352    0.00    0.00    0.98
0.016966    0.021445    0.00    0.00    0.98
0.024194    0.024176    0.00    0.00    0.98
0.019726    0.018074    0.00    0.00    0.98
0.017119    0.020600    0.00    0.00    0.98
0.021027    0.022520    0.00    0.00    0.98
0.016331    0.017400    0.00    0.00    0.98
0.024072    0.020241    0.00    0.00    0.98
0.017997    0.020255    0.00    0.00    0.98
0.019066    0.019358    0.00    0.00    0.98
0.017162    0.024004    0.00    0.00    0.98
0.018827    0.023849    0.00    0.00    0.98
0.018960    0.020990    0.00    0.00    0.98
0.015067    0.023718    0.00    0.00    0.98
0.020277    0.015829    0.00    0.00    0.98
0.017850    0.016856    0.00    0.00    0.98
0.018185    0.022721    0.00    0.00    0.98
0.015773    0.017554    0.00    0.00    0.98
0.020277    0.018501    0.00    0.00    0.98
0.024566    0.023557    0.00    0.00    0.98
0.020844    0.023277    0.00    0.00    0.98
0.020543    0.022044    0.00    0.00    0.98
0.016383    0.021282    0.00    0.00    0.98
0.018638    0.023565    0.00    0.00    0.98
0.024119    0.018679    0.00    0.00    0.98
0.017233    0.018498    0.00    0.00    0.98
0.024792    0.021815    0.00    0.00    0.98
0.017319    0.019611    0.00    0.00    0.98
0.016596    0.018599    0.00    0.00    0.98
0.023755    0.019772    0.00    0.00    0.98
0.022292    0.022203    0.00    0.00    0.98
0.020813    0.019374    0.00    0.00    0.98
0.020102    0.015209    0.00    0.00    0.98
0.023617    0.019921    0.00    0.00    0.98
0.016456    0.023461    0.00    0.00    0.98
0.018826    0.017640    0.00    0.00    0.98
0.024262    0.017013    0.00    0.00    0.98
0.020312    0.019400    0.00    0.00    0.98
0.019548    0.024756    0.00    0.00    0.98
0.023117    0.023359    0.00    0.00    0.98
0.023016    0.024445    0.00    0.00    0.98
0.021157    0.023086    0.00    0.00    0.98
0.019284    0.020710    0.00    0.00    0.98
0.019190    0.018460    0.00    0.00    0.98
0.016123    0.017793    0.00    0.00    0.98
0.022132    0.018669    0.00    0.00    0.98
0.015087    0.023666    0.00    0.00    0.98
0.021730    0.024457    0.00    0.00    0.98
0.021169    0.022339    0.00    0.00    0.98
0.024007    0.020257    0.00    0.00    0.98
0.015282    0.022657    0.00    0.00    0.98
0.021370    0.020897    0.00    0.00    0.98
0.019578    0.022911    0.00    0.00    0.98
0.018131    0.020638    0.00    0.00    0.98
0.020474    0.023609    0.00    0.00    0.98
0.019612    0.021252    0.00    0.00    0.98
0.018254    0.022812    0.00    0.00    0.98
0.016430    0.024231    0.00    0.00    0.98
0.021016    0.022031    0.00    0.00    0.98
0.017653    0.021458    0.00    0.00    0.98
0.022875    0.024813    0.00    0.00    0.98
0.023196    0.017746    0.00    0.00    0.98
0.017279    0.023068    0.00    0.00    0.98
0.020941    0.023834    0.00    0.00    0.98
0.018322    0.015746    0.00    0.00    0.98
0.016864    0.018635    0.00    0.00    0.98
0.024326    0.017692    0.00    0.00    0.98
0.020941    0.024418    0.00    0.00    0.98
0.024963    0.020259    0.00    0.00    0.98
0.024208    0.022081    0.00    0.00    0.98
0.015743    0.019700    0.00    0.00    0.98
0.021048    0.023076    0.00    0.00    0.98
0.024257    0.016389    0.00    0.00    0.98
0.020659    0.015431    0.00    0.00    0.98
0.022583    0.024926    0.00    0.00    0.98
0.020824    0.023849    0.00    0.00    0.98
0.020803    0.021356    0.00    0.00    0.98
0.019564    0.024244    0.00    0.00    0.98
0.023828    0.024733    0.00    0.00    0.98
0.018042    0.018971    0.00    0.00    0.98
0.016091    0.017482    0.00    0.00    0.98
0.017174    0.024301    0.00    0.00    0.98
0.024596    0.023540    0.00    0.00    0.98
0.018633    0.024411    0.00    0.00    0.98
0.020044    0.019934    0.00    0.00    0.98
0.022242    0.018501    0.00    0.00    0.98
0.024770    0.015838    0.00    0.00    0.98
0.019228    0.021895    0.00    0.00    0.98
0.015236    0.021761    0.00    0.00    0.98
0.022044    0.018355    0.00    0.00    0.98
0.017832    0.020797    0.00    0.00    0.98
0.015925    0.021312    0.00    0.00    0.98
0.018547    0.022644    0.00    0.00    0.98
0.019674    0.024125    0.00    0.00    0.98
0.017416    0.023456    0.00    0.00    0.98
0.019047    0.024816    0.00    0.00    0.98
0.016974    0.024842    0.00    0.00    0.98
0.017567    0.021396    0.00    0.00    0.98
0.015122    0.015140    0.00    0.00    0.98
0.020568    0.018038    0.00    0.00    0.98
0.024607    0.015269    0.00    0.00    0.98
0.019694    0.019962    0.00    0.00    0.98
0.017578    0.017899    0.00    0.00    0.98
0.016306    0.021974    0.00    0.00    0.98
0.018578    0.021313    0.00    0.00    0.98
0.021439    0.016008    0.00    0.00    0.98
0.018769    0.019134    0.00    0.00    0.98
0.015972    0.015051    0.00    0.00    0.98
0.019371    0.024673    0.00    0.00    0.98
0.020277    0.022283    0.00    0.00    0.98
0.016480    0.021046    0.00    0.00    0.98
0.017555    0.022531    0.00    0.00    0.98
0.022628    0.016071    0.00    0.00    0.98
0.022629    0.024316    0.00    0.00    0.98
0.020593    0.020883    0.00    0.00    0.98
0.023857    0.015517    0.00    0.00    0.98
0.024793    0.018619    0.00    0.00    0.98
0.015399    0.019038    0.00    0.00    0.98
0.024565    0.020316    0.00    0.00    0.98
0.017804    0.018067    0.00    0.00    0.98
0.023106    0.017201    0.00    0.00    0.98
0.023039    0.022927    0.00    0.00    0.98
0.020427    0.017384    0.00    0.00    0.98
0.015826    0.022401    0.00    0.00    0.98
0.018510    0.023821    0.00    0.00    0.98
0.019830    0.021063    0.00    0.00    0.98
0.023514    0.015453    0.00    0.00    0.98
0.018102    0.017722    0.00    0.00    0.98
0.018038    0.016472    0.00    0.00    0.98
0.018604    0.021560    0.00    0.00    0.98
0.020869    0.024802    0.00    0.00    0.98
0.019855    0.020756    0.00    0.00    0.98
0.023375    0.019002    0.00    0.00    0.98
0.016185    0.017731    0.00    0.00    0.98
0.018398    0.022838    0.00    0.00    0.98
0.022423    0.021945    0.00    0.00    0.98
0.019794    0.016372    0.00    0.00    0.98
0.017188    0.022759    0.00    0.00    0.98
0.019113    0.019516    0.00    0.00    0.98
0.016316    0.022263    0.00    0.00    0.98
0.017494    0.015762    0.00    0.00    0.98
0.020153    0.021463    0.00    0.00    0.98
0.024488    0.019698    0.00    0.00    0.98
0.019163    0.023262    0.00    0.00    0.98
0.016677    0.022599    0.00    0.00    0.98
0.020145    0.022229    0.00    0.00    0.98
0.019912    0.020627    0.00    0.00    0.98
0.023832    0.017938    0.00    0.00    0.98
0.022208    0.022192    0.00    0.00    0.98
0.015973    0.022258    0.00    0.00    0.98
0.023081    0.016454    0.00    0.00    0.98
0.020942    0.019808    0.00    0.00    0.98
0.018070    0.020323    0.00    0.00    0.98
0.018160    0.024582    0.00    0.00    0.98
0.016792    0.024896    0.00    0.00    0.98
0.019853    0.016843    0.00    0.00    0.98
0.017797    0.016395    0.00    0.00    0.98
0.018901    0.017496    0.00    0.00    0.98
0.016476    0.019968    0.00    0.00    0.98
0.020912    0.020031    0.00    0.00    0.98
0.024397    0.018002    0.00    0.00    0.98
0.015487    0.022241    0.00    0.00    0.98
0.016922    0.015049    0.00    0.00    0.98
0.022728    0.020611    0.00    0.00    0.98
0.016116    0.020450    0.00    0.00    0.98
0.022055    0.023921    0.00    0.00    0.98
0.024197    0.016945    0.00    0.00    0.98
0.024991    0.020397    0.00    0.00    0.98
0.017891    0.019873    0.00    0.00    0.98
0.019188    0.016659    0.00    0.00    0.98
0.023925    0.020527    0.00    0.00    0.98
0.023560    0.015660    0.00    0.00    0.98
0.019064    0.018798    0.00    0.00    0.98
0.018354    0.023346    0.00    0.00    0.98
0.018968    0.019708    0.00    0.00    0.98
0.015135    0.017548    0.00    0.00    0.98
0.019985    0.016038    0.00    0.00    0.98
0.016160    0.016558    0.00    0.00    0.98
0.018459    0.015776    0.00    0.00    0.98
0.016246    0.021013    0.00    0.00    0.98
0.023066    0.021354    0.00    0.00    0.98
0.015396    0.019708    0.00    0.00    0.98
0.016291    0.015770    0.00    0.00    0.98
0.020256    0.020569    0.00    0.00    0.98
0.021097    0.023434    0.00    0.00    0.98
0.015738    0.023648    0.00    0.00    0.98
0.023484    0.021381    0.00    0.00    0.98
0.016195    0.018511    0.00    0.00    0.98
0.021250    0.019740    0.00    0.00    0.98
0.021571    0.018942    0.00    0.00    0.98
0.021291    0.024054    0.00    0.00    0.98
0.023803    0.017410    0.00    0.00    0.98
0.020012    0.015154    0.00    0.00    0.98
0.021177    0.020505    0.00    0.00    0.98
0.018837    0.024686    0.00    0.00    0.98
0.018139    0.021306    0.00    0.00    0.98
0.017007    0.017618    0.00    0.00    0.98
0.018794    0.015344    0.00    0.00    0.98
0.018016    0.019230    0.00    0.00    0.98
0.022660    0.020946    0.00    0.00    0.98
0.017732    0.019379    0.00    0.00    0.98
0.021982    0.017280    0.00    0.00    0.98
0.023127    0.024310    0.00    0.00    0.98
0.015144    0.020328    0.00    0.00    0.98
0.017662    0.022285    0.00    0.00    0.98
0.022740    0.023794    0.00    0.00    0.98
0.019749    0.019616    0.00    0.00    0.98
0.020410    0.015496    0.00    0.00    0.98
0.017462    0.018745    0.00    0.00    0.98
0.018240    0.021875    0.00    0.00    0.98
0.023352    0.021610    0.00    0.00    0.98
0.016749    0.021202    0.00    0.00    0.98
0.022022    0.017907    0.00    0.00    0.98
0.015243    0.015605    0.00    0.00    0.98
0.020719    0.017620    0.00    0.00    0.98
0.021961    0.024318    0.00    0.00    0.98
0.016766    0.021820    0.00    0.00    0.98
0.024918    0.018601    0.00    0.00    0.98
0.015835    0.023044    0.00    0.00    0.98
0.016218    0.016189    0.00    0.00    0.98
0.019100    0.022076    0.00    0.00    0.98
0.018884    0.018138    0.00    0.00    0.98
0.015640    0.019271    0.00    0.00    0.98
0.016531    0.016569    0.00    0.00    0.98
0.020380    0.017221    0.00    0.00    0.98
0.022526    0.017987    0.00    0.00    0.98
0.021054    0.019705    0.00    0.00    0.98
0.018379    0.015388    0.00    0.00    0.98
0.015409    0.016778    0.00    0.00    0.98
0.019775    0.016176    0.00    0.00    0.98
0.016573    0.015681    0.00    0.00    0.98
0.019949    0.015767    0.00    0.00    0.98
0.020722    0.018951    0.00    0.00    0.98
0.022243    0.020694    0.00    0.00    0.98
0.016997    0.018285    0.00    0.00    0.98
0.022245    0.018328    0.00    0.00    0.98
0.016962    0.016093    0.00    0.00    0.98
0.022280    0.015178    0.00    0.00    0.98
0.021037    0.019996    0.00    0.00    0.98
0.019790    0.019867    0.00    0.00    0.98
0.023414    0.019176    0.00    0.00    0.98
0.021654    0.015444    0.00    0.00    0.98
0.019257    0.024005    0.00    0.00    0.98
0.024237    0.019164    0.00    0.00    0.98
0.015630    0.016802    0.00    0.00    0.98
0.019999    0.022262    0.00    0.00    0.98
0.016682    0.017533    0.00    0.00    0.98
0.021291    0.022059    0.00    0.00    0.98
0.016703    0.018038    0.00    0.00    0.98
0.021410    0.024889    0.00    0.00    0.98
0.016306    0.017466    0.00    0.00    0.98
0.018030    0.020725    0.00    0.00    0.98
0.020487    0.022548    0.00    0.00    0.98
0.023961    0.019744    0.00    0.00    0.98
0.017808    0.018863    0.00    0.00    0.98
0.015573    0.020126    0.00    0.00    0.98
0.022085    0.024139    0.00    0.00    0.98
0.024389    0.017561    0.00    0.00    0.98
0.017610    0.020501    0.00    0.00    0.98
0.016006    0.016128    0.00    0.00    0.98
0.023539    0.017273    0.00    0.00    0.98
0.017865    0.018244    0.00    0.00    0.98
0.015910    0.016524    0.00    0.00    0.98
0.024654    0.019390    0.00    0.00    0.98
0.023245    0.016185    0.00    0.00    0.98
0.015825    0.016192    0.00    0.00    0.98
0.022617    0.020804    0.00    0.00    0.98
0.020860    0.015099    0.00    0.00    0.98
0.021864    0.016265    0.00    0.00    0.98
0.022687    0.017325    0.00    0.00    0.98
0.017039    0.016887    0.00    0.00    0.98
0.023696    0.017290    0.00    0.00    0.98
0.020669    0.021999    0.00    0.00    0.98
0.023013    0.017855    0.00    0.00    0.98
0.023268    0.023077    0.00    0.00    0.98
0.015379    0.023074    0.00    0.00    0.98
